time,seconds_elapsed,z,y,x
1780625910957413400,0.066413330078125,0.7307569915264844,0.24730010561048982,-0.21488222934752702
1780625910967408400,0.076408447265625,0.8949217178106308,0.03114244949966669,0.35144488215260206
1780625910977403400,0.0864033203125,1.0799264030277729,0.06605448066592216,0.8754778894111513
1780625910987398400,0.0963984375,1.0018412928283214,0.5573688020840287,1.3611404686778783
1780625910997393400,0.106393310546875,0.3377572061270475,1.7695368529126048,1.810960896321386
1780625911007388700,0.116388671875,-0.5161930343478918,3.2925735184207556,2.4498186256989833
1780625911017383700,0.1263837890625,-0.6220978793650865,2.2530007530912757,2.26866798556149
1780625911027378400,0.13637841796875,0.6214525671988725,1.0142270194098353,1.482377615122497
1780625911037373400,0.14637353515625,1.9030431138217447,1.4458175244882703,0.8959118978917598
1780625911047369500,0.156369384765625,1.4155530268669128,0.41758126894831654,0.6502127246718853
1780625911057364500,0.166364501953125,1.227496552863717,-0.06782032129466534,0.4882855481814593
1780625911067359500,0.176359375,0.8382517360836267,-0.1455672855809331,0.28704699132097883
1780625911077354500,0.1863544921875,0.7887988461285829,-0.3161298962086439,0.16253391021192073
1780625911087349500,0.196349609375,0.5361334140926599,-0.15667700087726116,0.10697433741223067
1780625911097344500,0.206344482421875,-0.6181827517479658,0.5626990571960806,-0.09136290851617232
1780625911107339300,0.21633935546875,-1.796463146021962,1.5081906862929462,-0.15667736620344222
1780625911117334300,0.226334228515625,-2.1982558942079544,2.026120627436042,-0.03253876269627362
1780625911127329500,0.23632958984375,-1.92806181974411,1.9580308415502308,0.11905172869693487
1780625911137324500,0.246324462890625,-0.6966746891826391,1.5455112399056552,-0.06951667688377201
1780625911147319600,0.256319580078125,0.08452361881434917,1.006728188087046,-0.3432703435253352
1780625911157314600,0.266314453125,0.23580197551846502,0.08307605035454034,-0.5931947332248091
1780625911167309600,0.2763095703125,0.24473756164610386,-1.566131418608129,-0.47117301227375863
1780625911177304600,0.2863046875,0.4030377798110246,-3.00167129471004,-0.2056234026148915
1780625911187299600,0.296299560546875,0.8160475030601024,-3.517147412960231,0.02903312919549644
1780625911197294600,0.306294677734375,2.100731339523196,-1.4427157590806483,0.6749630619816481
1780625911207289300,0.316289306640625,2.0984189709275958,0.11015665724277496,0.75662354644984
1780625911217285400,0.326285400390625,1.3040268348366022,0.8778133466213941,0.8231644954584538
1780625911227280400,0.3362802734375,0.15241232917010783,0.9634688920751213,0.8616779121175407
1780625911237275400,0.346275390625,-0.5249006569385528,0.6251382699742913,0.7945316906921565
1780625911247270700,0.356270751953125,-1.1443699413657187,0.3466965916469693,0.2785505455292761
1780625911257265700,0.366265625,-1.2834452345788478,0.12541092499792575,-0.4940072868291288
1780625911267260700,0.3762607421875,-0.7111024429857731,0.04354980339109897,-1.1030935627993195
1780625911277255400,0.38625537109375,0.034949732828140255,-0.22493396002352237,-1.1724401438131928
1780625911287250400,0.39625048828125,0.5381359860867262,-0.5260127098336815,-0.8041766671981662
1780625911297245400,0.406245361328125,0.48184769715368747,-0.622634178198874,-0.2957856118381023
1780625911307240400,0.416240478515625,-0.45757367211878297,-0.7372875623390078,-0.11709288624674082
1780625911317235500,0.4262353515625,-1.1227601671040057,0.3988330215975642,1.0569084424685686
1780625911327230500,0.43623046875,-1.3350263687342405,1.6445821472495794,2.0634844356685877
1780625911337225500,0.4462255859375,-0.6415799939483404,1.0942740773320196,0.22159758214242756
1780625911347220500,0.456220458984375,0.4391033649265766,1.1725082406133414,0.28504173417948186
1780625911357215500,0.466215576171875,0.6430418831944466,1.0639455745637416,-1.1706256417371332
1780625911367210500,0.47621044921875,-0.5849176110059022,0.392591204598546,-0.9582461889907717
1780625911377205200,0.486205322265625,-0.6075847853660583,1.3982576086729763,0.598037679743953
1780625911387201500,0.496201416015625,0.5930021332621574,0.7483636676266789,-0.351159635470435
1780625911397196500,0.506196533203125,1.1242121194779873,0.3314417393699288,0.07168156330008059
1780625911407191600,0.516191650390625,1.1502408792257308,-0.6327095820114016,-0.5837417356269434
1780625911417186600,0.5261865234375,0.855282365861535,-2.4647739105075597,-0.9613282267846166
1780625911427181600,0.536181640625,0.029660394248366355,-2.781213895578682,-1.0663788661252707
1780625911437176600,0.546176513671875,-1.4144810137212276,-1.175418282841146,-1.7134983009569347
1780625911447171300,0.55617138671875,-3.273611336058378,-0.9428902144268154,-1.685803215432167
1780625911457166300,0.566166259765625,-3.3087522075444458,-0.11274842730164528,-0.7845396543141454
1780625911467161300,0.576161376953125,-1.8857389277994632,0.3981175668045878,-0.9397139955434948
1780625911477156400,0.58615625,-1.0116524927467108,0.6266933904618024,-0.4799598010478541
1780625911487151400,0.5961513671875,-0.2724854002714157,0.6606444676414132,0.2667591315791011
1780625911497146400,0.606146484375,1.0589759694576262,0.7683560698196291,0.1520522636860609
1780625911507141600,0.6161416015625,1.9332599729090927,0.45900896561890836,-0.43796508161164815
1780625911517136600,0.62613671875,2.216313528946042,0.4464996126577258,-0.30687888745628294
1780625911527131600,0.636131591796875,1.7315186724245548,0.6521741609379649,-0.5902363948758691
1780625911537126700,0.646126708984375,0.8600029646426439,0.9508943649232386,-0.4414628605995327
1780625911547121400,0.656121337890625,0.4079845885634422,0.7141396187245845,-0.23964425709508358
1780625911557117400,0.666117431640625,0.5673410377830267,0.5809846554711461,-0.08122187385521829
1780625911567112400,0.676112548828125,1.4692787718355655,0.19130641570985316,0.3206630461262539
1780625911577107500,0.686107421875,2.7115461928516624,-0.4694672312691808,0.5655879105053842
1780625911587102500,0.6961025390625,3.829502759066224,-0.3507642794772982,0.1804983502412215
1780625911597097500,0.706097412109375,3.566559094122052,0.36755233267098664,0.02250732588963583
1780625911607092500,0.716092529296875,2.892332968112826,0.9891966230496764,0.23209807949922978
1780625911617087500,0.72608740234375,2.841478979188204,1.4518889533564447,-0.25069141028290615
1780625911627082500,0.73608251953125,3.0942221526354547,3.8255508065700528,-6.341655675864219
1780625911637077500,0.746077392578125,3.339014659339189,3.2764132417365905,-4.20181193087548
1780625911647072500,0.756072509765625,1.208399053683877,2.3439590811282396,0.8174018402785063
1780625911657067500,0.766067626953125,0.7211229017406702,3.35543475600332,-1.954771401362866
1780625911667062500,0.7760625,-0.34956688638627526,2.6897052401825783,-2.9251646858736873
1780625911677057500,0.7860576171875,0.06496434734165668,1.2425550057858228,-2.8162361091211436
1780625911687052500,0.796052490234375,1.7473089467525482,0.32771395101845263,-2.3550514068983492
1780625911697047600,0.806047607421875,3.544010577705502,0.4014911348909139,-1.9543552217774092
1780625911707042600,0.81604248046875,3.9682559807181357,1.893816435793042,-1.5132194742403924
1780625911717037300,0.826037353515625,2.945976880016923,3.259960119585693,-0.55878392957896
1780625911727032300,0.8360322265625,2.1616209847718477,3.908541224467754,-0.16258388683348893
1780625911737028400,0.8460283203125,2.0610265211224554,3.701557931676507,-0.7001563938185572
1780625911747022600,0.856022705078125,1.467985224893689,3.7282840260386463,-0.7762102904513478
1780625911757017600,0.866017578125,0.8685551044106483,3.887318988218903,0.044915538786351676
1780625911767012600,0.8760126953125,0.8565700675845146,3.485090186703205,0.9810817056551575
1780625911777007600,0.886007568359375,0.3819032218456268,3.227612385949492,1.2652876465976237
1780625911787002600,0.896002685546875,0.6247673908352851,4.01267204554975,0.5447989511072635
1780625911796997600,0.90599755859375,1.304071843022108,4.557583224859833,-0.1776233427941799
1780625911806992600,0.91599267578125,1.9409891058564186,4.7460494487077,-0.24894144307672977
1780625911816987400,0.9259873046875,2.050426216652989,4.956750300717354,-0.16942074711620805
1780625911826982400,0.935982421875,1.8017524846017359,4.666578437107801,0.25516426311433316
1780625911836977400,0.945977294921875,1.520317469677329,4.334968063172698,1.1289707121819257
1780625911846972700,0.95597265625,1.4772446361482143,4.881713179911673,2.2822505207121373
1780625911856967700,0.9659677734375,1.5591694706410169,5.478348408979177,2.4425977345347403
1780625911866962700,0.975962646484375,0.8829869498670101,5.3854667116642,0.7218342648804187
1780625911876957700,0.985957763671875,-0.788231859895587,4.780124736788869,-1.811196604773402
1780625911886952700,0.99595263671875,-1.8952298097223041,3.839614987757802,-2.8809745387524366
1780625911896947700,1.00594775390625,-1.8291981254100798,2.601056650392711,-2.05760531450212
1780625911906942700,1.015942626953125,-1.4242225094042718,1.7480092039763926,-1.0176783289074898
1780625911916938500,1.0259384765625,-0.6471931576550006,2.015003021094203,-0.5339116463899612
1780625911926933500,1.03593359375,-0.16855375502333045,2.8208973789304492,-0.4814443770498037
1780625911936928500,1.045928466796875,-0.822111333143711,3.185801535180211,-0.8951888443142175
1780625911946923500,1.055923583984375,-2.5713351736068724,2.545000124388933,-2.0630729322582484
1780625911956918800,1.065918701171875,-4.4875557489097115,0.8064690889842808,-4.245225248405337
1780625911966913800,1.075913818359375,-5.833417399913072,-0.21248978125303983,-6.078789752331375
1780625911976908800,1.08590869140625,-5.64826307709217,-0.2851515512295067,-6.3260875198543065
1780625911986903600,1.095903564453125,-4.173894288641214,-0.356361661092937,-5.373174216324091
1780625911996898600,1.105898681640625,-2.5171312897324563,-0.974446797685325,-5.602582691413164
1780625912006893600,1.1158935546875,-1.6918752288222312,-2.5124513152226804,-7.5444719609797
1780625912016888600,1.125888671875,-1.9675100330352782,-3.7313890063166615,-9.803024795240162
1780625912026883600,1.135883544921875,-6.176504861152171,-4.049965711155534,-12.018286769306659
1780625912036878600,1.145878662109375,-8.714219504708051,-2.891975240716338,-11.606086608874797
1780625912046873600,1.15587353515625,-6.044038172423839,-1.092675409963727,-8.831771532899142
1780625912056868600,1.16586865234375,-2.439510289913416,-0.4592845676898956,-5.450784110227227
1780625912066863600,1.175863525390625,0.005087678527832031,-1.00520112465024,-4.934053315740823
1780625912076858600,1.185858642578125,0.16716390810012816,-2.6563892460361123,-7.0077797439605
1780625912086853600,1.195853515625,-1.038844962511584,-4.2209120604038235,-9.188789319813251
1780625912096848400,1.205848388671875,-1.300481709575653,-4.440536223581433,-9.511488073018192
1780625912106844700,1.2158447265625,-0.4253086117973551,-3.7637469690859318,-7.9278984468698495
1780625912116839700,1.225839599609375,0.7396621825158596,-3.408132619228959,-6.809246299606562
1780625912126834700,1.235834716796875,1.5510615675091743,-3.6495512655854223,-6.386434144267439
1780625912136829700,1.24582958984375,2.023690185418725,-3.529334986621141,-5.616289729726314
1780625912146824700,1.25582470703125,2.897833319094777,-2.9230981087327,-4.291579003301263
1780625912156819500,1.2658193359375,3.670781685140729,-2.2690058392137287,-2.7495827857792374
1780625912166814500,1.275814453125,4.049137443637847,-1.970231566953659,-1.7103525502771137
1780625912176809500,1.2858095703125,3.306435747295618,-2.173084628072381,-1.848810003852844
1780625912186804500,1.295804443359375,2.162253875847906,-2.391896305823326,-2.717819866293669
1780625912196799500,1.305799560546875,1.0278386345244943,-2.7377193295061586,-3.646051733031869
1780625912206794500,1.31579443359375,-0.3779255503863096,-2.8611183301597833,-4.581279157745838
1780625912216789500,1.32578955078125,-0.8793740200668573,-2.2424299669772387,-3.842670868197083
1780625912226784800,1.33578466796875,-0.9659043025285005,-1.5414391681611537,-2.511512280806899
1780625912236779800,1.34577978515625,-0.6669488284826278,-1.1242495288789272,-1.7144108857572078
1780625912246774800,1.35577490234375,-0.4745274372681975,-1.0954238318890333,-1.56503807041347
1780625912256769500,1.36576953125,-0.906119842042774,-1.5351766006350516,-1.7458295218497513
1780625912266764500,1.3757646484375,-1.2797469645828008,-1.4715341495469212,-1.6679185991734264
1780625912276759600,1.385759521484375,-1.5798644681453704,-1.047363273075223,-1.341950030517578
1780625912286754600,1.395754638671875,-1.5690560738831758,-0.8062433174043894,-1.2175345462977885
1780625912296750600,1.40575048828125,-0.8502168991655111,-0.77015435141325,-0.6499363188832998
1780625912306745600,1.41574560546875,-0.1897127167776227,-0.34250673874169585,0.2540513334363699
1780625912316740600,1.42574072265625,0.7633274280026554,0.11825783837288617,1.0636059673458338
1780625912326735600,1.435735595703125,1.9822274174347518,0.4308291653171181,1.9796903001725672
1780625912336730600,1.445730712890625,2.4920836499765513,0.33328970532417296,2.223658046489954
1780625912346725600,1.4557255859375,2.106490925963223,0.41530221810042856,2.5103619417279956
1780625912356720600,1.465720703125,1.0702739008024333,0.9885513108834624,2.4189590847939253
1780625912366715600,1.475715576171875,1.0069327707484363,1.5758865044251082,2.669189398637414
1780625912376710700,1.485710693359375,4.000303270103037,1.7496332980468867,3.980105408465862
1780625912386705700,1.49570556640625,6.820106131795049,1.0409183347195385,3.995020069003105
1780625912396700700,1.50570068359375,6.14055150423944,0.1213283318594098,2.544939918634295
1780625912406695700,1.51569580078125,3.991157256095111,0.30959260339438915,2.082420606806874
1780625912416690700,1.525690673828125,2.4347610495597123,0.6983128117784857,2.2534651557326315
1780625912426685700,1.535685791015625,2.138168212991953,0.7794111323192715,3.2867455429196357
1780625912436680400,1.545680419921875,2.4811677036866544,0.5465060472860932,4.381436968880892
1780625912446675500,1.555675537109375,2.3498580760389567,-0.1549525151722133,4.744886250147223
1780625912456670500,1.56567041015625,0.9918100204184651,-0.9851051159523427,3.603744038656354
1780625912466665500,1.57566552734375,-0.16200784051120282,-1.7598915110804139,1.820404578101635
1780625912476661800,1.585661865234375,-0.7775915156766772,-1.8174080266341566,0.5182324312210083
1780625912486656800,1.59565673828125,-0.4201370909109711,-1.0118804562836885,-0.3848445359945297
1780625912496651800,1.60565185546875,-0.16271949591189622,-0.3214497760571539,-0.7994114255577325
1780625912506646500,1.615646484375,-0.11625380507409572,0.1471058933250606,-0.958721113026142
1780625912516641500,1.6256416015625,0.07285305476486682,0.5446411301970482,-0.7530044791698456
1780625912526636500,1.635636474609375,0.18983897350579498,0.5933342878259719,-0.638479105323553
1780625912536631600,1.645631591796875,0.22058014872819184,0.2933564849950373,-0.9712631992131471
1780625912546626600,1.65562646484375,0.05094575886130333,0.1514614581860602,-1.180727787426114
1780625912556621600,1.66562158203125,0.6940291431099176,-0.124784755923599,-1.0234148267328738
1780625912566616600,1.675616455078125,1.0832423957079649,-0.11794424237906932,-0.47184302048981186
1780625912576611600,1.685611572265625,1.2360945776000618,-1.0490094328470527,-0.5047206232190132
1780625912586606600,1.695606689453125,1.9447575184792278,-3.051386342732608,-1.9126561608195303
1780625912596601600,1.7056015625,-1.8022908292621374,-0.4848175067447126,-1.7908955750226974
1780625912606596600,1.7155966796875,0.5397051350995898,0.7658245055153966,-0.41446635179817676
1780625912616591600,1.725591552734375,0.06078063191622495,-0.626213936381787,0.17706746247708796
1780625912626586600,1.735586669921875,-0.5114776962637901,1.0328042941078543,0.5418395167797804
1780625912636581600,1.74558154296875,0.16333996589779853,0.7471991538919508,0.5940519345760346
1780625912646576600,1.75557666015625,0.5937161267504095,0.22672172022312878,1.5779951671421526
1780625912656571600,1.765571533203125,0.6594920827358961,-0.16088818883150816,1.6730729131966828
1780625912666567700,1.775567626953125,0.05038841723948717,0.14874737692177295,2.500864045542478
1780625912676562400,1.7855625,-0.260125392653048,0.997245635601133,3.172922179862857
1780625912686557400,1.795557373046875,0.15226649095863104,1.9833942692570388,3.4452830769717693
1780625912696552400,1.805552490234375,0.10099281531721353,2.497222474169731,3.111420540195703
1780625912706547500,1.81554736328125,-0.9076303927361965,1.8638468294650314,1.5123077662229536
1780625912716542500,1.82554248046875,-0.9340200947508215,1.5355148926787077,-0.38562195010781286
1780625912726537700,1.835537841796875,0.2953770310372114,1.3422361539825796,-0.9211386936068534
1780625912736532700,1.84553271484375,1.151031445081532,0.7839313862226903,-0.15493921729922294
1780625912746528000,1.855528076171875,1.244738779565692,0.9673238139376044,0.3892325418204069
1780625912756523000,1.86552294921875,0.8757881244041025,1.160173659697175,0.989514310696721
1780625912766517800,1.875517822265625,0.2521329325944185,1.0499221637777985,0.9638327569514512
1780625912776512800,1.8855126953125,-0.35161885048002,1.0153403874792157,0.6766682584643363
1780625912786507800,1.8955078125,-1.0918979958504438,0.9725057466201483,-0.06884732625484466
1780625912796502800,1.905502685546875,-0.9212655348569154,0.9103791069224476,-0.5285135867387056
1780625912806497800,1.915497802734375,0.5936382392086088,0.7727347232952714,0.5769897406160831
1780625912816492800,1.925492919921875,1.3158242401361464,0.4886293201178312,1.081138116905093
1780625912826487800,1.93548779296875,0.5215934320867062,0.09814327110499144,-0.07919979344308375
1780625912836482800,1.94548291015625,-0.3572648935429752,-0.39529578738212584,-0.4731523495227098
1780625912846478800,1.955478759765625,-1.1698001506984232,-0.6929520153976977,-1.17450613643229
1780625912856473900,1.965473876953125,-0.738794167509675,-0.7680240613862872,-0.8227882094919681
1780625912866468900,1.97546875,0.353081031987071,-0.49114305650442835,0.12232172681093215
1780625912876463900,1.9854638671875,1.2099918758332728,0.05467033234238624,0.8107108182072639
1780625912886459000,1.995458984375,1.2440475824311374,0.035333763709664345,0.5192857396662235
1780625912896454000,2.005453857421875,-1.1991367198199032,-0.3392430607706308,0.10066402175426482
1780625912906449000,2.015448974609375,-2.5394413212180136,-0.9391767468616365,-1.7251029601633547
1780625912916444000,2.02544384765625,-2.2985510826498268,-1.1389192747443915,-3.443308562028408
1780625912926439000,2.03543896484375,-1.1620258634351193,-1.406855925670266,-3.5815111640602346
1780625912936434000,2.045433837890625,-0.30982626601979135,-0.9553656651183963,-2.396707505497336
1780625912946428700,2.0554287109375,0.4234156741902232,-0.06319850671291351,-0.9677946463197469
1780625912956423700,2.065423583984375,0.7972218065589666,-0.12849427796602247,-0.05633095903098583
1780625912966418700,2.075418701171875,0.7107385781094432,-0.47869040216654535,-0.3881611131966114
1780625912976414000,2.0854140625,0.20299232345893978,-0.7905047732636332,-1.022138815447688
1780625912986409000,2.095408935546875,-0.26124767468124627,-1.1731015303313732,-1.0424082810163497
1780625912996404000,2.105404052734375,0.12077288993373513,-1.0941437289506197,-1.1737854209423064
1780625913006399000,2.11539892578125,0.9668652565151452,-0.8501587392374873,-0.8266524837046861
1780625913016394000,2.12539404296875,0.9803228501118719,-0.6828966314598918,-0.3210305277317762
1780625913026389000,2.135388916015625,-0.07876607820093631,-0.510101439474523,-0.45819268079996106
1780625913036384800,2.145384765625,-0.557454872932285,-0.28994360781162976,-0.2537678403198719
1780625913046379800,2.1553798828125,-0.9666934070795774,-0.2991331687003374,-1.0533248118281364
1780625913056374800,2.165374755859375,-1.3641170002706349,-0.5309010663971304,-1.8674673580497503
1780625913066369800,2.175369873046875,-1.7981014147482812,-1.0271785631805659,-2.6645962256282565
1780625913076364800,2.18536474609375,-2.0274198734663424,-1.770601267273724,-3.448796638050675
1780625913086359800,2.19535986328125,-1.049019223588705,-1.4967594839572906,-2.851243417355418
1780625913096355000,2.20535498046875,-0.21517989711984992,-0.6232295137435198,-1.7160913861900566
1780625913106349800,2.215349853515625,-0.0402373178422451,0.08795037839263677,-0.9732295308500528
1780625913116344800,2.2253447265625,-0.07653130488619207,0.5709358474045991,-0.6476748036921024
1780625913126339800,2.23533984375,-0.3898227627985179,0.7776765636116266,-0.7383698046177625
1780625913136334800,2.2453349609375,-0.7124561226170509,0.7368029936924576,-0.9462819026917219
1780625913146329900,2.255329833984375,-1.1057108326256275,0.2710454305961728,-0.43988896234631536
1780625913156324900,2.265324951171875,0.13429394068811087,-1.0704010343134402,-0.8231430142790078
1780625913166319900,2.27531982421875,1.1516256115823984,-0.847249866053462,-1.8348545437365769
1780625913176315000,2.28531494140625,-0.7694272061824798,-0.9432309906885027,-1.020954574099183
1780625913186310000,2.295309814453125,-1.8761749806404113,-1.4776687067791818,0.2131020679324865
1780625913196305000,2.305304931640625,-1.1531132197916507,-0.09700842185616493,0.8563421040475367
1780625913206300000,2.3152998046875,-0.9325824631631374,-0.14775895040631293,0.6739969934284686
1780625913216296000,2.3252958984375,-0.1971685857415199,-0.711559539103508,0.6913029330164193
1780625913226291000,2.335291015625,0.5415570465765893,-0.6847159558415412,1.1171475879192352
1780625913236286000,2.345285888671875,2.630279530006647,-0.29443770436048505,1.6670283723354338
1780625913246281000,2.355281005859375,-0.6886930427789688,-0.2757715823352337,1.7355735007733106
1780625913256276000,2.36527587890625,0.20566285784244537,-2.1462422138541934,2.7183751620888708
1780625913266271000,2.37527099609375,2.4966172017529606,-4.359885062286257,2.6243378649979827
1780625913276266000,2.385265869140625,0.8190433238752186,-3.845226982420683,0.8501046709626913
1780625913286260700,2.3952607421875,0.39937575017213817,-3.1590655039459463,-0.7845429422497748
1780625913296255700,2.405255859375,1.0669786586493253,-2.898300936606526,-0.8969137684106826
1780625913306250800,2.415250732421875,0.4914798872433602,-2.625999076208472,-0.6685930885583162
1780625913316245800,2.425245849609375,0.3324912484228611,-2.079527807974815,-0.0275321500480175
1780625913326240800,2.43524072265625,0.34373949540704485,-1.2127408822804688,0.6640051762461662
1780625913336235800,2.44523583984375,0.1582414737150073,-0.3830664204061031,0.7979021900385618
1780625913346230800,2.455230712890625,0.11283815141171216,0.35229952622056004,0.6536801815867423
1780625913356226000,2.46522607421875,-0.047962651397287843,1.2294739904165268,1.2268395502597094
1780625913366221000,2.475220947265625,0.34275662184953687,1.4699275911331176,0.9319973567515611
1780625913376215800,2.4852158203125,0.2928533577784896,1.0018722724884748,0.34170272888243197
1780625913386210800,2.4952109375,-0.2575605106011033,-0.42284313499927517,-0.013141221123933792
1780625913396206800,2.505206787109375,-0.30341508380323645,-1.68472506480664,-0.5196282694935799
1780625913406201900,2.515201904296875,0.1336181968510151,-2.3804554588764906,-1.1279618274003267
1780625913416196900,2.52519677734375,0.8721244873300195,-2.0729382004514334,-0.7591168245702982
1780625913426192000,2.53519189453125,1.1889087557941675,-1.074138759537041,0.5363847585052252
1780625913436187000,2.545186767578125,-0.8395838614702225,-0.3854775732010603,0.5517991852581501
1780625913446182000,2.555181884765625,-2.9269524460732934,0.40671500701904295,0.33065935682058334
1780625913456176600,2.5651767578125,-2.482410689485073,1.1195341907948255,0.21755495568811892
1780625913466171600,2.575171630859375,-3.0129362005680798,1.0723322946369647,-0.17564006002247332
1780625913476167000,2.5851669921875,-2.7584342007547615,0.5495739104241132,-0.4890408235281706
1780625913486162000,2.595161865234375,-1.6188658144518733,-0.045831776848435396,-0.4249591042399406
1780625913496157000,2.605156982421875,-0.7697802574038505,-0.5094119959056377,0.025928221982717513
1780625913506152000,2.61515185546875,-0.2544444244071841,-0.0988783073812723,1.0777286007225513
1780625913516147000,2.62514697265625,0.08446078271120787,0.6384691684514284,1.8779022428244352
1780625913526142000,2.635141845703125,2.03821876924783,2.216604620847106,2.4602245766401287
1780625913536137000,2.645136962890625,2.6879931755676862,2.4446277790576216,2.3455869745910167
1780625913546132000,2.655132080078125,2.0411247198224065,1.756954726976156,1.7139298242419958
1780625913556126700,2.665126708984375,1.441614227579534,0.9328840764582157,0.9322872796088456
1780625913566121700,2.675121826171875,0.7451900060266256,0.014893033227324486,0.29596389101445675
1780625913576117800,2.68511767578125,0.5027937468096614,-0.6626210284113884,-0.19394728560745714
1780625913586112800,2.69511279296875,0.8761138492271303,-0.982548563337326,-0.33211247823834417
1780625913596108000,2.70510791015625,1.2678484369963408,-1.1763497184723615,-0.2392027238726616
1780625913606103000,2.71510302734375,1.2527335777118802,-1.355682203271985,0.06521043105721473
1780625913616098000,2.72509814453125,0.4947381583869457,-1.76722360753417,0.27869769891500473
1780625913626092800,2.7350927734375,-0.03165916685014963,-1.832073388585448,0.4460837253332138
1780625913636087800,2.745087890625,-0.26786387795060873,-1.6438023950487375,0.5168266560763121
1780625913646082800,2.755082763671875,-0.3158171769976616,-1.207940204000473,0.656185442405939
1780625913656077800,2.765077880859375,-0.5282803625047207,-0.7964566674053668,0.9265835150092839
1780625913666072800,2.77507275390625,-0.3238309721052646,-1.0217466012597083,0.8048755361825227
1780625913676067800,2.78506787109375,0.14863339515328405,-1.1475117465227842,0.5609335088282823
1780625913686062800,2.795062744140625,0.614377806507051,-1.3029764490008353,-0.1051437975168228
1780625913696057900,2.805057861328125,1.1566083684310315,-1.732764288571477,-1.003343514084816
1780625913706052900,2.815052978515625,1.196511632013321,-1.337418232306838,-2.1317396412491796
1780625913716048000,2.8250478515625,0.7770017330899834,-0.059523033070564266,-3.514586330300569
1780625913726042600,2.835042724609375,1.157717206455767,0.9169026634722948,-3.1196424250960346
1780625913736038000,2.845037841796875,1.1809914067983627,1.0177262597024441,-2.9169933621168136
1780625913746033200,2.855033203125,1.6736536356940865,1.6748995441019534,-2.2748510581105945
1780625913756028200,2.865028076171875,2.445723465339839,1.5106968238949774,-1.4244868594288824
1780625913766023200,2.875023193359375,2.9472619513913987,0.7212719548225403,-0.3080079645514488
1780625913776018400,2.885018310546875,3.383477193661034,0.14706570744514463,1.129999470707774
1780625913786013400,2.895013427734375,3.909794731660187,-0.12922317676246164,2.1224866597354413
1780625913796008400,2.905008544921875,3.893563435566425,-0.018575521132349965,1.9386229612469672
1780625913806003500,2.91500341796875,3.483031208346784,-0.03602525310516357,0.5501590168356895
1780625913815998200,2.924998291015625,2.544936703763902,-0.20442542500197886,-0.3803869720637798
1780625913825993200,2.9349931640625,1.1961267243489622,-0.061245034557580944,-0.6775444567769765
1780625913835988200,2.94498828125,-0.16117051290422676,0.24306349095404148,-0.564682632228732
1780625913845983200,2.954983154296875,-1.4643676189184187,0.7316226684451103,-0.021797990310192108
1780625913855978200,2.964978271484375,-2.281200427137315,1.0668845506250857,0.4700678275108337
1780625913865973200,2.97497314453125,-2.6578172330126164,1.3943161775708197,0.9605921675950289
1780625913875968300,2.98496826171875,-2.4576903819873928,1.6305939539074896,1.6467624138981103
1780625913885963300,2.99496337890625,-1.7806801782175898,1.7197960859268904,2.180613270011544
1780625913895958300,3.004958251953125,-0.40285511672049756,1.8104934249401092,2.315141567444801
1780625913905953300,3.014953369140625,0.10059709399789571,0.9567869300931692,1.6396096195340155
1780625913915948000,3.024947998046875,-3.2674890537858006,0.5064408711403608,0.9036889616340398
1780625913925944300,3.0349443359375,-6.681386812412739,0.6678957539439201,1.0378460876673459
1780625913935939300,3.044939208984375,-1.9818799191713332,0.5897884319126606,1.4438386256307363
1780625913945934300,3.054934326171875,-0.4580731460735202,0.5342565143048763,1.2704168261796236
1780625913955929300,3.064929443359375,-1.1332488278925419,-0.48833121395409107,0.7754869446128606
1780625913965924400,3.07492431640625,-0.9673319972440599,-0.31416590265929695,0.5030278478264808
1780625913975919400,3.08491943359375,-0.25463527080416676,0.20484803432822227,0.18054478319883346
1780625913985914000,3.0949140625,0.3416927920103073,0.22353519914150236,-0.4379004188776016
1780625913995909000,3.1049091796875,0.45527474752664565,0.7009422834992408,-0.6791723502397536
1780625914005904100,3.114904052734375,0.24802666631937026,1.3101222291022538,-0.8328191896408795
1780625914015899100,3.124899169921875,-0.3239648276180029,1.5444517939805984,-0.8326812424749136
1780625914025894100,3.13489404296875,-0.9770438284412026,1.7969073826581239,-0.745230338037014
1780625914035889200,3.14488916015625,-1.3705159075275062,1.629451798135042,-0.7566583255022764
1780625914045884400,3.154884521484375,-1.48871324788481,1.2498264580935239,-0.8208353218585253
1780625914055879400,3.16487939453125,-1.419156458186358,0.8554127142429351,-0.7877817780405283
1780625914065874400,3.17487451171875,-1.279909169407189,0.37521395334005353,-0.5700549729168415
1780625914075869400,3.184869384765625,-1.3485326237782835,-0.05127659825086593,-0.2862216646790504
1780625914085864200,3.1948642578125,-1.5287570889815687,-0.19689269140958784,-0.1042816277295351
1780625914095860200,3.204860107421875,-1.6539669384494422,0.041723172485828394,0.3316027751505375
1780625914105855200,3.214855224609375,-1.5503297461032866,0.07656769137382508,0.8250701829493046
1780625914115850200,3.224850341796875,-1.31962246337533,0.06358955185711383,1.3039853337824343
1780625914125845200,3.23484521484375,-1.2928247650817035,0.41585985198318953,1.8211118495881555
1780625914135840300,3.24484033203125,-1.2013866907037793,0.7767723082482815,1.9702508561760186
1780625914145835300,3.254835205078125,-0.8452151453554629,0.8663800984591246,1.9883955846756696
1780625914155830300,3.264830322265625,-0.625390491169691,1.257674248984456,2.459785016179085
1780625914165825300,3.2748251953125,-0.8096656930685043,1.280972122463584,2.8955595289438962
1780625914175820300,3.2848203125,-1.1466940003991126,0.8569108438462019,2.7958815956175327
1780625914185815300,3.294815185546875,-1.044971994024515,0.3581698795586824,2.4186352596670386
1780625914195810300,3.304810302734375,-0.2160717313930392,-0.3021633301764726,1.759170649459958
1780625914205805300,3.314805419921875,0.3397682536885142,-1.0374456901729106,0.623814620155096
1780625914215800300,3.32480029296875,0.2699449220083654,-1.2404010426223278,-0.5772013375401497
1780625914225795300,3.33479541015625,-0.03750876966118812,-1.3003238886654376,-2.0246622453212737
1780625914235790300,3.344790283203125,-0.6295723068989812,-1.3455652984052895,-3.3413796349048615
1780625914245785300,3.354785400390625,-0.8433937751471996,-1.3640835363924502,-4.322986533477902
1780625914255780000,3.364780029296875,-0.5413631314396858,-1.7001678408712149,-4.228589170902967
1780625914265776000,3.374776123046875,-0.7238637248814106,-0.823951992574334,-2.8666917463779447
1780625914275771400,3.384771484375,-0.613676672500372,-0.06303484058380127,-0.9470563941955565
1780625914285766400,3.394766357421875,0.025855595137923956,-0.10071019898355006,1.1089742183357476
1780625914295761400,3.404761474609375,0.3233062175787985,-0.4978659350186586,1.9980010328888893
1780625914305756400,3.41475634765625,1.0215947716988623,-0.37767011432051656,1.8886960240393875
1780625914315751400,3.42475146484375,0.9813887257777154,-0.733102093347907,0.9159107298254966
1780625914325746200,3.43474609375,0.5529366648554802,-1.0514596024781464,-0.5207517205655574
1780625914335741200,3.4447412109375,0.49374549408778545,-0.2756231137752533,-1.6090803334966302
1780625914345736200,3.454736083984375,-0.047432782304286956,0.4159381779164076,-2.2761045653030276
1780625914355731200,3.464731201171875,-0.5425368513941764,0.5697592048406601,-2.229275301849842
1780625914365726200,3.474726318359375,-0.8415420098006725,0.6199240424573421,-1.8497870321914553
1780625914375721200,3.48472119140625,-0.6557036502383649,0.4294067312985658,-1.751981030216813
1780625914385716200,3.49471630859375,-0.41624855903983116,0.2959574612736702,-1.6013398023724554
1780625914395711200,3.504711181640625,0.08195113797783851,0.5242442388564348,-0.41253772182315585
1780625914405706200,3.514706298828125,0.5237396503351629,0.059870823594927784,0.7057502683028578
1780625914415701200,3.524701171875,0.532281999361515,-0.06642682110965252,1.5332006243869662
1780625914425696300,3.5346962890625,1.3104139055252075,-0.6075473759651183,1.7954434475854038
1780625914435692300,3.5446923828125,1.5740309396862984,-2.0180624086648224,1.2531000729367137
1780625914445687300,3.554687255859375,-0.4368796975277364,0.45187049204111096,2.0332824818894264
1780625914455682300,3.564682373046875,-1.0416391232747584,1.0629109708189963,2.029242558848858
1780625914465677300,3.57467724609375,-0.42799050782509146,0.6450894633740186,1.1916776359856127
1780625914475672300,3.58467236328125,0.495246692430973,0.3923901290684938,0.47832741407305
1780625914485667300,3.594667236328125,0.34344168150424953,-0.10558277345597743,-0.7312554425679146
1780625914495662300,3.604662353515625,0.1852911009430885,-0.469675613322854,-1.5984486109755933
1780625914505657000,3.614656982421875,0.23223281179480254,-0.6418161407917737,-1.984500623063743
1780625914515652000,3.624652099609375,-0.045866336705163116,-0.589783755737543,-2.127430399747938
1780625914525647000,3.634647216796875,-0.3677566961366683,-0.7644020714968442,-1.9724809533156453
1780625914535642400,3.644642333984375,-0.12294957638569176,-1.970867526769638,-2.066611335517466
1780625914545637400,3.654637451171875,0.37534846643991765,-3.3705782568603753,-2.1656695295102892
1780625914555632400,3.66463232421875,0.4661327530842274,-4.4657840620845555,-2.4983885953396556
1780625914565627400,3.67462744140625,0.3873532308798283,-5.247727050969004,-3.1072745264321564
1780625914575622400,3.684622314453125,-0.2956850740730762,-6.020560266202688,-3.8217248185411092
1780625914585617400,3.694617431640625,-0.7864087361216545,-6.24221272033751,-3.75932973716557
1780625914595612200,3.704612060546875,-1.0465116246819495,-5.2276984084188935,-2.7819237974137065
1780625914605608200,3.714608154296875,-1.2897697614252566,-2.3918390226781368,-1.2043047701075673
1780625914615603200,3.724603271484375,-1.4836884054601192,0.7230512394547463,0.39509968028813597
1780625914625598200,3.73459814453125,-2.3494997641205786,3.653810092073679,1.775858457149565
1780625914635593200,3.74459326171875,-2.880143933147192,6.8093789860755205,2.6161077967911956
1780625914645588200,3.754588134765625,-2.567230660897493,9.684169283235072,3.0618019382849333
1780625914655583500,3.76458349609375,-1.2134253574132918,11.49565405730009,2.934955719786882
1780625914665578200,3.774578125,0.8061410260736942,9.639205521392821,0.4817407296478748
1780625914675573200,3.7845732421875,2.1127321584403513,5.381226589876413,-3.587929798930883
1780625914685568300,3.794568359375,2.5400644215524193,2.94396787828207,-5.3238177724808455
1780625914695563300,3.804563232421875,1.9264953010797499,2.1588485974490643,-4.604907870614529
1780625914705558300,3.814558349609375,0.6306523572206497,1.5835884571045635,-3.2278900338470935
1780625914715553300,3.82455322265625,-0.45302901442646976,1.0420032073467969,-1.4700079628929494
1780625914725548300,3.83454833984375,-0.8603659527361393,0.6021943244993686,0.1962935564726591
1780625914735543300,3.844543212890625,-0.7516600788235664,0.13784253654778003,1.5883467575475572
1780625914745539000,3.8545390625,-0.5108510887980461,-0.2595277190208435,2.5807401308119298
1780625914755533800,3.864533935546875,-0.30584291373835876,-0.1993395000398159,3.43313115914613
1780625914765529900,3.87452978515625,0.14319500349164008,0.11854746896922588,4.066071042782068
1780625914775524900,3.88452490234375,0.7454103707790374,0.5492863256543874,4.560478654040396
1780625914785519900,3.894519775390625,1.2217068635463715,0.8319242866277694,4.558276467821002
1780625914795515000,3.904514892578125,1.307210725569725,0.851515122282505,3.9617981828808784
1780625914805510000,3.914510009765625,1.0153975244939326,0.44999008512198924,2.7578993632256985
1780625914815505000,3.9245048828125,0.729150140851736,0.19486147784292696,2.286420792134106
1780625914825499600,3.934499755859375,0.5470634619731456,0.11144845061898231,2.171849825580418
1780625914835494700,3.94449462890625,0.4164684123355895,0.10247662413418292,2.1071865070119498
1780625914845489700,3.95448974609375,0.5697356778346002,-0.1271434478789568,1.7492258862897754
1780625914855485000,3.96448486328125,0.4287246673185378,-0.7646230207711457,0.8200722285315394
1780625914865480000,3.97447998046875,0.11987849837727844,-0.5948597438275813,0.3293257701292634
1780625914875475000,3.984474853515625,-0.026637977687269446,-0.9495534717082976,-0.6180705235451459
1780625914885470000,3.994469970703125,-0.23553791775479913,-0.963290320637822,-1.2933002736389636
1780625914895465000,4.00446484375,-0.06826748054027557,-1.2093401339262724,-1.9185510640770196
1780625914905460000,4.0144599609375,-0.14525018245577812,-1.5932722312510013,-2.4817121858268973
1780625914915455000,4.024455078125,-0.15184695037230847,-1.5359066684752702,-2.711110431782901
1780625914925450800,4.03445068359375,0.12748422414064406,-1.161141627946496,-2.587440797494352
1780625914935445800,4.04444580078125,0.5987139350377023,-0.6287509075134993,-2.3072142815768717
1780625914945440800,4.054440673828125,0.9918142582021653,0.02841010192632675,-1.9199203066036103
1780625914955435800,4.064435791015625,0.808203073170036,0.33107027570903297,-1.47766315382123
1780625914965430800,4.0744306640625,0.36667628048881884,0.46350540025532244,-0.8107417978674173
1780625914975426000,4.084426025390625,-0.044917876873910426,0.6730646810144185,0.129658937831223
1780625914985421000,4.094421142578125,-0.17253332617878914,1.113697739726305,1.0949848559498787
1780625914995415800,4.104415771484375,0.10641659393161534,0.9304378523498773,1.2016422729000449
1780625915005410800,4.114410888671875,0.383330478169769,0.2567611769169569,0.564259438380599
1780625915015405800,4.12440576171875,0.4885705756679177,-0.11679741043150424,0.17758184174001215
1780625915025400800,4.13440087890625,0.3711256611131131,-0.5396347002118825,-0.15446867717802523
1780625915035395800,4.144395751953125,-0.296123757751286,-0.6936223158746957,0.005952770924568176
1780625915045390800,4.154390869140625,-1.174224689142406,-0.5528782126665115,0.5342395631700754
1780625915055385900,4.1643857421875,-1.5705740772306918,-0.15327332991361617,0.8439356269389391
1780625915065380900,4.174380859375,-1.3145040974482893,0.00909223799407482,0.9159937319338322
1780625915075375900,4.1843759765625,-1.2450807248711586,-0.1124772091448307,0.9636211600273847
1780625915085371600,4.19437158203125,-1.093454869903624,-0.2494061379790306,1.0894148007325828
1780625915095367000,4.204366943359375,-0.6709928431764245,-0.4052069405436516,1.2182384567834437
1780625915105362000,4.21436181640625,-0.19970044230669737,-0.45547523853480815,1.384752668803185
1780625915115357000,4.22435693359375,0.07623422163575887,-0.3350964624851942,1.4317055586360394
1780625915125352000,4.23435205078125,0.0352639133438468,-0.247823837223649,1.3857619919762014
1780625915135347000,4.244346923828125,-0.3135661832004785,-0.2243096906453371,1.328437491863221
1780625915145342000,4.254342041015625,-0.7579591789677739,-0.33786475815474987,1.2194400876581668
1780625915155337000,4.2643369140625,-1.0961527306854724,-0.4789274257928133,1.1341473841674625
1780625915165332000,4.27433203125,-1.148781912589073,-0.6059697513848543,1.0945770058013498
1780625915175326700,4.28432666015625,-0.8604840261578559,-0.7872884415656328,0.9980309407599269
1780625915185321700,4.29432177734375,-0.35819647530466314,-0.8991951573461293,0.8422351066313684
1780625915195316700,4.304316650390625,0.05362871433496475,-0.9869909296989441,0.6425124524928629
1780625915205311700,4.314311767578125,0.2646282570302486,-1.036283076134324,0.4119911938562989
1780625915215306800,4.324306640625,0.19834289021790028,-1.048223104774952,0.19464111309051513
1780625915225301800,4.3343017578125,-0.006873977422714233,-1.0441770442545413,0.05689210004508495
1780625915235297000,4.344297119140625,-0.18992256013602019,-1.0568044706374407,-0.02099748758226633
1780625915245292800,4.354292724609375,-0.2264808972045779,-1.0688596500903367,-0.06435922105535864
1780625915255287800,4.364287841796875,-0.22984365163594483,-0.9585077625364065,-0.037948330122232435
1780625915265282800,4.37428271484375,-0.1493532338604331,-0.7782102320969104,-0.028353695563971996
1780625915275277800,4.38427783203125,-0.09025514820367098,-0.5941659163445234,-0.01089694932848215
1780625915285272800,4.39427294921875,-0.1262476680830121,-0.4172603664308786,-0.027625089028477667
1780625915295267800,4.404267822265625,-0.19752748218178748,-0.29064649538397785,-0.01138780158534646
1780625915305262800,4.414262939453125,-0.31744682402610774,-0.2863677951514721,0.01855988517180085
1780625915315257900,4.4242578125,-0.368887088406086,-0.34414427681565285,0.12997311834692954
1780625915325252900,4.4342529296875,-0.2411997429087758,-0.4444926567494869,0.25942966547384855
1780625915335248000,4.444247802734375,0.00006488192975521087,-0.6260907483935356,0.3604835633285343
1780625915345242600,4.45424267578125,0.31655133649110795,-0.9176964441984892,0.34204701227545736
1780625915355238000,4.46423779296875,0.7276923432588577,-1.1904080544412134,0.20582140940502286
1780625915365233000,4.47423291015625,1.255355742909014,-1.4083037863910197,0.005520955378562212
1780625915375228000,4.484227783203125,1.8080466163098812,-1.538417189991474,-0.3119796446613967
1780625915385223000,4.494222900390625,1.9686139026239513,-1.3178531156152486,-0.8297123096667229
1780625915395218000,4.504218017578125,2.031929313714802,-0.7549421692341566,-1.2923812590979038
1780625915405214000,4.5142138671875,2.156955915570259,-0.15248480988442897,-1.597776556932926
1780625915415208700,4.524208740234375,2.337082181096077,0.37944998347461223,-1.7139568583793938
1780625915425203700,4.53420361328125,2.6862007391929623,0.9188748403280973,-1.5709918642513454
1780625915435198700,4.54419873046875,3.1774151073679326,1.3755132774233818,-1.2654713326014577
1780625915445193700,4.55419384765625,3.6097067464530466,1.503146554645896,-0.9596034488186239
1780625915455188700,4.564188720703125,3.584863397097587,1.0467138692557811,-0.8357064355149865
1780625915465183700,4.574183837890625,2.932458350013196,0.4515034122943878,-0.5465479867316783
1780625915475179000,4.584178955078125,2.215970414596796,0.24428105005025863,0.018697101685404775
1780625915485174000,4.594174072265625,1.7259509552948176,0.3917939167410135,0.45248906233087177
1780625915495169000,4.6041689453125,0.9998761302351951,0.7285685415714979,0.7489682093910872
1780625915505164000,4.6141640625,-0.1943324855327606,0.9474076918512582,1.1450681527629494
1780625915515158800,4.62415869140625,-1.2570378507770597,0.7939519911080598,1.6412787217900155
1780625915525153800,4.63415380859375,-2.0516960904583335,0.0277414088845253,1.9267586281910538
1780625915535148800,4.644148681640625,-2.7445994444087147,-1.0070189877271651,2.007830352985859
1780625915545143800,4.654143798828125,-2.9338404520213603,-1.6530080302894115,2.1866982890136537
1780625915555138800,4.664138916015625,-2.4591233373999595,-1.7602087603360415,2.4720044462829827
1780625915565134800,4.674134765625,-1.50018273640424,-1.3210972121030091,2.9520977009847758
1780625915575129900,4.6841298828125,-0.10371990219354629,-0.45688568985462186,3.3988770073667167
1780625915585124900,4.694124755859375,0.5360851910367608,0.5578507403820753,3.2293408171772957
1780625915595119900,4.704119873046875,-0.38276685293763874,1.446996797400713,2.672618788564205
1780625915605115000,4.714114990234375,-1.6514985025092959,1.8539304156064986,1.8833276288740335
1780625915615110000,4.72410986328125,-2.2515663363739846,1.5243237827092408,0.8204071595743299
1780625915625105000,4.73410498046875,-1.962222301890701,0.710414460721612,-0.08895341795533895
1780625915635100000,4.744099853515625,-1.5447791262388229,-0.05228314494490623,-0.6789039085619151
1780625915645095000,4.754094970703125,-1.512172011014074,-0.4973445414930582,-0.9204201700739562
1780625915655090000,4.76408984375,-1.824090427007526,-0.5336386746674776,-0.6903665289491414
1780625915665085000,4.7740849609375,-2.4285433440886437,-0.3563420796096325,-0.04905132341682911
1780625915675080000,4.784079833984375,-2.525035194724798,-0.3063993603110313,0.5050178525999188
1780625915685074700,4.79407470703125,-1.9760792700685559,-0.3826397194266319,0.7996933112390339
1780625915695069700,4.804069580078125,-1.4094859819129109,-0.4375479521781206,0.7835013242423534
1780625915705064700,4.814064697265625,-0.9059376173436641,-0.35318916853666305,0.5496395230062305
1780625915715059700,4.824059814453125,-0.45361236727237697,-0.20216449433267114,0.2766967343561351
1780625915725056000,4.834055908203125,-0.07607669298648834,0.08038929548859595,0.3289060834124684
1780625915735051000,4.844051025390625,0.21920053093805908,0.36160160757303234,0.6644573039278387
1780625915745045500,4.85404541015625,0.16924378311410546,0.33803485402464867,0.9768353002570569
1780625915755040500,4.86404052734375,-0.14358765607103705,-0.01542261005938053,1.055862659742683
1780625915765035300,4.87403515625,-0.4301214554391801,-0.29749650740921496,0.9433793131180107
1780625915775030300,4.8840302734375,-0.5043266554653645,-0.531274868145585,0.5539059482790529
1780625915785025300,4.894025390625,-0.4640718750316649,-0.6591916384845972,-0.012358546313643455
1780625915795020300,4.904020263671875,-0.30342655504532157,-0.5367910012185573,-0.5155751947104931
1780625915805015300,4.914015380859375,-0.02708104527965188,-0.2764192325890064,-0.8015328016258776
1780625915815010300,4.92401025390625,0.11773308384642005,0.08284253385961056,-0.8390373335033655
1780625915825005300,4.93400537109375,0.11147548475638032,0.4344599230349064,-0.6216895908251404
1780625915835000300,4.944000244140625,0.017678426162153482,0.6623994946151971,-0.22172902650237084
1780625915844995600,4.95399560546875,-0.18518121082782743,0.5937181725770234,0.1676616284891963
1780625915854990600,4.963990478515625,-0.4218097733635455,0.31248072605133054,0.34528131802156564
1780625915864985300,4.9739853515625,-0.6420493650257587,0.07392974408566952,0.30101036074906584
1780625915874980400,4.98398046875,-0.8401251287400722,-0.1307633919417858,0.18313143869116902
1780625915884976400,4.993976318359375,-0.9002597178377211,-0.3027823388576507,0.12165113407298922
1780625915894971400,5.003971435546875,-0.7520704862553625,-0.3785486507207155,0.1819810996122658
1780625915904966400,5.01396630859375,-0.5399931582607329,-0.3629500995725393,0.3383103099651634
1780625915914961400,5.02396142578125,-0.3878817117333412,-0.30169220553338527,0.5042455530531704
1780625915924956400,5.033956298828125,-0.3263479233622551,-0.10806874505281448,0.7582580157838761
1780625915934951400,5.043951416015625,-0.37766894527673717,0.06848024650812148,0.9668247783742845
1780625915944946200,5.0539462890625,-0.6312287688691168,-0.016783961540460586,0.9694345224812626
1780625915954941400,5.06394140625,-0.7986591458857059,-0.29251287377774715,0.8684080971553921
1780625915964936400,5.0739365234375,-0.8576117586571723,-0.42230771294832226,0.7003136302068829
1780625915974931500,5.083931396484375,-0.8198633350212127,-0.45801498614549635,0.45934199696555733
1780625915984926500,5.093926513671875,-0.7377450237829237,-0.4079144459366798,0.2781682682134211
1780625915994921500,5.10392138671875,-0.6162870741944759,-0.2203670904994011,0.1533458106279373
1780625916004916500,5.11391650390625,-0.49110119012407955,0.03802256440222263,0.03194412127137184
1780625916014911500,5.123911376953125,-0.4780511544149369,0.3613292203724384,-0.032924656741321084
1780625916024906500,5.133906494140625,-0.5814087261021137,0.6138935301214457,-0.03241363847926259
1780625916034901500,5.143901611328125,-0.6255027924377471,0.6400678358197212,0.047184945023059845
1780625916044897300,5.153897216796875,-0.5586568691331892,0.38975276630222794,0.02737666722536087
1780625916054892300,5.163892333984375,-0.42317631247639653,-0.057229953697323796,-0.16343641200959683
1780625916064887300,5.17388720703125,-0.2695148600280285,-0.34175708941817284,-0.28722777298167346
1780625916074882600,5.183882568359375,-0.3543218988936394,-0.2526215928941965,-0.3318791078738868
1780625916084877600,5.193877685546875,-0.5758346522968262,-0.013020225092768668,-0.40020430995076894
1780625916094872600,5.20387255859375,-0.803020775161311,0.27947277494072914,-0.35438144706115127
1780625916104867600,5.21386767578125,-0.9756255591411143,0.39528585051000115,-0.22399463334679603
1780625916114862300,5.2238623046875,-1.1237187830030917,0.17067746917903423,-0.15250103036686777
1780625916124857300,5.233857421875,-1.119515997551009,-0.09813479553759097,-0.13642960100993512
1780625916134852400,5.243852294921875,-0.8381425035554915,-0.24751228705644607,-0.30238194136321545
1780625916144847400,5.253847412109375,-0.29138766914010045,-0.2643120306879282,-0.5849734328463673
1780625916154842400,5.26384228515625,0.3123345955789089,-0.12514847466945647,-0.8133261152721941
1780625916164837400,5.27383740234375,0.7584709278821945,0.16089958700835705,-0.9266181479312479
1780625916174832400,5.283832275390625,0.9935877706807106,0.5077613060891628,-0.9906560280777513
1780625916184827400,5.293827392578125,1.0739760432559997,0.7392588624119758,-1.030196888088435
1780625916194822400,5.303822509765625,0.9414846584778278,0.7952034524738788,-1.072666787288338
1780625916204818400,5.313818359375,0.5266495464324951,0.5484785164028406,-1.088006102978438
1780625916214813400,5.3238134765625,0.1830045243758708,0.18552023352384567,-0.8604964472480118
1780625916224808400,5.333808349609375,-0.0021288287222385404,-0.04084346704185009,-0.4694115555591881
1780625916234803500,5.343803466796875,-0.1282136343937367,-0.14399462943673133,-0.06013298166245222
1780625916244798500,5.353798583984375,-0.15109649733118713,-0.18319032927155493,0.23913009702786803
1780625916254793500,5.36379345703125,-0.15933357980065047,-0.27853403278589245,0.4308740273721516
1780625916264788500,5.37378857421875,-0.21188801596760748,-0.33821313320100305,0.5559558665461838
1780625916274783500,5.383783447265625,-0.2730745983362198,-0.3238029150545597,0.687522391564399
1780625916284778200,5.3937783203125,-0.30077625973224636,-0.2398077040284872,0.7177237608216702
1780625916294773200,5.403773193359375,-0.2411632102906704,-0.21308277871012687,0.6218216927722096
1780625916304768300,5.413768310546875,-0.23493337599039077,-0.2565864048719406,0.37719416737183925
1780625916314763300,5.42376318359375,-0.30364626221060753,-0.29492519561648367,0.033605332481861115
1780625916324758300,5.43375830078125,-0.29885077156238254,-0.23298574905395505,-0.1428008896075189
1780625916334753300,5.443753173828125,-0.04587101288028061,-0.1487011996924877,-0.19830285046845672
1780625916344748500,5.45374853515625,0.27288755133152004,-0.046858197286725044,-0.21442191835939883
1780625916354743600,5.46374365234375,0.37465157021693885,0.13008300846219062,-0.2199675697878003
1780625916364739300,5.4737392578125,0.25295411278419194,0.2802332379192114,-0.25109949789345265
1780625916374734300,5.483734375,0.16349895585179328,0.41862990121841426,-0.28478315630853174
1780625916384729300,5.493729248046875,0.10299743313789367,0.44032501567602156,-0.3814037478908896
1780625916394724400,5.503724365234375,-0.0011363105535507202,0.09425181662440299,-0.5728552711598575
1780625916404719400,5.51371923828125,-0.142104322178103,-0.35414252373874183,-0.6566326016515494
1780625916414714400,5.52371435546875,-0.23270510548166928,-0.5278828876197338,-0.6228001824155449
1780625916424709400,5.53370947265625,-0.24658983844928442,-0.4429623784422874,-0.5379413402974605
1780625916434704400,5.543704345703125,-0.19102058450579643,-0.1495470028668642,-0.3612285364769399
1780625916444699400,5.553699462890625,-0.06847673937678336,0.19043840070366858,-0.09889657369032502
1780625916454694400,5.5636943359375,0.037438627034425735,0.4138537728577852,0.16485314693972467
1780625916464689400,5.573689453125,0.16738482084181158,0.430898431161046,0.415551224425435
1780625916474684400,5.583684326171875,0.32197102345228196,0.18645254593789576,0.5284951742991805
1780625916484679400,5.593679443359375,0.6014098595907912,-0.1339835230320692,0.3718137895077467
1780625916494674400,5.60367431640625,0.9209609989523887,-0.2610334474086761,0.14107655003294348
1780625916504669400,5.61366943359375,0.9920097077090293,-0.26380758829712864,-0.09377893841564655
1780625916514665500,5.62366552734375,0.7447732419192791,-0.10606441949307918,-0.25805501611977816
1780625916524660200,5.63366015625,0.5737760392665863,0.06539280188679694,-0.3997651878811419
1780625916534655200,5.6436552734375,0.5921919859230518,0.21294483154416083,-0.6298020240016281
1780625916544650200,5.653650146484375,0.6648258449792862,0.49222529878318305,-0.8256406763136387
1780625916554645200,5.663645263671875,0.7047697328329086,0.6503513294249773,-1.026055696630478
1780625916564640300,5.67364013671875,0.5618646521985531,0.5386620557874441,-1.1864460189424455
1780625916574635500,5.683635498046875,0.28416878726985306,0.2995306435853243,-1.1500453566536306
1780625916584630500,5.693630615234375,-0.021321020448207852,0.07359832017421722,-0.9760730837129056
1780625916594625500,5.70362548828125,-0.3477496443638578,-0.05353811344206333,-0.6838442875735461
1780625916604620500,5.71362060546875,-0.6739630911588669,-0.07753916675448418,-0.31082272971123454
1780625916614615600,5.723615478515625,-0.8719231195390224,-0.1359264737933874,0.07307195821255445
1780625916624610300,5.7336103515625,-0.9250234260857104,-0.21735271111428736,0.43583661821559067
1780625916634605300,5.743605224609375,-0.8243582352876663,-0.22590601992607115,0.6900079247698188
1780625916644600300,5.753600341796875,-0.7634990582425147,-0.16372750391066074,0.843920721630752
1780625916654595300,5.76359521484375,-0.7444505858361721,-0.09691723644137382,0.8029374077267944
1780625916664590300,5.77359033203125,-0.676185370318219,-0.062037646239995956,0.7176325754068792
1780625916674586400,5.78358642578125,-0.5879377625446767,-0.08389233517348765,0.6466521826460957
1780625916684581400,5.793581298828125,-0.47433841750212014,-0.14651041164994238,0.6653031071022153
1780625916694576400,5.803576416015625,-0.35532040841169654,-0.20590718799233435,0.8008626472793519
1780625916704571400,5.8135712890625,-0.33431970595903693,-0.3136030080795288,0.8991809826903044
1780625916714566400,5.82356640625,-0.3301707695860415,-0.33453765955865383,0.9022859629683196
1780625916724561400,5.8335615234375,-0.26339031273312863,-0.32333529754281043,0.7790970979340374
1780625916734556400,5.843556396484375,-0.24173257114384322,-0.33425650452971456,0.6045527241937816
1780625916744552000,5.853552001953125,-0.30788989112973214,-0.3043891895323992,0.4410707194767892
1780625916754547000,5.863546875,-0.35086620548181235,-0.19951193399727343,0.31373014159053564
1780625916764542000,5.8735419921875,-0.4387491446614265,-0.11575520790219307,0.19380539291873572
1780625916774537000,5.883536865234375,-0.47170916497707366,-0.1137403609484434,0.07679433973655105
1780625916784531700,5.89353173828125,-0.4044504961531609,-0.09514321250617504,0.02585530287697911
1780625916794526700,5.903526611328125,-0.26924959668796505,-0.006856441766023636,0.06420403049364685
1780625916804521700,5.913521728515625,-0.17944705109000206,0.11175532461106777,0.1966702808305621
1780625916814516700,5.923516845703125,-0.11341251723356545,0.18410159889757632,0.24946795116886494
1780625916824512000,5.933511962890625,-0.011110592079162597,0.15903963835537432,0.25293007432147857
1780625916834508000,5.943508056640625,0.14138305869884787,0.018343465942144394,0.16130962911397217
1780625916844503000,5.9535029296875,0.21765019622351972,-0.1489104585289955,-0.023893793545663355
1780625916854497800,5.963497802734375,0.18038462420105933,-0.2535655957460403,-0.14997019671499728
1780625916864492800,5.973492919921875,0.08615732096340507,-0.30192835237681864,-0.2288895657815039
1780625916874487800,5.98348779296875,0.08614563052561133,-0.25354864461123944,-0.3083138156302273
1780625916884482800,5.99348291015625,0.06900043445732444,-0.19302666363120077,-0.3780228732809424
1780625916894477800,6.003477783203125,0.04145308684017509,-0.12884440657794474,-0.37187516430616374
1780625916904472800,6.013472900390625,0.019410875977948307,-0.02851473134458065,-0.22715762742236256
1780625916914467800,6.0234677734375,0.012852467310428618,0.11735621335804462,0.00464636450111866
1780625916924462800,6.033462890625,-0.021878654330968854,0.16724398759901524,0.1463701263964176
1780625916934457900,6.043457763671875,0.05055179110765457,0.16179975071847438,0.20455445820912718
1780625916944453000,6.053453125,0.10014613536000251,0.14249357722401618,0.29618264833167196
1780625916954448000,6.06344775390625,0.11594576203823088,0.022037644284963607,0.3834621417254209
1780625916964443000,6.07344287109375,0.1656734503466636,-0.2044984902381897,0.3150800948947668
1780625916974438000,6.08343798828125,0.26631401816010475,-0.38878596709668634,0.15377090417221187
1780625916984434000,6.093433837890625,0.2930127130586654,-0.437218866354227,-0.0464886333219707
1780625916994429000,6.103428955078125,0.16270634416937826,-0.37320436708331106,-0.20884367983564733
1780625917004424000,6.113423828125,0.06001870763301849,-0.16818857497274875,-0.21678937814310192
1780625917014419000,6.1234189453125,0.03096442605163902,0.07512275326251983,-0.08180705333203077
1780625917024414000,6.1334140625,0.038114334338903426,0.251072609886527,0.09344020798057318
1780625917034408700,6.14340869140625,0.01794372603483498,0.3478215040236711,0.24343787722438573
1780625917044403700,6.15340380859375,-0.012888634602352976,0.31073475916683674,0.2939762243285775
1780625917054398700,6.163398681640625,-0.05068045898862183,0.17376491380035877,0.3550166762247681
1780625917064394000,6.17339404296875,-0.04493687383532524,-0.07610358099341392,0.4295286041125655
1780625917074389000,6.183388916015625,-0.009063596421480179,-0.3442775478065014,0.37210049749463797
1780625917084384000,6.193384033203125,0.01548288887925446,-0.46652036416232584,0.28535686454325915
1780625917094379000,6.20337890625,-0.05395370850563049,-0.3683738781869411,0.2113514248728752
1780625917104374000,6.2133740234375,-0.27761640648432073,-0.15852058291733265,0.14338643441051244
1780625917114369000,6.223369140625,-0.4367033180475235,-0.02435293549001217,0.14240356085300446
1780625917124363800,6.23336376953125,-0.4485445624887943,0.01150865148603916,0.18264380130469798
1780625917134359800,6.24335986328125,-0.39810032340884205,0.00836859989464283,0.2656307120710611
1780625917144354800,6.253354736328125,-0.34068851033858955,-0.010000000488758086,0.35355186436921354
1780625917154349800,6.263349853515625,-0.3066214786291122,-0.03768529527187347,0.4356470869928598
1780625917164344800,6.2733447265625,-0.25897593035697936,-0.06047872636020183,0.45905455832630393
1780625917174340000,6.283340087890625,-0.223586710133031,-0.10022679938077926,0.4044625519171357
1780625917184335000,6.293335205078125,-0.23097506681866942,-0.14178104504048825,0.2760276029229164
1780625917194329900,6.303329833984375,-0.2018143657207489,-0.2136129400640726,0.18659370797425506
1780625917204324900,6.313324951171875,-0.15562661504149436,-0.2038876648634672,0.19404636206775902
1780625917214319900,6.32331982421875,-0.10854571491479872,-0.13883447019457817,0.27252690132558344
1780625917224315000,6.33331494140625,-0.08046879046559334,-0.10763444528877734,0.3010606296315789
1780625917234310000,6.343309814453125,-0.08516608143635093,-0.07586860319375992,0.2936512301579118
1780625917244305000,6.353304931640625,-0.0911761355061084,-0.026456629770994184,0.21230244198739529
1780625917254300000,6.3632998046875,-0.09600421324968338,-0.03107785983085632,0.13227233520001172
1780625917264295000,6.373294921875,-0.06079955581240356,-0.038815760606527326,0.058603287877142425
1780625917274290000,6.3832900390625,-0.09832476515173912,-0.0009101005822420119,-0.032333412849903105
1780625917284285000,6.393284912109375,-0.17229023813791572,0.06512158372998238,-0.10276040951162577
1780625917294281000,6.403281005859375,-0.25531565428376196,0.13464929346442223,-0.15430121165663002
1780625917304276000,6.41327587890625,-0.28351752028688787,0.15315408744812012,-0.1341845985621214
1780625917314271000,6.42327099609375,-0.26593064486570656,0.10878829149901867,-0.11357347994893789
1780625917324266000,6.433265869140625,-0.18558577304072676,0.019663316369056702,-0.15547142447978257
1780625917334261000,6.443260986328125,-0.126834381929785,-0.09138824388682841,-0.21266952173411846
1780625917344256000,6.453256103515625,-0.0431881304718554,-0.04806172785758972,-0.25406390065699813
1780625917354251000,6.4632509765625,-0.04471826264858245,0.07330664375126361,-0.1924400959149003
1780625917364246000,6.47324609375,-0.058253451526165005,0.08496785545051097,-0.11917641452252864
1780625917374240800,6.48324072265625,-0.061143327748775476,-0.007870002722740172,-0.07775251724421978
1780625917384235800,6.49323583984375,-0.09916048532351851,-0.1535690979897976,-0.07466039644777775
1780625917394230800,6.503230712890625,-0.22287688136324285,-0.21896657605171202,-0.038324469958245753
1780625917404225800,6.513225830078125,-0.4240637628354132,-0.22078093199729917,0.035386078418791295
1780625917414220800,6.523220703125,-0.5121208164729177,-0.23171090681254863,0.09889350495040417
1780625917424215800,6.5332158203125,-0.4632883965037763,-0.2915443210065365,0.08302636599391698
1780625917434212000,6.543212158203125,-0.398276702889055,-0.3330482977837324,0.06958060896545648
1780625917444206800,6.553206787109375,-0.4005227282501757,-0.3774251996487379,0.09978811570256949
1780625917454201900,6.563201904296875,-0.5026771346926688,-0.41488428494930263,0.13438070565611124
1780625917464196900,6.57319677734375,-0.6412566072128713,-0.34938393103480336,0.1820221622750163
1780625917474192000,6.58319189453125,-0.795082894834131,-0.161690445125103,0.28257483260929583
1780625917484187000,6.593186767578125,-0.8814483421228826,0.16059738919138908,0.4322065911501646
1780625917494182000,6.603181884765625,-0.8194527814589441,0.43050504792928695,0.5524433283805846
1780625917504177000,6.613177001953125,-0.5916494034789502,0.408428825199604,0.5203533688977361
1780625917514172000,6.623171875,-0.3100863782607019,0.2587637489110231,0.44496816530674693
1780625917524167000,6.6331669921875,-0.15879472368359565,0.032841362372040744,0.2579886728852987
1780625917534162000,6.643161865234375,-0.1510064078949392,-0.13098492573797701,0.14158815281689166
1780625917544156700,6.65315673828125,-0.1997742381952703,-0.2385965746730566,0.2084033887222409
1780625917554151700,6.663151611328125,-0.2569488084435463,-0.19814006112217902,0.5156839157819748
1780625917564147000,6.67314697265625,-0.3645290393270552,-0.09257599236667155,0.9281111629679799
1780625917574142000,6.683141845703125,-0.5092414616443216,0.004587912312150002,1.1998650340944528
1780625917584137000,6.693136962890625,-0.6546857053674757,-0.006078443130850791,1.265300213818252
1780625917594133000,6.703133056640625,-0.8644098212994634,-0.05632160668075084,1.1970397475406527
1780625917604128000,6.7131279296875,-1.0913108436122536,-0.08595803553164005,1.1462564857646822
1780625917614122800,6.723122802734375,-1.180817511536181,-0.20516952136754987,1.0139780130848288
1780625917624117800,6.73311767578125,-1.0250327833235264,-0.4204968641340732,0.901258519616723
1780625917634112800,6.74311279296875,-0.6468762006603181,-0.7354021869838238,0.7383686355739831
1780625917644107800,6.753107666015625,-0.2711702260196209,-1.0297603963673114,0.6105179162085056
1780625917654102800,6.763102783203125,0.026084873849153516,-1.2169319042295217,0.5474462507456541
1780625917664097800,6.773097900390625,0.22535993035063145,-1.1906348489344118,0.49000177751481533
1780625917674093000,6.783093017578125,0.2266881102144718,-0.9647387658804655,0.4598170671314001
1780625917684088000,6.793088134765625,0.07209259178638458,-0.6497469337910413,0.33424130696058274
1780625917694083000,6.8030830078125,-0.08722133346572518,-0.2540232763856649,0.15159604435116053
1780625917704078000,6.813078125,-0.19329919696226716,0.20186405008137226,0.13196049277186392
1780625917714072800,6.82307275390625,-0.20906375232711433,0.5797650505483151,0.08939677780866623
1780625917724067800,6.83306787109375,-0.12775748812407253,0.7753150951772928,0.03767214352935552
1780625917734062800,6.843062744140625,0.03698971422314644,0.7123509817421436,0.04306494248360395
1780625917744059000,6.853058837890625,0.24020459439158437,0.4211217180341482,0.034524200892448426
1780625917754053000,6.86305322265625,0.3954397258974611,0.05853168394565582,0.02096212400794029
1780625917764048400,6.87304833984375,0.4232746582843363,-0.20432079558372496,0.08496785545051097
1780625917774043400,6.88304345703125,0.33720717102885245,-0.2766729150891304,0.21634996381253002
1780625917784038400,6.893038330078125,0.1599156905375421,-0.27812662102878094,0.3801461490452289
1780625917794033400,6.903033447265625,-0.10989596047997474,-0.3619207565248012,0.5896969542369246
1780625917804028200,6.913028076171875,-0.4688274720609188,-0.5164268431037664,0.8759382003992795
1780625917814023200,6.923023193359375,-0.8152410089828074,-0.5224544328302144,1.1738713456600904
1780625917824018200,6.93301806640625,-0.9466800351638346,-0.4980933140337467,1.2737474319070576
1780625917834013200,6.94301318359375,-0.8873652380164713,-0.5560246939986944,1.0908990479409695
1780625917844008200,6.95300830078125,-0.7232127866920083,-0.5247556955099105,0.8811325541719793
1780625917854003200,6.963003173828125,-0.4873053780376911,-0.4683130927979946,0.6920978827863932
1780625917863998200,6.972998291015625,-0.22540924938507376,-0.372195482301712,0.5587821760132908
1780625917873993200,6.9829931640625,0.012543839752674101,-0.23574469237327575,0.5384536737337708
1780625917883988200,6.99298828125,0.21417576157860457,-0.06926233679652213,0.6835436971917748
1780625917893984300,7.002984375,0.29890812777280806,0.14514672208130358,0.9159276809602975
1780625917903979300,7.012979248046875,0.33078225254788995,0.31694121259152885,1.0299275696277619
1780625917913974300,7.022974365234375,0.35633396936841305,0.20797698000371456,0.9575789572536945
1780625917923969300,7.03296923828125,0.3577437631011009,-0.035739421901106835,0.7372624278977513
1780625917933964300,7.04296435546875,0.33206571648716926,-0.27700901517570015,0.38599341376870866
1780625917943959300,7.052959228515625,0.22794256725497541,-0.45981122191250323,-0.05329875172823667
1780625917953954300,7.062954345703125,0.06909172946996986,-0.4614847080826759,-0.4309229810804128
1780625917963949300,7.07294921875,-0.17331548953242598,-0.3190063284277916,-0.6814911485761403
1780625917973944000,7.082944091796875,-0.38913609570860863,0.05098199921846389,-0.7550751479640603
1780625917983939000,7.09293896484375,-0.33641923552155495,0.6371212609738112,-0.6296864347979426
1780625917993934000,7.10293408203125,-0.10500818843841551,1.1456617347419262,-0.504741666007042
1780625918003929000,7.11292919921875,0.21034597415737807,1.404133222708106,-0.4643889050915837
1780625918013924000,7.122924072265625,0.6151917532384396,1.3374082954347133,-0.5210384285524488
1780625918023919400,7.13291943359375,1.1005297036606818,0.976716788443923,-0.8483835462585091
1780625918033914400,7.142914306640625,1.5202549258351326,0.5545873546719551,-1.1638368583798409
1780625918043910100,7.15291015625,1.7162018608272074,0.15403087028264997,-1.565041869805753
1780625918053905200,7.1629052734375,1.6495581820964813,-0.08821136741638183,-1.9253841249674557
1780625918063900200,7.172900146484375,1.4457704704761505,-0.14266893379092216,-2.0984534577190876
1780625918073895200,7.182895263671875,1.1888426317553966,-0.015469371810555457,-2.0625819338709115
1780625918083890200,7.19289013671875,0.9091863169413059,0.3222773129224777,-1.8853598653540014
1780625918093885200,7.20288525390625,0.6402876160502433,0.7098889755427837,-1.6995771815016865
1780625918103880200,7.212880126953125,0.4686181766917929,0.9394108478784561,-1.396477154996991
1780625918113875200,7.222875244140625,0.4308008525380865,0.9271165989726782,-0.929595556306839
1780625918123870200,7.2328701171875,0.5222995345294476,0.7189397124826907,-0.41851884205937384
1780625918133865200,7.242865234375,0.7626397379994392,0.38102526996731756,0.03158025639504194
1780625918143860200,7.252860107421875,1.056434468281269,-0.04809036943018436,0.2937722261890769
1780625918153855200,7.262855224609375,1.2742846075236796,-0.4623930550992489,0.3080626173481345
1780625918163850200,7.272850341796875,1.4082067557573317,-0.6551257042199373,0.03626607612371444
1780625918173845200,7.28284521484375,1.3680232139289379,-0.6319815599977969,-0.42191082258522505
1780625918183841300,7.29284130859375,1.145733046412468,-0.4366869514346122,-0.9619298459395765
1780625918193836300,7.302836181640625,0.8428057461261749,-0.23959318449497222,-1.3457885857671499
1780625918203831300,7.312831298828125,0.5325964721381664,-0.06973579952716827,-1.2825748814851046
1780625918213826300,7.322826416015625,0.3936614641785621,0.037734395110607145,-0.9013912060856819
1780625918223821000,7.332821044921875,0.4837959086120128,0.03339724268913269,-0.49763943278640504
1780625918233816000,7.342816162109375,0.6848176626503467,-0.033383798685669895,-0.2149409737974405
1780625918243811000,7.35281103515625,0.8416647593975066,-0.1170779809385538,-0.1130915416508913
1780625918253806000,7.36280615234375,0.9417185402989386,-0.16458558204472065,-0.2023991798713803
1780625918263801300,7.37280126953125,0.9857248552858829,-0.16197393824160097,-0.4828635961979627
1780625918273796400,7.38279638671875,0.9746049108564853,-0.031117022797465324,-0.8049372032418847
1780625918283791400,7.392791259765625,0.9195505476325749,0.0838601864695549,-1.0790843992456793
1780625918293786400,7.402786376953125,0.9346434873461723,0.1416214705646038,-1.2018097384214401
1780625918303781400,7.412781494140625,0.9411989003390073,0.16487375133633614,-1.2511071455538272
1780625918313776000,7.422776123046875,0.8918190756201744,0.2012824508011341,-1.2154945649027824
1780625918323771100,7.432771240234375,0.8136673299252987,0.23651918387711046,-1.0745189910262822
1780625918333767200,7.44276708984375,0.7057657581329345,0.234940390253067,-0.8404390169948339
1780625918343762200,7.45276220703125,0.5816220765918493,0.1861328124642372,-0.5073465878084301
1780625918353757200,7.462757080078125,0.5071849675059318,0.2357382626324892,-0.18565321225374937
1780625918363752200,7.472752197265625,0.5866127610186115,0.4261714026391506,0.14275310494303703
1780625918373747200,7.482747314453125,0.7253074939489365,0.6242600258350371,0.37038112635612486
1780625918383742200,7.4927421875,0.8082073109537362,0.7286965518653392,0.4637041376978159
1780625918393737200,7.5027373046875,0.876502264022827,0.6390121892869473,0.4127051873445511
1780625918403732200,7.512732177734375,0.9086059597700834,0.4313403297096491,0.25956863555312154
1780625918413727200,7.522727294921875,0.8080459829121828,0.2081967602342367,0.0659568655103445
1780625918423722200,7.53272216796875,0.6143418584108352,0.13606500548124312,-0.04932254157364368
1780625918433717200,7.54271728515625,0.42371933331191536,0.09428396532833576,-0.04555675929933786
1780625918443712300,7.552712158203125,0.25087562600970265,0.007489478972554206,0.010037117628753185
1780625918453707300,7.562707275390625,0.17408698536157607,-0.05427168841361999,0.048208442851901054
1780625918463702300,7.572702392578125,0.22136896101832387,-0.04028700220286846,0.08124415875226258
1780625918473697300,7.582697265625,0.32968671239614483,-0.03710135790407657,0.027948037372529506
1780625918483693000,7.592693115234375,0.43327685073018074,-0.0528115527331829,-0.06307400355041026
1780625918493688000,7.60268798828125,0.40181554453969,-0.0985480525135994,-0.11647329304367303
1780625918503683300,7.612683349609375,0.2705728446483612,-0.1710094776123762,-0.04169365413039922
1780625918513678300,7.62267822265625,0.1740168427348137,-0.24588790072500705,0.10104220741689204
1780625918523673300,7.63267333984375,0.20649170988202095,-0.30266075830459593,0.21613602880090474
1780625918533668400,7.64266845703125,0.32820436488389965,-0.29628654709756375,0.27173925807923077
1780625918543663400,7.652663330078125,0.4508955095291137,-0.23766250869333744,0.21436931138932705
1780625918553658400,7.662658447265625,0.5514332745552063,-0.12984686161875725,0.0818883018746972
1780625918563653000,7.672653076171875,0.5897030917167663,-0.05288403344750404,-0.055471419592201705
1780625918573648100,7.682648193359375,0.5713689781248569,-0.032433950614929194,-0.1779763940155506
1780625918583643100,7.69264306640625,0.5113526085793971,-0.027371406528353688,-0.2279781500250101
1780625918593638100,7.70263818359375,0.41227381018996234,0.010855740535259246,-0.19791706602126358
1780625918603633200,7.712633056640625,0.27094346805904057,0.05502981330454349,-0.11609481512010097
1780625918613628200,7.722628173828125,0.1794704319655895,0.07922901953756809,-0.02451630935817957
1780625918623623200,7.732623046875,0.0962730933189392,0.063643327870965,0.12649842797368765
1780625918633619200,7.742619140625,0.07918751848340035,-0.01889993078112602,0.25213819329142567
1780625918643614200,7.7526142578125,0.08702011180520057,-0.1519949805408716,0.3142974200844765
1780625918653609200,7.762609130859375,0.06771802996397018,-0.29871815815865993,0.37783027331829067
1780625918663604200,7.772604248046875,0.015418518406152725,-0.4513292247712612,0.35421471219211814
1780625918673599200,7.78259912109375,-0.026972105012461542,-0.5408370617389678,0.3828711900949478
1780625918683594200,7.79259423828125,-0.09722820208668709,-0.5609066208213568,0.44173400569111104
1780625918693589200,7.80258935546875,-0.205645395250991,-0.4756237080723047,0.4801224807962775
1780625918703584300,7.812584228515625,-0.23386611208505928,-0.33070144239664073,0.5035854817092419
1780625918713579300,7.822579345703125,-0.12160042679905891,-0.22411913650929927,0.5070601720824838
1780625918723574300,7.83257421875,-0.05254274572916329,-0.13404197522103786,0.43904841986894605
1780625918733569000,7.842569091796875,-0.018011530574038623,-0.028140052813291547,0.34245997699052094
1780625918743564000,7.85256396484375,-0.06329203021526336,0.08852817828059197,0.2934834723755717
1780625918753559000,7.86255908203125,-0.37510757035613057,0.16469547215998173,0.28136925621181724
1780625918763554000,7.872553955078125,-0.8443336863458156,0.10960369953513145,0.20145897641181945
1780625918773550000,7.882550048828125,-0.8173110932551324,0.026382980012893676,0.16675328147262333
1780625918783545000,7.892545166015625,-0.42832726549878714,-0.012616320466995238,0.10249386752992867
1780625918793540000,7.9025400390625,0.05102167364172637,-0.05692074161767959,0.05756634604483842
1780625918803535000,7.91253515625,0.37477336996570226,-0.1424269417285919,0.005467033234238625
1780625918813530000,7.922530029296875,0.2842143434446305,-0.22516484616994856,-0.2123214389488101
1780625918823525000,7.932525146484375,0.11234393815398215,-0.1997837366759777,-0.3954454249858856
1780625918833520000,7.94252001953125,0.10409633429050445,-0.10243570760190486,-0.44745910533964633
1780625918843515100,7.95251513671875,0.11421791533231734,-0.025130934125185012,-0.4300701636433601
1780625918853510100,7.96251025390625,0.024463556257635355,-0.05536006817221641,-0.44667233887612817
1780625918863505200,7.972505126953125,-0.042048166656494135,-0.16661562656760215,-0.529921115449071
1780625918873500200,7.982500244140625,-0.0037013387359678745,-0.24745617295503614,-0.4998299285680055
1780625918883495200,7.9924951171875,0.1299133509837091,-0.31297347800433634,-0.45978404164463277
1780625918893490200,8.002490234375,0.13176394728645682,-0.39773967340290545,-0.3378802479848265
1780625918903485200,8.012485107421876,0.09147168438658118,-0.44287002398371694,-0.10527239233255385
1780625918913480000,8.02247998046875,-0.011401830110698938,-0.45327392909824843,0.13158055354356765
1780625918923476200,8.032476318359375,-0.04985854814648628,-0.4918967974811792,0.23919980126321314
1780625918933471200,8.04247119140625,0.032410569739341734,-0.5105757789880037,0.18724574214220047
1780625918943466200,8.05246630859375,0.1510112302005291,-0.505370027038455,0.017413199354708194
1780625918953461200,8.062461181640625,0.19806275810226798,-0.4609364265501499,-0.132133803512156
1780625918963456300,8.072456298828126,0.16117022064328193,-0.4065723836779594,-0.1984215084120631
1780625918973451300,8.082451171875,0.18985840885862706,-0.3294990808695554,-0.13040040384829044
1780625918983446000,8.092446044921875,0.3659315996013581,-0.2995896802961826,0.004035831387341022
1780625918993441000,8.10244091796875,0.6476793337367475,-0.3153928141057491,0.12145166597813367
1780625919003436000,8.11243603515625,0.7848983315587044,-0.400582787874341,0.13296587042212485
1780625919013431000,8.12243115234375,0.7585923623047769,-0.50912791826725,0.03090396456867456
1780625919023426000,8.132426025390625,0.5970366494752466,-0.5695756649672985,-0.1471370191156864
1780625919033421000,8.142421142578126,0.4271042995750904,-0.600461217096448,-0.30842268283218144
1780625919043416000,8.152416015625,0.2504148766301572,-0.6250730957835913,-0.39841888783872126
1780625919053411000,8.1624111328125,0.15580401743501424,-0.7001572706013918,-0.3762307291671633
1780625919063407000,8.172406982421874,0.11621683406457305,-0.7775450461864472,-0.2322609419107437
1780625919073402000,8.182402099609375,0.12768179253935813,-0.800100576865673,-0.024601357293128966
1780625919083397000,8.192397216796875,0.2154756651960313,-0.7880325379312038,0.11842559615522623
1780625919093392100,8.20239208984375,0.3974712317250669,-0.6260942555248737,0.20506196933984755
1780625919103387100,8.21238720703125,0.677722735953331,-0.21853402985334394,0.2909349569365382
1780625919113382100,8.222382080078125,0.6871392374657094,0.24153145908117293,0.417315603749454
1780625919123377200,8.232377197265626,0.11215557597503066,0.44490065302848814,0.5676712926506996
1780625919133372200,8.2423720703125,-0.5383902531087398,0.561444965481758,0.5929883969977497
1780625919143367200,8.2523671875,-1.3124889582335948,0.49405894395112987,0.24002836104184389
1780625919153362000,8.26236181640625,-1.9202968848310409,0.3926999256700277,-0.1570107628762722
1780625919163357000,8.27235693359375,-1.6814916358433663,0.4244160834044218,-0.11423866585940122
1780625919173352000,8.28235205078125,-0.9061505294419825,0.31872868053019043,0.1472416485339403
1780625919183347000,8.292346923828125,-0.041377135527133936,0.43346740486621854,0.84456325731799
1780625919193342200,8.30234228515625,0.08265358715876936,0.8318389464318752,1.917742962564528
1780625919203338200,8.312338134765625,-0.6472760136328637,0.751990918213129,2.210782636695355
1780625919213333200,8.322333251953125,-1.5702961370721458,0.6542424916446209,2.0816225882969794
1780625919223328000,8.332327880859374,-2.0668542043626306,0.5263356581777334,1.8104307349674402
1780625919233323000,8.342322998046875,-2.0406782912291583,0.48358372716605663,1.8309626508645713
1780625919243318000,8.352318115234375,-1.32082993946895,0.2949023992627859,1.7629563054785131
1780625919253313000,8.36231298828125,-0.1348562872786075,-0.24686814393401144,1.1754802421614527
1780625919263308000,8.37230810546875,0.7651600502572953,-0.7089572476506233,0.6204080265820026
1780625919273303000,8.382302978515625,1.2445746750451623,-0.8385212006747722,0.35804508413523434
1780625919283298000,8.392298095703126,1.518369404349476,-0.84052085005939,0.031161738722026346
1780625919293293000,8.40229296875,1.1889257069289683,-0.6638701516896486,-0.3271083863407373
1780625919303288000,8.4122880859375,0.3585783142291009,-0.2993202157050371,-0.5239290354274213
1780625919313283300,8.422283447265626,-0.527318385604769,-0.05705342808663845,-0.6804873783610761
1780625919323278000,8.432278076171874,-1.2861327200971544,-0.04339665865600109,-0.8441020695470273
1780625919333273000,8.442273193359375,-1.5486207502283156,-0.1221586452037096,-0.8616770353347063
1780625919343268000,8.45226806640625,-1.3761854775965212,-0.14852116695046425,-0.5710292247764766
1780625919353264000,8.46226416015625,-0.9519115060765295,-0.11410334904193878,-0.024916999113559723
1780625919363259100,8.472259033203125,-0.7280605920493602,-0.15495266130268573,0.47413960699439045
1780625919373254100,8.482254150390625,-0.3533867369353771,-0.2195774014264345,0.7620369498006999
1780625919383249200,8.492249267578124,0.4437082283735275,-0.19314239896535873,0.7100615556307137
1780625919393244000,8.502243896484375,1.1243710363667458,-0.12982114265561104,0.41238472321853037
1780625919403239000,8.512239013671875,1.554989554607868,-0.11504735189378261,0.10425284002646804
1780625919413234000,8.52223388671875,1.641816774189472,-0.09584989947080612,-0.09358049323409795
1780625919423229200,8.532229248046875,1.3782652064800263,-0.09579670797884464,-0.06157061325013637
1780625919433224200,8.54222412109375,0.8370282587032765,-0.020216274076700208,0.18055077454820273
1780625919443219200,8.55221923828125,0.46457207963876423,0.14757541053295134,0.46090924628227947
1780625919453214200,8.562214111328124,0.28920499133877453,0.2412935586720705,0.6863885652288794
1780625919463209200,8.572209228515625,0.22573066335916517,0.15770225227177143,0.7578612715512514
1780625919473204200,8.582204345703126,0.19671974599547684,-0.06365910996198654,0.8253541144572198
1780625919483199200,8.59219921875,0.22586977956891058,-0.3280506356269121,0.8833927541889249
1780625919493195000,8.602195068359375,0.3059271396894008,-0.4164496345698833,0.8001068604759871
1780625919503190000,8.61218994140625,0.3007516367476433,-0.47963002110421654,0.6530128037191927
1780625919513185000,8.62218505859375,0.16873276485204697,-0.48978725798130035,0.4084295558519661
1780625919523180000,8.632179931640625,0.02044080354757607,-0.4414537274450063,0.18762042067348955
1780625919533175000,8.642175048828125,-0.14652918941564858,-0.34501287634372707,0.04678396300673485
1780625919543170300,8.65217041015625,-0.48420624297857284,-0.11040507904589175,-0.05499444973021746
1780625919553165300,8.662165283203125,-1.0154302577197551,0.2197860757410526,-0.16963614343255756
1780625919563160000,8.67216015625,-1.4739865111351012,0.41090953609943387,-0.2735429465003312
1780625919573155000,8.682155029296876,-1.5560744272351263,0.3235007172375917,-0.39489699732288713
1780625919583150000,8.692150146484375,-1.4354852233052253,0.02093698956668377,-0.48482364422455426
1780625919593145000,8.70214501953125,-1.2277964125931262,-0.28118951573073864,-0.5422147798329592
1780625919603140000,8.71214013671875,-0.7697206361711024,-0.36273791812658307,-0.6786722917631268
1780625919613135000,8.722135009765625,-0.3030594022333622,-0.07448270179331302,-0.7879113957695663
1780625919623130000,8.732130126953125,-0.04776132013890892,0.3171060477644205,-0.8712773689813912
1780625919633125000,8.742125,-0.07603811454176902,0.6912088249921798,-1.0060520423911512
1780625919643121000,8.752120849609375,-0.4496959975462407,1.09009591486454,-0.9125859693169593
1780625919653116000,8.762115966796875,-0.7302337713699787,1.312951315048337,-0.7328693075053393
1780625919663111200,8.772111083984376,-0.6894307094037533,1.159841651263833,-0.6057224986255169
1780625919673106200,8.782106201171874,-0.5155612392503768,0.6356599562495947,-0.49910848242565986
1780625919683101200,8.79210107421875,-0.14945866699628532,0.006585808131098747,-0.4909462187580764
1780625919693096200,8.80209619140625,-0.1003027141612023,-0.3680395316660404,-0.6446148315995931
1780625919703091200,8.81209130859375,-0.1798678337853402,-0.29190789362192154,-0.6015900749959051
1780625919713086200,8.822086181640625,-0.08895129906348884,-0.00877425808608532,-0.333904183960706
1780625919723081200,8.832081298828125,0.2054782219905406,0.09291267697513103,-0.059934098089486354
1780625919733076000,8.842075927734374,0.47826633153557774,0.02085807911157608,0.10604016183465718
1780625919743071000,8.852071044921875,0.48121575592570004,-0.006610358050465583,0.16359993200823664
1780625919753066800,8.862066650390625,0.4312192606132477,0.12777823865115642,0.15694135090187192
1780625919763062000,8.87206201171875,0.3155973237019032,0.2303998242139816,0.023296119913458823
1780625919773057000,8.88205712890625,0.09068155692219734,0.22852876964509486,-0.2892161703199148
1780625919783052800,8.892052734375,0.11801621163673698,0.22333237004578113,-0.5302540737304836
1780625919793047800,8.9020478515625,0.18247019830346106,0.2337035419344902,-0.40716954585351045
1780625919803042800,8.912042724609375,-0.11996617666073142,0.22276479929089546,-0.24988975677751002
1780625919813037800,8.922037841796875,-0.717070411479473,0.16378011088073252,-0.01656001659147441
1780625919823032800,8.93203271484375,-1.1071744754374027,0.08387538403868675,0.4108934617474675
1780625919833027800,8.94202783203125,-0.8688018457133323,0.02444645899236202,0.9323578606270253
1780625919843022800,8.95202294921875,0.0002570800336077809,-0.14341829085350036,1.4778563383057712
1780625919853017900,8.962017822265626,1.0617863507032395,-0.43800621733963485,1.931510206632316
1780625919863012900,8.972012939453125,1.6523814228236675,-0.7890724023729563,2.0387645665623246
1780625919873007900,8.9820078125,1.6564894426643848,-1.0381751734912394,1.7645801072880625
1780625919883003000,8.9920029296875,1.4106956499636172,-0.8325877189725637,1.137417418814078
1780625919892998000,9.001997802734374,1.3239327277898787,-0.4286608813673258,0.05775229707099497
1780625919902993000,9.011992919921875,1.53213942489624,0.002514028647542,-0.8598902980484068
1780625919912988000,9.02198779296875,1.7181401354134083,0.28957097510695456,-1.1576646725509314
1780625919922983000,9.03198291015625,1.6322434746801853,0.29332711277008056,-1.5172211110971867
1780625919932979000,9.04197900390625,1.3293769646704197,0.07852876231372356,-1.8723250272139906
1780625919942974000,9.051973876953125,0.7691687744420022,0.017245733833312987,-1.8408201741427181
1780625919952969000,9.061968994140624,0.45578324503805484,0.009536474630236625,-1.3983081698164344
1780625919962963700,9.071963623046875,0.5014391173303127,-0.004528875601291656,-0.7481830503627658
1780625919972958700,9.081958740234375,0.5541209062039851,-0.14229074812829492,-0.19127934503983704
1780625919982953700,9.09195361328125,0.7686229040622711,-0.32600597805678844,0.26577457752116024
1780625919992949000,9.101948974609375,0.8904828585803508,-0.4227414281904697,0.32467684834487737
1780625920002944000,9.111944091796875,0.7546868062335997,-0.6929477776139974,-0.09281893427707254
1780625920012939000,9.12193896484375,0.5543547149598598,-0.8814759607821703,-0.5844971205715089
1780625920022934000,9.13193408203125,0.2091513575453311,-1.2137614574998616,-0.9954504227474331
1780625920032929000,9.141928955078125,0.1707387709122151,-1.4277987604558466,-0.9435537198368459
1780625920042924000,9.151924072265626,0.21852931714560836,-1.451877555179596,-0.6308042598467319
1780625920052918800,9.161918701171874,0.20998945233728736,-1.3392360953837632,-0.26140823553781956
1780625920062913800,9.171913818359375,0.14520342070460318,-1.1730360638797281,-0.055838663735706354
1780625920072909800,9.181909912109376,-0.36901108011193573,-1.006980409282446,-0.08480884723020717
1780625920082904800,9.19190478515625,-0.15153503487892447,-0.7475719327270984,0.16014237543288617
1780625920092899800,9.20189990234375,0.9887328049302101,-0.1335556530088186,0.7821537820909172
1780625920102894800,9.211894775390626,1.4603566297113895,0.5409837767332792,1.4570793616063893
1780625920112890000,9.22189013671875,0.9054313483219594,0.847779442885518,1.8052793435536323
1780625920122884900,9.231884765625,0.8981482055764645,0.29451836838126183,1.939095254933834
1780625920132880000,9.2418798828125,0.4643793335456401,-0.5290764813184737,1.9837983200132845
1780625920142875000,9.251875,0.008947934152558446,-1.0789157646805048,1.7885814528614281
1780625920152870000,9.261869873046875,0.06422032404132187,-1.2263128960371017,1.2885749986827373
1780625920162865000,9.271864990234375,0.17873970653824506,-1.0167997925072907,0.5716198841460048
1780625920172860000,9.28185986328125,-0.6829905202884227,-0.7333113521844148,-0.2584086701293476
1780625920182855000,9.29185498046875,-0.30785365077257154,-0.8817483479827642,-0.39388424008376893
1780625920192850000,9.301849853515625,1.2426537899851797,-1.4507505969762802,-0.2543504990460351
1780625920202845000,9.311844970703126,0.9495756835401058,-1.63100370375216,-0.7835441404707729
1780625920212840000,9.32183984375,0.8905494210105389,-1.4598358207076787,-1.6992475111559033
1780625920222835700,9.331835693359375,0.8138285849016159,-0.9890402634441852,-2.6209727724790572
1780625920232831000,9.3418310546875,0.03835983353257179,-0.5644412246882915,-3.3349060549765825
1780625920242826000,9.351825927734374,0.2406218699555844,-0.4099398142844438,-3.250954975353181
1780625920252821000,9.361821044921875,0.0035607612214982507,-0.6006973639398813,-2.406600392349809
1780625920262816000,9.37181591796875,-0.5898338784895837,-1.2326783394157885,-1.4161140217505395
1780625920272811000,9.38181103515625,-0.4858489686843008,-1.6856085696429013,-0.4686933608198538
1780625920282806000,9.391805908203125,-1.0327835435807704,-1.4964572861403227,0.07308708271645009
1780625920292801000,9.401801025390625,-0.4913958622217178,-0.7406418412029743,0.17099899275097996
1780625920302795800,9.411795654296874,0.29882278757691383,0.16552198611199856,0.09251010578991845
1780625920312790800,9.421790771484375,-0.015309651204198598,0.837656108278036,0.05715254107955843
1780625920322785800,9.431785888671875,1.0833877955280244,1.2775783883720635,0.4401727842563763
1780625920332780800,9.44178076171875,1.1297509027741848,1.4357511807650327,0.4726346092589199
1780625920342775800,9.45177587890625,-0.627147563970089,0.9479121342420578,-0.10796438962919637
1780625920352772000,9.461772216796875,-1.3375041570246218,0.2239385192453861,-0.630418913790956
1780625920362767000,9.47176708984375,-1.9890135704435408,-0.35318156975209714,-0.7488317965950816
1780625920372761900,9.481761962890625,-2.8405145180702207,-0.7250450436204672,-0.6183160958040506
1780625920382756900,9.4917568359375,-1.8767922357559204,-0.8269879992693662,-0.23026118292827158
1780625920392751900,9.501751953125,0.6422295438982546,-0.46290918792784214,0.3622521439036354
1780625920402747000,9.511746826171875,0.7135879761911929,0.5920154603123664,0.859250611905381
1780625920412742000,9.521741943359375,-0.22938392516970632,1.6505442705243825,0.8123170843601226
1780625920422737000,9.53173681640625,-1.1483737701795995,2.105598653298616,0.23663407896105199
1780625920432732000,9.54173193359375,-2.5509362364396453,1.8569301819443702,-0.445676240510866
1780625920442727000,9.551726806640625,-2.3229881892919537,1.1111907253414393,-0.8896048336368053
1780625920452722000,9.561721923828125,-1.862132134501636,0.5206003293961287,-0.5592413179576396
1780625920462717000,9.571717041015624,-1.184346270184219,0.31404607567191123,0.30768435862027105
1780625920472711700,9.581711669921875,0.19165537527799606,0.3264993145316839,1.0330998429883271
1780625920482706700,9.591706787109375,0.360752735658735,0.34938802268803115,1.1439594608686863
1780625920492702000,9.601701904296876,-0.2089817731320858,0.3328384544253349,1.0278919721469282
1780625920502698000,9.611697998046875,-0.5720388402104377,0.17834931898117065,0.6900504487372935
1780625920512693000,9.62169287109375,-0.8776055490896105,-0.2721194895684719,0.1777541660996154
1780625920522688000,9.63168798828125,-1.1286392882704734,-0.8319003212302922,-0.2672028932912275
1780625920532683000,9.64168310546875,-0.9131482793748378,-1.1370984890580176,-0.30131201057676227
1780625920542677800,9.651677734375,-0.03680851243734359,-1.0093921465992928,0.11754333342798054
1780625920552672800,9.6616728515625,0.17887772676944733,-0.5579366650998592,0.2735074733281508
1780625920562667800,9.671667724609375,0.34489831005334853,0.03073416095972061,-0.042563422702252864
1780625920572662800,9.681662841796875,1.4931912700816987,0.6382242537796496,-0.5540703085279092
1780625920582657800,9.69165771484375,2.88334565179795,1.0751309854447841,-0.9445566132690757
1780625920592652800,9.70165283203125,2.277037462238967,1.4362743278563022,-1.1806256422258914
1780625920602647800,9.711647705078125,-0.3493454987205565,1.5718746384352444,-1.3241767656788228
1780625920612643000,9.72164306640625,-0.6796876062855124,1.2728922763824462,-1.4605344704963266
1780625920622638000,9.73163818359375,0.5145359147906303,0.7496177593410015,-1.398827225254476
1780625920632633000,9.741633056640625,0.46174745067209005,0.23231939409971236,-0.8448992843393236
1780625920642628900,9.75162890625,-0.4216425270378589,-0.04492459887564182,-0.040814021751657124
1780625920652624000,9.761623779296874,-2.0021207431674,0.1878887162208557,1.251491760957241
1780625920662619000,9.771618896484375,-3.477152379441261,1.0342729053556918,3.5932130000308153
1780625920672614000,9.78161376953125,-2.684558232682943,1.9360195007503032,6.336189227151871
1780625920682609000,9.79160888671875,1.1880033313870428,2.181652549931407,7.232991351881623
1780625920692604000,9.80160400390625,3.3566239657878874,1.3702315376281737,3.819759655947983
1780625920702599000,9.811598876953125,0.8500022335015237,1.1059311973780392,-1.0616355440557002
1780625920712594000,9.821593994140626,-2.551559629034996,2.28901460801959,-3.8500285374835133
1780625920722588700,9.831588623046875,-1.463333161304146,3.1767157269269224,-3.7983606018275022
1780625920732584000,9.841583984375,0.2164239058315754,3.0179122354149817,-1.9095159630976617
1780625920742579000,9.851578857421876,-0.6910908977009356,2.388425999364257,-0.3319641558088362
1780625920752573000,9.861572998046874,-0.7299076812207699,1.6076830339193344,0.06661547554954886
1780625920762568000,9.87156787109375,0.11224793043360114,1.4604144973784685,-0.16315174984931946
1780625920772563200,9.881563232421875,0.24169746329784392,1.6473551190942526,-0.254868933429569
1780625920782558200,9.89155810546875,0.11550737062096596,1.876384239476919,-0.16202859103828668
1780625920792554200,9.90155419921875,0.08646247792243957,1.9323691615492105,0.10238763067647814
1780625920802549200,9.91154931640625,-0.057168578898906704,1.8158774560660123,0.29371728113144635
1780625920812544000,9.9215439453125,0.22890454415492711,1.837211920517683,0.23462986299917102
1780625920822539000,9.9315390625,0.7847743398528546,1.9825299075126648,0.15888532457649707
1780625920832534000,9.941533935546875,0.6654932959120721,2.1512287700951096,0.14202347549423575
1780625920842529000,9.951529052734376,0.31858554573245346,2.3224615350693463,-0.0024792495951056477
1780625920852524000,9.96152392578125,0.15662373632006346,2.314045004379749,0.004745440961420536
1780625920862519000,9.97151904296875,-0.09452427689023316,1.8400363302886484,-0.07239975803941488
1780625920872514000,9.98151416015625,-0.27895371950268744,1.271943597355485,-0.16459581117779015
1780625920882509000,9.991509033203124,-0.20362989071011542,1.0628004961818456,-0.021513912671804428
1780625920892504300,10.00150439453125,-0.32770985936522484,1.1337994475126265,0.3281330532133579
1780625920902499000,10.0114990234375,-0.3956932987997308,1.3180273031383751,0.702852647165209
1780625920912494000,10.021494140625,0.010619630224443972,1.577407138121128,1.1893771039582788
1780625920922489000,10.031489013671875,-0.2029155684283003,1.7227309703350067,1.5383448554076253
1780625920932485000,10.041485107421876,-1.0695207443475723,1.5571026012390852,1.5939537837743758
1780625920942480100,10.051480224609374,-1.489824716258049,1.4220254377514123,1.5576444530308247
1780625920952475100,10.06147509765625,-1.15913847143054,1.5842425370991229,1.7071698285877703
1780625920962470100,10.07147021484375,-0.793358701390028,1.8811200358271598,1.857283233165741
1780625920972465200,10.081465087890624,-0.6171773740977049,2.067261616119742,1.9011472170725463
1780625920982460000,10.0914599609375,-0.5550701697528362,2.0015888282477854,1.9470912221238017
1780625920992455000,10.101454833984375,-0.14740122300982475,1.5740584122151136,1.8789613964885472
1780625921002450000,10.111449951171876,0.5511468222966417,0.9231465262979268,1.7271061166793107
1780625921012445200,10.121445068359375,1.2974872039347887,0.21885259428322315,1.4548039640203116
1780625921022440200,10.131440185546875,2.5192957742899655,-0.5194669414520263,0.9812325123026967
1780625921032435200,10.141435302734376,4.207435908237099,-0.9680196872472763,0.269256501352787
1780625921042430200,10.15143017578125,5.923605035838484,-0.7978922531664371,-0.72452686496526
1780625921052425200,10.16142529296875,6.929934872257709,-0.4738941078007221,-2.1894053560152646
1780625921062420200,10.171420166015626,7.065554472059011,-0.5982382803499698,-3.9158436564356087
1780625921072415200,10.181415283203124,4.518687384754419,-0.7719201920419931,-3.9361686515837904
1780625921082411000,10.191410888671875,2.2274667911231516,-1.0454296746641396,-3.051376698121428
1780625921092406000,10.201406005859376,3.7789246644735335,-1.764746988287568,-3.369638637922704
1780625921102401000,10.211401123046874,5.830322941029071,-2.293037872186303,-4.473709594386816
1780625921112396000,10.22139599609375,5.135030646115541,-2.1592799746036526,-5.003821848493814
1780625921122391000,10.23139111328125,1.3632543920919298,-1.7210393639862536,-4.041311864578724
1780625921132386300,10.24138623046875,-2.5424071852862835,-1.2408593077838421,-2.0051494433388113
1780625921142381300,10.25138134765625,-4.08559290485382,-0.9103589409172534,-0.431253674339503
1780625921152376000,10.2613759765625,-3.9858360610723493,-0.8399673078298568,0.2095239171847701
1780625921162371000,10.27137109375,-3.690245679545402,-0.8931956246703863,0.36402386628389355
1780625921172366000,10.281365966796875,-2.330961360128224,-0.5316051230132579,0.25674963260963557
1780625921182361000,10.291361083984375,1.6008648783370851,0.4165846591264009,-0.6778619982935488
1780625921192356000,10.301356201171876,3.5785122745051976,1.6937673261791466,-0.35677871746122836
1780625921202351000,10.31135107421875,2.2281135645940897,2.8036954842388626,1.758137214758992
1780625921212346000,10.32134619140625,0.8856929939553141,3.1106162380754947,3.5191704432204363
1780625921222342000,10.331341796875,0.5820306573927402,2.7619495153993365,4.0106911008656025
1780625921232337000,10.3413369140625,-1.3110200547248125,2.169855729153752,2.7694807876870033
1780625921242332000,10.351331787109375,-1.9385417127043008,1.7679273718893527,0.4899269952455535
1780625921252327200,10.3613271484375,-0.28503187037259337,2.0333874035686255,-1.2849841345839201
1780625921262322200,10.371322265625,2.3717855379477144,2.6643425431281327,-1.8543140080966054
1780625921272317200,10.381317138671875,3.862020880833268,3.194292884671688,-1.3238435882017017
1780625921282312200,10.391312255859376,2.9494477709978817,3.3046307437002658,-0.23912286356948315
1780625921292307200,10.40130712890625,1.0967699858009814,3.1692771013587713,0.5425022184722125
1780625921302302200,10.41130224609375,0.17118278835266829,2.7885657196462152,0.8336924653440714
1780625921312297200,10.421297119140625,0.4133966767400503,2.4314222605258227,0.9572989712685346
1780625921322292000,10.4312919921875,0.9930880775302648,2.0580653332293033,0.45406507947593927
1780625921332287000,10.441286865234375,0.24535306319594383,1.7483149089246988,-0.27533216800466176
1780625921342282000,10.451281982421875,-2.152013782992959,1.7008166601687669,-0.4430344207651913
1780625921352277000,10.461277099609376,-4.942269355422258,1.802242898467183,0.2775844769760966
1780625921362272000,10.47127197265625,-5.816697151258587,1.5063614250391721,1.532492183856666
1780625921372268300,10.481268310546875,-4.303094669049978,0.6751543467700482,3.0753955793514844
1780625921382263300,10.49126318359375,-2.757072264751792,-0.30000761344730853,4.856059390956163
1780625921392258000,10.501258056640625,-2.875048655834794,-1.490042742922902,5.858866313946247
1780625921402253000,10.511253173828125,-4.034795614552498,-2.9536458072096106,6.112713649243116
1780625921412248000,10.521248046875,-5.348624881479144,-4.3524429295867675,6.203631353008746
1780625921422243000,10.5312431640625,-6.342184083652496,-5.472292177680134,6.070395433473586
1780625921432238000,10.541238037109375,-7.03929774877429,-6.342617214372754,5.793186511811614
1780625921442233000,10.551233154296876,-7.469142871490121,-6.9645303848207,5.388683920145034
1780625921452228000,10.56122802734375,-8.554330556046962,-7.716708934560418,4.5351907757878305
1780625921462223000,10.57122314453125,-9.096442460027337,-8.747740666037798,3.4062793925777077
1780625921472218000,10.581218017578125,-8.424003217434883,-9.489610587731002,2.6500384157046675
1780625921482213000,10.591213134765624,-6.802071877932548,-9.390761506444216,2.2115499678060413
1780625921492208000,10.6012080078125,-3.378046693044901,-8.647054432451725,1.7765350412368774
1780625921502203000,10.611202880859375,-1.8001923956781625,-7.366579153594374,2.494400402486324
1780625921512199200,10.62119921875,-3.3086867410928007,-7.12686029689312,3.4365453515037894
1780625921522194200,10.631194091796875,-0.8588526255637406,-7.187576923662424,3.83806103631407
1780625921532189200,10.641189208984375,6.963770506364106,-3.781305422130227,3.7122321781650185
1780625921542184200,10.65118408203125,2.3252543806582686,1.404119778704643,2.783086995974183
1780625921552179200,10.66117919921875,-3.1876398565232753,5.2542035535067315,3.8265547229155894
1780625921562174200,10.67117431640625,2.1840514277666805,7.626144866538048,2.2646406297415496
1780625921572169000,10.6811689453125,1.5646873572796582,7.977821292424202,-0.8897937072724104
1780625921582164000,10.6911640625,-1.7288047372907398,6.610707594555616,-2.295147411686182
1780625921592159000,10.701158935546875,0.16603168919980524,4.50486578015089,-4.210677958898246
1780625921602154000,10.711154052734376,2.9725130047649144,3.961535732552409,-3.7096558979362246
1780625921612149000,10.72114892578125,1.3760586363464593,3.683043200820684,-1.2989981930196284
1780625921622144000,10.73114404296875,0.9989689522624016,2.9537995364665983,-0.9022188890814781
1780625921632139300,10.74113916015625,1.8250374985992908,3.2365795362591743,-0.7445201439410447
1780625921642134300,10.75113427734375,1.9924644415497779,3.9556133567661043,-0.47990357734858985
1780625921652129300,10.76112939453125,1.6306985833257437,4.151376167362928,-0.8438689914435148
1780625921662125000,10.771125,1.1185814201146365,3.583083527943492,-1.113899399778247
1780625921672120000,10.7811201171875,0.6443479973569513,2.438098669549823,-1.0781447803080082
1780625921682115000,10.791114990234375,1.392937290433049,1.2559779664605855,-0.9451163660436868
1780625921692110000,10.801110107421875,2.0434873573005197,0.36351591676175593,-0.4035217639356851
1780625921702105000,10.81110498046875,1.9514795202106237,-0.44632980904877184,-0.14302666118741034
1780625921712100000,10.82110009765625,1.0838345163822174,-0.5427554625809192,-0.24314181688725947
1780625921722095000,10.83109521484375,-0.7215577860265969,-0.14466975221931933,-0.2090244432300329
1780625921732090000,10.841090087890626,-1.6251725133806465,0.002769464713335037,-0.13146189559996127
1780625921742085000,10.851085205078125,-3.130031717163324,-0.4749357258081436,0.8381126198738813
1780625921752080100,10.861080078125,-3.7072406534880398,-1.5442057102650404,0.9605606034129858
1780625921762075100,10.8710751953125,-2.9315871201366184,-2.3952403555542228,1.1195838751554488
1780625921772070100,10.881070068359374,-3.230385942316055,-3.0154268483400344,1.3141273730903864
1780625921782065200,10.891065185546875,-1.8407079459398983,-3.2428158003002405,0.7258417469561099
1780625921792060400,10.901060302734376,-0.6295312442362309,-2.290801491436362,1.1319599571257828
1780625921802055400,10.911055419921874,-0.1719371138513088,-0.8878723838210105,0.639631782490015
1780625921812051200,10.92105126953125,-0.8688999723255634,0.009532967498898506,0.40935821500420566
1780625921822046200,10.931046142578126,-2.53109259506762,-0.509060698249936,0.5647206261515617
1780625921832041200,10.941041259765624,-1.7150205420881508,-1.2715823628276586,0.4176607639253139
1780625921842036200,10.9510361328125,-1.8074878133833407,-1.1617846020251512,0.3320756533592939
1780625921852031200,10.96103125,1.0908154613107441,-0.4052776676923036,-0.12693243547677993
1780625921862026200,10.971026123046874,1.9317852241814135,1.7298539540827274,1.4489993693947791
1780625921872021200,10.981021240234375,-0.20207213987410066,3.0461148320704696,1.6028694961577652
1780625921882016300,10.991016357421875,-0.7852753481775522,3.3900779071003195,0.09751578685641288
1780625921892011300,11.00101123046875,-1.9910352855294942,3.2129923244446514,-1.554976695126295
1780625921902006300,11.01100634765625,-1.3394441851764916,2.6187714630424974,-4.017995870921015
1780625921912001300,11.021001220703125,0.540674564653635,2.24147602725327,-5.793326212543249
1780625921921996300,11.030996337890626,1.2207032394617796,2.48487854090333,-5.963378827822208
1780625921931991300,11.0409912109375,2.8902731129735706,3.05366685488522,-7.3628592562884085
1780625921941986300,11.050986328125,5.198489849591255,4.166505347433686,-8.103608649519085
1780625921951981300,11.060981201171876,5.9860460021823645,6.0563277451544995,-7.3696478935152285
1780625921961977300,11.070977294921875,7.598301750844716,8.017005301821232,-6.90997812590003
1780625921971972400,11.080972412109375,8.601710731381177,9.277703867062925,-6.589055734717846
1780625921981967000,11.090967041015626,7.058295879232883,9.084396632924676,-6.1190820152312515
1780625921991962000,11.100962158203124,3.9379178333386777,7.449781752938032,-5.566123723065853
1780625922001957000,11.11095703125,2.003423057937622,4.926202017718553,-4.441777163553238
1780625922011952000,11.1209521484375,0.9153335144594311,2.362300208982825,-1.3886924924701451
1780625922021947400,11.130947509765624,-1.1703104383081198,0.07373422151356936,2.8876386728167533
1780625922031942400,11.1409423828125,-2.364839956593513,-2.088803293581307,5.646724615478515
1780625922041937400,11.1509375,-3.1765123133093116,-3.8171547341465946,6.498676375612616
1780625922051932400,11.160932373046874,-4.857088734003901,-4.978853995975852,5.67955837906599
1780625922061927400,11.170927490234375,-6.058017597937583,-4.745938974070548,4.50680522378087
1780625922071922200,11.180922119140625,-4.472141906678677,-2.8009564146637915,3.630940673139691
1780625922081917200,11.190917236328126,-1.8417372889876364,-1.0763649111539124,2.687273921382427
1780625922091912200,11.200912109375,-0.9461042080372571,-0.7464794613152742,1.535558293429017
1780625922101907200,11.2109072265625,-0.40901393161118027,-1.2148878311812876,0.5692828195005655
1780625922111902200,11.220902099609376,-0.2609960380077362,-1.5998995404362677,0.925968013459444
1780625922121898200,11.230898193359375,-0.9759136553674935,-1.800042465813458,2.229362395611405
1780625922131893200,11.240893310546875,-2.8934043967366216,-2.2819576752454043,2.229851640433073
1780625922141888300,11.25088818359375,-3.3804759660184382,-2.5880191819041967,1.7597446499556302
1780625922151883300,11.26088330078125,-2.3107962317168713,-2.095747267500311,1.5539093581557273
1780625922161878300,11.270878173828125,-0.28742344168424605,-1.0770160685390233,1.0849977149426937
1780625922171873300,11.280873291015626,2.6870120555758477,-0.27925401762351393,1.621111839812994
1780625922181868300,11.290868408203124,1.644066014420986,-0.3181700237341225,1.9684177955299615
1780625922191863300,11.30086328125,-0.7430921569645405,-0.8814477576009929,1.9120289688318968
1780625922201858300,11.3108583984375,-1.4007628694921732,-0.9509836506418883,1.2219459329992532
1780625922211853300,11.320853271484374,1.2572504706144332,0.21689218093045054,1.671286029779911
1780625922221848300,11.330848388671875,2.786311218717694,1.9309660167530178,2.6142110232591627
1780625922231843300,11.34084326171875,1.28027069619596,2.6203935112863777,2.126791078931093
1780625922241838300,11.35083837890625,-1.1284849744915961,2.1641890816941856,1.469303906276822
1780625922251833000,11.3608330078125,-3.608556991896033,1.2039796298064291,1.3714981965631245
1780625922261828000,11.370828125,-3.5290830576866865,0.3830017942046746,2.7358243095397947
1780625922271824400,11.380824462890626,-2.7202351107418536,-0.027610074122436344,4.302757984441518
1780625922281819400,11.3908193359375,-2.8056355123907326,-0.24614346465496345,5.623698544678092
1780625922291814400,11.400814453125,-3.1329017196416853,-0.3603320625612512,5.822233158075809
1780625922301809400,11.410809326171876,-2.077016117414832,0.01980084340991452,5.4947904252141715
1780625922311804400,11.420804443359375,-2.225934759250283,0.1905624837410636,4.318734721252322
1780625922321799200,11.430799072265625,-3.4775855101615187,-0.057775093424692746,2.0292244386702776
1780625922331794200,11.440794189453126,-3.7454344828039408,-0.043075226415600625,2.1739695942133666
1780625922341789200,11.4507890625,-4.839759413540363,0.11095502281254156,3.126305974638462
1780625922351784200,11.4607841796875,-3.819994341486692,-0.06723976319404319,3.3810867913931606
1780625922361779200,11.470779296875,-0.01897182697355747,0.03989464188441634,4.409913121780753
1780625922371774200,11.480774169921874,0.9164876529306173,0.4531869449345395,4.713934647044539
1780625922381769200,11.490769287109375,-1.3805489335030317,0.7077615350600331,3.2009254545539614
1780625922391764200,11.50076416015625,-2.6646932562619448,0.9701059920020401,1.6772937457621098
1780625922401759500,11.510759521484376,-0.9450409627199172,1.4404880000285802,0.10349369222223759
1780625922411754500,11.52075439453125,2.472352236807346,2.7274261912897226,-1.1042968741744756
1780625922421750300,11.530750244140625,4.782130231392383,4.448030378729105,-1.5281681831777094
1780625922431745300,11.540745361328124,4.577953228193521,4.685185522422194,-2.2593816863000393
1780625922441740300,11.550740234375,2.4387182627528903,3.116505588375032,-2.6559569920986887
1780625922451735300,11.5607353515625,0.4759072011888027,0.8743214128524065,-2.678340088820457
1780625922461730300,11.570730224609376,-0.0026958149552345273,-0.49275392576716837,-2.218535296648741
1780625922471725300,11.580725341796875,1.4595909060359,-0.6320407428391277,-1.568455185380578
1780625922481720300,11.59072021484375,3.6062469613879915,0.6352447995774447,-0.5344184268683195
1780625922491715000,11.600715087890626,3.7975375950068235,2.245137910761684,0.05140811567604541
1780625922501710000,11.6107099609375,1.771820872196555,2.47190712338835,-0.8168459599614143
1780625922511705000,11.620705078125,-1.0671066689431667,1.6516519395053386,-2.2447540260106322
1780625922521700400,11.630700439453125,-2.6750053914397953,0.6274453778728842,-2.0138918449819085
1780625922531695400,11.6406953125,-1.5024708473414181,-0.49836730866953727,0.6774187845706939
1780625922541690400,11.6506904296875,0.7789321166306734,-0.8846133089598268,4.581713457509875
1780625922551685400,11.660685302734375,1.0897142220705747,-0.09954057068228721,6.626786622697114
1780625922561680400,11.670680419921876,-1.8972376424133777,0.570358047516644,4.827200376218557
1780625922571675400,11.68067529296875,-3.2852222788751124,0.05401398732550442,0.5599836607575416
1780625922581670400,11.69067041015625,-1.8451549884766338,-0.9979966731641441,-1.664046141654253
1780625922591666200,11.700666259765624,-0.24796646056473254,-1.5940091672234236,-1.7194547251433132
1780625922601661200,11.7106611328125,0.35513562642931934,-1.3070888527557254,-0.5070879368722438
1780625922611656200,11.72065625,-0.048806993266940116,-0.11421952276751399,1.2668641021341085
1780625922621651200,11.730651123046876,0.7615940283387899,1.1524008337385951,2.993366407701373
1780625922631646200,11.740646240234375,0.5121458047837019,1.85920090335533,3.9598172381967305
1780625922641641500,11.750641357421875,-0.7594213604748249,1.8019664196133613,1.9091858543604612
1780625922651636500,11.760636474609376,0.4206155220776796,1.1642688200563192,-1.027262149810791
1780625922661631200,11.77063134765625,1.8859134075835347,0.23572131149768827,-3.0523347294986247
1780625922671626200,11.780626220703125,2.1566502106219527,-0.23723602690957485,-3.5297838994324207
1780625922681621200,11.790621337890625,1.9792606765836476,-0.39263745489306745,-2.724238501164317
1780625922691616300,11.8006162109375,1.8778467132449148,-0.1955725487217307,-1.5285294177055357
1780625922701611300,11.810611328125,0.8529635675251483,0.2387107025720179,-0.7590455128997564
1780625922711606300,11.820606201171875,0.7015735671401023,0.49124958561882376,-0.7238029346048831
1780625922721601300,11.830601318359374,0.6394803913205862,0.5876939438514411,-1.8011060033917425
1780625922731596300,11.84059619140625,1.241066520793736,0.3581717792548239,-4.047317826995253
1780625922741592000,11.850592041015625,2.85133284920454,0.22263912708461284,-5.019784556779265
1780625922751587300,11.86058740234375,3.0403990847721696,0.4658699374295771,-3.9888241369724273
1780625922761582300,11.870582275390625,2.109133549426496,0.5770962697304785,-2.6804922984182835
1780625922771577300,11.880577392578125,1.0979857913315296,0.7063805290304124,-1.341700439670682
1780625922781572400,11.890572265625,-0.3039607349872589,0.5138149070397019,-0.31964871798455713
1780625922791567400,11.9005673828125,-1.3942469117268919,-0.1416788998402655,-0.24196575884521007
1780625922801562400,11.910562255859375,-1.0304840344667434,-0.9260866714030503,-0.7664929062962531
1780625922811557400,11.920557373046876,-0.12143909875750541,-1.5708030636809764,-1.666378968515992
1780625922821552400,11.930552490234374,0.5473723087266087,-1.77948599999696,-2.1831746449321505
1780625922831547400,11.94054736328125,0.5724395299658179,-1.6034233306482433,-1.7533850517958403
1780625922841542400,11.95054248046875,-0.7200266309365629,-1.4332856674343346,-1.2306260830610989
1780625922851537400,11.960537353515624,-2.30883136138469,-1.17427744224295,-0.819556387963891
1780625922861532400,11.970532470703125,-2.9049115869179367,-0.7579267380028962,0.018935002094507217
1780625922871527400,11.98052734375,-2.2548843748807905,-0.6381601025022566,0.3074807258069515
1780625922881522400,11.9905224609375,0.013893793056905268,-0.9705255325883626,-0.04825695816874504
1780625922891517400,12.000517333984375,1.8737535987123846,-1.092883353625983,-0.7712538370877504
1780625922901513200,12.01051318359375,1.4992822804331778,-0.902030673032999,-1.8111825762480496
1780625922911508200,12.02050830078125,0.45311961531937117,-0.6937602630406617,-2.082156402912736
1780625922921503200,12.030503173828125,0.06172638833373785,-0.449738740709424,-1.1162760657817126
1780625922931498200,12.040498291015625,-0.4182338876381516,-0.554609858764708,-0.42975919799804685
1780625922941493500,12.050493408203126,-0.19451134923100472,-1.0885660749487578,-0.09102057961821555
1780625922951488500,12.060488525390625,0.24648382079154252,-1.4462670218214393,-0.08563947110176086
1780625922961483500,12.0704833984375,-0.26476825002282856,-1.1956921323239802,-0.24047464350461958
1780625922971478500,12.080478515625,-0.07222557051628828,-0.7999535696104169,0.23387714493572712
1780625922981473500,12.0904736328125,0.1967129509285092,-0.6845590117141604,0.7125918047606945
1780625922991468500,12.100468505859375,-0.4891533439919352,-0.894117415690422,0.44251171206533907
1780625923001463300,12.11046337890625,-0.6984472518131136,-1.3849948069959879,-0.3592687807112932
1780625923011458300,12.120458251953124,-0.09933335767239332,-1.795221329267323,-0.9229057032793759
1780625923021453300,12.130453369140625,-0.10770210369750857,-1.7939593465074897,-0.7631582089155912
1780625923031448300,12.1404482421875,-1.0716497192002832,-1.8762734725788235,-0.044808863541483876
1780625923041443300,12.150443359375,-1.8234530058868228,-2.443662441156804,0.484866168192029
1780625923051438300,12.160438232421875,-1.6722607200309634,-2.6812206126928326,0.5532809482485056
1780625923061433300,12.170433349609375,-1.163338553468883,-1.8899226432248948,0.66250587759912
1780625923071429400,12.180429443359374,-0.43793549019098277,-0.7459846635356545,1.2312462607860564
1780625923081424400,12.19042431640625,0.5308510897755623,0.045885845123231406,1.485116976958513
1780625923091419400,12.20041943359375,1.0796877719663083,0.7940954912319779,0.7716343608379364
1780625923101414400,12.210414306640626,0.6133142689287662,1.5366282607480883,-0.11432780544757842
1780625923111409400,12.220409423828125,0.7375612647138535,1.9844252197399734,-0.2834071917802095
1780625923121404400,12.230404296875,1.147055234926939,2.2110642301157117,0.10577975733280182
1780625923131399400,12.2403994140625,0.6734859751664102,2.2590677980452774,0.9048884005516767
1780625923141394400,12.25039453125,0.33917467170953747,1.7825664303556084,1.6077186897546052
1780625923151389400,12.260389404296875,0.1161727026619017,0.8245239472433924,1.5702572663664818
1780625923161384400,12.270384521484376,-0.4536952232502401,0.21220102743953465,1.2430758147895336
1780625923171379200,12.280379150390624,-0.38040801485180853,0.053364802701771255,0.8843786964863538
1780625923181374200,12.290374267578125,0.3766284963130951,0.1901867640301585,0.3086795802026987
1780625923191369200,12.300369140625,1.4466577747046947,0.5966501343756914,-0.2520101829975843
1780625923201364200,12.3103642578125,2.089672916022688,1.3484554668888449,-0.4121019607543945
1780625923211359500,12.320359375,1.243010494468361,2.0153806222349404,-0.3125216425836086
1780625923221354500,12.3303544921875,0.46514147702455516,2.023473912319541,-0.46646483458280563
1780625923231350500,12.3403505859375,0.46293446849957104,1.5130714440718291,-0.4763584520876407
1780625923241345300,12.35034521484375,1.3403122001826762,0.7859013711214065,-0.26230828965008257
1780625923251340300,12.36034033203125,2.246136420279741,0.39891456240117545,-0.19302257197797298
1780625923261335300,12.370335205078124,2.645245628470182,0.6142106332466006,-0.514801287728548
1780625923271330300,12.380330322265625,2.28233819899559,0.993455157276988,-1.1624831056833267
1780625923281325300,12.3903251953125,1.3316390643835068,1.3394172971695661,-1.4399585693269967
1780625923291320300,12.4003203125,0.8226420059543103,1.478962545982003,-1.4223533545315266
1780625923301315300,12.4103154296875,0.15421192593798042,1.098097142751515,-1.3574451212912797
1780625923311310300,12.420310302734375,-1.0447861160635947,0.454811513929069,-1.2359183442503212
1780625923321305300,12.430305419921876,-1.711616871124506,-0.39394086564183234,-1.3349410285383463
1780625923331300600,12.440300537109374,-1.9281483289837835,-0.9066098175168037,-1.6066507682621478
1780625923341295400,12.45029541015625,-1.2587258038640021,-1.2290659941375255,-2.05365160844028
1780625923351290400,12.460290283203125,0.13698621197938918,-1.0743816283822059,-2.131379575765133
1780625923361285400,12.470285400390624,0.6181728148758411,-0.24600801997333763,-1.3990461287021636
1780625923371280400,12.4802802734375,-0.5347276389479637,-0.0957937853693962,-0.10208791707754135
1780625923381275400,12.490275390625,-2.4025498017847537,-0.532386628779769,0.901286576667428
1780625923391270400,12.5002705078125,-3.6299008086979385,-0.9109946084722876,0.9290297391176223
1780625923401266400,12.510266357421875,-3.6435002949833866,-1.3522268021211028,0.28328853383660313
1780625923411261400,12.520261474609375,-2.1483575985729693,-1.5401248706921935,-0.5442617754906416
1780625923421256200,12.530256103515624,-0.3547077564060688,-1.3481468393310905,-1.0621370638370513
1780625923431251200,12.540251220703125,-0.1382084381175693,-1.0427844208523631,-1.1754969010353087
1780625923441246500,12.55024658203125,-0.7154705750674009,-0.7358367790088057,-1.060112280011177
1780625923451241500,12.560241455078126,-1.1153636271119116,-0.6085515845716,-0.6583727233171462
1780625923461236500,12.570236572265625,-0.7926146050244569,-0.5521329472571611,0.2772165204465389
1780625923471231500,12.5802314453125,-0.19153436098052187,-0.41744215273857116,1.1735352455735206
1780625923481226500,12.5902265625,0.3933879444668069,-0.20149550902992486,1.4917191517025232
1780625923491221500,12.600221435546874,1.117006133621931,-0.052044075492024416,0.8314590072035789
1780625923501216500,12.610216552734375,1.31225573399961,0.2679877965912223,-0.154989486181736
1780625923511211500,12.62021142578125,1.2132207747519015,0.7495423560172318,-0.5248024572610854
1780625923521206300,12.630206298828124,1.3992963040709494,0.9121785575598478,-0.36844285176992414
1780625923531201300,12.640201171875,0.5969482405394315,0.8273343284890056,0.017895137652754783
1780625923541196300,12.6501962890625,-0.689345369207859,0.3285407572314143,-0.183671390786767
1780625923551191300,12.66019140625,-1.4788631772607563,-0.3651321197867393,-0.81422437928617
1780625923561186300,12.670186279296875,-1.3667898727416992,-0.557446543495357,-1.2822200766980647
1780625923571182600,12.6801826171875,-0.6173211664825677,-0.28381869519054886,-1.4333879587650298
1780625923581177600,12.690177490234374,0.08137542044911533,0.45596214526891704,-1.2690426152169703
1780625923591172400,12.70017236328125,0.9105279408086091,1.021931894698739,-1.321634387719631
1780625923601167400,12.71016748046875,0.9906541283816098,1.4091656639173626,-1.176119416847825
1780625923611162400,12.720162353515626,0.07340776603817939,1.0621142674833535,-1.0242197133749722
1780625923621157400,12.730157470703125,-1.1599901198238134,0.30490298427343365,-0.6669412296980619
1780625923631152400,12.74015234375,-1.5498919392079114,-0.5226397262692452,-0.2299035651296377
1780625923641147400,12.7501474609375,-1.3900240333348513,-0.9543944819986819,0.170073658066988
1780625923651142400,12.760142333984374,-1.0691413896411657,-0.7222071898460388,0.26007132437825203
1780625923661137400,12.770137451171875,-0.48495793812870974,-0.06927548853904009,-0.12059797175824641
1780625923671132400,12.78013232421875,0.05917001838181168,0.7158586976021528,-0.5272948585987091
1780625923681127400,12.79012744140625,-0.43841593065168705,1.005165761075914,-0.4405845433950424
1780625923691122200,12.8001220703125,-0.9184136525571346,0.31633418660908935,-0.44081718310713763
1780625923701117200,12.8101171875,-1.2563105594158173,-0.4596820425748825,-0.5297936896771193
1780625923711112400,12.820112548828124,-1.8145938459962605,-0.8781485699251294,-0.4453600872337818
1780625923721107500,12.830107421875,-1.8595014937371015,-0.8820894165053963,-0.24292320570051668
1780625923731102500,12.8401025390625,-1.4807617043584584,-0.5703115780264139,0.011406944677233695
1780625923741098500,12.850098388671874,-1.0435422534823418,-0.0507072739303112,0.5887994208753109
1780625923751093500,12.860093505859375,-1.0688993975788355,0.22354805862307547,1.2611217590898274
1780625923761088500,12.870088623046875,-1.1846323936492205,0.11704115605950355,1.446399416029453
1780625923771083500,12.88008349609375,-0.7606207993924617,-0.036108255213499064,1.5132646285563707
1780625923781078500,12.89007861328125,-0.31543957585692406,-0.12746844204962252,1.5536416471302508
1780625923791073500,12.900073486328125,0.24016601594686507,0.01167640926837921,1.4393360535144806
1780625923801068500,12.910068603515626,0.3989876276373863,0.37164077102839943,1.334752812489867
1780625923811063600,12.9200634765625,0.028946693021059035,0.8458341540366411,1.1341238571614027
1780625923821058600,12.93005859375,-0.5353437250196933,1.1951187163501977,0.6811158855229615
1780625923831053600,12.940053466796876,-0.8821417312145232,1.2298083369374275,0.18586568596065042
1780625923841048800,12.950048828125,-0.5539151910314336,0.9281599705457687,-0.20040040726959704
1780625923851043600,12.960043701171875,0.2173521631250158,0.3634837680578232,-0.4447539380341768
1780625923861038600,12.97003857421875,0.49744566377997396,0.00898293240070343,-0.5070692321717739
1780625923871033600,12.98003369140625,0.1726970288405195,0.06460895803272723,-0.23441490507423876
1780625923881028600,12.990028564453125,-0.24900749405026434,0.23185294563174247,-0.09339549205601215
1780625923891023600,13.000023681640625,-0.20983400604724883,0.36748365134894845,-0.35789690783619876
1780625923901018600,13.0100185546875,0.7218529695808887,0.5174690456330776,-0.8060907571911812
1780625923911014700,13.0200146484375,2.1319559143483637,0.7563631419479846,-1.0165800122767685
1780625923921009700,13.030009765625,2.738845118665695,0.8021493260890245,-0.8989455664992332
1780625923931004400,13.04000439453125,2.1881997796177863,0.5792091702312231,-0.6218465349525213
1780625923940999400,13.04999951171875,1.3270271866738796,0.16947803026139735,-0.3687695995062589
1780625923950994400,13.059994384765625,0.9584685995697975,-0.3200602213948965,-0.3337012087345123
1780625923960989700,13.06998974609375,1.1833576244730502,-0.6814759510070085,-0.5405231734842062
1780625923970984700,13.079984619140625,1.3899100515663623,-0.943098011958599,-0.9708049340516328
1780625923980979700,13.089979736328125,1.9693910244762896,-1.2039572718441485,-1.7708447206407785
1780625923990974700,13.099974609375,2.486577161514759,-1.2019810033351181,-2.4481238044798372
1780625924000969700,13.1099697265625,2.6334827099621294,-0.7949491854518651,-2.489980247956514
1780625924010964700,13.11996484375,1.5551836158752441,0.08362520866990089,-1.6471955446183681
1780625924020959500,13.12995947265625,-0.43172326461263,0.6272673909574746,-0.4919236854881048
1780625924030954500,13.13995458984375,-1.5755296538114547,-0.022431027516722678,-0.13868833972215652
1780625924040949500,13.149949462890625,-1.8526210865736006,-0.8388567162394523,-0.1045300495326519
1780625924050944500,13.159944580078125,-1.8932815982639788,-1.1806114675700663,0.3620867607414722
1780625924060939500,13.169939453125,-1.4523615393042564,-0.8913859448999166,0.9832575883895158
1780625924070934500,13.1799345703125,-0.6879051803369075,-0.2093734027981758,1.2695365362137556
1780625924080930800,13.189930908203126,-0.6745113726913928,0.38530046306848525,0.9800614226967096
1780625924090925600,13.199925537109374,-1.5212532892227173,0.41607378699481484,-0.10742518645226955
1780625924100920600,13.209920654296875,-1.6029519137442112,0.039784897899627684,-1.190776303231716
1780625924110915600,13.21991552734375,-0.7491619053322821,-0.10687164422273636,-1.1404366935700176
1780625924120910600,13.22991064453125,-0.721628513175249,-0.1969511435985565,-0.2997252893745899
1780625924130905600,13.239905517578125,-1.02392087655887,-0.3333838133484125,0.7009609881997108
1780625924140900600,13.249900634765625,-1.0540882704813033,-0.45702597510814663,1.3208113808989523
1780625924150895600,13.2598955078125,-1.0032991634864359,-0.5829658924162388,1.3350053259462118
1780625924160890600,13.269890625,-0.8308606029190123,-0.49470425611734387,1.019798389801383
1780625924170885600,13.2798857421875,-0.5917981642998754,-0.0902560249865055,0.7554337521433829
1780625924180880600,13.289880615234376,-0.40419352571740746,0.49920273658037184,0.8586538881212472
1780625924190875600,13.299875732421874,-0.03732975983247161,0.7930687785327434,0.7860708824694156
1780625924200870400,13.309870361328125,0.386713690867275,0.537847232273221,0.5000561385393142
1780625924210865400,13.319865478515625,0.6918354324579239,0.03501519927978516,0.06086100367605686
1780625924220860700,13.329860595703124,0.5975953062713146,-0.2851338694423437,-0.33245909971892834
1780625924230855700,13.339855712890625,0.4883456808708608,-0.3549848197817802,-0.4524965149849653
1780625924240850700,13.3498505859375,0.37886370801925656,-0.19388941794037817,-0.22800153090059755
1780625924250845700,13.359845703125,-0.013293342945724726,0.06243044494986534,0.15784721370041369
1780625924260841700,13.369841796875,0.03981996921300888,0.2250105323910713,0.06028641865849495
1780625924270836500,13.37983642578125,0.3721240245006978,0.1844026276707649,-0.493730442649126
1780625924280831500,13.38983154296875,0.24444208583086727,0.12674889560341834,-0.811702751854062
1780625924290826500,13.399826416015625,-0.30480346942171455,-0.08267185346782208,-0.9965291578948497
1780625924300821500,13.409821533203125,-0.7325915134772658,-0.44208208847641944,-1.2392308297991752
1780625924310816500,13.41981640625,-0.9417930668398737,-0.6819283709496259,-1.374915896052122
1780625924320811500,13.4298115234375,-1.1069047185853123,-0.6928232744514942,-1.0685060143470764
1780625924330806500,13.439806640625,-1.209098872516304,-0.44842064384818076,-0.3818336637407541
1780625924340801800,13.4498017578125,-1.1829207674257456,-0.11637129397392272,0.3938116863042116
1780625924350796800,13.459796875,-1.1855448323190212,-0.05196750312447548,0.8826151939451694
1780625924360791800,13.469791748046875,-0.9412897934928536,-0.1489811856776476,0.8957248508870601
1780625924370786600,13.47978662109375,-0.3529480532571673,-0.31125673721432684,0.568720509442687
1780625924380781600,13.489781494140624,-0.16018793160766362,-0.41946167586743827,0.14451310035288334
1780625924390776600,13.499776611328125,-0.5834595211520791,-0.46811493987739083,-0.22979133692681789
1780625924400771600,13.509771484375,-0.8420867842018603,-0.4269780428469181,-0.54762160731256
1780625924410766600,13.5197666015625,-1.0150748684108257,-0.26904665799438954,-0.6640893473982811
1780625924420761600,13.52976171875,-1.2647849577724932,-0.04018587991595268,-0.3523024488300085
1780625924430756600,13.539756591796875,-1.2709835201516746,0.20109832640588282,0.16383213332891464
1780625924440752400,13.54975244140625,-0.824765354783833,0.34813422323465343,0.4547270505160093
1780625924450747400,13.559747314453125,0.12960954573154448,0.31821020961403845,0.23800445399880407
1780625924460742700,13.56974267578125,1.0323448599025606,0.24544015695750712,-0.09404197326600551
1780625924470737700,13.579737548828126,0.7207160745054483,0.2162614087462425,-0.29279519785046576
1780625924480732700,13.589732666015625,-0.34024639259427786,0.1429068342000246,-0.5138841728836298
1780625924490727700,13.599727783203125,-1.1921125202715397,0.14868132594823835,-0.5107534736424684
1780625924500722700,13.60972265625,-1.1690183526709674,0.2987006225019693,-0.1467670167595148
1780625924510717700,13.6197177734375,-0.5167392700538039,0.4684212293475866,0.42141047184765335
1780625924520712700,13.629712646484375,-0.055798167328536506,0.5633405699700117,0.9963689988970756
1780625924530707700,13.639707763671876,0.2619239665076136,0.5681973623514175,1.3862778325438498
1780625924540702500,13.649702392578124,0.2789174791455269,0.4847726446896791,1.4540829562693833
1780625924550697500,13.659697509765625,0.15219254893958567,0.39399639522135255,1.2011603346019983
1780625924560692500,13.6696923828125,0.1685454255864024,0.3444640102893114,0.8991998335212469
1780625924570687500,13.6796875,0.08438625617027282,0.28590543833673,0.6452145510584115
1780625924580682500,13.6896826171875,-0.03564151448458433,0.25351708042919635,0.2634609668165445
1780625924590677500,13.699677490234375,-0.028101474368572233,0.3058136693775654,-0.1651449694931507
1780625924600672500,13.709672607421876,0.18522446544766424,0.4134212266594171,-0.5554764124661684
1780625924610667800,13.719667724609375,0.6660647391244768,0.6029933659225702,-0.8188537926524877
1780625924620662800,13.729662841796875,1.2472425790801644,0.7449234640449285,-0.9037783934831619
1780625924630658600,13.739658447265626,1.6707584987744688,0.7957306912183761,-0.7920879508018493
1780625924640653600,13.749653564453125,1.8316183382943272,0.6998387061715126,-0.5884054531216621
1780625924650648600,13.759648681640625,1.6230246876969932,0.5291641596019268,-0.33183015416562556
1780625924660643600,13.7696435546875,1.5080352034702895,0.3030810295432806,-0.15451017823219299
1780625924670638600,13.779638671875,1.6644380635812877,0.0765793818116188,-0.05731529389321804
1780625924680633600,13.789633544921875,1.5872794205769896,-0.1339911218166351,-0.18674188427329064
1780625924690628600,13.799628662109376,1.2401330393359065,-0.15835983939766882,-0.4252174629151821
1780625924700623600,13.80962353515625,0.7389163325846195,-0.019821137279272077,-0.5487362905561923
1780625924710618400,13.819618408203125,0.273212253241241,0.25611235761940476,-0.4855056351393461
1780625924720613600,13.829613525390625,0.16736819850057363,0.5263561164438724,-0.1566653104394674
1780625924730608600,13.839608642578124,0.05813537810444831,0.6962111633241176,0.34424306101500984
1780625924740603600,13.849603759765625,-0.13092121285200117,0.6485358044356108,0.7947989633262157
1780625924750598700,13.8595986328125,-0.2118827552706003,0.3594149111837148,0.9960440047264099
1780625924760593400,13.869593505859376,-0.14487316583693027,0.019147183540463446,1.0292232207506895
1780625924770588400,13.87958837890625,0.11837357370704411,-0.19114684123396872,1.0420201584815978
1780625924780583400,13.88958349609375,-0.009146890790760517,-0.3432423595398664,0.9047060297220945
1780625924790578400,13.899578369140626,-0.05556055918037891,-0.4035843077778816,0.608769611236453
1780625924800573400,13.909573486328124,0.1263604808077216,-0.20703648428320884,0.4091705834776163
1780625924810569200,13.9195693359375,0.16504560077190397,0.1334562842875719,0.40620998010635373
1780625924820564200,13.929564208984376,0.1495779825270176,0.4477601341128349,0.3369417980909347
1780625924830559200,13.939559326171874,0.6190583655387163,0.6776321350604295,0.26701135277450083
1780625924840554200,13.94955419921875,1.2568021423250435,0.6393553036361932,0.3254430834770202
1780625924850549500,13.959549560546876,0.8790233069330453,0.30604455552399157,0.20429916827380656
1780625924860544500,13.96954443359375,0.16713409748375416,-0.014658639949560164,-0.07779460282027721
1780625924870539500,13.97953955078125,-0.48635669901072975,-0.18799626824855803,-0.24624445907771586
1780625924880534500,13.989534423828125,-1.2326993822038173,-0.14097732744216918,-0.2611392458707094
1780625924890529300,13.999529296875,-1.4679425547957419,-0.041865795826911925,-0.23410627751648425
1780625924900524300,14.009524169921875,-0.7955614721313119,-0.0007452654093503951,-0.07252163085341454
1780625924910519300,14.019519287109375,0.2530348498702049,-0.1563964303702116,0.2362649168550968
1780625924920514300,14.029514404296876,0.714455845066905,-0.41892742286026474,0.4148778552085161
1780625924930509300,14.03950927734375,0.08325988248884678,-0.6161772571444512,0.4960194303691387
1780625924940504300,14.04950439453125,-0.7601888377159833,-0.664156567415595,0.4513151962459087
1780625924950499300,14.059499267578126,-0.956723801729083,-0.6278121653586626,0.28067513646781445
1780625924960494300,14.069494384765624,-0.8702540172830223,-0.6359966408580541,0.2794435488462448
1780625924970489300,14.0794892578125,-1.2417796374991534,-0.543091562667489,0.6218547182589769
1780625924980484400,14.089484375,-1.3438684313595295,-0.300579275855422,0.9031728288054466
1780625924990479400,14.099479248046874,-0.9462918395638465,-0.11625263603031634,0.8322001809597015
1780625925000475400,14.109475341796875,-0.7389996269538999,-0.11327098987102507,0.29862521917819973
1780625925010470400,14.119470458984376,-0.38540450796484943,-0.1761792814657092,-0.28838556471467014
1780625925020465400,14.12946533203125,0.07756313215196133,-0.2381111292436719,-0.5857967319279909
1780625925030460400,14.13946044921875,-0.046835400933027266,-0.21222703866362572,-0.5277648141980171
1780625925040455400,14.149455322265625,-1.0806260757297277,0.019568623822927473,-0.10751637186706066
1780625925050450400,14.159450439453124,-1.9005349303930996,0.38181788164973257,0.41651393197774883
1780625925060445200,14.169445068359375,-2.1105612441420556,1.0366194684818386,-0.05605857183039188
1780625925070440200,14.179440185546875,-1.521792802926898,0.40923371184170243,-0.8540431794553994
1780625925080435200,14.189435302734376,-1.1190157198786734,-0.2733043154388666,-1.135133910986781
1780625925090430200,14.19943017578125,-0.4715513440668583,-1.0030182276532054,-0.9948691157281399
1780625925100425200,14.20942529296875,0.6436828114464879,-0.9504603574201465,-0.24067688807845114
1780625925110420500,14.21942041015625,2.354085046084225,-0.6320221842691301,0.6076128424167633
1780625925120415500,14.22941552734375,3.2724668421983716,-0.5718371801584958,1.358110307201743
1780625925130410500,14.239410400390625,2.24063665381968,-0.5994713292762637,2.0983540889978407
1780625925140405500,14.249405517578126,0.6758508046016096,-0.4315209469735622,2.894652935492992
1780625925150400500,14.259400390625,0.21082243256270886,-0.31749533934295177,3.4523096146076915
1780625925160395300,14.269395263671875,-0.3365972224369645,-0.22363222977519034,3.1838556618094445
1780625925170390300,14.279390380859375,0.3738707220375538,-0.1283174600943923,2.5247329969078303
1780625925180385300,14.28938525390625,0.9082958709076047,-0.1557119552373886,1.9484177945524452
1780625925190380300,14.29938037109375,1.2145362412646412,-0.05098419117555022,1.4797937361091376
1780625925200376300,14.309376220703125,1.564519891758263,0.2504896954320371,1.322740303134918
1780625925210371300,14.319371337890624,1.6236384356811642,0.5895306577593088,1.3522645037829875
1780625925220366300,14.329366455078125,1.558943552930653,0.5903922430247068,1.2674836953371762
1780625925230361300,14.339361328125,0.8076686740323901,0.2900591970153153,0.9044511781781911
1780625925240356400,14.3493564453125,-0.4047217873752117,1.9970526461228728,2.0843051053792236
1780625925250351400,14.359351318359375,-4.529183059805631,2.7693299810394643,2.664653508773446
1780625925260346400,14.369346435546875,-2.9644726139113304,1.8932341058604418,1.3807429947704075
1780625925270341400,14.37934130859375,2.2406620805218815,0.8984474807839841,-0.697612846815586
1780625925280336400,14.38933642578125,4.020333081696927,0.3011698621597141,-3.0306174032092095
1780625925290331400,14.399331298828125,2.029167447786033,-0.3130024118378758,-5.050407658579945
1780625925300326400,14.409326416015626,0.5064601603627205,-0.7063434118904173,-5.140985755127668
1780625925310321400,14.4193212890625,0.59539370457381,-0.6074667484769597,-4.312569184359908
1780625925320316400,14.42931640625,-0.41096828054934736,-0.8465976857550441,-3.5401387047082182
1780625925330311400,14.4393115234375,-1.8034660105213522,-1.495511968114227,-2.815351435241103
1780625925340306200,14.44930615234375,-1.4911910361751912,-1.5783777367189527,-1.9450000950634478
1780625925350301200,14.45930126953125,-0.07686579753756523,-0.901328881439194,-0.7907505647182465
1780625925360296200,14.469296142578125,0.579645808082819,-0.35566279210858043,-0.09254559722840786
1780625925370291200,14.479291259765626,0.44471565185040235,-0.4884245547933504,-0.16541911025941372
1780625925380286500,14.489286376953125,0.08499211310893297,-1.1274719980567693,-0.4187123188048601
1780625925390281500,14.499281494140625,0.24100422033667562,-1.3115705282144248,-0.25575930639803407
1780625925400277500,14.509277587890624,0.5491475017055869,-1.0885410135727376,0.05807224974036217
1780625925410272300,14.519272216796875,0.05675502966195345,-0.7657245522722601,0.17097674438655375
1780625925420267300,14.529267333984375,-0.2013303815960884,-0.3746123341850936,0.19908406397402284
1780625925430262300,14.53926220703125,-0.05173223306387663,-0.15951163978129623,0.04954349084794521
1780625925440257300,14.54925732421875,0.1950783354640007,-0.08034794056490063,-0.2811848395556211
1780625925450252300,14.559252197265625,0.6471016799792647,-0.13525441975072025,-0.8026391554325819
1780625925460247300,14.569247314453126,0.8243392383262514,-0.31532267147898674,-1.428704769384861
1780625925470242300,14.5792421875,0.6572916500821709,-0.17015081495642662,-1.7848153783261775
1780625925480237300,14.5892373046875,1.0637257943332195,0.28911051798835397,-1.7615233500659464
1780625925490232600,14.599232666015626,1.0796247897326945,0.6541057135224342,-1.4375012393027544
1780625925500227300,14.609227294921874,0.7375140645712613,1.064592055773735,-0.5667991859912872
1780625925510222300,14.619222412109375,0.6058022858634591,0.9728197810053825,-0.23137129959464073
1780625925520217300,14.62921728515625,-0.35791561253666876,-1.9668378328621385,-1.3095873915731906
1780625925530212400,14.63921240234375,-0.6148194127947092,-1.6770334873907267,-0.3182487880587578
1780625925540207400,14.649207275390625,-1.028770800808072,-0.8304691193833946,0.45198388928771016
1780625925550202400,14.659202392578125,-1.5465490585207937,-0.7563467753350734,0.7359417006880045
1780625925560197400,14.669197265625,-0.843995248171687,-0.3386684757530689,1.0414081640630959
1780625925570192400,14.6791923828125,-0.07882453038990497,-0.3387938556984067,0.9539379704028368
1780625925580187400,14.6891875,0.16108546496927736,-0.1694885516554117,0.5850894604414701
1780625925590182400,14.699182373046876,-0.10268588297069071,-0.025332009655237197,-0.02737783626914024
1780625925600178200,14.70917822265625,-1.0372437378600239,-0.548720216204226,-0.6524257976114749
1780625925610173400,14.71917333984375,-1.1946920153707266,-0.9510022092118858,-0.8099813348889351
1780625925620168400,14.72916845703125,-1.167213933597505,-0.9980737569883465,-0.7533060924649239
1780625925630163500,14.73916357421875,-1.7849197154834866,-1.7878136833593248,-0.9714601830899715
1780625925640158500,14.749158447265625,-2.3068577232241627,-0.6810355137631297,-0.31712241437733174
1780625925650153500,14.759153564453126,-1.5346791725069284,1.002084746195376,0.9627806175500154
1780625925660148500,14.7691484375,-0.08107844679653645,1.2184297415718435,0.9635743982762097
1780625925670143500,14.7791435546875,1.2955647114396094,1.023548974506557,0.21932196536064147
1780625925680138200,14.78913818359375,2.874441922113299,1.0469701821044086,-0.7949450937986373
1780625925690133200,14.79913330078125,1.6119775162428616,1.1967951251298188,-1.4782903458088636
1780625925700128300,14.809128173828125,-0.9538473695099353,0.9878583601832389,-1.4827584311336277
1780625925710123300,14.819123291015625,-2.6919378215402365,0.9966408015757798,-0.9211737649202346
1780625925720118300,14.8291181640625,-2.954229160055518,1.2923358125209807,-0.2983276975363493
1780625925730113300,14.83911328125,-0.5175836119234561,1.52074475517869,0.041076691275835034
1780625925740108300,14.8491083984375,0.24364275214672088,1.0527578255951404,-0.08264788807034491
1780625925750103300,14.859103271484376,0.4780120645135641,-0.08823533281385898,-0.4220739041924476
1780625925760098800,14.869098876953124,1.67535371761024,-0.7769552635997533,-0.6803975081205368
1780625925770093600,14.879093505859375,1.9120529342293737,-0.9624474400728941,-0.8152002385810017
1780625925780088600,14.889088623046876,1.4423305591553448,-0.5327396800011396,-0.9957748323962092
1780625925790083600,14.89908349609375,1.1589824040859937,0.17949673545062542,-0.9763049927726387
1780625925800078600,14.90907861328125,-0.48211891531050205,0.6354454367160797,-0.4663026297584176
1780625925810075000,14.919074951171876,-2.488975454828143,0.5396668489158153,-0.06716828712671995
1780625925820070000,14.92906982421875,-2.687732771065831,0.7016261741101741,0.16100421642661095
1780625925830065000,14.93906494140625,-1.45006086114645,1.1842682365119457,0.33557547817379235
1780625925840059600,14.9490595703125,-0.08547288236320018,1.319760410541296,0.4919295307070017
1780625925850054700,14.9590546875,0.344315541729331,1.1403051761448382,0.580953091289103
1780625925860049700,14.969049560546875,0.07746727056205273,1.1055617795437573,0.7172789396636188
1780625925870044700,14.979044677734375,-0.3366647347152233,1.0582686979711056,0.9659114629216492
1780625925880039700,14.989039794921876,-1.4152823932319878,0.6781482678890228,0.771039171423763
1780625925890034700,14.99903466796875,-2.3734862043857574,0.33932840096652506,0.5181265596937388
1780625925900029700,15.00902978515625,-2.0188415763437746,-0.07710019081532955,0.49814256000295276
1780625925910024700,15.019024658203126,-0.8430489072322845,-0.42555940822064875,0.6636857350334525
1780625925920019700,15.029019775390625,0.5258458288341761,-0.7785983546316623,0.8337014523681253
1780625925930014700,15.0390146484375,-0.4708873272001743,-1.5450626193553207,0.028754641047678886
1780625925940009700,15.049009765625,-2.3952263270288703,-2.5122850187450645,-1.2076758539758623
1780625925950004700,15.059004638671874,0.9283043474525212,-2.3016981485038994,-0.1212837255327031
1780625925959999700,15.068999755859375,1.096259698191285,-1.8724714499473571,-0.425063550995104
1780625925969994800,15.078994873046875,-0.7118740118801593,-1.5832313142299652,-1.1627622879508883
1780625925979989800,15.08898974609375,-0.23761107076704502,-0.930548326987028,0.057428782471362495
1780625925989984800,15.09898486328125,-0.24559680882394314,-0.5375298368871212,1.2455731845632194
1780625925999979800,15.108979736328125,-0.5262707762479781,-0.425282929366827,1.581318904737383
1780625926009974800,15.118974853515626,-0.11860358307063579,-0.3842442320138216,1.4254909219048917
1780625926019970600,15.128970458984375,0.526000727134943,-0.3635170858055353,1.0302023679811507
1780625926029965600,15.138965576171875,0.6669359690010547,-0.2887111434072256,0.7302164549089968
1780625926039960600,15.148960693359374,0.21295827554762362,-0.30897651732265946,0.6290943141236901
1780625926049955600,15.15895556640625,-0.34817747785449027,-0.573437016570568,0.6441200338199734
1780625926059950800,15.168950927734375,-0.5705693521797657,-1.1485942810624836,0.700879228200391
1780625926069945900,15.17894580078125,-0.23400223262012004,-1.7751736897557973,0.8333310116205364
1780625926079940900,15.18894091796875,0.46632396480739113,-2.2843103758513927,1.0599334893781691
1780625926089936000,15.198935791015625,0.21513211245536804,-2.4413386743843555,1.07666557460092
1780625926099931000,15.208930908203126,-0.27294775708615776,-2.283874907043576,0.8090762758079916
1780625926109925600,15.218925537109374,0.21166998930275438,-1.8526777851969003,0.19577409917581826
1780625926119920600,15.228920654296875,0.4075625637590885,-1.515458923730254,-0.643227834220603
1780625926129915600,15.23891552734375,0.6479407611519098,-1.358030227702856,-1.277124945516139
1780625926139910700,15.24891064453125,0.2251326974660158,-0.9420622391700744,-1.4280091883361339
1780625926149905700,15.25890576171875,-0.123774848228693,-0.3691109602898359,-1.0937851978365332
1780625926159900700,15.268900634765625,-0.07842413289546966,0.20631810688078403,-0.6263022722523659
1780625926169895700,15.278895751953126,0.7971300366222858,0.8457944065481424,-0.4303292895035818
1780625926179890700,15.288890625,1.853674395018816,1.2782090874910355,-0.6591387392535806
1780625926189885700,15.2988857421875,1.9441624751955269,1.3767904577523469,-1.1994081571724264
1780625926199881000,15.308880859375,0.8096095789670944,1.1673241159737109,-1.569521937829256
1780625926209875700,15.318875732421875,-0.5424667087674141,0.5648462983578443,-1.4549850196756422
1780625926219870700,15.32887060546875,-0.2264057861417532,-0.2693839271247387,-1.1856306109063326
1780625926229866800,15.33886669921875,0.9132143303483724,-1.0122527967274189,-0.8436009150918573
1780625926239861800,15.34886181640625,1.0112871665656566,-1.6733470539629458,-0.38553259132392703
1780625926249856800,15.358856689453125,0.5751502502292394,-1.8494009554833173,0.39332141856923697
1780625926259851800,15.368851806640626,-0.626487054234743,-1.807258096280694,1.0705978720597922
1780625926269846800,15.3788466796875,-1.9289801036328076,-1.900443160456419,1.3487047654747961
1780625926279841500,15.388841552734375,-2.8537188675582406,-1.9875094494909047,1.0571234003935008
1780625926289836500,15.39883642578125,-0.42199908539056774,-1.8279618616133928,0.596266688016057
1780625926299831600,15.40883154296875,1.5205495248675345,-1.7612936329632995,0.6105338444299996
1780625926309826600,15.41882666015625,0.15273907690644264,-1.7577502612680196,1.0018715418361126
1780625926319821800,15.42882177734375,-1.7108792044997214,-1.900295276418328,1.4379552666805684
1780625926329816800,15.43881689453125,-3.4167163231790063,-2.002600635638833,1.5224359231360256
1780625926339811800,15.448811767578125,-4.0723160746514795,-2.0364666648834944,1.0887469844736157
1780625926349806800,15.458806884765625,-3.1275960144490003,-1.665601554402709,0.45637744807153935
1780625926359801900,15.4688017578125,-1.1236690986424684,-0.9715911159932613,-0.12418474420383571
1780625926369796900,15.478796875,0.13499533042311668,-0.3147223674982786,-0.6379163568742573
1780625926379791600,15.48879150390625,1.0549269863277673,0.2676063960582018,-0.7118560378320514
1780625926389786600,15.49878662109375,2.0137515597283837,0.930046807205677,-0.5483766634635627
1780625926399781600,15.50878173828125,1.8972177686691283,1.3726725010395049,-0.6232078864336014
1780625926409776600,15.518776611328125,0.9978168596178293,1.450402221930027,-0.8277201129361986
1780625926419771600,15.528771728515625,0.4853606737107038,2.045937673062086,-0.9088172644332051
1780625926429766700,15.5387666015625,0.9045996467381715,2.828661583191156,-1.2586246815770863
1780625926439761700,15.54876171875,1.0765051964074372,0.6781856772899627,-2.460750061818957
1780625926449757700,15.5587578125,0.22840777361392975,0.7533470089972019,-2.2738886428192258
1780625926459752700,15.568752685546874,0.6100245797336101,1.2133727504432201,-1.5185126122124493
1780625926469747700,15.578747802734375,0.96887075111866,1.0889093354284762,-1.065394019806385
1780625926479742700,15.58874267578125,1.2112345693707465,0.8600023801207541,-0.8840602781869471
1780625926489737700,15.59873779296875,1.5097235949486494,0.5593909555613994,-0.7769025104992091
1780625926499732700,15.608732666015625,1.6469424466401337,0.34762335110306736,-0.6308082784347235
1780625926509727700,15.618727783203125,1.4595681096822022,0.14530629655718802,-0.42734526872411366
1780625926519722800,15.62872265625,0.6883230404227971,0.31630700634121894,-0.00470320925489068
1780625926529717800,15.6387177734375,-0.01054185228049755,0.8191396238565445,0.5284640485085547
1780625926539712800,15.648712646484375,-0.1375824243068695,1.0924304952919484,0.9453044359616934
1780625926549707800,15.658707763671876,-0.19961188724040985,0.829817669737339,1.0289952572137118
1780625926559702500,15.66870263671875,0.07994038267731667,0.13720891481935976,0.8780283045463263
1780625926569697500,15.678697509765625,0.5430015462964772,-0.64546005025208,0.5832523081421852
1780625926579692800,15.68869287109375,0.6128729549020528,-1.3556313498675823,0.19296733465939758
1780625926589687800,15.698687744140624,0.6541372777044773,-1.5406225910812616,0.019549188470095395
1780625926599682800,15.708682861328125,-0.15475976907908914,-1.3439578632086515,0.059586892087012525
1780625926609677800,15.718677734375,-1.3201140462845564,-1.174592061150074,0.16456526990905404
1780625926619672800,15.7286728515625,-1.240958091983199,-1.2765981451630593,0.1221910861685872
1780625926629667800,15.738667724609375,-0.6021013855189085,-1.3719886104285717,0.20047719883285461
1780625926639662800,15.748662841796875,-0.15803601427078245,-1.113807629841566,0.29425409142188724
1780625926649657600,15.75865771484375,-0.16367606598436832,-0.7947282361775636,0.1229828941334039
1780625926659652600,15.768652587890625,-0.4428898977279663,-0.5469347940921783,-0.1277207363102585
1780625926669647600,15.778647705078125,-0.11211305200755596,-0.5135048181772232,-0.21595307344943285
1780625926679643600,15.7886435546875,1.0630541786819696,-0.11746844156086444,-0.03709719318561256
1780625926689638700,15.798638671875,1.3792378509044647,0.6036082829505205,0.044565702435374256
1780625926699634000,15.808634033203125,1.1564514243036508,1.8665619336426258,-0.008965469809249043
1780625926709629000,15.81862890625,0.7803332156002522,2.3998183309942482,-0.5047646815564483
1780625926719623700,15.828623779296874,0.12322656669616698,2.63251240362525,-0.7039640424732119
1780625926729618700,15.83861865234375,-0.33398587089478965,2.5344372293204067,-0.3698558603730053
1780625926739613700,15.84861376953125,-0.2423877836495638,1.5376596496224402,-0.25049006075821817
1780625926749608700,15.858608642578124,-0.23983926821053025,0.9716261873066425,0.15527816693000496
1780625926759603500,15.868603515625,0.0624801293104887,1.114053713557124,0.5188210447639227
1780625926769598500,15.878598388671875,0.3732581430971622,1.8071388538151978,0.5038468360591679
1780625926779593700,15.88859375,1.0350684396475553,2.440575288796425,0.14373648995719848
1780625926789588700,15.898588623046875,0.2674099967032671,2.5445740079313515,-0.3010200053602457
1780625926799583700,15.908583740234375,-1.1452671824663876,2.2889146547764536,-0.3750195998117328
1780625926809578800,15.918578857421876,-1.4662316592246294,2.0335750350952146,-0.2641841665245592
1780625926819573800,15.92857373046875,-1.8218021699398754,1.7324615062326192,-0.19937858994118868
1780625926829568500,15.938568603515625,-2.3810125082373617,0.9697463649094105,0.161355660212785
1780625926839563500,15.9485634765625,-2.242070486015081,0.01102291379570961,0.7351806531876325
1780625926849558500,15.95855859375,-1.7862889580100774,-0.7917787387222052,1.2062321579735726
1780625926859553500,15.968553466796875,-0.9992997916519641,-0.696387688934803,1.2415572269201278
1780625926869548500,15.978548583984375,-1.1797568965673446,-0.33494857844710346,0.4245348874785006
1780625926879543600,15.98854345703125,-1.4848726468086242,0.26370237435698507,-0.1023536553416401
1780625926889538600,15.99853857421875,-0.9557873976618051,1.0820844578444957,-0.28091749385632575
1780625926899533600,16.008533447265624,-0.1781067423969507,1.9639941338688134,-0.35061303443834185
1780625926909528600,16.018528564453124,-0.24763971282839772,2.7086224143594504,-0.28510727369636296
1780625926919524600,16.028524658203125,-1.0238912120729684,2.8352310247093437,-0.29843831830397244
1780625926929519600,16.03851953125,-1.2021844169527292,2.236921432688832,-0.47759098955728113
1780625926939514600,16.0485146484375,-0.6121972475975751,1.3846353260338307,-0.5180813323125243
1780625926949509600,16.058509521484375,0.7648042225569486,0.44829964781701565,-0.5092474529936909
1780625926959504600,16.068504638671875,0.8639706992298364,-1.281932491928339,-0.5781628760486841
1780625926969499600,16.078499755859376,-0.317160992822051,-1.8406547544479368,0.060940937044471497
1780625926979494700,16.08849462890625,-0.5264256745487451,-1.725492251741886,0.8682743147078901
1780625926989489700,16.09848974609375,-0.30680384945869443,-1.5566116028517483,1.2043988781318067
1780625926999484400,16.108484375,-0.09489946687817573,-1.4471598790079354,1.225913375325501
1780625927009479400,16.1184794921875,0.23811785124540327,-1.4747539883762597,1.0396668733537195
1780625927019474400,16.128474365234375,0.8248924882948399,-1.1368734481304883,0.8287839427754282
1780625927029469400,16.138469482421876,0.7974111916512251,-0.6044564242124557,0.5013120568845421
1780625927039464700,16.148464599609376,0.14944003536105155,-0.5498159024864435,0.01621617158986628
1780625927049459700,16.158459716796877,-0.44597441973984236,-0.7503378903090954,-0.3381121570445597
1780625927059454700,16.168454833984374,-0.5548194098621606,-0.704231972694397,-0.31426527138054366
1780625927069449700,16.17844970703125,-0.2597264564633369,-0.5797779100298881,-0.19312142924256623
1780625927079444700,16.18844482421875,0.18829320536851882,-0.4557569780856371,-0.11355952448882162
1780625927089439700,16.198439697265623,0.4082458698481321,-0.5105950682103634,-0.14736834365352988
1780625927099434500,16.2084345703125,0.4757283374905586,-0.4560229355454445,-0.14530490831770002
1780625927109429500,16.218429443359376,0.331657720208168,-0.14931494767665862,-0.07788469225652515
1780625927119424500,16.228424560546873,-0.019169395372271535,0.3006067483842373,0.0609294658023864
1780625927129419500,16.23841943359375,-0.23318273293077946,1.5143839879751204,0.5281919535689056
1780625927139414500,16.24841455078125,0.8402069618046283,2.459039750769734,0.5617454827982932
1780625927149410600,16.25841064453125,1.2596078473955392,0.8018775234103203,-0.23006503930166364
1780625927159405800,16.26840576171875,1.3176333353847265,1.2547820346742868,0.3801557936564088
1780625927169400600,16.278400634765624,1.2473352257996797,1.4341010754704475,0.49100730129554865
1780625927179395600,16.2883955078125,0.5407914690315723,1.3613994118750095,0.37301110953353345
1780625927189390600,16.298390625,-0.2251017178058624,1.0286895522654056,0.30684487558882684
1780625927199385600,16.308385498046874,-0.5225725062519312,0.4773965629637241,0.247083211456798
1780625927209380600,16.318380615234375,-0.1791004296094179,-0.24328736283779143,0.1883701065296307
1780625927219375600,16.328375732421875,0.3337771965801716,-0.7367050862759351,0.29514888483714313
1780625927229370600,16.33837060546875,0.48097968214750286,-0.8239145831733942,0.42652620742619035
1780625927239365600,16.34836572265625,0.1901981622070074,-0.770773360094428,0.2114572598675266
1780625927249360600,16.358360595703125,-0.49218847390413284,-0.6290694719433784,-0.08018650292549281
1780625927259355600,16.368355712890626,-0.7005383788734674,-0.3357920435339212,-0.268692985718511
1780625927269350700,16.3783505859375,-0.6761544637233019,0.0016845920860767364,-0.41757038222812115
1780625927279345400,16.388345458984375,-0.4563607891976833,0.21759178056716919,-0.4892028822220862
1780625927289340400,16.39834033203125,-0.03966682447791099,0.49816813283562655,-0.3732385981464758
1780625927299335700,16.408335693359376,0.09891922391355037,0.8358090191066264,-0.014869485671666915
1780625927309330700,16.41833056640625,0.3268710704535246,1.259846916848421,0.6299545111496001
1780625927319325700,16.42832568359375,0.8867688064932823,1.6659002450883387,1.2741361389636994
1780625927329320700,16.43832080078125,1.5031038845479487,2.111580065795779,1.3077809266731142
1780625927339315700,16.448315673828127,1.5939876860439777,2.5479519599318503,0.6908218715012073
1780625927349310700,16.458310791015624,0.7704279076576233,2.654036253169179,-0.2867838651390746
1780625927359305700,16.4683056640625,-0.354675607702136,2.3198674269229174,-1.1277279455792157
1780625927369300500,16.478300537109376,-0.8881815959006547,1.8522610210895538,-1.3967600635915993
1780625927379295500,16.48829541015625,-0.2785585827052593,1.4304489827036857,-1.0055284569084644
1780625927389290500,16.49829052734375,0.40340076790452,1.2638052990853785,-0.2612356919825077
1780625927399286500,16.50828662109375,0.5698772782623768,1.2789151899337767,0.2678233267445117
1780625927409281500,16.518281494140624,0.6483399896025658,1.3494243119210003,0.46953649711310863
1780625927419276800,16.52827685546875,0.9993237570494413,1.2671025870651007,0.5243580744944513
1780625927429271800,16.538271728515625,0.7084358541250229,0.6632961511939763,0.41239312572069464
1780625927439266600,16.5482666015625,-0.15520400571525095,-0.338823081792891,0.34387956146486104
1780625927449261600,16.558261474609374,-0.5107938056528568,-1.2235159587949513,0.6309928412213921
1780625927459256600,16.568256591796874,-0.7787287030130624,-1.6921791802048682,0.9932713251426816
1780625927469251600,16.57825146484375,-0.9751444245606661,-1.8191499018654227,1.2399972841270268
1780625927479246600,16.58824658203125,-1.3896002549648283,-1.5178534176513552,1.4379849311664699
1780625927489241600,16.59824169921875,-2.209119818049669,-1.1777274365663528,1.687035679836571
1780625927499236600,16.608236572265625,-2.1012644234865903,-1.1993223055198787,2.063608938831091
1780625927509231600,16.618231689453125,-2.514590957599878,-1.4663018018513918,1.972756701517105
1780625927519226600,16.6282265625,-2.9437878455400464,-1.8145377318948506,1.1540647483628244
1780625927529221600,16.6382216796875,-3.0758196499824524,-2.363166470423341,0.19281042706463486
1780625927539216600,16.648216552734375,-2.7490122924149034,-2.7709789172902703,-0.6067055183134973
1780625927549211400,16.65821142578125,-1.6417203280776738,-2.9619010098576544,-1.2622795508228242
1780625927559206400,16.668206298828125,-0.7314625094473362,-2.9314728461071846,-1.7621942350648343
1780625927569201700,16.67820166015625,-0.7435568518668413,-2.7300401731804014,-1.7844255022257565
1780625927579196700,16.68819677734375,-1.1850053186148404,-2.5391481834903358,-0.9993578054495155
1780625927589191700,16.698191650390626,-1.2236404619574546,-2.4269600204199553,-0.20901750203259287
1780625927599186700,16.708186767578123,-0.3584925356417894,-2.3926623217597602,0.2960815260447562
1780625927609181700,16.718181640625,0.5488970340758562,-2.257685403776169,0.3417650535289198
1780625927619176700,16.7281767578125,1.2217314134657382,-2.1999527612537144,-0.07805201164744793
1780625927629171700,16.738171630859377,1.5386884081482886,-2.3685206909328698,-0.7012780913248657
1780625927639166700,16.748166748046874,1.621738447278738,-2.661827637697756,-1.3541963486284017
1780625927649161500,16.758161376953126,1.4776444491207599,-2.9129505164667964,-1.8032120357602834
1780625927659157500,16.768157470703127,0.5345230562865734,-2.6919524345874786,-1.6414819892771542
1780625927669152500,16.778152587890624,0.08631459388434887,-1.9650722844943402,-1.001479035387188
1780625927679147500,16.7881474609375,-1.1561948191940783,-0.8384709317922592,-0.11793320952840149
1780625927689142800,16.798142822265625,-1.2413865465283394,-0.6502496226161718,0.33669845432173456
1780625927699137800,16.8081376953125,1.9774761312544344,-1.0014572619467974,0.6950094593841583
1780625927709132500,16.818132568359374,2.07761642139554,-1.5478867368653415,0.7249601418159902
1780625927719127600,16.82812744140625,0.44158056869506834,-2.1951190574869512,0.5261783852567896
1780625927729122600,16.83812255859375,-0.14904022238850592,-2.1161118640065193,0.44987073305863884
1780625927739117600,16.84811767578125,-0.6771826377272605,-1.6950678873836993,0.066063431157358
1780625927749112600,16.858112548828124,-1.362276779231429,-1.1299871957480907,-0.3063002655844204
1780625927759107600,16.868107666015625,-1.384712482923269,-0.4436562059253454,-0.3536402002397924
1780625927769102600,16.8781025390625,-0.9960276381134986,-0.10511632498800753,-0.5923248185224831
1780625927779097600,16.88809765625,-1.29644032523036,0.2535492291331291,-0.649905193092674
1780625927789092600,16.898092529296875,-0.8600696001380681,0.5053729496479034,-0.4239766325412318
1780625927799087600,16.908087646484375,-0.358088631016016,0.5688561185210943,-0.28573910532649605
1780625927809082600,16.91808251953125,-0.344433030629158,0.6655746175199747,-0.3567493817688897
1780625927819077400,16.928077392578125,-0.47156537259221076,0.5879869354486466,-0.7455060131732374
1780625927829072400,16.938072265625,-0.1298000998675823,0.5260287841856479,-0.9419898315209895
1780625927839067400,16.9480673828125,0.5029401695430279,0.6312585064202547,-0.4499075579376891
1780625927849062400,16.9580625,0.48490182402729987,0.9084352793782949,0.36758345846161244
1780625927859057400,16.968057373046875,-0.36817572526633735,0.6280372062861919,-0.1480159939073026
1780625927869052400,16.978052490234376,-0.33706337864398955,0.44737376514375204,0.07903662050431594
1780625927879047400,16.98804736328125,0.572722730821371,0.9093447954386472,1.4167960126653312
1780625927889042400,16.99804248046875,0.7545639835715293,1.409095813551545,1.9847341395586728
1780625927899037400,17.008037353515626,0.9829156430840492,1.5765765325158834,1.5993563734702765
1780625927909033500,17.018033447265626,1.3892156395614146,1.5807669699430464,0.852928423146531
1780625927919028500,17.028028564453123,1.07193072809875,1.8035738548099993,0.22417178001198917
1780625927929023500,17.0380234375,0.3879875101953745,2.0793226407915353,-0.30480040068179365
1780625927939018500,17.0480185546875,0.4437339473366737,1.9628747744500636,-0.9215512199304997
1780625927949013500,17.058013427734377,1.0058283166378736,1.3589257152378558,-1.4789502710223197
1780625927959008500,17.068008544921874,0.8101806568533182,0.601361965328455,-1.3600837992317973
1780625927969003500,17.07800341796875,0.26563772633373733,0.42072833480238914,-0.46115204206220806
1780625927978998500,17.08799853515625,-0.28965456173717974,0.33132103559970855,0.31038656678367404
1780625927988993300,17.0979931640625,-0.22904431795179842,0.24033202016353605,0.6399463283319026
1780625927998988300,17.10798828125,-0.12365794385075568,0.2936252189338207,0.4915258087443188
1780625928008983300,17.1179833984375,-0.5689437968045473,0.42120179753303527,-0.26554464122280474
1780625928018978300,17.127978271484373,-0.5697925225883722,0.6223088917672633,-0.6066633962048217
1780625928028973600,17.1379736328125,-1.0879501350075005,0.7913660662680864,-0.7885853495083749
1780625928038968600,17.147968505859374,-1.2120944010704755,0.7027963869333267,-1.0005156702477485
1780625928048963600,17.157963623046875,-0.9186527220100164,0.5895505315035581,-0.8372985270120203
1780625928058958600,17.16795849609375,-0.18912790262699125,0.27582652739286423,-0.6781499483894556
1780625928068953600,17.17795361328125,0.9926596229851246,0.32987785105407236,-0.33131157365161923
1780625928078948600,17.187948486328125,0.833476776766777,0.6901075857520103,0.10661533137410878
1780625928088943400,17.197943359375,-0.214005738773942,0.7343249131411314,0.29936504122745244
1780625928098938400,17.2079384765625,-1.0367425103396177,0.609806553068757,0.6097429863132536
1780625928108933400,17.217933349609375,-0.43102819502055645,0.02559972068071365,0.7995279646094888
1780625928118928400,17.227928466796875,1.2257231134504079,-0.6116729314625263,0.8689069135230034
1780625928128923400,17.23792333984375,2.812909887307882,-0.744935739004612,0.914449717362225
1780625928138918400,17.24791845703125,3.3419308390468356,-0.003353402081131935,0.8884058331105857
1780625928148913400,17.257913330078125,2.4786983909636735,0.45072950531244277,0.23436543990932404
1780625928158908400,17.267908447265626,-0.36839082932174205,0.2698568053334951,-0.8459771427039057
1780625928168903700,17.277903564453126,-3.897743351599574,0.3062614131450653,-1.4492115508407353
1780625928178898700,17.287898681640623,-5.460765990537404,0.4001993415147066,-1.310868079033494
1780625928188894500,17.29789453125,-2.3338556202650067,0.33229543358981606,-0.35927524698469787
1780625928198889500,17.307889404296876,1.6197282765001058,-0.25045067859590053,0.5904596091724932
1780625928208884500,17.317884521484373,2.1589549804329873,-0.5567682058423757,1.2083682932194322
1780625928218879500,17.32787939453125,1.5308207435131072,-0.6249456700116396,1.323038993820548
1780625928228874500,17.33787451171875,-0.05057926363646984,-0.6811778448432684,0.6166662097051739
1780625928238869500,17.347869384765627,-1.0132511601150036,-0.36431612722873685,-0.16767576661240308
1780625928248864500,17.357864501953124,-0.8074830883324146,0.3401531613528728,-0.604047185824439
1780625928258859500,17.367859619140624,0.2380383562684059,0.9680448216885328,-0.5989504106746986
1780625928268854300,17.377854248046877,0.9461819494485855,1.0638239940106868,-0.33826252530068157
1780625928278849300,17.387849365234374,1.079422545158863,1.2189654558837413,-0.09439887867858633
1780625928288844500,17.397844482421874,0.8955009790033102,1.0889853232741356,-0.1444085987987928
1780625928298839600,17.407839599609375,0.3915554318100214,0.8469470837146044,-0.24705013117110355
1780625928308834600,17.41783447265625,-0.32232816632688044,0.3667711191654205,-0.41915699383243915
1780625928318829600,17.42782958984375,-0.18032324940264224,0.3358616016387939,-0.35787374615631995
1780625928328824600,17.437824462890624,0.01852700581550598,0.297802212357521,-0.23489202106669543
1780625928338819600,17.447819580078125,-0.34857729082703587,-0.15600596974790096,-0.2286217999571003
1780625928348814600,17.457814697265626,-1.0299462743282317,-1.3900906688302754,-0.30408268086649476
1780625928358809300,17.467809326171874,-0.8849912754267454,-2.681623348274827,-0.15073416682481766
1780625928368804400,17.477804443359375,-0.5662111569702625,-3.1407939341962336,0.12626841861009597
1780625928378799400,17.48779931640625,-1.0540981342881917,-2.547279175236821,0.2560138291483745
1780625928388794400,17.49779443359375,-1.245146775844693,-1.210496902745962,0.12390064829913898
1780625928398789400,17.507789306640625,-1.0758312426686287,-1.8536147737860678,-0.6058828037537634
1780625928408784400,17.517784423828125,-0.8687064955800771,-4.529495779016614,-1.2965354561679066
1780625928418779400,17.527779296875,-1.5005425096273421,-5.254715594682097,-0.5458443685069679
1780625928428774400,17.5377744140625,-1.1171820747107266,-0.5772434231162071,1.870695234055072
1780625928438769700,17.547769775390623,-0.29699264954030513,2.4488427664041517,2.3099448755845424
1780625928448764700,17.5577646484375,-0.7952519677907228,4.030746046900749,1.005186949994415
1780625928458759400,17.567759521484376,-0.6721715315669775,5.196190924999118,-0.7617286145038902
1780625928468754400,17.57775439453125,0.5475877050429582,5.329332151988148,-2.2796587506532666
1780625928478749400,17.58774951171875,2.351242808395624,4.253905398467183,-2.5328841546595093
1780625928488745500,17.597745361328126,3.0650211925923823,2.5995173119962214,-1.9137689443670212
1780625928498740500,17.607740478515623,2.2803812197089193,0.8074310658842325,-1.0585068906411528
1780625928508735500,17.617735595703124,1.1160796664267778,-0.9812216986477375,0.26187815460450947
1780625928518730500,17.62773046875,-0.2985422170698643,-2.0714836177289486,2.1856460034817458
1780625928528725500,17.6377255859375,-0.8185463341385125,-2.322861348041892,3.9392069963663814
1780625928538720300,17.64772021484375,-0.9850088159710169,-1.6926964820772408,4.008129433684051
1780625928548715500,17.657715576171874,-0.5897539451211691,-0.7964058140009641,1.8608746817864477
1780625928558710500,17.66771044921875,0.06456921054422855,-0.411049236831069,-0.09555566576458513
1780625928568705500,17.67770556640625,0.008096212694048881,-0.12087269704639911,-0.9591623539876192
1780625928578700500,17.687700439453124,0.38359775080382824,-0.04897533557116985,-0.9603271599832922
1780625928588695600,17.697695556640625,0.01648234824538231,-0.06581716477870941,-0.5199379930298775
1780625928598690600,17.707690673828125,-0.3209714910209179,-0.2581435711860657,-0.5168726871751248
1780625928608685600,17.717685546875,-0.06266483822762965,-0.4706804064512253,-0.5550814217992127
1780625928618680600,17.7276806640625,0.07097732402086257,-0.4438625421524048,-0.2926880842141807
1780625928628675600,17.737675537109375,0.2946054621428251,-0.30374563093185425,-0.06271956408955157
1780625928638670300,17.74767041015625,0.5159586410701275,-0.12268062325119972,0.28470205389633774
1780625928648665300,17.757665283203124,0.5339975711077452,0.43117081836163995,0.5514318132504821
1780625928658660400,17.767660400390625,0.5255073906600475,0.7834493017941713,0.2214380807317793
1780625928668655400,17.7776552734375,0.13422142344117163,0.6076742172151803,-0.14651742591261863
1780625928678650400,17.787650390625,-0.09980009840130806,0.30894729122817516,-0.313977029023692
1780625928688645400,17.797645263671875,-0.1254267070889473,0.04082067068815231,-0.3795592890679836
1780625928698640600,17.807640625,0.1319879653006792,-0.12907938437759875,-0.1910622316904366
1780625928708635600,17.8176357421875,0.14419921209812164,-0.23826456623971462,0.11868578146137296
1780625928718630700,17.827630615234376,-0.20645137787163256,-0.2468389178395271,0.4034783631853759
1780625928728625400,17.83762548828125,-0.3989239147514105,-0.2693962020844221,0.47379583505801853
1780625928738620400,17.847620361328126,-0.24363106170892715,-0.31659400658905507,0.3028098844517022
1780625928748615400,17.857615478515626,-0.0001537292569875717,-0.34066578705012796,0.24233283859193325
1780625928758611000,17.86761083984375,-0.013792378509044646,-0.28856033675968645,0.2731508053775877
1780625928768606000,17.87760595703125,-0.11515139679014683,-0.2364531329035759,0.24397519897148012
1780625928778601000,17.88760107421875,-0.19037527233958243,-0.26864918310940267,0.2574095578230917
1780625928788596000,17.897595947265625,-0.1705599802792072,-0.3493377538055181,0.24465572858154772
1780625928798591700,17.907591796875,-0.12240005274415015,-0.3305255013078451,0.08017448369413614
1780625928808586800,17.917586669921874,0.1240712008267641,-0.1641781702876091,-0.07365472653657197
1780625928818581800,17.927581787109375,0.2882522937238216,0.11707330476343632,-0.07969035343900323
1780625928828576800,17.93757666015625,0.25464637672007084,0.36705987297892567,0.10630874964296817
1780625928838571800,17.94757177734375,0.1656412285774946,0.510496868532896,0.2087375891126692
1780625928848567000,17.957567138671877,0.12667466132342814,0.5457493836998939,0.20671382820010184
1780625928858562000,17.96756201171875,0.5477028558552265,0.7234212418109178,0.36603155284449457
1780625928868557000,17.97755712890625,0.6835036574423313,0.13763736936450005,0.2972774578310549
1780625928878552000,17.987552001953127,0.150509710419178,-0.537278492474556,0.5264604536011814
1780625928888546800,17.997546875,-1.5505816750377415,-1.0299012661427258,0.6805301945894956
1780625928898541800,18.007541748046876,-1.0028086765557527,-1.8176883048802612,0.4287107118584215
1780625928908536800,18.017536865234376,-0.8894441631823777,-1.9114456159859894,0.2540340900406241
1780625928918531800,18.02753173828125,-0.135552379783988,-1.524465237006545,0.0625510025896132
1780625928928526800,18.03752685546875,0.4662210889548063,-0.7993886292040348,-0.1588759722262621
1780625928938521900,18.04752197265625,0.5284644868999719,-0.12796470113396644,-0.13567702907696366
1780625928948516900,18.057516845703127,0.12304127325713633,0.33275019161999225,0.2022686853595078
1780625928958511900,18.067511962890624,-0.36590310415923594,0.6617027445226907,0.49272009656280275
1780625928968507000,18.0775068359375,-0.8391694354504347,0.7548433850347995,0.32018691651448605
1780625928978502000,18.087501953125,-0.6772726540982723,0.5881295587897301,-0.14951178542301058
1780625928988497000,18.097496826171874,-0.5733791489034891,0.4513455913841724,-0.9084718119964003
1780625928998492000,18.107491943359374,-1.846134062641859,1.7049994988113641,-1.5255435337625443
1780625929008487000,18.11748681640625,-6.303166662994027,4.637083462554216,-0.8814262764215469
1780625929018482000,18.12748193359375,-8.804030708536505,7.768351443514227,-0.3324310426682234
1780625929028477000,18.137476806640624,4.117506630986929,7.1083461505591865,0.8521569273173809
1780625929038472000,18.147471923828125,13.047923247033356,2.0624574307084083,1.5878163039326667
1780625929048467000,18.157467041015625,9.661144381478428,-2.889123942938447,-0.36419103954434395
1780625929058462000,18.1674619140625,2.786400650566816,-4.477677328974008,-1.8583081922993063
1780625929068457000,18.17745703125,-1.3171113573372364,-3.6928707673519847,-2.0528272864453494
1780625929078452000,18.187451904296875,-1.9207523735135792,-2.273853863766789,-1.288908322290331
1780625929088447000,18.197447021484376,-1.5968617801755667,-0.8186381040751933,-0.3438087612509727
1780625929098441700,18.207441650390624,-1.120165474435687,0.20062603271901605,0.34047537904456254
1780625929108436700,18.217436767578125,-0.47965106389224527,0.6900538097381591,0.5873201421029866
1780625929118433000,18.22743310546875,-0.00289046074450016,0.7113514493107795,0.2749969447009265
1780625929128428000,18.237427978515626,-0.07522621363699436,0.4918406833797693,-0.12538856703564524
1780625929138423000,18.247423095703127,-0.3018377514839172,0.0650070174396038,-0.26657076940014957
1780625929148418000,18.25741796875,-0.2952753242284059,-0.5436404287219048,0.07770239449217915
1780625929158413000,18.2674130859375,-0.027603461718559263,-1.1681804405421017,0.49283188637420533
1780625929168407800,18.27740771484375,-0.035227380725741386,-1.3694780889123677,0.740606039237231
1780625929178402800,18.28740283203125,-0.10035480967462063,-1.31378484326303,0.7954425219267607
1780625929188397800,18.297397705078126,-0.06614683512449264,-1.1903005024135112,0.821430657403171
1780625929198392800,18.307392822265626,0.11596505126059055,-1.0401198778182268,0.7027149922601879
1780625929208387800,18.317387939453123,0.21242109993100164,-0.7998854728102683,0.6426596058785915
1780625929218382800,18.3273828125,-0.15616846683323382,-0.5827595561891794,0.7230787119835614
1780625929228377900,18.3373779296875,-0.46433191420733927,-0.5224158543854952,0.39837095704376696
1780625929238372900,18.347372802734377,-0.5278144985586405,-0.21786358324587343,-0.13771598755866288
1780625929248367900,18.357367919921874,-0.5006225402504205,0.06488426784276961,-0.4231476709038019
1780625929258363100,18.367363037109374,-0.571499326506257,0.2381084988951683,-0.4506830358222127
1780625929268358000,18.37735791015625,-0.20852935318946836,0.5375134702742099,-0.36812735607996583
1780625929278353000,18.387352783203124,0.13196224633753298,0.6150830321669578,-0.27421514667347074
1780625929288348000,18.397347900390624,0.2048030261427164,0.5915513499319554,-0.10374123724251985
1780625929298343000,18.407343017578125,0.1527361542969942,0.4780120645135641,-0.10936287651658058
1780625929308338000,18.417337890625,0.11127484761774539,0.34913317114412784,-0.1397109607681632
1780625929318333000,18.4273330078125,0.17457506113946436,0.23500059600770473,-0.07660217816531657
1780625929328328000,18.437327880859375,0.19315467392504215,0.03697217856645584,0.15566343992054463
1780625929338323000,18.447322998046875,0.09373393023014068,-0.21268179669380186,0.36327918539643284
1780625929348318000,18.45731787109375,-0.19835574969947337,-0.468345826023817,0.46366687442734833
1780625929358313000,18.46731298828125,-0.42157530702054496,-0.6522241375595331,0.5384777852617204
1780625929368307700,18.4773076171875,-0.5704483561486006,-0.7355091544896364,0.5656435862153768
1780625929378302700,18.487302734375,-0.3568360006064176,-0.6491267560660838,0.39413492690920826
1780625929388297700,18.497297607421874,-0.043078678748011585,-0.26887539308071134,0.22717384790480136
1780625929398292700,18.507292724609375,0.033144144710898396,0.32083822003006934,-0.11969956161379813
1780625929408288000,18.5172880859375,-0.05861877770721912,0.7567173622131347,-0.5946046000227332
1780625929418283000,18.527282958984376,-0.08842354886233807,0.6837818898618221,-0.69895753942281
1780625929428278000,18.537278076171877,-0.3016904519677162,0.1273567983686924,-0.44061815340369936
1780625929438273000,18.54727294921875,-0.3795224641889334,-0.24530337883532047,-0.1115773376956582
1780625929448268000,18.55726806640625,-0.24303075772821903,-0.2652607097148895,0.15082739806622267
1780625929458263000,18.567262939453126,-0.04533376419842243,-0.24975977372229097,0.29421412473767994
1780625929468258800,18.5772587890625,0.13177110767960548,-0.3877969560593366,0.4601256946891546
1780625929478253800,18.58725390625,0.313276260343194,-0.6120698218256235,0.5583830936931073
1780625929488248800,18.597248779296876,0.34053953032195566,-0.8797644806891679,0.6644390376187861
1780625929498243800,18.607243896484373,-0.012675357177853584,-0.9138251557230949,0.43345615281984207
1780625929508238800,18.61723876953125,-0.11579904704391955,-0.6610889965385198,0.2868377507507801
1780625929518233900,18.62723388671875,-0.06595102029144763,-0.38666941333413124,0.3710430973961949
1780625929528229000,18.63722900390625,-0.11418109045326709,-0.2459989598840475,0.35887554361000656
1780625929538223900,18.647223876953124,-0.14377426468431947,-0.16664952883720396,0.22824571492001414
1780625929548219000,18.657218994140624,-0.26072657341659067,-0.07211655718386173,0.04693973809033632
1780625929558214000,18.6672138671875,-0.23943010288774966,-0.04212590806782245,-0.042957536586374044
1780625929568209000,18.677208984375,0.05191957232952118,-0.0474614238768816,-0.06576660363525152
1780625929578204000,18.687203857421874,0.550614943909645,-0.0025426702201366423,0.06098828331753611
1780625929588199000,18.697198974609375,0.9569295534342527,0.1147124208509922,0.19716697830632327
1780625929598194000,18.70719384765625,0.8321060729354619,0.3405816158980131,0.1607536026664078
1780625929608189000,18.71718896484375,0.08268471294939518,0.6006377427071332,-0.02590396432429552
1780625929618184000,18.727183837890625,-0.538473839738965,0.6473205834269523,-0.11823664945438503
1780625929628179000,18.737178955078125,-0.4408978471279144,0.450717814874649,0.03295169087871909
1780625929638173700,18.747173583984374,-0.13865560649633407,0.18280337578058242,0.09127323920503258
1780625929648168700,18.757168701171874,0.04566109645664692,0.13258125501871107,0.0716897100739181
1780625929658163700,18.767163818359375,-0.02448971361219883,0.18782500333487986,-0.22717603986188767
1780625929668159000,18.777158935546876,-0.45078795750141143,0.2552320676535368,-0.42064474817216396
1780625929678154000,18.787154052734376,-0.5887707793027163,0.29770459720194337,-0.36058424722403287
1780625929688149000,18.79714892578125,-0.24519874941706657,0.2820873413532972,-0.1806274930462241
1780625929698144000,18.80714404296875,0.2604682147413492,0.14176350938379764,0.12498159366995096
1780625929708139000,18.817138916015626,0.4497083455711603,-0.13592296666204928,0.3148516929663718
1780625929718134000,18.827134033203127,0.26661270884573457,-0.4521534006357193,0.16855185532718897
1780625929728129000,18.83712890625,0.018091537007689475,-0.5692419029682875,-0.02331716270148754
1780625929738123800,18.847123779296876,-0.26612171045839783,-0.3744125738292932,-0.25161753041818735
1780625929748118800,18.857118896484376,-0.15733634156882761,-0.13954583333432674,-0.31709172697812316
1780625929758113500,18.867113525390625,0.20352935294508934,0.13765315145552157,-0.19933862325698137
1780625929768108500,18.877108642578126,0.1982493667155504,0.3240419845074415,-0.08703414033055305
1780625929778103800,18.887103759765626,0.039109775117039676,0.23123042981922626,0.03927271059378981
1780625929788098800,18.897098876953127,-0.07106558682620524,-0.05553659378290176,0.1410828336432576
1780625929798093800,18.90709375,-0.082278470236063,-0.28642040212154385,0.1726891012623906
1780625929808088800,18.9170888671875,0.08099018399119377,-0.3474123387008905,0.14418445292040705
1780625929818083800,18.927083740234377,0.399555198392272,-0.3487508938282728,0.20932313391566276
1780625929828078800,18.937078857421874,0.26971710460186005,-0.3118435971915722,0.15603241936340928
1780625929838074600,18.94707470703125,-0.012835516175627708,-0.17669804464280603,-0.11908274488970637
1780625929848069600,18.957069580078127,-0.2201835506260395,-0.05930500640571117,-0.3497942654013633
1780625929858064600,18.967064697265624,-0.326756504163146,-0.05974632043242454,-0.42263709103316066
1780625929868059600,18.9770595703125,-0.19135610007047651,-0.19789047027528284,-0.3060116761676967
1780625929878054700,18.9870546875,-0.05273848749697208,-0.37147885846495626,-0.1521628844536841
1780625929888050000,18.9970498046875,-0.12549568067193032,-0.38472003283202644,-0.12796426274254918
1780625929898045000,19.007044921875,-0.16724866377413272,-0.2564846980631351,-0.09284574921876192
1780625929908040000,19.0170400390625,-0.0580272415548563,-0.05418751726150512,-0.06572758679911495
1780625929918034700,19.02703466796875,0.07613572969734668,0.1595107629984617,0.07437529589608312
1780625929928029700,19.03702978515625,0.1630143872052431,0.14441314710974693,0.12021832479089498
1780625929938024700,19.047024658203124,0.49872752028405665,0.07281973701715469,0.18117606683969498
1780625929948019700,19.057019775390625,0.25499066011309623,0.08837269545793533,0.32849531065449117
1780625929958014700,19.0670146484375,-0.19281389766335486,0.02089724207818508,0.36289851551577446
1780625929968009700,19.077009765625,-0.20246844571530817,-0.12724515468776226,0.31672990792840716
1780625929978004700,19.087004638671875,-0.15605039341151714,-0.14695698637366295,0.3572605096288025
1780625929987999700,19.096999755859375,-0.12654022128880024,-0.0862561416953802,0.30743630214333534
1780625929997994800,19.106994873046876,-0.09063421064913273,-0.06770283239483833,0.19722659953907132
1780625930007989800,19.11698974609375,-0.09933657254278659,-0.026422142979502676,0.13258417762815952
1780625930017984500,19.126984619140625,-0.03861702316403389,-0.029276363366842268,0.08865984183624387
1780625930027979500,19.1369794921875,0.10824468614161013,-0.05564999102950096,0.07400149414762854
1780625930037974800,19.146974853515626,0.36875615550279617,0.04279518563151359,0.06926160614416003
1780625930047969800,19.1569697265625,0.5913409220516681,0.22469313700497148,-0.053784927809983486
1780625930057964800,19.16696484375,0.28489538451135155,0.31041210308372974,-0.18297639425992965
1780625930067959800,19.176959716796876,-0.10500058965384959,0.2975590512514114,-0.19990692466422913
1780625930077954800,19.186954833984377,-0.32879648555815216,0.08618424550294876,-0.17718612042069434
1780625930087949800,19.19694970703125,-0.2828063032776117,-0.08226151910126209,-0.07960399032980203
1780625930097944800,19.20694482421875,0.006097147831320762,-0.07407119838297367,0.04410699888244271
1780625930107939800,19.21693994140625,0.15114625475704668,-0.04074935901761055,0.16292451696470378
1780625930117934600,19.2269345703125,0.11917056930363178,-0.1389817697107792,0.1988569772198796
1780625930127929600,19.2369296875,-0.07907879741191863,-0.16480828488469124,0.19782032764852045
1780625930137924600,19.246924560546876,-0.1915887397825718,-0.13288286831378937,0.17369783991351723
1780625930147919600,19.256919677734373,-0.04979600430428981,-0.09069675449132919,0.10623217727541923
1780625930157914600,19.26691455078125,0.1123643964201212,0.052749593412876127,0.09387085448279976
1780625930167909600,19.27690966796875,0.14615502234101294,0.13795359570682048,0.09174567902237177
1780625930177905000,19.28690478515625,-0.036901451417803766,0.109296825543046,0.02151595849841833
1780625930187900000,19.29689990234375,-0.09779577284157276,0.05783493385314941,0.03851166309341788
1780625930197895700,19.306895751953125,-0.04233925855755806,-0.03307809373736381,0.05871215507909655
1780625930207890700,19.316890625,0.05434709173738956,-0.03887012114226818,0.08676146086901426
1780625930217885700,19.3268857421875,0.08749883523285389,-0.05705342808663845,0.15279475261643527
1780625930227880700,19.336880615234374,0.08911094660460948,-0.08132511503398418,0.14237696510702372
1780625930237875700,19.346875732421875,0.12154723530709743,-0.06684533878266812,0.12176628488525748
1780625930247870700,19.35687060546875,0.1176835456162691,0.01059329020678997,0.08781374640092253
1780625930257865700,19.36686572265625,0.02561374920606613,0.04975625681579113,0.03645560734644532
1780625930267860700,19.37686083984375,-0.06501520074605942,0.05489069709479809,-0.0241553670912981
1780625930277855700,19.386855712890625,-0.14624679227769374,0.03987432974874973,-0.04216141777262091
1780625930287850500,19.3968505859375,-0.09573124152719974,0.017912088787555694,-0.0122650228112936
1780625930297845800,19.406845703125,0.06799918499290943,0.001482347512245178,-0.0069426587447524064
1780625930307840800,19.4168408203125,0.163158179590106,0.04681728075444698,-0.019527707290649413
1780625930317835800,19.426835693359376,0.12625146747529506,0.10221358928382396,-0.01985752376690507
1780625930327830800,19.436830810546876,0.0597480739980936,0.08546002288162707,-0.021853519889712333
1780625930337825800,19.44682568359375,-0.08383271394073963,-0.027383681488037107,-0.0418231257289648
1780625930347820800,19.45682080078125,-0.17006196762919426,-0.13567103772759437,-0.0183354287661612
1780625930357815800,19.46681591796875,-0.15750176126360893,-0.16690204229354857,-0.021403438034653662
1780625930367810800,19.476810791015627,0.10344868403673171,-0.12537468464076518,0.029598581058531998
1780625930377805800,19.486805908203124,0.3109223906934261,-0.022380174112319944,0.12242109553217888
1780625930387800600,19.496800537109376,0.2319645893126726,0.029568039789795875,0.22545666872337458
1780625930397795600,19.506795654296877,-0.02633738730549812,-0.032471944537758826,0.2329286120392382
1780625930407790600,19.51679052734375,-0.32204408868849277,-0.18281857334971427,0.17686755599081516
1780625930417785600,19.52678564453125,-0.4364198249310255,-0.3183130854666233,0.14604703192189336
1780625930427780600,19.536780517578126,-0.25326748958230016,-0.3524550090432167,0.06332213309258222
1780625930437775600,19.546775634765623,-0.03566109596788883,-0.30179215877652166,0.11271540181487798
1780625930447771000,19.55677099609375,-0.011256138029694556,-0.1911211222708225,0.21917145097404717
1780625930457766000,19.566765869140625,-0.01843815848827362,-0.1310211660951376,0.1620220151670277
1780625930467761000,19.576760986328125,0.02789163101017475,-0.12807576029300688,0.12508373887017368
1780625930477756000,19.586755859375,-0.011618541601300238,-0.09055530019402504,0.08950915214195847
1780625930487750700,19.596750732421874,0.06823182470500469,-0.15205401725172996,0.01731792228668928
1780625930497745700,19.60674560546875,-0.010322072049975395,-0.13808102147877216,-0.09541428453251719
1780625930507740700,19.61674072265625,-0.15213760388195513,0.0014396774142980575,-0.15233561067208648
1780625930517735700,19.626735595703124,-0.12506313447356224,-0.0049812955439090725,0.002415244448184967
1780625930527730700,19.636730712890625,0.008872457763552666,-0.04708323821425438,-0.03654679276123643
1780625930537725700,19.6467255859375,0.08997077830433844,-0.043459202498197555,-0.06082257136180996
1780625930547720700,19.656720703125,-0.06163666422367096,0.04473988995850086,-0.007121522442996501
1780625930557715700,19.6667158203125,-0.06644318772256375,0.08506897773742675,0.049039486848562956
1780625930567710700,19.676710693359375,-0.02773030296862125,0.0556523291170597,0.12468787142038344
1780625930577705700,19.686705810546876,0.041675241690874096,0.0861649562805891,0.15792919289544224
1780625930587700700,19.69670068359375,0.20399521689116953,0.10969371590614319,0.1557524333782494
1780625930597696800,19.70669677734375,0.09994798243939876,0.10220540597736835,0.16375249222144483
1780625930607691800,19.71669189453125,-0.038485505738854404,0.04560322878956794,0.08782309875115751
1780625930617686800,19.726686767578126,-0.14143266999423504,-0.09732581724226474,0.07793576485663652
1780625930627681800,19.736681884765623,-0.17971476211547852,-0.2137216611355543,0.020378478901088237
1780625930637676800,19.7466767578125,-0.11791209367513655,-0.21661212188005446,-0.10133856001496315
1780625930647671800,19.756671875,-0.16141045913994312,-0.18532734130024908,-0.12395605001449585
1780625930657666600,19.76666650390625,-0.09385025008618832,-0.11809037285149097,-0.12530030423030256
1780625930667661600,19.77666162109375,0.0592424625635147,0.025025720185041424,-0.02698693725541234
1780625930677656600,19.786656494140626,0.05913841766715049,0.15808394506573675,0.01178016190379858
1780625930687651600,19.796651611328127,-0.012708090403676032,0.07656593780815601,0.0921760332636535
1780625930697646600,19.806646484375,-0.10869885964989662,-0.2165630220413208,0.112799280706048
1780625930707641900,19.816641845703124,-0.04427987123131752,-0.3778197519242763,0.1296833416201174
1780625930717636900,19.826636962890625,0.06961071184277534,-0.3643015141814947,0.19236893037483094
1780625930727632000,19.8366318359375,0.1636544386744499,-0.3243558727622032,0.16787147184759377
1780625930737627000,19.846626953125,0.12393559174835682,-0.20258710365891455,0.12977540381774305
1780625930747622000,19.856621826171875,-0.00027881694138050077,0.05402618921995163,-0.03681786478757858
1780625930757616600,19.86661669921875,-0.033084523478150364,0.2008300308585167,-0.23551541366204617
1780625930767611400,19.876611328125,-0.14327975916564464,0.2021750157266855,-0.2631855108760297
1780625930777606400,19.8866064453125,-0.15369418567419052,0.06345102016925812,-0.25339213887527584
1780625930787601400,19.896601318359377,-0.021818448576331136,-0.05313187072873115,-0.16543883787319064
1780625930797596400,19.906596435546874,0.060524319067597386,-0.055737669312953944,-0.01995338535681367
1780625930807591400,19.91659130859375,0.05844459018409252,-0.06838789204955101,0.04813420857191086
1780625930817586400,19.92658642578125,0.049780806735157966,-0.15542729307711123,0.04994052734151482
1780625930827581400,19.93658154296875,-0.05000526314079761,-0.21665537649989128,0.10659984154403208
1780625930837576400,19.946576416015624,-0.11051847629249095,-0.24377485409379004,0.14738383348360656
1780625930847571500,19.956571533203125,-0.016051555612683295,-0.21350538803637026,0.22485767991691827
1780625930857566500,19.96656640625,0.1859358285874128,-0.09761164844632148,0.26676132353618737
1780625930867561500,19.9765615234375,0.1415033971428871,-0.04627718252837658,0.24704832280650735
1780625930877556500,19.986556396484374,0.02100713219344616,-0.009570376899838447,0.10005334251001477
1780625930887551500,19.996551513671875,-0.09122282419204711,0.004989478850364684,0.05153919470980763
1780625930897546500,20.00654638671875,-0.04671440490186214,-0.03169628399014473,0.03439063764065504
1780625930907541500,20.01654150390625,0.024697803404927252,-0.03549918340444565,0.03421235846430063
1780625930917536500,20.02653662109375,0.026565935364365575,-0.04041442797482014,0.061149319098144764
1780625930927531500,20.036531494140625,0.009861468800902365,-0.05714870515465736,0.0759765936128795
1780625930937526500,20.046526611328126,0.04396130680143833,-0.041410453274846076,0.08040390853583812
1780625930947521500,20.056521484375,0.014358780220150946,-0.014713585007190704,0.04043590915426612
1780625930957516500,20.0665166015625,0.0035989012748003004,-0.012291326296329497,0.06192234929725527
1780625930967511300,20.07651123046875,-0.015350129345059393,-0.031498131069540976,0.09215878986790775
1780625930977506300,20.08650634765625,-0.04565700480341911,-0.033518823242187495,0.032747985000163314
1780625930987501300,20.096501220703125,-0.08716565775573253,0.011833061134815215,0.010698211885988712
1780625930997496300,20.106496337890626,-0.0382633874207735,0.06002455285191535,-0.012086159113049506
1780625931007491600,20.11649169921875,0.011245032113790512,0.07372749951183795,-0.00968421253785491
1780625931017486600,20.126486572265627,-0.038194413837790486,0.034354689544439314,0.012637363255023955
1780625931027481600,20.136481689453124,-0.0011287117689847946,-0.070305123847723,0.0962723626665771
1780625931037477400,20.146477294921876,0.09226327315568923,-0.15974807888567447,0.1705146798327565
1780625931047472400,20.156472412109373,0.1297656130760908,-0.1457160464018583,0.22205036741122602
1780625931057467400,20.16646728515625,0.14223814115822314,-0.04601005602478981,0.10527312298491596
1780625931067462400,20.17646240234375,0.008313070315122604,0.030864509341120717,-0.02596197812184691
1780625931077457400,20.18645751953125,-0.1615069052517414,0.03661854282319545,-0.02233180492594838
1780625931087452400,20.196452392578124,-0.1982540428906679,0.014790741896629333,-0.030859540905058384
1780625931097447400,20.206447509765624,-0.04605447968840599,-0.014202712875604628,-0.03095233375504613
1780625931107442400,20.2164423828125,0.07095569671094418,-0.019924597653746604,0.045097178963571787
1780625931117437400,20.2264375,0.13678689001500605,0.0608504822820425,0.0667426090605557
1780625931127432700,20.2364326171875,0.16842296825051306,0.013327683606743811,0.07795783055797219
1780625931137427500,20.246427490234375,0.013635726642608642,-0.1217746143221855,0.10315043174251913
1780625931147422500,20.25642236328125,-0.02191080303490162,-0.19655776036679742,0.09220686679333448
1780625931157417500,20.26641748046875,-0.008714636853337288,-0.22019348749816417,0.07636193966865538
1780625931167412500,20.27641259765625,-0.05077917012274265,-0.17097557534277438,0.10421031605899334
1780625931177407500,20.286407470703125,0.037888124367594714,-0.07781155395507812,0.0741186907865107
1780625931187402500,20.296402587890626,0.02330196513235569,-0.02896832033097744,0.06550897561237215
1780625931197397500,20.3063974609375,-0.020119827964901922,0.017460253366827962,0.08116685573235154
1780625931207392500,20.316392578125,-0.08211948028206825,0.01921148094832897,-0.03763634156361222
1780625931217387500,20.326387451171875,-0.12219663912653922,-0.042839024773240086,-0.08633578280285001
1780625931227382500,20.336382568359376,-0.06546352903544903,-0.12683715840876103,-0.018127046712487934
1780625931237377300,20.346377197265625,0.06610884120166301,-0.17341653875410556,0.062498687880486244
1780625931247372300,20.356372314453125,0.11984393852055072,-0.09416822999417782,0.12624986004009842
1780625931257367300,20.3663671875,0.10750468142926692,0.03043956192731857,0.02746215355172753
1780625931267362600,20.376362548828126,0.003700608083605766,0.10171499211192131,-0.02160378291234374
1780625931277357600,20.386357666015623,-0.0820820708811283,0.0631377164363861,-0.032796061925590037
1780625931287352600,20.3963525390625,-0.09057166680693626,-0.006709142249822616,-0.07903218179121613
1780625931297347600,20.40634765625,0.006420388436317443,-0.01579378145933151,-0.03401026002094149
1780625931307342600,20.416342529296877,-0.051452539339661596,0.04701543367505073,0.025675270134955644
1780625931317337600,20.426337646484374,-0.07730243538916111,0.1137842000901699,0.0025669278785586357
1780625931327332600,20.43633251953125,-0.044564533391594885,0.06713584616184234,0.047286359570920464
1780625931337327400,20.446327392578127,-0.004915244570374488,-0.04972352358996868,0.12152765382379292
1780625931347322400,20.456322265625,0.10692366667091846,-0.12941606898605823,0.15134163119867444
1780625931357317400,20.4663173828125,0.06918751799464225,-0.08465104458630085,0.16653145541548728
1780625931367312400,20.4763125,0.007658405798673629,0.025186463704705238,0.03594298164919019
1780625931377307400,20.486307373046873,-0.026944705548882484,0.08345803540945053,-0.006438947006314992
1780625931387302400,20.496302490234374,-0.04192950871288776,0.06045943713784217,0.0027450609244406223
1780625931397297400,20.50629736328125,-0.03153846307992935,-0.05670914469361305,0.012409545848518609
1780625931407292400,20.51629248046875,-0.02275602168738842,-0.16150106003284453,0.0639478637754917
1780625931417287700,20.52628759765625,-0.01418342365324497,-0.18841537044346332,0.04294029319062829
1780625931427282700,20.53628271484375,0.0011836568266153334,-0.11238017851114272,0.014016688784211874
1780625931437277400,20.54627734375,-0.10520341874957084,-0.06789338653087616,0.026250001282989977
1780625931447272400,20.5562724609375,-0.08823767090141772,-0.09513327563405036,0.09715221424102782
1780625931457267500,20.566267333984374,0.013546294793486595,-0.14718027373552323,0.09588950082883238
1780625931467262500,20.576262451171875,0.12351824311912059,-0.08368658346831798,0.04786752045974135
1780625931477257500,20.586257568359375,0.06599661299884318,0.032765374526381494,0.047479251794517036
1780625931487252500,20.59625244140625,-0.10869476799666881,0.0683183339446783,0.011649521261453627
1780625931497247500,20.60624755859375,-0.11628478473424911,0.0976630863726139,0.024794834038615224
1780625931507242500,20.616242431640625,-0.03019815438687801,0.03588555237352848,-0.008610007435083389
1780625931517238300,20.62623828125,0.009483283138275145,0.0057435120880603785,0.0029492051944136617
1780625931527233300,20.6362333984375,0.05788812534511089,0.08620937994420527,0.014694003523886202
1780625931537228500,20.646228515625,-0.003887655088305473,0.029528876823186872,-0.0041598961584269996
1780625931547223600,20.6562236328125,0.016694529691338538,-0.11071136851608752,0.07455503637716174
1780625931557218600,20.666218505859376,0.07024608713686466,-0.16801497197151183,0.18995164010003207
1780625931567213600,20.676213623046873,0.12104220839440821,-0.11713994025886058,0.22893442783653734
1780625931577208600,20.68620849609375,0.04403378751575947,-0.019272855746746063,0.11712781142964958
1780625931587203600,20.69620361328125,-0.12426000139713286,0.0714291594415903,-0.025520664095133542
1780625931597198600,20.706198486328127,-0.14324877950549125,0.06687924105226993,-0.10165215600878
1780625931607193300,20.716193359375,-0.08292845857739448,-0.022107786911725998,-0.11678674290701746
1780625931617188400,20.726188232421876,-0.013590718457102774,-0.037089667466282845,-0.023237813854962586
1780625931627183400,20.736183349609377,0.09666296941936016,-0.05480886403024196,0.0844907394580543
1780625931637178400,20.746178466796874,0.12544132013618944,-0.07542144394814967,0.11294745700508356
1780625931647173400,20.75617333984375,0.1171177284270525,-0.042786417803168296,0.0844441238373518
1780625931657168400,20.76616845703125,-0.0316933613806963,0.004383329650759697,0.0020139701709151266
1780625931667163400,20.776163330078123,-0.15227321296036242,0.0827361508756876,-0.10251096479520201
1780625931677158700,20.78615869140625,-0.18017419632077217,0.12283493703007697,-0.20927111146748065
1780625931687153700,20.796153564453125,-0.1337789403706789,0.18853928908407688,-0.21994944960922003
1780625931697148700,20.806148681640625,-0.043750878921151155,0.2556488317608833,-0.20685542862787842
1780625931707143400,20.816143310546874,-0.0027361469656229016,0.2827501891762018,-0.06803966313377022
1780625931717138400,20.826138427734374,0.002332242339849472,0.21874036608040331,0.06342910059839486
1780625931727133400,20.836133544921875,0.04560030618011951,0.15150632024109362,0.13477131240889428
1780625931737128400,20.84612841796875,-0.05789221699833869,0.09533435116410255,0.13706950634866952
1780625931747123500,20.85612353515625,-0.08972937076389789,0.08034487182497978,0.0725908966973424
1780625931757118500,20.866118408203125,0.004587912312150002,0.10289631085097789,-0.007694061633944511
1780625931767113200,20.87611328125,0.15773147836625576,0.15992285093069075,-0.03387655063867569
1780625931777108200,20.886108154296874,0.2603717686295509,0.25094343054890633,-0.048697979934513566
1780625931787103200,20.896103271484375,0.17223054383993147,0.4156932632446289,-0.14806611665934324
1780625931797098200,20.90609814453125,0.022989830443263054,0.5037707751482725,-0.24194267023056745
1780625931807093200,20.91609326171875,-0.03489595681428909,0.40861587220430373,-0.24918898809701204
1780625931817088000,20.926087890625,-0.031575287958979605,0.20101473977565765,-0.1510140066795051
1780625931827083000,20.9360830078125,-0.0667015463978052,-0.03383329601883888,-0.04232157677039504
1780625931837078000,20.946078125,-0.06616495530307293,-0.2585170806735754,0.02896919711381197
1780625931847073000,20.956072998046874,-0.1109779104977846,-0.40093876170516013,0.07539046428799628
1780625931857068000,20.966068115234375,-0.20347791501879692,-0.43854690008759495,0.20244141157791018
1780625931867063000,20.97606298828125,-0.23321897328794,-0.3926479032218456,0.17309797432422636
1780625931877058000,20.98605810546875,-0.14952596007883548,-0.34423546223044393,0.15085983903110026
1780625931887053000,20.996052978515625,-0.08098959946930408,-0.3281155175566673,0.11883096208572387
1780625931897048000,21.006048095703125,-0.08154547978639602,-0.4055003705322742,0.17261048306822777
1780625931907043300,21.016043212890626,-0.027521044132113454,-0.49070378830432887,0.20300635198429226
1780625931917038000,21.0260380859375,-0.11216098280251026,-0.6403630193740129,0.25966449714303014
1780625931927033000,21.036033203125,-0.22590075922906397,-0.8012398100286722,0.32484073366969823
1780625931937028000,21.046028076171876,-0.20339432838857172,-0.8236451185822486,0.305257642930001
1780625931947023000,21.056023193359376,-0.021255553996562957,-0.666112962180376,0.33804449863582847
1780625931957018000,21.06601806640625,0.022216507983207703,-0.46707273734807964,0.4237894759386778
1780625931967013000,21.07601318359375,0.06987316217124462,-0.37038229539990425,0.4103399195179343
1780625931977008000,21.086008056640626,0.10485504370331764,-0.3469827151119709,0.4177111789382994
1780625931987003100,21.096003173828127,0.10388181475698947,-0.34179040716588494,0.38275077858567236
1780625931996998100,21.105998046875,0.03694178342819213,-0.31496962025761605,0.17991817573308944
1780625932006993200,21.1159931640625,-0.0489426023453474,-0.36120997790694237,0.10427578251063824
1780625932016988200,21.12598828125,-0.09598492402732371,-0.416440866741538,0.08697875688150525
1780625932026983000,21.13598291015625,-0.030396891829371452,-0.3550239827483892,0.06541735180616379
1780625932036979200,21.145979248046874,-0.06155833829045295,-0.2472796473443508,0.10504223683848976
1780625932046974200,21.15597412109375,-0.14658698401749135,-0.21843583017587662,0.056444064016640184
1780625932056969200,21.16596923828125,-0.16144202332198618,-0.2126893954783678,-0.021582009471952913
1780625932066964200,21.175964111328124,-0.14791501775085925,-0.18579495881199837,-0.07213496962338685
1780625932076959200,21.185959228515625,-0.09718202485740184,-0.10917699855566024,-0.0705042996816337
1780625932086954200,21.195954345703125,-0.017556699478626252,-0.02356850711405277,-0.06257642929181456
1780625932096949000,21.205948974609374,0.0708539899021387,0.10714578498899936,-0.0936840997390449
1780625932106944000,21.215944091796874,0.1706049884647131,0.20771920585036277,-0.08211275828033686
1780625932116939000,21.22593896484375,0.14425006550252437,0.3155027042210102,-0.05515373194515705
1780625932126934000,21.23593408203125,0.13572948991656303,0.5984224047452211,-0.09331263607814907
1780625932136929000,21.245928955078124,0.013458616510033607,0.8484908060252666,-0.31356077637299895
1780625932146924000,21.255924072265625,-0.002585340318083763,0.9711205758720636,-0.5858673129461706
1780625932156919000,21.2659189453125,0.04362228410542011,0.9252344384878873,-0.6640389323852955
1780625932166914000,21.2759140625,-0.05338730679452419,0.6300906316846608,-0.5034286837123334
1780625932176909300,21.285909423828127,-0.016219897916913032,0.3035042233914137,-0.3208293060712516
1780625932186904000,21.295904052734375,0.009774375039339065,0.18044424543380735,-0.17920242867916822
1780625932196899000,21.305899169921876,0.010367664757370948,0.06389934845864773,-0.011716449017822742
1780625932206894000,21.31589404296875,0.07337912446558476,-0.1683124936133623,0.047978871879726645
1780625932216889000,21.32588916015625,0.012514613658189773,-0.3443441833019256,0.18317060165777801
1780625932226884000,21.335884033203126,-0.07768705079257487,-0.47925183544158934,0.3336405645884573
1780625932236879000,21.345879150390626,-0.14303075284063815,-0.5275245757013559,0.24023937344402074
1780625932246874000,21.3558740234375,-0.10540274071395396,-0.44269875907003875,0.17776055930778384
1780625932256869000,21.365869140625,-0.06081073479354381,-0.3867436476141214,0.31324148129075763
1780625932266864000,21.375864013671876,0.1078016185492277,-0.4304325672149658,0.4511331176772713
1780625932276859100,21.385859130859377,0.16728607317507266,-0.45592765847742556,0.43437078344672914
1780625932286854100,21.395854248046874,0.11563304282724857,-0.32921091157793997,0.293091258187592
1780625932296849000,21.405848876953126,-0.02663724703490734,-0.0677607000619173,0.1893335082016885
1780625932306844000,21.415843994140626,-0.06061608900427818,0.11573299607038497,0.21077742437720298
1780625932316839200,21.425839111328123,-0.009418985730409621,0.23538638045489788,0.09551818329840898
1780625932326834200,21.435834228515624,0.0031792145580053326,0.2988736409813165,-0.0699351214915514
1780625932336829200,21.4458291015625,-0.052802784904837606,0.3168108642101288,-0.06937441886886954
1780625932346824200,21.45582421875,-0.10863105511069297,0.24219313786029814,-0.06981807098314166
1780625932356819200,21.465819091796874,-0.033142975667119025,0.09663315880298613,-0.07598696887642145
1780625932366814200,21.475814208984374,0.08708733182251453,-0.04454290608167648,-0.019309534495323896
1780625932376809200,21.485809326171875,0.1227338147431612,-0.09283201295435428,0.01557356283739209
1780625932386804200,21.49580419921875,0.0038853170007467266,-0.058498366197943685,-0.06438815488889812
1780625932396799000,21.505799072265624,-0.12229425428211688,-0.029227263528108595,-0.14380641338825226
1780625932406794000,21.5157939453125,-0.1270955170840025,-0.00032967034578323365,-0.14137904011085628
1780625932416789000,21.5257890625,-0.06116027888357639,0.05481646281480789,-0.12635901950299738
1780625932426784000,21.535783935546874,-0.04835808045566082,0.05894143379032612,-0.09110153589993715
1780625932436779000,21.545779052734375,-0.02662672564089298,0.05388824205398559,-0.015576923838257789
1780625932446774000,21.55577392578125,-0.10727554884850979,-0.016119944673776625,0.055202831783890724
1780625932456769000,21.56576904296875,-0.05085048179328441,-0.1545966874718666,0.12699834031984208
1780625932466764300,21.575764404296876,0.09521160156726836,-0.23119418946206569,0.20180004493445156
1780625932476759300,21.58575927734375,0.1499339563578367,-0.18448679882287977,0.24227613996863365
1780625932486754300,21.59575439453125,0.07178279518485069,-0.03571604102551937,0.18577055502310394
1780625932496749000,21.6057490234375,-0.0007394201904535293,0.060597968825697894,0.04563683879822492
1780625932506744000,21.615744140625,-0.10822948857247829,0.09397066159546374,0.014679828868061304
1780625932516739000,21.625739013671875,-0.11596972743570803,0.060383449292182916,0.047803369182348246
1780625932526734000,21.635734130859376,0.00887830298244953,-0.0015372925698757171,0.0290234115190804
1780625932536729000,21.64572900390625,0.10436404531598091,-0.06140227094590663,0.03127572049051523
1780625932546724000,21.65572412109375,0.07699030070006847,-0.15766192026138304,0.08402589842528105
1780625932556719000,21.665718994140626,0.017737316742539404,-0.2187456267774105,0.1408290050126612
1780625932566714000,21.675714111328126,0.008100888869166373,-0.24566987406015395,0.11647943052351474
1780625932576709000,21.685709228515623,-0.01906125882267952,-0.19568974536061287,0.08762129256874322
1780625932586704100,21.6957041015625,0.0016138649374246596,-0.1130213990241289,0.03299275354146957
1780625932596699000,21.705698974609376,0.04924363111853599,-0.06190905142426491,-0.033208003727346655
1780625932606694000,21.71569384765625,-0.01695288836658001,-0.04295359106361866,-0.029552257698774335
1780625932616690200,21.725690185546874,-0.06093816056549549,-0.03705108902156353,-0.038024902489781374
1780625932626684200,21.73568408203125,-0.06040390755832195,-0.02991641483604908,-0.08975362842231989
1780625932636680200,21.74568017578125,-0.07470949628651141,-0.03301438085138798,-0.0763667619742453
1780625932646675200,21.75567529296875,-0.04017828113138675,-0.05607903009653091,-0.03030526802316308
1780625932656670200,21.765670166015624,-0.0005254851788282394,-0.08068973973989486,-0.000922083280980587
1780625932666665000,21.7756650390625,0.02415361352562904,-0.12699381027519702,0.040486031906306744
1780625932676660000,21.785659912109374,0.0080517890304327,-0.10335223792493342,0.035378479634225364
1780625932686655000,21.795655029296874,-0.00003682487905025482,-0.020296353575587272,-0.02436813305914402
1780625932696650000,21.80564990234375,-0.007442717221379279,0.06905658509135246,-0.054928106495738024
1780625932706645000,21.81564501953125,-0.01818330694437027,0.14707856692671775,-0.039624154379963875
1780625932716640000,21.825639892578124,-0.03778115686178207,0.1640770480006933,0.0014886311225593089
1780625932726635300,21.83563525390625,0.012965864557027817,0.13315057933926583,-0.006577332563698291
1780625932736630300,21.84563037109375,0.04362228410542011,0.0705278266876936,0.07429404735341667
1780625932746625300,21.855625244140626,0.05715221228599548,-0.0006792144358158111,0.15156141142919657
1780625932756620300,21.865620361328126,-0.0026280104160308834,-0.053826282733678815,0.17347908259630201
1780625932766615600,21.875615478515623,-0.037514030358195304,-0.07951485074162483,0.12587065146416426
1780625932776610600,21.885610595703124,-0.09309212519526482,-0.13375497497320174,0.10902136960253118
1780625932786605600,21.89560546875,-0.07037000577747822,-0.13417758429944515,0.12966843631193042
1780625932796600600,21.9056005859375,0.0328957229077816,-0.0852542711764574,0.08544570209532976
1780625932806595600,21.915595703125,-0.06053367141783237,-0.008481412619352341,0.0406882764801383
1780625932816590600,21.925590576171874,-0.11018939046859741,0.005544190123677253,0.021626579266041515
1780625932826585600,21.935585693359375,-0.08678688757121562,-0.02739186479449272,-0.037099750468879936
1780625932836580900,21.945580810546875,-0.07251929276585578,-0.09942132821679114,-0.0006394669473171234
1780625932846575600,21.95557568359375,-0.05510580115020275,-0.07923135762512683,0.031356969033181664
1780625932856570600,21.965570556640625,-0.001219312661886215,-0.020580431213974952,-0.034995763926953076
1780625932866565600,21.975565673828125,-0.033999884757399554,0.03940554319322109,-0.01133358718007803
1780625932876560600,21.985560546875,-0.02015606832206249,0.04241407735943794,-0.01729468754157424
1780625932886555600,21.9955556640625,0.028192075261473656,0.012324059522151947,-0.030381694260239598
1780625932896550700,22.005550537109375,0.040643560555577274,-0.004068856874108314,-0.011717325800657272
1780625932906545700,22.015545654296876,0.02520809101462364,-0.03297229527533054,-0.02765036960020661
1780625932916540700,22.025540771484376,-0.010614332994818686,-0.014270517414808273,-0.048949178216606375
1780625932926535700,22.03553564453125,-0.036844168272614476,-0.005105798706412315,-0.027621435766667125
1780625932936530700,22.04553076171875,-0.027752514800429343,-0.10068564906418323,0.012510229744017123
1780625932946525700,22.055525634765626,0.07371347098648548,-0.16686930906772612,0.04915229957327246
1780625932956520400,22.0655205078125,0.06658522654175758,-0.19068682250678537,0.06281213774383068
1780625932966515500,22.075515380859375,-0.00719955611526966,-0.17278934676647184,0.13146920212358235
1780625932976510500,22.085510498046876,-0.0013876549661159514,-0.13832184449732302,0.1390412448130548
1780625932986505700,22.095505615234377,0.018257541224360466,-0.13742752600610256,0.11511398738920688
1780625932996500700,22.105500732421874,-0.019552841731905937,-0.09395487950444222,0.04499079597964883
1780625933006495700,22.115495849609374,-0.05383037438690662,0.0207394211679697,-0.014174071303009987
1780625933016490800,22.12549072265625,-0.09467559499442577,0.10888064595758914,-0.0211174607001245
1780625933026485800,22.13548583984375,-0.09269640387594699,0.04354804982542992,0.0053108197592198845
1780625933036480800,22.145480712890624,-0.040433132675290105,-0.050714872714877124,0.07150397824347018
1780625933046475800,22.155475830078124,0.02675999663174152,-0.09375555754005908,0.10084390836581587
1780625933056470500,22.165470458984377,0.04846212535202503,-0.1436515150874853,0.09419365669637918
1780625933066465500,22.175465576171874,0.06654723261892795,-0.11967150456309318,0.10259265172928571
1780625933076460500,22.18546044921875,0.03246609931886196,-0.06701718821823596,0.07353796828910708
1780625933086455600,22.19545556640625,-0.019326631760597228,0.008259878823161124,0.021773586521297694
1780625933096450600,22.205450439453124,-0.04924538468420505,0.1284288115143776,-0.08873948294371366
1780625933106445600,22.215445556640624,-0.09627952305972576,0.14977555092573164,-0.1304372287273407
1780625933116440600,22.225440673828125,-0.16752923428118227,0.02857435257732868,-0.08925941516458988
1780625933126435800,22.235435791015625,-0.08957856411635876,-0.12596797435879706,-0.03163900084495544
1780625933136430800,22.245430908203126,0.061302902224659915,-0.23195815957188604,0.06070274437442422
1780625933146425600,22.255425537109375,0.07970014418065548,-0.221176653316617,0.11404080519974232
1780625933156420600,22.265420654296875,0.0143564421325922,-0.14014029209613799,0.07353022337406873
1780625933166415600,22.27541552734375,-0.07033610350787639,-0.006180734461545944,0.09014043578281998
1780625933176410600,22.28541064453125,-0.06418167253136635,0.12191782218515872,0.0028770167410373687
1780625933186405600,22.295405517578125,-0.031823125240206716,0.16206103200316427,-0.06785290839001536
1780625933196400600,22.305400634765626,-0.08876724773347378,0.13935937085151673,-0.031063246783614155
1780625933206395600,22.315395751953126,-0.10355272893309593,0.0027437457501888274,0.016890490654855966
1780625933216390700,22.325390625,-0.024122633865475654,-0.12890110520124434,0.10585618356987833
1780625933226385700,22.3353857421875,0.01757715774476528,-0.21894494874179363,0.14650222834348678
1780625933236380700,22.345380615234376,0.040754619714617725,-0.2410831307917833,0.17175912693589926
1780625933246375700,22.355375732421876,0.02171206559240818,-0.23947277298569677,0.12418635163903236
1780625933256370400,22.365370361328125,0.051420975157618516,-0.14325404020249843,0.0840748521335423
1780625933266365400,22.375365478515626,-0.005604980400204658,-0.045377018818259236,-0.0340939927816391
1780625933276360700,22.385360595703126,-0.06526596063673495,0.05739712695777416,-0.09686126847043633
1780625933286355700,22.395355712890623,-0.10390753372013568,0.054231940925121305,-0.14265329783037303
1780625933296350700,22.405350830078124,-0.09841419700086117,0.07783610387444495,-0.12235285260155797
1780625933306345700,22.415345703125,-0.0818646287381649,0.0789414347678423,-0.06536167609617113
1780625933316340700,22.4253408203125,-0.04465513428449631,0.007696984243392944,0.0032800445839762686
1780625933326335700,22.435335693359374,0.023431144469976423,-0.08752396967411041,0.09721738843172788
1780625933336330800,22.445330810546874,0.05400689999759197,-0.1816717414021492,0.08886383997574449
1780625933346325800,22.45532568359375,0.05996960779428482,-0.20944529899060724,0.09104980571269988
1780625933356321500,22.465321533203124,0.05303308652937412,-0.1936538556188345,0.07767316839769482
1780625933366316500,22.475316650390624,0.005905424651503562,-0.11225742891430854,0.03153261786103249
1780625933376311600,22.4853115234375,-0.03301671893894672,0.0169271694034338,0.03649287061691284
1780625933386306600,22.495306640625,-0.037626258561015126,0.05623977361619472,-0.010020458754897116
1780625933396301800,22.5053017578125,-0.06517594426572322,0.01918283937573433,-0.008516337802261114
1780625933406296800,22.515296875,-0.0752893420010805,0.003623451194167137,-0.0025628362253308293
1780625933416291800,22.525291748046875,-0.001367196699976921,-0.011640753433108329,-0.022727380114793777
1780625933426286600,22.53528662109375,0.004420739051699638,-0.02806581853330135,0.01133373331055045
1780625933436281600,22.545281494140625,0.04999357270300388,-0.04531155236661434,0.0838426508128643
1780625933446276600,22.555276611328125,0.08353986847400664,-0.04876140055954456,0.11209259374141692
1780625933456271600,22.565271728515626,0.046399932125210756,-0.03737549867033958,0.06190802851095795
1780625933466266600,22.5752666015625,-0.03307809373736381,-0.015299275940656661,0.007280512396991253
1780625933476261600,22.58526171875,-0.11426584612727164,0.0133195003002882,-0.030037556997686624
1780625933486256600,22.595256591796876,-0.08706979616582393,0.04068213900029659,-0.009865998845547437
1780625933496251600,22.605251708984376,-0.03813420808315277,0.02444645899236202,0.03500511627718806
1780625933506246700,22.61524658203125,0.019323124629259107,-0.010227379503846168,0.08813245696127414
1780625933516241700,22.62524169921875,0.02792904041111469,-0.04722819964289665,0.12120368256643414
1780625933526236400,22.635236328125,-0.06555412992835044,-0.0805225664794445,0.08995251199528574
1780625933536231700,22.645231689453126,-0.07892740624248981,-0.06250935540497303,0.0587711917899549
1780625933546226700,22.655226806640623,0.03126315326988697,0.013209610185027122,-0.009480214398354291
1780625933556221700,22.6652216796875,-0.017489479461312293,0.07855974197387695,-0.008277706740796566
1780625933566216700,22.675216796875,-0.06868073751628398,0.020246669214963913,-0.06416457526609301
1780625933576211700,22.685211669921873,-0.04906418289840221,-0.06967734733819961,-0.11679799495339394
1780625933586206700,22.695206787109374,-0.012975801429152488,-0.1581166782915592,-0.055688277213275426
1780625933596201700,22.70520166015625,-0.03229658797085285,-0.21888357394337654,0.03940948871597647
1780625933606196700,22.71519677734375,-0.009433598777651786,-0.15146248109936714,0.07919862439930439
1780625933616191700,22.725191650390624,0.025341946527361867,-0.07795125468671321,-0.01429594411700964
1780625933626186500,22.7351865234375,-0.028356910434365272,-0.00781739575266838,-0.019330723413825034
1780625933636181500,22.745181396484377,-0.07339666012227535,-0.029593174231052396,0.0153346395149827
1780625933646176500,22.755176513671874,-0.018989362630248068,-0.0018149404674768447,0.0064284256123006344
1780625933656171500,22.765171630859374,-0.02487257544994354,0.031657705545425414,0.03473258294612169
1780625933666166500,22.77516650390625,-0.0014478607207536697,0.005619008925557136,0.08036649913489818
1780625933676161500,22.78516162109375,0.052639118775725365,-0.027108956199884415,0.14252762562409044
1780625933686156800,22.79515673828125,0.03194236770570278,-0.03361117770075798,0.15133695502355693
1780625933696151800,22.80515185546875,-0.012423428243398666,-0.04398468767702579,0.11098477862998843
1780625933706146800,22.815146728515625,-0.08372983808815479,-0.02116261501610279,0.023908991114795206
1780625933716141800,22.825141845703126,-0.10424246476292609,-0.011689853271842002,-0.05244169650748372
1780625933726136600,22.835136474609374,-0.06733516812622546,-0.05511106184720993,-0.0752723908662796
1780625933736131600,22.845131591796875,-0.025291677644848822,-0.12150865686237812,-0.08104498291835188
1780625933746126600,22.855126708984375,-0.014589666366577148,-0.1386187816172838,-0.04581541023552418
1780625933756121600,22.86512158203125,-0.006688099461793899,-0.1265554188579321,-0.0343410994105041
1780625933766116000,22.8751162109375,-0.10176233838498591,-0.060067807471752166,-0.08163608067929744
1780625933776111000,22.885111083984373,-0.1456599323004484,-0.008757891473174094,-0.11887085570469498
1780625933786106000,22.895106201171874,-0.14195523256361484,0.024959084689617154,-0.08395020284056663
1780625933796101400,22.905101318359375,-0.10701719017326831,-0.009264087429642676,-0.056089843751490114
1780625933806096400,22.915096435546875,-0.0370610258936882,-0.07333586984574794,-0.02388634089156985
1780625933816091400,22.92509130859375,0.04072247101068496,-0.09344400737285613,0.02662570272758603
1780625933826086400,22.93508642578125,0.04024900828003883,-0.06863514480888844,0.0989005192130804
1780625933836081200,22.9450810546875,0.024539982494711874,-0.0008317746490240096,0.10042860556319355
1780625933846076200,22.955076171875,-0.059468672534823415,0.05076864872872829,0.043425007967650885
1780625933856071200,22.9650712890625,-0.04957096337676048,0.04541910439431667,0.026234949844330547
1780625933866066200,22.975066162109375,0.018444003707170486,-0.01799625993967056,0.0412283747062087
1780625933876061200,22.985061279296875,0.0957896937161684,-0.10079904631078243,0.06760960115343331
1780625933886056200,22.99505615234375,0.14434534257054327,-0.1335702660560608,0.1189925823882222
1780625933896051200,23.00505126953125,0.10375555802881717,-0.11321662933528423,0.14501476626470683
1780625933906046200,23.015046142578125,0.026636077991127965,-0.04270750734806061,0.1516936595067382
1780625933916041200,23.025041259765626,-0.03532324231564998,-0.028549218136072158,0.13480506854802368
1780625933926036200,23.0350361328125,-0.06680091511905192,-0.056066755136847495,0.11580854552462697
1780625933936031200,23.04503125,0.01650806720852852,-0.07220598903298378,0.09963380192369221
1780625933946026200,23.055026123046876,0.040837621822953224,-0.05972820025384426,0.140573861207813
1780625933956021200,23.065021240234376,0.0130798463255167,-0.08383622107207775,0.12071560678854584
1780625933966016300,23.075016357421877,-0.010959200909733771,-0.06451777261793613,0.0790583391457796
1780625933976011300,23.08501123046875,-0.039705402922630306,-0.06129881057143211,0.025121581774950025
1780625933986006300,23.09500634765625,-0.07079027701616286,-0.04013794912099838,0.024827567264437675
1780625933996001300,23.105001220703127,-0.060683309021592136,-0.024873744493722913,0.03912526494711637
1780625934005996300,23.114996337890624,0.04509294117987156,0.00187222361266613,0.01757701161429286
1780625934015991300,23.1249912109375,-0.004226093262434005,0.04953647658526897,0.014235446101427077
1780625934025986300,23.134986328125,-0.06468611492216586,0.08646598505377769,-0.04657587321400642
1780625934035981000,23.14498095703125,-0.07976327254474162,0.0524631776869297,-0.11879895951226353
1780625934045976000,23.15497607421875,-0.09638999769687652,-0.009790157130360603,-0.07887085374966263
1780625934055971000,23.16497119140625,-0.06795183871984481,-0.06366437065899372,-0.051288288688659665
1780625934065966000,23.174966064453123,0.0482411760777235,-0.07872165453732013,0.0032977263711392877
1780625934075961000,23.184961181640624,0.08694120135009288,-0.07788871084451675,0.04001885278597474
1780625934085956400,23.194956298828124,0.10571545992493629,-0.0816506937265396,-0.0105853991612792
1780625934095951400,23.204951416015625,0.035605566388368606,-0.05115969387292862,-0.06255261002480983
1780625934105946400,23.2149462890625,-0.011114683732390404,-0.030926468661427495,-0.04470861803740263
1780625934115941400,23.22494140625,-0.03547463348507881,-0.02658113293349743,0.014070318667590617
1780625934125936400,23.234936279296875,-0.024868483796715735,-0.05538344904780387,0.11868819261416792
1780625934135931100,23.24493115234375,-0.003546294304728508,-0.11774784302413463,0.07444324656575918
1780625934145926100,23.254926025390624,0.04444295283854007,-0.10958557935655117,0.021917378906160592
1780625934155921200,23.264921142578125,-0.023340543577075004,-0.1000076036721468,0.05120835532024502
1780625934165916200,23.274916259765625,-0.07943827837407588,-0.10714052429199218,0.09546031563133
1780625934175911200,23.2849111328125,-0.015482231292128562,-0.08571253633797168,0.12384557537734507
1780625934185906200,23.29490625,0.014643442380428313,-0.040704935353994366,0.08285670851543545
1780625934195901200,23.304901123046875,0.06725859575867653,0.028578444230556485,0.10313070412874221
1780625934205896200,23.314896240234376,0.07829787616729736,0.02586509361863136,0.13477525793164968
1780625934215891200,23.32489111328125,0.06255261002480983,0.00822130037844181,0.14863368741422892
1780625934225886200,23.33488623046875,-0.012116554251313208,-0.03355915525257587,0.16916677235513924
1780625934235881200,23.344881103515625,-0.10118132362663745,-0.10582651908397674,0.15849617912843822
1780625934245876200,23.354876220703126,-0.10263210695683955,-0.15259411547780036,0.13676540883556007
1780625934255871200,23.364871337890627,-0.04729892679154873,-0.160575177359581,0.11428440469726919
1780625934265866200,23.3748662109375,-0.0647328766733408,-0.1377349845200777,0.09577128127664328
1780625934275861200,23.384861328125,-0.07182254267334938,-0.08797405152916908,0.07476692556217313
1780625934285856300,23.394856201171876,-0.0643622897952795,0.007619827353954315,0.038368162969499825
1780625934295851300,23.404851318359373,-0.11270926433503627,0.07061608949303627,-0.07463336231037974
1780625934305846300,23.41484619140625,-0.16321721630096434,0.11649813522398471,-0.20526523682698605
1780625934315841300,23.42484130859375,-0.16024901414513587,0.1250946986556053,-0.2527579326249659
1780625934325836300,23.434836181640627,-0.18562369389832017,0.09274433467090129,-0.2494979079157114
1780625934335832000,23.44483203125,-0.2279126835733652,0.07891220867335796,-0.22002353775873779
1780625934345827300,23.454827392578125,-0.2011649619013071,0.06824819131791592,-0.2713350611925125
1780625934355822300,23.464822265625,-0.1699947476118803,0.08493979839980602,-0.2986000847369432
1780625934365817300,23.4748173828125,-0.14700433264672755,0.14317103809416293,-0.24821444397643208
1780625934375812400,23.484812255859374,-0.09585106851458548,0.19139993921220302,-0.18850816329345105
1780625934385807400,23.494807373046875,0.005987257716059685,0.10235095192790031,-0.12319660994932055
1780625934395802400,23.50480224609375,0.18206863176524637,-0.05199672921895981,0.004123655801266431
1780625934405797000,23.514797119140624,0.1978314335644245,-0.16762977204620838,0.06553396392315626
1780625934415792000,23.524792236328125,0.07415887666642665,-0.18680092098414897,0.11331892066597937
1780625934425787100,23.534787109375,-0.02898176433444023,-0.17106851432323456,0.12827464386597276
1780625934435782100,23.5447822265625,-0.0937245778799057,-0.1524883170157671,0.187098296495527
1780625934445777200,23.554777099609375,-0.07125029574334621,-0.13262334059476852,0.2621808638781309
1780625934455772200,23.564772216796875,0.04586801720559597,-0.15368775593340395,0.31484424031227826
1780625934465767200,23.57476708984375,0.10252338588535785,-0.2029249573111534,0.3250079069301486
1780625934475762200,23.58476220703125,0.12796820826530456,-0.17998831835985182,0.2345171964049339
1780625934485757200,23.594757080078125,0.06161445239186287,-0.1205161386936903,0.07458660055920481
1780625934495752400,23.60475244140625,0.03762041334211826,-0.048994040271639824,-0.006699936030060053
1780625934505747200,23.614747314453126,0.05172726462781429,-0.0020329671323299405,0.015469810201972722
1780625934515742200,23.6247421875,0.005864508119225502,-0.02333060670495033,0.0352133522003889
1780625934525737200,23.6347373046875,-0.002732639834284782,-0.06294014803767203,0.037295126910507674
1780625934535732200,23.644732177734376,-0.0008346972584724426,-0.16301380268335341,0.02917728690654039
1780625934545727200,23.654727294921877,0.05526420658230781,-0.19646306782066822,0.05057327228710055
1780625934555722200,23.66472216796875,0.042815643897652626,-0.16723463524878024,0.028842063602805137
1780625934565717200,23.67471728515625,-0.03612637539207935,-0.08234218312203884,0.013398849146813153
1780625934575712300,23.684712158203126,-0.04399345550537109,-0.07773673515319823,0.028562077617645263
1780625934585707300,23.694707275390623,-0.06271569163203239,-0.06595569646656513,0.03726823890358209
1780625934595702300,23.704702392578124,-0.021023498806357382,0.015872107392549514,-0.0005324994415044785
1780625934605697300,23.714697265625,-0.007204232290387153,0.1679115115970373,-0.01950257284939289
1780625934615692000,23.724692138671877,0.006699205377697944,0.25444120953679084,-0.00852495950013399
1780625934625687000,23.73468701171875,0.1131260284423828,0.23130583314299583,-0.04735694058910012
1780625934635682300,23.744682373046874,0.06375204894244671,0.15861936711668967,-0.038553164147585625
1780625934645677300,23.75467724609375,-0.07409925543367862,0.11113222427666186,0.009668430446833371
1780625934655672300,23.76467236328125,-0.045644729843735694,0.1139408519566059,0.005648381150513887
1780625934665667300,23.774667236328124,-0.10066635984182357,0.11726210533380507,-0.01696019489020109
1780625934675662300,23.784662353515625,-0.1280716686397791,0.06978606840968131,-0.07001534712091088
1780625934685657300,23.7946572265625,-0.11057108326256275,0.030028058516979216,-0.08930646917670965
1780625934695652400,23.80465234375,-0.11572013658881186,-0.05181026673614979,-0.07634820340424775
1780625934705647000,23.814647216796875,-0.09138765936493873,-0.10468903948664665,-0.05793751744478941
1780625934715642000,23.82464208984375,-0.042750177446007724,-0.11121581090688705,-0.037642771304398776
1780625934725637000,23.83463720703125,-0.042457331979274746,-0.09290215558111667,-0.04153393352404237
1780625934735632100,23.844632080078124,-0.11916706217229366,-0.08615268132090569,0.004422931008785963
1780625934745627100,23.854627197265625,-0.1480605637013912,-0.09221417331695556,0.07177212766036391
1780625934755622100,23.8646220703125,-0.0863654472887516,-0.0916068550735712,0.02339358893856406
1780625934765617400,23.874617431640626,-0.033704116681218144,-0.023651509222388265,0.043773529144376516
1780625934775612700,23.88461279296875,0.027256255716085434,0.02315291205048561,0.02452902270928025
1780625934785607700,23.894607666015624,0.0075333181142807,-0.021223405292630195,0.0003666413553059101
1780625934795602700,23.904602783203124,-0.0639355888158083,-0.04244271893203258,0.05296791233867407
1780625934805597400,23.914597412109377,-0.052044660013914106,-0.050013446447253224,0.08684154036790132
1780625934815592400,23.924592529296874,-0.01772796439230442,0.017175591206550597,0.12408113769888877
1780625934825587500,23.93458740234375,0.048914545294642446,0.10441080706715583,0.10513882908076047
1780625934835582500,23.94458251953125,0.01901975776851177,0.11937515196502207,0.0861838071115315
1780625934845577500,23.954577392578123,-0.07365092714428902,0.06508768146038055,0.08481164197549224
1780625934855572500,23.964572509765624,-0.032035891208052635,-0.021146832925081252,0.11523206081092358
1780625934865567500,23.9745673828125,0.057789925667643544,-0.08313771741390227,0.14156301837563515
1780625934875562500,23.9845625,0.03886076879203319,-0.10339607706665992,0.13252923257052898
1780625934885557500,23.9945576171875,0.036731940069794654,-0.10152911415100097,0.08693579452261328
1780625934895552500,24.004552490234374,-0.06129238083064556,-0.14838731143772602,-0.010069120202213525
1780625934905547300,24.01454736328125,-0.14807517674863338,-0.20824410650730132,-0.023797931955754754
1780625934915542300,24.024542236328124,-0.12846855900287626,-0.2023188081115484,0.014676467867195606
1780625934925537500,24.03453759765625,-0.0828968943953514,-0.15078618927299975,0.03711903969123959
1780625934935532500,24.044532470703125,-0.01602817473709583,-0.08823299472630024,0.03780307643264532
1780625934945527600,24.054527587890625,0.01727262184023857,0.035141456007957456,-0.02589242001697421
1780625934955522600,24.0645224609375,0.02058744547665119,0.09976853421926497,-0.11367898615002632
1780625934965517600,24.074517578125,-0.020348960545659062,0.041724926051497455,-0.21956761068478226
1780625934975512600,24.0845126953125,-0.048483168140053746,-0.05624561883509159,-0.19525909885838627
1780625934985507600,24.094507568359376,-0.042080315360426904,-0.1576549059987068,-0.10138999794125557
1780625934995502600,24.104502685546876,0.0635042116612196,-0.24581951166391372,-0.007211831074953079
1780625935005497300,24.114497314453125,0.10504267522990703,-0.23422435093820093,0.01836538551300764
1780625935015492400,24.124492431640626,0.11604396171569824,-0.21193010154366493,-0.01910422118157148
1780625935025487400,24.1344873046875,-0.005622516056895256,-0.1796884586304426,-0.04459697435647249
1780625935035482400,24.144482421875,-0.12264029124081134,-0.18384850091934202,-0.09196282890439032
1780625935045477400,24.154477294921875,-0.18976327792108058,-0.18499533286690711,-0.10146642417833208
1780625935055472400,24.164472412109376,-0.14481354460418225,-0.14529285255372523,-0.10935790808051823
1780625935065467400,24.17446728515625,-0.09474047692418099,-0.04920271458625793,-0.07410831552296876
1780625935075462700,24.184462646484373,-0.05656009161174297,0.04062894750833511,0.06275923851281404
1780625935085457700,24.194457763671874,0.1125292315930128,0.04848667527139187,0.12584449410960077
1780625935095452700,24.20445263671875,0.10595979007482528,-0.007924947780370712,0.16687763850465415
1780625935105447400,24.214447509765623,0.10867840138375759,-0.04377601336240768,0.1275223641939461
1780625935115442400,24.2244423828125,0.07339315299093722,-0.026350246787071225,0.04202668547704816
1780625935125437400,24.2344375,0.000481061515212059,0.024965514430403707,0.05133008200377225
1780625935135432400,24.244432373046877,-0.10237491732537746,0.020323826104402542,0.043795156454294916
1780625935145427500,24.254427490234374,-0.048958968958258624,0.00841126999258995,0.04577113270238042
1780625935155422500,24.26442236328125,-0.03029576954245567,-0.025669863307476042,0.04782485036179423
1780625935165417500,24.27441748046875,-0.057058688783645624,0.03975158015191555,0.052119478815793985
1780625935175412500,24.28441259765625,-0.09265607186555862,0.04481996945738792,0.019084201306849718
1780625935185407500,24.294407470703124,-0.07387655259370804,-0.03426175056397915,0.06225713420957327
1780625935195402500,24.304402587890625,0.009063011899590492,-0.05733692120313644,0.0874010739468038
1780625935205397200,24.314397216796873,-0.06679857703149318,-0.03029927667379379,-0.0022119769610464573
1780625935215392500,24.324392578125,-0.08535363989770411,0.032092005309462546,-0.02970101851969957
1780625935225387500,24.334387451171875,-0.0554302107989788,0.06381283921897411,-0.05593874484300613
1780625935235382500,24.344382568359375,-0.02200608010292053,-0.012324059522151947,-0.03733633570373058
1780625935245377500,24.35437744140625,0.0797948367267847,-0.10210486821234226,0.054619917329400774
1780625935255372500,24.36437255859375,0.15617781918346882,-0.0818733965665102,0.11238441629484296
1780625935265367600,24.374367431640625,0.12655249624848364,0.031015315988659857,0.060309215012192725
1780625935275362600,24.384362548828125,0.011890928801894187,0.1476081437587738,-0.05468772186860442
1780625935285357600,24.394357666015626,-0.11278291409313677,0.15968027434647084,-0.14108093394711613
1780625935295352600,24.4043525390625,-0.16579904948771,0.050315644264221186,-0.0940817207545042
1780625935305347300,24.414347412109375,-0.017189035210013387,-0.1958364603549242,0.03257993495687842
1780625935315342300,24.42434228515625,0.12607260377705096,-0.29296412467658517,0.1966229345574975
1780625935325337300,24.43433740234375,0.17295009028613567,-0.2018307323336601,0.21702581724748013
1780625935335332400,24.444332275390625,0.23760171841681002,-0.17259762358665465,0.16372355838790534
1780625935345327400,24.454327392578126,0.0019061258822679519,-0.1928209119260311,0.13608897087872027
1780625935355322400,24.464322265625,-0.29427228466570376,-0.23628479059934615,0.08813669474497438
1780625935365317600,24.474317626953123,-0.1343283909469843,-0.24087621004283427,0.02444894321039319
1780625935375312600,24.484312744140624,0.1178448736578226,-0.19732582212984562,0.03864551860615611
1780625935385307600,24.4943076171875,0.18510931463539598,0.008014964151382446,0.0655612903214991
1780625935395302700,24.504302734375,0.1704389842480421,0.19655951393246648,-0.015026304218173026
1780625935405297400,24.51429736328125,-0.015872107392549514,0.13819091159403324,-0.05537760382890701
1780625935415292400,24.52429248046875,-0.14050035758018492,-0.03147416567206383,-0.028655162728577852
1780625935425287400,24.534287353515627,-0.058631637188792225,-0.0514957939594984,0.013738310234248638
1780625935435282400,24.544282470703124,0.04248246642053127,0.15011282005608081,0.04405994487032294
1780625935445277400,24.55427734375,0.025010522615909574,0.36396833670437334,0.0459735234066844
1780625935455272400,24.5642724609375,-0.10790566344559192,0.5135995107233524,0.04268018094971776
1780625935465267500,24.574267333984373,0.015000585255026816,0.46045010433793065,-0.001298223116993904
1780625935475262500,24.584262451171874,0.04308803109824657,0.33030630559921265,-0.037484219741821284
1780625935485257500,24.594257568359374,-0.03893324950635433,0.2740975116431713,-0.15956673096939922
1780625935495252500,24.60425244140625,0.2928589107364416,0.1454600258141756,-0.1939889327920973
1780625935505247500,24.61424755859375,0.3585673544436693,0.11455050828754901,-0.05444076137021184
1780625935515242500,24.624242431640624,0.05517009855806827,0.14800678768754005,0.023696517407894132
1780625935525237500,24.634237548828125,-0.06096037239730358,0.11514905870258807,-0.012269260594993829
1780625935535232500,24.644232421875,0.020409166300296783,0.025064298629760742,-0.14557459210455417
1780625935545227500,24.6542275390625,0.18538871609866617,-0.008581950384378433,-0.1367372056543827
1780625935555222500,24.664222412109375,0.11287293046414852,-0.03702361649274826,-0.0467599976092577
1780625935565217500,24.674217529296875,-0.0505985528588295,-0.2931085015833378,-0.03474120464399457
1780625935575212500,24.684212646484376,-0.1589239030212164,-0.6146610073626041,-0.10251403353512287
1780625935585207600,24.69420751953125,0.060225043860077855,-0.6734995653003454,-0.24120865686759352
1780625935595202600,24.70420263671875,0.2861386625707149,-0.37199966746866703,-0.42215310690850016
1780625935605197300,24.714197265625,0.38052024305462834,0.0856897399842739,-0.47167774692550296
1780625935615192300,24.7241923828125,0.43226971951425075,0.2447171033799648,-0.6244266145735978
1780625935625187300,24.734187255859375,0.423992305034399,0.1639203961342573,-0.8568369018271564
1780625935635182300,24.744182373046876,0.12560615530908106,0.06333470031321048,-0.9198986304178833
1780625935645177300,24.75417724609375,-0.021551322072744367,-0.14936580108106134,-0.8005852916426957
1780625935655172600,24.764172607421877,0.13525485814213753,-0.43318741888105866,-0.6734231390632689
1780625935665167600,24.774167724609374,0.2460807929486036,-0.5319949991136789,-0.557425062315911
1780625935675162600,24.78416259765625,0.11877718607187271,-0.5705711057454347,-0.549919362860918
1780625935685157600,24.79415771484375,0.22137539075911045,-0.7278460725158452,-0.6954018927678466
1780625935695152600,24.804152587890623,0.29935177988708017,-0.896758285588026,-0.8525386201113462
1780625935705147400,24.8141474609375,0.2903407904356718,-0.768033705997467,-0.9251020442798733
1780625935715142400,24.824142333984376,0.2257908691138029,-0.42006431793570514,-1.0312649557113647
1780625935725137400,24.834137451171873,0.13811609279215334,-0.18593758215308187,-1.0602151558637618
1780625935735132400,24.84413232421875,0.3176543292969465,-0.13679507332146168,-0.9638765960931778
1780625935745127400,24.85412744140625,0.538033694756031,-0.16033727695047856,-0.8210428271293639
1780625935755122400,24.864122314453127,0.5690390738725661,-0.3434270684570074,-0.6405769543856382
1780625935765118000,24.874117919921876,0.6151619426220655,-0.3072369801789522,-0.47596769920438525
1780625935775113000,24.884113037109376,0.6726683751732111,-0.16522154186069965,-0.4268707830801606
1780625935785108000,24.89410791015625,0.4700175586283207,0.017889292433857916,-0.42867637119740243
1780625935795102700,24.904102783203125,-0.08447627254128455,0.35379005703926086,-0.13290624918937682
1780625935805097700,24.91409765625,-0.23370237289071083,0.41597032662034034,0.011552490627765654
1780625935815092700,24.9240927734375,0.15697627608478068,0.38265140986442564,-0.05551672003865242
1780625935825087700,24.934087646484375,0.847779442885518,0.2980307604163885,-0.07191489713191986
1780625935835082800,24.944082763671876,1.3814479281693697,0.11237608685791492,-0.11388707594275474
1780625935845077800,24.954077880859376,1.027664885392785,-0.16852058340609072,0.17280775920599697
1780625935855072800,24.96407275390625,0.5655336961001157,-0.8781365872263908,0.470042985330522
1780625935865067800,24.97406787109375,0.5316396098047494,-1.6836971830636263,0.4637012150883674
1780625935875062800,24.984062744140626,0.5540548552304506,-1.9840531715571879,0.632412352630496
1780625935885057800,24.994057861328123,0.6799655464440584,-1.7566326554149387,0.6405515276834368
1780625935895052500,25.004052490234375,0.4060591734588146,-0.6849298908531666,0.034924890647828576
1780625935905047600,25.014047607421876,-0.5378969166338443,0.29023382292985916,-1.0417957020759583
1780625935915042800,25.024042724609377,-0.9325362859338522,0.86526950686872,-2.689566123972833
1780625935925037800,25.034037841796874,0.3991834424704313,1.236748949855566,-4.87464075730741
1780625935935032800,25.04403271484375,1.190547170650959,1.315329150095582,-4.985427529147267
1780625935945027800,25.05402783203125,0.3738882576942444,0.8588689921766519,-3.2625194486796856
1780625935955022800,25.06402294921875,0.8784715182691812,0.041972763332724566,-4.013214481863379
1780625935965017900,25.074017822265624,0.9707646020412445,-0.8229635660588741,-4.448787334576249
1780625935975012900,25.084012939453125,1.0024515336811541,-1.4525146840393541,-4.460443870100379
1780625935985007900,25.0940078125,0.20133213516175746,-1.4801070398420095,-4.532427740815281
1780625935995002600,25.104002685546874,-0.6032634150356054,-1.4223358188748358,-4.338277626112103
1780625936004997600,25.11399755859375,-0.45430210310220714,-1.4318758006364107,-4.460230227349698
1780625936014992600,25.12399267578125,-1.3351082017987965,-1.5417606552004812,-3.5566418034806846
1780625936024987600,25.133987548828124,-1.6464117007642984,-1.6927701318353414,-2.3272543223038316
1780625936034982700,25.143982666015624,-1.1716653600484133,-1.5350146880716085,-2.1017057375133037
1780625936044977700,25.153977783203125,-1.7128484587460755,-1.7844179034411907,-0.48094899474829433
1780625936054972700,25.16397265625,-0.3994622594118118,-2.3621131619781255,-0.1813815262839198
1780625936064968000,25.173968017578126,-0.09142448424398898,-2.784593308883905,-0.2850730791658163
1780625936074963000,25.183962890625,-1.0888578975021839,-3.2198639637798068,0.6611898265644908
1780625936084958700,25.193958740234375,-0.8887930057972669,-2.993653407949209,1.1711480581760405
1780625936094953700,25.20395361328125,-1.5243436564534902,-2.2989205004841087,1.2151140411525965
1780625936104947700,25.21394775390625,-2.159389864718914,-2.0841882010012864,1.4140128116875885
1780625936114943700,25.22394384765625,-1.9301240129709243,-1.946988054010272,1.859897799578309
1780625936124938800,25.233938720703126,-1.950156747174263,-1.367528708410263,3.446765716744959
1780625936134932700,25.2439326171875,-1.8628665862560272,-1.0319231273591518,4.494363383097946
1780625936144928800,25.2539287109375,-1.7376701807916164,-1.129399166727066,4.902762105420232
1780625936154923800,25.263923828125,-1.0186229162812233,-1.2297037075191735,4.848014323927462
1780625936164918800,25.273918701171876,-0.6461877800047398,-1.0639718780487775,4.661475853271782
1780625936174913800,25.283913818359373,-0.2018400846838951,-0.534758618608117,4.695457617850601
1780625936184908800,25.29390869140625,0.44219314763545986,0.02906418192088604,4.452748054900765
1780625936194903800,25.30390380859375,-0.6060650284528732,0.46319794174134726,3.7051091944172976
1780625936204898800,25.31389892578125,-1.856649026915431,0.7381646374344826,3.3547380059108134
1780625936214893800,25.323893798828124,-2.208556338948011,0.5922697273343801,3.5556124604329464
1780625936224888800,25.333888916015624,-1.6815134092837571,0.04209375936388969,3.7506416960582136
1780625936234883800,25.3438837890625,-1.528424788287282,-0.6255401287734508,4.142497864380479
1780625936244878800,25.35387890625,-2.1970114471048117,-0.7788444383472204,4.529928032954037
1780625936254873900,25.363873779296874,-2.604674548628926,-0.6797539495199918,3.8413594933375714
1780625936264868900,25.373868896484375,-2.3972996261715886,-0.48548459235131736,2.783696652305126
1780625936274863600,25.383863525390623,-0.47745209254324433,-0.08552139768004417,1.976695794531703
1780625936284858600,25.393858642578124,1.0221206952691078,0.4559954630166292,1.5190256763011216
1780625936294853600,25.403853515625,1.0049076946616171,0.8794418246060609,1.5132932701289652
1780625936304848600,25.4138486328125,0.4087590800672769,1.2081336807459593,1.9146601941183208
1780625936314843600,25.42384375,0.6567389846354723,1.5034510905504226,1.8065519938379524
1780625936324839000,25.4338388671875,-0.1308592535316944,1.296188396295905,1.4133673533909021
1780625936334834000,25.443833984375,-1.17493517549932,0.9092267220169306,0.8801435431346297
1780625936344829000,25.453828857421875,-0.9698802204221486,0.9761141463756561,0.36412118917852637
1780625936354824000,25.463823974609376,-0.12399638202488422,1.5356909798979759,0.41655974388085304
1780625936364818700,25.473818603515625,1.0099573792666197,2.1443471938878296,0.4461283681925386
1780625936374813700,25.483813720703125,1.720039247033,2.6656062794536353,0.3902729177188128
1780625936384808700,25.49380859375,2.093286868736148,2.9158325016438957,0.2466699910134077
1780625936394803700,25.5038037109375,2.013234842377901,2.9062130249053237,0.058435055170767004
1780625936404798700,25.513798828125,2.2303601744771004,2.9165023637294767,-0.16758841712251304
1780625936414793700,25.523793701171876,1.902686555469036,2.5191163260698315,-0.28792541812332345
1780625936424788700,25.533788818359376,1.4121633844286203,2.367638062879443,0.1883078549483791
1780625936434783700,25.54378369140625,1.224613106381893,2.862470329290628,0.46755189916715023
1780625936444778800,25.55377880859375,1.6175632074207067,3.2219477843165394,-0.044564880451466886
1780625936454773800,25.563773681640626,2.6296523380190133,3.1858786920696494,-0.17996060836901887
1780625936464768800,25.573768798828127,3.6303526441186666,2.776609908914566,0.2275633769453503
1780625936474763800,25.583763671875,3.7114036183863877,2.161851286396384,0.3789434221919626
1780625936484758800,25.5937587890625,2.057297271466255,1.2901274888217449,0.11612044275170191
1780625936494753800,25.60375390625,-0.21870471024513244,0.3840899182349443,-0.00583523635896854
1780625936504748800,25.613748779296873,-1.7335668371260164,0.22282968122065067,0.013402059450629167
1780625936514743800,25.623743896484374,-1.9531553444683551,0.6333762292265892,-0.5420929800841957
1780625936524738800,25.63373876953125,-1.1671329773157835,1.7083669294178485,-1.7923763150997458
1780625936534733800,25.64373388671875,0.1644482194006443,3.1232384037613867,-2.8890599377915263
1780625936544728800,25.653728759765624,1.1151268957465887,3.9427199729233977,-3.39050636164546
1780625936554723800,25.663723876953124,1.4483651631444692,3.8517859025448558,-3.1330826291665432
1780625936564718800,25.67371875,1.2372884635597468,3.178637634900212,-2.247846731328964
1780625936574713600,25.683713623046874,0.9624170449346303,2.3642992738455533,-1.2319123234793543
1780625936584708600,25.69370849609375,1.1477514004975558,1.518157661294937,-0.5337644199389964
1780625936594703600,25.70370361328125,1.0486951062008738,0.7963666510343551,-0.3968320570386946
1780625936604698600,25.71369873046875,0.3525912026435137,0.12606792760193347,-0.10756810205429791
1780625936614694000,25.72369384765625,0.2174561714887619,-0.6549889260977506,0.5381748567923903
1780625936624689000,25.73368896484375,0.48237084424495696,-1.648611256635189,0.8661828223213552
1780625936634684000,25.743683837890625,1.1774725850224494,-2.6201480120927094,-0.19271730542108415
1780625936644679000,25.753678955078126,0.49226972244679923,-2.844165441793203,-0.292096255800873
1780625936654674000,25.763673828125,0.25057167462706564,-3.156543291991949,0.5151844418272375
1780625936664668700,25.773668701171875,0.21072978584319352,-3.715528589361906,-0.7470283273696899
1780625936674663700,25.78366357421875,0.2864852840512991,-4.209031068474054,-2.1071140262976287
1780625936684658700,25.79365869140625,-0.7017313880503178,-4.073860966005921,-1.2894140798553824
1780625936694653700,25.80365380859375,-1.8235493058681487,-3.861539234796166,0.15206336960196495
1780625936704648700,25.813648681640625,-2.644240543080866,-3.440181954440474,1.6241678663827477
1780625936714643700,25.823643798828126,-2.657998434798419,-3.1536347110688685,-0.04232523003220558
1780625936724638700,25.833638671875,-0.20320114390403032,-2.6212878297775983,-6.946855611920356
1780625936734633700,25.8436337890625,-2.921300703921914,-0.7255763740181922,-2.7509996668398378
1780625936744628700,25.853628662109376,-2.0086364086717365,-2.000370100107789,2.003895059363544
1780625936754623700,25.863623779296876,-0.5460919135272503,-3.505435640117526,-1.9882690356865524
1780625936764618800,25.87361865234375,-0.361169645896554,-4.263157210937142,-1.1785165411174297
1780625936774613800,25.88361376953125,-0.03421674237847328,-5.489927203091979,1.5935267905339598
1780625936784609000,25.893609130859375,0.14049597366601227,-6.379194840663671,3.6240339624911546
1780625936794604000,25.90360400390625,0.5867696686133742,-6.886787804448605,2.255847959215939
1780625936804599000,25.91359912109375,-1.8481895338669418,-6.3818456474333995,0.4736766656577587
1780625936814594000,25.923593994140624,-2.500668815231323,-5.234311689078807,0.6916754195906222
1780625936824589000,25.933589111328125,-0.6250044144615531,-3.852140122810006,-1.1574876354835926
1780625936834584000,25.943583984375,-0.729071814918518,-2.3744763844668864,-0.6885425283923745
1780625936844579000,25.9535791015625,-1.2928209656894207,-2.3384207362234593,0.11080270006135105
1780625936854574000,25.963573974609375,0.32904958353638647,-2.72809283850491,-0.3585004266873002
1780625936864568800,25.97356884765625,0.8250953173905611,-2.752097983470559,-1.2159145438805221
1780625936874563800,25.983563720703124,0.15235650732964276,-3.1534201915353535,-1.2753447841010987
1780625936884558800,25.993558837890625,-0.4263672174721956,-3.6938831592649217,-1.0375707778573036
1780625936894553900,26.003553955078125,-0.4497901786357164,-3.9365363158524036,-1.385995800732076
1780625936904548900,26.013548828125,-1.350853467941284,-3.3096295749008653,-2.251447240038961
1780625936914543900,26.0235439453125,-1.8467448880165813,-2.5888404351592063,-3.3486376432090994
1780625936924539100,26.0335390625,-1.2829647575855254,-1.8876234263718128,-4.139929182936251
1780625936934534100,26.0435341796875,-0.8563108321264385,-0.9404659098893403,-4.787660100729763
1780625936944529200,26.053529052734376,-0.6788035169273614,-0.32488661863803864,-5.44831625880897
1780625936954524200,26.063524169921877,-0.8115855552151798,-0.2620189513146877,-5.985975859555602
1780625936964519000,26.073518798828125,-0.7700593666061758,-0.6147258892923593,-6.31028438604474
1780625936974514000,26.083513916015626,0.21124562641084194,-1.0879670861423014,-6.054747782486677
1780625936984509000,26.093509033203127,0.9789452781483531,-1.4667536372721195,-5.3747535944700235
1780625936994504000,26.10350390625,1.869168316748738,-1.5306892260879277,-4.360179076796769
1780625937004499000,26.1134990234375,3.816718096294999,-1.195910743510723,-3.257479116424918
1780625937014494000,26.123493896484376,5.082569806516171,-0.7842243778198957,-2.549927643918991
1780625937024489000,26.133489013671873,4.081817477968335,-0.4039508030027151,-1.8865853154957293
1780625937034484000,26.14348388671875,2.2872952368810773,-0.09171849875450133,-1.5210083745509386
1780625937044479000,26.15347900390625,0.8677887962132692,0.05629238058626652,-1.5463906530886888
1780625937054474000,26.163473876953127,0.03942483241558075,-0.023306056785583496,-2.1117055918715892
1780625937064468700,26.17346875,-0.2102025470986962,-0.4269868106752634,-2.6849668134838343
1780625937074464000,26.183464111328124,-0.3132823978230357,-1.2011673488646746,-2.838201564952731
1780625937084459000,26.193458984375,-0.5117047830179333,-2.107784765166044,-2.5660940580829976
1780625937094454000,26.2034541015625,-0.37882980574965475,-2.8654040446549653,-2.188641239774972
1780625937104449000,26.213448974609374,-0.027765958803892134,-2.9686323639392853,-1.7629624429583548
1780625937114444000,26.223444091796875,0.05160100789964199,-2.411842530786991,-1.4969320640452206
1780625937124439000,26.23343896484375,0.21941022816598413,-1.6515256827771663,-1.9830285046845673
1780625937134434000,26.24343408203125,0.25135668752491475,-0.9709335288673638,-2.629921218088269
1780625937144429000,26.253428955078125,0.23008125978410243,-0.5725555575609207,-2.9939860009044406
1780625937154424000,26.263424072265625,0.37196927233040333,-0.7015647993117571,-3.057035162274539
1780625937164418800,26.273418701171874,0.5634194804251194,-1.5117583156466483,-2.9623893778964874
1780625937174413800,26.283413818359374,0.7404366740196943,-2.5021558389186858,-2.6078923416316506
1780625937184408800,26.293408935546875,0.4947124394237995,-3.05859086728394,-2.033892868872732
1780625937194403800,26.30340380859375,-0.2468812956765294,-2.963902412807941,-1.5366849593713878
1780625937204398800,26.31339892578125,-0.9379548038512467,-2.3228566718667745,-1.268396426267922
1780625937214394000,26.32339404296875,-1.3510340852051972,-1.575436130309105,-1.2972004959478973
1780625937224389000,26.33338916015625,-1.198581424024701,-1.0014163454145193,-1.8105610833488404
1780625937234384100,26.343384033203126,-0.4114984419032931,-0.5855605850845575,-2.47433113566488
1780625937244379100,26.353379150390627,0.4070966998130083,-0.44782735413014885,-3.018937779070437
1780625937254374100,26.3633740234375,1.1410048488467932,-0.5280021300852299,-3.324435806627571
1780625937264369000,26.373368896484376,1.682729799336195,-0.672108987724781,-3.25725115288794
1780625937274364000,26.383364013671876,1.7909961127877234,-0.8960334784448146,-2.9366026102110743
1780625937284359000,26.39335888671875,1.2626532064408063,-1.167277354222536,-2.4266923093944786
1780625937294354000,26.40335400390625,0.40980069807469843,-1.5316069254547358,-1.7829310258843003
1780625937304349000,26.413348876953126,-0.9345277520120143,-2.142802302533388,-0.758418101716414
1780625937314344000,26.423343994140627,-7.309764210438728,-2.632794727697968,1.4515795951463282
1780625937324339000,26.4333388671875,-11.290496226370333,-1.5216174463599919,0.8695355668153614
1780625937334334000,26.443333984375,1.3717840277671813,-1.0989712952375412,-3.4882992118775844
1780625937344329000,26.453328857421877,10.246858111298083,-1.6899439684987068,-5.550929661065339
1780625937354324000,26.463323974609374,10.295006348395347,-1.6521949603408574,-5.914890398985147
1780625937364319000,26.473319091796874,6.521186313584447,-0.8021411427825689,-4.539385012607276
1780625937374314000,26.48331396484375,1.0570569840937851,-0.3343833457797766,-3.108236941723525
1780625937384309000,26.49330908203125,-2.2035405566126105,-0.6479238100171089,-2.3877438623189926
1780625937394304000,26.503303955078124,-3.013343904586136,-1.3545657664626836,-2.178369144346565
1780625937404299000,26.513299072265625,-2.9858757596850394,-2.0900141306757924,-2.2709246784470976
1780625937414294000,26.5232939453125,-2.231073291182518,-2.691892228832841,-2.518280167506635
1780625937424289000,26.5332890625,-0.7558487626850604,-3.157885938772559,-2.5100430850371716
1780625937434284000,26.543283935546874,0.902058730083704,-3.415456678506732,-2.119930253250897
1780625937444279000,26.553279052734375,2.0454332306712866,-3.274970349451899,-1.7661546631284057
1780625937454274000,26.563274169921876,2.0565987678080795,-2.781042922925949,-1.9738325140550732
1780625937464268800,26.573268798828124,1.1553875944644212,-2.1096616649538276,-2.4407895160689947
1780625937474263800,26.583263916015625,0.2207742099955678,-1.6460668328493833,-2.5315061443045734
1780625937484258800,26.5932587890625,-0.1151262623488903,-1.5620727908670902,-2.079002615056932
1780625937494253800,26.60325390625,0.043299628022313116,-1.82032040694952,-1.6803306292399762
1780625937504248800,26.613248779296875,0.3335504020869732,-2.1913322324246165,-1.605335301749408
1780625937514244000,26.623244140625,0.49000294655859467,-2.2654121986359357,-1.4342925063893197
1780625937524239000,26.633239013671876,0.4119359565377235,-2.401386603224277,-1.52720693693012
1780625937534234000,26.643234130859376,0.6719733786463737,-2.5379659879684446,-1.7258730677530167
1780625937544229000,26.65322900390625,0.8390534078553319,-2.485422730782628,-1.8476307309404014
1780625937554224000,26.66322412109375,0.546008326897025,-2.3927403554320335,-1.9800952277116477
1780625937564219000,26.673218994140626,0.30361352898478505,-2.4494576834321022,-2.2712192774794993
1780625937574214000,26.6832138671875,0.2765782225430012,-2.4973019691467284,-2.5834277624607083
1780625937584209000,26.693208984375,0.3990951796650886,-2.3109295027077197,-2.6968764469861983
1780625937594204000,26.703203857421876,0.668268971170485,-2.076713919597864,-2.771367039825022
1780625937604199000,26.713198974609377,1.178456335362792,-1.860778089544177,-2.7997055378198623
1780625937614194000,26.72319384765625,1.011357016931474,-1.6618389869987964,-2.8001486054122444
1780625937624189000,26.73318896484375,0.31859599406123157,-1.4122522317558526,-2.6580636089891194
1780625937634184000,26.743183837890626,-0.20547756440341472,-1.4594617266982792,-2.480856738041341
1780625937644179000,26.753178955078123,-0.2929404515400529,-1.6527338895231485,-2.261421229303628
1780625937654174200,26.76317431640625,-0.29305238748192786,-1.7092735228687523,-2.1861619901798663
1780625937664169000,26.7731689453125,-0.04772445872724056,-1.6592893025159834,-2.0075712636582552
1780625937674164000,26.7831640625,0.29945845513194796,-1.995508047029376,-2.0751335185386237
1780625937684159000,26.793158935546874,0.7111717088297009,-2.0681208632975814,-2.213585711417347
1780625937694154000,26.803154052734374,1.3071893905207514,-1.787083907780051,-2.4640263070106503
1780625937704149000,26.81314892578125,1.0020616575807333,-1.775351384410262,-2.9734637296184894
1780625937714144000,26.82314404296875,-0.0218418294519186,-1.7755138814955949,-2.9660926163285968
1780625937724139000,26.833138916015624,-0.24862550899535416,-1.7973942893922328,-2.82200534017235
1780625937734134000,26.843134033203125,-0.08829173917621373,-1.949781484121084,-2.8635069788619876
1780625937744129000,26.85312890625,0.016943536016345025,-2.280278928378224,-2.6805276619926093
1780625937754124000,26.8631240234375,0.51298868534863,-2.59694600020349,-2.2591942009039223
1780625937764118800,26.873118896484375,0.9214408914238214,-2.429830607420206,-1.983876061424613
1780625937774113800,26.88311376953125,0.48091655378341674,-1.7633920665472744,-2.0424358024209734
1780625937784108800,26.89310888671875,0.17414894468188286,-1.6889748312056063,-2.208637002968788
1780625937794103800,26.903103759765624,0.08235738069117068,-1.7225480149835346,-1.9745942922078072
1780625937804098800,26.913098876953125,0.1795844137340784,-1.6955501179426908,-1.8655600631237028
1780625937814093800,26.92309375,0.6189791628226637,-1.6528145535439251,-2.318038457930088
1780625937824088800,26.9330888671875,0.07335106741487979,-1.4912000962644814,-2.813561044692993
1780625937834083800,26.943083740234375,-0.12152619251906871,-1.4580851776480674,-2.5600480559170244
1780625937844078800,26.953078857421875,0.1716635576069355,-1.8197370541036129,-2.023924140305072
1780625937854074000,26.96307421875,0.22806027535051107,-2.255247362974286,-1.6224987641267477
1780625937864068900,26.97306884765625,1.285047116817534,-2.5744828239828346,-1.620937506159395
1780625937874064000,26.98306396484375,1.5444856962502003,-1.9814596479326485,-2.0223913777798415
1780625937884059000,26.993058837890626,0.4697065929830074,-0.8667430865526199,-2.9733538395032286
1780625937894054000,27.003053955078126,0.655271834692359,-1.1520184102922677,-3.247882143779099
1780625937904049000,27.013048828125,-0.1220323884755373,-1.323604226487875,-2.4667840812861916
1780625937914044000,27.0230439453125,-0.5143716641396284,-0.9006044396221637,-2.066071383421868
1780625937924039000,27.033038818359376,-0.283587224522233,-2.339956275227666,-2.103205182290822
1780625937934034000,27.043033935546877,0.9240811767995357,-3.2260955516457557,-1.627979533625394
1780625937944029000,27.05302880859375,0.6592971446856856,-2.68133810159266,-1.371150698299706
1780625937954024000,27.06302392578125,0.7196487375348806,-1.8775766641318796,-1.9545714948765933
1780625937964019000,27.07301904296875,0.9150307321205735,-1.3800041591018437,-2.5299337804213167
1780625937974013700,27.083013671875,0.3445633790105581,-1.2251117035537957,-2.803299762919545
1780625937984008700,27.0930087890625,-0.010855740535259246,-1.3027362105041742,-2.7934716118663547
1780625937994004000,27.10300390625,-0.3515098371475935,-1.5529448970377444,-2.502708796626329
1780625938003999000,27.1129990234375,-0.6002455285191536,-1.784956248101592,-2.2148224136054515
1780625938013994000,27.122993896484374,-0.4593067795217037,-1.8925655589491128,-2.1036891664154824
1780625938023989000,27.132989013671875,-0.14750000720918177,-1.8609370794981717,-2.1673107208460567
1780625938033984000,27.14298388671875,0.1414405610397458,-1.8380571391701697,-2.1578633858039975
1780625938043979000,27.15297900390625,0.3457487894028425,-1.740765224197507,-2.0987220455273983
1780625938053974000,27.16297412109375,0.33640462247431274,-1.7217589104324578,-2.2032298832282424
1780625938063969000,27.172968994140625,0.1396346806615591,-1.6233528967380522,-2.330423161598295
1780625938073963800,27.1829638671875,0.18418460100591183,-1.6567548156023024,-2.5351538531571625
1780625938083958800,27.192958740234374,0.3437754435032606,-1.6836206106960772,-2.419913901300728
1780625938093953800,27.202953857421875,0.40984424495548005,-1.7812515483647584,-2.103429054174572
1780625938103948800,27.21294873046875,0.4037672631293535,-2.0114117186039686,-1.9872282944619655
1780625938113943800,27.22294384765625,0.2018994136556983,-1.9688538488596676,-1.8051668230898676
1780625938123938800,27.232938720703125,0.03145955262482166,-2.182164591106772,-1.7370748452469706
1780625938133933800,27.242933837890625,-0.030419688183069227,-2.5066841299980878,-1.6981731599226593
1780625938143929000,27.25292919921875,0.15227379748225212,-2.3239888907670974,-1.6366509158588944
1780625938153924000,27.262924072265626,0.3133978408962488,-2.189958605983853,-1.8914217957414685
1780625938163918800,27.2729189453125,0.31385201440453525,-2.1614643329054117,-2.184021032628417
1780625938173913900,27.282913818359376,0.2315373038113117,-1.87119777674973,-2.21560801102519
1780625938183908900,27.292908935546876,0.2235886828944087,-1.5514040973365306,-2.1771815419971943
1780625938193903900,27.30290380859375,0.15490911442190408,-1.2412947765916584,-2.119497122530639
1780625938203899000,27.31289892578125,0.1269321432158351,-1.153560379037261,-2.1073121792182326
1780625938213894000,27.322893798828126,0.17378128041326998,-1.339212129986286,-2.098051014398038
1780625938223889000,27.332888916015627,0.3982382705748081,-1.5689970371723174,-2.155748439476639
1780625938233884000,27.3428837890625,0.4806999884232878,-1.867863079369068,-2.396543839368224
1780625938243879000,27.35287890625,0.2613479201853275,-2.0711925258278847,-2.611111303678155
1780625938253874000,27.3628740234375,-0.4008671577736735,-1.9085908110767602,-2.4546347938090562
1780625938263869000,27.372868896484373,-1.2603309009730814,-2.065398744857311,-2.235428563782573
1780625938273863700,27.38286376953125,-2.279580132459104,-2.312529339119792,-2.0257053246334196
1780625938283858700,27.392858642578126,-2.57056506601721,-2.450336804354191,-1.6463975261084733
1780625938293854000,27.40285400390625,-0.8171089948117732,-3.699455990961194,-1.6698999822489917
1780625938303849000,27.412848876953124,2.140330943983793,-4.691141800478101,-1.5902786023929714
1780625938313844000,27.422843994140624,4.07126013585776,-3.4815444769203663,-1.636786232676357
1780625938323839000,27.4328388671875,2.8916403096735475,-0.6461743360012769,-2.402394318962097
1780625938333834000,27.442833984375,0.6510024868100881,1.3637439291745423,-3.306871800625324
1780625938343829000,27.4528291015625,-0.7459206583887338,1.8034604575634001,-3.4431337899833916
1780625938353824000,27.462823974609375,-1.388666481246054,0.7796598463833332,-2.99591696896702
1780625938363819000,27.472819091796875,-0.5897869706079364,-0.8106447672337294,-2.127567324000597
1780625938373813800,27.482813720703124,1.332328507952392,-1.6641291437625885,-1.733113686531037
1780625938383808800,27.492808837890625,3.0925460361167785,-1.8797592688679694,-2.3156717287987467
1780625938393803800,27.5028037109375,3.5824557514339683,-1.7255337527960537,-2.9788983218878506
1780625938403798800,27.512798828125,2.8622493800163267,-1.6126070463180542,-3.3548198389753696
1780625938413793800,27.522793701171874,1.904829412716627,-1.5678157184332608,-3.660616849479079
1780625938423788800,27.532788818359375,-0.08572071964442729,-1.4192664944320916,-3.454498649084568
1780625938433784000,27.5427841796875,-1.241379824526608,-1.568382120144367,-2.6536183200180528
1780625938443779000,27.552779052734376,-1.1634905291602016,-2.7623206867992876,-2.002586899374425
1780625938453774000,27.562774169921877,-0.35564825212657447,-3.341872386857867,-1.556237508842349
1780625938463768800,27.572768798828125,0.5006339384272694,-3.0706261729925868,-1.0648458844043314
1780625938473763800,27.582763916015626,0.7518816126197576,-2.3845938738554713,-0.7358776224758475
1780625938483758800,27.5927587890625,0.38373832831829785,-1.5203963801324367,-0.6876102159783244
1780625938493753900,27.60275390625,-0.19629531003832815,-1.3237585402667522,-1.145988482478261
1780625938503748900,27.612748779296876,-0.486059761890769,-1.7659850056499242,-1.3432152281478047
1780625938513744000,27.622743896484376,-0.1635559467360377,-2.61764742744863,-1.3967343446284533
1780625938523739000,27.63273876953125,0.4672931021004915,-2.956767154100537,-1.543084451150149
1780625938533734000,27.64273388671875,0.9137015293434262,-2.202694753438234,-1.8144149822980165
1780625938543729000,27.65272900390625,0.8350035479426383,-1.3682798190385101,-2.2891417415305972
1780625938553724000,27.662723876953127,0.7901797790929674,-0.9540718259155749,-2.6137322998315096
1780625938563719000,27.672718994140624,0.44410628778040406,-0.7977239108622074,-2.8687808276116846
1780625938573713700,27.682713623046876,-0.39500907939523455,-0.4584124610304832,-2.9405744364514943
1780625938583709000,27.692708984375,-0.27389059089422224,-0.7437099966019391,-2.8673808976858854
1780625938593704000,27.702703857421874,0.6450397790133953,-1.5313427215605973,-2.5423811740621924
1780625938603699000,27.712698974609374,1.4007237065255642,-1.2863742737680672,-1.9913798611834643
1780625938613694000,27.72269384765625,1.8178543090969324,-0.5516378572165965,-2.2889342362597582
1780625938623689000,27.73268896484375,1.8985136536985634,-0.0001689268261194229,-2.8503739410445093
1780625938633684000,27.74268408203125,1.2917322936698794,0.2825876920908689,-3.0266166431352493
1780625938643679000,27.752678955078125,0.2964864535838365,0.21247721403241157,-2.8702225508525965
1780625938653674000,27.762674072265625,0.037167116616666315,-0.5704857655495404,-2.3733923886224626
1780625938663669000,27.7726689453125,0.48349838697016234,-1.6229209350615739,-1.8506313740611076
1780625938673663700,27.782663818359374,1.1069280994608999,-2.0034984612613913,-1.6915214469484985
1780625938683658800,27.79265869140625,1.426865863519907,-1.6130483603447674,-1.826595103304833
1780625938693653800,27.80265380859375,1.2340922978669404,-1.0490800138652323,-1.9781584144301712
1780625938703648800,27.812648681640624,0.5200590621262788,-1.097003794556856,-2.1203207138732076
1780625938713643800,27.822643798828125,-0.025510873353481293,-1.3404343652576207,-2.121846900527179
1780625938723639000,27.83263916015625,-0.21824936769306658,-1.3426111247748136,-1.9210230071485042
1780625938733634000,27.842634033203126,-0.6064429218545556,-1.4888012184292077,-1.7954145137518642
1780625938743629000,27.852629150390626,-0.6372399189174175,-1.8379063325226306,-1.5448651970870793
1780625938753624000,27.8626240234375,-0.03377542835175991,-2.319164831611514,-1.167439193720743
1780625938763619000,27.872619140625,0.5448153177201748,-2.1147703862696883,-0.883430894242227
1780625938773613600,27.882613525390624,0.2368210894331336,-1.4405296472132205,-1.2463567361563443
1780625938783608300,27.8926083984375,0.028383213919401167,-1.3637766624003649,-1.9292996909759939
1780625938793603300,27.902603271484374,-0.20806582733094692,-2.2660125026166438,-1.9966228764034806
1780625938803598300,27.912598388671874,-0.055583063273131846,-2.848009257739782,-1.4071679142288862
1780625938813593300,27.92259326171875,0.5163792045697569,-2.652324188554287,-1.2089654553949831
1780625938823588400,27.93258837890625,0.813539904153347,-1.4900421584010124,-1.5751191733144223
1780625938833583400,27.942583251953124,0.3919181276425719,-0.2559855163693428,-2.232338927204162
1780625938843578400,27.952578369140625,0.16897241882681846,0.011623802298307418,-2.5067595333218575
1780625938853573400,27.962573486328125,-0.10682049855738877,-1.7178689172565935,-2.6389953359037635
1780625938863568400,27.972568359375,-0.921234555196762,-2.9101152930408714,-2.2099115529492495
1780625938873563400,27.9825634765625,-1.3899737644523382,-3.0227918241500853,-2.216182157651335
1780625938883558400,27.992558349609375,-0.7988751267239451,-2.9514982737869024,-2.251249963901192
1780625938893553400,28.002553466796876,-0.6331710620433092,-2.3816467144876716,-2.0060867241889238
1780625938903548400,28.01254833984375,-0.6806289787888526,-2.095664119261503,-1.801826718881726
1780625938913543400,28.02254345703125,-0.2738736397594213,-2.7303543536961077,-1.586478625588119
1780625938923538400,28.032538330078125,0.3631733869343996,-3.0894203053116795,-1.321709206521511
1780625938933533400,28.042533447265626,0.525920647636056,-2.9549814397275447,-1.089291905005276
1780625938943528400,28.052528564453127,0.22975626561343668,-2.749291109356284,-0.9615444268185644
1780625938953523500,28.0625234375,-0.12922843745946883,-2.5317566119343042,-0.7390349905282259
1780625938963518500,28.0725185546875,-0.5203139136701822,-2.5579443616360424,-0.6465291407883167
1780625938973513500,28.082513427734376,-0.675926500186324,-2.977510666921735,-0.9179977652326226
1780625938983508200,28.09250830078125,-0.3298836962729692,-3.0448785682737824,-1.0592826973192393
1780625938993503200,28.102503173828126,-0.051657706522941584,-2.4200848739534617,-0.9713972739215939
1780625939003498200,28.112498291015626,0.1435819569826126,-1.6256149964511393,-1.47168554071635
1780625939013493200,28.1224931640625,0.2974164279103279,-0.8404378479510545,-1.9953484725534916
1780625939023488300,28.13248828125,0.052692894789576526,-0.31292905434072016,-2.1874121363714334
1780625939033483500,28.1424833984375,0.06359013637900351,-0.43448622651994223,-2.371414951069653
1780625939043478500,28.152478515625,0.3663713061928749,-0.7018097139835358,-2.6578257085800168
1780625939053473500,28.1624736328125,0.1820493425428867,-0.6391267555773258,-2.8579841237872836
1780625939063468500,28.172468505859374,-0.22421733618676662,-0.5036491945952176,-2.8955475462451576
1780625939073463600,28.182463623046875,-0.2610574128061533,-0.8309475505501032,-2.8480516355767844
1780625939083458300,28.192458251953123,-0.4217740444630384,-1.3201269057661293,-2.698492065489292
1780625939093453300,28.202453369140624,-0.04309533762186765,-1.0050661000937222,-2.6545725520029664
1780625939103448300,28.2124482421875,-0.0012654898911714553,-0.5925415300130844,-2.61064514747113
1780625939113443300,28.222443359375,0.854193401581049,-0.8687713775098324,-2.1658121528513727
1780625939123438300,28.232438232421874,1.4129910674244164,-1.334544138175249,-1.9087251049809157
1780625939133433300,28.242433349609374,-0.13767887041866778,-1.697817478352785,-2.0549068691983816
1780625939143428400,28.252428466796875,-1.1483043582051993,-2.5636364357978105,-1.7114372767738997
1780625939153423400,28.26242333984375,-0.4353261844754219,-3.781920339158177,-0.6997216556631028
1780625939163418400,28.27241845703125,1.4017781840145587,-3.4128047026932236,-0.17760215387567876
1780625939173413400,28.282413330078125,1.014473395386338,-1.8560592443287371,-1.3280262807138263
1780625939183408400,28.292408447265625,1.1892711593657732,-1.2667074502676725,-3.146579824121296
1780625939193403400,28.3024033203125,1.2636416329562663,-1.7734242157399653,-3.3179259863421318
1780625939203398400,28.3123984375,-0.3891232362270355,-1.6709937688350676,-1.743590510751307
1780625939213393400,28.322393310546875,-0.8117156113356352,-1.2287380773574113,-1.374463622239977
1780625939223388400,28.332388427734376,-0.287225873285532,-0.6759148097485304,-1.9305461839057505
1780625939233383400,28.342383544921876,0.1202192015737295,-0.4438216256201267,-2.3296276273064316
1780625939243378400,28.35237841796875,1.076151560664177,-1.0406494546502827,-2.5629160125687718
1780625939253373400,28.36237353515625,1.8009551967442035,-1.774719516247511,-2.6312089198112485
1780625939263368400,28.372368408203126,1.739754001328349,-1.6687614797383545,-2.437521308053285
1780625939273363500,28.382363525390623,0.584496755245328,-0.5717500863969326,-2.2155010435193776
1780625939283358200,28.392358154296875,-0.25171266135573384,-0.07448445535898209,-2.6496786424815655
1780625939293353200,28.402353271484376,0.2657528771460056,-0.644728813368082,-3.157606537309289
1780625939303348200,28.41234814453125,0.3196779440790415,-1.1546651254087685,-2.8804990301951765
1780625939313343200,28.42234326171875,-0.6284627382218837,-1.8756471573740243,-1.872367112790048
1780625939323337200,28.432337158203126,-0.37461657196879383,-2.581283736169338,-0.754475501570478
1780625939333332200,28.442332275390626,0.4819803836226463,-2.1400912900090217,-0.13452574014998972
1780625939343327200,28.4523271484375,1.1402619215250014,-0.20953648440539835,-0.8294184412866831
1780625939353323500,28.462323486328124,2.6477356917202473,0.7958329825490713,-2.2211958941601218
1780625939363317500,28.4723173828125,3.4555770919710396,0.24577333443462848,-2.9107717111229894
1780625939373312500,28.4823125,3.556799916651845,0.8281383383482694,-2.7581919164314863
1780625939383307500,28.4923076171875,2.6925644290059805,2.6148200950682163,-2.9112995343893764
1780625939393302500,28.502302490234374,3.5374253540962934,3.7079420797556635,-2.9859856498003006
1780625939403297500,28.512297607421875,6.302966756507754,4.830666591024398,-3.0064532682895657
1780625939413292300,28.522292236328123,8.880043688637018,7.582435488671064,-4.4492149123385545
1780625939423287300,28.532287353515624,7.967515002465247,11.70681142090559,-7.146146012121439
1780625939433282300,28.5422822265625,6.8382374162912365,13.899937551009653,-8.462880352839827
1780625939443277300,28.55227734375,7.471815890091658,11.805676284283399,-7.3204720669358965
1780625939453272300,28.562272216796874,6.866414293983579,8.616815361532568,-6.259341549792885
1780625939463267300,28.572267333984374,6.759906222376227,6.788418031111359,-6.906298560604452
1780625939473262300,28.582262451171875,8.582318048647046,7.563716175153851,-8.987623773390053
1780625939483257300,28.59225732421875,9.757560098138452,8.434539809018373,-10.251534286415577
1780625939493252400,28.60225244140625,7.4487518253684035,6.991887178301811,-9.774352242985367
1780625939503247600,28.61224755859375,4.512585560747981,4.129704433780908,-7.327868022406101
1780625939513242400,28.622242431640625,0.97066114166677,2.59959446888566,-3.935345352502167
1780625939523237400,28.6322373046875,0.29721710594594475,2.4340765744268893,-1.1332105417087674
1780625939533232400,28.642232421875,2.135944691723585,3.6624569243878122,0.46452290673479435
1780625939543227400,28.652227294921875,3.891902224355936,4.941941438642144,1.185584287546575
1780625939553222400,28.662222412109376,4.822459319171309,4.931800568377971,1.2567626870974897
1780625939563217400,28.672217529296876,5.9548114904850715,4.489093626001477,0.8551523097410798
1780625939573212400,28.68221240234375,6.7392451271414755,4.820409985426068,0.010943418818712233
1780625939583207400,28.69220751953125,5.908696220520138,6.7147571670949455,-0.28527620052248237
1780625939593202400,28.702202392578126,5.591960759633779,7.978034642913937,-0.9454299620375036
1780625939603197400,28.712197509765623,4.071715186148881,7.930503076410293,-2.0931176496490833
1780625939613192200,28.722192138671875,1.48737966119349,6.685350455346703,-2.6632164617076515
1780625939623187200,28.732187255859376,0.5077724120050668,4.37937009947896,-1.446630886697769
1780625939633182200,28.74218212890625,1.6356003838926554,2.10428581713438,-0.13731705136895178
1780625939643177500,28.752177490234374,3.3015608347356316,1.2168956638723611,-0.45098640268296003
1780625939653172500,28.76217236328125,4.198115706706047,2.2596271854937076,-1.2361007150799035
1780625939663167500,28.77216748046875,4.923091776743531,4.661819259881973,-1.7887579784721135
1780625939673162500,28.78216259765625,4.9768783119887114,7.238290042811632,-2.22915752068907
1780625939683157500,28.792157470703124,6.060888769459724,7.837996057626604,-2.0771268843129276
1780625939693152500,28.802152587890625,7.578090737465024,7.7740049392312764,-1.6817326049923895
1780625939703147500,28.8121474609375,8.22803465513289,9.466715449833869,-2.7678564013555644
1780625939713142300,28.822142333984374,5.9983244689971205,12.002903322213887,-4.558743500810861
1780625939723137300,28.83213720703125,5.01405039704144,12.389413745594023,-5.159019424468279
1780625939733132300,28.84213232421875,6.255106104180216,10.131330866932869,-3.834228910805285
1780625939743127300,28.852127197265624,6.884684694689512,7.610179820165038,-2.230656819336116
1780625939753122300,28.862122314453124,6.177350664326548,6.989249231013655,-2.110718772791326
1780625939763117300,28.872117431640625,5.039923089444637,7.121890691787004,-3.2565693081036207
1780625939773112000,28.882112060546874,4.365269677934051,7.056394429525732,-3.026800183008611
1780625939783107000,28.892107177734374,3.0492239040017126,6.4798039173603055,-1.897209293101728
1780625939793102000,28.90210205078125,1.3987275642722845,5.466925682210922,-0.5189709746286273
1780625939803097000,28.91209716796875,0.3679308105945587,4.499358414906263,1.0481392258837818
1780625939813092000,28.922092041015624,0.39418285770416256,3.4525878470271825,2.3867551435425876
1780625939823087000,28.932087158203124,1.6137901186227797,2.997539893993735,3.1817630734443663
1780625939833082000,28.94208203125,2.524563485559821,4.423343681240081,2.7584160805761813
1780625939843077000,28.9520771484375,3.1269594701111316,6.690500093194842,1.2646610391318798
1780625939853072100,28.962072021484374,5.148424380695819,7.7668170735538,0.23565993669927118
1780625939863067100,28.972067138671875,6.327552916231751,8.948478342437744,-0.16859774029552935
1780625939873062100,28.982062255859375,6.878817263960838,11.027601661264896,-0.953366892516613
1780625939883057200,28.99205712890625,7.2266142180651425,13.317550335264205,-2.159821826395392
1780625939893052200,29.00205224609375,6.628814913654327,14.613592016565798,-2.699264218905568
1780625939903047200,29.012047119140625,6.5675377303928135,13.1382961763978,-2.2170412586987016
1780625939913042200,29.022042236328126,6.620375002089142,9.767038705101609,-1.5311878232598304
1780625939923037000,29.032036865234375,5.565711635133623,8.063012435236573,-1.7455331692516802
1780625939933032000,29.042031982421875,5.322551113545894,7.798665917757153,-2.8037241258114576
1780625939943027000,29.05202685546875,5.602020965877175,8.288156238618493,-3.135506349182129
1780625939953022000,29.06202197265625,4.0529549560993905,9.510414890828729,-2.0194775361597537
1780625939963017000,29.072016845703125,1.8974322882026433,9.866448927402496,-0.17990706981718538
1780625939973012200,29.08201220703125,0.707090869256854,8.779331736087798,1.2579039660871028
1780625939983007200,29.09200732421875,1.2189783153653144,7.380485513871908,1.9593986227720974
1780625939993002200,29.102002197265627,2.541969962912798,6.193170749270916,2.8074861086934804
1780625940002997200,29.111997314453124,3.6621675860524174,5.568230339956283,3.4646786823153493
1780625940012992300,29.1219921875,5.353228575882316,6.439720913296938,3.1704794628858566
1780625940022987000,29.131987060546876,7.259884619504213,8.42943576387763,1.9456378084450958
1780625940032982000,29.14198193359375,6.92915044388175,11.129984177374839,0.6498930642634629
1780625940042977000,29.15197705078125,6.548526155930757,12.615616702640056,-0.10092413399517536
1780625940052972000,29.161971923828126,6.055625149843096,11.482191349136828,0.10640344218909739
1780625940062967000,29.171967041015623,4.947176416686177,9.33364904164672,0.9019576077967881
1780625940072962000,29.181962158203124,3.7946371973901987,7.931668613058328,1.1247177309125662
1780625940082957000,29.19195703125,2.2256705553561447,7.4346052265942095,0.5697258870929479
1780625940092952000,29.2019521484375,1.05842827244699,7.3743456959426394,0.31554362075328823
1780625940102947000,29.211947021484374,1.347327047380805,7.156121462690829,1.104827620050311
1780625940112942300,29.2219423828125,2.12142575250566,6.660428780058026,2.2753952479898927
1780625940122937000,29.23193701171875,2.9663153191685674,6.384181981426477,3.413732923454046
1780625940132932000,29.24193212890625,2.9713731870800255,6.170373226529359,4.377034350007772
1780625940142927000,29.251927001953124,1.931161539325118,5.878867483967542,4.7200125056535
1780625940152922000,29.261922119140625,0.8147334978520869,6.070672496849298,4.317030839943886
1780625940162917000,29.271917236328125,0.7596884869784116,6.3078188727140425,3.78336936892271
1780625940172912000,29.281912109375,0.5688409209519625,6.440272701960802,4.365521022346615
1780625940182907100,29.2919072265625,-0.44485389127731323,6.017621290141344,5.2539843577981
1780625940192902100,29.301902099609375,-0.7559750194132328,4.944380648487806,5.767966730359197
1780625940202897200,29.311897216796876,-0.27949323320686814,3.626255437932908,6.0488347590506075
1780625940212892200,29.32189208984375,-0.07544073317050934,2.56558610856086,6.427429002478719
1780625940222887000,29.331886962890625,0.083315412068367,1.923376876798272,6.81954265269339
1780625940232882000,29.3418818359375,0.32547815479040143,1.551852717886865,6.567777384367584
1780625940242877000,29.351876953125,-0.754094612494111,2.008855604380369,4.506034239408374
1780625940252872000,29.361871826171875,-1.5683213298678398,3.8513209153816104,3.8627433498889205
1780625940262867200,29.3718671875,3.014623715263605,5.501334147769213,4.75770423066616
1780625940272862200,29.3818623046875,5.7206859237462275,7.7185612844288345,3.363469886159897
1780625940282857200,29.391857177734376,0.9192810830414294,10.50710946841836,0.8714993411689996
1780625940292852200,29.401852294921873,1.2776549607396126,12.699504946160316,0.6493927135258912
1780625940302847200,29.41184716796875,4.001286143660545,11.310078878718613,1.9880922178149223
1780625940312842200,29.42184228515625,5.875145248574018,7.103403433459997,2.161946563464403
1780625940322837000,29.4318369140625,3.4602661265701053,3.883792567658424,0.9215098650068044
1780625940332832000,29.44183203125,0.2664718390703201,3.343276700697839,0.8605009772926568
1780625940342827000,29.451826904296876,-1.923833972916007,3.966742653545737,2.141360287031531
1780625940352822000,29.461822021484377,-3.4956659412533044,3.264866304066777,3.5006022286117076
1780625940362817000,29.471817138671874,-4.3789989280790085,2.017052354839444,4.732831070694327
1780625940372812000,29.48181201171875,-4.571868355321884,1.2093676064550876,6.119654846683145
1780625940382807000,29.49180712890625,-4.5417555411309,0.7144242808848619,7.4939926505863665
1780625940392802000,29.501802001953124,-3.8466228206932542,0.37032559677660465,8.290404309806227
1780625940402797000,29.511797119140624,-3.0303701504498717,-0.01207592997997999,8.522242642390728
1780625940412792300,29.521792236328125,-2.684432560476661,-0.6708698013186455,8.566866212493181
1780625940422787000,29.531787109375,-2.7575597560077902,-1.3668264053598045,8.437758186542988
1780625940432782000,29.541781982421874,-3.336262145760655,-1.7317106878653168,8.050022605282068
1780625940442777000,29.551777099609374,-4.031715768715739,-1.9120792377144098,7.309756027132273
1780625940452772000,29.561772216796875,-4.474700358989835,-2.0016621857449413,6.737606127762794
1780625940462767000,29.57176708984375,-4.175611029431224,-1.6560323465466498,6.593688655215502
1780625940472762000,29.58176220703125,-3.5656109996169802,-1.0753121872305869,6.602320874482393
1780625940482757000,29.591757080078125,-2.938128504604101,-0.6363879782631993,6.556572684264182
1780625940492752100,29.601752197265625,-2.3865432543575764,-0.42968291789144275,6.566299128508567
1780625940502747100,29.6117470703125,-1.880147975924611,-0.3720809160113334,6.527069526404142
1780625940512742100,29.6217421875,-1.7403554743528364,-0.3977507793188095,6.217264741563796
1780625940522737200,29.631737060546875,-2.310343227252364,-0.3935308235362172,5.78782293895185
1780625940532732000,29.64173193359375,-3.0203736570924518,-0.3303229644730687,5.322732315331697
1780625940542727000,29.651726806640625,-3.931978798678517,-0.5115644977644086,4.7846623802185055
1780625940552722200,29.66172216796875,-4.221452158629894,-0.8817080159723758,4.455131150645017
1780625940562717200,29.67171728515625,-3.797936823457479,-1.3570283571839332,4.4951276454687115
1780625940572712200,29.681712158203126,-3.505207676580548,-1.8010633332937955,4.783112228167057
1780625940582707200,29.691707275390623,-3.259692700821161,-1.9407740018010138,5.048779765117168
1780625940592702200,29.7017021484375,-2.9803660563528536,-1.7858926521688698,4.968220373758673
1780625940602697200,29.711697265625,-2.7361890511989593,-1.485975055092573,4.530502910232544
1780625940612692200,29.721692138671877,-2.461722121721506,-1.1466817254394293,3.788265324270725
1780625940622687000,29.73168701171875,-2.4603426500618455,-0.8936018673837184,3.044689183181524
1780625940632682000,29.741681884765626,-2.6174340769588946,-0.6919786403208971,2.681559343127906
1780625940642677000,29.751677001953126,-2.813784916576743,-0.6023807869821787,2.530540806403756
1780625940652672000,29.761672119140623,-2.9756676694035527,-0.8493781102538108,2.4744155990779397
1780625940662667000,29.7716669921875,-3.201542125147581,-1.3422189105868338,2.737148251619935
1780625940672662000,29.781662109375,-3.424922425988316,-1.7612188141614198,3.1401445303767916
1780625940682657000,29.791656982421873,-3.8410201783806084,-1.9680933858811853,3.472599830703437
1780625940692652000,29.801652099609374,-4.122150072878599,-2.0118132851421833,3.877531461437046
1780625940702647300,29.811647216796874,-3.1256857969135043,-2.451714522448182,3.9894498676553365
1780625940712642300,29.821642333984375,-2.709993118190765,-3.116777098792791,3.6053631642907855
1780625940722637000,29.831636962890624,-3.3748148715168234,-3.621919746816158,2.8602877245545386
1780625940732632000,29.841632080078124,-2.8758383449077605,-3.6023528765588995,2.17013980679214
1780625940742627000,29.851626953125,-0.6566957300156354,-3.0452742895931,1.5565554887503386
1780625940752622000,29.8616220703125,1.9526111545890568,-1.9379636205554007,1.2550278261289
1780625940762617000,29.8716171875,2.722309578928351,-0.7475462137639522,0.719881084986031
1780625940772612600,29.881612548828127,1.3251865272432566,-0.003598316752910614,0.17127528894171118
1780625940782607600,29.891607666015624,-0.47001405149698255,-0.04841828621029853,-0.2365665301501751
1780625940792602600,29.9016025390625,-2.412524667832255,-1.081768816024065,-0.30066534670367834
1780625940802597600,29.91159765625,-4.432169961774349,-2.6157448086977,0.22699673777222631
1780625940812592400,29.92159228515625,-5.340163342604041,-3.706559100964665,0.8686565189585089
1780625940822587400,29.93158740234375,-4.607386827948689,-4.094225708642602,1.4646578340366483
1780625940832582700,29.941582763671875,-3.155266111662984,-4.058888437801599,2.0298992691919207
1780625940842577700,29.95157763671875,-1.445877437981963,-3.783871473225951,2.3095346873484552
1780625940852572700,29.96157275390625,-0.4454518571704626,-3.5294349398642777,1.837195261643827
1780625940862567700,29.971567626953124,-0.5643114608287811,-2.969240851226449,0.35260420825555916
1780625940872562700,29.981562744140625,-0.9342980349093675,-1.9988468360632656,-1.1996240649454295
1780625940882557700,29.9915576171875,-1.8661369862288235,-1.0334960757642984,-1.946046096985042
1780625940892552700,30.001552734375,-3.088614249625802,-0.355380541101098,-1.7173482543833554
1780625940902547700,30.011547607421875,-3.2984897567272182,-0.04068798421919346,-1.257476388324797
1780625940912542500,30.02154248046875,-2.375139232289791,0.06544774694442748,-1.1970688275046646
1780625940922537500,30.031537353515624,-1.3612369147896766,0.185305129468441,-1.1717948316469788
1780625940932532500,30.041532470703125,-0.4168634760677814,0.0803442873030901,-1.0538190250858663
1780625940942527500,30.051527587890625,0.5728086555391549,-0.2672323020488024,-1.1517008687756956
1780625940952522500,30.0615224609375,1.4031348593205213,-0.6685650315076113,-1.4484911276116967
1780625940962517500,30.071517578125,1.8684037621170282,-1.027262149810791,-1.587523896857351
1780625940972512500,30.081512451171875,2.280154425215721,-1.0207458997845649,-1.4321645544499157
1780625940982507800,30.0915078125,2.6908541179567576,-0.6729910312563181,-1.2585671061709522
1780625940992502800,30.101502685546876,2.384995440393686,-0.1925461866378784,-1.3374360602244735
1780625941002497800,30.111497802734377,1.382241708895564,0.32848844252228737,-1.3385270703315735
1780625941012492500,30.121492431640625,0.283969501838088,0.342495340564847,-1.2742717480421066
1780625941022487600,30.131487548828126,-0.6047364101976156,-0.43453357279300686,-1.1572019504100084
1780625941032482600,30.141482666015627,-1.0781780980557203,-1.4222989939957855,-0.8580047765627503
1780625941042477600,30.1514775390625,-1.2325398077279328,-1.8616537033349274,-0.3955804495424032
1780625941052472600,30.16147265625,-1.1561860513657332,-1.7716817559868097,-0.09506430205106735
1780625941062467600,30.171467529296876,-0.8981091156750917,-1.2229752760469912,0.056334466162323946
1780625941072462600,30.181462646484373,-0.3994242654889822,-0.38072541023790835,0.0425751131400466
1780625941082457600,30.19145751953125,-0.05839841295480728,0.09959434669613837,-0.1575070219606161
1780625941092452600,30.20145263671875,-0.19052666350901126,0.34919220785498617,-0.22983313024193047
1780625941102447600,30.211447509765627,-0.6981102749437094,0.24535306319594383,-0.3563593230053782
1780625941112442400,30.2214423828125,-0.8230091587662697,-0.020294015488028526,-0.3056058718457818
1780625941122437600,30.231437744140624,-0.5534913761287927,-0.16076690053939818,-0.008497779232263565
1780625941132432600,30.2414326171875,0.0031570027261972424,-0.5993155541926622,-0.08694996917843818
1780625941142427600,30.251427734375,0.6034592298686504,-0.781778738233447,-0.14776041171103715
1780625941152421600,30.261421630859374,1.5567928046375512,-0.24422201333940027,0.18424772936999798
1780625941162416600,30.271416748046875,1.7346324205309152,-0.00636953503191471,0.36558483199030156
1780625941172411600,30.28141162109375,1.0317699826240538,-0.01888940938711166,0.49519233189523215
1780625941182406700,30.29140673828125,0.3656704644471407,-0.02084931128323078,0.6735542180970311
1780625941192401700,30.301401611328124,-0.19024492395818232,-0.33386487486362454,0.40509500460177655
1780625941202396700,30.311396728515625,-0.5015905084997415,-0.5733657049000263,0.020064006124436855
1780625941212391700,30.3213916015625,-0.7116349424272775,-0.5966998187363147,-0.14946546206325292
1780625941222386700,30.33138671875,-0.5702998875886202,-0.3192231860488653,-0.3205859988346696
1780625941232381700,30.341381591796875,-0.5361597175776958,0.07766191635131836,-0.5673579889178276
1780625941242376400,30.35137646484375,-0.6878928323119878,0.1589718338161707,-0.5951449905097485
1780625941252371500,30.361371337890624,-0.5772253029376267,0.059068275040388106,-0.49586599337309595
1780625941262366500,30.371366455078125,-0.17430910367965696,0.06039689329564571,-0.27026334030777216
1780625941272361500,30.381361572265625,0.12616495823562143,0.021676994279026984,-0.04836100306510925
1780625941282356500,30.3913564453125,0.4475122968316078,0.07460369782447815,0.19374562555551528
1780625941292351500,30.4013515625,0.4829086043834686,0.19950082808136937,0.13116349717527628
1780625941302346800,30.4113466796875,0.05559329240620136,0.29720424646437166,0.035782384259998794
1780625941312341800,30.421341796875,-0.2980956423461437,0.3254179490357637,0.0026069676280021667
1780625941322336800,30.431336669921876,-0.4442606015592813,0.06119242758750915,0.015693535955250262
1780625941332331800,30.441331787109377,-0.2643640531361103,-0.18539280775189398,0.10762187806814909
1780625941342326500,30.451326416015625,0.03314882088601589,-0.2208580888867378,0.08312719601988793
1780625941352321500,30.461321533203126,0.3506108424812555,-0.18933423885405062,-0.02239829429090023
1780625941362316500,30.471316650390627,0.3672720544248819,-0.09516951599121093,-0.009834580793976783
1780625941372311600,30.4813115234375,0.29706454573273655,0.016724340307712554,-0.008919219514727591
1780625941382306600,30.491306640625,0.14004033885300157,-0.05570259799957275,-0.19686112722754479
1780625941392301600,30.501301513671876,-0.03814999017417431,-0.11311959870159626,-0.1231578853741288
1780625941402296600,30.511296630859373,-0.09071136753857136,-0.24006080200672147,0.000001461304724216461
1780625941412291600,30.52129150390625,-0.16718378184437752,-0.1742436372280121,0.1105254905551672
1780625941422286600,30.53128662109375,-0.2635480605781078,-0.10467851809263229,0.1597077468752861
1780625941432281600,30.541281494140627,-0.11466449005603789,-0.09431202237904071,0.27189912481606004
1780625941442276600,30.551276611328124,-0.05268704957067966,0.018076339438557625,0.38414953946769237
1780625941452271600,30.561271728515624,-0.3022650369852781,0.019693126985430718,0.29370646747648715
1780625941462266600,30.5712666015625,-0.3785165020167827,-0.004345335727930068,0.26591917362362144
1780625941472261600,30.58126171875,-0.3204465903639793,-0.09109189128875732,0.24709172355681655
1780625941482256600,30.591256591796874,-0.2760778718054294,-0.14271218841075897,0.3068547028630972
1780625941492251600,30.601251708984375,-0.2506061614185571,-0.14586568400561808,0.26030980930924413
1780625941502246700,30.61124658203125,0.03888005801439285,0.0378191507846117,0.05902151328921318
1780625941512241700,30.62124169921875,0.5151701210409403,0.1275783321648836,-0.4847051324114203
1780625941522236700,30.631236572265625,0.3719043904006481,0.3517378006845712,-0.7282751115828752
1780625941532231700,30.641231689453125,-0.007647884404659271,0.6426572677910327,-0.5869821423202752
1780625941542226400,30.651226318359374,-0.14277940842807293,0.5676227773338556,-0.5818462407365441
1780625941552221400,30.661221435546874,-0.2986579524040222,0.36652035927474497,-0.51772565074265
1780625941562216400,30.671216552734375,-0.3658645257145166,0.1950958711206913,-0.2644558230727911
1780625941572211500,30.68121142578125,-0.22427403481006622,-0.011180734705924986,-0.06698474725335836
1780625941582206500,30.69120654296875,-0.13629413806200028,-0.07291676765084266,0.017390403001010416
1780625941592201700,30.70120166015625,0.07731237226128577,0.04519055633544922,-0.12046499302834272
1780625941602196700,30.71119677734375,0.3659878598332405,0.1495861658334732,-0.3789876266598701
1780625941612191700,30.721191650390626,0.45850656905472276,0.300431976339221,-0.10935001703500748
1780625941622186800,30.731186767578127,0.3118336603194475,0.18876199192404747,0.4170259731531143
1780625941632181800,30.741181640625,0.05055179110765457,-0.1158493159264326,0.9345108008772134
1780625941642176500,30.751176513671876,0.14003683172166348,-0.4117752130180597,0.9611281741678714
1780625941652171500,30.761171630859376,0.15976736810803413,-0.6603384704321622,0.3855602830484509
1780625941662166500,30.77116650390625,-0.11694470994770526,-0.509245407167077,-0.024121757082641124
1780625941672161500,30.78116162109375,-0.33640053082108495,0.01121288340985775,0.12547756049335002
1780625941682156500,30.791156494140626,-0.41224341505169865,0.3021744360923767,0.3231035346135497
1780625941692151600,30.801151611328127,-0.40732115621864795,0.4583838194578886,0.4776388472869992
1780625941702146600,30.811146484375,0.06509644928872585,0.469039653506875,0.31010493683069945
1780625941712141600,30.8211416015625,0.6713958710193634,0.4723024546951055,-0.039332185696065426
1780625941722136600,30.831136474609377,1.2344412574350834,0.7470517082452773,-0.4301403062701225
1780625941732131800,30.8411318359375,1.5801836170971393,1.0325929894447325,-1.0436810774311422
1780625941742126600,30.851126708984374,1.2117770056843757,1.6655986317932605,-0.8505582599490881
1780625941752121600,30.86112158203125,1.3487322380036115,1.7405051119565962,-0.9956737101092934
1780625941762116600,30.87111669921875,0.950401612970233,1.610005339387059,-1.3058537580028176
1780625941772112000,30.88111181640625,1.122757829016447,1.9487667541205882,-1.092501514701545
1780625941782107000,30.89110693359375,1.054274659898877,1.8658447252839803,-0.6699591162145138
1780625941792102000,30.901101806640625,0.699774408763647,1.4014765707194805,-0.7345905783399939
1780625941802097000,30.911096923828126,1.1177227574586868,1.3106336857557297,-1.6042475065127013
1780625941812092000,30.921091796875,0.841902659806609,1.7133517320930958,-1.8552745236918329
1780625941822087000,30.9310869140625,-0.03412088078856468,1.9117489828467369,-1.035111986528337
1780625941832082000,30.94108203125,-0.49252165138125414,1.3433277486115693,-0.10789309622496365
1780625941842076700,30.95107666015625,0.5928571718335152,1.2973638698160648,-0.043888826087117194
1780625941852071700,30.96107177734375,2.4242326412826776,2.2989099790900944,-0.9916194662824273
1780625941862066700,30.971066650390625,2.8818489834994074,2.7115876939058303,-2.042641846387088
1780625941872062000,30.98106201171875,1.3595172513902187,2.7349872741937635,-1.4721780004084108
1780625941882057000,30.991056884765626,0.24217969385683535,2.024424929434061,0.34452567734867334
1780625941892052000,31.001052001953123,-0.13516601081490515,0.7023083111554383,1.8597461161479354
1780625941902047000,31.011046875,0.9088321697413921,0.10802256782352923,1.9056188095286488
1780625941912042000,31.0210419921875,2.5989146699279546,1.6354080761909484,0.3648652855440974
1780625941922037000,31.031037109375,4.571884721934795,4.759425063109398,-1.527102307511866
1780625941932031700,31.04103173828125,4.940597038295865,6.9916901944249865,-2.3442300070241093
1780625941942026800,31.05102685546875,3.6601065618693824,7.229670098504424,-2.2634064117714763
1780625941952021800,31.061021728515627,1.2721534407138824,6.207881411668658,-1.3367434017851947
1780625941962016800,31.071016845703124,-0.7067530156046151,3.8327819268673657,-0.64398647056818
1780625941972011800,31.08101171875,-1.9107237314522265,1.9664187306672334,0.9862088394105434
1780625941982006800,31.0910068359375,-1.2285925314068793,1.8313965122371911,2.741161286653578
1780625941992001800,31.101001708984374,-0.09102584031522273,2.0488222885876892,3.7247885851383207
1780625942001996800,31.110996826171874,1.2335229735463857,2.1617548402845856,3.699962771439552
1780625942011991800,31.12099169921875,2.2839006260067225,2.4236826061844825,3.181243433484435
1780625942021987000,31.130987060546875,2.1644652682870626,1.9805629913538694,2.2429876008599994
1780625942031981800,31.14098193359375,0.7019903312474489,1.2012035892218351,1.5397329487651585
1780625942041976800,31.150976806640625,-1.2729735249251126,0.4760942481935024,1.628340329761803
1780625942051971800,31.160971923828125,-2.743147784295678,-0.16089140370190141,2.09212600826323
1780625942061966800,31.170966796875,-3.345556043806672,-0.5636562117904425,2.5629011072605845
1780625942071961900,31.1809619140625,-2.7090467772513627,-0.7202057868957519,2.80035289581269
1780625942081956900,31.190956787109375,-1.1729092226296662,-1.0445447085231543,2.618183141760528
1780625942091951900,31.200951904296875,-0.1651151588767767,-1.0320885470539332,2.544820968429744
1780625942101947000,31.21094677734375,0.17529811471700668,-0.15790157423615456,2.4948279802486297
1780625942111942000,31.22094189453125,0.7036199782758951,0.854821762612462,1.953877229002118
1780625942121937000,31.23093701171875,0.884971401682496,1.7068845819056033,1.4031512259334324
1780625942131932000,31.240931884765626,0.6032867959111928,2.2803420567423105,1.0463593567296863
1780625942141926700,31.2509267578125,0.22668343403935431,2.493340664300322,0.8747142115622758
1780625942151921700,31.260921630859375,-0.04606500108242035,2.3960037411421538,1.0600690253913403
1780625942161916700,31.270916748046876,-0.21695406718552113,2.2870634739518163,1.37968471788913
1780625942171912000,31.280911865234376,-0.13237199618220327,2.087339358508587,1.54834646333158
1780625942181907000,31.290906982421873,0.4192465718120336,1.7786831591814756,1.2258821034044027
1780625942191902000,31.30090185546875,0.7741337764382362,1.728364592307806,0.7864896924033761
1780625942201897000,31.31089697265625,0.6662433105617761,1.9159511107116936,0.5543523768723011
1780625942211892000,31.32089208984375,-0.26613106280863286,2.038217892464995,0.9888362653046846
1780625942221887000,31.330886962890624,-1.3028677279293537,1.9889847827404736,2.2306629568159577
1780625942231882000,31.340882080078124,-1.081306459209323,0.9750760354995727,2.2695348315238952
1780625942241876700,31.350876708984377,0.10799567981660366,-0.38649697937667365,0.6185176827907561
1780625942251871700,31.360871826171874,0.6443295849174261,-0.5695014306873083,-0.051454292905330656
1780625942261866800,31.37086669921875,0.5579869339823722,0.10447861160635948,0.6352233183979987
1780625942271861800,31.38086181640625,-0.12521160303354262,0.8435498424917459,1.7648557093590498
1780625942281856800,31.390856689453123,-0.33985622423291206,1.3776216478794812,2.146757762160897
1780625942291851800,31.400851806640624,0.34338030670583247,1.6618495083928106,1.7869360237419605
1780625942301846800,31.4108466796875,0.49738019732832905,1.7505892835974692,1.4935650718301534
1780625942311842000,31.420842041015625,-0.11213175670802593,1.8354378965824842,1.6197218467593193
1780625942321837000,31.430837158203126,-0.5170815076202154,1.7145961791962385,1.2762690593391657
1780625942331831800,31.440831787109374,-0.3393921138525009,1.6719897941350936,0.606940057721734
1780625942341826800,31.450826904296875,0.1837748511612415,1.7369412819951773,0.2701753697633743
1780625942351821800,31.46082177734375,0.5716331820189953,1.9418109436333177,0.5569301184058189
1780625942361815800,31.47081591796875,0.6731266403347254,1.9080805234670637,0.8776905970245599
1780625942371810800,31.480810791015625,0.5699865838557482,1.5858996566563843,1.1109516558885573
1780625942381805800,31.490805908203125,-0.07608604533672332,1.192483107149601,1.3588298536479473
1780625942391800800,31.50080078125,-0.1460223358720541,0.8190320718288421,1.4070464798063038
1780625942401795800,31.5107958984375,-0.12130524324476719,0.682124185782671,1.5483780275136232
1780625942411790800,31.520790771484375,-0.34045009847283364,0.8286398581296205,1.8152783211290835
1780625942421785900,31.530785888671875,-0.1317524029791355,1.0761164893507957,1.7130337521851062
1780625942431780900,31.54078076171875,0.08365209667682648,1.5784522632598876,1.3637041816860436
1780625942441775900,31.55077587890625,0.3013847470194101,2.251325221094489,1.1126549526751042
1780625942451771000,31.56077099609375,0.3260784587711096,2.3924732289284467,0.6781582047611474
1780625942461766000,31.570765869140626,0.3221925572484731,1.5561474924713372,-0.01019289271235466
1780625942471760600,31.5807607421875,-0.4134790943264961,0.5248217464834452,0.8605927472293377
1780625942481755600,31.590755615234375,-1.469203368511796,-0.492253355833888,2.328579141166806
1780625942491751000,31.6007509765625,-2.187301953995228,-0.7782394581913947,4.128268263497948
1780625942501746000,31.610745849609376,-1.539224999243021,-0.6565694732874632,4.855999769723415
1780625942511741000,31.620740966796873,-0.49804070706367487,-0.30175416485369205,3.5289860270529982
1780625942521736000,31.63073583984375,1.7144336821109056,0.9016226767539978,0.7163812601715326
1780625942531731000,31.64073095703125,2.9889415769964454,2.106335735401511,-1.7098481078863144
1780625942541726000,31.650725830078127,0.902491276282072,2.455944122841954,-1.460730723720789
1780625942551721000,31.660720947265624,-1.3535849387317895,1.6641583698570728,0.7045031908512115
1780625942561716000,31.670716064453124,-2.1635440617889166,0.7148918983966112,2.3776988536447283
1780625942571710700,31.680710693359377,-1.7309259672284125,0.21359306631982325,2.161776467594504
1780625942581705700,31.690705810546874,-0.37322307178378106,0.3496054648309946,1.4325404020249843
1780625942591700700,31.70070068359375,0.8659989901870488,0.8493482996374369,1.2735925336062908
1780625942601695700,31.71069580078125,1.4791121835857628,1.3518109147965907,1.267898121356964
1780625942611690800,31.720690673828123,1.0968839675694704,1.7408698536157607,1.2163286776393651
1780625942621685800,31.730685791015624,0.5475760146051645,1.8985510630995035,1.164569264307618
1780625942631681000,31.740680908203124,0.3311532778173685,1.7249258500307798,1.0782909107804297
1780625942641676000,31.750676025390625,0.20643618030250072,1.3754618394970892,1.129184647193551
1780625942651671000,31.760671142578126,-0.13990239168703555,1.0875199268966913,1.4947399608284233
1780625942661665800,31.770665771484374,-0.39928164214789863,0.8646043209582567,1.6504729588538407
1780625942671660800,31.780660888671875,-0.7097358308076858,0.61534022179842,1.4417325932621956
1780625942681655800,31.79065576171875,-0.7594973483204841,0.4013146092802286,1.357379070317745
1780625942691650800,31.80065087890625,-0.6123702660769224,0.3082522947013378,1.461467221301794
1780625942701645800,31.810645751953125,-0.39574703828096386,0.46668578385710713,1.6407418384343384
1780625942711640800,31.820640869140625,-0.01648234824538231,0.6644488283604383,1.5432237134903668
1780625942721635800,31.8306357421875,0.19810732789635657,1.0114677838295698,1.4434855744093655
1780625942731630800,31.840630859375,0.4772656300604343,1.252345747438073,1.163806463241577
1780625942741625900,31.8506259765625,0.25151801556646824,1.4079104031592606,0.9459621692180633
1780625942751620900,31.860620849609376,0.03964636621177196,1.55388539275825,1.1399147155225275
1780625942761616000,31.870615966796876,-0.31545711151361466,1.4919664044618606,1.4820353775560855
1780625942771610000,31.880610107421877,-0.507179122287035,1.3735627278774976,1.7701602455079555
1780625942781605000,31.890605224609374,-0.20616905379891395,1.152222992953658,1.547527548164129
1780625942791599900,31.900599853515626,-0.03988192853331566,1.0497568902134895,1.2733674926787615
1780625942801595100,31.91059521484375,0.12193301975429058,1.0489759689688682,1.2060779172599314
1780625942811590100,31.920590087890623,0.0943430020391941,1.0625561660319567,1.160880346661806
1780625942821585200,31.930585205078124,0.07743395281434058,1.1337807428121567,1.142144666531682
1780625942831580200,31.940580078125,-0.10786650047898291,1.221235738903284,1.2746680538833142
1780625942841575200,31.9505751953125,-0.05033376444280147,1.1892144607424735,1.3790963966071605
1780625942851570200,31.960570068359374,-0.1672188531577587,1.1531903766810894,1.5424340244174002
1780625942861565200,31.970565185546874,-0.16441665521860122,1.2103519413173198,1.4163070601046084
1780625942871560200,31.980560302734375,-0.0018903437912464142,1.2382529246777296,1.2363643344521522
1780625942881555200,31.99055517578125,0.08018471282720566,1.228074645012617,1.3337211313545703
1780625942891550000,32.000550048828124,-0.3006698767483234,1.0891805535852908,1.3464584478527306
1780625942901545000,32.010544921875,-0.19939912127256393,0.9517658870607614,1.2192507025659083
1780625942911540000,32.0205400390625,-0.2440980946987867,0.858989988207817,1.321069739574194
1780625942921535000,32.030534912109374,-0.20009470232129095,0.8156202175587415,1.494713072821498
1780625942931530000,32.040530029296875,-0.10533727426230907,0.824565740558505,1.7025667187064886
1780625942941525000,32.05052490234375,-0.0529424856364727,0.7436778478980064,1.654583316782117
1780625942951520300,32.060520263671876,0.028016718694567677,0.5965133562535048,1.5770225227177141
1780625942961515300,32.070515380859376,-0.06663900255560874,0.4664619119733572,1.6275672995626926
1780625942971510300,32.08051025390625,0.08489362117052078,0.2391875263035297,1.5314713163763283
1780625942981505300,32.09050537109375,0.21815818227827546,-0.004513678032159805,1.5078046095848083
1780625942991500000,32.1005,0.37575288252234457,-0.21859949630498884,1.6520435691714286
1780625943001495000,32.1104951171875,0.42548868107199667,-0.409661581864953,1.9560978276610372
1780625943011490000,32.120489990234375,0.07568389427661895,-0.41319209407866,2.377294949018955
1780625943021485000,32.130485107421876,0.018071663263440133,-0.11808277406692504,2.611017195653915
1780625943031480000,32.14047998046875,0.011713818669319151,0.5202613067001104,2.6308827565968036
1780625943041475000,32.15047509765625,-0.5281687188237906,1.6526362743675709,3.046042935878038
1780625943051470000,32.160469970703126,-0.5618845259428024,2.8082506633251905,3.683506142157316
1780625943061465000,32.170465087890626,0.32551673323512076,3.5966689857035874,4.057544329716265
1780625943071460000,32.18046020507813,1.333244161492586,4.354785108798742,4.2700510621041055
1780625943081455000,32.190455078125,2.0187971526801585,5.17833845744431,4.392163822339475
1780625943091450000,32.2004501953125,1.8373539593368768,5.776792426371574,4.170996813634038
1780625943101445000,32.21044506835938,1.1503437550783158,6.223185948306321,3.862877205401659
1780625943111440100,32.22044018554688,0.4735498244076967,6.624936610916256,3.966918594634533
1780625943121435100,32.23043505859375,0.1505278305977583,6.941031435811519,4.640504669174551
1780625943131430100,32.24043017578125,-0.01861293053328991,6.902486893361806,5.387981909355521
1780625943141425200,32.25042504882813,-0.15355565398633478,6.602138503652811,5.79037729960978
1780625943151420200,32.26042016601563,-0.52194063808918,6.361669705367088,5.874353805935383
1780625943161415200,32.27041528320313,-1.1664748056679963,6.260641526475548,5.944696923705935
1780625943171410200,32.28041015625,-1.130016421842575,6.1866539147227995,5.779651322934031
1780625943181405200,32.2904052734375,-0.3194032187908888,6.298260770773887,5.228347812238336
1780625943191400000,32.30039990234375,0.5502560474693775,6.809325794583558,4.765371988815069
1780625943201395000,32.31039501953125,0.8737631944477557,7.1225015171617265,4.485688201472163
1780625943211390000,32.32038989257813,0.2325999646067619,6.71941113038063,3.605658347845077
1780625943221385000,32.33038500976563,-1.8218968624860048,5.629391787883639,0.7076461650520562
1780625943231380000,32.3403798828125,-4.310548492187261,4.838306292122602,-0.5671230111181735
1780625943241375200,32.35037524414062,-5.797110991778969,5.274997919732332,3.847853823792934
1780625943251370200,32.36037036132812,-2.973134643794596,5.725880569779872,8.350361642640829
1780625943261365200,32.370365234375,2.47088128747195,4.819897359728813,9.229810481509565
1780625943271360300,32.3803603515625,4.888876787930727,3.4142560705453153,8.288772909212112
1780625943281355300,32.39035522460937,4.147766744694113,2.485351419112086,7.395068750497698
1780625943291350000,32.40035009765625,2.278546405497193,2.255367189961672,7.665337059241533
1780625943301345000,32.41034497070312,2.134039150363207,1.2831938901662825,3.0199826119482513
1780625943311340000,32.42034008789062,1.0669845038682222,-0.37144086454212666,-1.6500345674365757
1780625943321334000,32.430333984375,-1.4348960252404213,-1.7514239808559418,-2.8252614193588492
1780625943331330000,32.440330078125,-2.5956004308134317,-2.5638398494154213,-2.3858137710392473
1780625943341325000,32.45032495117187,-2.0819009668469426,-2.598042563268542,-0.7167407411336898
1780625943351319000,32.460319091796876,-1.0361948133289813,-1.9587620784342288,1.131156239527464
1780625943361314000,32.47031396484375,-0.37153088091313835,-1.140130404099822,1.852982321101427
1780625943371309000,32.48030908203125,0.09689444008767605,-0.5223112249672412,1.6591443410873412
1780625943381304000,32.490303955078126,0.44097909567058086,-0.15750059221982954,1.3499071270018814
1780625943391299000,32.500299072265626,0.19506839859187602,-0.14421616323292255,0.8647264860332011
1780625943401294000,32.51029418945313,-0.30852935807704923,-0.4331956021875143,0.11069733999073504
1780625943411289000,32.5202890625,-0.5957786122381686,-0.5670674815386534,-0.744937492570281
1780625943421284000,32.5302841796875,-0.6105968266636133,-0.196359022924304,-1.349587393528223
1780625943431279000,32.54027905273438,-0.24666005414128303,0.39793139658272264,-1.573307886108756
1780625943441274000,32.55027416992188,0.25550854650735855,1.070455394849181,-1.1125941623985767
1780625943451269000,32.56026904296875,-0.2786380776822567,1.393450500652194,-0.055205754393339156
1780625943461264100,32.57026416015625,-1.1789584396660326,1.0566869817376137,1.1851204694271087
1780625943471259100,32.58025903320313,-1.1168623412370682,0.2430143911153078,2.314326743930578
1780625943481254100,32.59025415039063,-0.4197223726302385,-0.61627253421247,2.955799770373106
1780625943491249200,32.60024926757813,0.7339601714819669,-1.226392391014099,2.776168010365963
1780625943501244200,32.610244140625,1.6027975999653339,-1.355517952620983,1.9843653062462805
1780625943511239200,32.6202392578125,1.7917992458641527,-1.146555468711257,0.7697305730432271
1780625943521234000,32.63023388671875,1.0908522861897945,-0.7346031455606221,-0.5393219810009002
1780625943531229000,32.64022900390625,0.2753261766552925,-0.27597148882150646,-1.4617746798157691
1780625943541224000,32.65022387695313,-0.40607963172495365,0.19094751926958559,-1.450885037010908
1780625943551219000,32.66021899414063,-0.9745382753610611,0.45669455119669433,-0.9800853880941868
1780625943561214200,32.67021411132812,-1.1243985819607973,0.5754845967501402,-0.5056090964913368
1780625943571209200,32.68020922851562,-1.1919821718901396,0.7534674205064773,-0.18712299254536627
1780625943581204200,32.69020434570312,-1.1429998220562934,0.8928057485699653,-0.1666226408302784
1780625943591199200,32.70019921875,-0.9391232631087303,0.9203899210661649,-0.40311785930991173
1780625943601194200,32.7101943359375,-0.7328034026622772,0.9049871847510337,-0.7297697340548038
1780625943611189200,32.72018920898437,-0.5108464126229286,0.8191279334187507,-0.9805705412626265
1780625943621184000,32.73018408203125,-0.4610597606688738,0.6306055954694747,-0.9849269829064607
1780625943631179000,32.74017895507812,-0.37722763125002384,0.34789398473799227,-1.0238158087491989
1780625943641174000,32.75017407226562,-0.19510580799281596,0.2728121480077505,-0.8230833930462599
1780625943651169000,32.7601689453125,0.015732991182804107,0.42128070798814293,-0.4866068743795156
1780625943661164000,32.7701640625,0.2750117038786411,0.740564099791646,-0.18270166897177695
1780625943671159000,32.78015893554687,0.6283908420294523,1.1227923158079385,-0.002054594442248344
1780625943681154000,32.79015405273437,0.7875269264966249,1.3332979375064373,0.02647299638390541
1780625943691149000,32.80014916992187,0.7921651076912879,1.2839414936631917,-0.010320318484306335
1780625943701144300,32.810144287109374,0.8038187206059694,1.042913307929039,0.008619359785318375
1780625943711139300,32.820139404296874,0.7521569224298,0.6487146681338548,0.23609189837574956
1780625943721134000,32.83013403320312,0.6745341690450907,0.09175532363355159,0.6071855569154023
1780625943731129000,32.840129150390624,0.7560451620399952,-0.5045376678675413,0.7428595172524451
1780625943741124000,32.8501240234375,0.5883277117103338,-0.959178209143877,0.6994096671044826
1780625943751119000,32.860119140625,0.3372095091164112,-1.1871803245663641,0.4559703285753727
1780625943761114000,32.87011401367187,0.453994644588232,-1.3029136128976941,0.0007376666247844696
1780625943771109400,32.880109375,0.23755320309996603,-1.2012529813215136,-0.3296843743085861
1780625943781104400,32.8901044921875,0.06625497167408466,-0.6881120280206203,-0.28751462709903713
1780625943791099400,32.900099365234375,-0.11602174988389015,-0.05802402668446302,-0.07755144171416758
1780625943801094400,32.910094482421876,-0.47978608844876286,0.5036217220664024,-0.010336100575327873
1780625943811089200,32.920089111328124,-0.5297165327876806,0.9593614567562937,0.010530161842703818
1780625943821084200,32.930084228515625,-0.3506424066632986,1.2641627342209218,0.16822715341746805
1780625943831079200,32.9400791015625,-0.26750644281506536,1.0658502391412854,0.2893336592197418
1780625943841074200,32.95007421875,-0.366962257823348,0.4679965741947293,0.37710780426263807
1780625943851069200,32.960069091796875,-0.537280246040225,-0.21444296114742756,0.47686347900032994
1780625943861064200,32.970064208984375,-0.37592414743602276,-0.8974757862076163,0.4795499416053295
1780625943871059200,32.98005908203125,-0.0004196867167949676,-1.410313957169652,0.38585634338557717
1780625943881054200,32.99005419921875,0.41553368876874447,-1.605486692918837,0.10551321535110474
1780625943891049200,33.00004931640625,0.6349006623148917,-1.5823577462658285,-0.3642968380063772
1780625943901044200,33.010044189453126,0.8518746032446622,-1.487912745156884,-0.8511568103641272
1780625943911039200,33.020039306640626,0.9750263511389493,-1.3214721828952432,-1.1894897705525158
1780625943921034200,33.0300341796875,0.8644237036943435,-1.0800015140905976,-1.34274848741889
1780625943931029200,33.040029296875,0.5437339522242546,-0.7245230655729771,-1.202995733335614
1780625943941024300,33.050024169921876,0.09424538688361644,-0.23623364493399857,-0.7701958524674176
1780625943951019300,33.06001928710938,-0.2292459780037403,0.15378157169669865,-0.28692718259990213
1780625943961014300,33.07001416015625,-0.40780280225574966,0.3751151691406965,0.25461130540668964
1780625943971009300,33.08000927734375,-0.5021820446521044,0.32890959054380653,0.5962316167026758
1780625943981004300,33.09000439453125,-0.3628244273662567,0.16615969949364662,0.7623708579301833
1780625943990999300,33.09999926757813,-0.10164835661649703,-0.053583121627569195,0.5497013361960649
1780625944000994300,33.10999438476563,0.031469489496946335,-0.26235271331369875,-0.08736673328578472
1780625944010989300,33.1199892578125,-0.289700738966465,-0.35562165638059373,-0.9377724330216646
1780625944020984000,33.12998413085938,-1.0114186839908361,-0.3526598839655518,-1.9075848489046097
1780625944030979000,33.13997900390625,-1.7674708602935074,-0.47267654870450493,-2.5832412999778986
1780625944040974000,33.14997412109375,-2.152248176270723,-0.6594356763735413,-2.600090143448114
1780625944050969000,33.15996899414063,-2.1583546764522787,-0.731043114991486,-1.9093413371831178
1780625944060964000,33.16996411132813,-1.3753566255569458,-0.6439607516050339,-0.8373656008988618
1780625944070959400,33.17995947265625,0.13976327547729014,-0.4459764655664563,-0.045379356905817986
1780625944080954400,33.18995434570313,1.2590969752639531,-0.09768588272631168,0.23208383177816866
1780625944090949400,33.19994946289062,1.2639058368504046,0.3284372968569398,-0.14105974502861499
1780625944100944400,33.2099443359375,0.4262181643903255,0.5585381381243467,-0.8621873229444026
1780625944110939400,33.219939453125,-0.5913128650009631,0.42281244760006664,-1.4148077614575623
1780625944120934100,33.22993408203125,-1.3714011659294365,0.03642302025109529,-1.4297563242644071
1780625944130929200,33.23992919921875,-1.473015035754442,-0.3225345025539398,-0.8942787437319755
1780625944140924200,33.24992407226563,-0.6478910767912864,-0.5390823270261287,-0.05703413886427879
1780625944150919200,33.25991918945312,0.3939204073756933,-0.6854004309743642,0.7622323262423276
1780625944160914200,33.2699140625,0.9939502473175525,-0.729450585103035,1.3144494446516035
1780625944170909200,33.2799091796875,0.9022422699570656,-0.5698442527756095,1.3441560161292552
1780625944180904200,33.289904296875,0.07504208924174309,-0.5344590511396528,0.7636351787775755
1780625944190898200,33.299898193359375,-0.8541068923413753,-0.5958902559190988,-0.030865093863010406
1780625944200893200,33.30989306640625,-1.321888070219755,-0.6380646793037653,-0.5932283432334661
1780625944210888200,33.31988818359375,-1.0645745201170445,-0.6039943596586584,-0.5759709189623594
1780625944220883200,33.32988330078125,0.0721966366827488,-0.19435089797228575,0.03425999699831009
1780625944230878200,33.339878173828126,0.9715104519724845,0.5692620689734816,0.843475023689866
1780625944240873200,33.349873291015626,0.8837246164917946,1.239604339286685,0.7962170134305954
1780625944250868200,33.3598681640625,0.4140992720514536,1.8708131613463161,-0.1428197404384613
1780625944260863200,33.36986328125,-0.7272399233162403,1.443745686650276,-1.82798582701087
1780625944270858200,33.379858154296876,-2.5554887851774692,-0.062467269828915595,-3.0564532707333565
1780625944280853200,33.38985327148438,-1.5090163234621286,-0.9194260444700717,-2.8123049071520567
1780625944290848300,33.39984814453125,2.058507816299796,-1.0310291011288761,-1.6938614342033862
1780625944300843300,33.40984326171875,2.9988538992017504,-0.05921908168792724,-0.5001175133377314
1780625944310838300,33.41983837890625,1.9728005406588314,1.7048846402600406,-0.32942543111145495
1780625944320833300,33.42983325195313,-0.5275643231898546,2.6329741759181022,-2.2987667712271214
1780625944330828300,33.43982836914063,-2.4550386984348296,1.5988456474691628,-4.708426112756133
1780625944340823300,33.4498232421875,-1.8006348787486552,-0.6294289529055357,-5.160008435505628
1780625944350818000,33.45981811523438,-1.608929234588146,-1.847581338840723,-3.719154963165521
1780625944360813000,33.46981298828125,-1.9039590596228837,-0.633093028371036,-1.1933330019772053
1780625944370808000,33.47980810546875,-1.9266209732860327,1.7879647822678089,0.5400058716118336
1780625944380803000,33.48980297851563,-3.06638663572669,3.7282884099528193,0.4459381793826818
1780625944390798300,33.49979833984375,-3.659078972387314,4.580231986780464,-0.864027397853136
1780625944400793300,33.50979345703125,-2.9417046095252037,4.189330927225948,-2.759267144447565
1780625944410788400,33.51978833007813,-2.1414064642608164,2.992510083132982,-4.210599340704083
1780625944420783400,33.52978344726562,-1.0098854830741881,1.4486501175656914,-3.9816614057362076
1780625944430778400,33.5397783203125,-0.17629823167026043,0.44992491093128917,-1.7787743445962667
1780625944440773400,33.5497734375,-0.5806430024266243,0.0429538833245635,1.0479220760017633
1780625944450768100,33.55976806640625,-1.2481973955869674,-0.17807167108356953,3.155638452106714
1780625944460763100,33.56976318359375,-0.05589724378883838,-0.5227952090919018,4.418839355558156
1780625944470758100,33.57975805664063,1.1858294944792984,-0.7756985415369272,4.271182111960649
1780625944480753200,33.58975317382812,1.945091280478239,-1.1246838286429643,2.706638547065854
1780625944490748200,33.599748046875,1.856861792883277,-0.9063594960175454,0.7745131311446428
1780625944500743200,33.6097431640625,2.089624839097261,-0.20503449681103228,-0.1781599338889122
1780625944510738200,33.61973828125,2.9834114153981206,0.3241689718879759,0.14036065684854984
1780625944520733200,33.62973315429687,2.675112943467498,0.3233554635480046,0.9698463181525468
1780625944530728400,33.639728515625,1.4971668957144022,0.17997750470489263,1.190080722182989
1780625944540723200,33.64972314453125,1.2180179459005593,0.1715204958744347,0.4394634304106235
1780625944550718200,33.65971826171875,1.7564555452823638,0.08277034540623426,-0.8379875321894884
1780625944560713200,33.66971313476562,2.3231623768150804,0.1759915038086474,-2.2783745560616255
1780625944570708200,33.67970825195312,2.2572043422609567,0.34951880946084857,-3.0623516811221836
1780625944580703200,33.689703125,1.77722010089159,0.4040437419831753,-2.639360077562928
1780625944590698200,33.6996982421875,1.0555050784766673,0.3262480431843549,-1.522863062506914
1780625944600693200,33.709693359375,0.23423311876654623,0.163209471385926,-0.2955675851732492
1780625944610688300,33.71968823242187,-0.29014614464640615,0.21650405839569867,0.15053484486043453
1780625944620683300,33.729683349609374,-0.5003823017537593,0.37634960630647835,0.14995149201452732
1780625944630678300,33.73967822265625,-0.1764040301322937,0.42292463927026835,0.13135901974737643
1780625944640673300,33.74967333984375,0.4563824165076017,0.2066845290403813,0.0028419454276561737
1780625944650668000,33.75966796875,0.38403672674298284,-0.2974771816542372,-0.4489887991249561
1780625944660663000,33.7696630859375,-0.7844523413568735,-0.9431630400188267,-1.5514713173538446
1780625944670658000,33.77965795898437,-2.2349679605334996,-1.6697040212854741,-2.4796698663443326
1780625944680653300,33.7896533203125,-3.190514535176754,-2.676782630245387,-2.978334258264303
1780625944690648300,33.7996484375,-3.2667361895918843,-3.6916178446814416,-3.536118363150954
1780625944700643300,33.809643310546875,-3.1709348054379225,-4.374769327685237,-3.863650527861714
1780625944710638300,33.819638427734375,-3.547561548185348,-4.729302019785345,-3.0351410181134937
1780625944720633300,33.82963330078125,-3.862871360182762,-4.472328369161486,-1.005689784950018
1780625944730628400,33.83962841796875,-4.231844957828521,-4.008711325225234,1.41953069832623
1780625944740623400,33.849623291015625,-5.211528194862604,-3.9386435172647234,3.239892021808028
1780625944750618000,33.8596181640625,-6.685317137598991,-4.326074562621116,4.526175694683194
1780625944760613000,33.869613037109374,-7.85380152952373,-5.063536604744195,5.700812764018774
1780625944770608000,33.879608154296875,-7.4576377271354195,-5.757215034720302,7.293723176220059
1780625944780603600,33.88960375976563,-4.913351303973793,-6.0296454899340866,9.184683053538203
1780625944790598700,33.8995986328125,-1.7803864559680223,-5.615929664242267,10.414389099144936
1780625944800593700,33.90959375,0.19154548516273498,-4.726917754997313,9.801852828851342
1780625944810588700,33.91958862304688,0.8057225084006786,-3.950765916734934,7.438029940345883
1780625944820583700,33.92958374023438,1.3404782043993473,-3.4076305149257182,4.951885909551382
1780625944830578700,33.93957861328125,2.6177117248564956,-3.2612773396641015,2.58703397025913
1780625944840573400,33.94957348632813,4.4251019230842585,-3.9703938695296643,-1.9722782703503965
1780625944850568400,33.959568359375,6.466773170873522,-3.2634032457768916,-7.846010437256098
1780625944860563500,33.9695634765625,3.9724540169298646,2.53374106374979,-11.172174967372417
1780625944870558500,33.97955834960938,-1.0960106918662786,10.094437014299631,-7.903856477025151
1780625944880553500,33.98955346679688,0.8298521565288305,11.945586274755,-4.225982203274965
1780625944890548700,33.999548828125,13.371970492237805,11.016302853137255,-2.9962285191342235
1780625944900543700,34.00954370117187,22.60516360192299,8.87065685161054,0.6761310828477144
1780625944910538800,34.01953881835937,12.826203572881221,4.654503968432546,2.9950384325668216
1780625944920533800,34.02953369140625,-0.05388707301020622,1.0028671287447213,1.6514540788456797
1780625944930528800,34.03952880859375,-6.85785046377778,-1.8125997495695947,-0.6818441997975111
1780625944940523500,34.0495234375,-7.517742944008112,-3.7986476020753384,-2.69655671351254
1780625944950518500,34.0595185546875,-1.2334919938862323,-3.559672257217765,-1.8789573048353194
1780625944960513500,34.06951342773438,6.949445043891668,-2.2850996265329417,0.4418827665120363
1780625944970508500,34.07950854492187,7.929533939117193,-1.6657817332752047,2.1566896658495067
1780625944980503600,34.08950366210937,1.9644868858218192,-1.0282568599365651,1.9551745753362775
1780625944990498600,34.09949853515625,-2.399612579289079,-0.2211814756222069,0.7875427085876464
1780625945000493600,34.10949365234375,-2.6459540690004824,0.875069162479788,0.4371139446750283
1780625945010487600,34.119487548828126,-0.9507213464438915,1.642025010112673,0.04607917573824524
1780625945020482600,34.129482666015626,0.9856886149287223,1.4719113122962415,-1.511828896664828
1780625945030477600,34.1394775390625,0.6468962205350398,1.2431677308566869,-3.546608485244214
1780625945040472600,34.14947265625,-1.0923071611732245,1.3380733352147043,-5.067530058294534
1780625945050467600,34.159467529296876,-1.2509002248048782,1.3712616113282738,-5.733109936511516
1780625945060462600,34.16946264648438,-1.6684265486955643,1.6183561113640665,-5.32362078860402
1780625945070457600,34.17945751953125,-3.1208389414042235,1.6142555441774427,-4.5197626127704975
1780625945080452600,34.18945263671875,-3.841904559999704,1.1963004734806715,-3.591132102103531
1780625945090447600,34.199447509765626,-4.110080280378461,0.7019229650996625,-3.0037782038614154
1780625945100442600,34.20944262695313,-4.613717200013995,0.4909608318053186,-2.8652929854959246
1780625945110437600,34.21943774414063,-4.86783283085823,0.4076028957694769,-3.1662644755393266
1780625945120432600,34.2294326171875,-4.463413241299986,0.35292043459787964,-3.2208076743707057
1780625945130427600,34.239427734375,-3.972973656889796,-0.06355272697806358,-2.575206462082267
1780625945140422700,34.24942260742188,-4.181488397032022,-0.7117281736686826,-1.8844918503478167
1780625945150417700,34.25941772460938,-4.879425068974495,-1.1191793860077857,-1.3452595934569835
1780625945160412700,34.26941259765625,-4.375314686608315,-1.4850601322047412,-0.46892114169374105
1780625945170407400,34.27940747070313,-2.785190690255165,-1.5881474355831742,0.6001164953120053
1780625945180402400,34.28940234375,-2.371532732230425,-1.3566349739521741,0.8014653624128549
1780625945190397400,34.2993974609375,-2.1800796015262605,-0.2640340905293822,0.1816832857094705
1780625945200392400,34.30939233398438,2.044286983245611,7.24972621358335,-2.441038376263529
1780625945210387700,34.3193876953125,-4.123928188467025,8.91344210036993,-4.707025013786554
1780625945220382700,34.3293828125,-7.432489841875434,1.5844737155064939,-3.065361092071235
1780625945230377700,34.33937768554687,1.1027952374398708,-3.793336636185646,-1.714846208434552
1780625945240372700,34.34937280273437,-1.2862205445110797,-3.9178064809411763,1.2885105551443994
1780625945250367700,34.35936767578125,2.581565475720167,-2.01337600441426,3.124908675061166
1780625945260362800,34.36936279296875,-0.10045827004909515,0.18755349291712045,4.042034333634376
1780625945270357500,34.379357421875,-4.939425071907043,1.844302463300526,4.877057463060319
1780625945280352500,34.3893525390625,-1.5413631803154944,1.686560463540256,5.0434389886111015
1780625945290347500,34.39934741210938,1.5016513476520776,2.2412889802485703,4.962735804867744
1780625945300342500,34.40934252929687,0.91234222368896,2.850218458221853,3.546394842493534
1780625945310337500,34.41933764648437,2.099129165023565,2.8737939795985814,1.0247948829144238
1780625945320332500,34.42933251953125,1.29039753793478,2.732435251623392,-0.752087948846817
1780625945330327600,34.43932763671875,3.6405671641409394,3.0161560393974183,0.42228725468218326
1780625945340322600,34.44932250976562,3.8401924953848123,3.2720471554815767,1.28758131147027
1780625945350317800,34.45931787109375,2.0303654253989456,3.134049428372085,2.807201154272258
1780625945360312600,34.4693125,3.091404172605276,3.5862454991057513,4.490632379876077
1780625945370307600,34.4793076171875,0.9022288259536028,3.155289492538571,4.256395169456303
1780625945380302600,34.48930249023437,0.01775660596489906,0.9187380622059106,4.716409220464527
1780625945390297600,34.49929760742187,2.200065573978424,-0.8591162449359894,6.173199974387884
1780625945400292600,34.509292724609374,3.006573679798841,-0.626904987385869,7.232913025948405
1780625945410287600,34.51928759765625,1.882095018339157,-0.008480828097462654,6.035697045058011
1780625945420282600,34.52928271484375,0.8434364452451467,-0.0982815105319023,3.0156559809207915
1780625945430277600,34.53927758789062,2.0291192247301337,0.4288385760217905,0.7734788196608424
1780625945440272600,34.549272705078124,1.6975287245392798,1.5971376745074986,-0.6933440834552049
1780625945450267600,34.559267578125,-0.7010521736145019,1.5510206509768962,-1.81874424367398
1780625945460262700,34.5692626953125,-2.390242108875513,1.1047723827317357,-0.8895715889543294
1780625945470257400,34.57925732421875,-2.4257506446301935,1.3126517475798725,0.7791407909452914
1780625945480252400,34.58925244140625,-2.9798090069919825,1.8301428589142859,0.6815984083428979
1780625945490247400,34.59924731445312,-3.681919165226817,1.668863917199522,-0.6379591731026768
1780625945500242700,34.60924267578125,-1.9019044651806354,0.23892376080080865,-1.3585229796558618
1780625945510237700,34.61923779296875,-0.5404594605982304,-1.5720879889249801,-1.1721905529662966
1780625945520232700,34.629232666015625,-0.8900725242137908,-2.480360771217942,-0.9844444600865244
1780625945530227700,34.639227783203125,-0.8117740635246038,-1.8647405634343623,-0.7307084762096404
1780625945540222700,34.64922265625,0.08714812209904194,0.32013416341394185,0.6580626344546675
1780625945550217700,34.6592177734375,0.5511608873546123,1.2856212634436786,1.3674109272494912
1780625945560212700,34.669212646484375,-0.7801087591946124,1.2925212520904839,1.2469053099498153
1780625945570207500,34.67920751953125,-1.4196096087813377,0.5821078142821788,1.0951131585046647
1780625945580202500,34.689202392578125,0.8366150747925043,-0.5685561126612126,2.200686628486216
1780625945590197500,34.699197509765625,2.760501654678583,-2.1225706847570835,3.455508995170891
1780625945600192500,34.709192626953126,1.6271446902364493,-0.43407106984779237,4.775190495257079
1780625945610187500,34.7191875,-0.7324304776966571,2.70290666706115,4.607695747767388
1780625945620182500,34.7291826171875,0.20264672489166258,3.931522287082672,3.9797278073251245
1780625945630177500,34.739177490234376,0.07441898890733718,4.028645859751105,1.837556788432598
1780625945640172500,34.749172607421876,-0.6956143664747476,2.5598165852487087,-1.2913786579266189
1780625945650167800,34.75916772460938,-0.7166992400795221,1.2509028551533818,-2.179768928141892
1780625945660162600,34.76916259765625,-0.9678665425121784,-0.17621902895420788,-2.4213866042017935
1780625945670157600,34.779157470703126,-1.7264684032976627,-1.8111358144968748,-2.5799104019895194
1780625945680152600,34.78915258789063,-2.1929273926615713,-2.9679420435875654,-1.6580799267262218
1780625945690147600,34.79914770507813,-1.6603303360015154,-4.020335127523541,0.3805184894889593
1780625945700142600,34.809142578125,-1.8480220683455466,-3.7888276343286034,1.8575690643697975
1780625945710137600,34.8191376953125,-1.4723323141872882,-2.177420611450076,1.7746601872757075
1780625945720132600,34.82913256835938,-1.479708395913243,-0.5348870672933757,-0.12129910576492547
1780625945730127600,34.83912768554688,-1.2608230684041977,1.202958616195619,-2.544132693904638
1780625945740122600,34.84912255859375,-0.8535597798526287,2.5838661538779735,-4.324805857859552
1780625945750117600,34.85911767578125,0.2976122427433729,3.1538042224168774,-5.485902769881487
1780625945760112600,34.86911254882813,0.45088381909132,2.473265844520926,-5.07115643209815
1780625945770107400,34.879107421875,0.012072715109586714,1.2369897728741168,-2.393134615446627
1780625945780102400,34.88910229492188,-0.5446013827085495,0.36236426250860093,-0.2642705296337604
1780625945790097400,34.89909741210938,-1.3118968375593423,-0.6383041871480644,0.725017278830707
1780625945800092400,34.90909252929688,-1.4534078334867953,-0.9670958504006266,1.0415262374848127
1780625945810087400,34.91908740234375,-1.5671826812267302,-0.08587327985763549,-0.5919114154160022
1780625945820082400,34.92908251953125,-2.3487036453068253,0.020744243473559618,-3.621132688091695
1780625945830077400,34.93907739257813,-4.274275401800871,-1.0529584627337754,-5.600023070058226
1780625945840072700,34.94907275390625,-5.319830164149403,-0.8642376796029507,-4.5699680746585125
1780625945850067700,34.95906762695312,-4.713566398254037,-2.271779833971709,-3.775831374633312
1780625945860062700,34.96906274414062,-3.6881507530927657,-4.175455546608567,-2.7247096258074044
1780625945870057500,34.97905737304688,-3.952020885232091,-5.103440745109319,-0.3582975975915789
1780625945880051700,34.9890517578125,-3.694163145250082,-4.767631165918708,2.0876395104989407
1780625945890046700,34.999046630859375,-3.8406747259438037,-3.9236195511341094,3.516616374823451
1780625945900041500,35.00904150390625,-4.761122514677047,-2.78292391436696,3.7260868082553147
1780625945910036500,35.019036376953125,-3.7429356517255306,-1.8977356550633906,2.601623344364762
1780625945920031500,35.029031494140625,-2.3494436500191687,-1.4169728305369615,1.6555186979360879
1780625945930026500,35.039026611328126,-1.2154478031516074,-1.4249439555466175,1.4465388245001434
1780625945940021500,35.049021484375,-1.0080360558152197,-1.757296380020678,2.3770168627299366
1780625945950016500,35.0590166015625,-0.7739876459658146,-2.0270979480355975,3.834866331925988
1780625945960011500,35.069011474609376,-1.65439100908041,-3.221915051090717,5.337502014440298
1780625945970006500,35.079006591796876,-3.3922283631324768,-3.6989015719488263,5.199193029424547
1780625945980001500,35.08900146484375,-5.514190122210979,-2.2783844929337502,2.017184749047458
1780625945989996500,35.09899658203125,-7.952090638840198,0.16438392199277876,0.24702391901761292
1780625945999991300,35.1089912109375,0.06757014592587947,2.228425407022238,2.764364175325632
1780625946009986300,35.118986328125,7.744702856901288,2.4455662289515137,6.589434504902362
1780625946019981600,35.12898168945313,2.6187434059917925,1.8507570462673901,6.926555751213431
1780625946029976600,35.1389765625,-1.9710230095922945,0.9995411991924047,5.677256531864404
1780625946039971600,35.1489716796875,-1.3186030571997165,0.12723930946886539,5.538361271393299
1780625946049966600,35.15896655273438,-1.4170026411533354,0.015287000980973242,4.726614972658455
1780625946059961600,35.16896166992188,-1.2988812886416912,1.2328706471174955,4.237608928182721
1780625946069956600,35.17895654296875,3.257490222340822,1.6978934661984442,3.750045775991678
1780625946079951600,35.18895166015625,6.78882661191225,0.6899000804811716,2.0770915207386014
1780625946089946600,35.19894653320313,2.5128262860149144,1.4182932654857634,-1.4461504097044466
1780625946099941400,35.20894140625,-1.1376058540582656,4.712305000016093,-4.054201449029147
1780625946109936400,35.21893627929688,1.983978352755308,7.853389441591501,-4.328211574649811
1780625946119931400,35.22893139648438,6.583170768332481,9.425476845994591,-3.6605259563252326
1780625946129926400,35.23892651367188,9.399746192410587,9.584077508410811,-2.6059885538369416
1780625946139921400,35.24892138671875,8.253405827754735,8.739765449374914,-0.5469111574882641
1780625946149916400,35.25891650390625,5.751774889492988,7.0317369581311935,0.6480355267632752
1780625946159911700,35.26891162109375,3.6695997818797825,5.31621840339303,0.7439978005673736
1780625946169906700,35.27890673828125,1.7481950819373129,3.0691403183490036,0.8820789681766181
1780625946179901700,35.28890161132812,0.40816929748058317,0.524340684968233,0.5001161616308615
1780625946189896700,35.29889672851562,-0.2016179663658142,-0.8290729888498782,-0.2350929869988933
1780625946199891500,35.30889135742188,-1.256756549617648,-0.3986591263353824,-1.3750016746394336
1780625946209886500,35.31888647460938,-2.0589993992090223,0.5368570521920919,-2.474083298383653
1780625946219881500,35.32888159179687,-1.587785908794403,1.1489543465465306,-2.2641509465284644
1780625946229876500,35.33887646484375,-1.3178349954366684,1.484348915195465,-0.5113733591064811
1780625946239871500,35.34887158203125,-1.3649240788698196,0.9852326878547668,1.6160013649314642
1780625946249866500,35.35886645507812,-1.2996657170176504,0.07144377248883246,2.266912958587706
1780625946259861500,35.36886157226562,-1.0427239228367804,-0.3600146306425333,1.7371221915200352
1780625946269856500,35.3788564453125,-0.4408674519896507,-0.5198413277223706,0.5135641836816445
1780625946279851500,35.3888515625,-0.29198972668647766,-0.4200704554155469,-0.4535773324916139
1780625946289846500,35.39884643554687,-0.3424585156857967,-0.002817395508289337,-0.9009155513979494
1780625946299841300,35.40884130859375,-0.5716717604637146,0.7628475355312228,-1.037393521594256
1780625946309836500,35.41883642578125,-0.524963785302639,1.3230308105140924,-0.5583890485098585
1780625946319831600,35.42883154296875,-0.5392623597681522,1.9864155167743562,0.3489892691614106
1780625946329826600,35.43882666015625,0.6236719968140125,2.4329011009067294,0.7061199783980846
1780625946339821600,35.44882153320312,1.8176771989643572,2.5458316067770124,0.7595254053711891
1780625946349816600,35.458816650390624,2.01940973162055,2.2817054540500044,0.451355491723679
1780625946359811600,35.4688115234375,0.6172808344721794,1.9335697695106266,-0.4286380119483918
1780625946369806600,35.478806640625,-1.030999582773447,1.9397057880476116,-0.9582581716895103
1780625946379801600,35.48880151367187,-0.6305167481422423,2.7421672488257287,-0.9123509915173054
1780625946389796600,35.498796630859374,-0.03633855683803558,3.9696629249066113,-0.8958581949431449
1780625946399791400,35.50879125976562,-1.9411404970258472,3.951434025254845,-1.1241486988529563
1780625946409786400,35.51878637695312,-6.348609148263931,1.9429168590486048,-2.505674368433654
1780625946419781400,35.528781494140624,-9.648806877952813,-1.0274714086472987,-3.4112247400254008
1780625946429776400,35.5387763671875,-10.902268477678298,-3.6852588310435412,-3.774227738828957
1780625946439771400,35.548771484375,-9.393433940523863,-4.264135700580478,-4.3888411076575515
1780625946449766700,35.5587666015625,-6.037912383019924,-4.294743604812026,-5.9262739627867935
1780625946459761700,35.56876171875,-4.784379471623898,-2.99182385443449,-5.731242973595857
1780625946469756700,35.578756591796875,-3.947594300961494,-0.4807163550361991,-4.729352288667857
1780625946479751700,35.588751708984375,-3.2515923964738844,0.8491448860198259,-3.6495845833331346
1780625946489746700,35.59874658203125,-3.2403912035018205,0.6061152973353863,-2.6307398409947753
1780625946499741400,35.608741455078125,-2.1905215005636216,-0.647824733556807,-1.4330571193754673
1780625946509736400,35.618736328125,-1.4203279861837625,-1.8813018221348523,1.5070038145959377
1780625946519731500,35.6287314453125,-6.214029997426271,-2.76714649952054,3.2681834657907483
1780625946529726500,35.6387265625,-7.693670004278421,-2.47874164558351,2.130602015521377
1780625946539721500,35.648721435546875,-4.474607420009375,-0.9016206309273839,1.6604145071536303
1780625946549716500,35.658716552734376,-0.7874971158802508,0.17986410745829343,3.088318773810565
1780625946559711500,35.66871142578125,0.046188919723033905,-0.019291560447216034,4.228822395136953
1780625946569706500,35.67870654296875,-2.026432177603245,-0.9461953934520483,3.800481247243285
1780625946579701500,35.688701416015626,-3.118224374991655,-2.0340344693005084,2.1549359540499746
1780625946589696500,35.698696533203126,-2.654354817599058,-2.7266084451660513,1.813772592741251
1780625946599691500,35.70869140625,-1.828364012673497,-1.688397031317651,2.4591060940042135
1780625946609686500,35.7186865234375,-3.055299424523115,1.9522171868354081,0.6331940045274794
1780625946619681500,35.728681640625,0.414866749292612,1.8002318509057162,2.436600247685611
1780625946629676500,35.73867651367188,1.3735346708267926,0.45942105355113744,3.973859792074561
1780625946639671600,35.74867163085938,1.0842653090149164,-1.418368668809533,0.5894785622458905
1780625946649666600,35.75866650390625,8.294254555493593,-2.934133882009983,-2.8019544857904313
1780625946659661600,35.76866162109375,14.172544531834125,0.7926999452203511,-1.9856135527417063
1780625946669655600,35.77865551757812,7.847188833385705,7.680771944260597,1.2068044049035758
1780625946679651600,35.78865161132813,-1.7698223918557165,8.687374752402306,1.3134046117737888
1780625946689646600,35.798646484375,-1.7014695711195469,7.7541230116754765,0.04493102861642837
1780625946699640600,35.808640625,8.612148538765311,9.624780690199136,-0.508600752587989
1780625946709635600,35.81863549804687,11.884757419782876,10.145382773160934,-0.5486929263385012
1780625946719630600,35.828630615234374,2.4635879155933855,8.560380357605219,-0.5216857865452766
1780625946729625300,35.83862524414062,-2.822005632433295,5.708856369742751,0.12595164427850394
1780625946739620400,35.84862036132812,-2.324894315174222,2.484451255401969,0.2529100361804478
1780625946749615400,35.858615478515624,1.1299293280810117,0.1440606804102659,0.7892235743466764
1780625946759610400,35.8686103515625,1.6586065809488295,-1.0303621616527439,1.430430716394633
1780625946769605400,35.87860546875,-2.139877354997396,-1.332526368612051,1.2006338995750994
1780625946779600400,35.888600341796874,-5.36573325266838,-1.4421967036426067,0.5860614107461646
1780625946789595400,35.898595458984374,-6.911309666764736,-2.6429925888463854,-1.3389030640371142
1780625946799590400,35.90859033203125,-6.457562859457731,-3.8546602889373895,-2.2841426180690525
1780625946809585400,35.91858544921875,-5.363882656365632,-4.228362376409769,-2.0344922960706056
1780625946819580400,35.928580322265624,-3.7074201017081734,-4.370455556139349,-2.468831369204819
1780625946829575400,35.938575439453125,-1.7903543077528477,-3.1992160202875732,-1.8268118147954344
1780625946839570200,35.94857006835937,-0.0694599051952362,-0.7151599016830325,-0.12133717275299132
1780625946849565200,35.958565185546874,0.627619273135066,1.8325182097434995,0.3498481510130688
1780625946859560200,35.968560302734375,0.9022446080446243,3.385112978169322,-0.3746506934341043
1780625946869555200,35.97855517578125,1.3900345547288655,5.525880560004711,0.32934155222028494
1780625946879550500,35.988550537109376,0.32375264617204663,5.007786075949668,-2.0018528860114513
1780625946889545500,35.99854541015625,-0.22264614134728908,2.1348750166654584,-3.5218268029481172
1780625946899540500,36.00854052734375,-0.5572159496098756,-0.03929273046851158,-3.6554295099690552
1780625946909535500,36.018535400390626,0.1436421627372503,-0.8058841287031769,-3.236378460729122
1780625946919530500,36.028530517578126,-0.0803437027812004,-0.6594590572491288,-2.379257189002633
1780625946929525200,36.038525146484375,0.04431143541336059,-0.18219342718869447,-1.4264222114056349
1780625946939520300,36.048520263671875,-0.05796645127832889,-0.25110563537329433,-0.9293050489276647
1780625946949515300,36.058515380859376,-0.7576771471560001,-0.46057636106610295,-0.8042562352403998
1780625946959510300,36.06851025390625,-1.1561463038772344,-0.741229870223999,-0.7154720363721251
1780625946969505300,36.07850537109375,-1.2615993134737014,-0.8641314427495003,-0.6841586142197251
1780625946979500300,36.088500244140626,-0.9162608584374189,-0.531978047978878,-0.7773471855267882
1780625946989495300,36.098495361328126,-0.7692045033425092,0.4914543144106865,-1.08087362075001
1780625946999490300,36.108490234375,-0.9406465271532535,1.327608201432228,-1.2859860051028429
1780625947009485300,36.1184853515625,-1.4568927529931068,1.214141396728158,-1.3535282401084898
1780625947019480600,36.12848046875,-1.581414620196819,0.5324918427199125,-1.1698076033525169
1780625947029475300,36.13847534179688,-0.962721580839157,-0.4277344141721725,-1.2976567152827978
1780625947039470300,36.14847021484375,-0.2730734292924404,-1.0027905563771724,-0.9000847996622323
1780625947049465300,36.15846533203125,-0.12339023282527922,-2.2073919713437555,-2.0645150938905776
1780625947059460400,36.16846044921875,0.030003508597612378,-2.5248569155484435,-2.3003211610622705
1780625947069455400,36.17845532226563,0.8340981235355138,-1.4300591066032646,-1.6346983204863965
1780625947079450400,36.18845043945313,0.9253355607748031,-0.8272697388201952,-2.0433264676503837
1780625947089445400,36.1984453125,0.31811084089279174,-0.2515922498464584,-2.0953135522581636
1780625947099440400,36.2084404296875,-0.1608662692606449,0.41694589365422724,-1.7638477013602851
1780625947109435400,36.21843530273438,-0.6124141052186489,0.39685938343703747,-2.0808590565785763
1780625947119430400,36.22843041992188,-1.241530923435092,-0.11333411823511123,-1.866841773497313
1780625947129425400,36.23842529296875,-0.599532411813736,-0.2869575777381658,-0.395922102586925
1780625947139420200,36.24842016601563,0.4305564858555794,-0.0667021309196949,0.24167554372698066
1780625947149415200,36.25841528320313,0.7680991724491119,0.10161153173744678,0.1626633818104863
1780625947159410200,36.26841015625,0.08230302015542984,-0.5088543620228767,-0.7237653790734708
1780625947169405400,36.27840551757812,0.5762088193714618,-0.6191039582461119,-0.8612649474024772
1780625947179400400,36.288400390625,1.7426695965141057,-0.7299918523728847,-1.2160356860421597
1780625947189395500,36.2983955078125,1.685586942332983,-0.8121101636111736,-2.007538676562905
1780625947199390500,36.30839038085937,1.5092939713597298,0.09819441677033901,-1.7078733006820082
1780625947209385500,36.31838549804687,2.2006746457874775,-0.00010989011526107787,-1.276843498226255
1780625947219380500,36.32838037109375,3.6761575329601763,-1.5891636268883942,-1.043098747498542
1780625947229375500,36.33837548828125,3.9036581286013123,-2.3411931235462426,-1.0019716412097215
1780625947239370200,36.34837036132812,1.7602631208717823,-2.165087784099579,-1.1921068211831152
1780625947249365200,36.358365234375,-0.8586211548954248,-0.9407868124067783,-0.27145985661596056
1780625947259360300,36.3683603515625,0.14022563229203222,0.7965764943927526,-0.045687253811210395
1780625947269355300,36.37835522460937,1.865457187271118,1.4951017798781394,-0.8204299559280276
1780625947279350300,36.38835034179687,2.2315549372196197,2.1508786414831875,-0.06737199300527572
1780625947289345300,36.39834521484375,2.704816592335701,2.270915472227335,0.6467115116178989
1780625947299340300,36.40834033203125,0.3249503315240145,2.045319833424687,-1.2876719123631715
1780625947309335300,36.41833520507812,-0.17636194455623624,1.6325468415409325,-2.009741008912772
1780625947319330600,36.42833056640625,-0.2463385671019554,1.354227328288555,-2.09770775391832
1780625947329325300,36.4383251953125,-0.12706278385818004,0.8022288210660219,-1.3801561347931623
1780625947339320300,36.4483203125,-0.3708236094266176,-0.08394611118733883,-1.4077860461272298
1780625947349315300,36.4583154296875,-0.08444763096868992,-0.04030395333766937,-1.6503756359592079
1780625947359310300,36.46831030273437,2.04359900098145,0.3953279360860586,-1.9182048809878527
1780625947369305300,36.478305419921874,1.8918261387586592,1.021685810983181,-3.078440353874862
1780625947379300400,36.48830029296875,0.07661796025633812,2.235854680240154,-3.4794115565448998
1780625947389295400,36.49829541015625,-0.5954793370306491,1.9799755468547342,-2.466979019336402
1780625947399290400,36.508290283203124,-0.46193478993773457,1.363299108016491,-0.4145727347820997
1780625947409285400,36.518285400390624,-0.3347036637753248,1.124050206914544,1.7852634143546222
1780625947419280400,36.5282802734375,0.4379536103695631,0.5622668032586574,3.0674428667813536
1780625947429275400,36.538275390625,0.7374088506311178,0.4621031322419643,3.0232945129752156
1780625947439270100,36.548270263671874,0.4780851297497749,1.1711936508834362,2.056339678480476
1780625947449265200,36.55826513671875,0.8478478319466114,2.000059718984365,0.8088394713774323
1780625947459260400,36.568260498046875,1.1760714860528707,3.2044208954542874,0.01781162408776581
1780625947469254100,36.57825415039063,0.2784855174690485,4.172793049401045,-0.10899638129174709
1780625947479249200,36.58824926757813,-0.25985446675717827,5.391431757548451,-0.24005941376723347
1780625947489244400,36.59824438476563,2.2295558723568916,4.4122097082853315,-0.5324257552137598
1780625947499239400,36.60823950195312,-1.3713397911310194,3.627199733045697,0.7686315257601439
1780625947509234400,36.618234375,-0.49560441982746123,3.7031226967751976,3.442891797921061
1780625947519229400,36.6282294921875,0.8669692965239286,4.33781819190681,3.448506130671501
1780625947529224400,36.63822436523437,0.29732758058309555,3.5167367863327263,2.0112648574791847
1780625947539219500,36.64821948242187,-0.014137830945849418,3.220599292317033,1.7198229739338158
1780625947549214500,36.65821435546875,-0.12098609429299831,3.264071938818693,1.900962362024933
1780625947559209500,36.66820947265625,-0.22414543999433517,3.0366397322386502,2.104869754502177
1780625947569204200,36.67820434570312,0.10679039568006991,2.6560750655204055,1.7958811083503066
1780625947579199200,36.68819921875,0.783186851465702,1.7579180190503596,0.8342696076449007
1780625947589194200,36.6981943359375,1.3381915547668932,0.5607289261668921,-0.4431880769569427
1780625947599189200,36.70818920898437,0.8959738572120666,-0.03698562256991863,-1.833839083083719
1780625947609184300,36.71818432617187,0.7693857051283121,0.6514139902204275,-2.2702190143957734
1780625947619179300,36.72817919921875,0.24092004918456075,2.035014127987623,-1.7717422540023922
1780625947629174300,36.73817431640625,-0.6287053148061037,2.3954057752490043,-1.3890322458185256
1780625947639169500,36.74816943359375,-0.5218348396271467,2.1774685422450304,-1.179297462362051
1780625947649164500,36.75816455078125,-0.20177520275413988,1.8508926553457974,-0.4048415412973612
1780625947659159300,36.7681591796875,-1.0130015692681074,-0.6985200247883796,-1.314569125508517
1780625947669154300,36.778154296875,-1.3291484166115521,-1.7679302944988011,-2.2346910432882607
1780625947679149300,36.7881494140625,-1.1225193440854548,-1.9651871430456638,-3.186441002127528
1780625947689144300,36.79814428710937,-0.08383008359223604,-2.354620175874233,-3.9827953782021996
1780625947699139300,36.808139404296874,0.7522422626256943,-2.9244249734222887,-4.514498116371035
1780625947709134300,36.81813427734375,0.8502268360376357,-3.2426737614810466,-4.9375867505639786
1780625947719129300,36.82812939453125,0.3662111471951008,-3.0986803010880943,-5.134303500884771
1780625947729124400,36.838124267578124,-0.25744126813560725,-3.642520636296272,-5.184338574641942
1780625947739119400,36.848119384765624,-0.5819195982336998,-5.352973724338412,-4.268872665974498
1780625947749114400,36.8581142578125,-1.4231108949005602,-5.0410781046986575,-2.734624870622158
1780625947759109400,36.868109375,-4.377788383245468,-1.508127850189805,-0.9110062989100813
1780625947769104100,36.878104248046874,-8.3484023252666,4.220664223122596,3.079617288699746
1780625947779099600,36.888099609375,-6.343833604425192,5.6824856646895405,6.96947193287611
1780625947789094700,36.8980947265625,0.7454504105284809,3.530044596195221,10.221364773601293
1780625947799089700,36.908089599609376,-2.6221193121656774,-1.034627125620842,10.462210003983975
1780625947809084700,36.918084716796876,-5.797298623305559,-3.8274019873946905,8.45302823638916
1780625947819079700,36.92807958984375,0.5992158932104706,-2.2884522979617117,7.366155375224351
1780625947829074700,36.93807470703125,3.178975196291506,-1.3091793952941895,5.241315430361032
1780625947839069700,36.948069580078126,3.329942295089364,-1.9441876096367834,2.6298759176418183
1780625947849064700,36.95806469726563,1.07942839037776,-2.7576433426380156,-0.16615969949364662
1780625947859059500,36.9680595703125,-1.404203949856758,-2.4486639027059076,-2.1859625220850107
1780625947869054500,36.978054443359376,-2.6561782336339355,-2.0596932266920804,-2.372961011467874
1780625947879049500,36.98804956054688,-4.016324430577456,-2.2661112868160007,-1.042038278660178
1780625947889044500,36.99804443359375,-4.761508006863296,-1.359406776753068,-0.03664747665673494
1780625947899039500,37.00803955078125,-2.983647562241554,0.08940028494000435,0.10385054283589124
1780625947909034500,37.01803442382813,-0.8861505284644663,0.8319856614261865,-0.3427054761841893
1780625947919029800,37.02802978515625,-0.7231295653879642,0.2299555875778198,-1.0190881957054139
1780625947929024800,37.03802465820313,-1.9407237329185008,0.2965747163891792,-1.5996180931463837
1780625947939019800,37.04801977539063,-2.1860591143272816,0.890212224945426,-1.4656699336886405
1780625947949014800,37.05801489257812,-1.7766881859719752,0.38158407289385793,-1.8298831850647925
1780625947959009500,37.06800952148438,-2.6108488533496854,0.14433891282975672,-2.7642425947725773
1780625947969004500,37.07800463867188,-2.3658114319741723,-0.15464228017926215,-3.80635598449558
1780625947978999600,37.08799951171875,-2.7630259124591947,-0.9325918155133723,-4.540510509505868
1780625947988994600,37.09799462890625,-2.403764730532467,-1.981677090075612,-3.819668762794137
1780625947998989600,37.10798950195313,-0.776836605656147,-3.2848511074751614,-2.620413677291572
1780625948008984600,37.11798461914063,0.05339958175420761,-4.05094186271131,-1.5171797561734914
1780625948018979600,37.1279794921875,0.37148134268298744,-4.408611391532421,0.18986907638311384
1780625948028974600,37.137974609375,-0.2139620457626879,-3.516864796626568,1.5788851017192005
1780625948038969600,37.14796948242188,-1.0396366243459283,-2.1974352254748344,1.9652870962888
1780625948048964600,37.15796459960937,-2.058049989529699,-0.8966682692170143,1.529562267884612
1780625948058959400,37.16795947265625,-2.2426538388609885,0.5341133064419031,1.247507952018082
1780625948068954600,37.17795458984375,-2.491220603406429,1.9601707761883735,-0.09299187969118357
1780625948078949600,37.18794970703125,-2.3687105144165455,2.980270194762945,-2.23866038531065
1780625948088944600,37.19794458007812,-1.706291876709461,3.4898709912389516,-4.086884405969083
1780625948098939600,37.20793969726562,-0.8717252588793635,3.688129710304737,-4.95168249593377
1780625948108934700,37.2179345703125,0.009297405177354811,3.36102015492022,-4.858850190718472
1780625948118929700,37.2279296875,1.3833157678678631,2.2930454709708687,-3.746879713176191
1780625948128924700,37.23792456054687,1.9253171972110867,1.2909469885110854,-2.5121292436614633
1780625948138919700,37.24791967773437,1.5138193398296833,0.8899088580846786,-1.6397715320974589
1780625948148914700,37.257914794921874,0.6737588007584214,0.3588578618228435,-1.2861382730551063
1780625948158909400,37.26790942382812,-0.3198550542116165,1.110868653780222,-1.0768526946708559
1780625948168904400,37.27790454101562,1.7412987465523182,1.6955717452526091,-0.6698068482622503
1780625948178899500,37.2878994140625,5.581782479968667,1.7128040350824594,0.058224809953570364
1780625948188894500,37.29789453125,6.461072328883409,1.009296285009384,0.4378694392174482
1780625948198889500,37.30788940429687,4.104661470200121,-1.97050921485126,0.514593344066292
1780625948208884700,37.317884765625,1.7894361699946224,-3.5461341457307336,0.07717544800862669
1780625948218879700,37.327879638671874,1.6210867053717375,-3.30273864634335,-0.3567665886320174
1780625948228874800,37.337874755859374,4.596044765201211,-2.597693603700399,-2.4074592011362315
1780625948238869800,37.347869873046875,3.2032769861161707,-1.2816554285526276,-8.917553627341984
1780625948248864800,37.35786474609375,2.4429995933338997,-1.765330341133475,-5.097124401569366
1780625948258859500,37.367859619140624,2.185917513899505,0.853131909829378,-0.1643875752545893
1780625948268853800,37.37785375976563,-1.6157858224846422,-0.31568215244114395,1.926580202884227
1780625948278848800,37.38784887695312,-4.5950729975596065,-2.781503526175022,3.177811120948195
1780625948288843500,37.39784350585938,-2.4293127210259438,-3.5930619011223315,4.897241880694032
1780625948298838500,37.40783862304688,5.388326192748546,-3.0144477741748092,6.574113017129898
1780625948308833500,37.41783349609375,8.598846574121714,-1.5779297006905078,6.490898142826556
1780625948318828500,37.42782861328125,1.181195989459753,-0.8174953637808561,4.556873323024809
1780625948328823600,37.43782348632813,-1.2812148451782763,-0.022370237240195275,3.0983766419664023
1780625948338818600,37.44781860351563,-1.9198295595802366,-0.4919003046125173,2.2339374484419823
1780625948348813600,37.4578134765625,-0.6703487000539898,-3.0987030974417924,1.922853875837475
1780625948358808600,37.46780859375,1.0371475840091704,-4.3732390493780375,1.8517948648825286
1780625948368803600,37.47780346679688,1.1434813219629227,-3.737054192471504,1.718506046116352
1780625948378798600,37.48779858398437,1.062445399133861,-3.1690643353909254,2.436931963858008
1780625948388793600,37.49779370117187,-0.2065199130631983,-2.422156419530511,3.5290751666411757
1780625948398788600,37.50778857421875,-1.3994718067683278,-1.4874264229446648,3.853846342206001
1780625948408783600,37.51778369140625,-2.016725753233582,-0.9632686933279037,3.302528802984953
1780625948418778600,37.52777856445312,-2.2056872132524847,-0.5763087726145982,1.992364342176169
1780625948428773600,37.53777368164062,-2.01538120675683,-0.11800795526504516,0.24483455574717372
1780625948438768600,37.5477685546875,-1.6042542285144328,-0.7072761626958847,-1.3477033333472908
1780625948448763600,37.557763671875,-0.7397694422826171,-1.50957278830111,-1.9279007839635014
1780625948458758700,37.56775854492187,0.08361118014454841,-1.7944366086304187,-2.213616398816556
1780625948468753700,37.57775366210937,1.0424772545993328,-1.7743343163222074,-2.3293268907941878
1780625948478748700,37.587748779296874,1.6871522919535635,-2.7408804238855837,-2.0115686627313494
1780625948488743400,37.59774340820312,2.1815470437303186,-2.659953952780366,-2.7746877086803314
1780625948498738400,37.60773852539062,2.5181463119938967,-1.119205104970932,-4.531202875195444
1780625948508733400,37.6177333984375,2.0265689557254314,4.976176301199198,-7.748164980053901
1780625948518728400,37.627728515625,-1.085373854778707,1.7995166883736848,-9.100156512114404
1780625948528723700,37.6377236328125,-2.91289703271389,-0.08396598493158816,-7.463916076752543
1780625948538718700,37.64771875,-2.631174725280702,1.976587657982111,-5.339551348185539
1780625948548713700,37.657713623046874,-1.3190905484557152,2.3081547772973776,-3.44624256965369
1780625948558708700,37.667708740234374,-1.2581412819743156,1.515231544715166,-2.309055379398912
1780625948568703700,37.677703857421875,-2.204186599431187,-0.4375239867806434,-1.4871306548684835
1780625948578698800,37.68769873046875,-1.9886346541285513,-0.4750619825363159,-1.181862782805413
1780625948588693500,37.697693603515624,-1.497193199199438,0.7813140433311462,-1.0955248080454767
1780625948598688500,37.7076884765625,-1.0382442201394586,3.2850743948370216,-0.44693128207325933
1780625948608683500,37.71768359375,0.867802240216732,5.813194696095586,0.027478666295111177
1780625948618678500,37.727678466796874,5.779801545059681,8.1264821601063,-0.42884880515486
1780625948628673500,37.737673583984375,10.380535929381846,9.8771830873847,-2.092804199785739
1780625948638668500,37.74766845703125,11.048926188844442,9.599802316287159,-4.152705954661965
1780625948648663600,37.75766357421875,7.416012754327058,7.56959295823276,-5.0678492072463035
1780625948658658600,37.767658447265624,2.231688208210468,5.941059443986416,-4.105485353803634
1780625948668653600,37.777653564453125,-1.0640683241605757,5.001313080543279,-2.2221894352421163
1780625948678648800,37.78764892578125,-1.6358464676082134,4.397071175864339,-0.13508841553404927
1780625948688643600,37.7976435546875,-0.6319745457351207,3.5160376981526613,1.6250355891279875
1780625948698638600,37.807638671875,0.8801753995776176,2.5948475666195154,2.4084216164276
1780625948708633600,37.817633544921875,2.2803660221397877,2.111902721878886,2.612531399609148
1780625948718628600,37.827628662109376,2.254722462317347,3.0924791083604095,2.527650053398311
1780625948728623600,37.83762353515625,2.1395114442944525,3.6907507064580916,2.561433080534637
1780625948738618600,37.84761865234375,0.10615618942975998,3.1679321164906025,1.9008701536968349
1780625948748613600,37.857613525390626,-0.3677736472714692,3.282785407117009,1.193721416772902
1780625948758608600,37.867608642578126,-1.281558982440829,2.336056345179677,0.07332007405499462
1780625948768603600,37.87760375976563,-6.3120946503371,-0.01881283701956272,-1.1402958968598396
1780625948778599700,37.887599609375,-7.734782935911417,-0.5899018291592598,-2.480465400636196
1780625948788595000,37.897594970703125,-4.585742566895485,-0.3073416095972061,-1.8008324471473693
1780625948798590000,37.90758984375,0.6492115117400884,0.9641478142499923,-0.11890081245154141
1780625948808585000,37.9175849609375,3.6062639125227927,0.9342308148920535,0.8059171541899443
1780625948818580000,37.927580078125,4.675455571046471,1.452291396677494,1.123851907863468
1780625948828575000,37.937574951171875,-0.6379679409310222,1.6433832928538321,-0.151350837418437
1780625948838570000,37.947570068359376,1.163500758293271,0.7817045039534568,0.4719809676557779
1780625948848564700,37.957564697265624,-0.7276882516056299,2.411519290181994,0.5505411480210721
1780625948858559700,37.967559814453125,-1.0484925693660974,2.6720027024924753,0.9744742702141403
1780625948868554800,37.9775546875,2.5008392033621667,2.589562904214859,2.483063015913963
1780625948878549800,37.9875498046875,5.639933640164137,2.93710442225337,4.118525744901597
1780625948888544800,37.997544677734375,3.9378415532320736,3.974200568336248,5.147278133270144
1780625948898539800,38.007539794921875,0.2369911853030324,3.952216115543246,6.092524847695231
1780625948908534800,38.01753466796875,2.140511853508651,2.5906267340540885,4.912209732723236
1780625948918529800,38.02752978515625,4.435407043999433,1.1645119811624287,0.22085765049532055
1780625948928524800,38.03752490234375,3.272296161806583,-0.3183709531337023,-3.2447587510615583
1780625948938520000,38.04752001953125,2.1608932550191877,-1.1609598416388034,-3.7894548263162373
1780625948948514800,38.057514892578126,1.1250456476926802,-1.965242672625184,-3.3131048497959967
1780625948958509800,38.067509765625,0.2314367660462856,-2.1153075618863104,-3.3972155038952825
1780625948968504800,38.0775048828125,-1.1978805822789669,-2.9048353068113326,-3.624562370279431
1780625948978499800,38.087499755859376,-1.709990146705508,-4.598387528935074,-3.3200615370661017
1780625948988494800,38.09749487304688,-1.3614865056365728,-4.2069881644696,-3.378294530326128
1780625948998489900,38.10748974609375,-3.482512445169687,-2.907242367953062,-3.3689889418423173
1780625949008484900,38.11748486328125,-2.658644039225578,-2.040355489015579,-3.0873619114771484
1780625949018479900,38.12747998046875,-1.860878627309203,-1.8175141173571348,-2.759687707947194
1780625949028475000,38.13747485351563,-1.9621832850545644,-1.4487357500225304,-2.8828844640269873
1780625949038470000,38.14746997070313,-0.20035598360598086,-2.171373732501268,-3.1737966246098277
1780625949048465000,38.15746484375,1.070931195667386,-3.1912168382272124,-3.721854285252094
1780625949058459600,38.16745971679688,1.3806892187565565,-3.1355829215496778,-4.505256533034146
1780625949068454700,38.17745458984375,1.223212591934204,-2.916520191647112,-4.77842494713366
1780625949078450000,38.18744995117188,1.0627098952889442,-2.3153873588994145,-4.4420632870182395
1780625949088445000,38.19744482421875,1.2143582543492317,-1.9245432902291415,-3.5219694262892007
1780625949098440000,38.20743994140625,1.4355319850564001,-1.1970990765124558,-2.329194350455701
1780625949108435000,38.21743505859375,1.3131798631072045,0.2335354918912053,-1.003179628759995
1780625949118430000,38.22742993164063,0.8024024240672588,1.624582146272063,0.26157716236393896
1780625949128425000,38.23742504882812,0.3957838631600141,2.532655898861587,1.2451555436730384
1780625949138420000,38.247419921875,-0.1479249546229839,2.828658660581708,1.6811533437997102
1780625949148415000,38.2574150390625,-0.3544020514577627,2.7167279794037342,1.4172820426166057
1780625949158409700,38.26740966796875,-0.40519466558396816,2.5822709936410186,1.1386191227540372
1780625949168404700,38.27740478515625,-0.7079004320740699,2.0304038577131927,1.1450624536745249
1780625949178399700,38.28739965820313,-0.35993864279687404,1.9103686344042419,1.3603187770314513
1780625949188394800,38.29739477539062,0.5378291120946407,2.2570808620117604,1.5004507396906615
1780625949198389800,38.3073896484375,1.643566248205304,2.7433237253844736,1.2639169427663086
1780625949208384800,38.317384765625,2.601024793949723,2.9227596705585714,0.6743548669554292
1780625949218379800,38.3273798828125,3.0738550719112157,2.371123859168589,0.050476680044829844
1780625949228375000,38.337375,3.4106583383142945,1.1217701331533492,-0.6706470984786749
1780625949238370000,38.3473701171875,3.6832255716502664,0.17889049491947515,-1.377966808055341
1780625949248364800,38.35736474609375,3.354636591362953,-0.7371374863438308,-1.5514067276850343
1780625949258359800,38.36735986328125,2.85638720998466,-1.8229386266238987,-1.2472177368998527
1780625949268354800,38.37735473632812,4.384207602638006,-2.1220254719644784,-0.6767606129229068
1780625949278349800,38.38734985351562,9.250120279088616,-2.1384556516312063,0.6449532697737217
1780625949288344800,38.3973447265625,6.228529647421836,-1.8624505528010427,0.05491992318928241
1780625949298339800,38.40733984375,1.4189590359181166,-2.403340367640555,-1.8285791167289018
1780625949308334800,38.4173349609375,0.6422171228080987,-2.8750919104546306,-2.8190958824664354
1780625949318329900,38.42732983398437,0.943683702892065,-3.087575261966884,-3.4055893644869326
1780625949328324900,38.437324951171874,1.48652158305943,-3.216751384717226,-3.6612574854701756
1780625949338320000,38.44731982421875,0.6137947459220886,-3.3205800079822536,-3.5179759727388618
1780625949348315000,38.45731494140625,-0.3643132046192884,-2.86046220433861,-3.9249434932142493
1780625949358309600,38.4673095703125,-0.9679612350583076,-1.7968891163490712,-4.174915448382497
1780625949368305000,38.477304931640624,-2.0494909816294906,-1.5835336581774055,-4.126613482028246
1780625949378300000,38.4872998046875,-3.498484505805373,-1.5670781979389488,-4.370597302697599
1780625949388295000,38.497294921875,-4.818110476312041,-0.609341419775039,-4.681590712800622
1780625949398290000,38.5072900390625,-5.415420535901188,0.23358769700247792,-4.601625195682049
1780625949408285000,38.517284912109375,-5.276521183776855,0.6977335505858063,-4.6297941823288795
1780625949418280000,38.527280029296875,-4.102564497920871,0.9067497374441474,-4.596575511077046
1780625949428275000,38.53727490234375,-2.3565572814166544,0.7415512841980904,-4.631899045653641
1780625949438270000,38.54727001953125,-0.24509411999881267,1.5578297464698552,-4.625387179541588
1780625949448265000,38.557264892578125,-1.6854811438709496,0.4165877643989399,-4.210518092161417
1780625949458259700,38.567259765625,-3.780445590430498,0.5458431994631886,-3.492991753607988
1780625949468254700,38.577254638671874,-3.607095102649927,2.0538293030947448,-2.5873665632143616
1780625949478249700,38.587249755859375,-2.6317221300303935,2.653312615069747,-2.174448025380075
1780625949488244700,38.59724462890625,-1.6838070731788872,2.65240163770467,-1.8585557373195885
1780625949498239700,38.60723974609375,-0.6318804377108812,2.5618174036771055,-1.526140184481442
1780625949508234800,38.61723486328125,-0.0031008886247873304,2.2447322525702416,-1.5185872848838566
1780625949518230000,38.62722998046875,0.40517362279593944,2.225643228957802,-1.7160761886209248
1780625949528225000,38.63722509765625,0.4886410105556249,1.9144282850585876,-1.9100985852912067
1780625949538220000,38.64721997070313,0.03779635443091392,1.5876118674017488,-2.1649147656202317
1780625949548215000,38.65721508789063,-0.461527378180623,1.2928371861718595,-2.317395629981905
1780625949558209800,38.667209716796876,-1.0074421815752983,0.7784878799945115,-2.5193796531811357
1780625949568204800,38.677204833984376,-1.158631106430292,0.6300101137943566,-2.9602900675296784
1780625949578199800,38.68719970703125,-1.0738117195397614,0.7798515695631504,-3.4749580842673775
1780625949588194800,38.69719482421875,-1.164317335373163,0.8393434768430889,-3.824883282572031
1780625949598189800,38.70718994140625,-1.5929150883764027,1.0232463382981718,-3.6582124186858533
1780625949608184800,38.71718481445313,-2.263720007765293,0.7543009487211704,-2.6999031013309955
1780625949618179800,38.72717993164063,-2.2184552171498537,0.6523530246362089,-2.3385844023525713
1780625949628174800,38.7371748046875,-1.6102689587593078,0.909732187321037,-2.41948135510236
1780625949638169900,38.747169921875,-0.5988672259032726,1.1371747691646217,-2.0187381159693003
1780625949648164900,38.75716479492188,0.5178168361574411,1.4203537051469086,-1.4599072785086928
1780625949658159600,38.76715966796875,1.3578694841831922,1.7079533801808953,-0.9193104552663862
1780625949668155000,38.77715478515625,1.6043383996665477,1.9264719202041625,-0.447016768399626
1780625949678150000,38.78714990234375,1.1884721179425715,2.352799974709749,-0.10686141508966683
1780625949688145000,38.79714477539063,0.3409767526954412,2.989921527944505,0.40015316428542136
1780625949698140000,38.80713989257813,-0.24379706592559813,3.5492750741049646,1.1974283084668218
1780625949708135000,38.81713500976562,-0.06203881528377533,3.673951839609444,1.5180126998662948
1780625949718130000,38.8271298828125,0.7366086401641369,2.9369936553552747,1.1875013732142745
1780625949728125000,38.837125,1.6392559837907552,1.842508273360133,0.8861630956850945
1780625949738120000,38.84711987304688,1.8346365170717238,1.5017317194119095,1.4660136325597761
1780625949748115000,38.85711499023437,2.1553531565487383,1.5451719249486922,1.7051317468889056
1780625949758109700,38.86710961914063,1.791961158427596,0.5224374816954136,0.8891912113346159
1780625949768104700,38.87710473632813,0.8471686175107955,-0.48766135186851023,0.024437106642127036
1780625949778099000,38.887098876953125,0.18853169029951095,-0.899158624728024,-0.5582184046506882
1780625949788093700,38.89709375,-0.02407002689540386,-1.0275608404964207,-0.8462002108700573
1780625949798088700,38.907088623046874,0.00552431637942791,-1.4321402967914938,-0.8094190248310565
1780625949808083700,38.917083740234375,0.05764671780467033,-1.7768068439155815,-0.5724339770078659
1780625949818078700,38.92707861328125,-0.10568331122100352,-1.4701386035352944,-0.4615528048828244
1780625949828073700,38.93707373046875,-0.4389630796730518,-0.7966814160719513,-0.4751470304712653
1780625949838068700,38.94706884765625,-0.4852858549088239,-0.21991817768812177,-0.4265001962020993
1780625949848063700,38.957063720703125,-0.17447510789632797,-0.02480038699656725,-0.2789785616829991
1780625949858058800,38.967058837890626,0.0416273108959198,-0.0528399020448327,-0.26483181677833195
1780625949868053800,38.9770537109375,0.11148761358559131,-0.21394553301930427,-0.42284839569628235
1780625949878048800,38.987048828125,0.028198505002260208,-0.2881891653597355,-0.422222372752428
1780625949888043500,38.99704345703125,-0.24634032066762446,-0.2610474759340286,-0.269587486872822
1780625949898038500,39.00703857421875,-0.3956038304179907,-0.08021306213885546,-0.27828999489694833
1780625949908033500,39.017033447265625,-0.4894365448474884,-0.002850713256001472,-0.5155171809129416
1780625949918028800,39.02702880859375,-0.5790343981862068,-0.13109627715796232,-0.8385496961168944
1780625949928023800,39.03702392578125,-0.3485036410689354,-0.20096680898070335,-0.9285117065928876
1780625949938018800,39.04701879882813,0.033821021059155465,-0.285010243062675,-0.8478728202573954
1780625949948013800,39.05701391601563,0.33182781607806683,-0.30863135714679957,-0.5337956187948584
1780625949958008800,39.0670087890625,0.38953824676871296,-0.1837187370598316,-0.2374618715547025
1780625949968003800,39.07700390625,0.07148878067433834,0.015415888057649135,-0.200961840544641
1780625949977998800,39.08699877929688,-0.425243766400218,0.1994146111026406,-0.3599978256382048
1780625949987993600,39.09699365234375,-0.9923574251681566,0.32711277025491,-0.5121345527373254
1780625949997988600,39.106988525390626,-1.4153618882089853,0.447836414219439,-0.721548433676362
1780625950007983600,39.11698364257813,-1.0058809236079453,0.5161480261623859,-0.9282501330472528
1780625950017978600,39.126978515625,-0.4009913686752319,0.30127310333847995,-1.0206951925106347
1780625950027973600,39.1369736328125,0.20174422309398649,-0.028951369196176528,-1.0948219204731284
1780625950037970000,39.146969970703125,0.11975509119331836,-0.4167641073465347,-1.3546883699290453
1780625950047965000,39.15696484375,-0.6212964998543262,-0.6165501821100712,-1.6286187083117662
1780625950057959700,39.166959716796875,-1.6616338198155163,-0.4882376904517412,-1.8946892731048166
1780625950067954700,39.17695458984375,-2.5390835938215255,-0.06991144835501908,-1.8802403303831814
1780625950077949700,39.18694970703125,-3.2019360929012297,0.45689358090013266,-1.6677103632502257
1780625950087944700,39.19694482421875,-3.4157068538755175,0.9565388005509972,-1.5882142172090707
1780625950097939700,39.206939697265625,-3.6392373768419026,1.064968487870693,-1.2807315917059778
1780625950107934700,39.216934814453126,-3.165314042946696,1.206106851093471,-1.0340259448572993
1780625950117929700,39.2269296875,-2.1938129433244464,1.4158391503319143,-0.5663843215800821
1780625950127924700,39.2369248046875,-1.294778529497981,1.5569178923219442,-0.05364537320882082
1780625950137919700,39.246919677734375,0.4525485374331474,1.4447934421375392,0.21751754628717898
1780625950147914800,39.256914794921876,2.153184580338001,0.6240913912698626,0.6412158368110656
1780625950157909500,39.266909423828125,3.5361657094240186,-0.045947512182593346,0.4559630220517516
1780625950167904500,39.276904541015625,4.3204836107462645,-0.386481489546597,-0.06386953784227371
1780625950177899800,39.286899658203126,4.14199166842401,-0.7975950237855315,-0.5629305278643966
1780625950187894800,39.296894775390626,2.895261422780156,-1.1182736693397164,-0.947110608600825
1780625950197889800,39.30688989257813,0.6536129615694284,-1.2760340815395117,-1.03809494786188
1780625950207884800,39.316884765625,-1.4171405883193016,-1.001015947920084,-0.8167648575492202
1780625950217879800,39.3268798828125,-2.491558457058668,-0.27018355306982994,-0.7603111489214003
1780625950227874800,39.33687475585938,-2.186790497341752,0.7783905570998787,-0.7148278932496905
1780625950237869800,39.34686987304688,-1.180990822276473,1.2528317773893476,-1.0309159961432217
1780625950247864800,39.35686474609375,0.73180971544981,0.9517503972306847,-0.6837976719528436
1780625950257859600,39.36685961914063,1.9655852024525402,0.09371054935455321,-0.3424658222094178
1780625950267854600,39.3768544921875,2.376418750706315,-0.587433977741003,-0.4188888444155454
1780625950277849600,39.386849609375,2.206131742149591,-0.7646320808604359,-0.5158242010354995
1780625950287844600,39.3968447265625,1.6868442489176987,-0.598297609321773,-0.5527762135967612
1780625950297839600,39.40683959960938,0.9558025952309369,-0.2935232198640704,-0.4221317718595266
1780625950307834600,39.41683471679688,0.1772755522698164,0.13462912745922803,-0.26664953372478484
1780625950317829600,39.42682958984375,-0.5572691411018371,0.5162108622655273,-0.22727233984321354
1780625950327825000,39.43682495117187,-1.0553764836609363,0.7278399350360035,-0.28543197560608385
1780625950337820000,39.44681982421875,-1.1561065563887356,0.6486278666332363,-0.42445758445858955
1780625950347815000,39.45681494140625,-0.7902168962329625,0.3902034326791763,-0.5474392364829779
1780625950357809700,39.4668095703125,-0.21812778714001177,0.101109427434206,-0.4656809907287359
1780625950367804700,39.4768046875,0.3563987782329321,-0.08863602256923914,-0.2518476859122515
1780625950377799700,39.48679956054688,0.5642150147169828,-0.16644962235093116,-0.05494418084770441
1780625950387795700,39.496795654296875,0.3432540499776602,-0.5039104758799076,-0.09282967486679554
1780625950397790700,39.506790771484376,-0.09817454302608966,-0.5747422539502381,-0.530167199164629
1780625950407785700,39.51678564453125,-0.023591303467750548,-0.35879911737293,-0.679276102875173
1780625950417780700,39.52678076171875,0.18241583776772022,-0.6626251200646162,-0.6218029880717396
1780625950427775700,39.536775634765625,0.38255437923073765,-0.3846797008216381,-0.4192638152077794
1780625950437770800,39.546770751953126,0.579850975266099,-0.1469721839427948,-0.10514175169020891
1780625950447765800,39.55676586914063,0.7412883224129676,0.1374056064352393,0.3496836446337402
1780625950457760800,39.5667607421875,0.784348880982399,0.4584817268744111,0.7872595077320933
1780625950467755800,39.576755859375,0.7129296584129333,0.6366349387615918,1.1041435833089053
1780625950477750800,39.586750732421876,0.796118813753128,0.68980041949898,1.2363316012263297
1780625950487745800,39.59674584960938,0.9593371990978717,0.6214885152950883,1.2192733527891337
1780625950497740800,39.60674072265625,1.1183429351836442,0.6129848908439278,1.1578044463478028
1780625950507735800,39.61673583984375,0.9368237539947032,0.5727537104815245,1.3097902206689118
1780625950517730800,39.62673071289063,0.4230687604486942,0.5368579289749265,1.3628352898970246
1780625950527725800,39.63672583007813,-0.12436930699050426,0.5421738633006811,1.164529370688647
1780625950537720600,39.646720458984376,-0.5551479111641645,0.547795210313797,0.9080519791491329
1780625950547715600,39.65671557617188,-1.23299281219244,0.49053398469537496,0.7790119038686156
1780625950557710600,39.66671069335938,-1.6753379355192184,0.4157768498748541,0.6380031583748758
1780625950567705600,39.67670556640625,-1.6853619014054535,0.04078998328894377,0.33336203990802166
1780625950577700600,39.68670068359375,-1.2371540235251188,-0.7442395734339952,-0.15793854524567721
1780625950587695900,39.69669580078125,-0.3933551747083664,-1.2875778043389319,-0.6667243720769882
1780625950597691000,39.70669091796875,0.4217927491635084,-1.6379574684128164,-0.9590987141668796
1780625950607686000,39.71668579101563,1.0132792171657086,-1.824490678371489,-1.1180788774199784
1780625950617681000,39.72668090820312,1.3149462882578373,-1.7221455716624856,-1.152115879317373
1780625950627676700,39.7366767578125,1.2456196540534497,-1.554700800794363,-0.9194210760340094
1780625950637671700,39.746671630859375,0.9076888449251651,-1.3518725818559527,-0.45772199454829093
1780625950647666700,39.756666748046875,0.7248971595823764,-1.1643804637372492,-0.027620558983832595
1780625950657661700,39.76666162109375,0.7053922486454248,-0.9695730541691183,0.2456546764910221
1780625950667656700,39.77665673828125,0.7266022099345922,-0.8455231883913278,0.36374548773393034
1780625950677651700,39.786651611328125,0.5746376245319843,-0.8590437642216682,0.34224516519606113
1780625950687646700,39.796646728515626,0.1362806940585375,-0.7719809823185205,0.21804595407545566
1780625950697641700,39.806641845703126,-0.2804103480517864,-0.759464030572772,0.0008773673564195632
1780625950707636700,39.81663671875,-0.6162830556064843,-0.7901455845624208,-0.17224705658331513
1780625950717631700,39.8266318359375,-0.9543927284330129,-0.7393520936533808,-0.27403555232286453
1780625950727626800,39.836626708984376,-1.2414940985560416,-0.5483382311493158,-0.3577412788830697
1780625950737621800,39.84662182617188,-1.357504158002138,-0.28774171385318037,-0.44374856038391586
1780625950747616800,39.85661669921875,-1.3477882351517676,0.01397737968713045,-0.4499338248901069
1780625950757611800,39.86661181640625,-1.3385159644156694,0.21863252179175613,-0.3824168704561889
1780625950767606800,39.876606689453126,-1.3347066352605819,0.22039865468144415,-0.2650622645333409
1780625950777601800,39.88660180664063,-1.1764660383284091,0.17023732419610021,-0.30733035755082966
1780625950787596500,39.896596435546876,-0.8906091153085232,0.1598793040499091,-0.43316359961405393
1780625950797591600,39.906591552734376,-0.6133879186868667,0.14635668239295482,-0.5690398045249283
1780625950807586300,39.91658642578125,-0.36081717919707296,0.1945943513393402,-0.7583562154613435
1780625950817582300,39.92658227539062,-0.5855202530741691,0.1393780755519867,-0.97159345408082
1780625950827577600,39.93657763671875,-1.0746510929733515,0.1576230495557189,-1.2430533106967807
1780625950837572600,39.94657250976562,-1.3368360485047102,0.26342852585166693,-1.4910979510642588
1780625950847567600,39.956567626953124,-1.4395388826102018,0.5006938519209623,-1.5621080083109438
1780625950857562600,39.966562744140624,-1.4406307695001364,0.773742439033091,-1.4120746832318603
1780625950867557600,39.9765576171875,-1.0299556266784666,1.027517585876584,-1.0188194617666304
1780625950877552400,39.986552490234374,-0.12902151671051978,1.1847037053197622,-0.5540751673661172
1780625950887547400,39.99654736328125,0.7692594484001397,1.0938181502580642,-0.2526946581304073
1780625950897542400,40.00654248046875,2.157817500835657,0.404877854719758,-0.42118996096476913
1780625950907537400,40.01653735351562,1.725827767306566,0.003187690125405788,-0.927671748637408
1780625950917532400,40.026532470703124,0.911590528538823,-0.18008301090598106,-1.7521705614395438
