time,seconds_elapsed,z,y,x
1780625910942420500,0.05142041015625,-0.9167938232421875,-0.27154541015625,-0.007965087890625
1780625910952415500,0.06141552734375,-0.876007080078125,-0.27899169921875,0.0410308837890625
1780625910962411500,0.07141162109375,-0.856414794921875,-0.31121826171875,0.0912933349609375
1780625910972406300,0.08140625,-0.8347930908203125,-0.3172607421875,0.135772705078125
1780625910982401300,0.0914013671875,-0.8402252197265625,-0.2756805419921875,0.1754608154296875
1780625910992396500,0.101396484375,-0.9059600830078125,-0.1584625244140625,0.212738037109375
1780625911002391600,0.1113916015625,-0.9921112060546875,-0.006072998046875,0.2731781005859375
1780625911012386600,0.121386474609375,-1.003143310546875,-0.11151123046875,0.253631591796875
1780625911022381600,0.131381591796875,-0.877410888671875,-0.234893798828125,0.1728973388671875
1780625911032376600,0.14137646484375,-0.748138427734375,-0.18701171875,0.11175537109375
1780625911042371600,0.15137158203125,-0.799346923828125,-0.28778076171875,0.083740234375
1780625911052366600,0.16136669921875,-0.81976318359375,-0.3339385986328125,0.062347412109375
1780625911062361600,0.171361572265625,-0.8602142333984375,-0.3398590087890625,0.034881591796875
1780625911072356400,0.1813564453125,-0.865447998046875,-0.356719970703125,0.01263427734375
1780625911082351400,0.191351318359375,-0.8906707763671875,-0.341705322265625,-0.0042877197265625
1780625911092346400,0.201346435546875,-1.0068817138671875,-0.272003173828125,-0.03509521484375
1780625911102341400,0.21134130859375,-1.1244659423828125,-0.182037353515625,-0.0508270263671875
1780625911112336400,0.22133642578125,-1.1616668701171875,-0.1387176513671875,-0.046112060546875
1780625911122331400,0.231331298828125,-1.1290740966796875,-0.1580047607421875,-0.0386505126953125
1780625911132327700,0.24132763671875,-0.9972381591796875,-0.2145843505859375,-0.067413330078125
1780625911142322400,0.251322509765625,-0.9101409912109375,-0.2855682373046875,-0.106842041015625
1780625911152317400,0.2613173828125,-0.886444091796875,-0.3963775634765625,-0.1447906494140625
1780625911162312400,0.2713125,-0.87744140625,-0.5797271728515625,-0.144256591796875
1780625911172307500,0.281307373046875,-0.8556671142578125,-0.7365875244140625,-0.1233367919921875
1780625911182302500,0.291302490234375,-0.8101043701171875,-0.7957763671875,-0.1014556884765625
1780625911192297500,0.30129736328125,-0.67724609375,-0.5877685546875,-0.0366363525390625
1780625911202292500,0.31129248046875,-0.67730712890625,-0.429656982421875,-0.0287933349609375
1780625911212287500,0.32128759765625,-0.7591552734375,-0.34979248046875,-0.0214996337890625
1780625911222282500,0.331282470703125,-0.877899169921875,-0.338653564453125,-0.016448974609375
1780625911232277500,0.341277587890625,-0.9482574462890625,-0.3708038330078125,-0.02203369140625
1780625911242272300,0.351272216796875,-1.012359619140625,-0.397705078125,-0.0727996826171875
1780625911252267300,0.361267333984375,-1.0269775390625,-0.41998291015625,-0.1489105224609375
1780625911262262500,0.371262451171875,-0.96856689453125,-0.429107666015625,-0.2079925537109375
1780625911272257500,0.381257568359375,-0.8921356201171875,-0.45782470703125,-0.2122650146484375
1780625911282252500,0.39125244140625,-0.8403167724609375,-0.489959716796875,-0.1728668212890625
1780625911292247600,0.40124755859375,-0.8453216552734375,-0.5015106201171875,-0.120086669921875
1780625911302243600,0.41124365234375,-0.9400177001953125,-0.515533447265625,-0.1013946533203125
1780625911312238300,0.42123828125,-1.0063323974609375,-0.4027099609375,0.018157958984375
1780625911322233300,0.4312333984375,-1.0270233154296875,-0.2780303955078125,0.1230010986328125
1780625911332228400,0.441228271484375,-0.957427978515625,-0.3328704833984375,-0.059783935546875
1780625911342223400,0.451223388671875,-0.850555419921875,-0.319183349609375,-0.047637939453125
1780625911352218400,0.46121826171875,-0.8346099853515625,-0.321380615234375,-0.189239501953125
1780625911362213400,0.47121337890625,-0.965606689453125,-0.3789520263671875,-0.158416748046875
1780625911372208400,0.48120849609375,-0.9741363525390625,-0.2640228271484375,0.0099945068359375
1780625911382203600,0.49120361328125,-0.8582305908203125,-0.3164215087890625,-0.0776519775390625
1780625911392198700,0.50119873046875,-0.810546875,-0.3441925048828125,-0.026702880859375
1780625911402193700,0.511193603515625,-0.8138580322265625,-0.4280853271484375,-0.087432861328125
1780625911412188400,0.5211884765625,-0.848907470703125,-0.6021728515625,-0.122314453125
1780625911422183400,0.531183349609375,-0.9369354248046875,-0.6242218017578125,-0.1300811767578125
1780625911432178400,0.541178466796875,-1.08685302734375,-0.4533538818359375,-0.19073486328125
1780625911442173400,0.55117333984375,-1.2777557373046875,-0.4261932373046875,-0.1787567138671875
1780625911452168400,0.56116845703125,-1.281402587890625,-0.3413848876953125,-0.074432373046875
1780625911462163500,0.57116357421875,-1.13531494140625,-0.29156494140625,-0.0764312744140625
1780625911472159500,0.581159423828125,-1.044403076171875,-0.272125244140625,-0.015106201171875
1780625911482154500,0.591154541015625,-0.9667510986328125,-0.273284912109375,0.075164794921875
1780625911492149500,0.6011494140625,-0.828521728515625,-0.26708984375,0.075714111328125
1780625911502144500,0.61114453125,-0.736968994140625,-0.30340576171875,0.02459716796875
1780625911512139500,0.621139404296875,-0.70574951171875,-0.3097686767578125,0.0435638427734375
1780625911522134500,0.631134521484375,-0.752655029296875,-0.29486083984375,0.0170440673828125
1780625911532129500,0.641129638671875,-0.8386993408203125,-0.2718658447265625,0.030853271484375
1780625911542124500,0.65112451171875,-0.8816070556640625,-0.3048858642578125,0.046417236328125
1780625911552119600,0.66111962890625,-0.861907958984375,-0.3280792236328125,0.0551300048828125
1780625911562114600,0.671114501953125,-0.766754150390625,-0.3767242431640625,0.086395263671875
1780625911572109600,0.681109619140625,-0.63787841796875,-0.4506072998046875,0.099090576171875
1780625911582104300,0.691104248046875,-0.5229644775390625,-0.4418182373046875,0.044952392578125
1780625911592099300,0.701099365234375,-0.549774169921875,-0.3693084716796875,0.0128021240234375
1780625911602094300,0.71109423828125,-0.619232177734375,-0.3044281005859375,0.0181732177734375
1780625911612089300,0.72108935546875,-0.62603759765625,-0.2532196044921875,-0.0432891845703125
1780625911622084400,0.73108447265625,-0.6034698486328125,-0.0034942626953125,-0.66986083984375
1780625911632079400,0.741079345703125,-0.58184814453125,-0.0507965087890625,-0.46246337890625
1780625911642075600,0.75107568359375,-0.8005828857421875,-0.1398162841796875,0.0279541015625
1780625911652070400,0.7610703125,-0.84881591796875,-0.03546142578125,-0.2810211181640625
1780625911662065400,0.7710654296875,-0.95361328125,-0.1073150634765625,-0.4065704345703125
1780625911672060400,0.781060302734375,-0.9045867919921875,-0.2625732421875,-0.4219207763671875
1780625911682055400,0.791055419921875,-0.7249603271484375,-0.3643951416015625,-0.40167236328125
1780625911692050400,0.801050537109375,-0.53350830078125,-0.3633270263671875,-0.3883056640625
1780625911702045400,0.81104541015625,-0.4824066162109375,-0.2143096923828125,-0.3714141845703125
1780625911712040400,0.82104052734375,-0.5789642333984375,-0.0752716064453125,-0.3029327392578125
1780625911722035500,0.831035400390625,-0.6504669189453125,-0.0076904296875,-0.293182373046875
1780625911732030500,0.841030517578125,-0.6501312255859375,-0.02691650390625,-0.3818359375
1780625911742024700,0.851024658203125,-0.6971893310546875,-0.0227508544921875,-0.4261932373046875
1780625911752019700,0.861019775390625,-0.7415008544921875,-0.0054931640625,-0.3820343017578125
1780625911762014700,0.8710146484375,-0.722747802734375,-0.04522705078125,-0.3280487060546875
1780625911772009700,0.881009765625,-0.748687744140625,-0.06884765625,-0.3413543701171875
1780625911782004500,0.89100439453125,-0.69940185546875,0.016357421875,-0.4576263427734375
1780625911791999500,0.90099951171875,-0.603424072265625,0.0806121826171875,-0.5750274658203125
1780625911801994500,0.910994384765625,-0.50909423828125,0.1128997802734375,-0.627410888671875
1780625911811989500,0.920989501953125,-0.46575927734375,0.1523590087890625,-0.665283203125
1780625911821984500,0.930984619140625,-0.455657958984375,0.1455230712890625,-0.6682891845703125
1780625911831980800,0.940980712890625,-0.44488525390625,0.1392059326171875,-0.6254119873046875
1780625911841975800,0.950975830078125,-0.403778076171875,0.2275848388671875,-0.5544281005859375
1780625911851970600,0.960970458984375,-0.34375,0.3258209228515625,-0.5834197998046875
1780625911861965600,0.970965576171875,-0.358062744140625,0.35675048828125,-0.7994232177734375
1780625911871960600,0.980960693359375,-0.47503662109375,0.33648681640625,-1.091033935546875
1780625911881955600,0.99095556640625,-0.5372314453125,0.282012939453125,-1.226348876953125
1780625911891950600,1.00095068359375,-0.4822540283203125,0.1969146728515625,-1.1626434326171875
1780625911901945600,1.010945556640625,-0.3944549560546875,0.15106201171875,-1.07183837890625
1780625911911940600,1.020940673828125,-0.26904296875,0.2197723388671875,-1.03350830078125
1780625911921935600,1.030935546875,-0.1733856201171875,0.3438873291015625,-1.03521728515625
1780625911931930600,1.0409306640625,-0.192291259765625,0.4229278564453125,-1.080535888671875
1780625911941925600,1.050925537109375,-0.324615478515625,0.3979644775390625,-1.1987762451171875
1780625911951920400,1.06092041015625,-0.47967529296875,0.258392333984375,-1.4170074462890625
1780625911961915400,1.070915283203125,-0.5858001708984375,0.189910888671875,-1.5971832275390625
1780625911971910700,1.08091064453125,-0.545166015625,0.21734619140625,-1.6137542724609375
1780625911981905700,1.09090576171875,-0.3794403076171875,0.245880126953125,-1.5061492919921875
1780625911991900700,1.100900634765625,-0.1989898681640625,0.2191314697265625,-1.5174713134765625
1780625912001895700,1.110895751953125,-0.1033782958984375,0.096099853515625,-1.7026519775390625
1780625912011891700,1.1208916015625,-0.1190032958984375,-0.0007476806640625,-1.921112060546875
1780625912021886500,1.130886474609375,-0.542633056640625,-0.0135650634765625,-2.1381378173828125
1780625912031881500,1.140881591796875,-0.8054046630859375,0.1202850341796875,-2.08941650390625
1780625912041876500,1.15087646484375,-0.5412445068359375,0.3203277587890625,-1.7994537353515625
1780625912051871500,1.16087158203125,-0.18048095703125,0.4037322998046875,-1.445953369140625
1780625912061866500,1.170866455078125,0.0655975341796875,0.3670501708984375,-1.383636474609375
1780625912071861500,1.180861572265625,0.0807037353515625,0.2145843505859375,-1.5865325927734375
1780625912081856500,1.1908564453125,-0.0457763671875,0.066162109375,-1.8029022216796875
1780625912091851800,1.200851806640625,-0.0798797607421875,0.0512847900390625,-1.831939697265625
1780625912101846800,1.2108466796875,-0.0017852783203125,0.1259765625,-1.667724609375
1780625912111841800,1.220841796875,0.101806640625,0.16741943359375,-1.5511627197265625
1780625912121836500,1.23083642578125,0.166595458984375,0.1473541259765625,-1.5056610107421875
1780625912131831600,1.24083154296875,0.1948089599609375,0.1631317138671875,-1.4249420166015625
1780625912141826600,1.25082666015625,0.2630157470703125,0.227569580078125,-1.2877044677734375
1780625912151821600,1.260821533203125,0.3217620849609375,0.2964630126953125,-1.1280975341796875
1780625912161816600,1.270816650390625,0.3426513671875,0.3287353515625,-1.01971435546875
1780625912171811600,1.2808115234375,0.2515106201171875,0.3089752197265625,-1.031829833984375
1780625912181806600,1.290806640625,0.1207275390625,0.2859039306640625,-1.1193695068359375
1780625912191801600,1.300801513671875,-0.0089569091796875,0.24725341796875,-1.2143707275390625
1780625912201797400,1.31079736328125,-0.167816162109375,0.228485107421875,-1.31134033203125
1780625912211792600,1.320792724609375,-0.23602294921875,0.2834930419921875,-1.2381744384765625
1780625912221787600,1.33078759765625,-0.26251220703125,0.34619140625,-1.104461669921875
1780625912231782700,1.34078271484375,-0.249420166015625,0.3799896240234375,-1.0247802734375
1780625912241777700,1.350777587890625,-0.2464447021484375,0.37353515625,-1.0112457275390625
1780625912251772700,1.360772705078125,-0.306365966796875,0.317413330078125,-1.0321807861328125
1780625912261767700,1.370767578125,-0.3600006103515625,0.310333251953125,-1.027618408203125
1780625912271762700,1.3807626953125,-0.4064483642578125,0.3377838134765625,-0.998321533203125
1780625912281757700,1.3907578125,-0.42181396484375,0.3443603515625,-0.9898834228515625
1780625912291752700,1.400752685546875,-0.36492919921875,0.3285369873046875,-0.9362640380859375
1780625912301747500,1.41074755859375,-0.313018798828125,0.352447509765625,-0.847991943359375
1780625912311742500,1.420742431640625,-0.22955322265625,0.3809661865234375,-0.768707275390625
1780625912321737500,1.430737548828125,-0.116729736328125,0.3960723876953125,-0.6780853271484375
1780625912331732500,1.440732421875,-0.072723388671875,0.3704986572265625,-0.6563873291015625
1780625912341727500,1.4507275390625,-0.1170654296875,0.3640289306640625,-0.63079833984375
1780625912351722800,1.46072265625,-0.2264251708984375,0.407989501953125,-0.64385986328125
1780625912361717800,1.4707177734375,-0.23443603515625,0.4542999267578125,-0.6223297119140625
1780625912371712800,1.480712646484375,0.0737762451171875,0.4613037109375,-0.4932098388671875
1780625912381707800,1.490707763671875,0.3676300048828125,0.3810577392578125,-0.4964752197265625
1780625912391703600,1.50070361328125,0.3041534423828125,0.280120849609375,-0.6485748291015625
1780625912401698600,1.510698486328125,0.0881500244140625,0.292236328125,-0.69891357421875
1780625912411693600,1.520693603515625,-0.0696258544921875,0.3254547119140625,-0.6836090087890625
1780625912421688600,1.5306884765625,-0.0998382568359375,0.329437255859375,-0.579437255859375
1780625912431683600,1.54068359375,-0.0641632080078125,0.3039093017578125,-0.468536376953125
1780625912441678600,1.5506787109375,-0.074981689453125,0.2318878173828125,-0.4324951171875
1780625912451673600,1.560673583984375,-0.2084808349609375,0.145599365234375,-0.550994873046875
1780625912461668600,1.570668701171875,-0.3190155029296875,0.0626220703125,-0.73626708984375
1780625912471663600,1.58066357421875,-0.373809814453125,0.0512847900390625,-0.873046875
1780625912481658600,1.59065869140625,-0.3302154541015625,0.1282196044921875,-0.96868896484375
1780625912491653600,1.600653564453125,-0.299591064453125,0.1948089599609375,-1.01324462890625
1780625912501648600,1.610648681640625,-0.2935638427734375,0.2403411865234375,-1.030426025390625
1780625912511643600,1.6206435546875,-0.2751007080078125,0.2798004150390625,-1.00946044921875
1780625912521638700,1.630638671875,-0.2648162841796875,0.28399658203125,-0.997467041015625
1780625912531633700,1.640633544921875,-0.2632904052734375,0.251983642578125,-1.03125
1780625912541628700,1.650628662109375,-0.2812347412109375,0.23492431640625,-1.0530242919921875
1780625912551623700,1.660623779296875,-0.214599609375,0.2027587890625,-1.038238525390625
1780625912561618700,1.67061865234375,-0.172332763671875,0.19818115234375,-0.983978271484375
1780625912571614500,1.680614501953125,-0.1529083251953125,0.0963287353515625,-0.9900054931640625
1780625912581609500,1.690609375,-0.07708740234375,-0.1168975830078125,-1.13653564453125
1780625912591604700,1.700604736328125,-0.456939697265625,0.1360321044921875,-1.1265411376953125
1780625912601599700,1.710599853515625,-0.2174835205078125,0.2564849853515625,-0.98773193359375
1780625912611594800,1.7205947265625,-0.26739501953125,0.109161376953125,-0.9281005859375
1780625912621589800,1.73058984375,-0.3283233642578125,0.27362060546875,-0.8910064697265625
1780625912631584800,1.740584716796875,-0.262176513671875,0.239166259765625,-0.885833740234375
1780625912641579500,1.75057958984375,-0.2191162109375,0.179443359375,-0.786376953125
1780625912651574500,1.760574462890625,-0.21038818359375,0.1321868896484375,-0.7785186767578125
1780625912661569500,1.770569580078125,-0.2695159912109375,0.156341552734375,-0.69610595703125
1780625912671564500,1.780564453125,-0.2979888916015625,0.2378082275390625,-0.6292266845703125
1780625912681559600,1.7905595703125,-0.25323486328125,0.33697509765625,-0.6024169921875
1780625912691554600,1.800554443359375,-0.256439208984375,0.3911285400390625,-0.63677978515625
1780625912701549600,1.810549560546875,-0.357391357421875,0.3292083740234375,-0.79998779296875
1780625912711544600,1.820544677734375,-0.357879638671875,0.2972259521484375,-0.9939117431640625
1780625912721539600,1.83053955078125,-0.2297821044921875,0.2779083251953125,-1.0492095947265625
1780625912731534600,1.84053466796875,-0.1387176513671875,0.2216033935546875,-0.972015380859375
1780625912741529900,1.85052978515625,-0.1238250732421875,0.2423553466796875,-0.917633056640625
1780625912751524900,1.86052490234375,-0.1551361083984375,0.265869140625,-0.8574676513671875
1780625912761521000,1.87052099609375,-0.212310791015625,0.2599334716796875,-0.860870361328125
1780625912771516000,1.880515869140625,-0.2686767578125,0.262664794921875,-0.890411376953125
1780625912781511000,1.890510986328125,-0.3419036865234375,0.265045166015625,-0.9658355712890625
1780625912791506000,1.900505859375,-0.3245849609375,0.2663421630859375,-1.0113372802734375
1780625912801500700,1.910500732421875,-0.1700439453125,0.262054443359375,-0.8968048095703125
1780625912811495700,1.92049560546875,-0.09576416015625,0.2450103759765625,-0.8431854248046875
1780625912821490700,1.93049072265625,-0.1764678955078125,0.2187042236328125,-0.958709716796875
1780625912831485700,1.940485595703125,-0.26678466796875,0.1828460693359375,-0.99542236328125
1780625912841480700,1.950480712890625,-0.3513946533203125,0.1671295166015625,-1.0629425048828125
1780625912851476000,1.96047607421875,-0.3093719482421875,0.17413330078125,-1.0227813720703125
1780625912861471000,1.970470947265625,-0.199310302734375,0.21759033203125,-0.9218597412109375
1780625912871466000,1.980466064453125,-0.1112518310546875,0.289031982421875,-0.84716796875
1780625912881461000,1.9904609375,-0.1029205322265625,0.302581787109375,-0.87322998046875
1780625912891456000,2.0004560546875,-0.343292236328125,0.278656005859375,-0.913330078125
1780625912901450800,2.01045068359375,-0.4711456298828125,0.2291259765625,-1.0975494384765625
1780625912911445800,2.02044580078125,-0.4406890869140625,0.217681884765625,-1.270904541015625
1780625912921440800,2.030440673828125,-0.321044921875,0.1982574462890625,-1.282928466796875
1780625912931435800,2.040435791015625,-0.232086181640625,0.2532958984375,-1.1591644287109375
1780625912941431800,2.050431884765625,-0.1565704345703125,0.3550872802734375,-1.0093994140625
1780625912951426800,2.0604267578125,-0.1177978515625,0.35980224609375,-0.9120025634765625
1780625912961422000,2.070422119140625,-0.1254425048828125,0.3339691162109375,-0.9419708251953125
1780625912971416800,2.080416748046875,-0.1747283935546875,0.3095855712890625,-1.0039825439453125
1780625912981411800,2.090411865234375,-0.21868896484375,0.2749481201171875,-1.0048675537109375
1780625912991406800,2.10040673828125,-0.176483154296875,0.28466796875,-1.018218994140625
1780625913001401900,2.11040185546875,-0.0868682861328125,0.309814453125,-0.9833984375
1780625913011396900,2.12039697265625,-0.08221435546875,0.326904296875,-0.9324951171875
1780625913021392000,2.130391845703125,-0.1875152587890625,0.345428466796875,-0.946624755859375
1780625913031387000,2.140386962890625,-0.2340240478515625,0.3707275390625,-0.9249725341796875
1780625913041382000,2.1503818359375,-0.2737884521484375,0.3747100830078125,-1.0046844482421875
1780625913051377000,2.160376953125,-0.312164306640625,0.357574462890625,-1.0851593017578125
1780625913061372000,2.170371826171875,-0.3536834716796875,0.3130340576171875,-1.164154052734375
1780625913071367000,2.180366943359375,-0.373870849609375,0.240997314453125,-1.242950439453125
1780625913081361700,2.190361572265625,-0.2698822021484375,0.270751953125,-1.1819305419921875
1780625913091356700,2.200356689453125,-0.178955078125,0.3609619140625,-1.0666961669921875
1780625913101351700,2.2103515625,-0.1530609130859375,0.434478759765625,-0.991851806640625
1780625913111347000,2.220346923828125,-0.146392822265625,0.484649658203125,-0.9598846435546875
1780625913121343000,2.230343017578125,-0.16595458984375,0.506378173828125,-0.9706573486328125
1780625913131338000,2.240337890625,-0.184295654296875,0.5025634765625,-0.993621826171875
1780625913141333000,2.2503330078125,-0.2045440673828125,0.4560699462890625,-0.943756103515625
1780625913151327700,2.26032763671875,-0.0442352294921875,0.324310302734375,-0.983245849609375
1780625913161322800,2.27032275390625,0.10028076171875,0.356903076171875,-1.08331298828125
1780625913171317800,2.28031787109375,-0.0568084716796875,0.35955810546875,-0.99395751953125
1780625913181312800,2.290312744140625,-0.1334228515625,0.3200836181640625,-0.8586273193359375
1780625913191307800,2.300307861328125,-0.0244598388671875,0.478363037109375,-0.7803955078125
1780625913201302800,2.310302734375,0.0312042236328125,0.4920501708984375,-0.783843994140625
1780625913211297800,2.3202978515625,0.1343841552734375,0.453155517578125,-0.766021728515625
1780625913221292800,2.330292724609375,0.230499267578125,0.472320556640625,-0.7078857421875
1780625913231288000,2.3402880859375,0.452789306640625,0.524658203125,-0.6413421630859375
1780625913241282800,2.35028271484375,0.11212158203125,0.534515380859375,-0.629364013671875
1780625913251277800,2.36027783203125,0.206298828125,0.347381591796875,-0.52593994140625
1780625913261272800,2.37027294921875,0.4539337158203125,0.12152099609375,-0.532257080078125
1780625913271267800,2.380267822265625,0.29693603515625,0.17041015625,-0.7120819091796875
1780625913281262800,2.390262939453125,0.2656707763671875,0.2343597412109375,-0.87982177734375
1780625913291257900,2.4002578125,0.3445587158203125,0.253570556640625,-0.8932647705078125
1780625913301254000,2.41025390625,0.2965545654296875,0.27313232421875,-0.872344970703125
1780625913311249000,2.420248779296875,0.2913665771484375,0.3202667236328125,-0.8092498779296875
1780625913321243600,2.43024365234375,0.3034210205078125,0.400299072265625,-0.7406463623046875
1780625913331238700,2.44023876953125,0.29449462890625,0.477020263671875,-0.7286834716796875
1780625913341234000,2.45023388671875,0.2993316650390625,0.544647216796875,-0.7447357177734375
1780625913351229000,2.46022900390625,0.292572021484375,0.6273040771484375,-0.687042236328125
1780625913361224000,2.470223876953125,0.3434295654296875,0.6458892822265625,-0.716644287109375
1780625913371219000,2.480218994140625,0.3506011962890625,0.593475341796875,-0.774932861328125
1780625913381214000,2.4902138671875,0.3076171875,0.4452362060546875,-0.807586669921875
1780625913391209000,2.500208984375,0.316314697265625,0.315338134765625,-0.85430908203125
1780625913401204000,2.510203857421875,0.3735504150390625,0.244659423828125,-0.9105682373046875
1780625913411199000,2.520198974609375,0.4614715576171875,0.27777099609375,-0.8660430908203125
1780625913421193700,2.53019384765625,0.5059967041015625,0.3829345703125,-0.7259674072265625
1780625913431188700,2.540188720703125,0.3069000244140625,0.458282470703125,-0.717254638671875
1780625913441183700,2.550183837890625,0.0959320068359375,0.54644775390625,-0.734039306640625
1780625913451178800,2.5601787109375,0.1381378173828125,0.628936767578125,-0.7406463623046875
1780625913461173800,2.570173828125,0.0761566162109375,0.6361083984375,-0.77655029296875
1780625913471168800,2.580168701171875,0.0915069580078125,0.596466064453125,-0.804168701171875
1780625913481165000,2.5901650390625,0.1964263916015625,0.550079345703125,-0.7927093505859375
1780625913491159800,2.600159912109375,0.2725067138671875,0.516265869140625,-0.7416229248046875
1780625913501154800,2.61015478515625,0.3150482177734375,0.5691986083984375,-0.6304779052734375
1780625913511149800,2.62014990234375,0.3406982421875,0.653472900390625,-0.5457611083984375
1780625913521144800,2.630144775390625,0.5337677001953125,0.82244873046875,-0.4826507568359375
1780625913531139800,2.640139892578125,0.5956878662109375,0.852935791015625,-0.490325927734375
1780625913541134800,2.650134765625,0.5257110595703125,0.7893218994140625,-0.5510711669921875
1780625913551129900,2.6601298828125,0.460296630859375,0.7109832763671875,-0.6278228759765625
1780625913561124900,2.670124755859375,0.3842926025390625,0.6223297119140625,-0.69061279296875
1780625913571119900,2.680119873046875,0.354827880859375,0.5577239990234375,-0.73870849609375
1780625913581115000,2.690114990234375,0.3900604248046875,0.5294036865234375,-0.7502288818359375
1780625913591109600,2.700109619140625,0.4303741455078125,0.513885498046875,-0.736846923828125
1780625913601104600,2.710104736328125,0.4319305419921875,0.4995880126953125,-0.7009124755859375
1780625913611100000,2.720099853515625,0.358673095703125,0.461212158203125,-0.67413330078125
1780625913621095000,2.730094970703125,0.3083343505859375,0.4581298828125,-0.65234375
1780625913631090000,2.74008984375,0.2859649658203125,0.4812774658203125,-0.64068603515625
1780625913641085000,2.7500849609375,0.2816009521484375,0.530548095703125,-0.6216888427734375
1780625913651080000,2.760079833984375,0.2597808837890625,0.5780029296875,-0.58892822265625
1780625913661075700,2.77007568359375,0.2805633544921875,0.560760498046875,-0.595794677734375
1780625913671070700,2.78007080078125,0.3292236328125,0.5535888671875,-0.6148529052734375
1780625913681065700,2.790065673828125,0.3782501220703125,0.5428466796875,-0.676910400390625
1780625913691060700,2.800060791015625,0.4360809326171875,0.5031585693359375,-0.7630615234375
1780625913701055700,2.8100556640625,0.4425506591796875,0.5464019775390625,-0.873931884765625
1780625913711050800,2.82005078125,0.4012451171875,0.6781158447265625,-1.01275634765625
1780625913721045800,2.830045654296875,0.4405364990234375,0.7769317626953125,-0.9730377197265625
1780625913731041000,2.840041015625,0.4420013427734375,0.784332275390625,-0.955810546875
1780625913741035300,2.85003515625,0.4903564453125,0.8468017578125,-0.895904541015625
1780625913751030300,2.8600302734375,0.5668182373046875,0.8240509033203125,-0.8163299560546875
1780625913761025300,2.870025390625,0.6153564453125,0.7370452880859375,-0.7101287841796875
1780625913771020300,2.880020263671875,0.6578369140625,0.6726226806640625,-0.570098876953125
1780625913781015000,2.89001513671875,0.7111968994140625,0.6395416259765625,-0.4737091064453125
1780625913791010300,2.90001025390625,0.711273193359375,0.6465301513671875,-0.4957122802734375
1780625913801005300,2.91000537109375,0.6724090576171875,0.64080810546875,-0.6396026611328125
1780625913811000300,2.920000244140625,0.580108642578125,0.62017822265625,-0.73614501953125
1780625913820995300,2.929995361328125,0.445831298828125,0.631866455078125,-0.767608642578125
1780625913830991400,2.939991455078125,0.310333251953125,0.6605377197265625,-0.75689697265625
1780625913840986400,2.949986328125,0.1799774169921875,0.708526611328125,-0.7020111083984375
1780625913850981000,2.959981201171875,0.09906005859375,0.7412872314453125,-0.6520233154296875
1780625913860976000,2.96997607421875,0.0624237060546875,0.7737274169921875,-0.602020263671875
1780625913870971100,2.97997119140625,0.083831787109375,0.7974853515625,-0.5318756103515625
1780625913880966100,2.989966064453125,0.1532440185546875,0.807098388671875,-0.4767913818359375
1780625913890961200,2.999961181640625,0.294647216796875,0.817535400390625,-0.4615631103515625
1780625913900956200,3.0099560546875,0.34515380859375,0.7317352294921875,-0.5297088623046875
1780625913910951400,3.019951416015625,-0.00677490234375,0.6877288818359375,-0.607025146484375
1780625913920946400,3.029946533203125,-0.3675537109375,0.70751953125,-0.596099853515625
1780625913930941400,3.03994140625,0.1024322509765625,0.70526123046875,-0.5535430908203125
1780625913940936400,3.0499365234375,0.2512359619140625,0.7068939208984375,-0.567291259765625
1780625913950931200,3.05993115234375,0.175994873046875,0.610198974609375,-0.613311767578125
1780625913960926200,3.06992626953125,0.1858367919921875,0.63592529296875,-0.636383056640625
1780625913970921200,3.079921142578125,0.2513275146484375,0.69732666015625,-0.6638946533203125
1780625913980916200,3.089916259765625,0.305572509765625,0.7080230712890625,-0.720794677734375
1780625913990911200,3.0999111328125,0.3115692138671875,0.7655487060546875,-0.738555908203125
1780625914000906200,3.10990625,0.2860565185546875,0.8358917236328125,-0.7473297119140625
1780625914010902300,3.11990234375,0.2240142822265625,0.866668701171875,-0.7414093017578125
1780625914020897000,3.12989697265625,0.15423583984375,0.89764404296875,-0.7280426025390625
1780625914030892300,3.139892333984375,0.111541748046875,0.8841552734375,-0.72625732421875
1780625914040887300,3.14988720703125,0.097564697265625,0.8474884033203125,-0.7312774658203125
1780625914050882300,3.15988232421875,0.1033935546875,0.807830810546875,-0.7277679443359375
1780625914060877300,3.169877197265625,0.1166839599609375,0.7581329345703125,-0.70672607421875
1780625914070872300,3.179872314453125,0.1084747314453125,0.71295166015625,-0.68011474609375
1780625914080867300,3.189867431640625,0.0879669189453125,0.6958465576171875,-0.6648406982421875
1780625914090862300,3.1998623046875,0.0718994140625,0.7178802490234375,-0.624114990234375
1780625914100857300,3.209857421875,0.078399658203125,0.719635009765625,-0.57720947265625
1780625914110852400,3.219852294921875,0.097625732421875,0.7175750732421875,-0.5306854248046875
1780625914120847000,3.22984716796875,0.095794677734375,0.7541046142578125,-0.4788818359375
1780625914130842000,3.239842041015625,0.1005401611328125,0.7928009033203125,-0.46319580078125
1780625914140837000,3.249837158203125,0.1325836181640625,0.8052215576171875,-0.459228515625
1780625914150832000,3.25983203125,0.1510162353515625,0.8499603271484375,-0.407196044921875
1780625914160827100,3.2698271484375,0.127899169921875,0.8587188720703125,-0.3571014404296875
1780625914170822400,3.279822509765625,0.088409423828125,0.8234100341796875,-0.359954833984375
1780625914180818400,3.289818359375,0.0934906005859375,0.782073974609375,-0.3890838623046875
1780625914190813200,3.299813232421875,0.17352294921875,0.7256622314453125,-0.4447174072265625
1780625914200808200,3.30980810546875,0.2261810302734375,0.6627044677734375,-0.546905517578125
1780625914210803200,3.31980322265625,0.214874267578125,0.6545562744140625,-0.654571533203125
1780625914220798200,3.329798095703125,0.178558349609375,0.660675048828125,-0.7873687744140625
1780625914230793200,3.339793212890625,0.1120452880859375,0.66705322265625,-0.90826416015625
1780625914240788200,3.349788330078125,0.083984375,0.674346923828125,-0.9970703125
1780625914250783200,3.359783203125,0.109710693359375,0.64776611328125,-0.9775848388671875
1780625914260778200,3.3697783203125,0.0857696533203125,0.743988037109375,-0.8298492431640625
1780625914270773200,3.379773193359375,0.09124755859375,0.82806396484375,-0.6256866455078125
1780625914280768300,3.389768310546875,0.150909423828125,0.8306427001953125,-0.407379150390625
1780625914290763300,3.39976318359375,0.1768035888671875,0.79656982421875,-0.307464599609375
1780625914300758300,3.40975830078125,0.24530029296875,0.8154296875,-0.3082733154296875
1780625914310753300,3.419753173828125,0.23974609375,0.786041259765625,-0.3960113525390625
1780625914320748300,3.429748291015625,0.1953125,0.760833740234375,-0.5297393798828125
1780625914330743300,3.439743408203125,0.188140869140625,0.84722900390625,-0.6275482177734375
1780625914340738300,3.44973828125,0.1307373046875,0.9245147705078125,-0.6832275390625
1780625914350734300,3.459734375,0.07696533203125,0.9463348388671875,-0.6672515869140625
1780625914360729300,3.469729248046875,0.0423736572265625,0.95721435546875,-0.6179656982421875
1780625914370724000,3.47972412109375,0.056365966796875,0.94342041015625,-0.5975494384765625
1780625914380719000,3.489718994140625,0.0747528076171875,0.9356842041015625,-0.5711212158203125
1780625914390714000,3.499714111328125,0.11865234375,0.9654388427734375,-0.43719482421875
1780625914400709000,3.509709228515625,0.156646728515625,0.92523193359375,-0.3082275390625
1780625914410704400,3.519704345703125,0.1515045166015625,0.9202423095703125,-0.2058563232421875
1780625914420699400,3.529699462890625,0.227813720703125,0.873046875,-0.1588287353515625
1780625914430694400,3.5396943359375,0.254669189453125,0.7372894287109375,-0.191192626953125
1780625914440689400,3.549689453125,0.0503387451171875,0.9979248046875,-0.0841827392578125
1780625914450684400,3.559684326171875,-0.0120849609375,1.0695953369140625,-0.052337646484375
1780625914460679200,3.56967919921875,0.04742431640625,1.036468505859375,-0.1009063720703125
1780625914470674200,3.579674072265625,0.13665771484375,1.019622802734375,-0.132720947265625
1780625914480669200,3.589669189453125,0.115509033203125,0.976531982421875,-0.2115478515625
1780625914490664200,3.599664306640625,0.0941162109375,0.9453125,-0.2517852783203125
1780625914500659200,3.6096591796875,0.0951080322265625,0.9313201904296875,-0.2391510009765625
1780625914510654200,3.619654296875,0.065093994140625,0.9372406005859375,-0.1979217529296875
1780625914520650200,3.629650146484375,0.032928466796875,0.916534423828125,-0.123382568359375
1780625914530645200,3.639645263671875,0.0605316162109375,0.786865234375,-0.073486328125
1780625914540640300,3.64964013671875,0.1144866943359375,0.634063720703125,-0.025482177734375
1780625914550635300,3.65963525390625,0.1254730224609375,0.5098419189453125,-0.0052337646484375
1780625914560630300,3.66963037109375,0.1164093017578125,0.4174041748046875,-0.0222625732421875
1780625914570625300,3.679625244140625,0.0428619384765625,0.329376220703125,-0.0659027099609375
1780625914580620300,3.689620361328125,-0.013519287109375,0.3037872314453125,-0.0496368408203125
1780625914590615300,3.699615234375,-0.04779052734375,0.4102630615234375,0.042877197265625
1780625914600610300,3.7096103515625,-0.0804595947265625,0.7057037353515625,0.18646240234375
1780625914610605300,3.719605224609375,-0.10809326171875,1.0298919677734375,0.329925537109375
1780625914620600300,3.729600341796875,-0.2046966552734375,1.333892822265625,0.454345703125
1780625914630595300,3.73959521484375,-0.2672271728515625,1.6585540771484375,0.5306549072265625
1780625914640590000,3.749590087890625,-0.242919921875,1.95196533203125,0.5757904052734375
1780625914650585000,3.759585205078125,-0.1107025146484375,2.1345367431640625,0.5709381103515625
1780625914660580000,3.769580078125,0.0916595458984375,1.941741943359375,0.3329925537109375
1780625914670575400,3.779575439453125,0.2235565185546875,1.5042877197265625,-0.0711669921875
1780625914680570400,3.7895703125,0.2675628662109375,1.2538604736328125,-0.2421112060546875
1780625914690566400,3.79956640625,0.20660400390625,1.173492431640625,-0.167877197265625
1780625914700561400,3.8095615234375,0.0768585205078125,1.1156463623046875,-0.0301361083984375
1780625914710556200,3.81955615234375,-0.030975341796875,1.0617218017578125,0.144805908203125
1780625914720551200,3.82955126953125,-0.070281982421875,1.018280029296875,0.30999755859375
1780625914730546200,3.839546142578125,-0.0579833984375,0.9722900390625,0.4473419189453125
1780625914740541200,3.849541259765625,-0.033294677734375,0.932952880859375,0.544525146484375
1780625914750537000,3.859536865234375,-0.0126953125,0.9399566650390625,0.6284942626953125
1780625914760532000,3.869531982421875,0.0332183837890625,0.972686767578125,0.6919403076171875
1780625914770527000,3.87952685546875,0.09613037109375,1.0162353515625,0.7435455322265625
1780625914780522000,3.88952197265625,0.148284912109375,1.0440673828125,0.746429443359375
1780625914790516700,3.899516845703125,0.162445068359375,1.0447998046875,0.6893768310546875
1780625914800511700,3.90951171875,0.13922119140625,1.0026397705078125,0.5699310302734375
1780625914810506800,3.9195068359375,0.117279052734375,0.9755401611328125,0.524444580078125
1780625914820501800,3.929501708984375,0.106658935546875,0.966094970703125,0.514556884765625
1780625914830496800,3.939496826171875,0.101837158203125,0.96435546875,0.5090484619140625
1780625914840493000,3.9494931640625,0.1260223388671875,0.9403076171875,0.472747802734375
1780625914850488000,3.959488037109375,0.120574951171875,0.8748626708984375,0.377227783203125
1780625914860482800,3.96948291015625,0.0985260009765625,0.8917236328125,0.326019287109375
1780625914870477800,3.979477783203125,0.0942840576171875,0.854827880859375,0.228424072265625
1780625914880472800,3.989472900390625,0.0849761962890625,0.8524017333984375,0.1586761474609375
1780625914890467800,3.9994677734375,0.1147613525390625,0.826141357421875,0.09368896484375
1780625914900462800,4.009462890625,0.1195220947265625,0.7859039306640625,0.03424072265625
1780625914910457900,4.019457763671875,0.13018798828125,0.7908477783203125,0.00830078125
1780625914920452900,4.029452880859375,0.1678466796875,0.828399658203125,0.0182647705078125
1780625914930448000,4.03944775390625,0.22283935546875,0.882232666015625,0.044464111328125
1780625914940443000,4.04944287109375,0.2687835693359375,0.948944091796875,0.081512451171875
1780625914950438000,4.05943798828125,0.256988525390625,0.9795074462890625,0.1233367919921875
1780625914960432600,4.0694326171875,0.22113037109375,0.9925079345703125,0.1870574951171875
1780625914970427600,4.079427734375,0.1906890869140625,1.012939453125,0.2780914306640625
1780625914980422700,4.089422607421875,0.1905517578125,1.056427001953125,0.371826171875
1780625914990418000,4.09941796875,0.2315521240234375,1.0361175537109375,0.3781890869140625
1780625915000413000,4.109412841796875,0.2708587646484375,0.9660186767578125,0.3085174560546875
1780625915010409000,4.119408935546875,0.290740966796875,0.926971435546875,0.2639923095703125
1780625915020404000,4.129404052734375,0.2860870361328125,0.883392333984375,0.22454833984375
1780625915030398700,4.139398681640625,0.2239227294921875,0.867584228515625,0.235107421875
1780625915040393700,4.149393798828125,0.1392974853515625,0.8819427490234375,0.28350830078125
1780625915050388700,4.159388671875,0.10357666015625,0.92254638671875,0.310272216796875
1780625915060383700,4.1693837890625,0.1345977783203125,0.9387054443359375,0.31341552734375
1780625915070378800,4.179378662109375,0.1466827392578125,0.9257354736328125,0.31451416015625
1780625915080373800,4.189373779296875,0.166839599609375,0.9111328125,0.3240966796875
1780625915090368800,4.19936865234375,0.21392822265625,0.8946380615234375,0.3346099853515625
1780625915100363800,4.20936376953125,0.2651824951171875,0.8889923095703125,0.349578857421875
1780625915110359000,4.219359130859375,0.2958984375,0.900848388671875,0.352691650390625
1780625915120354000,4.22935400390625,0.2940216064453125,0.9094085693359375,0.3463134765625
1780625915130348800,4.239348876953125,0.2606658935546875,0.9115447998046875,0.3385009765625
1780625915140343800,4.24934375,0.2174530029296875,0.899810791015625,0.325042724609375
1780625915150338800,4.2593388671875,0.184844970703125,0.8853759765625,0.3137969970703125
1780625915160334800,4.2693349609375,0.1810302734375,0.8724212646484375,0.3074188232421875
1780625915170329900,4.279329833984375,0.211669921875,0.8538970947265625,0.29583740234375
1780625915180324900,4.289324951171875,0.2639312744140625,0.8423309326171875,0.279083251953125
1780625915190319900,4.29931982421875,0.3069915771484375,0.8330230712890625,0.2587738037109375
1780625915200315000,4.30931494140625,0.3297576904296875,0.8274383544921875,0.2360076904296875
1780625915210309600,4.3193095703125,0.3244171142578125,0.8255157470703125,0.2150115966796875
1780625915220305000,4.329304931640625,0.3049468994140625,0.825164794921875,0.20233154296875
1780625915230300000,4.3392998046875,0.28759765625,0.8231353759765625,0.1958465576171875
1780625915240295000,4.349294921875,0.2848358154296875,0.821258544921875,0.192962646484375
1780625915250290000,4.3592900390625,0.2849273681640625,0.832000732421875,0.197357177734375
1780625915260285000,4.369284912109375,0.2928466796875,0.850067138671875,0.2002410888671875
1780625915270280000,4.379280029296875,0.29779052734375,0.8687591552734375,0.2039947509765625
1780625915280275000,4.38927490234375,0.2922515869140625,0.8870086669921875,0.2041168212890625
1780625915290270000,4.39927001953125,0.2823486328125,0.90045166015625,0.207244873046875
1780625915300265000,4.409264892578125,0.266754150390625,0.9017333984375,0.2113800048828125
1780625915310259700,4.419259765625,0.257568359375,0.89691162109375,0.22357177734375
1780625915320254700,4.429254638671875,0.2662506103515625,0.8878631591796875,0.2375640869140625
1780625915330250800,4.439250732421875,0.28619384765625,0.870574951171875,0.2487945556640625
1780625915340246000,4.44924609375,0.313507080078125,0.8420867919921875,0.248046875
1780625915350241000,4.459240966796875,0.350250244140625,0.8155364990234375,0.2353973388671875
1780625915360236000,4.469236083984375,0.39874267578125,0.7945709228515625,0.2162628173828125
1780625915370231000,4.47923095703125,0.4494171142578125,0.782623291015625,0.1851959228515625
1780625915380225800,4.489225830078125,0.4593048095703125,0.8066558837890625,0.133544921875
1780625915390220800,4.499220703125,0.458343505859375,0.8658905029296875,0.0871124267578125
1780625915400215800,4.5092158203125,0.4629974365234375,0.9293975830078125,0.0561676025390625
1780625915410210800,4.5192109375,0.4732513427734375,0.9857940673828125,0.0438690185546875
1780625915420205800,4.529205810546875,0.5016937255859375,1.0428009033203125,0.057342529296875
1780625915430200800,4.539200927734375,0.546417236328125,1.0910186767578125,0.086822509765625
1780625915440195800,4.54919580078125,0.5872650146484375,1.1053009033203125,0.11572265625
1780625915450190800,4.55919091796875,0.5831146240234375,1.059814453125,0.125274658203125
1780625915460185900,4.569185791015625,0.5154571533203125,1.00018310546875,0.1510772705078125
1780625915470180900,4.579180908203125,0.4407501220703125,0.980224609375,0.204986572265625
1780625915480175600,4.589175537109375,0.387786865234375,0.9965972900390625,0.2460784912109375
1780625915490172000,4.599171875,0.3091278076171875,1.0323944091796875,0.274169921875
1780625915500167000,4.6091669921875,0.18194580078125,1.056060791015625,0.3135986328125
1780625915510162000,4.619161865234375,0.0691070556640625,1.04132080078125,0.3643035888671875
1780625915520157000,4.629156982421875,-0.0140533447265625,0.9635009765625,0.394012451171875
1780625915530152000,4.63915185546875,-0.084136962890625,0.857757568359375,0.4028167724609375
1780625915540147000,4.64914697265625,-0.100677490234375,0.7912445068359375,0.421417236328125
1780625915550141700,4.6591416015625,-0.0484161376953125,0.7794342041015625,0.45086669921875
1780625915560136700,4.66913671875,0.0529937744140625,0.8232879638671875,0.50054931640625
1780625915570131700,4.679131591796875,0.19720458984375,0.9107818603515625,0.5472564697265625
1780625915580126700,4.689126708984375,0.26104736328125,1.0143280029296875,0.53106689453125
1780625915590121700,4.699121826171875,0.1628570556640625,1.1058197021484375,0.4749298095703125
1780625915600117000,4.709116943359375,0.0272216796875,1.14862060546875,0.3944091796875
1780625915610112000,4.719112060546875,-0.040374755859375,1.116424560546875,0.285400390625
1780625915620107000,4.72910693359375,-0.016021728515625,1.03466796875,0.1915283203125
1780625915630102000,4.73910205078125,0.02325439453125,0.957855224609375,0.1297454833984375
1780625915640097000,4.749096923828125,0.0247955322265625,0.9131622314453125,0.1033782958984375
1780625915650092800,4.7590927734375,-0.008392333984375,0.90997314453125,0.125579833984375
1780625915660087800,4.769087890625,-0.072357177734375,0.9285888671875,0.1904296875
1780625915670082800,4.779082763671875,-0.086181640625,0.9344024658203125,0.2469024658203125
1780625915680077800,4.789077880859375,-0.0357208251953125,0.92755126953125,0.2771453857421875
1780625915690072800,4.79907275390625,0.0157012939453125,0.9229736328125,0.275726318359375
1780625915700067800,4.80906787109375,0.06072998046875,0.93255615234375,0.2520751953125
1780625915710062800,4.819062744140625,0.1012725830078125,0.9488067626953125,0.2243194580078125
1780625915720057900,4.829057861328125,0.13543701171875,0.9782562255859375,0.229705810546875
1780625915730052900,4.839052978515625,0.1625518798828125,1.00732421875,0.2641448974609375
1780625915740048000,4.8490478515625,0.1551513671875,1.005157470703125,0.2964630126953125
1780625915750042400,4.85904248046875,0.12066650390625,0.9693145751953125,0.305328369140625
1780625915760037400,4.869037353515625,0.0880889892578125,0.9407806396484375,0.2949981689453125
1780625915770032400,4.879032470703125,0.07666015625,0.917205810546875,0.2565155029296875
1780625915780027400,4.88902734375,0.07696533203125,0.9044342041015625,0.1998443603515625
1780625915790022400,4.8990224609375,0.0899658203125,0.9171905517578125,0.149261474609375
1780625915800017400,4.909017333984375,0.1153717041015625,0.9440155029296875,0.12042236328125
1780625915810013200,4.91901318359375,0.1280364990234375,0.980926513671875,0.116485595703125
1780625915820008200,4.92900830078125,0.1259002685546875,1.0170745849609375,0.138092041015625
1780625915830003500,4.93900341796875,0.1150665283203125,1.0406646728515625,0.17791748046875
1780625915839998500,4.94899853515625,0.09283447265625,1.034088134765625,0.2164154052734375
1780625915849993500,4.958993408203125,0.0665130615234375,1.00592041015625,0.233245849609375
1780625915859988500,4.968988525390625,0.041229248046875,0.9821624755859375,0.22747802734375
1780625915869983500,4.9789833984375,0.018035888671875,0.9618682861328125,0.2141876220703125
1780625915879978500,4.988978515625,0.0092926025390625,0.9448699951171875,0.206573486328125
1780625915889973500,4.998973388671875,0.0224609375,0.9376220703125,0.2113189697265625
1780625915899968500,5.008968505859375,0.0426788330078125,0.9396209716796875,0.2259063720703125
1780625915909963300,5.01896337890625,0.0568695068359375,0.94622802734375,0.2416534423828125
1780625915919958300,5.028958251953125,0.0614471435546875,0.96630859375,0.2666778564453125
1780625915929953300,5.038953369140625,0.0538787841796875,0.984649658203125,0.287353515625
1780625915939948300,5.0489482421875,0.0252838134765625,0.976287841796875,0.2872161865234375
1780625915949943300,5.058943359375,0.005615234375,0.9484405517578125,0.2767333984375
1780625915959938300,5.068938232421875,-0.002410888671875,0.93536376953125,0.2596893310546875
1780625915969934300,5.078934326171875,0.0001373291015625,0.9317779541015625,0.23541259765625
1780625915979929300,5.088929443359375,0.0077667236328125,0.9368743896484375,0.2173309326171875
1780625915989924400,5.09892431640625,0.01959228515625,0.955963134765625,0.2050323486328125
1780625915999919400,5.10891943359375,0.03167724609375,0.9822998046875,0.1930084228515625
1780625916009914400,5.118914306640625,0.0321197509765625,1.0153045654296875,0.18658447265625
1780625916019909400,5.128909423828125,0.0204925537109375,1.0411376953125,0.1866912841796875
1780625916029904400,5.138904296875,0.0148162841796875,1.04388427734375,0.1949005126953125
1780625916039899400,5.1488994140625,0.0206298828125,1.0184173583984375,0.1929931640625
1780625916049894400,5.158894287109375,0.0339202880859375,0.972869873046875,0.173583984375
1780625916059889400,5.168889404296875,0.04949951171875,0.94384765625,0.161041259765625
1780625916069884400,5.178884521484375,0.041015625,0.9528961181640625,0.1566314697265625
1780625916079879200,5.188879150390625,0.018798828125,0.9772796630859375,0.1497650146484375
1780625916089874400,5.19887451171875,-0.00396728515625,1.0070953369140625,0.154327392578125
1780625916099869400,5.208869384765625,-0.021514892578125,1.01898193359375,0.167205810546875
1780625916109864400,5.218864501953125,-0.037139892578125,0.996246337890625,0.1738433837890625
1780625916119859500,5.228859375,-0.0377349853515625,0.96905517578125,0.1747589111328125
1780625916129855500,5.23885546875,-0.010223388671875,0.95404052734375,0.1571807861328125
1780625916139850500,5.2488505859375,0.0446929931640625,0.9524688720703125,0.127960205078125
1780625916149845200,5.25884521484375,0.106170654296875,0.9666748046875,0.1046295166015625
1780625916159840300,5.26884033203125,0.1522979736328125,0.9957275390625,0.0934295654296875
1780625916169835300,5.278835205078125,0.1771392822265625,1.0308990478515625,0.08758544921875
1780625916179830300,5.288830322265625,0.18572998046875,1.0543060302734375,0.0844268798828125
1780625916189825300,5.2988251953125,0.171478271484375,1.059906005859375,0.0809326171875
1780625916199820300,5.3088203125,0.1271514892578125,1.0347747802734375,0.08001708984375
1780625916209815600,5.318815673828125,0.089385986328125,0.99786376953125,0.103729248046875
1780625916219810600,5.328810546875,0.0679473876953125,0.9748687744140625,0.1440887451171875
1780625916229805600,5.3388056640625,0.0534515380859375,0.96435546875,0.186370849609375
1780625916239800600,5.348800537109375,0.050750732421875,0.96026611328125,0.2174835205078125
1780625916249795300,5.35879541015625,0.0506744384765625,0.95037841796875,0.23760986328125
1780625916259790300,5.368790283203125,0.0466461181640625,0.944091796875,0.25091552734375
1780625916269785300,5.378785400390625,0.041534423828125,0.9453582763671875,0.26495361328125
1780625916279781400,5.388781494140625,0.0390777587890625,0.9537506103515625,0.268768310546875
1780625916289776400,5.3987763671875,0.044769287109375,0.9563446044921875,0.2597808837890625
1780625916299771400,5.408771484375,0.044769287109375,0.951812744140625,0.23553466796875
1780625916309766400,5.418766357421875,0.037261962890625,0.9478302001953125,0.2010345458984375
1780625916319761200,5.42876123046875,0.0374603271484375,0.954071044921875,0.1835174560546875
1780625916329756400,5.43875634765625,0.063079833984375,0.96258544921875,0.178314208984375
1780625916339751400,5.44875146484375,0.0953521728515625,0.9728851318359375,0.1771697998046875
1780625916349746400,5.458746337890625,0.1051788330078125,0.9908599853515625,0.1771240234375
1780625916359741400,5.468741455078125,0.091705322265625,1.006134033203125,0.1744842529296875
1780625916369736400,5.478736328125,0.0809478759765625,1.020233154296875,0.1716461181640625
1780625916379731500,5.4887314453125,0.072662353515625,1.0224609375,0.162384033203125
1780625916389726500,5.4987265625,0.0597381591796875,0.987213134765625,0.1433563232421875
1780625916399721500,5.508721435546875,0.04315185546875,0.9415283203125,0.1352691650390625
1780625916409716500,5.518716552734375,0.031890869140625,0.923828125,0.1392059326171875
1780625916419711200,5.528711181640625,0.0285797119140625,0.9324798583984375,0.148406982421875
1780625916429706200,5.538706298828125,0.03240966796875,0.962371826171875,0.1670379638671875
1780625916439702500,5.54870263671875,0.0431671142578125,0.996978759765625,0.19451904296875
1780625916449697500,5.558697509765625,0.052520751953125,1.0196533203125,0.2222747802734375
1780625916459692500,5.568692626953125,0.0648193359375,1.021240234375,0.248779296875
1780625916469687600,5.5786875,0.0801849365234375,0.99615478515625,0.261138916015625
1780625916479682600,5.5886826171875,0.1087493896484375,0.9633331298828125,0.2458343505859375
1780625916489677300,5.59867724609375,0.1416473388671875,0.950225830078125,0.2229461669921875
1780625916499672300,5.60867236328125,0.14923095703125,0.94976806640625,0.199737548828125
1780625916509667300,5.618667236328125,0.1242523193359375,0.9656524658203125,0.183868408203125
1780625916519662300,5.628662353515625,0.1069488525390625,0.9829254150390625,0.1703643798828125
1780625916529657300,5.6386572265625,0.10882568359375,0.997772216796875,0.1478271484375
1780625916539652400,5.64865234375,0.115997314453125,1.0260772705078125,0.1287078857421875
1780625916549647400,5.6586474609375,0.119598388671875,1.042083740234375,0.108917236328125
1780625916559642400,5.668642333984375,0.1044464111328125,1.0306396484375,0.0929412841796875
1780625916569637400,5.678637451171875,0.0756072998046875,1.0062408447265625,0.096832275390625
1780625916579632400,5.68863232421875,0.0440521240234375,0.9832000732421875,0.1146697998046875
1780625916589627400,5.69862744140625,0.0104522705078125,0.9702301025390625,0.144561767578125
1780625916599623400,5.70862353515625,-0.0230560302734375,0.9677734375,0.1826934814453125
1780625916609618400,5.718618408203125,-0.0433349609375,0.9617919921875,0.22198486328125
1780625916619613400,5.728613525390625,-0.048583984375,0.9534149169921875,0.25927734375
1780625916629608400,5.7386083984375,-0.037841796875,0.9524078369140625,0.28570556640625
1780625916639603500,5.748603515625,-0.030914306640625,0.95855712890625,0.3021087646484375
1780625916649598500,5.758598388671875,-0.028076171875,0.9651641845703125,0.2986602783203125
1780625916659593200,5.76859326171875,-0.020172119140625,0.9685516357421875,0.2905120849609375
1780625916669588200,5.778588134765625,-0.010345458984375,0.9662017822265625,0.28363037109375
1780625916679583200,5.788583251953125,0.0018310546875,0.959716796875,0.2858428955078125
1780625916689578200,5.798578125,0.0143585205078125,0.9535369873046875,0.3001251220703125
1780625916699573200,5.8085732421875,0.01678466796875,0.9423828125,0.31085205078125
1780625916709568500,5.818568603515625,0.01751708984375,0.9400177001953125,0.3121185302734375
1780625916719563500,5.8285634765625,0.02471923828125,0.9408721923828125,0.3007354736328125
1780625916729558500,5.83855859375,0.0273284912109375,0.939422607421875,0.2843170166015625
1780625916739553500,5.848553466796875,0.0209503173828125,0.9420928955078125,0.269195556640625
1780625916749549800,5.8585498046875,0.01690673828125,0.9523773193359375,0.257904052734375
1780625916759544800,5.868544921875,0.00823974609375,0.9604949951171875,0.2474212646484375
1780625916769539800,5.878539794921875,0.0050506591796875,0.960296630859375,0.2371673583984375
1780625916779534800,5.888534912109375,0.01190185546875,0.9618377685546875,0.2334747314453125
1780625916789529900,5.89852978515625,0.0255584716796875,0.970550537109375,0.2386322021484375
1780625916799524900,5.90852490234375,0.0345458984375,0.982421875,0.25311279296875
1780625916809520000,5.91852001953125,0.0411834716796875,0.9896240234375,0.259246826171875
1780625916819515000,5.928514892578125,0.0517425537109375,0.9868927001953125,0.2602996826171875
1780625916829510000,5.938510009765625,0.0677337646484375,0.9723358154296875,0.2517242431640625
1780625916839505000,5.9485048828125,0.076202392578125,0.9550323486328125,0.23370361328125
1780625916849500000,5.9585,0.0730438232421875,0.944091796875,0.2218017578125
1780625916859495000,5.968494873046875,0.06378173828125,0.9388885498046875,0.21478271484375
1780625916869490000,5.978489990234375,0.063751220703125,0.9435577392578125,0.207763671875
1780625916879485000,5.98848486328125,0.0616455078125,0.949493408203125,0.201690673828125
1780625916889480000,5.99847998046875,0.0583038330078125,0.9558258056640625,0.2032928466796875
1780625916899475700,6.008475830078125,0.0555877685546875,0.965850830078125,0.2189788818359375
1780625916909470700,6.018470703125,0.0547332763671875,0.980499267578125,0.243560791015625
1780625916919465700,6.0284658203125,0.051422119140625,0.9853515625,0.2588958740234375
1780625916929461000,6.0384609375,0.059478759765625,0.98455810546875,0.265625
1780625916939456000,6.0484560546875,0.065521240234375,0.9823455810546875,0.2757110595703125
1780625916949451000,6.058450927734375,0.0682220458984375,0.9698028564453125,0.2853851318359375
1780625916959446000,6.068446044921875,0.0743560791015625,0.946441650390625,0.2791900634765625
1780625916969441000,6.07844091796875,0.0856781005859375,0.927398681640625,0.2634735107421875
1780625916979436000,6.08843603515625,0.0894622802734375,0.9222412109375,0.24365234375
1780625916989430800,6.0984306640625,0.077178955078125,0.9285888671875,0.2275543212890625
1780625916999425800,6.10842578125,0.0676422119140625,0.9493408203125,0.22711181640625
1780625917009420800,6.1184208984375,0.065582275390625,0.9739837646484375,0.241302490234375
1780625917019415800,6.128415771484375,0.06719970703125,0.9917144775390625,0.259765625
1780625917029410800,6.138410888671875,0.0660552978515625,1.0013275146484375,0.2758026123046875
1780625917039405800,6.14840576171875,0.0638885498046875,0.9972686767578125,0.281768798828125
1780625917049400800,6.15840087890625,0.0610504150390625,0.9830169677734375,0.288818359375
1780625917059396900,6.16839697265625,0.06268310546875,0.957244873046875,0.2972564697265625
1780625917069392000,6.178391845703125,0.067474365234375,0.9296112060546875,0.2921905517578125
1780625917079387000,6.188386962890625,0.071258544921875,0.9168701171875,0.2840423583984375
1780625917089382000,6.1983818359375,0.065521240234375,0.9266204833984375,0.277099609375
1780625917099377000,6.208376953125,0.0439605712890625,0.947784423828125,0.2707061767578125
1780625917109372000,6.218371826171875,0.0287933349609375,0.9612579345703125,0.271087646484375
1780625917119367000,6.228366943359375,0.0284576416015625,0.9647216796875,0.275665283203125
1780625917129362000,6.23836181640625,0.0344085693359375,0.964202880859375,0.284637451171875
1780625917139357000,6.24835693359375,0.0411376953125,0.9621124267578125,0.294158935546875
1780625917149352000,6.25835205078125,0.045654296875,0.95904541015625,0.303131103515625
1780625917159347000,6.268346923828125,0.0517425537109375,0.956451416015625,0.30615234375
1780625917169341700,6.278341796875,0.056671142578125,0.952117919921875,0.3012237548828125
1780625917179336700,6.288336669921875,0.0571746826171875,0.947601318359375,0.2887725830078125
1780625917189332000,6.29833203125,0.06121826171875,0.9400177001953125,0.2802734375
1780625917199327000,6.308326904296875,0.066864013671875,0.9407501220703125,0.2816925048828125
1780625917209323000,6.318322998046875,0.0725555419921875,0.947113037109375,0.2904052734375
1780625917219318000,6.328318115234375,0.0763397216796875,0.95001220703125,0.2940521240234375
1780625917229313000,6.33831298828125,0.0768890380859375,0.9529571533203125,0.294036865234375
1780625917239307800,6.348307861328125,0.07745361328125,0.95770263671875,0.2864227294921875
1780625917249302800,6.358302734375,0.0783233642578125,0.956939697265625,0.27886962890625
1780625917259297800,6.3682978515625,0.08343505859375,0.9558563232421875,0.27191162109375
1780625917269292800,6.378292724609375,0.0812225341796875,0.9594268798828125,0.263153076171875
1780625917279287800,6.388287841796875,0.0753021240234375,0.9658660888671875,0.2564697265625
1780625917289282800,6.39828271484375,0.0684051513671875,0.97265625,0.251739501953125
1780625917299277800,6.40827783203125,0.0670928955078125,0.9742279052734375,0.254364013671875
1780625917309273000,6.418273193359375,0.0705413818359375,0.9693603515625,0.2570953369140625
1780625917319268000,6.42826806640625,0.0805206298828125,0.95989990234375,0.2534942626953125
1780625917329262800,6.438262939453125,0.08843994140625,0.9481964111328125,0.248291015625
1780625917339257900,6.4482578125,0.0990142822265625,0.9522552490234375,0.24456787109375
1780625917349252900,6.4582529296875,0.1009674072265625,0.9643096923828125,0.2511749267578125
1780625917359249000,6.468248779296875,0.1016998291015625,0.9652099609375,0.2588348388671875
1780625917369244000,6.478243896484375,0.1035308837890625,0.955474853515625,0.263153076171875
1780625917379239000,6.488239013671875,0.1018829345703125,0.9403533935546875,0.26348876953125
1780625917389234000,6.49823388671875,0.0916290283203125,0.9334259033203125,0.267120361328125
1780625917399229000,6.50822900390625,0.0735321044921875,0.9329986572265625,0.2744598388671875
1780625917409223700,6.5182236328125,0.0669403076171875,0.9316558837890625,0.28070068359375
1780625917419218700,6.52821875,0.074249267578125,0.9253387451171875,0.27880859375
1780625917429214000,6.5382138671875,0.083160400390625,0.9208831787109375,0.277191162109375
1780625917439209000,6.548208984375,0.0851898193359375,0.9161224365234375,0.280059814453125
1780625917449204000,6.558203857421875,0.0770263671875,0.9120635986328125,0.2833709716796875
1780625917459199000,6.568198974609375,0.065216064453125,0.9185028076171875,0.2879638671875
1780625917469194000,6.578194091796875,0.0519866943359375,0.9373931884765625,0.2978973388671875
1780625917479189000,6.58818896484375,0.0457763671875,0.9699859619140625,0.3128204345703125
1780625917489184000,6.59818408203125,0.054779052734375,0.9972076416015625,0.3247833251953125
1780625917499179000,6.608178955078125,0.0806121826171875,0.99462890625,0.321319580078125
1780625917509174800,6.6181748046875,0.1116485595703125,0.979034423828125,0.3135833740234375
1780625917519169800,6.628169677734375,0.12896728515625,0.9557037353515625,0.2945404052734375
1780625917529164800,6.638164794921875,0.1311492919921875,0.93878173828125,0.282684326171875
1780625917539159800,6.648159912109375,0.1271209716796875,0.92767333984375,0.289459228515625
1780625917549155000,6.658155029296875,0.1219024658203125,0.93170166015625,0.32080078125
1780625917559150000,6.668150146484375,0.111419677734375,0.942352294921875,0.3629913330078125
1780625917569145000,6.67814501953125,0.0972747802734375,0.95208740234375,0.3909759521484375
1780625917579139800,6.688139892578125,0.0833587646484375,0.950775146484375,0.3979339599609375
1780625917589134800,6.698134765625,0.0632171630859375,0.9454193115234375,0.3910980224609375
1780625917599129900,6.7081298828125,0.0415191650390625,0.942230224609375,0.3856964111328125
1780625917609124900,6.718124755859375,0.0338134765625,0.9300384521484375,0.37152099609375
1780625917619119900,6.728119873046875,0.050811767578125,0.908233642578125,0.3588409423828125
1780625917629115000,6.738114990234375,0.0898590087890625,0.8764801025390625,0.340667724609375
1780625917639110000,6.74810986328125,0.1278533935546875,0.84698486328125,0.3259429931640625
1780625917649105000,6.75810498046875,0.157073974609375,0.8284912109375,0.3180084228515625
1780625917659100000,6.768099853515625,0.1758270263671875,0.8317108154296875,0.3111114501953125
1780625917669096000,6.778095947265625,0.1744232177734375,0.8551177978515625,0.3075714111328125
1780625917679091000,6.788091064453125,0.1575775146484375,0.887420654296875,0.2947235107421875
1780625917689086000,6.7980859375,0.140777587890625,0.92779541015625,0.276336669921875
1780625917699081000,6.8080810546875,0.129638671875,0.97418212890625,0.2748870849609375
1780625917709076000,6.818075927734375,0.1274566650390625,1.0125579833984375,0.271453857421875
1780625917719071000,6.828071044921875,0.1345062255859375,1.032318115234375,0.2675323486328125
1780625917729066000,6.83806591796875,0.1492462158203125,1.0256805419921875,0.2700042724609375
1780625917739061000,6.84806103515625,0.167327880859375,0.9956817626953125,0.271636962890625
1780625917749055200,6.85805517578125,0.1804046630859375,0.9582977294921875,0.2731475830078125
1780625917759050200,6.86805029296875,0.1806793212890625,0.9309844970703125,0.2827606201171875
1780625917769045000,6.878044921875,0.1695709228515625,0.92303466796875,0.299285888671875
1780625917779040300,6.888040283203125,0.1492462158203125,0.92230224609375,0.319061279296875
1780625917789035300,6.89803515625,0.1192474365234375,0.9132080078125,0.34344482421875
1780625917799030300,6.9080302734375,0.07965087890625,0.89691162109375,0.37579345703125
1780625917809025300,6.918025390625,0.0407867431640625,0.89569091796875,0.4097137451171875
1780625917819021300,6.928021240234375,0.0235595703125,0.8974761962890625,0.42376708984375
1780625917829016300,6.938016357421875,0.0258331298828125,0.890777587890625,0.4091644287109375
1780625917839011000,6.948010986328125,0.0390625,0.8930816650390625,0.39190673828125
1780625917849006000,6.958006103515625,0.0599212646484375,0.897857666015625,0.3768463134765625
1780625917859001000,6.9680009765625,0.0836029052734375,0.9066009521484375,0.3675537109375
1780625917868996000,6.97799609375,0.1047821044921875,0.9193572998046875,0.3700103759765625
1780625917878991000,6.9879912109375,0.12213134765625,0.9349822998046875,0.3898468017578125
1780625917888986000,6.997986083984375,0.127593994140625,0.9552154541015625,0.4192657470703125
1780625917898981400,7.0079814453125,0.12799072265625,0.970794677734375,0.437255859375
1780625917908976400,7.017976318359375,0.1282958984375,0.957489013671875,0.4366455078125
1780625917918971400,7.027971435546875,0.1267242431640625,0.93023681640625,0.4211883544921875
1780625917928966400,7.03796630859375,0.12286376953125,0.9030914306640625,0.3924713134765625
1780625917938961200,7.047961181640625,0.111236572265625,0.8818511962890625,0.354705810546875
1780625917948956200,7.0579560546875,0.093963623046875,0.8791046142578125,0.323028564453125
1780625917958952200,7.0679521484375,0.067840576171875,0.8911285400390625,0.3040618896484375
1780625917968947200,7.077947265625,0.0440826416015625,0.9263763427734375,0.3030242919921875
1780625917978942200,7.087942138671875,0.047515869140625,0.983612060546875,0.3223114013671875
1780625917988937200,7.097937255859375,0.069091796875,1.0328521728515625,0.3416290283203125
1780625917998932200,7.10793212890625,0.0991363525390625,1.0565185546875,0.3523712158203125
1780625918008927200,7.11792724609375,0.13812255859375,1.0469970703125,0.353179931640625
1780625918018922200,7.127922119140625,0.1851043701171875,1.007537841796875,0.326202392578125
1780625918028917200,7.137917236328125,0.225311279296875,0.961883544921875,0.3001708984375
1780625918038912300,7.147912353515625,0.24273681640625,0.918548583984375,0.2650146484375
1780625918048907300,7.1579072265625,0.233489990234375,0.8915252685546875,0.233551025390625
1780625918058902300,7.16790234375,0.2102203369140625,0.8838348388671875,0.2207183837890625
1780625918068897300,7.177897216796875,0.1812896728515625,0.8948211669921875,0.2288360595703125
1780625918078892300,7.187892333984375,0.1496734619140625,0.9274444580078125,0.251007080078125
1780625918088887300,7.19788720703125,0.1188201904296875,0.9653778076171875,0.2735748291015625
1780625918098882300,7.20788232421875,0.09765625,0.9874267578125,0.3076019287109375
1780625918108878000,7.217878173828125,0.0900421142578125,0.985015869140625,0.3578948974609375
1780625918118873000,7.227873046875,0.095672607421875,0.9627532958984375,0.4123992919921875
1780625918128868400,7.237868408203125,0.11663818359375,0.9273529052734375,0.46044921875
1780625918138863400,7.24786328125,0.1432342529296875,0.8826904296875,0.4892120361328125
1780625918148858400,7.2578583984375,0.1622467041015625,0.8394927978515625,0.49273681640625
1780625918158853400,7.267853271484375,0.1728515625,0.818756103515625,0.4673004150390625
1780625918168848400,7.277848388671875,0.16583251953125,0.8198699951171875,0.423126220703125
1780625918178843100,7.287843017578125,0.1404266357421875,0.838531494140625,0.370574951171875
1780625918188838100,7.297838134765625,0.1071014404296875,0.8575439453125,0.333587646484375
1780625918198833200,7.307833251953125,0.073394775390625,0.873992919921875,0.3417510986328125
1780625918208828200,7.317828125,0.0574493408203125,0.8842620849609375,0.3819732666015625
1780625918218823200,7.3278232421875,0.06488037109375,0.883270263671875,0.424224853515625
1780625918228818200,7.337818115234375,0.0833282470703125,0.8759765625,0.454010009765625
1780625918238813200,7.347813232421875,0.096832275390625,0.8669281005859375,0.4654083251953125
1780625918248808200,7.35780810546875,0.1041412353515625,0.86151123046875,0.4574127197265625
1780625918258804200,7.36780419921875,0.1055755615234375,0.8611907958984375,0.429931640625
1780625918268799200,7.37779931640625,0.101531982421875,0.873992919921875,0.398101806640625
1780625918278794200,7.387794189453125,0.09332275390625,0.885284423828125,0.370941162109375
1780625918288789200,7.397789306640625,0.092620849609375,0.8908843994140625,0.35894775390625
1780625918298784300,7.4077841796875,0.0912933349609375,0.8931427001953125,0.3541107177734375
1780625918308779300,7.417779296875,0.0843658447265625,0.8969268798828125,0.3575897216796875
1780625918318774300,7.427774169921875,0.0745697021484375,0.9007568359375,0.3715057373046875
1780625918328769300,7.437769287109375,0.0618438720703125,0.90093994140625,0.39471435546875
1780625918338764300,7.447764404296875,0.047607421875,0.8963775634765625,0.427886962890625
1780625918348759300,7.45775927734375,0.038665771484375,0.9019317626953125,0.459747314453125
1780625918358754000,7.467754150390625,0.0456695556640625,0.9219207763671875,0.492156982421875
1780625918368749000,7.4777490234375,0.0590972900390625,0.9427642822265625,0.51416015625
1780625918378744000,7.487744140625,0.0673828125,0.9541015625,0.52239990234375
1780625918388739000,7.497739013671875,0.074798583984375,0.945648193359375,0.51593017578125
1780625918398734300,7.507734375,0.079010009765625,0.9251556396484375,0.4990692138671875
1780625918408730400,7.51773046875,0.069976806640625,0.903106689453125,0.4780426025390625
1780625918418725400,7.527725341796875,0.0516510009765625,0.8964996337890625,0.4649200439453125
1780625918428720000,7.53772021484375,0.0337677001953125,0.8930206298828125,0.4638671875
1780625918438715100,7.547715087890625,0.0177001953125,0.88494873046875,0.4680938720703125
1780625918448710100,7.557710205078125,0.0113067626953125,0.8793792724609375,0.4706268310546875
1780625918458705200,7.567705078125,0.017364501953125,0.8814849853515625,0.47271728515625
1780625918468700200,7.5777001953125,0.029541015625,0.8824615478515625,0.4660491943359375
1780625918478695200,7.587695068359375,0.0413360595703125,0.88153076171875,0.4554901123046875
1780625918488690200,7.597690185546875,0.03961181640625,0.8776092529296875,0.4486236572265625
1780625918498685200,7.607685302734375,0.0280303955078125,0.87103271484375,0.454681396484375
1780625918508680400,7.617680419921875,0.020263671875,0.8642578125,0.467559814453125
1780625918518675200,7.62767529296875,0.025848388671875,0.8593292236328125,0.47760009765625
1780625918528670200,7.637670166015625,0.040618896484375,0.860809326171875,0.4816131591796875
1780625918538665200,7.647665283203125,0.0555267333984375,0.8675994873046875,0.47412109375
1780625918548660200,7.65766015625,0.06829833984375,0.879425048828125,0.4589080810546875
1780625918558656300,7.66765625,0.07501220703125,0.88818359375,0.4430084228515625
1780625918568651300,7.6776513671875,0.0763702392578125,0.89129638671875,0.4283447265625
1780625918578646300,7.687646240234375,0.07391357421875,0.8929443359375,0.420806884765625
1780625918588641300,7.697641357421875,0.0677642822265625,0.898040771484375,0.421234130859375
1780625918598636000,7.707635986328125,0.0574493408203125,0.9037933349609375,0.4267730712890625
1780625918608631000,7.717631103515625,0.05224609375,0.9075469970703125,0.43316650390625
1780625918618626000,7.7276259765625,0.04791259765625,0.9072723388671875,0.44549560546875
1780625918628621300,7.737621337890625,0.0503082275390625,0.90020751953125,0.4550933837890625
1780625918638616300,7.7476162109375,0.05517578125,0.88800048828125,0.4581298828125
1780625918648611300,7.757611328125,0.05718994140625,0.874420166015625,0.461212158203125
1780625918658606300,7.7676064453125,0.055755615234375,0.8602447509765625,0.4553375244140625
1780625918668601300,7.777601318359375,0.0551605224609375,0.85247802734375,0.454803466796875
1780625918678596400,7.787596435546875,0.0517425537109375,0.85174560546875,0.4573822021484375
1780625918688591400,7.79759130859375,0.044952392578125,0.8616485595703125,0.4579620361328125
1780625918698586000,7.807586181640625,0.0470428466796875,0.877471923828125,0.457183837890625
1780625918708582100,7.81758203125,0.06378173828125,0.88922119140625,0.45458984375
1780625918718577200,7.8275771484375,0.0759429931640625,0.899169921875,0.444915771484375
1780625918728572200,7.837572265625,0.0840911865234375,0.910675048828125,0.4324798583984375
1780625918738567200,7.847567138671875,0.0835418701171875,0.9232635498046875,0.42498779296875
1780625918748562200,7.857562255859375,0.0552978515625,0.9317779541015625,0.4211883544921875
1780625918758557200,7.86755712890625,0.01080322265625,0.9270172119140625,0.41021728515625
1780625918768552200,7.87755224609375,0.0172576904296875,0.919464111328125,0.403533935546875
1780625918778547000,7.887546875,0.061248779296875,0.9164276123046875,0.393585205078125
1780625918788542000,7.8975419921875,0.1147613525390625,0.91278076171875,0.3856048583984375
1780625918798537000,7.907536865234375,0.1522064208984375,0.90484619140625,0.3770751953125
1780625918808532000,7.917531982421875,0.14697265625,0.8971710205078125,0.3517608642578125
1780625918818527000,7.92752685546875,0.1330718994140625,0.9005584716796875,0.3299407958984375
1780625918828522200,7.937522216796875,0.1356658935546875,0.911346435546875,0.3213348388671875
1780625918838517200,7.947517333984375,0.1399383544921875,0.9201812744140625,0.319580078125
1780625918848513000,7.957512939453125,0.1336822509765625,0.9181976318359375,0.3140411376953125
1780625918858508000,7.967508056640625,0.1292877197265625,0.9080963134765625,0.30145263671875
1780625918868503000,7.9775029296875,0.1350250244140625,0.90118408203125,0.3003387451171875
1780625918878498000,7.987498046875,0.1500244140625,0.8958740234375,0.3002471923828125
1780625918888493000,7.9974931640625,0.1512298583984375,0.8886260986328125,0.3085174560546875
1780625918898488000,8.007488037109376,0.1477203369140625,0.88543701171875,0.3281402587890625
1780625918908483000,8.017483154296874,0.1373443603515625,0.8857879638671875,0.3483428955078125
1780625918918478000,8.02747802734375,0.133087158203125,0.8832244873046875,0.3556060791015625
1780625918928473000,8.03747314453125,0.140869140625,0.8826141357421875,0.346893310546875
1780625918938468000,8.047468017578124,0.15234375,0.8843536376953125,0.3263702392578125
1780625918948463000,8.057463134765625,0.1567840576171875,0.890045166015625,0.3079071044921875
1780625918958458000,8.0674580078125,0.1530914306640625,0.896728515625,0.2977752685546875
1780625918968453000,8.077453125,0.1564788818359375,0.905731201171875,0.301116943359375
1780625918978448100,8.0874482421875,0.17510986328125,0.9099273681640625,0.3110809326171875
1780625918988444200,8.097444091796875,0.2046356201171875,0.9094390869140625,0.31927490234375
1780625918998439200,8.107439208984376,0.2195587158203125,0.901824951171875,0.31671142578125
1780625919008434200,8.11743408203125,0.217926025390625,0.89178466796875,0.3025970458984375
1780625919018429000,8.127428955078125,0.202606201171875,0.886627197265625,0.28070068359375
1780625919028424000,8.137423828125,0.18658447265625,0.884490966796875,0.2603607177734375
1780625919038419000,8.1474189453125,0.1700592041015625,0.88299560546875,0.24713134765625
1780625919048414000,8.1574140625,0.162017822265625,0.8763275146484375,0.24530029296875
1780625919058409200,8.1674091796875,0.15960693359375,0.869354248046875,0.25604248046875
1780625919068404200,8.177404296875,0.162353515625,0.8678741455078125,0.2735748291015625
1780625919078399200,8.187399169921875,0.1728515625,0.86981201171875,0.2848663330078125
1780625919088394200,8.197394287109375,0.1929931640625,0.8869476318359375,0.2906341552734375
1780625919098389200,8.20738916015625,0.223358154296875,0.9290618896484375,0.2964019775390625
1780625919108384300,8.21738427734375,0.226318359375,0.9764556884765625,0.306396484375
1780625919118379000,8.22737890625,0.1695098876953125,0.99761962890625,0.319091796875
1780625919128375000,8.237375,0.1041412353515625,1.010009765625,0.3192291259765625
1780625919138370000,8.2473701171875,0.0246734619140625,1.003936767578125,0.280609130859375
1780625919148365000,8.257364990234375,-0.0396270751953125,0.9947967529296875,0.2370758056640625
1780625919158360000,8.267360107421876,-0.01910400390625,0.99951171875,0.2381591796875
1780625919168355000,8.27735498046875,0.055145263671875,0.9903411865234375,0.26153564453125
1780625919178350300,8.287350341796875,0.13836669921875,1.0034637451171875,0.33001708984375
1780625919188345000,8.297344970703126,0.146270751953125,1.045257568359375,0.43756103515625
1780625919198340000,8.307340087890625,0.0670013427734375,1.0381927490234375,0.4658660888671875
1780625919208335000,8.317335205078125,-0.032196044921875,1.029296875,0.4511566162109375
1780625919218330000,8.327330078125,-0.0881195068359375,1.01727294921875,0.4221649169921875
1780625919228325000,8.3373251953125,-0.090576171875,1.01373291015625,0.42352294921875
1780625919238320000,8.347320068359375,-0.0211334228515625,0.9950103759765625,0.416412353515625
1780625919248315100,8.357315185546875,0.09796142578125,0.94000244140625,0.356414794921875
1780625919258310100,8.36731005859375,0.189971923828125,0.8928985595703125,0.2996368408203125
1780625919268305200,8.37730517578125,0.239776611328125,0.8796234130859375,0.272705078125
1780625919278301000,8.387301025390625,0.26739501953125,0.8795013427734375,0.2391815185546875
1780625919288296000,8.3972958984375,0.231231689453125,0.89788818359375,0.20233154296875
1780625919298291200,8.407291259765625,0.1421661376953125,0.9357147216796875,0.1815948486328125
1780625919308286200,8.4172861328125,0.0469818115234375,0.96124267578125,0.16436767578125
1780625919318281200,8.42728125,-0.0344390869140625,0.9635162353515625,0.1457366943359375
1780625919328276200,8.437276123046875,-0.0641632080078125,0.9563446044921875,0.1415557861328125
1780625919338271200,8.447271240234375,-0.04937744140625,0.9544525146484375,0.1689453125
1780625919348266200,8.457266357421876,-0.0098114013671875,0.958709716796875,0.2228851318359375
1780625919358261000,8.467260986328125,0.0082550048828125,0.95526123046875,0.2724761962890625
1780625919368256000,8.477256103515625,0.0414581298828125,0.9493255615234375,0.30078125
1780625919378251000,8.4872509765625,0.1185302734375,0.9525909423828125,0.2944183349609375
1780625919388246000,8.49724609375,0.1850433349609375,0.9595489501953125,0.2628021240234375
1780625919398241000,8.507240966796875,0.2273101806640625,0.961517333984375,0.2298583984375
1780625919408236000,8.517236083984375,0.235504150390625,0.96392822265625,0.2078704833984375
1780625919418232300,8.527232421875,0.2087249755859375,0.9644012451171875,0.2089996337890625
1780625919428227000,8.53722705078125,0.154022216796875,0.9726104736328125,0.2312469482421875
1780625919438222000,8.54722216796875,0.11651611328125,0.990264892578125,0.257171630859375
1780625919448217000,8.557217041015624,0.0988311767578125,1.00042724609375,0.2772674560546875
1780625919458212000,8.567212158203125,0.092071533203125,0.9925689697265625,0.281494140625
1780625919468207000,8.57720703125,0.0882720947265625,0.9706573486328125,0.2854766845703125
1780625919478202000,8.5872021484375,0.0899810791015625,0.944305419921875,0.288848876953125
1780625919488197000,8.597197021484375,0.0966644287109375,0.9358367919921875,0.2781524658203125
1780625919498192100,8.607192138671875,0.0946044921875,0.9298858642578125,0.261199951171875
1780625919508187100,8.617187255859376,0.079620361328125,0.9293060302734375,0.2344512939453125
1780625919518182100,8.62718212890625,0.0630035400390625,0.934661865234375,0.210235595703125
1780625919528177000,8.637177001953125,0.0445556640625,0.94488525390625,0.1943206787109375
1780625919538172000,8.647171875,0.0086822509765625,0.9691619873046875,0.18255615234375
1780625919548167000,8.6571669921875,-0.047149658203125,1.003173828125,0.169586181640625
1780625919558162200,8.667162109375,-0.0958709716796875,1.02301025390625,0.157745361328125
1780625919568158200,8.677158203125,-0.1063232421875,1.014434814453125,0.1441802978515625
1780625919578153200,8.6871533203125,-0.0958404541015625,0.9838714599609375,0.13397216796875
1780625919588148200,8.697148193359375,-0.075775146484375,0.953277587890625,0.1272735595703125
1780625919598143000,8.70714306640625,-0.0291595458984375,0.9451141357421875,0.1125640869140625
1780625919608138000,8.717137939453124,0.019378662109375,0.974639892578125,0.1004486083984375
1780625919618133000,8.727133056640625,0.04718017578125,1.0147552490234375,0.0904388427734375
1780625919628128000,8.7371279296875,0.0464630126953125,1.0532073974609375,0.074371337890625
1780625919638123000,8.747123046875,0.01031494140625,1.094329833984375,0.080780029296875
1780625919648118000,8.757117919921875,-0.0170135498046875,1.117645263671875,0.095306396484375
1780625919658113000,8.767113037109375,-0.012115478515625,1.1027069091796875,0.10406494140625
1780625919668108000,8.77710791015625,0.00628662109375,1.0499267578125,0.11065673828125
1780625919678103300,8.787103271484375,0.0446624755859375,0.98638916015625,0.107330322265625
1780625919688098300,8.797098388671875,0.0512542724609375,0.94873046875,0.0876007080078125
1780625919698093000,8.807093017578126,0.0449371337890625,0.9569854736328125,0.088043212890625
1780625919708089000,8.817089111328125,0.0558319091796875,0.986328125,0.111480712890625
1780625919718084000,8.827083984375,0.087371826171875,0.99713134765625,0.1357421875
1780625919728079000,8.8370791015625,0.116943359375,0.9901580810546875,0.1491851806640625
1780625919738074000,8.84707421875,0.11932373046875,0.9876708984375,0.1517333984375
1780625919748070000,8.85706982421875,0.1162109375,1.0016632080078125,0.147857666015625
1780625919758065000,8.86706494140625,0.1057281494140625,1.012451171875,0.13104248046875
1780625919768060000,8.877059814453125,0.0832672119140625,1.012664794921875,0.0957489013671875
1780625919778055000,8.887054931640625,0.085968017578125,1.0126190185546875,0.0673370361328125
1780625919788050000,8.8970498046875,0.0919342041015625,1.014251708984375,0.0754852294921875
1780625919798045000,8.907044921875,0.05950927734375,1.01385498046875,0.0863037109375
1780625919808040000,8.9170400390625,-0.004425048828125,1.0087127685546875,0.1041107177734375
1780625919818035000,8.927034912109375,-0.0487213134765625,1.00152587890625,0.141326904296875
1780625919828030000,8.937030029296874,-0.0297393798828125,0.99639892578125,0.1882781982421875
1780625919838025000,8.94702490234375,0.053985595703125,0.9800567626953125,0.238433837890625
1780625919848019700,8.957019775390625,0.1588592529296875,0.9505615234375,0.280426025390625
1780625919858015700,8.967015625,0.21728515625,0.9150848388671875,0.288543701171875
1780625919868011000,8.977010986328125,0.2169036865234375,0.8898468017578125,0.259033203125
1780625919878006000,8.987006103515625,0.1915283203125,0.9109039306640625,0.194091796875
1780625919888001000,8.9970009765625,0.1825714111328125,0.95220947265625,0.0825653076171875
1780625919897996000,9.00699609375,0.2039642333984375,0.996337890625,-0.0132293701171875
1780625919907991000,9.016990966796875,0.2233123779296875,1.0258026123046875,-0.046478271484375
1780625919917985800,9.02698583984375,0.2151947021484375,1.0264129638671875,-0.0868377685546875
1780625919927980800,9.036980712890625,0.1851348876953125,1.0047760009765625,-0.127716064453125
1780625919937975800,9.046975830078125,0.1286468505859375,0.9988250732421875,-0.12994384765625
1780625919947970800,9.056970703125,0.096923828125,0.9983367919921875,-0.0904388427734375
1780625919957965800,9.0669658203125,0.1014862060546875,0.997161865234375,-0.029266357421875
1780625919967960800,9.0769609375,0.1067657470703125,0.983306884765625,0.023345947265625
1780625919977955800,9.086955810546876,0.1287841796875,0.964691162109375,0.066925048828125
1780625919987950800,9.096950927734374,0.1417999267578125,0.9548797607421875,0.07080078125
1780625919997947000,9.10694677734375,0.128997802734375,0.927337646484375,0.026458740234375
1780625920007942000,9.11694189453125,0.1097564697265625,0.9081268310546875,-0.0258636474609375
1780625920017937000,9.12693701171875,0.07537841796875,0.874298095703125,-0.0708465576171875
1780625920027932000,9.136931884765625,0.0717620849609375,0.852569580078125,-0.0695037841796875
1780625920037927000,9.146927001953125,0.076629638671875,0.8502197265625,-0.0418853759765625
1780625920047922000,9.156921875,0.0757293701171875,0.861785888671875,-0.008026123046875
1780625920057917000,9.1669169921875,0.069091796875,0.8787841796875,0.010101318359375
1780625920067912000,9.176911865234375,0.01678466796875,0.8957366943359375,0.00537109375
1780625920077907000,9.186906982421876,0.039825439453125,0.922149658203125,0.029754638671875
1780625920087902000,9.19690185546875,0.158203125,0.9846343994140625,0.0938262939453125
1780625920097896700,9.206896728515625,0.209716796875,1.053192138671875,0.1642303466796875
1780625920107891700,9.2168916015625,0.1575775146484375,1.08416748046875,0.201446533203125
1780625920117886700,9.22688671875,0.1611785888671875,1.027435302734375,0.2162933349609375
1780625920127882000,9.236882080078125,0.120147705078125,0.943206787109375,0.2217254638671875
1780625920137877000,9.246876953125,0.076019287109375,0.8869476318359375,0.2028045654296875
1780625920147873000,9.256873046875,0.0837249755859375,0.871734619140625,0.152984619140625
1780625920157868000,9.266867919921875,0.097320556640625,0.8929290771484375,0.0807647705078125
1780625920167862800,9.27686279296875,0.0110015869140625,0.9217071533203125,-0.0036468505859375
1780625920177857800,9.28685791015625,0.051116943359375,0.9064178466796875,-0.0174407958984375
1780625920187852800,9.296852783203125,0.2111968994140625,0.8482208251953125,-0.0027923583984375
1780625920197847800,9.306847900390625,0.1834716796875,0.8296356201171875,-0.0559539794921875
1780625920207842800,9.3168427734375,0.180511474609375,0.8468017578125,-0.14862060546875
1780625920217837800,9.326837890625,0.1767120361328125,0.894439697265625,-0.242645263671875
1780625920227832800,9.336832763671875,0.101959228515625,0.937347412109375,-0.3165740966796875
1780625920237827800,9.346827880859376,0.1268157958984375,0.9527130126953125,-0.30963134765625
1780625920247823000,9.356822998046875,0.1064453125,0.932891845703125,-0.2248992919921875
1780625920257817900,9.36681787109375,0.049407958984375,0.8680877685546875,-0.124725341796875
1780625920267812900,9.376812744140626,0.0630950927734375,0.821563720703125,-0.0284576416015625
1780625920277807900,9.386807861328125,0.0101470947265625,0.8405303955078125,0.026641845703125
1780625920287804000,9.396803955078125,0.0685882568359375,0.9172210693359375,0.0366058349609375
1780625920297799000,9.406798828125,0.15325927734375,1.009124755859375,0.0286865234375
1780625920307794000,9.4167939453125,0.1265716552734375,1.0769805908203125,0.025421142578125
1780625920317789000,9.426788818359375,0.2451171875,1.1209564208984375,0.0655059814453125
1780625920327784000,9.436783935546876,0.2564544677734375,1.136138916015625,0.0700225830078125
1780625920337778700,9.44677880859375,0.083099365234375,1.085540771484375,0.0111541748046875
1780625920347773700,9.456773681640625,0.01544189453125,1.011016845703125,-0.043182373046875
1780625920357768700,9.466768798828125,-0.047515869140625,0.9516754150390625,-0.0576934814453125
1780625920367764000,9.476763916015624,-0.13177490234375,0.9134063720703125,-0.047760009765625
1780625920377759000,9.486759033203125,-0.0301361083984375,0.9025115966796875,-0.01141357421875
1780625920387754000,9.49675390625,0.2321929931640625,0.938751220703125,0.047088623046875
1780625920397749000,9.5067490234375,0.2461090087890625,1.0451812744140625,0.097442626953125
1780625920407744000,9.516743896484375,0.1565399169921875,1.1519317626953125,0.093353271484375
1780625920417739000,9.526739013671875,0.067962646484375,1.1973724365234375,0.03546142578125
1780625920427734800,9.53673486328125,-0.071685791015625,1.1713714599609375,-0.0338897705078125
1780625920437729800,9.546729736328125,-0.0457000732421875,1.0948028564453125,-0.07965087890625
1780625920447724800,9.556724853515625,0.0041351318359375,1.034027099609375,-0.04644775390625
1780625920457719800,9.5667197265625,0.076629638671875,1.0122833251953125,0.04254150390625
1780625920467714800,9.57671484375,0.221038818359375,1.0126953125,0.11846923828125
1780625920477710000,9.5867099609375,0.2421112060546875,1.014190673828125,0.132659912109375
1780625920487705000,9.596705078125,0.1864166259765625,1.011932373046875,0.12432861328125
1780625920497700000,9.6067001953125,0.149993896484375,0.9959716796875,0.093536376953125
1780625920507694800,9.61669482421875,0.11761474609375,0.9502105712890625,0.044647216796875
1780625920517689900,9.62668994140625,0.0893707275390625,0.8936004638671875,0.0022430419921875
1780625920527684900,9.636684814453124,0.1083831787109375,0.8629913330078125,0.0019683837890625
1780625920537680000,9.646679931640625,0.1955413818359375,0.876312255859375,0.0489654541015625
1780625920547675000,9.6566748046875,0.216644287109375,0.92230224609375,0.0704498291015625
1780625920557670000,9.666669921875,0.2342071533203125,0.9818878173828125,0.0449066162109375
1780625920567666000,9.676666015625,0.3533935546875,1.0430145263671875,0
1780625920577660700,9.68666064453125,0.4976959228515625,1.08660888671875,-0.032806396484375
1780625920587655700,9.69665576171875,0.4363555908203125,1.1229400634765625,-0.05108642578125
1780625920597651000,9.70665087890625,0.1660003662109375,1.136993408203125,-0.0615997314453125
1780625920607646000,9.71664599609375,0.1286163330078125,1.107025146484375,-0.072418212890625
1780625920617641000,9.726640869140626,0.2473602294921875,1.05401611328125,-0.0628814697265625
1780625920627636000,9.736635986328125,0.2398223876953125,1.0013275146484375,-0.0020294189453125
1780625920637631000,9.746630859375,0.1479034423828125,0.972900390625,0.0857696533203125
1780625920647626000,9.7566259765625,-0.0153961181640625,0.996307373046875,0.225341796875
1780625920657621000,9.76662109375,-0.1688995361328125,1.0819854736328125,0.4756622314453125
1780625920667616000,9.776615966796875,-0.0916290283203125,1.1725616455078125,0.7723236083984375
1780625920677610800,9.78661083984375,0.30120849609375,1.19512939453125,0.8842010498046875
1780625920687605800,9.796605712890624,0.521820068359375,1.109710693359375,0.553497314453125
1780625920697600800,9.806600830078125,0.2649383544921875,1.0813446044921875,0.065216064453125
1780625920707595800,9.816595703125,-0.0858917236328125,1.2021942138671875,-0.216278076171875
1780625920717592000,9.826592041015624,0.0188140869140625,1.293609619140625,-0.2098541259765625
1780625920727587000,9.836587158203125,0.18316650390625,1.2779693603515625,-0.0138702392578125
1780625920737582000,9.84658203125,0.0846405029296875,1.213623046875,0.1529693603515625
1780625920747576800,9.856576904296874,0.0759429931640625,1.1334686279296875,0.2001800537109375
1780625920757571000,9.866571044921875,0.1568450927734375,1.1180877685546875,0.1822967529296875
1780625920767566000,9.876566162109375,0.163299560546875,1.1372528076171875,0.177215576171875
1780625920777561000,9.88656103515625,0.1420745849609375,1.1610260009765625,0.190185546875
1780625920787556000,9.89655615234375,0.1303863525390625,1.1671600341796875,0.2204437255859375
1780625920797551000,9.906551025390625,0.1075439453125,1.1555633544921875,0.2432098388671875
1780625920807546000,9.916546142578126,0.1293487548828125,1.1578521728515625,0.2404327392578125
1780625920817541000,9.926541015625,0.1792144775390625,1.1726531982421875,0.235992431640625
1780625920827536100,9.9365361328125,0.1602630615234375,1.189788818359375,0.2375030517578125
1780625920837531100,9.94653125,0.11798095703125,1.2071990966796875,0.2257232666015625
1780625920847526100,9.956526123046874,0.09466552734375,1.206298828125,0.229095458984375
1780625920857522000,9.96652197265625,0.0623016357421875,1.1579437255859375,0.2235260009765625
1780625920867517000,9.976516845703125,0.0368499755859375,1.100006103515625,0.21612548828125
1780625920877512200,9.98651220703125,0.0381011962890625,1.07861328125,0.232696533203125
1780625920887507200,9.996507080078125,0.0192413330078125,1.085662841796875,0.270599365234375
1780625920897502200,10.006502197265625,0.0063323974609375,1.1040802001953125,0.311553955078125
1780625920907497200,10.016497314453124,0.041534423828125,1.1299591064453125,0.3645782470703125
1780625920917492200,10.0264921875,0.012603759765625,1.144073486328125,0.404022216796875
1780625920927487200,10.0364873046875,-0.083831787109375,1.12646484375,0.4134368896484375
1780625920937482200,10.046482177734376,-0.135162353515625,1.11199951171875,0.4130859375
1780625920947477000,10.05647705078125,-0.1097869873046875,1.1278228759765625,0.43145751953125
1780625920957472000,10.066471923828125,-0.0804290771484375,1.1573028564453125,0.449859619140625
1780625920967467000,10.076467041015626,-0.0699920654296875,1.175384521484375,0.457550048828125
1780625920977462000,10.0864619140625,-0.070831298828125,1.16766357421875,0.465667724609375
1780625920987457000,10.09645703125,-0.0359039306640625,1.1229095458984375,0.462432861328125
1780625920997452000,10.1064521484375,0.0296173095703125,1.0552520751953125,0.4509735107421875
1780625921007448300,10.1164482421875,0.1016693115234375,0.9820556640625,0.4275665283203125
1780625921017443000,10.126443115234375,0.2249298095703125,0.9053955078125,0.3838043212890625
1780625921027438000,10.13643798828125,0.399139404296875,0.858428955078125,0.3155364990234375
1780625921037433000,10.14643310546875,0.579254150390625,0.87481689453125,0.2178497314453125
1780625921047428000,10.156427978515625,0.6901092529296875,0.907470703125,0.0703125
1780625921057423000,10.166423095703125,0.7153167724609375,0.8951568603515625,-0.10650634765625
1780625921067418000,10.176418212890624,0.4688720703125,0.8782958984375,-0.1114349365234375
1780625921077413000,10.1864130859375,0.2515106201171875,0.8514862060546875,-0.025726318359375
1780625921087408000,10.196408203125,0.433013916015625,0.7793121337890625,-0.065155029296875
1780625921097403100,10.206403076171876,0.67559814453125,0.726226806640625,-0.1883697509765625
1780625921107398100,10.216398193359375,0.647064208984375,0.739410400390625,-0.25738525390625
1780625921117393000,10.226392822265625,0.3068084716796875,0.7819976806640625,-0.1774749755859375
1780625921127388000,10.236387939453126,-0.053802490234375,0.827972412109375,0.01165771484375
1780625921137383000,10.2463828125,-0.184967041015625,0.859130859375,0.1562957763671875
1780625921147378200,10.256378173828125,-0.1598052978515625,0.865020751953125,0.2094879150390625
1780625921157374200,10.266374267578126,-0.122222900390625,0.8594512939453125,0.2158203125
1780625921167369200,10.276369140625,0.02313232421875,0.8962249755859375,0.1954345703125
1780625921177364200,10.2863642578125,0.438812255859375,0.990997314453125,0.087005615234375
1780625921187359000,10.29635888671875,0.6658782958984375,1.116241455078125,0.1020965576171875
1780625921197354000,10.30635400390625,0.5589447021484375,1.2217559814453125,0.298095703125
1780625921207349000,10.316348876953125,0.44989013671875,1.2448272705078125,0.459869384765625
1780625921217344000,10.326343994140625,0.4390411376953125,1.20269775390625,0.495513916015625
1780625921227339000,10.336339111328124,0.259796142578125,1.137786865234375,0.354217529296875
1780625921237334000,10.346333984375,0.2074432373046875,1.09307861328125,0.1016693115234375
1780625921247329000,10.3563291015625,0.388641357421875,1.1156158447265625,-0.107147216796875
1780625921257324300,10.36632421875,0.67303466796875,1.1739044189453125,-0.198486328125
1780625921267319300,10.3763193359375,0.8380126953125,1.2205963134765625,-0.1785736083984375
1780625921277314300,10.386314208984375,0.75738525390625,1.223419189453125,-0.0999908447265625
1780625921287309000,10.39630908203125,0.582000732421875,1.1993560791015625,-0.05078125
1780625921297305000,10.40630517578125,0.50360107421875,1.147552490234375,-0.0511932373046875
1780625921307300000,10.416300048828125,0.54681396484375,1.0953521728515625,-0.06732177734375
1780625921317295000,10.426295166015626,0.626312255859375,1.03912353515625,-0.1451568603515625
1780625921327290000,10.4362900390625,0.570556640625,0.9878387451171875,-0.244873046875
1780625921337285000,10.44628515625,0.343994140625,0.9633941650390625,-0.28704833984375
1780625921347280100,10.456280029296876,0.073150634765625,0.9557037353515625,-0.2382659912109375
1780625921357275100,10.466275146484374,-0.005615234375,0.909088134765625,-0.1336669921875
1780625921367270000,10.476269775390625,0.158203125,0.808685302734375,0.003387451171875
1780625921377265200,10.48626513671875,0.3260345458984375,0.6940765380859375,0.1693115234375
1780625921387260200,10.49626025390625,0.3251190185546875,0.558074951171875,0.260406494140625
1780625921397255200,10.506255126953125,0.218292236328125,0.3946990966796875,0.2780914306640625
1780625921407250200,10.516250244140625,0.0953216552734375,0.238494873046875,0.2805938720703125
1780625921417245200,10.5262451171875,0.00408935546875,0.1113433837890625,0.26068115234375
1780625921427240200,10.536240234375,-0.058197021484375,0.010650634765625,0.2264404296875
1780625921437235200,10.546235107421875,-0.095123291015625,-0.0626220703125,0.180145263671875
1780625921447231000,10.55623095703125,-0.2019500732421875,-0.1457366943359375,0.0888824462890625
1780625921457226000,10.56622607421875,-0.2572784423828125,-0.253662109375,-0.03106689453125
1780625921467221000,10.576220947265625,-0.1928863525390625,-0.3293609619140625,-0.115570068359375
1780625921477216000,10.586216064453126,-0.03485107421875,-0.3180389404296875,-0.17071533203125
1780625921487211000,10.5962109375,0.30560302734375,-0.239990234375,-0.2257232666015625
1780625921497206300,10.606206298828125,0.4571380615234375,-0.1046905517578125,-0.159820556640625
1780625921507201300,10.616201171875,0.2935333251953125,-0.0740814208984375,-0.069061279296875
1780625921517196300,10.6261962890625,0.5365142822265625,-0.076171875,-0.03192138671875
1780625921527191000,10.63619091796875,1.3308868408203125,0.273773193359375,-0.0455780029296875
1780625921537186000,10.64618603515625,0.8507232666015625,0.8082427978515625,-0.141845703125
1780625921547181000,10.65618115234375,0.2767486572265625,1.2101898193359375,-0.03759765625
1780625921557176000,10.666176025390625,0.8101348876953125,1.46063232421875,-0.2032012939453125
1780625921567171000,10.676171142578125,0.73077392578125,1.5028228759765625,-0.5363311767578125
1780625921577166000,10.686166015625,0.3790435791015625,1.3673095703125,-0.6934661865234375
1780625921587162000,10.696162109375,0.557708740234375,1.1519775390625,-0.906707763671875
1780625921597157000,10.7061572265625,0.8319854736328125,1.094085693359375,-0.8722686767578125
1780625921607151900,10.71615185546875,0.66033935546875,1.062835693359375,-0.6396484375
1780625921617147100,10.726147216796875,0.6153106689453125,0.9850921630859375,-0.6103363037109375
1780625921627142100,10.73614208984375,0.69488525390625,1.0108642578125,-0.602813720703125
1780625921637137200,10.74613720703125,0.7085723876953125,1.08135986328125,-0.5826873779296875
1780625921647132200,10.756132080078125,0.66900634765625,1.0981597900390625,-0.6262969970703125
1780625921657127200,10.766127197265625,0.6147613525390625,1.0365753173828125,-0.6602020263671875
1780625921667122200,10.7761220703125,0.56488037109375,0.91552734375,-0.6631622314453125
1780625921677117200,10.7861171875,0.6405029296875,0.7900238037109375,-0.656158447265625
1780625921687112200,10.7961123046875,0.7079620361328125,0.693634033203125,-0.6062469482421875
1780625921697107200,10.806107177734376,0.701751708984375,0.60498046875,-0.5838775634765625
1780625921707102000,10.81610205078125,0.617706298828125,0.588623046875,-0.597564697265625
1780625921717097000,10.826096923828125,0.4383544921875,0.6225128173828125,-0.59735107421875
1780625921727092000,10.836092041015625,0.3508453369140625,0.631256103515625,-0.59222412109375
1780625921737088300,10.846088134765624,0.2011260986328125,0.576904296875,-0.496124267578125
1780625921747083300,10.856083251953125,0.1445770263671875,0.46258544921875,-0.487213134765625
1780625921757078300,10.866078369140626,0.2252349853515625,0.3710174560546875,-0.474639892578125
1780625921767073300,10.8760732421875,0.19598388671875,0.303070068359375,-0.4586029052734375
1780625921777068300,10.886068359375,0.339599609375,0.27545166015625,-0.5214385986328125
1780625921787063300,10.896063232421875,0.466156005859375,0.368988037109375,-0.4809112548828125
1780625921797058300,10.906058349609374,0.5163421630859375,0.5092926025390625,-0.5307464599609375
1780625921807053300,10.91605322265625,0.4492034912109375,0.5985107421875,-0.5529937744140625
1780625921817048300,10.92604833984375,0.2834625244140625,0.5437164306640625,-0.5356597900390625
1780625921827043300,10.936043212890626,0.368499755859375,0.4651336669921875,-0.5498199462890625
1780625921837038300,10.946038330078125,0.3585662841796875,0.4763641357421875,-0.5589752197265625
1780625921847033300,10.956033447265625,0.6534423828125,0.5540771484375,-0.6058197021484375
1780625921857028400,10.9660283203125,0.739990234375,0.774139404296875,-0.4420318603515625
1780625921867023000,10.976023193359374,0.522857666015625,0.91162109375,-0.4225921630859375
1780625921877018000,10.98601806640625,0.461578369140625,0.950042724609375,-0.5743255615234375
1780625921887013000,10.99601318359375,0.333953857421875,0.935028076171875,-0.743988037109375
1780625921897009400,11.006009521484375,0.392578125,0.8753814697265625,-1.001251220703125
1780625921907004400,11.01600439453125,0.573883056640625,0.83465576171875,-1.1937103271484375
1780625921916999400,11.02599951171875,0.6312103271484375,0.8545989990234375,-1.2259674072265625
1780625921926994400,11.035994384765624,0.7877044677734375,0.9048309326171875,-1.3870391845703125
1780625921936989200,11.0459892578125,1.0084686279296875,1.0069580078125,-1.483856201171875
1780625921946984200,11.055984130859375,1.0751190185546875,1.18511962890625,-1.43115234375
1780625921956979200,11.065979248046874,1.228668212890625,1.36785888671875,-1.405426025390625
1780625921966974200,11.07597412109375,1.3254547119140625,1.4765167236328125,-1.391357421875
1780625921976969200,11.08596923828125,1.1693878173828125,1.4342803955078125,-1.35870361328125
1780625921986964200,11.095964111328126,0.857879638671875,1.2429351806640625,-1.314727783203125
1780625921996959200,11.105959228515625,0.6709136962890625,0.960296630859375,-1.2095947265625
1780625922006954200,11.115954345703125,0.5742034912109375,0.6755523681640625,-0.903076171875
1780625922016949200,11.12594921875,0.379302978515625,0.4223175048828125,-0.4666595458984375
1780625922026944300,11.1359443359375,0.2758636474609375,0.184906005859375,-0.18206787109375
1780625922036939300,11.145939208984375,0.2089691162109375,-0.0057373046875,-0.09161376953125
1780625922046935300,11.155935302734376,0.0484771728515625,-0.1366729736328125,-0.173614501953125
1780625922056930300,11.165930419921875,-0.06915283203125,-0.1247711181640625,-0.295440673828125
1780625922066925300,11.17592529296875,0.0934906005859375,0.0610198974609375,-0.389923095703125
1780625922076920300,11.18592041015625,0.3624420166015625,0.223388671875,-0.49163818359375
1780625922086915300,11.195915283203124,0.4559173583984375,0.24285888671875,-0.613555908203125
1780625922096910300,11.205910400390625,0.513702392578125,0.180023193359375,-0.71600341796875
1780625922106905300,11.2159052734375,0.5320281982421875,0.1248931884765625,-0.6833648681640625
1780625922116900000,11.225900146484374,0.462432861328125,0.08807373046875,-0.5539703369140625
1780625922126895000,11.23589501953125,0.2700958251953125,0.0225677490234375,-0.55712890625
1780625922136890000,11.24589013671875,0.222930908203125,-0.024627685546875,-0.6082916259765625
1780625922146885000,11.255885009765626,0.3332672119140625,0.009368896484375,-0.63311767578125
1780625922156880400,11.26588037109375,0.5407257080078125,0.096527099609375,-0.6846466064453125
1780625922166875400,11.27587548828125,0.8470306396484375,0.1610107421875,-0.63201904296875
1780625922176870400,11.285870361328126,0.7460479736328125,0.1404571533203125,-0.59649658203125
1780625922186865400,11.295865478515625,0.5074920654296875,0.066192626953125,-0.6021728515625
1780625922196861200,11.305861083984375,0.4433746337890625,0.0420379638671875,-0.6735382080078125
1780625922206856200,11.315856201171876,0.7171783447265625,0.1443328857421875,-0.6284332275390625
1780625922216851200,11.325851318359375,0.8786163330078125,0.303070068359375,-0.530487060546875
1780625922226846200,11.33584619140625,0.7328338623046875,0.3577117919921875,-0.576263427734375
1780625922236841200,11.34584130859375,0.4942474365234375,0.295684814453125,-0.6395416259765625
1780625922246836200,11.355836181640624,0.246337890625,0.1831817626953125,-0.6468963623046875
1780625922256831200,11.365831298828125,0.2580718994140625,0.0865631103515625,-0.5058135986328125
1780625922266826200,11.375826171875,0.343963623046875,0.03411865234375,-0.343902587890625
1780625922276821200,11.3858212890625,0.3386077880859375,0.0043792724609375,-0.20684814453125
1780625922286816300,11.395816162109375,0.3079376220703125,-0.0121002197265625,-0.184600830078125
1780625922296811300,11.405811279296875,0.41790771484375,0.0232391357421875,-0.2162322998046875
1780625922306806300,11.41580615234375,0.4048614501953125,0.03851318359375,-0.33447265625
1780625922316801300,11.42580126953125,0.2786407470703125,0.0124053955078125,-0.566802978515625
1780625922326796300,11.43579638671875,0.25189208984375,0.0153961181640625,-0.551544189453125
1780625922336791300,11.445791259765626,0.14013671875,0.0352020263671875,-0.4544525146484375
1780625922346786300,11.455786376953125,0.2430877685546875,0.022735595703125,-0.4291229248046875
1780625922356782000,11.465781982421875,0.6293182373046875,0.040008544921875,-0.3250579833984375
1780625922366777000,11.475777099609376,0.72283935546875,0.0887451171875,-0.2952423095703125
1780625922376772000,11.485772216796875,0.48486328125,0.1217193603515625,-0.4521331787109375
1780625922386767000,11.49576708984375,0.347564697265625,0.1552276611328125,-0.6121063232421875
1780625922396762400,11.505762451171876,0.5138397216796875,0.20721435546875,-0.779388427734375
1780625922406757400,11.51575732421875,0.85089111328125,0.338104248046875,-0.9112701416015625
1780625922416752400,11.52575244140625,1.0748748779296875,0.509429931640625,-0.96331787109375
1780625922426747400,11.535747314453126,1.0441131591796875,0.5268096923828125,-1.0454559326171875
1780625922436742400,11.545742431640624,0.817626953125,0.357666015625,-1.0922393798828125
1780625922446737400,11.5557373046875,0.6104736328125,0.1173858642578125,-1.0998077392578125
1780625922456732200,11.565732177734375,0.5555419921875,-0.035614013671875,-1.057403564453125
1780625922466727200,11.57572705078125,0.69879150390625,-0.0642242431640625,-0.9951324462890625
1780625922476722200,11.58572216796875,0.9119110107421875,0.051177978515625,-0.8933563232421875
1780625922486717200,11.59571728515625,0.9273834228515625,0.20269775390625,-0.8359222412109375
1780625922496712200,11.605712158203126,0.719024658203125,0.2139739990234375,-0.9251556396484375
1780625922506708500,11.61570849609375,0.427398681640625,0.11895751953125,-1.071533203125
1780625922516703500,11.625703369140625,0.2595367431640625,0.00390625,-1.049774169921875
1780625922526698200,11.6356982421875,0.3755950927734375,-0.1194610595703125,-0.776885986328125
1780625922536693200,11.645693359375,0.60662841796875,-0.1644439697265625,-0.3792877197265625
1780625922546688300,11.655688232421875,0.6362457275390625,-0.0877227783203125,-0.1717376708984375
1780625922556683300,11.665683349609376,0.32684326171875,-0.0218353271484375,-0.3579864501953125
1780625922566678300,11.67567822265625,0.1782989501953125,-0.0780792236328125,-0.797027587890625
1780625922576673300,11.68567333984375,0.318817138671875,-0.1912384033203125,-1.0269927978515625
1780625922586668300,11.695668212890626,0.4779815673828125,-0.258941650390625,-1.0340728759765625
1780625922596663300,11.705663330078124,0.5376434326171875,-0.2342529296875,-0.9109954833984375
1780625922606658300,11.715658203125,0.4936981201171875,-0.11260986328125,-0.7317047119140625
1780625922616653300,11.7256533203125,0.569580078125,0.0190277099609375,-0.559814453125
1780625922626648000,11.73564794921875,0.5340728759765625,0.0938873291015625,-0.46722412109375
1780625922636643000,11.74564306640625,0.3927459716796875,0.0898590087890625,-0.6828765869140625
1780625922646638000,11.75563818359375,0.5010986328125,0.0234832763671875,-0.9884796142578125
1780625922656634400,11.76563427734375,0.6396484375,-0.0767364501953125,-1.199920654296875
1780625922666629400,11.77562939453125,0.6585693359375,-0.13299560546875,-1.251983642578125
1780625922676624400,11.785624267578125,0.633209228515625,-0.1569061279296875,-1.17236328125
1780625922686619400,11.795619384765626,0.614990234375,-0.1431427001953125,-1.0533447265625
1780625922696614100,11.8056142578125,0.4994659423828125,-0.1029205322265625,-0.97943115234375
1780625922706609200,11.815609130859375,0.4687347412109375,-0.080780029296875,-0.9821624755859375
1780625922716604200,11.825604248046876,0.4466552734375,-0.0764923095703125,-1.097930908203125
1780625922726599200,11.83559912109375,0.4944610595703125,-0.1085205078125,-1.3311920166015625
1780625922736594200,11.84559423828125,0.6490325927734375,-0.1329803466796875,-1.4324188232421875
1780625922746589200,11.855589111328126,0.663330078125,-0.118438720703125,-1.327423095703125
1780625922756584400,11.86558447265625,0.565185546875,-0.1154632568359375,-1.1936798095703125
1780625922766579500,11.875579345703125,0.4579315185546875,-0.1085205078125,-1.057525634765625
1780625922776574500,11.885574462890625,0.309295654296875,-0.1331024169921875,-0.954437255859375
1780625922786569500,11.895569580078124,0.19146728515625,-0.204742431640625,-0.947967529296875
1780625922796564200,11.905564208984375,0.2216949462890625,-0.28985595703125,-1.002838134765625
1780625922806559200,11.915559326171875,0.3084716796875,-0.361053466796875,-1.0955047607421875
1780625922816554200,11.92555419921875,0.372528076171875,-0.3876190185546875,-1.148468017578125
1780625922826550500,11.935550537109375,0.3736724853515625,-0.374298095703125,-1.1040802001953125
1780625922836545500,11.945545654296875,0.242034912109375,-0.360992431640625,-1.0497894287109375
1780625922846540500,11.95554052734375,0.07830810546875,-0.3383636474609375,-1.007568359375
1780625922856535600,11.96553564453125,0.0123291015625,-0.29949951171875,-0.9229583740234375
1780625922866530300,11.9755302734375,0.0705718994140625,-0.2906341552734375,-0.8953704833984375
1780625922876525300,11.985525390625,0.2928924560546875,-0.3277130126953125,-0.933746337890625
1780625922886520300,11.995520263671875,0.4758148193359375,-0.343170166015625,-1.008819580078125
1780625922896515300,12.005515380859375,0.4341278076171875,-0.326416015625,-1.1152496337890625
1780625922906510300,12.01551025390625,0.3254241943359375,-0.3079376220703125,-1.142791748046875
1780625922916505300,12.02550537109375,0.2834625244140625,-0.286346435546875,-1.0440673828125
1780625922926500400,12.035500244140625,0.231353759765625,-0.3007659912109375,-0.974029541015625
1780625922936495400,12.045495361328125,0.2496337890625,-0.3590240478515625,-0.9398040771484375
1780625922946490400,12.055490478515624,0.2899169921875,-0.3994293212890625,-0.939544677734375
1780625922956485600,12.065485595703125,0.232666015625,-0.377471923828125,-0.9557952880859375
1780625922966480400,12.07548046875,0.2471466064453125,-0.3402252197265625,-0.907989501953125
1780625922976475400,12.085475341796876,0.2700653076171875,-0.331451416015625,-0.85955810546875
1780625922986471400,12.095471435546875,0.1951446533203125,-0.3563079833984375,-0.8874359130859375
1780625922996466400,12.105466552734375,0.1676788330078125,-0.4106903076171875,-0.96954345703125
1780625923006461400,12.11546142578125,0.2227630615234375,-0.457611083984375,-1.0270538330078125
1780625923016456400,12.12545654296875,0.216461181640625,-0.46295166015625,-1.0104827880859375
1780625923026451500,12.135451416015625,0.1125030517578125,-0.4772186279296875,-0.9368133544921875
1780625923036446200,12.1454462890625,0.029693603515625,-0.541656494140625,-0.8822021484375
1780625923046441200,12.155441162109375,0.0376739501953125,-0.57330322265625,-0.8745574951171875
1780625923056436200,12.165436279296875,0.0807342529296875,-0.5003204345703125,-0.8628387451171875
1780625923066431200,12.17543115234375,0.1457977294921875,-0.3909912109375,-0.80426025390625
1780625923076426500,12.185426513671874,0.237640380859375,-0.3173675537109375,-0.7773284912109375
1780625923086421500,12.19542138671875,0.2888946533203125,-0.2487335205078125,-0.8483123779296875
1780625923096416500,12.20541650390625,0.236358642578125,-0.181304931640625,-0.936614990234375
1780625923106411500,12.21541162109375,0.2427215576171875,-0.1440582275390625,-0.951904296875
1780625923116406500,12.225406494140625,0.2779083251953125,-0.12908935546875,-0.9102935791015625
1780625923126401500,12.235401611328125,0.22393798828125,-0.1318206787109375,-0.826812744140625
1780625923136396300,12.245396240234374,0.184844970703125,-0.187408447265625,-0.7531890869140625
1780625923146392300,12.255392333984375,0.15716552734375,-0.2912445068359375,-0.75531005859375
1780625923156387300,12.26538720703125,0.0941162109375,-0.358673095703125,-0.787384033203125
1780625923166382300,12.27538232421875,0.09637451171875,-0.37872314453125,-0.8231353759765625
1780625923176377300,12.28537744140625,0.16778564453125,-0.3678131103515625,-0.8813934326171875
1780625923186372400,12.295372314453125,0.27056884765625,-0.3289947509765625,-0.938323974609375
1780625923196367600,12.30536767578125,0.329437255859375,-0.2543792724609375,-0.95465087890625
1780625923206362400,12.3153623046875,0.2368621826171875,-0.1877288818359375,-0.9446868896484375
1780625923216357400,12.325357421875,0.1526031494140625,-0.18792724609375,-0.9605255126953125
1780625923226352400,12.335352294921876,0.1473388671875,-0.2408294677734375,-0.96173095703125
1780625923236347400,12.345347412109374,0.23077392578125,-0.3153533935546875,-0.9403839111328125
1780625923246342400,12.35534228515625,0.3170166015625,-0.3543548583984375,-0.9341278076171875
1780625923256337400,12.36533740234375,0.3519134521484375,-0.3314361572265625,-0.9678955078125
1780625923266332400,12.37533251953125,0.309051513671875,-0.29193115234375,-1.0348052978515625
1780625923276327400,12.385327392578125,0.2067413330078125,-0.2562103271484375,-1.063720703125
1780625923286322400,12.395322509765625,0.1507415771484375,-0.2421417236328125,-1.062164306640625
1780625923296317400,12.4053173828125,0.0790252685546875,-0.2817535400390625,-1.0554656982421875
1780625923306312400,12.4153125,-0.0469512939453125,-0.3487396240234375,-1.042724609375
1780625923316308500,12.42530859375,-0.1192626953125,-0.43731689453125,-1.052215576171875
1780625923326303500,12.435303466796874,-0.1465911865234375,-0.492279052734375,-1.0790557861328125
1780625923336298500,12.445298583984375,-0.0837554931640625,-0.5285186767578125,-1.123443603515625
1780625923346293500,12.45529345703125,0.053802490234375,-0.5165252685546875,-1.129913330078125
1780625923356288500,12.46528857421875,0.0983123779296875,-0.4361114501953125,-1.0536041259765625
1780625923366283500,12.475283447265625,-0.02459716796875,-0.4250030517578125,-0.9196319580078125
1780625923376278500,12.485278564453125,-0.221221923828125,-0.4734954833984375,-0.815673828125
1780625923386273300,12.495273193359376,-0.352874755859375,-0.5158233642578125,-0.8112640380859375
1780625923396268300,12.505268310546874,-0.3611907958984375,-0.5644683837890625,-0.8755035400390625
1780625923406263300,12.51526318359375,-0.2164459228515625,-0.5872650146484375,-0.958221435546875
1780625923416258300,12.52525830078125,-0.0411376953125,-0.571136474609375,-1.009368896484375
1780625923426253300,12.53525341796875,-0.024505615234375,-0.5430450439453125,-1.0194091796875
1780625923436248300,12.545248291015625,-0.0863800048828125,-0.5146026611328125,-1.0062103271484375
1780625923446243300,12.555243408203125,-0.1295928955078125,-0.5046234130859375,-0.9637298583984375
1780625923456238600,12.565238525390624,-0.09942626953125,-0.501861572265625,-0.866790771484375
1780625923466233600,12.575233642578125,-0.040924072265625,-0.490570068359375,-0.77410888671875
1780625923476229400,12.5852294921875,0.0164031982421875,-0.4700927734375,-0.7408294677734375
1780625923486224400,12.595224365234374,0.0884246826171875,-0.4560089111328125,-0.807525634765625
1780625923496219400,12.605219482421875,0.1066436767578125,-0.4249114990234375,-0.90728759765625
1780625923506214400,12.61521435546875,0.09454345703125,-0.3778533935546875,-0.9438934326171875
1780625923516209400,12.62520947265625,0.1111907958984375,-0.3631744384765625,-0.9268951416015625
1780625923526204400,12.635204345703125,0.0271148681640625,-0.3731842041015625,-0.88671875
1780625923536199400,12.645199462890625,-0.1054229736328125,-0.4252166748046875,-0.9066162109375
1780625923546194400,12.6551943359375,-0.186767578125,-0.4972686767578125,-0.9701995849609375
1780625923556189200,12.665189208984375,-0.1769256591796875,-0.5182952880859375,-1.017120361328125
1780625923566184200,12.67518408203125,-0.10284423828125,-0.491607666015625,-1.03179931640625
1780625923576179500,12.685179443359376,-0.03302001953125,-0.4174957275390625,-1.0142822265625
1780625923586174500,12.695174560546874,0.05126953125,-0.3618621826171875,-1.0185394287109375
1780625923596169500,12.70516943359375,0.0596160888671875,-0.3253173828125,-1.0021514892578125
1780625923606164500,12.71516455078125,-0.0340118408203125,-0.36395263671875,-0.98492431640625
1780625923616159500,12.725159423828124,-0.160125732421875,-0.444122314453125,-0.9468841552734375
1780625923626154500,12.735154541015625,-0.2000885009765625,-0.530975341796875,-0.900970458984375
1780625923636149500,12.7451494140625,-0.1834869384765625,-0.5770416259765625,-0.8590850830078125
1780625923646145300,12.755145263671874,-0.1497802734375,-0.555328369140625,-0.848876953125
1780625923656140300,12.765140380859375,-0.088958740234375,-0.4909515380859375,-0.88653564453125
1780625923666135300,12.77513525390625,-0.032318115234375,-0.4134521484375,-0.9266357421875
1780625923676130300,12.78513037109375,-0.08123779296875,-0.3866424560546875,-0.9163665771484375
1780625923686125300,12.795125244140625,-0.126800537109375,-0.459442138671875,-0.9150848388671875
1780625923696120600,12.80512060546875,-0.156646728515625,-0.5408172607421875,-0.9230499267578125
1780625923706115600,12.815115478515626,-0.209014892578125,-0.585357666015625,-0.91351318359375
1780625923716110600,12.825110595703125,-0.2096099853515625,-0.587432861328125,-0.8920135498046875
1780625923726105300,12.835105224609375,-0.1673126220703125,-0.5572967529296875,-0.865203857421875
1780625923736100400,12.845100341796876,-0.118927001953125,-0.505859375,-0.8054962158203125
1780625923746095400,12.855095458984374,-0.11700439453125,-0.47906494140625,-0.7363128662109375
1780625923756090600,12.865090576171875,-0.123321533203125,-0.49066162109375,-0.7170257568359375
1780625923766085600,12.875085693359376,-0.0738372802734375,-0.5064849853515625,-0.7100830078125
1780625923776080600,12.88508056640625,-0.022369384765625,-0.5154876708984375,-0.7061004638671875
1780625923786075600,12.89507568359375,0.039520263671875,-0.500640869140625,-0.7180633544921875
1780625923796070700,12.905070556640625,0.06097412109375,-0.4630889892578125,-0.7291107177734375
1780625923806065700,12.915065673828124,0.029388427734375,-0.4139404296875,-0.7498626708984375
1780625923816061400,12.9250615234375,-0.0218963623046875,-0.3778839111328125,-0.7960968017578125
1780625923826056700,12.935056640625,-0.052581787109375,-0.37451171875,-0.8463134765625
1780625923836051700,12.9450517578125,-0.017181396484375,-0.4060821533203125,-0.8851470947265625
1780625923846046700,12.955046630859375,0.0617218017578125,-0.46490478515625,-0.909332275390625
1780625923856041700,12.965041748046875,0.0908660888671875,-0.5023040771484375,-0.9149322509765625
1780625923866036700,12.97503662109375,0.060150146484375,-0.4974517822265625,-0.88653564453125
1780625923876031700,12.98503173828125,0.0209503173828125,-0.4808349609375,-0.8717041015625
1780625923886026500,12.995026611328125,0.028839111328125,-0.467559814453125,-0.89813232421875
1780625923896021500,13.005021484375,0.12603759765625,-0.453399658203125,-0.9430389404296875
1780625923906016500,13.0150166015625,0.2691192626953125,-0.4307861328125,-0.9635162353515625
1780625923916011500,13.025011474609375,0.329742431640625,-0.428070068359375,-0.950439453125
1780625923926006500,13.035006591796876,0.27484130859375,-0.4525299072265625,-0.92108154296875
1780625923936001500,13.04500146484375,0.190887451171875,-0.495635986328125,-0.8942413330078125
1780625923945996500,13.05499658203125,0.1573333740234375,-0.5466461181640625,-0.889739990234375
1780625923955991600,13.064991455078125,0.182373046875,-0.584625244140625,-0.910003662109375
1780625923965986600,13.074986572265624,0.203033447265625,-0.6129302978515625,-0.9529266357421875
1780625923975981800,13.08498193359375,0.2595062255859375,-0.642333984375,-1.032989501953125
1780625923985976600,13.0949765625,0.3088836669921875,-0.6461639404296875,-1.0998077392578125
1780625923995972600,13.10497265625,0.3229827880859375,-0.6091766357421875,-1.1013336181640625
1780625924005967600,13.114967529296875,0.2173919677734375,-0.5233306884765625,-1.01275634765625
1780625924015962600,13.124962646484375,0.023193359375,-0.4705352783203125,-0.8926544189453125
1780625924025957600,13.13495751953125,-0.08660888671875,-0.539154052734375,-0.85455322265625
1780625924035952600,13.14495263671875,-0.1124725341796875,-0.624969482421875,-0.849212646484375
1780625924045947600,13.15494775390625,-0.1168060302734375,-0.66241455078125,-0.7999725341796875
1780625924055942700,13.164942626953126,-0.0720672607421875,-0.6353912353515625,-0.73504638671875
1780625924065937400,13.1749375,0.00714111328125,-0.5680694580078125,-0.70428466796875
1780625924075932400,13.184932373046875,0.01202392578125,-0.5092315673828125,-0.7322845458984375
1780625924085927400,13.194927490234376,-0.06939697265625,-0.5076446533203125,-0.8416595458984375
1780625924095922700,13.204922607421874,-0.072998046875,-0.5474853515625,-0.950653076171875
1780625924105917700,13.214917724609375,0.0183868408203125,-0.5636749267578125,-0.9442138671875
1780625924115912700,13.22491259765625,0.0261993408203125,-0.5736846923828125,-0.8573455810546875
1780625924125907700,13.23490771484375,0.0013427734375,-0.58807373046875,-0.754241943359375
1780625924135902700,13.24490283203125,0.0045623779296875,-0.60089111328125,-0.6900634765625
1780625924145897700,13.254897705078125,0.015533447265625,-0.6136474609375,-0.6878662109375
1780625924155892700,13.264892822265624,0.0382080078125,-0.60418701171875,-0.719573974609375
1780625924165888500,13.274888427734375,0.06744384765625,-0.56195068359375,-0.7464599609375
1780625924175883500,13.284883544921875,0.0917205810546875,-0.500335693359375,-0.7361297607421875
1780625924185878500,13.29487841796875,0.1342315673828125,-0.46875,-0.7437744140625
1780625924195873500,13.30487353515625,0.18231201171875,-0.4933624267578125,-0.7730560302734375
1780625924205868500,13.31486865234375,0.218170166015625,-0.543609619140625,-0.81768798828125
1780625924215863800,13.32486376953125,0.2131195068359375,-0.5756378173828125,-0.8573760986328125
1780625924225858800,13.33485888671875,0.20623779296875,-0.5824127197265625,-0.869049072265625
1780625924235853600,13.344853515625,0.1994476318359375,-0.5655364990234375,-0.845611572265625
1780625924245848600,13.3548486328125,0.16455078125,-0.53857421875,-0.8058013916015625
1780625924255843600,13.364843505859374,0.17547607421875,-0.521209716796875,-0.8151397705078125
1780625924265838600,13.374838623046875,0.2145843505859375,-0.5250701904296875,-0.8707122802734375
1780625924275833600,13.38483349609375,0.20660400390625,-0.5311737060546875,-0.901885986328125
1780625924285828600,13.39482861328125,0.1560516357421875,-0.55316162109375,-0.9190826416015625
1780625924295823600,13.40482373046875,0.1183319091796875,-0.5910186767578125,-0.941650390625
1780625924305818600,13.414818603515625,0.102935791015625,-0.617340087890625,-0.9528045654296875
1780625924315813600,13.424813720703124,0.091705322265625,-0.6206817626953125,-0.9186553955078125
1780625924325808600,13.43480859375,0.08624267578125,-0.5977935791015625,-0.845977783203125
1780625924335803400,13.444803466796875,0.0931549072265625,-0.56536865234375,-0.7647857666015625
1780625924345799700,13.454799560546874,0.0967254638671875,-0.55950927734375,-0.7134246826171875
1780625924355794700,13.464794677734375,0.12567138671875,-0.569732666015625,-0.71075439453125
1780625924365789700,13.474789794921875,0.19061279296875,-0.586822509765625,-0.742340087890625
1780625924375784700,13.48478466796875,0.2161712646484375,-0.5990142822265625,-0.7830963134765625
1780625924385779700,13.49477978515625,0.17926025390625,-0.6059417724609375,-0.8180389404296875
1780625924395774700,13.504774658203125,0.1587677001953125,-0.60467529296875,-0.846588134765625
1780625924405769500,13.51476953125,0.1463470458984375,-0.592376708984375,-0.8541107177734375
1780625924415764500,13.524764404296874,0.125457763671875,-0.5731964111328125,-0.817840576171875
1780625924425759500,13.534759521484375,0.12847900390625,-0.55242919921875,-0.761199951171875
1780625924435754500,13.54475439453125,0.176239013671875,-0.5407257080078125,-0.7283477783203125
1780625924445749500,13.55474951171875,0.274627685546875,-0.54693603515625,-0.7477264404296875
1780625924455744500,13.56474462890625,0.3684844970703125,-0.557830810546875,-0.778350830078125
1780625924465739500,13.574739501953125,0.3410491943359375,-0.5646209716796875,-0.7942047119140625
1780625924475734800,13.58473486328125,0.2398834228515625,-0.5760040283203125,-0.8112335205078125
1780625924485729800,13.594729736328125,0.1611175537109375,-0.5790252685546875,-0.8050994873046875
1780625924495724800,13.604724853515625,0.170654296875,-0.5667266845703125,-0.7628631591796875
1780625924505719600,13.614719482421876,0.242828369140625,-0.551483154296875,-0.7010498046875
1780625924515714600,13.624714599609375,0.294525146484375,-0.5426788330078125,-0.63983154296875
1780625924525709600,13.63470947265625,0.3312225341796875,-0.5417938232421875,-0.5986328125
1780625924535705600,13.64470556640625,0.3369140625,-0.5487060546875,-0.59136962890625
1780625924545700600,13.65470068359375,0.32781982421875,-0.5554656982421875,-0.6175689697265625
1780625924555695600,13.664695556640625,0.3343353271484375,-0.5575103759765625,-0.648712158203125
1780625924565690600,13.674690673828126,0.3326263427734375,-0.5602569580078125,-0.6742095947265625
1780625924575685400,13.684685302734374,0.3288726806640625,-0.5603790283203125,-0.7118988037109375
1780625924585680400,13.694680419921875,0.3380584716796875,-0.5521697998046875,-0.7540435791015625
1780625924595675600,13.704675537109376,0.366241455078125,-0.53875732421875,-0.7927703857421875
1780625924605670700,13.714670654296874,0.4185028076171875,-0.5173492431640625,-0.819732666015625
1780625924615665700,13.724665771484375,0.4780426025390625,-0.501007080078125,-0.8297271728515625
1780625924625660700,13.73466064453125,0.52044677734375,-0.4940643310546875,-0.8200836181640625
1780625924635655700,13.74465576171875,0.5371856689453125,-0.5021209716796875,-0.8004913330078125
1780625924645650700,13.754650634765625,0.5181884765625,-0.51776123046875,-0.7746124267578125
1780625924655645700,13.764645751953125,0.5100555419921875,-0.5391387939453125,-0.756103515625
1780625924665640700,13.774640625,0.5300445556640625,-0.5610504150390625,-0.745147705078125
1780625924675635500,13.784635498046875,0.526123046875,-0.5821075439453125,-0.7567291259765625
1780625924685630500,13.79463037109375,0.494110107421875,-0.5848388671875,-0.7791748046875
1780625924695625500,13.80462548828125,0.445343017578125,-0.5712127685546875,-0.7902069091796875
1780625924705620500,13.814620361328124,0.399261474609375,-0.543426513671875,-0.78277587890625
1780625924715616800,13.82461669921875,0.3897705078125,-0.51593017578125,-0.74853515625
1780625924725611800,13.83461181640625,0.380584716796875,-0.49853515625,-0.6965179443359375
1780625924735606800,13.844606689453125,0.364013671875,-0.5033721923828125,-0.649200439453125
1780625924745601500,13.8546015625,0.358551025390625,-0.5326995849609375,-0.627349853515625
1780625924755596300,13.86459619140625,0.3676300048828125,-0.5667572021484375,-0.623291015625
1780625924765591300,13.87459130859375,0.3963470458984375,-0.5868682861328125,-0.622039794921875
1780625924775586300,13.88458642578125,0.385284423828125,-0.60040283203125,-0.6365509033203125
1780625924785581300,13.894581298828125,0.3829498291015625,-0.6042327880859375,-0.6672515869140625
1780625924795576300,13.904576416015624,0.4038238525390625,-0.5818634033203125,-0.6881561279296875
1780625924805571300,13.9145712890625,0.408843994140625,-0.544952392578125,-0.6895599365234375
1780625924815566300,13.92456640625,0.4066925048828125,-0.5109405517578125,-0.69842529296875
1780625924825561300,13.934561279296876,0.4533538818359375,-0.48602294921875,-0.7073211669921875
1780625924835556400,13.944556396484375,0.5181884765625,-0.489044189453125,-0.7021331787109375
1780625924845551400,13.95455126953125,0.4811248779296875,-0.5223388671875,-0.7142333984375
1780625924855546000,13.964546142578126,0.410980224609375,-0.55413818359375,-0.74237060546875
1780625924865541400,13.974541259765624,0.3463897705078125,-0.570220947265625,-0.7596435546875
1780625924875536400,13.984536376953125,0.2709197998046875,-0.562774658203125,-0.7628021240234375
1780625924885531400,13.994531494140626,0.2460174560546875,-0.5492401123046875,-0.7630767822265625
1780625924895526400,14.0045263671875,0.3127899169921875,-0.5417327880859375,-0.7499847412109375
1780625924905521400,14.014521484375,0.4183502197265625,-0.555206298828125,-0.7209625244140625
1780625924915517400,14.024517333984376,0.4651336669921875,-0.5804901123046875,-0.7039642333984375
1780625924925512200,14.03451220703125,0.400970458984375,-0.5991363525390625,-0.6966400146484375
1780625924935507200,14.044507080078125,0.3152313232421875,-0.601715087890625,-0.7027130126953125
1780625924945502200,14.054502197265625,0.2957763671875,-0.5948333740234375,-0.7220611572265625
1780625924955497200,14.064497314453124,0.3058929443359375,-0.5919952392578125,-0.724090576171875
1780625924965492200,14.0744921875,0.2703094482421875,-0.5782623291015625,-0.6909332275390625
1780625924975487200,14.0844873046875,0.2632598876953125,-0.54852294921875,-0.6639251708984375
1780625924985482500,14.094482421875,0.3075408935546875,-0.5240325927734375,-0.6730499267578125
1780625924995477500,14.1044775390625,0.331024169921875,-0.517578125,-0.7303314208984375
1780625925005472500,14.114472412109375,0.36737060546875,-0.5177154541015625,-0.7941741943359375
1780625925015467500,14.124467529296876,0.413909912109375,-0.517852783203125,-0.828857421875
1780625925025462300,14.134462158203124,0.4013824462890625,-0.50872802734375,-0.8269805908203125
1780625925035457300,14.144457275390625,0.2977752685546875,-0.477264404296875,-0.788055419921875
1780625925045452300,14.154452392578126,0.215667724609375,-0.4267730712890625,-0.742034912109375
1780625925055447300,14.164447265625,0.1954345703125,-0.338226318359375,-0.8021392822265625
1780625925065442300,14.1744423828125,0.2530975341796875,-0.3778076171875,-0.8978271484375
1780625925075437300,14.184437255859375,0.2837371826171875,-0.423797607421875,-0.9433746337890625
1780625925085432300,14.194432373046874,0.33074951171875,-0.4776763916015625,-0.947357177734375
1780625925095427300,14.20442724609375,0.421142578125,-0.4539947509765625,-0.8883209228515625
1780625925105423400,14.21442333984375,0.5742034912109375,-0.4043426513671875,-0.817138671875
1780625925115418400,14.22441845703125,0.6524505615234375,-0.3823394775390625,-0.7522430419921875
1780625925125413400,14.234413330078125,0.537445068359375,-0.3708953857421875,-0.68524169921875
1780625925135408400,14.244408447265625,0.3717803955078125,-0.3411102294921875,-0.6103668212890625
1780625925145403400,14.2544033203125,0.3202972412109375,-0.317901611328125,-0.558563232421875
1780625925155398400,14.2643984375,0.26031494140625,-0.2967071533203125,-0.590850830078125
1780625925165393400,14.274393310546875,0.3286590576171875,-0.2742919921875,-0.6630706787109375
1780625925175388400,14.284388427734376,0.380157470703125,-0.2628936767578125,-0.7266845703125
1780625925185383400,14.294383544921875,0.4102935791015625,-0.2369537353515625,-0.77874755859375
1780625925195378200,14.304378173828125,0.446258544921875,-0.1905975341796875,-0.798431396484375
1780625925205373200,14.314373291015626,0.4537200927734375,-0.140472412109375,-0.7984466552734375
1780625925215368200,14.3243681640625,0.4503631591796875,-0.1249542236328125,-0.80926513671875
1780625925225363200,14.33436328125,0.3885040283203125,-0.1395111083984375,-0.8446197509765625
1780625925235358200,14.344358154296875,0.287200927734375,0.0513763427734375,-0.7196197509765625
1780625925245353500,14.354353515625,-0.118194580078125,0.14697265625,-0.657562255859375
1780625925255348500,14.364348388671875,0.049346923828125,0.0749359130859375,-0.7878570556640625
1780625925265343500,14.374343505859375,0.5830841064453125,-0.00921630859375,-1.000701904296875
1780625925275338500,14.38433837890625,0.7567138671875,-0.0544586181640625,-1.2431182861328125
1780625925285333500,14.39433349609375,0.534088134765625,-0.103546142578125,-1.457244873046875
1780625925295329300,14.404329345703125,0.3565826416015625,-0.1305389404296875,-1.4748077392578125
1780625925305324300,14.41432421875,0.35076904296875,-0.1060638427734375,-1.395751953125
1780625925315319300,14.4243193359375,0.2426910400390625,-0.11492919921875,-1.3192138671875
1780625925325314300,14.434314208984375,0.1014556884765625,-0.1652374267578125,-1.24542236328125
1780625925335309300,14.444309326171876,0.1384124755859375,-0.157562255859375,-1.15521240234375
1780625925345304300,14.45430419921875,0.2910003662109375,-0.0719451904296875,-1.03472900390625
1780625925355299300,14.46429931640625,0.3668670654296875,0.000518798828125,-0.9601898193359375
1780625925365294300,14.47429443359375,0.35955810546875,0.0035400390625,-0.9647216796875
1780625925375289300,14.484289306640624,0.326019287109375,-0.0456085205078125,-0.98846435546875
1780625925385284400,14.494284423828125,0.3441619873046875,-0.048583984375,-0.9698028564453125
1780625925395279400,14.504279296875,0.3786468505859375,-0.0098876953125,-0.9351806640625
1780625925405274400,14.5142744140625,0.3322601318359375,0.0394134521484375,-0.920440673828125
1780625925415269400,14.524269287109375,0.3107757568359375,0.0960693359375,-0.9136199951171875
1780625925425264400,14.534264404296875,0.33197021484375,0.13433837890625,-0.9242401123046875
1780625925435259400,14.54425927734375,0.364166259765625,0.15716552734375,-0.9528656005859375
1780625925445254400,14.55425439453125,0.4184417724609375,0.1637115478515625,-1.0006866455078125
1780625925455249400,14.56424951171875,0.4449920654296875,0.1541595458984375,-1.059478759765625
1780625925465244400,14.574244384765626,0.4361419677734375,0.1744842529296875,-1.09136962890625
1780625925475239200,14.5842392578125,0.4851531982421875,0.224365234375,-1.085235595703125
1780625925485234200,14.594234130859375,0.4926300048828125,0.2633819580078125,-1.049346923828125
1780625925495229200,14.604229248046876,0.4613800048828125,0.3088226318359375,-0.958221435546875
1780625925505225500,14.6142255859375,0.45062255859375,0.3092803955078125,-0.920623779296875
1780625925515220500,14.624220458984375,0.353546142578125,0.0231475830078125,-1.0267486572265625
1780625925525215500,14.634215576171876,0.3297271728515625,0.0676116943359375,-0.920745849609375
1780625925535210500,14.64421044921875,0.2917327880859375,0.1678314208984375,-0.8364715576171875
1780625925545205200,14.654205322265625,0.245086669921875,0.1876373291015625,-0.801116943359375
1780625925555200300,14.6642001953125,0.3250885009765625,0.241119384765625,-0.7626953125
1780625925565195300,14.6741953125,0.4124298095703125,0.2515411376953125,-0.7637481689453125
1780625925575190300,14.684190185546875,0.4459686279296875,0.2808837890625,-0.7927398681640625
1780625925585185300,14.694185302734375,0.42742919921875,0.311492919921875,-0.8451690673828125
1780625925595180300,14.70418017578125,0.3395843505859375,0.2783660888671875,-0.897125244140625
1780625925605175300,14.71417529296875,0.3321685791015625,0.2613067626953125,-0.8983917236328125
1780625925615170300,14.72417041015625,0.3471221923828125,0.280548095703125,-0.8746490478515625
1780625925625165600,14.73416552734375,0.29949951171875,0.2210540771484375,-0.877166748046875
1780625925635160300,14.744160400390625,0.263916015625,0.352874755859375,-0.788970947265625
1780625925645155300,14.7541552734375,0.363037109375,0.54327392578125,-0.6336212158203125
1780625925655150300,14.764150390625,0.53448486328125,0.5846710205078125,-0.60418701171875
1780625925665145300,14.774145263671874,0.6988525390625,0.5836944580078125,-0.6477508544921875
1780625925675140400,14.784140380859375,0.8801422119140625,0.6023712158203125,-0.72119140625
1780625925685135400,14.79413525390625,0.7668914794921875,0.6317596435546875,-0.7648773193359375
1780625925695130400,14.80413037109375,0.5164794921875,0.623748779296875,-0.74261474609375
1780625925705126400,14.81412646484375,0.3463897705078125,0.637847900390625,-0.665740966796875
1780625925715121200,14.82412109375,0.3243865966796875,0.6808013916015625,-0.5846405029296875
1780625925725116200,14.8341162109375,0.57745361328125,0.7155914306640625,-0.533050537109375
1780625925735111200,14.844111083984375,0.660552978515625,0.6775360107421875,-0.528778076171875
1780625925745106400,14.8541064453125,0.6922607421875,0.5691680908203125,-0.544647216796875
1780625925755101700,14.864101806640624,0.825286865234375,0.5055084228515625,-0.548736572265625
1780625925765096700,14.8740966796875,0.863006591796875,0.49224853515625,-0.5360870361328125
1780625925775091700,14.884091796875,0.8304290771484375,0.541046142578125,-0.52410888671875
1780625925785086700,14.894086669921874,0.817352294921875,0.6174774169921875,-0.4896240234375
1780625925795081700,14.904081787109375,0.66473388671875,0.666046142578125,-0.4065093994140625
1780625925805076700,14.91407666015625,0.4731903076171875,0.6573486328125,-0.3365325927734375
1780625925815071700,14.92407177734375,0.46453857421875,0.67449951171875,-0.2850799560546875
1780625925825066800,14.934066650390625,0.6011962890625,0.723663330078125,-0.2404022216796875
1780625925835061800,14.944061767578125,0.7500457763671875,0.7365570068359375,-0.198638916015625
1780625925845056800,14.954056884765626,0.803131103515625,0.7169647216796875,-0.162841796875
1780625925855051800,14.9640517578125,0.7848968505859375,0.711761474609375,-0.120361328125
1780625925865046800,14.974046875,0.75152587890625,0.7039947509765625,-0.0661773681640625
1780625925875041800,14.984041748046875,0.6503753662109375,0.66033935546875,-0.0590667724609375
1780625925885036800,14.994036865234374,0.5616302490234375,0.6187591552734375,-0.0607147216796875
1780625925895031800,15.00403173828125,0.607025146484375,0.5672149658203125,-0.0413818359375
1780625925905026600,15.014026611328125,0.7361907958984375,0.52130126953125,-0.0042572021484375
1780625925915021600,15.024021484375,0.884521484375,0.474609375,0.033203125
1780625925925017900,15.034017822265625,0.7897491455078125,0.3873443603515625,-0.0322113037109375
1780625925935012900,15.044012939453125,0.5981292724609375,0.282318115234375,-0.1437225341796875
1780625925945007900,15.0540078125,0.9402618408203125,0.299072265625,-0.01849365234375
1780625925955003000,15.0640029296875,0.9593353271484375,0.339752197265625,-0.0379180908203125
1780625925964998000,15.073997802734375,0.77545166015625,0.3682708740234375,-0.1035614013671875
1780625925974992600,15.08399267578125,0.8234710693359375,0.4350433349609375,0.0298309326171875
1780625925984987600,15.093987548828125,0.8223876953125,0.4751739501953125,0.1582183837890625
1780625925994982700,15.103982666015625,0.7940216064453125,0.48583984375,0.1982421875
1780625926004977700,15.113977783203126,0.8366241455078125,0.4879608154296875,0.1877593994140625
1780625926014972700,15.12397265625,0.904296875,0.4864654541015625,0.1529083251953125
1780625926024967700,15.1339677734375,0.921234130859375,0.4893646240234375,0.1278228759765625
1780625926034962700,15.143962646484376,0.877685546875,0.4822540283203125,0.122161865234375
1780625926044957700,15.153957763671874,0.82293701171875,0.4507904052734375,0.126739501953125
1780625926054952700,15.16395263671875,0.8022613525390625,0.3885650634765625,0.1340484619140625
1780625926064948000,15.173947998046875,0.838134765625,0.3218994140625,0.1485137939453125
1780625926074942700,15.183942626953124,0.9106903076171875,0.2679595947265625,0.172088623046875
1780625926084937700,15.193937744140625,0.885528564453125,0.2512359619140625,0.173248291015625
1780625926094932700,15.2039326171875,0.83544921875,0.2678985595703125,0.1453857421875
1780625926104927700,15.213927734375,0.8842926025390625,0.3129730224609375,0.0819091796875
1780625926114922800,15.2239228515625,0.9037628173828125,0.3484039306640625,-0.005096435546875
1780625926124918800,15.233918701171875,0.9277801513671875,0.3655853271484375,-0.0721282958984375
1780625926134913800,15.243913818359376,0.8840179443359375,0.4095611572265625,-0.0915985107421875
1780625926144908500,15.253908447265625,0.847564697265625,0.4700775146484375,-0.06353759765625
1780625926154903600,15.263903564453125,0.8510894775390625,0.5312347412109375,-0.0229949951171875
1780625926164898600,15.273898681640626,0.9391937255859375,0.59893798828125,-0.0101165771484375
1780625926174893600,15.2838935546875,1.0458984375,0.6452178955078125,-0.0414276123046875
1780625926184888800,15.293888916015625,1.05426025390625,0.6571197509765625,-0.1068267822265625
1780625926194883800,15.3038837890625,0.93756103515625,0.6376495361328125,-0.1575164794921875
1780625926204878800,15.31387890625,0.79827880859375,0.5784149169921875,-0.159576416015625
1780625926214873900,15.323873779296875,0.8289794921875,0.495391845703125,-0.1453704833984375
1780625926224868900,15.333868896484375,0.94378662109375,0.421051025390625,-0.1248626708984375
1780625926234863900,15.34386376953125,0.9519805908203125,0.355194091796875,-0.0935821533203125
1780625926244858600,15.353858642578125,0.9045867919921875,0.3401336669921875,-0.0294952392578125
1780625926254853600,15.363853515625,0.7772979736328125,0.3497772216796875,0.0243988037109375
1780625926264848600,15.3738486328125,0.6371002197265625,0.349273681640625,0.0382537841796875
1780625926274843600,15.38384375,0.533905029296875,0.3506622314453125,-0.007781982421875
1780625926284838700,15.393838623046875,0.7732086181640625,0.3760833740234375,-0.0709686279296875
1780625926294833700,15.403833740234376,0.9636688232421875,0.3904571533203125,-0.083251953125
1780625926304828700,15.41382861328125,0.8173675537109375,0.39776611328125,-0.053375244140625
1780625926314823700,15.42382373046875,0.6205291748046875,0.390777587890625,-0.0155029296875
1780625926324818700,15.433818603515626,0.4391326904296875,0.389129638671875,-0.0112762451171875
1780625926334814700,15.443814697265625,0.3639068603515625,0.3955841064453125,-0.0592498779296875
1780625926344809700,15.453809814453125,0.451263427734375,0.4437408447265625,-0.127593994140625
1780625926354804700,15.4638046875,0.6466827392578125,0.524200439453125,-0.191558837890625
1780625926364799700,15.4737998046875,0.7666778564453125,0.59930419921875,-0.2506866455078125
1780625926374794800,15.483794677734375,0.8530731201171875,0.6651763916015625,-0.2657928466796875
1780625926384789800,15.493789794921875,0.9441680908203125,0.7382049560546875,-0.2564697265625
1780625926394784800,15.50378466796875,0.925872802734375,0.7884063720703125,-0.27117919921875
1780625926404779800,15.51377978515625,0.82769775390625,0.801483154296875,-0.2984771728515625
1780625926414774800,15.52377490234375,0.7692413330078125,0.8679046630859375,-0.3101959228515625
1780625926424769500,15.53376953125,0.8065032958984375,0.953765869140625,-0.345550537109375
1780625926434764500,15.5437646484375,0.8187103271484375,0.7400360107421875,-0.468475341796875
1780625926444759600,15.553759521484375,0.7268524169921875,0.752716064453125,-0.4513397216796875
1780625926454754800,15.5637548828125,0.760498046875,0.80450439453125,-0.3760528564453125
1780625926464749800,15.573749755859374,0.792144775390625,0.7966461181640625,-0.330474853515625
1780625926474744800,15.583744873046875,0.8123626708984375,0.7779693603515625,-0.3115234375
1780625926484739800,15.59373974609375,0.8388824462890625,0.7516632080078125,-0.2991485595703125
1780625926494734800,15.60373486328125,0.84979248046875,0.73388671875,-0.2817230224609375
1780625926504729900,15.613729736328125,0.82861328125,0.7165679931640625,-0.2567596435546875
1780625926514724600,15.623724609375,0.748687744140625,0.73712158203125,-0.207366943359375
1780625926524719600,15.6337197265625,0.6765289306640625,0.791717529296875,-0.1444091796875
1780625926534714600,15.643714599609375,0.6626434326171875,0.8233489990234375,-0.0913238525390625
1780625926544709600,15.653709716796875,0.6551971435546875,0.8004913330078125,-0.0715789794921875
1780625926554704600,15.66370458984375,0.6827850341796875,0.7333221435546875,-0.0760955810546875
1780625926564701000,15.673700927734375,0.72991943359375,0.65582275390625,-0.0961456298828125
1780625926574696000,15.683696044921875,0.73822021484375,0.5842742919921875,-0.12652587890625
1780625926584690700,15.693690673828126,0.7447967529296875,0.5650634765625,-0.1346435546875
1780625926594685700,15.703685791015625,0.6651763916015625,0.583953857421875,-0.1222076416015625
1780625926604680700,15.7136806640625,0.5492095947265625,0.599578857421875,-0.1053466796875
1780625926614675700,15.72367578125,0.559967041015625,0.5873870849609375,-0.10504150390625
1780625926624670700,15.733670654296875,0.627288818359375,0.57623291015625,-0.09295654296875
1780625926634665700,15.743665771484375,0.673248291015625,0.6025543212890625,-0.0792388916015625
1780625926644660700,15.75366064453125,0.670501708984375,0.6377105712890625,-0.0931243896484375
1780625926654655700,15.76365576171875,0.6369781494140625,0.668060302734375,-0.1167144775390625
1780625926664650800,15.773650634765625,0.664642333984375,0.6773223876953125,-0.1244049072265625
1780625926674645800,15.783645751953125,0.7788238525390625,0.72320556640625,-0.103973388671875
1780625926684640800,15.793640869140624,0.8057403564453125,0.8020172119140625,-0.0921783447265625
1780625926694635500,15.803635498046875,0.7772369384765625,0.936431884765625,-0.0939178466796875
1780625926704630500,15.813630615234375,0.7323760986328125,0.9968719482421875,-0.1414947509765625
1780625926714625800,15.823625732421876,0.658538818359375,1.026702880859375,-0.1598663330078125
1780625926724620800,15.833620849609375,0.6058197021484375,1.02203369140625,-0.1242218017578125
1780625926734615800,15.84361572265625,0.610687255859375,0.924224853515625,-0.111083984375
1780625926744610800,15.85361083984375,0.608795166015625,0.8682861328125,-0.069671630859375
1780625926754605600,15.86360546875,0.640106201171875,0.8823394775390625,-0.0332489013671875
1780625926764600600,15.8736005859375,0.6750030517578125,0.9503326416015625,-0.0350189208984375
1780625926774595600,15.883595703125,0.74761962890625,1.0106964111328125,-0.0711517333984375
1780625926784590600,15.893590576171874,0.6746978759765625,1.016693115234375,-0.117034912109375
1780625926794586600,15.903586669921875,0.5353546142578125,0.9862518310546875,-0.1273193359375
1780625926804581600,15.91358154296875,0.5071563720703125,0.9557342529296875,-0.1203765869140625
1780625926814576600,15.92357666015625,0.475616455078125,0.92022705078125,-0.1186981201171875
1780625926824571600,15.933571533203125,0.4236907958984375,0.837249755859375,-0.086578369140625
1780625926834566700,15.943566650390625,0.443511962890625,0.7338104248046875,-0.03179931640625
1780625926844561700,15.953561767578124,0.495849609375,0.6462860107421875,0.0146026611328125
1780625926854556700,15.963556640625,0.5813446044921875,0.6511688232421875,0.0187530517578125
1780625926864551400,15.973551513671875,0.5667266845703125,0.6844635009765625,-0.0643157958984375
1780625926874546400,15.98354638671875,0.538299560546875,0.7427215576171875,-0.1194305419921875
1780625926884541400,15.99354150390625,0.5951080322265625,0.82305908203125,-0.1399078369140625
1780625926894536400,16.003536376953125,0.678070068359375,0.9091644287109375,-0.148590087890625
1780625926904531700,16.01353173828125,0.6750335693359375,0.98101806640625,-0.142364501953125
1780625926914526700,16.023526611328126,0.599853515625,0.98992919921875,-0.143890380859375
1780625926924521700,16.033521728515623,0.5858612060546875,0.924530029296875,-0.1631011962890625
1780625926934516700,16.043516845703124,0.651947021484375,0.8311614990234375,-0.1695098876953125
1780625926944511700,16.05351171875,0.800994873046875,0.7262420654296875,-0.1708526611328125
1780625926954506800,16.0635068359375,0.821502685546875,0.5382537841796875,-0.1797637939453125
1780625926964501500,16.07350146484375,0.7119293212890625,0.468963623046875,-0.115692138671875
1780625926974496500,16.08349658203125,0.7008514404296875,0.4690704345703125,-0.03240966796875
1780625926984491500,16.093491455078127,0.732147216796875,0.4763336181640625,0.00506591796875
1780625926994486500,16.103486572265624,0.7608795166015625,0.47967529296875,0.0118408203125
1780625927004481500,16.1134814453125,0.800140380859375,0.4711761474609375,-0.0021820068359375
1780625927014476500,16.1234765625,0.863616943359375,0.5017242431640625,-0.019805908203125
1780625927024472800,16.133472900390625,0.862884521484375,0.5536346435546875,-0.0517730712890625
1780625927034467600,16.143467529296874,0.7974853515625,0.558135986328125,-0.1024932861328125
1780625927044462600,16.153462646484375,0.7364959716796875,0.5375518798828125,-0.141448974609375
1780625927054457600,16.16345751953125,0.72491455078125,0.5423736572265625,-0.141815185546875
1780625927064452600,16.17345263671875,0.755035400390625,0.5548248291015625,-0.130584716796875
1780625927074447600,16.183447509765625,0.801605224609375,0.5666351318359375,-0.120849609375
1780625927084442600,16.193442626953125,0.8256072998046875,0.559783935546875,-0.1199951171875
1780625927094437600,16.203437744140626,0.8343048095703125,0.5640716552734375,-0.1134490966796875
1780625927104432600,16.2134326171875,0.82122802734375,0.5943450927734375,-0.0996551513671875
1780625927114427600,16.223427734375,0.7867279052734375,0.6394500732421875,-0.079498291015625
1780625927124422700,16.233422607421875,0.7669525146484375,0.761383056640625,-0.0258026123046875
1780625927134417400,16.24341748046875,0.8801727294921875,0.8535614013671875,-0.0161895751953125
1780625927144412400,16.253412353515625,0.9284210205078125,0.677886962890625,-0.0918731689453125
1780625927154407400,16.263407470703125,0.9411773681640625,0.71527099609375,-0.025299072265625
1780625927164402400,16.27340234375,0.9414215087890625,0.723663330078125,-0.0100250244140625
1780625927174397700,16.283397705078126,0.876495361328125,0.7064208984375,-0.0186920166015625
1780625927184392700,16.293392822265623,0.8046722412109375,0.6635589599609375,-0.022857666015625
1780625927194387700,16.3033876953125,0.7797088623046875,0.5995025634765625,-0.026885986328125
1780625927204382700,16.3133828125,0.81939697265625,0.5191192626953125,-0.0304718017578125
1780625927214377700,16.323377685546873,0.875701904296875,0.462890625,-0.0161590576171875
1780625927224372700,16.333372802734374,0.893890380859375,0.4493408203125,0.001434326171875
1780625927234367500,16.343367431640626,0.8663177490234375,0.4517669677734375,-0.016326904296875
1780625927244362500,16.353362548828127,0.7975921630859375,0.465118408203125,-0.0420074462890625
1780625927254357500,16.363357421875,0.77630615234375,0.495361328125,-0.0566558837890625
1780625927264353500,16.373353515625,0.778350830078125,0.5307464599609375,-0.0665435791015625
1780625927274348500,16.3833486328125,0.8004608154296875,0.5534820556640625,-0.06787109375
1780625927284343800,16.39334375,0.843048095703125,0.582122802734375,-0.0493927001953125
1780625927294338800,16.4033388671875,0.8575286865234375,0.6161041259765625,-0.0052337646484375
1780625927304333600,16.41333349609375,0.8812408447265625,0.6585845947265625,0.069427490234375
1780625927314328600,16.42332861328125,0.9388885498046875,0.69891357421875,0.14501953125
1780625927324323600,16.433323486328124,1.0023193359375,0.7430419921875,0.15850830078125
1780625927334318600,16.443318603515625,1.011993408203125,0.7863922119140625,0.1043853759765625
1780625927344313600,16.453313720703125,0.92803955078125,0.796722412109375,0.011016845703125
1780625927354308600,16.46330859375,0.8129119873046875,0.76300048828125,-0.07110595703125
1780625927364303600,16.4733037109375,0.7579498291015625,0.7160186767578125,-0.09619140625
1780625927374298600,16.483298583984375,0.8199310302734375,0.67303466796875,-0.0533599853515625
1780625927384293600,16.493293701171876,0.89013671875,0.654571533203125,0.0266265869140625
1780625927394288600,16.50328857421875,0.908905029296875,0.6527862548828125,0.0845489501953125
1780625927404283600,16.51328369140625,0.9198455810546875,0.6548309326171875,0.108001708984375
1780625927414278400,16.5232783203125,0.9594573974609375,0.639892578125,0.1151275634765625
1780625927424273400,16.5332734375,0.93414306640625,0.5709686279296875,0.103546142578125
1780625927434268700,16.5432685546875,0.8505401611328125,0.4612579345703125,0.0949249267578125
1780625927444263700,16.553263671875,0.818695068359375,0.363525390625,0.1219024658203125
1780625927454258700,16.5632587890625,0.7957305908203125,0.3082275390625,0.1558837890625
1780625927464253700,16.573253662109376,0.779815673828125,0.28802490234375,0.17828369140625
1780625927474248700,16.583248779296873,0.7409820556640625,0.3125152587890625,0.1967315673828125
1780625927484243700,16.59324365234375,0.659942626953125,0.342437744140625,0.2216949462890625
1780625927494238700,16.60323876953125,0.6727294921875,0.3367156982421875,0.260833740234375
1780625927504233500,16.6132333984375,0.6315765380859375,0.307342529296875,0.2535400390625
1780625927514228500,16.623228515625,0.5882568359375,0.2704925537109375,0.17401123046875
1780625927524224500,16.633224609375,0.5753173828125,0.2127685546875,0.081787109375
1780625927534219500,16.643219482421873,0.609893798828125,0.16766357421875,0.0075225830078125
1780625927544214500,16.653214599609374,0.7251739501953125,0.142120361328125,-0.05108642578125
1780625927554209800,16.663209716796874,0.8212432861328125,0.1371307373046875,-0.094024658203125
1780625927564204800,16.673204833984375,0.823486328125,0.1492156982421875,-0.090301513671875
1780625927574199600,16.683199462890624,0.78167724609375,0.16119384765625,-0.0071868896484375
1780625927584194600,16.693194580078124,0.780426025390625,0.166534423828125,0.0746002197265625
1780625927594189600,16.703189453125,0.8709259033203125,0.1648406982421875,0.1268310546875
1780625927604184600,16.7131845703125,0.9654998779296875,0.173828125,0.1323394775390625
1780625927614179600,16.7231796875,1.0359039306640625,0.1753997802734375,0.0905609130859375
1780625927624174600,16.733174560546875,1.069671630859375,0.15484619140625,0.0272064208984375
1780625927634169600,16.743169677734375,1.0791015625,0.1231842041015625,-0.041259765625
1780625927644164600,16.75316455078125,1.06451416015625,0.0984954833984375,-0.0919189453125
1780625927654159600,16.76315966796875,0.9671478271484375,0.125457763671875,-0.0830230712890625
1780625927664154600,16.773154541015625,0.917877197265625,0.2089385986328125,-0.0244140625
1780625927674149600,16.783149658203126,0.7855987548828125,0.3372650146484375,0.05841064453125
1780625927684144400,16.793144287109374,0.7716217041015625,0.3688507080078125,0.096466064453125
1780625927694139600,16.8031396484375,1.0954132080078125,0.3426513671875,0.1288299560546875
1780625927704134700,16.813134765625,1.102081298828125,0.2942657470703125,0.1296234130859375
1780625927714129700,16.823129638671876,0.9320831298828125,0.2349700927734375,0.10491943359375
1780625927724124700,16.833124755859377,0.86810302734375,0.2509002685546875,0.0904388427734375
1780625927734119700,16.84311962890625,0.8091583251953125,0.303985595703125,0.043792724609375
1780625927744114700,16.85311474609375,0.7326202392578125,0.3741912841796875,-0.001251220703125
1780625927754109700,16.863109619140626,0.7223968505859375,0.458343505859375,-0.01153564453125
1780625927764104400,16.8731044921875,0.7532806396484375,0.507781982421875,-0.0405731201171875
1780625927774100500,16.8831005859375,0.713409423828125,0.5594635009765625,-0.051910400390625
1780625927784094500,16.893094482421876,0.748382568359375,0.600067138671875,-0.0347137451171875
1780625927794090500,16.903090576171873,0.789825439453125,0.6211700439453125,-0.0260772705078125
1780625927804085500,16.91308544921875,0.781341552734375,0.645263671875,-0.0381011962890625
1780625927814080500,16.92308056640625,0.7588653564453125,0.650543212890625,-0.0821990966796875
1780625927824075500,16.933075439453123,0.7850494384765625,0.6558380126953125,-0.10595703125
1780625927834070500,16.943070556640624,0.8415679931640625,0.677001953125,-0.05755615234375
1780625927844065500,16.9530654296875,0.832061767578125,0.7150115966796875,0.02484130859375
1780625927854060300,16.963060302734377,0.737640380859375,0.695587158203125,-0.030609130859375
1780625927864055300,16.97305517578125,0.733306884765625,0.6861572265625,-0.0114898681640625
1780625927874050300,16.98305029296875,0.8181304931640625,0.7425689697265625,0.1217193603515625
1780625927884045300,16.99304541015625,0.8284759521484375,0.8028717041015625,0.1763763427734375
1780625927894040600,17.00304052734375,0.8438262939453125,0.8287353515625,0.1334075927734375
1780625927904035600,17.01303564453125,0.87799072265625,0.8370208740234375,0.0541839599609375
1780625927914030600,17.023030517578125,0.83917236328125,0.866607666015625,-0.0121307373046875
1780625927924025600,17.033025634765625,0.76373291015625,0.90069580078125,-0.0674285888671875
1780625927934020600,17.0430205078125,0.7644805908203125,0.893951416015625,-0.1307830810546875
1780625927944015600,17.053015625,0.817596435546875,0.8366546630859375,-0.188385009765625
1780625927954010400,17.06301025390625,0.7938995361328125,0.76312255859375,-0.178070068359375
1780625927964005400,17.07300537109375,0.73492431640625,0.7480316162109375,-0.0889739990234375
1780625927974000400,17.08300048828125,0.67529296875,0.74176025390625,-0.0129241943359375
1780625927983995400,17.092995361328125,0.6790771484375,0.7347259521484375,0.0186004638671875
1780625927993990400,17.102990478515625,0.6881256103515625,0.7416839599609375,0.0012054443359375
1780625928003985400,17.1129853515625,0.641632080078125,0.7555694580078125,-0.0787200927734375
1780625928013980400,17.12298046875,0.6407470703125,0.7766876220703125,-0.1158294677734375
1780625928023975400,17.132975341796875,0.5872344970703125,0.7944488525390625,-0.1361846923828125
1780625928033970700,17.142970703125,0.574310302734375,0.7855682373046875,-0.1591644287109375
1780625928043965700,17.152965576171876,0.60491943359375,0.7732086181640625,-0.1442413330078125
1780625928053961500,17.16296142578125,0.6813812255859375,0.7390594482421875,-0.129486083984375
1780625928063956500,17.17295654296875,0.80517578125,0.741302490234375,-0.09429931640625
1780625928073951500,17.182951416015626,0.7925262451171875,0.7745361328125,-0.048675537109375
1780625928083946500,17.192946533203123,0.688568115234375,0.7762298583984375,-0.0282440185546875
1780625928093941500,17.20294140625,0.6065826416015625,0.7615509033203125,0.0029144287109375
1780625928103936500,17.2129365234375,0.67047119140625,0.699676513671875,0.020721435546875
1780625928113931500,17.222931640625,0.844024658203125,0.6297607421875,0.025848388671875
1780625928123926500,17.232926513671874,1.0149078369140625,0.6066436767578125,0.030303955078125
1780625928133921300,17.24292138671875,1.082061767578125,0.6682891845703125,0.0319671630859375
1780625928143916300,17.252916259765627,1.0086212158203125,0.6987457275390625,-0.026519775390625
1780625928153911600,17.26291162109375,0.7301025390625,0.6669464111328125,-0.1288909912109375
1780625928163906600,17.272906494140624,0.3760528564453125,0.6638336181640625,-0.1864013671875
1780625928173901600,17.282901611328125,0.216796875,0.67327880859375,-0.1719207763671875
1780625928183896600,17.292896484375,0.5339508056640625,0.6684112548828125,-0.0752105712890625
1780625928193891600,17.3028916015625,0.9364776611328125,0.6097259521484375,0.0212554931640625
1780625928203886600,17.312886474609375,0.9924468994140625,0.5772552490234375,0.0836334228515625
1780625928213881600,17.322881591796875,0.9301910400390625,0.568084716796875,0.094940185546875
1780625928223876400,17.33287646484375,0.7704010009765625,0.5605926513671875,0.02362060546875
1780625928233871400,17.342871337890625,0.6729278564453125,0.592132568359375,-0.055023193359375
1780625928243866400,17.352866455078125,0.6943359375,0.6635589599609375,-0.0975494384765625
1780625928253861400,17.362861328125,0.801727294921875,0.7267608642578125,-0.0945587158203125
1780625928263856400,17.3728564453125,0.8756256103515625,0.7345733642578125,-0.0652313232421875
1780625928273851400,17.382851318359375,0.8921051025390625,0.746917724609375,-0.037353515625
1780625928283846400,17.392846435546875,0.8771820068359375,0.7289581298828125,-0.0391845703125
1780625928293841400,17.40284130859375,0.8298797607421875,0.6991424560546875,-0.0470733642578125
1780625928303836700,17.412836669921877,0.7608795166015625,0.645294189453125,-0.0634613037109375
1780625928313831700,17.422831787109374,0.778656005859375,0.6378326416015625,-0.056671142578125
1780625928323826400,17.432826416015626,0.80133056640625,0.63079833984375,-0.0433502197265625
1780625928333821400,17.442821533203126,0.764404296875,0.5838775634765625,-0.0417022705078125
1780625928343817500,17.4528173828125,0.69293212890625,0.4607086181640625,-0.048553466796875
1780625928353812500,17.4628125,0.7034454345703125,0.3346405029296875,-0.0322113037109375
1780625928363807500,17.472807373046876,0.729034423828125,0.2967529296875,-0.003570556640625
1780625928373802500,17.482802490234373,0.66925048828125,0.3698577880859375,0.0096435546875
1780625928383797500,17.492797607421874,0.6371612548828125,0.521392822265625,-0.004669189453125
1780625928393792500,17.50279248046875,0.641326904296875,0.470916748046875,-0.0827789306640625
1780625928403787300,17.512787353515623,0.65069580078125,0.2108001708984375,-0.1633148193359375
1780625928413782300,17.5227822265625,0.57574462890625,0.1473388671875,-0.1024627685546875
1780625928423777500,17.532777587890624,0.605010986328125,0.63348388671875,0.1291656494140625
1780625928433772500,17.5427724609375,0.6793365478515625,0.9504547119140625,0.162078857421875
1780625928443767600,17.552767578125,0.619171142578125,1.1200103759765625,0.01904296875
1780625928453762600,17.562762451171874,0.622802734375,1.246612548828125,-0.168853759765625
1780625928463757600,17.572757568359375,0.73980712890625,1.2664794921875,-0.3294219970703125
1780625928473752600,17.582752685546875,0.9192962646484375,1.16046142578125,-0.3590850830078125
1780625928483747600,17.59274755859375,0.991119384765625,0.99224853515625,-0.2988739013671875
1780625928493742600,17.60274267578125,0.9129791259765625,0.8074798583984375,-0.2135772705078125
1780625928503737300,17.6127373046875,0.7975006103515625,0.621917724609375,-0.079681396484375
1780625928513732400,17.622732421875,0.6562652587890625,0.5078125,0.1160736083984375
1780625928523727400,17.632727294921875,0.6050872802734375,0.4803924560546875,0.294769287109375
1780625928533722400,17.642722412109375,0.588623046875,0.544189453125,0.3019866943359375
1780625928543717400,17.65271728515625,0.628936767578125,0.6356353759765625,0.0834197998046875
1780625928553712400,17.66271240234375,0.6956634521484375,0.6748504638671875,-0.1165924072265625
1780625928563707600,17.672707763671873,0.6901092529296875,0.70404052734375,-0.2060089111328125
1780625928573702700,17.68270263671875,0.72900390625,0.710601806640625,-0.207366943359375
1780625928583697700,17.69269775390625,0.6923828125,0.7079010009765625,-0.1637420654296875
1780625928593692400,17.7026923828125,0.65887451171875,0.687286376953125,-0.1642608642578125
1780625928603687400,17.7126875,0.686187744140625,0.664703369140625,-0.167938232421875
1780625928613682400,17.722682373046876,0.70068359375,0.6667938232421875,-0.139892578125
1780625928623677400,17.732677490234376,0.723876953125,0.68096923828125,-0.1147003173828125
1780625928633672400,17.74267236328125,0.745941162109375,0.7001190185546875,-0.0780029296875
1780625928643667500,17.75266748046875,0.746368408203125,0.7580413818359375,-0.0503082275390625
1780625928653663500,17.76266357421875,0.743621826171875,0.795745849609375,-0.084197998046875
1780625928663658500,17.772658447265623,0.7020263671875,0.7793426513671875,-0.1224517822265625
1780625928673653200,17.7826533203125,0.6771392822265625,0.749786376953125,-0.1400299072265625
1780625928683648500,17.7926484375,0.6741790771484375,0.722747802734375,-0.14691162109375
1780625928693643500,17.8026435546875,0.7003631591796875,0.7054901123046875,-0.127655029296875
1780625928703638500,17.812638427734374,0.7011566162109375,0.694732666015625,-0.096435546875
1780625928713633500,17.822633544921874,0.6640625,0.6949615478515625,-0.0685272216796875
1780625928723628500,17.832628662109375,0.642181396484375,0.694488525390625,-0.063385009765625
1780625928733623600,17.84262353515625,0.6551666259765625,0.6919097900390625,-0.083709716796875
1780625928743618600,17.85261865234375,0.6768646240234375,0.6917877197265625,-0.0935821533203125
1780625928753613600,17.862613525390625,0.6722869873046875,0.699310302734375,-0.0949554443359375
1780625928763608800,17.87260888671875,0.6586761474609375,0.7067108154296875,-0.10333251953125
1780625928773603800,17.882603759765626,0.64776611328125,0.705352783203125,-0.1077423095703125
1780625928783598800,17.892598876953127,0.647003173828125,0.6986541748046875,-0.1143951416015625
1780625928793593900,17.90259375,0.649810791015625,0.701568603515625,-0.1358489990234375
1780625928803588900,17.9125888671875,0.6734619140625,0.71905517578125,-0.155609130859375
1780625928813584000,17.922583984375,0.6891326904296875,0.7480010986328125,-0.159637451171875
1780625928823579000,17.932578857421873,0.6848602294921875,0.7737274169921875,-0.1431884765625
1780625928833574000,17.942573974609374,0.675018310546875,0.7886810302734375,-0.1344451904296875
1780625928843569000,17.95256884765625,0.670196533203125,0.7927398681640625,-0.1360321044921875
1780625928853564000,17.96256396484375,0.7123565673828125,0.811370849609375,-0.12060546875
1780625928863559000,17.972558837890624,0.7258758544921875,0.751800537109375,-0.1282196044921875
1780625928873554000,17.982553955078124,0.6707000732421875,0.6835784912109375,-0.10546875
1780625928883549000,17.992548828125,0.495574951171875,0.6348114013671875,-0.08978271484375
1780625928893544000,18.0025439453125,0.5490570068359375,0.5565643310546875,-0.1154937744140625
1780625928903539000,18.0125390625,0.5579681396484375,0.549285888671875,-0.1334686279296875
1780625928913534000,18.022533935546875,0.6322784423828125,0.59100341796875,-0.152862548828125
1780625928923529000,18.032529052734375,0.691253662109375,0.666961669921875,-0.175628662109375
1780625928933524000,18.04252392578125,0.69537353515625,0.737152099609375,-0.17413330078125
1780625928943519000,18.05251904296875,0.651885986328125,0.785797119140625,-0.14044189453125
1780625928953514000,18.062513916015625,0.5996856689453125,0.82122802734375,-0.1112823486328125
1780625928963509800,18.072509765625,0.548492431640625,0.833038330078125,-0.129608154296875
1780625928973504800,18.0825048828125,0.5612030029296875,0.8188629150390625,-0.179107666015625
1780625928983500000,18.0925,0.56683349609375,0.8085479736328125,-0.258636474609375
1780625928993495000,18.1024951171875,0.4297332763671875,0.9417266845703125,-0.324310302734375
1780625929003490000,18.112489990234376,-0.0380401611328125,1.2498931884765625,-0.2646331787109375
1780625929013485000,18.122485107421873,-0.3115234375,1.58111572265625,-0.2179107666015625
1780625929023480000,18.13247998046875,0.992218017578125,1.5220947265625,-0.10498046875
1780625929033474800,18.142474853515626,1.9004669189453125,1.0082244873046875,-0.0342864990234375
1780625929043469800,18.1524697265625,1.5627899169921875,0.497406005859375,-0.234771728515625
1780625929053464800,18.16246484375,0.8745269775390625,0.3258056640625,-0.3876953125
1780625929063459800,18.1724599609375,0.4699859619140625,0.3950653076171875,-0.4078521728515625
1780625929073454800,18.182454833984377,0.4212493896484375,0.529754638671875,-0.3291778564453125
1780625929083449900,18.192449951171874,0.4647979736328125,0.670013427734375,-0.2308349609375
1780625929093444900,18.20244482421875,0.5213165283203125,0.76800537109375,-0.1583099365234375
1780625929103440000,18.21243994140625,0.5925140380859375,0.8136749267578125,-0.1300201416015625
1780625929113435000,18.222434814453123,0.64593505859375,0.8123626708984375,-0.1591644287109375
1780625929123430000,18.232429931640624,0.643035888671875,0.78656005859375,-0.1979522705078125
1780625929133425000,18.2424248046875,0.624481201171875,0.7393035888671875,-0.211090087890625
1780625929143420000,18.252419921875,0.6299591064453125,0.67315673828125,-0.1750030517578125
1780625929153415000,18.262414794921874,0.66217041015625,0.6053009033203125,-0.1314239501953125
1780625929163410000,18.272409912109374,0.666168212890625,0.5807952880859375,-0.10443115234375
1780625929173405000,18.282405029296875,0.6640777587890625,0.5827484130859375,-0.096710205078125
1780625929183400000,18.29239990234375,0.6718902587890625,0.591796875,-0.0918426513671875
1780625929193395000,18.30239501953125,0.694793701171875,0.603515625,-0.1016998291015625
1780625929203390000,18.312389892578125,0.7091064453125,0.62432861328125,-0.1051483154296875
1780625929213385000,18.322385009765625,0.6758270263671875,0.64300537109375,-0.09381103515625
1780625929223380000,18.3323798828125,0.6482696533203125,0.6461334228515625,-0.12353515625
1780625929233374700,18.342374755859375,0.6451416015625,0.674560546875,-0.175140380859375
1780625929243369700,18.35236962890625,0.6508026123046875,0.7010650634765625,-0.20172119140625
1780625929253364700,18.36236474609375,0.64617919921875,0.716552734375,-0.202484130859375
1780625929263359700,18.37235986328125,0.685791015625,0.74481201171875,-0.1923675537109375
1780625929273355000,18.38235498046875,0.7232208251953125,0.750274658203125,-0.1812744140625
1780625929283350000,18.39235009765625,0.73333740234375,0.7453765869140625,-0.16259765625
1780625929293346000,18.402345947265626,0.73052978515625,0.7313995361328125,-0.1622161865234375
1780625929303340800,18.4123408203125,0.728515625,0.7160491943359375,-0.1647796630859375
1780625929313335800,18.422335693359376,0.73687744140625,0.70245361328125,-0.1580810546875
1780625929323330800,18.432330810546876,0.7403411865234375,0.68060302734375,-0.1343536376953125
1780625929333325800,18.442325927734377,0.7312469482421875,0.6539764404296875,-0.113433837890625
1780625929343320800,18.45232080078125,0.701812744140625,0.6274261474609375,-0.103668212890625
1780625929353315800,18.46231591796875,0.67877197265625,0.6088714599609375,-0.09649658203125
1780625929363310800,18.472310791015627,0.6631011962890625,0.6008453369140625,-0.0939788818359375
1780625929373305900,18.482305908203124,0.6847991943359375,0.609771728515625,-0.1113433837890625
1780625929383300900,18.49230078125,0.717376708984375,0.6479949951171875,-0.1280517578125
1780625929393296100,18.502296142578125,0.7259063720703125,0.70733642578125,-0.1633453369140625
1780625929403291000,18.512290771484373,0.716644287109375,0.7516021728515625,-0.212127685546875
1780625929413286000,18.522285888671874,0.71258544921875,0.7450714111328125,-0.2235870361328125
1780625929423281000,18.532281005859375,0.688812255859375,0.690185546875,-0.1985931396484375
1780625929433276000,18.54227587890625,0.6783294677734375,0.6544952392578125,-0.1667327880859375
1780625929443271000,18.55227099609375,0.689727783203125,0.654754638671875,-0.1415252685546875
1780625929453266000,18.562265869140624,0.70794677734375,0.6581268310546875,-0.1279296875
1780625929463261000,18.572260986328125,0.7248077392578125,0.6451263427734375,-0.11175537109375
1780625929473256000,18.582255859375,0.742645263671875,0.622894287109375,-0.10198974609375
1780625929483251000,18.5922509765625,0.744842529296875,0.5962371826171875,-0.0910186767578125
1780625929493246000,18.602245849609375,0.7078399658203125,0.593780517578125,-0.1145782470703125
1780625929503240700,18.61224072265625,0.6957244873046875,0.6211395263671875,-0.129791259765625
1780625929513235700,18.622235595703124,0.698638916015625,0.6512603759765625,-0.1215667724609375
1780625929523230700,18.632230712890625,0.69110107421875,0.66815185546875,-0.123321533203125
1780625929533225700,18.642225830078125,0.685028076171875,0.679168701171875,-0.1373291015625
1780625929543221000,18.652220947265626,0.669677734375,0.6920318603515625,-0.1566925048828125
1780625929553216000,18.662216064453126,0.6682586669921875,0.6984100341796875,-0.1668853759765625
1780625929563211000,18.6722109375,0.6944732666015625,0.7010345458984375,-0.1703338623046875
1780625929573206000,18.6822060546875,0.742279052734375,0.708343505859375,-0.158416748046875
1780625929583201000,18.692200927734376,0.7814483642578125,0.7223358154296875,-0.145172119140625
1780625929593196000,18.702196044921877,0.7671051025390625,0.746795654296875,-0.1494140625
1780625929603190800,18.712190673828125,0.6892547607421875,0.774505615234375,-0.1692047119140625
1780625929613185800,18.722185791015626,0.624542236328125,0.7804412841796875,-0.1791839599609375
1780625929623180800,18.732180908203127,0.6334686279296875,0.7613677978515625,-0.16375732421875
1780625929633175800,18.74217578125,0.664215087890625,0.7342681884765625,-0.15716552734375
1780625929643170800,18.7521708984375,0.6842041015625,0.7283172607421875,-0.1578521728515625
1780625929653167000,18.7621669921875,0.6790313720703125,0.7324676513671875,-0.1865692138671875
1780625929663162000,18.772162109375,0.6375579833984375,0.7378387451171875,-0.204498291015625
1780625929673156900,18.782156982421874,0.625091552734375,0.740966796875,-0.196868896484375
1780625929683152000,18.79215185546875,0.6614837646484375,0.738372802734375,-0.1771392822265625
1780625929693147000,18.80214697265625,0.714569091796875,0.72296142578125,-0.1443023681640625
1780625929703142000,18.812141845703124,0.7357635498046875,0.6932830810546875,-0.12274169921875
1780625929713137000,18.822136962890625,0.7193145751953125,0.659393310546875,-0.135223388671875
1780625929723132000,18.8321318359375,0.6960906982421875,0.64581298828125,-0.1527252197265625
1780625929733127000,18.842126953125,0.6685638427734375,0.664459228515625,-0.17498779296875
1780625929743122000,18.852121826171874,0.6801910400390625,0.6878814697265625,-0.1816558837890625
1780625929753117000,18.862116943359375,0.716644287109375,0.71636962890625,-0.1702117919921875
1780625929763112000,18.87211181640625,0.7151336669921875,0.7361602783203125,-0.1595916748046875
1780625929773106700,18.882106689453124,0.6976165771484375,0.7277679443359375,-0.14764404296875
1780625929783101700,18.892101806640625,0.6851348876953125,0.6995697021484375,-0.1381072998046875
1780625929793096700,18.9020966796875,0.6830902099609375,0.6768035888671875,-0.1353759765625
1780625929803091700,18.912091796875,0.699462890625,0.6708526611328125,-0.1382904052734375
1780625929813086700,18.922086669921875,0.732330322265625,0.6704559326171875,-0.1311187744140625
1780625929823081700,18.932081787109375,0.71966552734375,0.673797607421875,-0.135894775390625
1780625929833076700,18.94207666015625,0.6911163330078125,0.6873779296875,-0.1636810302734375
1780625929843071700,18.95207177734375,0.66961669921875,0.6996612548828125,-0.1873779296875
1780625929853066800,18.962066650390625,0.6577606201171875,0.7004852294921875,-0.1952667236328125
1780625929863061800,18.972061767578126,0.6702880859375,0.68756103515625,-0.18377685546875
1780625929873056800,18.982056884765626,0.6831207275390625,0.671051025390625,-0.1684417724609375
1780625929883051500,18.992051513671875,0.67437744140625,0.6708831787109375,-0.16644287109375
1780625929893046500,19.002046630859375,0.6686553955078125,0.6852264404296875,-0.163543701171875
1780625929903041800,19.012041748046876,0.678070068359375,0.707305908203125,-0.1617279052734375
1780625929913036800,19.022036865234377,0.6897125244140625,0.73077392578125,-0.1486968994140625
1780625929923031800,19.03203173828125,0.6963653564453125,0.73101806640625,-0.1454620361328125
1780625929933026800,19.04202685546875,0.728424072265625,0.7254638671875,-0.140655517578125
1780625929943021800,19.052021728515626,0.701446533203125,0.7287445068359375,-0.1269989013671875
1780625929953016800,19.062016845703123,0.6537628173828125,0.7234344482421875,-0.1249237060546875
1780625929963011800,19.07201171875,0.6510467529296875,0.7096405029296875,-0.1309661865234375
1780625929973006800,19.0820068359375,0.6544189453125,0.708648681640625,-0.1279144287109375
1780625929983001600,19.092001708984377,0.6563873291015625,0.715606689453125,-0.13385009765625
1780625929992996600,19.10199658203125,0.659210205078125,0.7181243896484375,-0.1457366943359375
1780625930002992600,19.11199267578125,0.657562255859375,0.7229156494140625,-0.1528472900390625
1780625930012987600,19.121987548828123,0.6630096435546875,0.72320556640625,-0.15777587890625
1780625930022983000,19.13198291015625,0.6772613525390625,0.7210540771484375,-0.159820556640625
1780625930032978000,19.14197802734375,0.703155517578125,0.7315826416015625,-0.1608428955078125
1780625930042973000,19.151972900390625,0.7252655029296875,0.75054931640625,-0.1739044189453125
1780625930052967700,19.1619677734375,0.693359375,0.7597503662109375,-0.18768310546875
1780625930062962700,19.171962646484374,0.6527557373046875,0.759033203125,-0.1901702880859375
1780625930072957700,19.181957763671875,0.628997802734375,0.738128662109375,-0.188720703125
1780625930082952700,19.19195263671875,0.632965087890625,0.721435546875,-0.17950439453125
1780625930092947700,19.20194775390625,0.662200927734375,0.722381591796875,-0.1672821044921875
1780625930102942700,19.211942626953125,0.67730712890625,0.7254791259765625,-0.1552276611328125
1780625930112937700,19.221937744140625,0.6746826171875,0.7149200439453125,-0.1514129638671875
1780625930122932700,19.2319326171875,0.655120849609375,0.71173095703125,-0.1513519287109375
1780625930132927700,19.241927734375,0.644134521484375,0.714569091796875,-0.1537017822265625
1780625930142922800,19.2519228515625,0.6589202880859375,0.718597412109375,-0.1604766845703125
1780625930152917500,19.26191748046875,0.6757049560546875,0.7330322265625,-0.161590576171875
1780625930162912500,19.27191259765625,0.67938232421875,0.7415313720703125,-0.161712646484375
1780625930172907800,19.28190771484375,0.6609344482421875,0.7384033203125,-0.1688995361328125
1780625930182902800,19.29190283203125,0.6549224853515625,0.732940673828125,-0.1673126220703125
1780625930192897800,19.301897705078126,0.6608428955078125,0.7233734130859375,-0.1654815673828125
1780625930202892800,19.311892822265627,0.671051025390625,0.7223968505859375,-0.16290283203125
1780625930212887800,19.3218876953125,0.6747894287109375,0.720123291015625,-0.15655517578125
1780625930222882800,19.3318828125,0.675323486328125,0.71722412109375,-0.1579742431640625
1780625930232877800,19.3418779296875,0.67901611328125,0.7182769775390625,-0.160369873046875
1780625930242872800,19.351872802734373,0.6790313720703125,0.725738525390625,-0.1640777587890625
1780625930252867600,19.36186767578125,0.67010498046875,0.7292633056640625,-0.16949462890625
1780625930262862600,19.371862548828126,0.661407470703125,0.7292633056640625,-0.1757659912109375
1780625930272857600,19.381857666015627,0.65380859375,0.72711181640625,-0.17755126953125
1780625930282852600,19.3918525390625,0.6598968505859375,0.72406005859375,-0.1742706298828125
1780625930292847600,19.40184765625,0.677886962890625,0.721282958984375,-0.173309326171875
1780625930302842600,19.411842529296877,0.68914794921875,0.7245635986328125,-0.17413330078125
1780625930312838000,19.421837890625,0.68701171875,0.72882080078125,-0.173614501953125
1780625930322833000,19.4318330078125,0.6817779541015625,0.7258148193359375,-0.17315673828125
1780625930332828000,19.441827880859375,0.6685943603515625,0.713104248046875,-0.174468994140625
1780625930342823000,19.451822998046875,0.661224365234375,0.7008514404296875,-0.1714935302734375
1780625930352817700,19.461817626953124,0.663909912109375,0.6964263916015625,-0.1714019775390625
1780625930362812700,19.471812744140625,0.691925048828125,0.6994171142578125,-0.1657867431640625
1780625930372807700,19.4818076171875,0.714508056640625,0.708648681640625,-0.155914306640625
1780625930382802700,19.491802734375,0.7079315185546875,0.7126617431640625,-0.14483642578125
1780625930392797700,19.501797607421874,0.682952880859375,0.7051544189453125,-0.1435089111328125
1780625930402793700,19.511793701171875,0.6538238525390625,0.6889190673828125,-0.1488494873046875
1780625930412788700,19.521788818359376,0.64276123046875,0.674591064453125,-0.1516876220703125
1780625930422783500,19.531783447265624,0.6617889404296875,0.670867919921875,-0.159698486328125
1780625930432778800,19.54177880859375,0.684326171875,0.67584228515625,-0.1540374755859375
1780625930442773800,19.551773681640626,0.6873016357421875,0.686798095703125,-0.1425628662109375
1780625930452768800,19.561768798828126,0.6871795654296875,0.6924591064453125,-0.1478424072265625
1780625930462763800,19.571763671875,0.692596435546875,0.6922454833984375,-0.150909423828125
1780625930472758800,19.5817587890625,0.6891937255859375,0.6956024169921875,-0.1539154052734375
1780625930482753800,19.59175390625,0.69775390625,0.68902587890625,-0.16082763671875
1780625930492748800,19.601748779296877,0.6897735595703125,0.6904296875,-0.1722869873046875
1780625930502743800,19.611743896484374,0.6749114990234375,0.7050018310546875,-0.1782989501953125
1780625930512738800,19.62173876953125,0.6770782470703125,0.7049102783203125,-0.16259765625
1780625930522733600,19.631733642578126,0.6901092529296875,0.701202392578125,-0.16668701171875
1780625930532728600,19.641728515625,0.6977081298828125,0.7021636962890625,-0.16943359375
1780625930542723600,19.6517236328125,0.6814727783203125,0.7118072509765625,-0.1644134521484375
1780625930552718600,19.661718505859376,0.68017578125,0.7165679931640625,-0.159271240234375
1780625930562713600,19.671713623046877,0.6834259033203125,0.714111328125,-0.152130126953125
1780625930572708600,19.68170849609375,0.6900482177734375,0.717559814453125,-0.1491851806640625
1780625930582703900,19.691703857421874,0.7064208984375,0.7200775146484375,-0.1496429443359375
1780625930592699000,19.701698974609375,0.695831298828125,0.7192535400390625,-0.1490020751953125
1780625930602694000,19.71169384765625,0.681793212890625,0.71337890625,-0.1568603515625
1780625930612689000,19.72168896484375,0.67132568359375,0.698760986328125,-0.157928466796875
1780625930622683600,19.73168359375,0.66741943359375,0.6868896484375,-0.163818359375
1780625930632678700,19.7416787109375,0.673736572265625,0.6865997314453125,-0.1761474609375
1780625930642673700,19.751673583984374,0.6693572998046875,0.6897430419921875,-0.1784210205078125
1780625930652668700,19.761668701171875,0.676300048828125,0.696533203125,-0.178619384765625
1780625930662663700,19.77166357421875,0.691802978515625,0.711181640625,-0.1688079833984375
1780625930672658700,19.78165869140625,0.6913909912109375,0.7250518798828125,-0.16522216796875
1780625930682653700,19.79165380859375,0.6833648681640625,0.71728515625,-0.1575775146484375
1780625930692648700,19.801648681640625,0.6727447509765625,0.68804931640625,-0.156097412109375
1780625930702643700,19.811643798828126,0.6785888671875,0.6721954345703125,-0.1548309326171875
1780625930712638700,19.821638671875,0.6897735595703125,0.6739501953125,-0.148590087890625
1780625930722633700,19.8316337890625,0.699249267578125,0.6781463623046875,-0.151031494140625
1780625930732628700,19.841628662109375,0.695220947265625,0.6905517578125,-0.154876708984375
1780625930742623700,19.851623779296876,0.6824951171875,0.716766357421875,-0.171905517578125
1780625930752618800,19.86161865234375,0.6788787841796875,0.7319488525390625,-0.1923675537109375
1780625930762613500,19.871613525390625,0.6671295166015625,0.73248291015625,-0.195587158203125
1780625930772608500,19.8816083984375,0.6653900146484375,0.7188568115234375,-0.19512939453125
1780625930782603500,19.891603515625,0.678070068359375,0.707550048828125,-0.186798095703125
1780625930792598500,19.9015986328125,0.685638427734375,0.707916259765625,-0.1726226806640625
1780625930802593500,19.911593505859376,0.6845550537109375,0.7072906494140625,-0.1663665771484375
1780625930812589300,19.92158935546875,0.6827392578125,0.699127197265625,-0.166900634765625
1780625930822584300,19.931584228515625,0.6715545654296875,0.6936492919921875,-0.1619110107421875
1780625930832579300,19.941579345703126,0.6643829345703125,0.6916351318359375,-0.1585540771484375
1780625930842574300,19.95157421875,0.6731719970703125,0.6953582763671875,-0.15130615234375
1780625930852569600,19.961569580078127,0.6931304931640625,0.7076873779296875,-0.14739990234375
1780625930862564600,19.971564697265624,0.6881256103515625,0.71331787109375,-0.1496124267578125
1780625930872559600,19.9815595703125,0.6754150390625,0.7174072265625,-0.1648101806640625
1780625930882554600,19.9915546875,0.6634979248046875,0.7192535400390625,-0.1700897216796875
1780625930892549600,20.001549560546874,0.66748046875,0.7159271240234375,-0.172271728515625
1780625930902544400,20.01154443359375,0.6741180419921875,0.7160186767578125,-0.17279052734375
1780625930912539400,20.021539306640626,0.673614501953125,0.7160186767578125,-0.1706390380859375
1780625930922534400,20.031534423828123,0.6712646484375,0.714752197265625,-0.1697845458984375
1780625930932529400,20.041529296875,0.6741943359375,0.71673583984375,-0.16986083984375
1780625930942524400,20.0515244140625,0.670654296875,0.719818115234375,-0.1744384765625
1780625930952519400,20.06151953125,0.6689910888671875,0.7204742431640625,-0.1727142333984375
1780625930962514400,20.071514404296874,0.6663818359375,0.719024658203125,-0.17010498046875
1780625930972509400,20.081509521484374,0.66253662109375,0.7193756103515625,-0.176727294921875
1780625930982504400,20.09150439453125,0.6576080322265625,0.7244873046875,-0.179595947265625
1780625930992499700,20.101499755859376,0.6620330810546875,0.72979736328125,-0.182403564453125
1780625931002494500,20.111494384765624,0.6666717529296875,0.7314910888671875,-0.1824798583984375
1780625931012489500,20.121489501953125,0.6613616943359375,0.7276611328125,-0.180450439453125
1780625931022484500,20.131484375,0.6649932861328125,0.717071533203125,-0.1721343994140625
1780625931032479500,20.1414794921875,0.6744537353515625,0.7079620361328125,-0.1647491455078125
1780625931042474500,20.151474609375,0.6782684326171875,0.70941162109375,-0.159454345703125
1780625931052469500,20.161469482421875,0.679534912109375,0.7196197509765625,-0.1712188720703125
1780625931062464500,20.171464599609376,0.6658782958984375,0.72747802734375,-0.1845245361328125
1780625931072459500,20.18145947265625,0.6485595703125,0.7280426025390625,-0.1842498779296875
1780625931082454500,20.19145458984375,0.644805908203125,0.7257843017578125,-0.185272216796875
1780625931092449500,20.201449462890626,0.6602783203125,0.72283935546875,-0.1854095458984375
1780625931102444300,20.2114443359375,0.672088623046875,0.7223358154296875,-0.1777801513671875
1780625931112439300,20.221439208984375,0.678741455078125,0.7306365966796875,-0.175537109375
1780625931122434300,20.231434326171875,0.6819000244140625,0.7258758544921875,-0.1743011474609375
1780625931132429300,20.24142919921875,0.6660003662109375,0.712188720703125,-0.1717987060546875
1780625931142424600,20.251424560546877,0.662200927734375,0.704681396484375,-0.1730804443359375
1780625931152419600,20.261419677734374,0.6633758544921875,0.7023773193359375,-0.174896240234375
1780625931162414600,20.27141455078125,0.6589508056640625,0.7074737548828125,-0.1722412109375
1780625931172409600,20.28140966796875,0.667877197265625,0.7170257568359375,-0.1755218505859375
1780625931182404600,20.291404541015623,0.6662445068359375,0.72210693359375,-0.1765289306640625
1780625931192399600,20.301399658203124,0.66156005859375,0.7270660400390625,-0.1749725341796875
1780625931202394400,20.311394287109376,0.6549072265625,0.7275390625,-0.1871185302734375
1780625931212389400,20.321389404296873,0.65045166015625,0.7215118408203125,-0.192230224609375
1780625931222384400,20.33138427734375,0.656005859375,0.7131195068359375,-0.1854248046875
1780625931232379400,20.34137939453125,0.6694183349609375,0.7083587646484375,-0.1772613525390625
1780625931242374400,20.35137451171875,0.6750335693359375,0.7163543701171875,-0.1706085205078125
1780625931252369400,20.361369384765624,0.6739349365234375,0.7289581298828125,-0.180511474609375
1780625931262364400,20.371364501953124,0.6633758544921875,0.7362213134765625,-0.1854400634765625
1780625931272360400,20.3813603515625,0.65447998046875,0.7323760986328125,-0.186767578125
1780625931282355500,20.39135546875,0.6533660888671875,0.7253875732421875,-0.1918487548828125
1780625931292350500,20.4013505859375,0.6629638671875,0.724639892578125,-0.1876068115234375
1780625931302345500,20.411345458984375,0.656768798828125,0.7312469482421875,-0.1817779541015625
1780625931312340500,20.421340576171875,0.6539154052734375,0.7382049560546875,-0.184326171875
1780625931322335500,20.43133544921875,0.6571197509765625,0.7335357666015625,-0.179901123046875
1780625931332330500,20.44133056640625,0.6610870361328125,0.721649169921875,-0.1724853515625
1780625931342325500,20.451325439453125,0.672454833984375,0.7135162353515625,-0.1696014404296875
1780625931352320500,20.461320556640626,0.66864013671875,0.718017578125,-0.168182373046875
1780625931362315500,20.4713154296875,0.6624603271484375,0.7290802001953125,-0.18170166015625
1780625931372310500,20.481310546875,0.6590728759765625,0.7348480224609375,-0.1862030029296875
1780625931382305300,20.49130517578125,0.6576690673828125,0.73236083984375,-0.1853790283203125
1780625931392300300,20.50130029296875,0.6588592529296875,0.72027587890625,-0.1844635009765625
1780625931402295600,20.511295654296877,0.6599273681640625,0.70941162109375,-0.179290771484375
1780625931412290600,20.52129052734375,0.660980224609375,0.70648193359375,-0.1815185546875
1780625931422285600,20.53128564453125,0.66265869140625,0.714111328125,-0.1845550537109375
1780625931432280600,20.541280517578127,0.6517486572265625,0.7186737060546875,-0.1834259033203125
1780625931442275600,20.551275634765624,0.6533355712890625,0.7159881591796875,-0.1763458251953125
1780625931452270600,20.5612705078125,0.6636810302734375,0.7106781005859375,-0.176605224609375
1780625931462265600,20.571265625,0.6750335693359375,0.7170257568359375,-0.1815032958984375
1780625931472260400,20.58126025390625,0.6693878173828125,0.7287139892578125,-0.181488037109375
1780625931482255400,20.59125537109375,0.6517486572265625,0.732177734375,-0.185150146484375
1780625931492250400,20.60125048828125,0.6510009765625,0.735107421875,-0.1839599609375
1780625931502245400,20.611245361328123,0.6597137451171875,0.728790283203125,-0.1876678466796875
1780625931512240400,20.621240478515624,0.663665771484375,0.7257232666015625,-0.186798095703125
1780625931522235400,20.6312353515625,0.6685638427734375,0.7339019775390625,-0.1858367919921875
1780625931532230400,20.64123046875,0.6623077392578125,0.72802734375,-0.1879730224609375
1780625931542225400,20.651225341796874,0.6645355224609375,0.7135772705078125,-0.1800689697265625
1780625931552220700,20.661220703125,0.670196533203125,0.707550048828125,-0.168304443359375
1780625931562215700,20.671215576171875,0.6756744384765625,0.7124786376953125,-0.164276123046875
1780625931572210400,20.68121044921875,0.6681976318359375,0.72210693359375,-0.1757049560546875
1780625931582205400,20.691205322265624,0.6513671875,0.73101806640625,-0.1903839111328125
1780625931592200400,20.701200439453125,0.649566650390625,0.730377197265625,-0.1983489990234375
1780625931602195500,20.711195556640625,0.655670166015625,0.7212677001953125,-0.2001953125
1780625931612190500,20.7211904296875,0.66265869140625,0.7197113037109375,-0.1910552978515625
1780625931622185500,20.731185546875,0.6739654541015625,0.7177581787109375,-0.1804046630859375
1780625931632180500,20.741180419921875,0.67706298828125,0.7154541015625,-0.177703857421875
1780625931642175500,20.751175537109376,0.6764373779296875,0.71856689453125,-0.1806488037109375
1780625931652170500,20.76117041015625,0.6614837646484375,0.7231292724609375,-0.1892242431640625
1780625931662165500,20.77116552734375,0.6495208740234375,0.7307586669921875,-0.2000885009765625
1780625931672160500,20.781160400390625,0.6470794677734375,0.734405517578125,-0.21124267578125
1780625931682155300,20.7911552734375,0.6522216796875,0.740631103515625,-0.2126922607421875
1780625931692150500,20.801150634765627,0.6617889404296875,0.7469940185546875,-0.211822509765625
1780625931702145500,20.8111455078125,0.666290283203125,0.749298095703125,-0.1982879638671875
1780625931712140500,20.821140625,0.6671142578125,0.7423095703125,-0.185546875
1780625931722135600,20.831135498046876,0.6719970703125,0.73486328125,-0.1788482666015625
1780625931732130600,20.841130615234373,0.6622161865234375,0.728302001953125,-0.179046630859375
1780625931742125600,20.85112548828125,0.66015625,0.7255859375,-0.1859283447265625
1780625931752120600,20.86112060546875,0.671417236328125,0.7262725830078125,-0.19439697265625
1780625931762116000,20.8711162109375,0.6890716552734375,0.7301177978515625,-0.197265625
1780625931772111000,20.881111083984376,0.7018890380859375,0.7371673583984375,-0.1988067626953125
1780625931782106000,20.891106201171876,0.6954803466796875,0.7515106201171875,-0.2089385986328125
1780625931792101000,20.90110107421875,0.682952880859375,0.75787353515625,-0.2186431884765625
1780625931802096000,20.91109619140625,0.6797637939453125,0.7454681396484375,-0.21966552734375
1780625931812091100,20.921091064453126,0.6827850341796875,0.7216033935546875,-0.2099456787109375
1780625931822086100,20.931086181640627,0.68182373046875,0.695037841796875,-0.1990203857421875
1780625931832081200,20.9410810546875,0.6844940185546875,0.6695404052734375,-0.191741943359375
1780625931842076200,20.951076171875,0.6825103759765625,0.6524810791015625,-0.186859130859375
1780625931852071200,20.9610712890625,0.6755523681640625,0.6462554931640625,-0.1735687255859375
1780625931862066000,20.97106591796875,0.6747589111328125,0.6487884521484375,-0.1761474609375
1780625931872061000,20.98106103515625,0.6852264404296875,0.65191650390625,-0.1778564453125
1780625931882056000,20.991055908203126,0.6938323974609375,0.6520538330078125,-0.18060302734375
1780625931892051000,21.001051025390623,0.695068359375,0.6429290771484375,-0.1747894287109375
1780625931902046200,21.011046142578124,0.7014617919921875,0.6333770751953125,-0.1715240478515625
1780625931912041200,21.021041259765624,0.6931304931640625,0.6178131103515625,-0.1657257080078125
1780625931922036200,21.0310361328125,0.6812286376953125,0.6016845703125,-0.159210205078125
1780625931932031200,21.04103125,0.6827850341796875,0.6000823974609375,-0.1614837646484375
1780625931942026200,21.051026123046874,0.7003936767578125,0.6170501708984375,-0.158447265625
1780625931952021200,21.061021240234375,0.7037353515625,0.6384124755859375,-0.1498870849609375
1780625931962016000,21.07101611328125,0.70745849609375,0.649444580078125,-0.151214599609375
1780625931972011000,21.081010986328124,0.709991455078125,0.652984619140625,-0.1501007080078125
1780625931982006000,21.091006103515625,0.708984375,0.6545867919921875,-0.1531219482421875
1780625931992001000,21.1010009765625,0.701263427734375,0.65838623046875,-0.1732330322265625
1780625932001996000,21.11099609375,0.69146728515625,0.654876708984375,-0.1803741455078125
1780625932011991000,21.120990966796874,0.685455322265625,0.6506195068359375,-0.18157958984375
1780625932021986000,21.130986083984375,0.6907501220703125,0.6584320068359375,-0.1832122802734375
1780625932031981000,21.14098095703125,0.6859283447265625,0.67120361328125,-0.1786346435546875
1780625932041976300,21.150976318359376,0.67529296875,0.6762237548828125,-0.18310546875
1780625932051971000,21.16097119140625,0.6715087890625,0.6791534423828125,-0.1906585693359375
1780625932061966000,21.170966064453125,0.67047119140625,0.6843414306640625,-0.1955108642578125
1780625932071961000,21.180961181640626,0.673309326171875,0.694488525390625,-0.195098876953125
1780625932081956000,21.1909560546875,0.6793060302734375,0.705291748046875,-0.1941986083984375
1780625932091951000,21.200951171875,0.6864471435546875,0.7204437255859375,-0.1972808837890625
1780625932101946000,21.210946044921876,0.6950531005859375,0.7322540283203125,-0.1958770751953125
1780625932111941000,21.220941162109376,0.6910858154296875,0.7445220947265625,-0.192901611328125
1780625932121936100,21.23093603515625,0.689300537109375,0.77435302734375,-0.1963653564453125
1780625932131931100,21.24093115234375,0.6763916015625,0.8003692626953125,-0.21844482421875
1780625932141926100,21.250926025390626,0.674896240234375,0.812835693359375,-0.245849609375
1780625932151921200,21.260921142578123,0.68023681640625,0.80767822265625,-0.2533721923828125
1780625932161916000,21.270916015625,0.6711578369140625,0.77691650390625,-0.2365875244140625
1780625932171911000,21.280910888671876,0.6757354736328125,0.742919921875,-0.2177581787109375
1780625932181906000,21.290906005859377,0.678985595703125,0.729766845703125,-0.2034454345703125
1780625932191901200,21.300901123046874,0.6794281005859375,0.717437744140625,-0.186676025390625
1780625932201896200,21.310896240234374,0.6860809326171875,0.6934661865234375,-0.180877685546875
1780625932211891200,21.32089111328125,0.6799774169921875,0.6753997802734375,-0.1671600341796875
1780625932221886200,21.33088623046875,0.6707611083984375,0.66168212890625,-0.1517333984375
1780625932231881200,21.340881103515624,0.6639404296875,0.656890869140625,-0.1613311767578125
1780625932241876200,21.350876220703125,0.667449951171875,0.665771484375,-0.1680145263671875
1780625932251871200,21.360871337890625,0.671478271484375,0.6718902587890625,-0.154510498046875
1780625932261866000,21.370865966796874,0.6879425048828125,0.6680755615234375,-0.140655517578125
1780625932271861000,21.380861083984374,0.693084716796875,0.66632080078125,-0.142486572265625
1780625932281856000,21.39085595703125,0.686737060546875,0.680206298828125,-0.1571197509765625
1780625932291851000,21.40085107421875,0.6710662841796875,0.7078704833984375,-0.168060302734375
1780625932301846000,21.410845947265624,0.6664886474609375,0.7275238037109375,-0.1662750244140625
1780625932311841000,21.420841064453125,0.6707763671875,0.7404937744140625,-0.178436279296875
1780625932321836000,21.4308359375,0.6713714599609375,0.747528076171875,-0.1956329345703125
1780625932331832000,21.44083203125,0.6652069091796875,0.7497406005859375,-0.19573974609375
1780625932341827000,21.4508271484375,0.6592864990234375,0.742340087890625,-0.19580078125
1780625932351822000,21.460822021484375,0.666961669921875,0.7275390625,-0.19635009765625
1780625932361817000,21.470817138671876,0.679351806640625,0.7130584716796875,-0.1904296875
1780625932371812000,21.48081201171875,0.6831817626953125,0.7080078125,-0.1866607666015625
1780625932381807000,21.49080712890625,0.67120361328125,0.7114105224609375,-0.1946868896484375
1780625932391802000,21.500802001953126,0.65838623046875,0.7143402099609375,-0.20281982421875
1780625932401797000,21.510797119140626,0.657867431640625,0.71728515625,-0.2026824951171875
1780625932411792100,21.520792236328123,0.6645355224609375,0.722930908203125,-0.201263427734375
1780625932421787100,21.530787109375,0.665802001953125,0.7233734130859375,-0.197723388671875
1780625932431782000,21.540781982421876,0.6679534912109375,0.7229156494140625,-0.190032958984375
1780625932441777000,21.55077685546875,0.659637451171875,0.715850830078125,-0.182861328125
1780625932451772200,21.560772216796874,0.6652984619140625,0.7017974853515625,-0.1756134033203125
1780625932461767200,21.57076708984375,0.680145263671875,0.6940155029296875,-0.1680450439453125
1780625932471762200,21.58076220703125,0.6856842041015625,0.6988067626953125,-0.1639556884765625
1780625932481757200,21.590757080078124,0.677703857421875,0.7139739990234375,-0.169769287109375
1780625932491752200,21.600752197265624,0.6703033447265625,0.7237701416015625,-0.184173583984375
1780625932501747200,21.610747314453125,0.6592864990234375,0.7271728515625,-0.187530517578125
1780625932511742200,21.6207421875,0.6584320068359375,0.7237548828125,-0.184356689453125
1780625932521737200,21.6307373046875,0.671142578125,0.717437744140625,-0.1863555908203125
1780625932531732000,21.64073193359375,0.68096923828125,0.711273193359375,-0.18603515625
1780625932541727000,21.65072705078125,0.6783447265625,0.7013397216796875,-0.180511474609375
1780625932551722000,21.660721923828124,0.6724090576171875,0.6950531005859375,-0.174560546875
1780625932561717000,21.670717041015624,0.6713714599609375,0.6923980712890625,-0.1768951416015625
1780625932571712000,21.6807119140625,0.6684112548828125,0.6977081298828125,-0.1797027587890625
1780625932581707000,21.69070703125,0.6702880859375,0.706390380859375,-0.1851348876953125
1780625932591702000,21.700701904296874,0.674957275390625,0.7118072509765625,-0.1917724609375
1780625932601697300,21.710697265625,0.6681060791015625,0.713836669921875,-0.1913909912109375
1780625932611692300,21.7206923828125,0.6635894775390625,0.7144622802734375,-0.1922760009765625
1780625932621687300,21.730687255859376,0.663604736328125,0.7152252197265625,-0.1975555419921875
1780625932631682000,21.74068212890625,0.6620635986328125,0.714996337890625,-0.1961517333984375
1780625932641677000,21.750677001953125,0.6654815673828125,0.7127532958984375,-0.19140625
1780625932651672000,21.760672119140626,0.6694183349609375,0.710357666015625,-0.1883544921875
1780625932661667000,21.7706669921875,0.6718597412109375,0.705718994140625,-0.18408203125
1780625932671662000,21.780662109375,0.6701812744140625,0.708160400390625,-0.1846160888671875
1780625932681657000,21.790656982421876,0.6692962646484375,0.7166748046875,-0.1907501220703125
1780625932691652000,21.800652099609376,0.66839599609375,0.7259063720703125,-0.1939239501953125
1780625932701647000,21.810647216796873,0.6670379638671875,0.73406982421875,-0.1925048828125
1780625932711642000,21.82064208984375,0.664703369140625,0.7360687255859375,-0.1884918212890625
1780625932721637000,21.83063720703125,0.6696014404296875,0.733123779296875,-0.1894989013671875
1780625932731631900,21.8406318359375,0.6725921630859375,0.7268218994140625,-0.1814117431640625
1780625932741627100,21.850627197265624,0.6739959716796875,0.719512939453125,-0.1736297607421875
1780625932751622100,21.8606220703125,0.6680145263671875,0.7139892578125,-0.17138671875
1780625932761617700,21.87061767578125,0.6645660400390625,0.711273193359375,-0.1762237548828125
1780625932771612700,21.88061279296875,0.6590118408203125,0.70562744140625,-0.177978515625
1780625932781607700,21.890607666015626,0.661529541015625,0.705413818359375,-0.175811767578125
1780625932791602700,21.900602783203126,0.6723175048828125,0.710205078125,-0.1801605224609375
1780625932801597700,21.91059765625,0.6630401611328125,0.7178497314453125,-0.184539794921875
1780625932811592700,21.9205927734375,0.6581573486328125,0.71917724609375,-0.1862335205078125
1780625932821587500,21.93058740234375,0.6606903076171875,0.7157440185546875,-0.191986083984375
1780625932831582500,21.94058251953125,0.662261962890625,0.708343505859375,-0.1880645751953125
1780625932841577500,21.950577392578126,0.664154052734375,0.7103424072265625,-0.1846160888671875
1780625932851572700,21.96057275390625,0.6697540283203125,0.7162628173828125,-0.1912384033203125
1780625932861567700,21.970567626953127,0.66650390625,0.722320556640625,-0.188720703125
1780625932871562800,21.980562744140624,0.667999267578125,0.722564697265625,-0.18927001953125
1780625932881557800,21.990557861328124,0.6729583740234375,0.7194671630859375,-0.19061279296875
1780625932891552800,22.000552734375,0.6742401123046875,0.7177734375,-0.188751220703125
1780625932901547800,22.0105478515625,0.67266845703125,0.7147979736328125,-0.1904754638671875
1780625932911542500,22.02054248046875,0.6689910888671875,0.716705322265625,-0.1927337646484375
1780625932921537500,22.03053759765625,0.666259765625,0.7176666259765625,-0.1906585693359375
1780625932931532500,22.040532470703123,0.667205810546875,0.7078857421875,-0.1866302490234375
1780625932941527600,22.050527587890624,0.677642822265625,0.7010650634765625,-0.1828460693359375
1780625932951522600,22.0605224609375,0.6770477294921875,0.6985321044921875,-0.1813812255859375
1780625932961517600,22.070517578125,0.6696624755859375,0.70025634765625,-0.1742706298828125
1780625932971512600,22.0805126953125,0.67034912109375,0.703704833984375,-0.1734161376953125
1780625932981508600,22.090508544921875,0.6724090576171875,0.7037506103515625,-0.1758270263671875
1780625932991503600,22.100503662109375,0.6685028076171875,0.708221435546875,-0.183013916015625
1780625933001498600,22.11049853515625,0.6648406982421875,0.720062255859375,-0.1890869140625
1780625933011493600,22.12049365234375,0.6604766845703125,0.729217529296875,-0.1898651123046875
1780625933021488600,22.130488525390625,0.66058349609375,0.722625732421875,-0.1872406005859375
1780625933031483600,22.140483642578126,0.6659088134765625,0.7130279541015625,-0.180450439453125
1780625933041478700,22.150478759765626,0.672821044921875,0.7086181640625,-0.1773223876953125
1780625933051473700,22.1604736328125,0.675140380859375,0.703460693359375,-0.177886962890625
1780625933061468700,22.17046875,0.6771240234375,0.7057952880859375,-0.1769561767578125
1780625933071463700,22.180463623046876,0.6737823486328125,0.7110443115234375,-0.179901123046875
1780625933081458700,22.190458740234376,0.6685791015625,0.7186431884765625,-0.1851959228515625
1780625933091453400,22.200453369140625,0.66552734375,0.73089599609375,-0.19647216796875
1780625933101448400,22.210448486328126,0.660675048828125,0.733123779296875,-0.2007293701171875
1780625933111443700,22.220443603515626,0.6533355712890625,0.7208251953125,-0.196563720703125
1780625933121438700,22.230438720703123,0.6612548828125,0.7050933837890625,-0.1906890869140625
1780625933131433700,22.240433837890624,0.67669677734375,0.694244384765625,-0.1812286376953125
1780625933141428700,22.2504287109375,0.67864990234375,0.695281982421875,-0.175750732421875
1780625933151423700,22.260423828125,0.6720428466796875,0.7034759521484375,-0.1799468994140625
1780625933161418800,22.270418701171874,0.663421630859375,0.71710205078125,-0.1783294677734375
1780625933171413800,22.280413818359374,0.6640167236328125,0.73016357421875,-0.187347412109375
1780625933181408800,22.29040869140625,0.667236328125,0.7342987060546875,-0.1946868896484375
1780625933191403500,22.300403564453124,0.661285400390625,0.7320709228515625,-0.1911163330078125
1780625933201398500,22.3103984375,0.65966796875,0.71820068359375,-0.1863861083984375
1780625933211393500,22.3203935546875,0.66778564453125,0.7047576904296875,-0.1773223876953125
1780625933221388500,22.330388427734373,0.67218017578125,0.6954803466796875,-0.17303466796875
1780625933231383600,22.340383544921874,0.67474365234375,0.693084716796875,-0.1702728271484375
1780625933241378600,22.350378662109375,0.6729888916015625,0.693145751953125,-0.1748504638671875
1780625933251373600,22.36037353515625,0.6761322021484375,0.7029266357421875,-0.17864990234375
1780625933261368800,22.370368896484376,0.6703643798828125,0.7129058837890625,-0.1905364990234375
1780625933271363800,22.38036376953125,0.664215087890625,0.7234649658203125,-0.196868896484375
1780625933281358600,22.390358642578125,0.6601409912109375,0.7232513427734375,-0.20159912109375
1780625933291353600,22.400353515625,0.6605224609375,0.7258148193359375,-0.1995697021484375
1780625933301348600,22.4103486328125,0.6619873046875,0.7261199951171875,-0.193817138671875
1780625933311343600,22.420343505859375,0.66558837890625,0.719024658203125,-0.186859130859375
1780625933321338600,22.430338623046875,0.67242431640625,0.70941162109375,-0.1772918701171875
1780625933331333600,22.440333740234376,0.675567626953125,0.699798583984375,-0.1781005859375
1780625933341328600,22.45032861328125,0.6762542724609375,0.6969146728515625,-0.17779541015625
1780625933351323600,22.46032373046875,0.6755828857421875,0.698516845703125,-0.1790618896484375
1780625933361318700,22.470318603515626,0.670745849609375,0.7068634033203125,-0.1837005615234375
1780625933371313700,22.480313720703126,0.6666717529296875,0.72015380859375,-0.1831207275390625
1780625933381308700,22.49030859375,0.6660614013671875,0.7242889404296875,-0.1878814697265625
1780625933391303400,22.500303466796876,0.6631011962890625,0.7206268310546875,-0.1878204345703125
1780625933401298700,22.510298583984376,0.6619720458984375,0.7191162109375,-0.1872711181640625
1780625933411293700,22.520293701171877,0.669464111328125,0.7176055908203125,-0.1893157958984375
1780625933421288700,22.530288818359374,0.6700439453125,0.7159576416015625,-0.1857757568359375
1780625933431283700,22.54028369140625,0.67474365234375,0.7141876220703125,-0.1782379150390625
1780625933441278700,22.55027880859375,0.67822265625,0.71380615234375,-0.175262451171875
1780625933451273700,22.560273681640624,0.6744384765625,0.7149658203125,-0.1803741455078125
1780625933461268700,22.570268798828124,0.666259765625,0.717254638671875,-0.186065673828125
1780625933471263700,22.580263671875,0.6578216552734375,0.7202911376953125,-0.1899871826171875
1780625933481258800,22.5902587890625,0.660400390625,0.7232513427734375,-0.1879730224609375
1780625933491253500,22.60025341796875,0.6652679443359375,0.721710205078125,-0.1833953857421875
1780625933501248500,22.61024853515625,0.671112060546875,0.7182159423828125,-0.1778717041015625
1780625933511243500,22.620243408203127,0.6720733642578125,0.71441650390625,-0.1743011474609375
1780625933521238500,22.630238525390624,0.662689208984375,0.7109222412109375,-0.177337646484375
1780625933531233500,22.640233642578124,0.6614990234375,0.712646484375,-0.180328369140625
1780625933541228500,22.650228515625,0.6728973388671875,0.7202606201171875,-0.1871185302734375
1780625933551223800,22.660223876953125,0.6680450439453125,0.726837158203125,-0.1869049072265625
1780625933561218800,22.67021875,0.6629180908203125,0.7208099365234375,-0.1925811767578125
1780625933571213800,22.6802138671875,0.665008544921875,0.7115631103515625,-0.1979217529296875
1780625933581208800,22.690208740234375,0.6687774658203125,0.702484130859375,-0.1916046142578125
1780625933591203600,22.70020361328125,0.6668701171875,0.696258544921875,-0.181793212890625
1780625933601198600,22.710198486328125,0.669158935546875,0.7032012939453125,-0.1776275634765625
1780625933611193600,22.720193603515625,0.6725616455078125,0.710845947265625,-0.187103271484375
1780625933621188600,22.730188720703126,0.6668701171875,0.7181854248046875,-0.1876678466796875
1780625933631183600,22.74018359375,0.66204833984375,0.716156005859375,-0.1842193603515625
1780625933641178600,22.7501787109375,0.66741943359375,0.7191314697265625,-0.185211181640625
1780625933651173600,22.760173583984376,0.6667022705078125,0.722625732421875,-0.18243408203125
1780625933661168600,22.770168701171876,0.669036865234375,0.720001220703125,-0.1778564453125
1780625933671163600,22.78016357421875,0.6745758056640625,0.716644287109375,-0.1715087890625
1780625933681158700,22.79015869140625,0.6725616455078125,0.715911865234375,-0.1705322265625
1780625933691153400,22.8001533203125,0.668121337890625,0.71478271484375,-0.17462158203125
1780625933701148700,22.810148681640626,0.660858154296875,0.71710205078125,-0.183502197265625
1780625933711143700,22.820143798828123,0.65875244140625,0.7180938720703125,-0.1912384033203125
1780625933721138700,22.830138671875,0.66253662109375,0.7136688232421875,-0.1934814453125
1780625933731133700,22.8401337890625,0.6668853759765625,0.706878662109375,-0.1939239501953125
1780625933741128700,22.850128662109373,0.6681060791015625,0.7050628662109375,-0.1901397705078125
1780625933751123700,22.860123779296874,0.6690521240234375,0.7062225341796875,-0.1887359619140625
1780625933761118700,22.87011865234375,0.659393310546875,0.7130279541015625,-0.193328857421875
1780625933771113200,22.88011328125,0.65484619140625,0.7183685302734375,-0.19696044921875
1780625933781108200,22.890108154296875,0.6551055908203125,0.7219390869140625,-0.1933135986328125
1780625933791104300,22.900104248046876,0.6586151123046875,0.718505859375,-0.1904449462890625
1780625933801098000,22.910097900390625,0.6658477783203125,0.7118988037109375,-0.1870880126953125
1780625933811094300,22.92009423828125,0.673980712890625,0.709686279296875,-0.1818389892578125
1780625933821089300,22.93008935546875,0.6741180419921875,0.712066650390625,-0.17437744140625
1780625933831084300,22.940084228515627,0.672607421875,0.718902587890625,-0.1741943359375
1780625933841079300,22.950079345703124,0.6639556884765625,0.7242279052734375,-0.1800689697265625
1780625933851074300,22.96007421875,0.6647796630859375,0.7238311767578125,-0.181915283203125
1780625933861069300,22.9700693359375,0.67156982421875,0.7174835205078125,-0.180450439453125
1780625933871064000,22.98006396484375,0.679412841796875,0.709075927734375,-0.1777801513671875
1780625933881059000,22.99005908203125,0.68438720703125,0.705718994140625,-0.172515869140625
1780625933891054000,23.00005419921875,0.68023681640625,0.7078094482421875,-0.1698455810546875
1780625933901049000,23.010049072265623,0.6722259521484375,0.7151336669921875,-0.1691741943359375
1780625933911044000,23.020044189453124,0.66558837890625,0.7168426513671875,-0.1710205078125
1780625933921039400,23.030039306640624,0.6619720458984375,0.71435546875,-0.173187255859375
1780625933931034400,23.040034423828125,0.670135498046875,0.7129669189453125,-0.1750335693359375
1780625933941029400,23.050029296875,0.672454833984375,0.71435546875,-0.170989990234375
1780625933951024400,23.0600244140625,0.66961669921875,0.711883544921875,-0.173095703125
1780625933961019400,23.070019287109375,0.667205810546875,0.7138214111328125,-0.1773223876953125
1780625933971014100,23.08001416015625,0.6642608642578125,0.7141876220703125,-0.1827239990234375
1780625933981009200,23.090009033203124,0.661041259765625,0.7164306640625,-0.1826019287109375
1780625933991004200,23.100004150390625,0.6621246337890625,0.717987060546875,-0.1809539794921875
1780625934000999200,23.109999267578125,0.673126220703125,0.7205810546875,-0.182891845703125
1780625934010994200,23.119994140625,0.6684417724609375,0.725189208984375,-0.1829681396484375
1780625934020989200,23.1299892578125,0.66265869140625,0.7286834716796875,-0.1888427734375
1780625934030984200,23.139984130859375,0.66143798828125,0.725006103515625,-0.1958770751953125
1780625934040979200,23.149979248046876,0.6599578857421875,0.7185516357421875,-0.191436767578125
1780625934050974200,23.15997412109375,0.6630706787109375,0.71295166015625,-0.188262939453125
1780625934060969200,23.16996923828125,0.6752471923828125,0.7111968994140625,-0.1823577880859375
1780625934070964200,23.179964111328125,0.6796112060546875,0.710968017578125,-0.178314208984375
1780625934080959200,23.189959228515626,0.681884765625,0.7103118896484375,-0.1832275390625
1780625934090954200,23.199954345703127,0.6749420166015625,0.713287353515625,-0.18829345703125
1780625934100949200,23.20994921875,0.6702423095703125,0.7153472900390625,-0.186248779296875
1780625934110944300,23.2199443359375,0.6677398681640625,0.715850830078125,-0.180084228515625
1780625934120939300,23.229939208984376,0.668792724609375,0.7129669189453125,-0.1693115234375
1780625934130934300,23.239934326171873,0.670928955078125,0.7066650390625,-0.173736572265625
1780625934140929300,23.24992919921875,0.6756439208984375,0.7077178955078125,-0.1788787841796875
1780625934150924300,23.25992431640625,0.668365478515625,0.709075927734375,-0.1757354736328125
1780625934160919300,23.269919189453127,0.662139892578125,0.7088165283203125,-0.171234130859375
1780625934170914000,23.2799140625,0.6680755615234375,0.7115020751953125,-0.16851806640625
1780625934180909000,23.289908935546876,0.6705474853515625,0.716552734375,-0.1730804443359375
1780625934190904000,23.299904052734377,0.67529296875,0.7240753173828125,-0.171478271484375
1780625934200899000,23.309899169921874,0.675811767578125,0.7242431640625,-0.1687164306640625
1780625934210894000,23.31989404296875,0.6737213134765625,0.7227935791015625,-0.167694091796875
1780625934220889300,23.329889404296875,0.6657257080078125,0.7187957763671875,-0.16595458984375
1780625934230884400,23.33988427734375,0.6563262939453125,0.711639404296875,-0.1673583984375
1780625934240879400,23.34987939453125,0.6559295654296875,0.7070465087890625,-0.1697845458984375
1780625934250874400,23.359874267578125,0.6613311767578125,0.7064361572265625,-0.172149658203125
1780625934260869400,23.369869384765625,0.6593017578125,0.708984375,-0.1740875244140625
1780625934270864100,23.379864013671874,0.6583404541015625,0.714263916015625,-0.1762847900390625
1780625934280859100,23.389859130859374,0.6588134765625,0.724273681640625,-0.1800079345703125
1780625934290854100,23.399854248046875,0.6535186767578125,0.7310333251953125,-0.1915283203125
1780625934300849200,23.40984912109375,0.647979736328125,0.7360687255859375,-0.2048492431640625
1780625934310844200,23.41984423828125,0.647979736328125,0.7372283935546875,-0.2096710205078125
1780625934320839200,23.429839111328125,0.6452484130859375,0.7340545654296875,-0.2093658447265625
1780625934330834200,23.439834228515625,0.6409912109375,0.7325897216796875,-0.2063751220703125
1780625934340829200,23.4498291015625,0.643951416015625,0.7313079833984375,-0.2115325927734375
1780625934350824200,23.45982421875,0.6475067138671875,0.73272705078125,-0.2140655517578125
1780625934360819500,23.4698193359375,0.6502838134765625,0.738372802734375,-0.2085113525390625
1780625934370814200,23.479814208984376,0.6559295654296875,0.743011474609375,-0.20196533203125
1780625934380809200,23.489809326171876,0.6667633056640625,0.733612060546875,-0.1949310302734375
1780625934390804200,23.49980419921875,0.68524169921875,0.71746826171875,-0.181640625
1780625934400799200,23.50979931640625,0.6873931884765625,0.7052154541015625,-0.1752166748046875
1780625934410794200,23.519794189453126,0.6751708984375,0.702911376953125,-0.1703033447265625
1780625934420789200,23.529789306640627,0.6647796630859375,0.7043914794921875,-0.1688079833984375
1780625934430784300,23.5397841796875,0.6580810546875,0.7063751220703125,-0.162811279296875
1780625934440779300,23.549779296875,0.66021728515625,0.7085723876953125,-0.1550445556640625
1780625934450774300,23.559774169921877,0.672119140625,0.7065277099609375,-0.1494140625
1780625934460769300,23.569769287109374,0.6780242919921875,0.70147705078125,-0.1480255126953125
1780625934470764300,23.579764404296874,0.680816650390625,0.7037353515625,-0.1568450927734375
1780625934480759000,23.589759033203126,0.6742095947265625,0.709716796875,-0.1728973388671875
1780625934490754000,23.599754150390623,0.6718292236328125,0.71697998046875,-0.181060791015625
1780625934500749000,23.6097490234375,0.6732025146484375,0.7218475341796875,-0.1787261962890625
1780625934510744300,23.619744384765625,0.6683349609375,0.7198638916015625,-0.176666259765625
1780625934520739300,23.6297392578125,0.667236328125,0.716064453125,-0.1763153076171875
1780625934530734300,23.639734375,0.667236328125,0.7060699462890625,-0.1770172119140625
1780625934540729300,23.649729248046874,0.6728363037109375,0.7028045654296875,-0.1746978759765625
1780625934550724400,23.659724365234375,0.671478271484375,0.7058868408203125,-0.1768341064453125
1780625934560719400,23.66971923828125,0.66326904296875,0.714691162109375,-0.17840576171875
1780625934570714000,23.679714111328124,0.6622467041015625,0.7153472900390625,-0.1769256591796875
1780625934580709000,23.689709228515625,0.6600799560546875,0.716766357421875,-0.176116943359375
1780625934590704000,23.6997041015625,0.6640167236328125,0.7253570556640625,-0.180145263671875
1780625934600699100,23.70969921875,0.665069580078125,0.7411041259765625,-0.1824188232421875
1780625934610694100,23.719694091796875,0.6661376953125,0.7501373291015625,-0.1817474365234375
1780625934620689200,23.729689208984375,0.6767578125,0.7478790283203125,-0.1861572265625
1780625934630684200,23.73968408203125,0.67156982421875,0.740478515625,-0.1857757568359375
1780625934640679200,23.74967919921875,0.65740966796875,0.7356109619140625,-0.18133544921875
1780625934650674400,23.75967431640625,0.6602935791015625,0.735809326171875,-0.182159423828125
1780625934660669400,23.76966943359375,0.654693603515625,0.7360382080078125,-0.1848602294921875
1780625934670664200,23.779664306640626,0.65191650390625,0.7310943603515625,-0.19061279296875
1780625934680659200,23.7896591796875,0.6536712646484375,0.72698974609375,-0.1928863525390625
1780625934690654200,23.799654296875,0.653106689453125,0.7186126708984375,-0.19183349609375
1780625934700649200,23.809649169921876,0.6556549072265625,0.7130889892578125,-0.1902313232421875
1780625934710644200,23.819644287109377,0.6608123779296875,0.712188720703125,-0.1883697509765625
1780625934720639200,23.82963916015625,0.6611175537109375,0.713775634765625,-0.188873291015625
1780625934730634200,23.83963427734375,0.653594970703125,0.7141876220703125,-0.1841888427734375
1780625934740629200,23.849629150390626,0.6508636474609375,0.71337890625,-0.1772918701171875
1780625934750624300,23.859624267578123,0.657318115234375,0.7132720947265625,-0.1822967529296875
1780625934760619300,23.869619384765624,0.6628875732421875,0.720001220703125,-0.1802825927734375
1780625934770614300,23.8796142578125,0.669342041015625,0.7245330810546875,-0.1823272705078125
1780625934780609300,23.889609375,0.66754150390625,0.7197723388671875,-0.1849517822265625
1780625934790604500,23.8996044921875,0.6603851318359375,0.7174224853515625,-0.179840087890625
1780625934800599600,23.909599609375,0.6617279052734375,0.7164306640625,-0.1767730712890625
1780625934810594600,23.919594482421875,0.665435791015625,0.7230072021484375,-0.1732940673828125
1780625934820589600,23.929589599609375,0.6725006103515625,0.73162841796875,-0.175323486328125
1780625934830584600,23.93958447265625,0.66973876953125,0.732879638671875,-0.1772918701171875
1780625934840579600,23.94957958984375,0.6605682373046875,0.7270660400390625,-0.1775054931640625
1780625934850574600,23.95957470703125,0.6650848388671875,0.7180023193359375,-0.174468994140625
1780625934860569600,23.969569580078126,0.6745147705078125,0.7114105224609375,-0.1718597412109375
1780625934870564400,23.979564453125,0.6728668212890625,0.709075927734375,-0.1728057861328125
1780625934880559400,23.989559326171875,0.672943115234375,0.708984375,-0.177490234375
1780625934890554400,23.999554443359376,0.6632080078125,0.703948974609375,-0.18743896484375
1780625934900549400,24.00954931640625,0.6545867919921875,0.6976318359375,-0.1888427734375
1780625934910544400,24.01954443359375,0.656768798828125,0.6981048583984375,-0.1847686767578125
1780625934920539400,24.029539306640626,0.6615142822265625,0.7033233642578125,-0.1822662353515625
1780625934930534400,24.039534423828126,0.668365478515625,0.709716796875,-0.1820220947265625
1780625934940529700,24.04952978515625,0.6717071533203125,0.7223663330078125,-0.188446044921875
1780625934950524700,24.059524658203124,0.6718902587890625,0.729095458984375,-0.197418212890625
1780625934960519700,24.069519775390624,0.6675262451171875,0.7233123779296875,-0.2083740234375
1780625934970514400,24.079514404296877,0.66448974609375,0.713409423828125,-0.2061614990234375
1780625934980509400,24.089509521484374,0.6651153564453125,0.703033447265625,-0.1968231201171875
1780625934990504400,24.09950439453125,0.6760406494140625,0.693878173828125,-0.187286376953125
1780625935000499500,24.10949951171875,0.6805877685546875,0.6947784423828125,-0.1846466064453125
1780625935010494500,24.119494384765623,0.6820220947265625,0.6967620849609375,-0.1884613037109375
1780625935020489500,24.129489501953124,0.6696929931640625,0.699951171875,-0.191162109375
1780625935030485500,24.139485595703125,0.657501220703125,0.6996917724609375,-0.1962890625
1780625935040480300,24.149480224609373,0.6501312255859375,0.699951171875,-0.19769287109375
1780625935050475300,24.159475341796874,0.654083251953125,0.7044830322265625,-0.1988983154296875
1780625935060470500,24.169470458984375,0.6586151123046875,0.7147369384765625,-0.1956024169921875
1780625935070465500,24.179465576171875,0.6620941162109375,0.7242431640625,-0.181793212890625
1780625935080460500,24.18946044921875,0.6790618896484375,0.72528076171875,-0.1754302978515625
1780625935090455600,24.19945556640625,0.6782379150390625,0.7196502685546875,-0.17132568359375
1780625935100450600,24.209450439453125,0.6783599853515625,0.7161102294921875,-0.175445556640625
1780625935110445600,24.219445556640625,0.674530029296875,0.7180633544921875,-0.1843109130859375
1780625935120440600,24.229440673828126,0.666748046875,0.7235565185546875,-0.18359375
1780625935130435600,24.239435546875,0.6558685302734375,0.723358154296875,-0.1846923828125
1780625935140430300,24.249430419921875,0.66094970703125,0.722412109375,-0.18475341796875
1780625935150425300,24.25942529296875,0.6625823974609375,0.7191314697265625,-0.18475341796875
1780625935160420400,24.26942041015625,0.659637451171875,0.725982666015625,-0.18438720703125
1780625935170415400,24.279415283203125,0.6558380126953125,0.7266387939453125,-0.1878204345703125
1780625935180410400,24.289410400390626,0.657684326171875,0.7186279296875,-0.1834564208984375
1780625935190405400,24.2994052734375,0.6661834716796875,0.7162322998046875,-0.180908203125
1780625935200400600,24.309400634765623,0.65850830078125,0.71893310546875,-0.1900482177734375
1780625935210395600,24.319395751953124,0.6565399169921875,0.725372314453125,-0.1928253173828125
1780625935220390700,24.329390625,0.6594390869140625,0.7287445068359375,-0.1955108642578125
1780625935230385700,24.3393857421875,0.6626739501953125,0.7211151123046875,-0.1937103271484375
1780625935240380400,24.34938037109375,0.6728973388671875,0.712066650390625,-0.184478759765625
1780625935250375400,24.35937548828125,0.68060302734375,0.714141845703125,-0.1788330078125
1780625935260370400,24.369370361328127,0.67755126953125,0.7256011962890625,-0.1844482421875
1780625935270365400,24.379365478515624,0.6657257080078125,0.737518310546875,-0.196533203125
1780625935280360400,24.3893603515625,0.65264892578125,0.7389678955078125,-0.205780029296875
1780625935290355500,24.39935546875,0.6467437744140625,0.7281646728515625,-0.2014007568359375
1780625935300350500,24.4093505859375,0.661468505859375,0.703338623046875,-0.188934326171875
1780625935310345500,24.419345458984374,0.675933837890625,0.693450927734375,-0.172637939453125
1780625935320340500,24.429340576171874,0.680908203125,0.7024993896484375,-0.170806884765625
1780625935330335500,24.43933544921875,0.687835693359375,0.705169677734375,-0.1762542724609375
1780625935340330200,24.449330322265624,0.66400146484375,0.7029266357421875,-0.1790618896484375
1780625935350325500,24.459325439453124,0.633758544921875,0.6985015869140625,-0.1840667724609375
1780625935360320500,24.469320556640625,0.64984130859375,0.698211669921875,-0.190673828125
1780625935370315500,24.4793154296875,0.6752166748046875,0.702972412109375,-0.1891937255859375
1780625935380310500,24.489310546875,0.681671142578125,0.7243194580078125,-0.186309814453125
1780625935390305500,24.499305419921875,0.6794586181640625,0.744232177734375,-0.1944122314453125
1780625935400300500,24.509300537109375,0.659393310546875,0.7392120361328125,-0.1986846923828125
1780625935410295600,24.519295654296876,0.6453704833984375,0.7229461669921875,-0.196563720703125
1780625935420290600,24.52929052734375,0.6523284912109375,0.72198486328125,-0.1929168701171875
1780625935430285600,24.53928564453125,0.6612091064453125,0.7436981201171875,-0.190338134765625
1780625935440280300,24.5492802734375,0.6580352783203125,0.7666778564453125,-0.1904449462890625
1780625935450275300,24.559275390625,0.6432342529296875,0.782989501953125,-0.1910247802734375
1780625935460270300,24.569270263671875,0.6546630859375,0.7784423828125,-0.1959381103515625
1780625935470265300,24.579265380859376,0.656524658203125,0.7658233642578125,-0.200531005859375
1780625935480260400,24.58926025390625,0.647216796875,0.760589599609375,-0.2142486572265625
1780625935490255600,24.599255615234377,0.6801605224609375,0.747894287109375,-0.2191162109375
1780625935500250600,24.609250732421874,0.6859893798828125,0.7451629638671875,-0.2061767578125
1780625935510245600,24.61924560546875,0.654052734375,0.74908447265625,-0.1995697021484375
1780625935520240600,24.62924072265625,0.640960693359375,0.746429443359375,-0.2047119140625
1780625935530235600,24.639235595703123,0.64788818359375,0.738006591796875,-0.2198944091796875
1780625935540230400,24.64923046875,0.663299560546875,0.735382080078125,-0.2205352783203125
1780625935550225400,24.659225341796876,0.654327392578125,0.73345947265625,-0.2127838134765625
1780625935560220400,24.669220458984373,0.6357879638671875,0.708526611328125,-0.213134765625
1780625935570215400,24.67921533203125,0.622406005859375,0.677215576171875,-0.221954345703125
1780625935580210400,24.68921044921875,0.6418914794921875,0.6730194091796875,-0.2383880615234375
1780625935590205400,24.699205322265627,0.661651611328125,0.705780029296875,-0.2595367431640625
1780625935600200400,24.709200439453124,0.667816162109375,0.754425048828125,-0.267852783203125
1780625935610195500,24.719195556640624,0.669769287109375,0.772369384765625,-0.287017822265625
1780625935620190500,24.7291904296875,0.6658172607421875,0.7656402587890625,-0.3143157958984375
1780625935630185500,24.739185546875,0.63238525390625,0.7568511962890625,-0.3240966796875
1780625935640180500,24.749180419921874,0.6143798828125,0.7366485595703125,-0.3151092529296875
1780625935650175500,24.759175537109375,0.6273651123046875,0.7092437744140625,-0.305084228515625
1780625935660170500,24.76917041015625,0.6355133056640625,0.7008209228515625,-0.2961273193359375
1780625935670165500,24.77916552734375,0.6192474365234375,0.6986083984375,-0.2982635498046875
1780625935680160500,24.789160400390625,0.6265106201171875,0.684112548828125,-0.316253662109375
1780625935690155500,24.799155517578125,0.6315765380859375,0.66815185546875,-0.3354339599609375
1780625935700150500,24.809150634765626,0.627777099609375,0.68255615234375,-0.345855712890625
1780625935710145500,24.8191455078125,0.61785888671875,0.7196044921875,-0.359832763671875
1780625935720140500,24.829140625,0.60491943359375,0.7453460693359375,-0.3664703369140625
1780625935730135600,24.839135498046875,0.6186676025390625,0.7524261474609375,-0.360870361328125
1780625935740130300,24.84913037109375,0.636322021484375,0.752044677734375,-0.35107421875
1780625935750125300,24.859125244140625,0.6348114013671875,0.735076904296875,-0.3378448486328125
1780625935760120300,24.869120361328125,0.6352691650390625,0.7400970458984375,-0.326202392578125
1780625935770115800,24.87911572265625,0.637176513671875,0.7556915283203125,-0.3261871337890625
1780625935780110800,24.88911083984375,0.6122894287109375,0.7755889892578125,-0.3314361572265625
1780625935790105900,24.89910595703125,0.550872802734375,0.811492919921875,-0.306304931640625
1780625935800100900,24.909100830078124,0.5302276611328125,0.8198089599609375,-0.2966156005859375
1780625935810095900,24.919095947265625,0.5647430419921875,0.8182525634765625,-0.3084564208984375
1780625935820091000,24.9290908203125,0.63079833984375,0.8109588623046875,-0.3145751953125
1780625935830085600,24.939085693359374,0.682220458984375,0.79278564453125,-0.32220458984375
1780625935840080600,24.94908056640625,0.644287109375,0.764495849609375,-0.2953033447265625
1780625935850075600,24.95907568359375,0.5961761474609375,0.6920166015625,-0.2669830322265625
1780625935860070700,24.969070556640624,0.592315673828125,0.60931396484375,-0.2696990966796875
1780625935870065700,24.979065673828124,0.5944061279296875,0.5778350830078125,-0.254913330078125
1780625935880060700,24.989060791015625,0.6070404052734375,0.59991455078125,-0.2571258544921875
1780625935890055700,24.9990556640625,0.578399658203125,0.7081451416015625,-0.3225860595703125
1780625935900051000,25.009051025390626,0.480072021484375,0.806854248046875,-0.4374847412109375
1780625935910046000,25.0190458984375,0.4369354248046875,0.864532470703125,-0.6123504638671875
1780625935920041000,25.029041015625,0.5709991455078125,0.900054931640625,-0.84320068359375
1780625935930035700,25.03903564453125,0.65118408203125,0.9043121337890625,-0.8635406494140625
1780625935940030700,25.04903076171875,0.56854248046875,0.852508544921875,-0.6981201171875
1780625935950025700,25.059025634765625,0.6219024658203125,0.7621002197265625,-0.7865142822265625
1780625935960020700,25.069020751953126,0.6343231201171875,0.6651458740234375,-0.84393310546875
1780625935970015700,25.079015625,0.6409454345703125,0.59124755859375,-0.8587188720703125
1780625935980010800,25.0890107421875,0.562103271484375,0.5786590576171875,-0.879791259765625
1780625935990005800,25.099005859375,0.482513427734375,0.57489013671875,-0.87335205078125
1780625936000000800,25.109000732421876,0.5002899169921875,0.5641326904296875,-0.8985595703125
1780625936009995800,25.118995849609377,0.4127197265625,0.543670654296875,-0.818206787109375
1780625936019990800,25.12899072265625,0.38385009765625,0.5193634033203125,-0.702880859375
1780625936029985800,25.13898583984375,0.4354248046875,0.5273284912109375,-0.68804931640625
1780625936039980500,25.14898046875,0.38385009765625,0.4948883056640625,-0.528564453125
1780625936049975800,25.158975830078123,0.5228729248046875,0.4291839599609375,-0.5015869140625
1780625936059970800,25.168970703125,0.5598297119140625,0.3794403076171875,-0.5148468017578125
1780625936069965800,25.1789658203125,0.4626922607421875,0.32952880859375,-0.4204864501953125
1780625936079960800,25.1889609375,0.4859466552734375,0.349334716796875,-0.3695068359375
1780625936089955800,25.198955810546874,0.4214324951171875,0.4196014404296875,-0.365447998046875
1780625936099950800,25.208950927734374,0.35540771484375,0.442657470703125,-0.3451080322265625
1780625936109945900,25.21894580078125,0.3762664794921875,0.45941162109375,-0.29888916015625
1780625936119940900,25.22894091796875,0.3705291748046875,0.523040771484375,-0.13525390625
1780625936129935600,25.238935546875,0.374542236328125,0.5634307861328125,-0.0256805419921875
1780625936139930600,25.2489306640625,0.3818511962890625,0.5606536865234375,0.01959228515625
1780625936149925600,25.258925537109373,0.4497528076171875,0.5578155517578125,0.0182037353515625
1780625936159920600,25.268920654296874,0.482513427734375,0.582366943359375,0.00421142578125
1780625936169915600,25.27891552734375,0.522857666015625,0.6447296142578125,0.0143585205078125
1780625936179910700,25.28891064453125,0.5835723876953125,0.7111968994140625,-0.00250244140625
1780625936189906000,25.298906005859376,0.47161865234375,0.7647247314453125,-0.0701446533203125
1780625936199901000,25.30890087890625,0.339141845703125,0.8023529052734375,-0.0961761474609375
1780625936209896000,25.31889599609375,0.2989501953125,0.7972869873046875,-0.0643310546875
1780625936219891000,25.328890869140626,0.3495330810546875,0.7510986328125,-0.0308685302734375
1780625936229885700,25.3388857421875,0.3626251220703125,0.6935577392578125,0.025421142578125
1780625936239880700,25.348880615234375,0.291168212890625,0.6898345947265625,0.084014892578125
1780625936249875700,25.358875732421875,0.2444915771484375,0.7126312255859375,0.0334320068359375
1780625936259870700,25.36887060546875,0.2598724365234375,0.744659423828125,-0.0551910400390625
1780625936269865700,25.37886572265625,0.45166015625,0.796173095703125,-0.11749267578125
1780625936279860700,25.38886083984375,0.603973388671875,0.8600921630859375,-0.1422882080078125
1780625936289855700,25.398855712890626,0.60479736328125,0.90985107421875,-0.1195220947265625
1780625936299850800,25.408850830078126,0.5489654541015625,0.948333740234375,-0.053375244140625
1780625936309845800,25.418845703125,0.579986572265625,0.9827117919921875,-0.03692626953125
1780625936319840800,25.4288408203125,0.50433349609375,0.9656524658203125,-0.049072265625
1780625936329835800,25.438835693359376,0.400726318359375,0.9301300048828125,-0.0769195556640625
1780625936339830800,25.448830810546873,0.42303466796875,0.94061279296875,-0.1049041748046875
1780625936349825800,25.45882568359375,0.510040283203125,1.0008392333984375,-0.076080322265625
1780625936359820800,25.46882080078125,0.626556396484375,1.0652008056640625,-0.0506744384765625
1780625936369815800,25.47881591796875,0.7004241943359375,1.119659423828125,-0.0344085693359375
1780625936379810800,25.488810791015624,0.74066162109375,1.145416259765625,-0.02783203125
1780625936389805800,25.498805908203124,0.734954833984375,1.1439208984375,-0.0269622802734375
1780625936399800800,25.50880078125,0.758880615234375,1.1443634033203125,-0.0318450927734375
1780625936409795800,25.5187958984375,0.7256317138671875,1.1038665771484375,-0.029083251953125
1780625936419790800,25.528790771484374,0.67352294921875,1.0896453857421875,0.031036376953125
1780625936429785900,25.538785888671875,0.650543212890625,1.142364501953125,0.066864013671875
1780625936439780600,25.548780517578123,0.6863555908203125,1.1815643310546875,0.017669677734375
1780625936449775600,25.558775634765624,0.7861480712890625,1.179962158203125,0.003875732421875
1780625936459770600,25.5687705078125,0.8862152099609375,1.1394500732421875,0.0443267822265625
1780625936469765600,25.578765625,0.8935394287109375,1.077362060546875,0.058349609375
1780625936479761000,25.588760986328126,0.72381591796875,0.9891510009765625,0.029296875
1780625936489756000,25.598755859375,0.4893341064453125,0.8982696533203125,0.012451171875
1780625936499751000,25.6087509765625,0.3303680419921875,0.8845672607421875,0.006805419921875
1780625936509746000,25.618745849609375,0.301239013671875,0.93035888671875,-0.06097412109375
1780625936519741000,25.628740966796876,0.3732452392578125,1.04443359375,-0.20233154296875
1780625936529735700,25.638735595703125,0.5007781982421875,1.1928558349609375,-0.329315185546875
1780625936539730700,25.648730712890625,0.590240478515625,1.2797698974609375,-0.39593505859375
1780625936549725700,25.6587255859375,0.6175994873046875,1.273040771484375,-0.3851776123046875
1780625936559720700,25.668720703125,0.5900115966796875,1.2063140869140625,-0.3104705810546875
1780625936569715700,25.6787158203125,0.556396484375,1.124603271484375,-0.2226104736328125
1780625936579710700,25.688710693359376,0.5701904296875,1.039093017578125,-0.1670989990234375
1780625936589705700,25.698705810546876,0.555145263671875,0.9658660888671875,-0.1688690185546875
1780625936599700700,25.70870068359375,0.4789886474609375,0.8976898193359375,-0.1551513671875
1780625936609695700,25.71869580078125,0.4601287841796875,0.81793212890625,-0.1046905517578125
1780625936619690800,25.728690673828126,0.4835357666015625,0.7156219482421875,-0.085906982421875
1780625936629685800,25.738685791015627,0.5533447265625,0.614227294921875,-0.2077789306640625
1780625936639680800,25.7486806640625,0.484466552734375,0.5882415771484375,-0.2299346923828125
1780625936649675800,25.75867578125,0.4626922607421875,0.552734375,-0.157135009765625
1780625936659670800,25.7686708984375,0.4634857177734375,0.491363525390625,-0.293701171875
1780625936669665800,25.778665771484373,0.4774169921875,0.436065673828125,-0.439422607421875
1780625936679660800,25.788660888671874,0.3822479248046875,0.445343017578125,-0.362030029296875
1780625936689655800,25.79865576171875,0.2711181640625,0.4639434814453125,-0.21990966796875
1780625936699650800,25.80865087890625,0.1869354248046875,0.5061187744140625,-0.0736083984375
1780625936709645800,25.818645751953124,0.183563232421875,0.53485107421875,-0.2489776611328125
1780625936719640800,25.828640869140624,0.4319610595703125,0.58770751953125,-0.961456298828125
1780625936729635800,25.8386357421875,0.1502838134765625,0.7814788818359375,-0.53997802734375
1780625936739630600,25.848630615234374,0.2384185791015625,0.65264892578125,-0.0597076416015625
1780625936749625600,25.85862548828125,0.3844757080078125,0.4991912841796875,-0.4718475341796875
1780625936759620600,25.86862060546875,0.4022674560546875,0.4212188720703125,-0.3932342529296875
1780625936769616000,25.878615966796875,0.4359588623046875,0.2961273193359375,-0.1099853515625
1780625936779611000,25.88861083984375,0.454559326171875,0.206695556640625,0.1023101806640625
1780625936789606100,25.898606201171877,0.5012359619140625,0.1563873291015625,-0.0305328369140625
1780625936799601200,25.90860107421875,0.2523651123046875,0.210296630859375,-0.2051544189453125
1780625936809596200,25.91859619140625,0.1847686767578125,0.3302459716796875,-0.174652099609375
1780625936819591200,25.928591064453126,0.3755645751953125,0.4740447998046875,-0.353790283203125
1780625936829586000,25.9385859375,0.3656005859375,0.6273345947265625,-0.294891357421875
1780625936839581000,25.948580810546876,0.3107147216796875,0.633026123046875,-0.2000732421875
1780625936849576000,25.958575927734376,0.4818267822265625,0.5939178466796875,-0.23272705078125
1780625936859571000,25.968571044921877,0.540740966796875,0.5908050537109375,-0.30316162109375
1780625936869566000,25.97856591796875,0.4810791015625,0.548797607421875,-0.2905120849609375
1780625936879561000,25.98856103515625,0.4296112060546875,0.493072509765625,-0.24627685546875
1780625936889556000,25.998555908203127,0.4320831298828125,0.468658447265625,-0.26190185546875
1780625936899551000,26.008551025390624,0.3417510986328125,0.5340728759765625,-0.3318634033203125
1780625936909546000,26.0185458984375,0.28997802734375,0.6099853515625,-0.427520751953125
1780625936919541000,26.028541015625,0.34442138671875,0.6844635009765625,-0.49359130859375
1780625936929535700,26.03853564453125,0.3835601806640625,0.7844390869140625,-0.5454254150390625
1780625936939531000,26.048531005859374,0.396209716796875,0.850921630859375,-0.598358154296875
1780625936949526000,26.058526123046875,0.376556396484375,0.8610687255859375,-0.6397857666015625
1780625936959521000,26.06852099609375,0.3747100830078125,0.828521728515625,-0.6616363525390625
1780625936969516000,26.07851611328125,0.468994140625,0.7833251953125,-0.62591552734375
1780625936979511000,26.088510986328124,0.5424346923828125,0.7471466064453125,-0.5488739013671875
1780625936989506000,26.098506103515625,0.6303558349609375,0.7420196533203125,-0.4399871826171875
1780625936999501000,26.1085009765625,0.828521728515625,0.776336669921875,-0.3234100341796875
1780625937009496000,26.11849609375,0.9594573974609375,0.8173675537109375,-0.247833251953125
1780625937019491000,26.128490966796875,0.8608856201171875,0.8543853759765625,-0.1774444580078125
1780625937029485800,26.13848583984375,0.6822967529296875,0.8839874267578125,-0.1380462646484375
1780625937039480800,26.148480712890624,0.542449951171875,0.896575927734375,-0.13946533203125
1780625937049475800,26.158475830078125,0.4630584716796875,0.8858489990234375,-0.1969146728515625
1780625937059470800,26.168470947265625,0.4422607421875,0.842254638671875,-0.2549896240234375
1780625937069465900,26.1784658203125,0.435302734375,0.76141357421875,-0.2693634033203125
1780625937079460900,26.1884609375,0.4174346923828125,0.6676788330078125,-0.24029541015625
1780625937089456000,26.1984560546875,0.4324493408203125,0.5896148681640625,-0.200714111328125
1780625937099451100,26.208451171875,0.469146728515625,0.5785675048828125,-0.1557769775390625
1780625937109446100,26.218446044921876,0.47808837890625,0.63482666015625,-0.1264495849609375
1780625937119441200,26.228441162109377,0.4965057373046875,0.711578369140625,-0.173553466796875
1780625937129436000,26.238435791015625,0.5016632080078125,0.779876708984375,-0.2372589111328125
1780625937139431000,26.248430908203126,0.5014190673828125,0.8193817138671875,-0.2723846435546875
1780625937149426000,26.258426025390627,0.5172882080078125,0.8054046630859375,-0.277313232421875
1780625937159421000,26.2684208984375,0.537689208984375,0.7222747802734375,-0.266845703125
1780625937169416000,26.278416015625,0.55645751953125,0.620880126953125,-0.2304840087890625
1780625937179411000,26.288410888671876,0.532257080078125,0.5636749267578125,-0.1721038818359375
1780625937189406000,26.298406005859373,0.45770263671875,0.57275390625,-0.1216888427734375
1780625937199401000,26.30840087890625,0.388214111328125,0.6375885009765625,-0.09454345703125
1780625937209396000,26.31839599609375,0.346710205078125,0.713470458984375,-0.0977020263671875
1780625937219391000,26.328390869140627,0.362030029296875,0.7721405029296875,-0.15032958984375
1780625937229386000,26.338385986328124,0.44097900390625,0.8152923583984375,-0.21856689453125
1780625937239381000,26.348381103515624,0.5223846435546875,0.8305206298828125,-0.275299072265625
1780625937249376000,26.3583759765625,0.5950927734375,0.823577880859375,-0.308319091796875
1780625937259371000,26.36837109375,0.6490020751953125,0.8096771240234375,-0.3035125732421875
1780625937269366000,26.378365966796874,0.6601104736328125,0.786865234375,-0.2726898193359375
1780625937279361000,26.388361083984375,0.6073455810546875,0.7586517333984375,-0.222412109375
1780625937289356000,26.39835595703125,0.5212860107421875,0.721038818359375,-0.1579742431640625
1780625937299351000,26.40835107421875,0.3827667236328125,0.6594390869140625,-0.0514373779296875
1780625937309346000,26.418345947265625,-0.2753448486328125,0.6136474609375,0.178466796875
1780625937319341000,26.428341064453125,-0.6961822509765625,0.7349090576171875,0.1138153076171875
1780625937329335800,26.438335693359374,0.5775146484375,0.7869110107421875,-0.337738037109375
1780625937339330800,26.448330810546874,1.471221923828125,0.7321319580078125,-0.55206298828125
1780625937349325800,26.458325927734375,1.4750213623046875,0.7365264892578125,-0.590728759765625
1780625937359320800,26.46832080078125,1.09613037109375,0.820404052734375,-0.45098876953125
1780625937369315800,26.47831591796875,0.546722412109375,0.864349365234375,-0.3054962158203125
1780625937379311000,26.48831103515625,0.220306396484375,0.8293914794921875,-0.2325439453125
1780625937389306000,26.49830615234375,0.1405181884765625,0.755950927734375,-0.211883544921875
1780625937399301000,26.508301025390626,0.1430206298828125,0.681121826171875,-0.2228546142578125
1780625937409296100,26.518296142578127,0.2179718017578125,0.6207733154296875,-0.2503814697265625
1780625937419291100,26.528291015625,0.36639404296875,0.5742645263671875,-0.25164794921875
1780625937429286000,26.538285888671876,0.5350189208984375,0.5482177734375,-0.21258544921875
1780625937439281000,26.548281005859376,0.65350341796875,0.5615997314453125,-0.1752777099609375
1780625937449276000,26.55827587890625,0.658447265625,0.61004638671875,-0.1936798095703125
1780625937459271000,26.56827099609375,0.5710601806640625,0.6761932373046875,-0.237884521484375
1780625937469266000,26.578265869140626,0.479766845703125,0.72137451171875,-0.2441864013671875
1780625937479261000,26.588260986328127,0.4482421875,0.7285003662109375,-0.1961822509765625
1780625937489256000,26.598255859375,0.465850830078125,0.7014007568359375,-0.1549224853515625
1780625937499251000,26.6082509765625,0.4961700439453125,0.6631927490234375,-0.147308349609375
1780625937509246000,26.618245849609377,0.5126800537109375,0.6553497314453125,-0.1299285888671875
1780625937519241200,26.6282412109375,0.5056610107421875,0.6409912109375,-0.1393585205078125
1780625937529236000,26.638236083984374,0.5335693359375,0.6263275146484375,-0.159271240234375
1780625937539231000,26.64823095703125,0.55224609375,0.6308135986328125,-0.171234130859375
1780625937549226000,26.65822607421875,0.523895263671875,0.6394500732421875,-0.18450927734375
1780625937559221000,26.668220947265624,0.50030517578125,0.6330718994140625,-0.214385986328125
1780625937569216000,26.678216064453125,0.4980316162109375,0.6279449462890625,-0.2466888427734375
1780625937579211000,26.6882109375,0.5103302001953125,0.647064208984375,-0.25885009765625
1780625937589206000,26.6982060546875,0.53717041015625,0.6712799072265625,-0.2669525146484375
1780625937599201000,26.708200927734374,0.5885467529296875,0.6936492919921875,-0.2701873779296875
1780625937609196000,26.718196044921875,0.571014404296875,0.714202880859375,-0.270599365234375
1780625937619191000,26.72819091796875,0.5000152587890625,0.7398529052734375,-0.2567291259765625
1780625937629185800,26.738185791015624,0.446319580078125,0.7351837158203125,-0.239288330078125
1780625937639180800,26.748180908203125,0.437103271484375,0.71563720703125,-0.2172088623046875
1780625937649175800,26.75817578125,0.4365997314453125,0.7101287841796875,-0.2093505859375
1780625937659170800,26.7681708984375,0.4607086181640625,0.7156982421875,-0.1907806396484375
1780625937669166000,26.778166015625,0.4949188232421875,0.682037353515625,-0.197509765625
1780625937679161000,26.7881611328125,0.5361328125,0.6750335693359375,-0.21148681640625
1780625937689156000,26.798156005859376,0.5968780517578125,0.703704833984375,-0.2368316650390625
1780625937699151000,26.808151123046876,0.566131591796875,0.7047119140625,-0.2889862060546875
1780625937709146000,26.81814599609375,0.4619140625,0.7046051025390625,-0.28887939453125
1780625937719141000,26.82814111328125,0.438690185546875,0.7024383544921875,-0.275054931640625
1780625937729135900,26.838135986328126,0.4550018310546875,0.6869354248046875,-0.280487060546875
1780625937739131000,26.848130859375,0.466217041015625,0.6529998779296875,-0.263458251953125
1780625937749126000,26.8581259765625,0.5177764892578125,0.620208740234375,-0.22174072265625
1780625937759121000,26.868120849609376,0.56072998046875,0.636566162109375,-0.1939697265625
1780625937769116000,26.878115966796877,0.5170135498046875,0.703887939453125,-0.20001220703125
1780625937779111000,26.88811083984375,0.4864654541015625,0.711090087890625,-0.2172393798828125
1780625937789106000,26.89810595703125,0.4774169921875,0.7075042724609375,-0.1937408447265625
1780625937799101000,26.908100830078126,0.4872283935546875,0.7103118896484375,-0.1826019287109375
1780625937809096000,26.918095947265623,0.5313568115234375,0.71502685546875,-0.2285003662109375
1780625937819091000,26.928091064453124,0.4747467041015625,0.732025146484375,-0.2794952392578125
1780625937829086000,26.9380859375,0.4542083740234375,0.7357635498046875,-0.254913330078125
1780625937839080700,26.948080810546877,0.484100341796875,0.6988983154296875,-0.20196533203125
1780625937849075700,26.95807568359375,0.4903717041015625,0.6542205810546875,-0.1627044677734375
1780625937859070700,26.96807080078125,0.5989837646484375,0.6212310791015625,-0.1633453369140625
1780625937869066000,26.97806591796875,0.6264190673828125,0.681182861328125,-0.204193115234375
1780625937879061000,26.98806103515625,0.518096923828125,0.7941741943359375,-0.3011322021484375
1780625937889056000,26.998055908203124,0.536834716796875,0.7651824951171875,-0.329132080078125
1780625937899051000,27.008051025390625,0.4560546875,0.7484893798828125,-0.2486114501953125
1780625937909046000,27.0180458984375,0.414947509765625,0.792205810546875,-0.207794189453125
1780625937919041000,27.028041015625,0.4376220703125,0.6458892822265625,-0.2127227783203125
1780625937929035800,27.038035888671875,0.5596160888671875,0.5561370849609375,-0.16497802734375
1780625937939030800,27.04803076171875,0.53155517578125,0.61224365234375,-0.1388397216796875
1780625937949025800,27.05802587890625,0.537078857421875,0.6945343017578125,-0.1979827880859375
1780625937959020800,27.068020751953124,0.5566558837890625,0.745452880859375,-0.256134033203125
1780625937969015800,27.078015869140625,0.4984283447265625,0.7612762451171875,-0.28375244140625
1780625937979010800,27.0880107421875,0.462310791015625,0.7532958984375,-0.2829742431640625
1780625937989005800,27.098005859375,0.4273681640625,0.7278900146484375,-0.2537841796875
1780625937999000800,27.108000732421875,0.4012603759765625,0.704620361328125,-0.2248992919921875
1780625938008996000,27.11799609375,0.4147796630859375,0.694091796875,-0.2139739990234375
1780625938018991000,27.1279912109375,0.4459991455078125,0.6976165771484375,-0.2207489013671875
1780625938028985900,27.13798583984375,0.4749603271484375,0.7002105712890625,-0.219635009765625
1780625938038980900,27.14798095703125,0.4952392578125,0.710418701171875,-0.213043212890625
1780625938048976000,27.157975830078126,0.4936065673828125,0.71270751953125,-0.22296142578125
1780625938058971000,27.167970947265626,0.4726715087890625,0.7231903076171875,-0.2353668212890625
1780625938068966000,27.1779658203125,0.476318359375,0.720245361328125,-0.25604248046875
1780625938078961000,27.1879609375,0.4917144775390625,0.71795654296875,-0.2442169189453125
1780625938088956000,27.197955810546876,0.4976043701171875,0.70843505859375,-0.211822509765625
1780625938098951000,27.207950927734377,0.4963226318359375,0.685302734375,-0.199615478515625
1780625938108946000,27.21794580078125,0.4753570556640625,0.6898345947265625,-0.180389404296875
1780625938118941000,27.22794091796875,0.4576263427734375,0.6682586669921875,-0.1727294921875
1780625938128936000,27.23793603515625,0.45074462890625,0.6354522705078125,-0.16766357421875
1780625938138930700,27.2479306640625,0.468780517578125,0.6543731689453125,-0.1598358154296875
1780625938148925700,27.25792578125,0.4846954345703125,0.6682891845703125,-0.184326171875
1780625938158921000,27.2679208984375,0.484039306640625,0.671539306640625,-0.2130126953125
1780625938168916000,27.277916015625,0.4746551513671875,0.701629638671875,-0.215362548828125
1780625938178911000,27.287910888671874,0.47271728515625,0.73480224609375,-0.2109375
1780625938188906000,27.297906005859375,0.4644775390625,0.7670440673828125,-0.204864501953125
1780625938198901000,27.30790087890625,0.460296630859375,0.7766571044921875,-0.203704833984375
1780625938208896000,27.31789599609375,0.463836669921875,0.7583465576171875,-0.2029876708984375
1780625938218891000,27.32789111328125,0.4857025146484375,0.7354278564453125,-0.209197998046875
1780625938228886000,27.337885986328125,0.4932861328125,0.7053680419921875,-0.2342987060546875
1780625938238880800,27.347880859375,0.4701995849609375,0.68499755859375,-0.2568511962890625
1780625938248875800,27.357875732421874,0.4017486572265625,0.7020416259765625,-0.241546630859375
1780625938258870800,27.367870849609375,0.3125152587890625,0.6868438720703125,-0.22003173828125
1780625938268865800,27.37786572265625,0.2064056396484375,0.6627197265625,-0.199951171875
1780625938278860800,27.38786083984375,0.1746673583984375,0.649688720703125,-0.16387939453125
1780625938288855800,27.397855712890625,0.3515777587890625,0.5232391357421875,-0.1695404052734375
1780625938298850800,27.407850830078125,0.6508941650390625,0.4232025146484375,-0.1630096435546875
1780625938308846000,27.41784619140625,0.8453216552734375,0.5477294921875,-0.1661834716796875
1780625938318841000,27.427841064453126,0.722442626953125,0.83807373046875,-0.240020751953125
1780625938328835800,27.4378359375,0.490753173828125,1.04449462890625,-0.3269805908203125
1780625938338830800,27.447830810546876,0.3441314697265625,1.0912322998046875,-0.3373870849609375
1780625938348825900,27.457825927734376,0.2734527587890625,0.98919677734375,-0.291900634765625
1780625938358820900,27.46782080078125,0.3497772216796875,0.8293914794921875,-0.2058258056640625
1780625938368815900,27.47781591796875,0.5423736572265625,0.7439117431640625,-0.168304443359375
1780625938378811000,27.487810791015626,0.721588134765625,0.7220611572265625,-0.229400634765625
1780625938388806000,27.497805908203127,0.7742462158203125,0.7365875244140625,-0.2978057861328125
1780625938398801000,27.50780078125,0.704925537109375,0.746246337890625,-0.3362884521484375
1780625938408796000,27.5177958984375,0.6116485595703125,0.7488250732421875,-0.3671722412109375
1780625938418791000,27.527791015625,0.4129180908203125,0.7620086669921875,-0.3461151123046875
1780625938428786000,27.537785888671873,0.29937744140625,0.7447967529296875,-0.2656707763671875
1780625938438780700,27.54778076171875,0.311309814453125,0.6211700439453125,-0.201873779296875
1780625938448776000,27.55777587890625,0.396881103515625,0.560546875,-0.1593780517578125
1780625938458771000,27.56777099609375,0.486236572265625,0.58721923828125,-0.1114654541015625
1780625938468766000,27.577765869140624,0.512786865234375,0.6567230224609375,-0.07843017578125
1780625938478761000,27.587760986328124,0.4754486083984375,0.7447509765625,-0.0728607177734375
1780625938488756000,27.597755859375,0.4162750244140625,0.7648162841796875,-0.1193084716796875
1780625938498751000,27.6077509765625,0.38690185546875,0.719635009765625,-0.14007568359375
1780625938508746000,27.61774609375,0.420013427734375,0.6326751708984375,-0.146759033203125
1780625938518741000,27.627740966796875,0.4845123291015625,0.5980072021484375,-0.162567138671875
1780625938528736000,27.637736083984375,0.5301971435546875,0.6748199462890625,-0.190521240234375
1780625938538730800,27.647730712890624,0.522369384765625,0.7598114013671875,-0.23883056640625
1780625938548725800,27.657725830078125,0.5179290771484375,0.8019866943359375,-0.271697998046875
1780625938558720800,27.667720703125,0.482666015625,0.8179168701171875,-0.297698974609375
1780625938568715800,27.6777158203125,0.3971099853515625,0.852508544921875,-0.3056182861328125
1780625938578710800,27.687710693359374,0.4095458984375,0.8233642578125,-0.29962158203125
1780625938588705800,27.697705810546875,0.503326416015625,0.7429962158203125,-0.268157958984375
1780625938598701000,27.707701171875,0.5805511474609375,0.76788330078125,-0.2130889892578125
1780625938608696000,27.717696044921876,0.6234588623046875,0.842620849609375,-0.2437286376953125
1780625938618691000,27.727691162109377,0.632293701171875,0.8985595703125,-0.3007965087890625
1780625938628685800,27.737685791015625,0.5711212158203125,0.9270477294921875,-0.318939208984375
1780625938638680800,27.747680908203126,0.470306396484375,0.9195556640625,-0.3041229248046875
1780625938648675800,27.75767578125,0.4444122314453125,0.83941650390625,-0.2555999755859375
1780625938658670800,27.7676708984375,0.490386962890625,0.7318267822265625,-0.2049713134765625
1780625938668665900,27.777665771484376,0.55474853515625,0.6925811767578125,-0.191253662109375
1780625938678660900,27.787660888671876,0.5889129638671875,0.731597900390625,-0.206756591796875
1780625938688656000,27.79765576171875,0.571533203125,0.7879486083984375,-0.2233734130859375
1780625938698651000,27.80765087890625,0.50128173828125,0.7817535400390625,-0.2390289306640625
1780625938708646000,27.81764599609375,0.4483184814453125,0.75555419921875,-0.24041748046875
1780625938718641000,27.827640869140627,0.4317474365234375,0.75372314453125,-0.221527099609375
1780625938728636000,27.837635986328124,0.395660400390625,0.7369537353515625,-0.2110595703125
1780625938738631000,27.847630859375,0.3958892822265625,0.69952392578125,-0.1881866455078125
1780625938748626000,27.8576259765625,0.459930419921875,0.649078369140625,-0.151519775390625
1780625938758621000,27.867620849609374,0.5205230712890625,0.6690826416015625,-0.1226348876953125
1780625938768615400,27.877615478515626,0.4908599853515625,0.7369537353515625,-0.1586456298828125
1780625938778610400,27.8876103515625,0.4720611572265625,0.743499755859375,-0.2277069091796875
1780625938788605400,27.89760546875,0.450408935546875,0.650177001953125,-0.2348175048828125
1780625938798600400,27.907600341796876,0.4679412841796875,0.5897369384765625,-0.175506591796875
1780625938808595500,27.917595458984376,0.5272369384765625,0.6091461181640625,-0.1558837890625
1780625938818590500,27.927590576171873,0.5570220947265625,0.72796630859375,-0.192626953125
1780625938828585500,27.93758544921875,0.5133209228515625,0.8542327880859375,-0.258331298828125
1780625938838580500,27.94758056640625,0.4914703369140625,0.88104248046875,-0.286407470703125
1780625938848575200,27.9575751953125,0.4649658203125,0.7037353515625,-0.3019256591796875
1780625938858570200,27.9675703125,0.3828277587890625,0.581573486328125,-0.260589599609375
1780625938868565200,27.977565185546876,0.33544921875,0.5697784423828125,-0.2631072998046875
1780625938878560300,27.987560302734376,0.3963775634765625,0.57666015625,-0.2674560546875
1780625938888555300,27.99755517578125,0.414520263671875,0.6341094970703125,-0.2419891357421875
1780625938898550500,28.007550537109374,0.411651611328125,0.6622314453125,-0.2202301025390625
1780625938908545500,28.017545654296875,0.4559478759765625,0.59600830078125,-0.197021484375
1780625938918540500,28.02754052734375,0.524627685546875,0.557403564453125,-0.16802978515625
1780625938928535600,28.03753564453125,0.545654296875,0.5687255859375,-0.1414794921875
1780625938938530600,28.047530517578124,0.5203704833984375,0.587005615234375,-0.1253204345703125
1780625938948525300,28.057525390625,0.488800048828125,0.6063690185546875,-0.099761962890625
1780625938958520300,28.067520263671874,0.4532318115234375,0.6012420654296875,-0.0880584716796875
1780625938968515300,28.077515380859374,0.4403228759765625,0.5567626953125,-0.113739013671875
1780625938978510300,28.08751025390625,0.4774627685546875,0.5488433837890625,-0.125885009765625
1780625938988505300,28.09750537109375,0.5070037841796875,0.611907958984375,-0.11431884765625
1780625938998500400,28.107500244140624,0.52764892578125,0.6925201416015625,-0.162994384765625
1780625939008495400,28.117495361328125,0.5435028076171875,0.7725067138671875,-0.214935302734375
1780625939018490400,28.127490478515625,0.517852783203125,0.82672119140625,-0.23388671875
1780625939028485400,28.1374853515625,0.5175018310546875,0.8152008056640625,-0.2523345947265625
1780625939038480400,28.14748046875,0.546417236328125,0.7891082763671875,-0.2811431884765625
1780625939048475400,28.157475341796875,0.5255584716796875,0.796722412109375,-0.30108642578125
1780625939058470400,28.167470458984376,0.4824066162109375,0.811553955078125,-0.304473876953125
1780625939068465400,28.17746533203125,0.4767913818359375,0.779266357421875,-0.2994537353515625
1780625939078460400,28.18746044921875,0.45770263671875,0.73095703125,-0.283660888671875
1780625939088455400,28.197455322265625,0.4936370849609375,0.7646331787109375,-0.2787628173828125
1780625939098450400,28.207450439453126,0.4962310791015625,0.807647705078125,-0.27520751953125
1780625939108445400,28.217445556640627,0.582855224609375,0.779815673828125,-0.2309417724609375
1780625939118440400,28.2274404296875,0.6405181884765625,0.7319183349609375,-0.2057342529296875
1780625939128435500,28.237435546875,0.484344482421875,0.6937255859375,-0.2228240966796875
1780625939138430500,28.247430419921876,0.382904052734375,0.6044464111328125,-0.191253662109375
1780625939148425200,28.25742529296875,0.455322265625,0.4803466796875,-0.0897674560546875
1780625939158420200,28.267420166015626,0.6416015625,0.51861572265625,-0.0354156494140625
1780625939168415200,28.277415283203126,0.6022796630859375,0.6772918701171875,-0.1510772705078125
1780625939178410200,28.28741015625,0.6219024658203125,0.736358642578125,-0.3361053466796875
1780625939188405200,28.2974052734375,0.6308746337890625,0.683868408203125,-0.354400634765625
1780625939198400500,28.307400390625,0.4615936279296875,0.694732666015625,-0.1945648193359375
1780625939208395500,28.3173955078125,0.41571044921875,0.7414398193359375,-0.1569976806640625
1780625939218390500,28.327390625,0.46575927734375,0.799774169921875,-0.2139129638671875
1780625939228385500,28.337385498046874,0.504913330078125,0.8247833251953125,-0.2554779052734375
1780625939238380500,28.347380615234375,0.6017303466796875,0.7642669677734375,-0.28070068359375
1780625939248375300,28.357375244140623,0.6763153076171875,0.688995361328125,-0.2891845703125
1780625939258370300,28.367370361328124,0.6715087890625,0.698974609375,-0.2699127197265625
1780625939268365300,28.377365234375,0.555633544921875,0.80975341796875,-0.2467041015625
1780625939278360300,28.3873603515625,0.4731597900390625,0.8588714599609375,-0.2903594970703125
1780625939288355300,28.397355224609374,0.529937744140625,0.79840087890625,-0.3421630859375
1780625939298350300,28.407350341796874,0.540252685546875,0.7435302734375,-0.31597900390625
1780625939308345300,28.417345458984375,0.4477386474609375,0.6674041748046875,-0.2178955078125
1780625939318340400,28.42734033203125,0.4754638671875,0.5941619873046875,-0.1093292236328125
1780625939328335400,28.43733544921875,0.5628509521484375,0.6389617919921875,-0.0502471923828125
1780625939338330600,28.44733056640625,0.6312713623046875,0.834930419921875,-0.1237335205078125
1780625939348325400,28.457325439453125,0.78900146484375,0.93487548828125,-0.2687835693359375
1780625939358320400,28.4673203125,0.87646484375,0.8754119873046875,-0.3440399169921875
1780625939368315400,28.4773154296875,0.89111328125,0.9317474365234375,-0.3346710205078125
1780625939378310400,28.487310302734375,0.8063201904296875,1.1112518310546875,-0.3590240478515625
1780625939388305400,28.497305419921876,0.8943023681640625,1.2207183837890625,-0.3772125244140625
1780625939398300400,28.507300537109376,1.1741790771484375,1.33575439453125,-0.38800048828125
1780625939408295400,28.51729541015625,1.4299468994140625,1.620086669921875,-0.5416717529296875
1780625939418290400,28.52729052734375,1.3282318115234375,2.04510498046875,-0.8246002197265625
1780625939428285400,28.537285400390626,1.2060394287109375,2.2715911865234375,-0.970428466796875
1780625939438280400,28.547280517578123,1.2660369873046875,2.058685302734375,-0.869384765625
1780625939448275200,28.557275146484375,1.2015380859375,1.7323455810546875,-0.779266357421875
1780625939458270200,28.567270263671876,1.1908416748046875,1.542449951171875,-0.864227294921875
1780625939468265200,28.57726513671875,1.3826141357421875,1.61456298828125,-1.0935821533203125
1780625939478260200,28.58726025390625,1.514434814453125,1.6929931640625,-1.23626708984375
1780625939488255500,28.59725537109375,1.29364013671875,1.533599853515625,-1.20001220703125
1780625939498250500,28.60725048828125,1.006622314453125,1.23046875,-0.9624481201171875
1780625939508245500,28.61724560546875,0.652099609375,1.066680908203125,-0.62823486328125
1780625939518240500,28.627240478515624,0.5847930908203125,1.0457305908203125,-0.3532562255859375
1780625939528235500,28.637235595703125,0.77056884765625,1.1694488525390625,-0.1993408203125
1780625939538230500,28.64723046875,0.94757080078125,1.298675537109375,-0.13427734375
1780625939548225300,28.657225341796874,1.0410003662109375,1.295654296875,-0.1361846923828125
1780625939558220300,28.66722021484375,1.15625,1.24737548828125,-0.186798095703125
1780625939568215300,28.67721533203125,1.238525390625,1.276123046875,-0.2825927734375
1780625939578210300,28.687210205078124,1.1593170166015625,1.46234130859375,-0.32110595703125
1780625939588205300,28.697205322265624,1.1348419189453125,1.5830535888671875,-0.394805908203125
1780625939598200300,28.707200439453125,0.9882049560546875,1.569488525390625,-0.5181427001953125
1780625939608195300,28.7171953125,0.7315521240234375,1.434326171875,-0.583526611328125
1780625939618190300,28.7271904296875,0.6356201171875,1.1931915283203125,-0.466400146484375
1780625939628185600,28.737185546875,0.75244140625,0.9568328857421875,-0.3396759033203125
1780625939638180600,28.7471806640625,0.9235076904296875,0.8621063232421875,-0.3790740966796875
1780625939648175400,28.75717529296875,1.0148468017578125,0.9648895263671875,-0.4670257568359375
1780625939658170400,28.76717041015625,1.08697509765625,1.2071075439453125,-0.5322418212890625
1780625939668165400,28.777165283203125,1.090850830078125,1.466400146484375,-0.5868682861328125
1780625939678160400,28.787160400390626,1.2010040283203125,1.5231781005859375,-0.5807037353515625
1780625939688155400,28.7971552734375,1.3550872802734375,1.513092041015625,-0.5482635498046875
1780625939698150400,28.807150390625,1.4183807373046875,1.684295654296875,-0.666229248046875
1780625939708145400,28.8171455078125,1.1869964599609375,1.9421844482421875,-0.8561859130859375
1780625939718140400,28.827140380859376,1.084197998046875,1.9797515869140625,-0.924285888671875
1780625939728135400,28.837135498046877,1.2106781005859375,1.7457122802734375,-0.7960205078125
1780625939738130400,28.84713037109375,1.2773895263671875,1.4822998046875,-0.63995361328125
1780625939748125400,28.85712548828125,1.209747314453125,1.4105072021484375,-0.6357879638671875
1780625939758120200,28.8671201171875,1.0993804931640625,1.412994384765625,-0.7628936767578125
1780625939768115000,28.877114990234375,1.036163330078125,1.39544677734375,-0.748931884765625
1780625939778110000,28.88710986328125,0.9068450927734375,1.3260650634765625,-0.6431884765625
1780625939788105000,28.89710498046875,0.7425384521484375,1.21209716796875,-0.5128936767578125
1780625939798100000,28.907099853515625,0.640045166015625,1.1031494140625,-0.3640594482421875
1780625939808095200,28.91709521484375,0.6435699462890625,0.986968994140625,-0.2391510009765625
1780625939818090200,28.92709033203125,0.7672119140625,0.9325103759765625,-0.1693878173828125
1780625939828085200,28.937085205078127,0.8582763671875,1.0714569091796875,-0.2227935791015625
1780625939838080300,28.947080322265624,0.9176025390625,1.2972259521484375,-0.3841705322265625
1780625939848075300,28.9570751953125,1.1207733154296875,1.4025421142578125,-0.497772216796875
1780625939858070000,28.967070068359376,1.2358551025390625,1.5202484130859375,-0.54803466796875
1780625939868065000,28.97706494140625,1.2845458984375,1.7313690185546875,-0.6373138427734375
1780625939878060000,28.98706005859375,1.3116912841796875,1.96392822265625,-0.770233154296875
1780625939888055000,28.997054931640626,1.2456817626953125,2.09185791015625,-0.835052490234375
1780625939898050000,29.007050048828123,1.2403717041015625,1.93231201171875,-0.7945709228515625
1780625939908045000,29.017045166015624,1.251220703125,1.57525634765625,-0.732757568359375
1780625939918040000,29.0270400390625,1.150146484375,1.3858795166015625,-0.763519287109375
1780625939928035000,29.03703515625,1.1312713623046875,1.3421783447265625,-0.8813018798828125
1780625939938030000,29.047030029296874,1.164581298828125,1.3753662109375,-0.9253997802734375
1780625939948025000,29.057025146484374,1.0090484619140625,1.484710693359375,-0.8223114013671875
1780625939958020000,29.06702001953125,0.788482666015625,1.508087158203125,-0.646026611328125
1780625939968015000,29.07701513671875,0.6632232666015625,1.38623046875,-0.51165771484375
1780625939978010000,29.087010009765624,0.709442138671875,1.233489990234375,-0.453155517578125
1780625939988005000,29.097005126953125,0.837615966796875,1.1021270751953125,-0.380035400390625
1780625939998000000,29.107000244140625,0.9456329345703125,1.0269622802734375,-0.32623291015625
1780625940007995100,29.1169951171875,1.1139373779296875,1.1037750244140625,-0.367645263671875
1780625940017990100,29.126990234375,1.3056488037109375,1.2959136962890625,-0.5015869140625
1780625940027985200,29.136985107421875,1.26904296875,1.5621490478515625,-0.641632080078125
1780625940037980200,29.146980224609376,1.22760009765625,1.704559326171875,-0.7256622314453125
1780625940047975200,29.15697509765625,1.175872802734375,1.5788421630859375,-0.71148681640625
1780625940057970000,29.166969970703125,1.06292724609375,1.3489532470703125,-0.63629150390625
1780625940067965000,29.17696484375,0.9467010498046875,1.19500732421875,-0.61846923828125
1780625940077960000,29.1869599609375,0.7883148193359375,1.1335601806640625,-0.679412841796875
1780625940087955000,29.196954833984375,0.67010498046875,1.118011474609375,-0.7094268798828125
1780625940097950000,29.206949951171875,0.698944091796875,1.0881805419921875,-0.6331024169921875
1780625940107945200,29.2169453125,0.776458740234375,1.031280517578125,-0.517822265625
1780625940117940200,29.226940185546876,0.861663818359375,0.99786376953125,-0.4048919677734375
1780625940127935200,29.236935302734373,0.8616790771484375,0.972015380859375,-0.3088836669921875
1780625940137930200,29.24693017578125,0.754425048828125,0.93914794921875,-0.2761993408203125
1780625940147925200,29.25692529296875,0.638397216796875,0.9557952880859375,-0.3201904296875
1780625940157920000,29.266919921875,0.6299591064453125,0.9768524169921875,-0.3780364990234375
1780625940167915000,29.2769150390625,0.607086181640625,0.9869232177734375,-0.3226165771484375
1780625940177910000,29.286909912109376,0.4996795654296875,0.939727783203125,-0.23663330078125
1780625940187905000,29.296905029296877,0.464202880859375,0.825042724609375,-0.1890411376953125
1780625940197900000,29.306900146484374,0.5103302001953125,0.684295654296875,-0.1646881103515625
1780625940207895000,29.31689501953125,0.5302734375,0.5698394775390625,-0.129180908203125
1780625940217890000,29.32689013671875,0.5474090576171875,0.4997711181640625,-0.09033203125
1780625940227885000,29.336885009765624,0.5746002197265625,0.459625244140625,-0.1151580810546875
1780625940237880000,29.346880126953124,0.4663238525390625,0.505401611328125,-0.324462890625
1780625940247875300,29.356875244140625,0.3855438232421875,0.693939208984375,-0.38824462890625
1780625940257870000,29.3668701171875,0.859039306640625,0.8661041259765625,-0.2911224365234375
1780625940267865000,29.376864990234374,1.136688232421875,1.1002044677734375,-0.4288787841796875
1780625940277860000,29.386860107421874,0.6421661376953125,1.3957977294921875,-0.681854248046875
1780625940287854000,29.39685400390625,0.67156982421875,1.631988525390625,-0.704132080078125
1780625940297850000,29.40685009765625,0.9452972412109375,1.501434326171875,-0.5654754638671875
1780625940307845000,29.41684521484375,1.1372222900390625,1.0788421630859375,-0.5442352294921875
1780625940317840100,29.426840087890625,0.89605712890625,0.751007080078125,-0.666900634765625
1780625940327834000,29.436834228515625,0.5788726806640625,0.6925506591796875,-0.668548583984375
1780625940337829000,29.4468291015625,0.3651275634765625,0.7508087158203125,-0.5333099365234375
1780625940347824000,29.45682421875,0.21356201171875,0.673187255859375,-0.390899658203125
1780625940357820200,29.466820068359375,0.1303558349609375,0.5411376953125,-0.26214599609375
1780625940367814100,29.476814208984376,0.1148223876953125,0.4569854736328125,-0.118316650390625
1780625940377809200,29.48680908203125,0.119415283203125,0.4082489013671875,0.0238037109375
1780625940387804000,29.496803955078125,0.1902618408203125,0.3777923583984375,0.1071014404296875
1780625940397799000,29.506798828125,0.2732086181640625,0.345367431640625,0.133575439453125
1780625940407794000,29.5167939453125,0.30908203125,0.2858428955078125,0.1422576904296875
1780625940417789000,29.526788818359375,0.303466796875,0.2230987548828125,0.134613037109375
1780625940427784200,29.5367841796875,0.247222900390625,0.19451904296875,0.1016998291015625
1780625940437779200,29.546779296875,0.179046630859375,0.18511962890625,0.0331878662109375
1780625940447774200,29.556774169921876,0.135711669921875,0.1853790283203125,-0.018524169921875
1780625940457769200,29.566769287109373,0.167205810546875,0.230560302734375,-0.0267791748046875
1780625940467764200,29.57676416015625,0.2299957275390625,0.3004913330078125,-0.0191650390625
1780625940477759200,29.58675927734375,0.2945556640625,0.3568267822265625,-0.0163421630859375
1780625940487754000,29.59675390625,0.3517608642578125,0.3902130126953125,-0.00677490234375
1780625940497749000,29.6067490234375,0.405029296875,0.408660888671875,-0.0010833740234375
1780625940507744000,29.616743896484376,0.421630859375,0.4184417724609375,-0.022064208984375
1780625940517739000,29.626739013671877,0.366546630859375,0.4311370849609375,-0.0542755126953125
1780625940527734000,29.636734130859374,0.297454833984375,0.4501800537109375,-0.089141845703125
1780625940537729000,29.64672900390625,0.2067718505859375,0.4449005126953125,-0.1314544677734375
1780625940547724000,29.65672412109375,0.1780853271484375,0.421173095703125,-0.1527099609375
1780625940557719000,29.666718994140624,0.220703125,0.38763427734375,-0.136322021484375
1780625940567714300,29.67671435546875,0.2486572265625,0.35809326171875,-0.094635009765625
1780625940577709300,29.686709228515625,0.270721435546875,0.3601837158203125,-0.0550689697265625
1780625940587704000,29.6967041015625,0.2954559326171875,0.392608642578125,-0.050567626953125
1780625940597699000,29.706698974609374,0.316497802734375,0.4397125244140625,-0.0818939208984375
1780625940607694000,29.716694091796874,0.3412628173828125,0.4901275634765625,-0.14349365234375
1780625940617689000,29.726689208984375,0.3393707275390625,0.5304412841796875,-0.204559326171875
1780625940627684000,29.73668408203125,0.32293701171875,0.5641021728515625,-0.2258453369140625
1780625940637679000,29.74667919921875,0.303863525390625,0.5852508544921875,-0.22442626953125
1780625940647674000,29.756674072265625,0.289031982421875,0.5713958740234375,-0.2124481201171875
1780625940657669000,29.766669189453125,0.26812744140625,0.5321502685546875,-0.166839599609375
1780625940667664100,29.7766640625,0.2475433349609375,0.5003662109375,-0.1058197021484375
1780625940677659100,29.7866591796875,0.206756591796875,0.490386962890625,-0.0512237548828125
1780625940687654100,29.796654052734375,0.1790008544921875,0.497528076171875,0.0119476318359375
1780625940697649000,29.80664892578125,0.28094482421875,0.46392822265625,0.0453033447265625
1780625940707644000,29.816643798828125,0.3224334716796875,0.407196044921875,0.0273284912109375
1780625940717639200,29.82663916015625,0.252166748046875,0.36651611328125,-0.0291900634765625
1780625940727634200,29.83663427734375,0.299530029296875,0.3787384033203125,-0.0819854736328125
1780625940737629200,29.846629150390626,0.5229339599609375,0.4440155029296875,-0.128814697265625
1780625940747624200,29.856624267578123,0.789337158203125,0.5622711181640625,-0.1444244384765625
1780625940757619200,29.866619140625,0.8726348876953125,0.6853485107421875,-0.1833648681640625
1780625940767614200,29.8766142578125,0.73809814453125,0.759979248046875,-0.2239990234375
1780625940777609500,29.886609375,0.563812255859375,0.7527313232421875,-0.25152587890625
1780625940787604500,29.8966044921875,0.37298583984375,0.6448516845703125,-0.2464752197265625
1780625940797599500,29.906599609375,0.17047119140625,0.4876861572265625,-0.185272216796875
1780625940807594500,29.916594482421875,0.07647705078125,0.378387451171875,-0.11700439453125
1780625940817589500,29.926589599609375,0.1455230712890625,0.3432464599609375,-0.057098388671875
1780625940827584500,29.93658447265625,0.2851409912109375,0.3529052734375,-0.0020751953125
1780625940837579500,29.94657958984375,0.4503631591796875,0.3873291015625,0.023773193359375
1780625940847574800,29.95657470703125,0.5448150634765625,0.4185028076171875,-0.0264434814453125
1780625940857569800,29.96656982421875,0.527984619140625,0.47894287109375,-0.178680419921875
1780625940867564800,29.976564697265626,0.4883880615234375,0.5794219970703125,-0.33648681640625
1780625940877559600,29.9865595703125,0.3930511474609375,0.678375244140625,-0.4115753173828125
1780625940887554600,29.996554443359376,0.2680206298828125,0.74798583984375,-0.3875732421875
1780625940897549600,30.006549560546876,0.2452239990234375,0.781097412109375,-0.340728759765625
1780625940907544600,30.016544677734377,0.336700439453125,0.793609619140625,-0.33563232421875
1780625940917539600,30.02653955078125,0.436004638671875,0.8081817626953125,-0.3354034423828125
1780625940927534600,30.03653466796875,0.5269927978515625,0.80035400390625,-0.3268890380859375
1780625940937529600,30.046529541015627,0.6218719482421875,0.7680206298828125,-0.3411712646484375
1780625940947524600,30.056524658203124,0.700347900390625,0.730010986328125,-0.3765106201171875
1780625940957519600,30.06651953125,0.7419891357421875,0.69580078125,-0.3964080810546875
1780625940967514600,30.0765146484375,0.77911376953125,0.698150634765625,-0.3861236572265625
1780625940977509400,30.08650927734375,0.8177947998046875,0.734405517578125,-0.37298583984375
1780625940987504400,30.09650439453125,0.785430908203125,0.7831573486328125,-0.3843994140625
1780625940997499600,30.106499755859375,0.68365478515625,0.83526611328125,-0.3867645263671875
1780625941007494700,30.11649462890625,0.57305908203125,0.8351898193359375,-0.381988525390625
1780625941017489700,30.12648974609375,0.4842376708984375,0.7540435791015625,-0.3722076416015625
1780625941027484700,30.136484619140624,0.4378509521484375,0.65118408203125,-0.3443145751953125
1780625941037479700,30.146479736328125,0.423797607421875,0.6043548583984375,-0.2998199462890625
1780625941047474700,30.156474609375,0.432952880859375,0.61181640625,-0.2714996337890625
1780625941057469700,30.1664697265625,0.4604339599609375,0.666412353515625,-0.2577056884765625
1780625941067464700,30.176464599609375,0.5125274658203125,0.751129150390625,-0.260009765625
1780625941077459500,30.18645947265625,0.5486907958984375,0.7989501953125,-0.2809600830078125
1780625941087454500,30.196454345703124,0.5364532470703125,0.8233795166015625,-0.288787841796875
1780625941097449500,30.206449462890625,0.485321044921875,0.81207275390625,-0.3025054931640625
1780625941107444500,30.216444580078125,0.4724273681640625,0.7848052978515625,-0.298187255859375
1780625941117439500,30.226439453125,0.49908447265625,0.77081298828125,-0.2686309814453125
1780625941127434500,30.2364345703125,0.554901123046875,0.7264862060546875,-0.277435302734375
1780625941137429800,30.2464296875,0.6157989501953125,0.7078857421875,-0.284271240234375
1780625941147424800,30.2564248046875,0.71392822265625,0.761962890625,-0.2506866455078125
1780625941157419800,30.266419677734376,0.73406982421875,0.7845306396484375,-0.23297119140625
1780625941167414800,30.276414794921877,0.6646881103515625,0.781158447265625,-0.221099853515625
1780625941177409500,30.286409423828125,0.598541259765625,0.779144287109375,-0.2044677734375
1780625941187404500,30.296404541015626,0.5427703857421875,0.7459716796875,-0.2335357666015625
1780625941197399600,30.306399658203127,0.5111083984375,0.72076416015625,-0.27484130859375
1780625941207394600,30.31639453125,0.4892578125,0.7178955078125,-0.29437255859375
1780625941217389600,30.3263896484375,0.5030059814453125,0.7458648681640625,-0.314056396484375
1780625941227384600,30.336384521484376,0.505615234375,0.7861785888671875,-0.3413848876953125
1780625941237379600,30.346379638671873,0.4889373779296875,0.794464111328125,-0.3466033935546875
1780625941247374600,30.35637451171875,0.49884033203125,0.784393310546875,-0.3388519287109375
1780625941257369600,30.36636962890625,0.53857421875,0.784698486328125,-0.3179931640625
1780625941267364600,30.376364501953127,0.5681610107421875,0.7807769775390625,-0.29730224609375
1780625941277359400,30.386359375,0.60040283203125,0.785888671875,-0.2743682861328125
1780625941287354600,30.396354736328124,0.6038970947265625,0.7980194091796875,-0.282562255859375
1780625941297349600,30.406349609375,0.5602264404296875,0.8074188232421875,-0.2939453125
1780625941307344600,30.4163447265625,0.5236968994140625,0.80999755859375,-0.2989654541015625
1780625941317339600,30.426339599609374,0.507965087890625,0.78289794921875,-0.299560546875
1780625941327334700,30.436334716796875,0.5254058837890625,0.757598876953125,-0.292236328125
1780625941337329700,30.44632958984375,0.55499267578125,0.75384521484375,-0.29644775390625
1780625941347324700,30.45632470703125,0.5868377685546875,0.7569427490234375,-0.3084564208984375
1780625941357319700,30.466319580078125,0.5882568359375,0.76641845703125,-0.3079986572265625
1780625941367314700,30.476314697265625,0.5810394287109375,0.7776031494140625,-0.3085784912109375
1780625941377309400,30.486309326171874,0.56512451171875,0.7698516845703125,-0.3284912109375
1780625941387304400,30.496304443359374,0.5471038818359375,0.7635040283203125,-0.3219451904296875
1780625941397299500,30.506299560546875,0.5419769287109375,0.7499542236328125,-0.31048583984375
1780625941407294500,30.51629443359375,0.5344085693359375,0.7561798095703125,-0.300018310546875
1780625941417289500,30.52628955078125,0.5247344970703125,0.762939453125,-0.295562744140625
1780625941427284700,30.53628466796875,0.5400390625,0.763824462890625,-0.284332275390625
1780625941437279700,30.54627978515625,0.5464019775390625,0.7752532958984375,-0.27288818359375
1780625941447274800,30.556274658203126,0.5207977294921875,0.775543212890625,-0.282073974609375
1780625941457269800,30.566269775390627,0.5127105712890625,0.7733306884765625,-0.2848663330078125
1780625941467264800,30.5762646484375,0.5182647705078125,0.76483154296875,-0.2865753173828125
1780625941477259500,30.586259521484376,0.5223846435546875,0.7600555419921875,-0.2799835205078125
1780625941487254500,30.596254638671876,0.52447509765625,0.760406494140625,-0.2839508056640625
1780625941497249500,30.60624951171875,0.55364990234375,0.779693603515625,-0.3036956787109375
1780625941507244500,30.61624462890625,0.602447509765625,0.7888946533203125,-0.358612060546875
1780625941517239600,30.626239501953126,0.5884246826171875,0.8115234375,-0.3829803466796875
1780625941527234600,30.636234619140627,0.5501251220703125,0.841094970703125,-0.3680877685546875
1780625941537229600,30.6462294921875,0.5364227294921875,0.833465576171875,-0.36737060546875
1780625941547224600,30.656224609375,0.520294189453125,0.812957763671875,-0.3612518310546875
1780625941557219600,30.666219482421877,0.512939453125,0.795501708984375,-0.3362579345703125
1780625941567214600,30.676214599609374,0.5265655517578125,0.7745819091796875,-0.3172760009765625
1780625941577209600,30.686209716796874,0.5346221923828125,0.768341064453125,-0.310150146484375
1780625941587204600,30.69620458984375,0.5557861328125,0.780059814453125,-0.3260955810546875
1780625941597199600,30.70619970703125,0.5850982666015625,0.7899169921875,-0.3546142578125
1780625941607194600,30.716194580078124,0.5947723388671875,0.804229736328125,-0.329315185546875
1780625941617189600,30.726189697265625,0.5801544189453125,0.7916717529296875,-0.27789306640625
1780625941627184600,30.7361845703125,0.5538330078125,0.7594451904296875,-0.2273712158203125
1780625941637179600,30.7461796875,0.5634002685546875,0.7278900146484375,-0.2271881103515625
1780625941647174700,30.756174560546874,0.566131591796875,0.7006378173828125,-0.289154052734375
1780625941657169700,30.766169677734375,0.53863525390625,0.7137908935546875,-0.3349609375
1780625941667164700,30.77616455078125,0.516632080078125,0.7647247314453125,-0.323974609375
1780625941677159400,30.786159423828124,0.508697509765625,0.79266357421875,-0.30804443359375
1780625941687154400,30.796154541015625,0.508514404296875,0.8072052001953125,-0.2964630126953125
1780625941697149400,30.8061494140625,0.5558624267578125,0.8069610595703125,-0.3177642822265625
1780625941707144400,30.81614453125,0.6171112060546875,0.80572509765625,-0.3576812744140625
1780625941717139500,30.826139404296875,0.67474365234375,0.8314056396484375,-0.40216064453125
1780625941727134700,30.836134765625,0.7109222412109375,0.857330322265625,-0.4699859619140625
1780625941737129700,30.846129638671876,0.6743011474609375,0.918212890625,-0.4563751220703125
1780625941747124700,30.856124755859376,0.689056396484375,0.92144775390625,-0.4788055419921875
1780625941757119700,30.86611962890625,0.6489105224609375,0.9031524658203125,-0.519439697265625
1780625941767114800,30.87611474609375,0.6664886474609375,0.9328460693359375,-0.5068206787109375
1780625941777109800,30.88610986328125,0.658599853515625,0.920257568359375,-0.4725494384765625
1780625941787104800,30.896104736328127,0.620849609375,0.8692169189453125,-0.4878692626953125
1780625941797098800,30.9060986328125,0.661865234375,0.8561553955078125,-0.5852508544921875
1780625941807094800,30.9160947265625,0.6321563720703125,0.8932037353515625,-0.6196746826171875
1780625941817088800,30.9260888671875,0.54071044921875,0.9094390869140625,-0.5452728271484375
1780625941827083800,30.936083740234373,0.49114990234375,0.847900390625,-0.45989990234375
1780625941837078800,30.946078857421874,0.5991973876953125,0.840576171875,-0.4606475830078125
1780625941847073800,30.95607373046875,0.7849884033203125,0.940032958984375,-0.562530517578125
1780625941857068800,30.96606884765625,0.8329620361328125,0.9779510498046875,-0.67449951171875
1780625941867063800,30.976063720703124,0.6804656982421875,0.9748687744140625,-0.6213226318359375
1780625941877058800,30.986058837890624,0.5693817138671875,0.8966217041015625,-0.4412689208984375
1780625941887054000,30.99605419921875,0.532989501953125,0.7569732666015625,-0.29132080078125
1780625941897048800,31.006048828125,0.640838623046875,0.6936187744140625,-0.288970947265625
1780625941907043800,31.0160439453125,0.8138427734375,0.8487548828125,-0.446197509765625
1780625941917038800,31.026038818359375,1.0159759521484375,1.168243408203125,-0.6367340087890625
1780625941927033900,31.036033935546875,1.05487060546875,1.39691162109375,-0.7170867919921875
1780625941937028900,31.04602880859375,0.925445556640625,1.4219207763671875,-0.706451416015625
1780625941947024000,31.05602392578125,0.6815338134765625,1.3183135986328125,-0.6115875244140625
1780625941957019000,31.066018798828125,0.476470947265625,1.076904296875,-0.5435943603515625
1780625941967014000,31.076013916015626,0.3477325439453125,0.8875885009765625,-0.3827056884765625
1780625941977009000,31.0860087890625,0.4099273681640625,0.874969482421875,-0.2102813720703125
1780625941987004000,31.09600390625,0.5196685791015625,0.897735595703125,-0.11590576171875
1780625941996999000,31.1059990234375,0.6514739990234375,0.908935546875,-0.1223297119140625
1780625942006993700,31.11599365234375,0.75897216796875,0.93438720703125,-0.176544189453125
1780625942016988700,31.12598876953125,0.7504425048828125,0.8868408203125,-0.2716064453125
1780625942026983700,31.135983642578125,0.6067962646484375,0.804351806640625,-0.3415985107421875
1780625942036979000,31.14597900390625,0.410675048828125,0.7277069091796875,-0.33056640625
1780625942046974000,31.155973876953126,0.264068603515625,0.661285400390625,-0.2816619873046875
1780625942056969000,31.165968994140623,0.2035064697265625,0.620574951171875,-0.232208251953125
1780625942066964000,31.1759638671875,0.267852783203125,0.6062469482421875,-0.20635986328125
1780625942076959000,31.185958984375,0.423980712890625,0.5748443603515625,-0.2231903076171875
1780625942086954000,31.1959541015625,0.5267486572265625,0.5774078369140625,-0.2288665771484375
1780625942096948700,31.20594873046875,0.561798095703125,0.6675567626953125,-0.232177734375
1780625942106943700,31.21594384765625,0.6161651611328125,0.771636962890625,-0.28564453125
1780625942116938800,31.225938720703127,0.635406494140625,0.859161376953125,-0.340057373046875
1780625942126933800,31.235933837890624,0.6074371337890625,0.9181365966796875,-0.3748779296875
1780625942136928800,31.2459287109375,0.569244384765625,0.94024658203125,-0.3915863037109375
1780625942146923800,31.255923828125,0.5409088134765625,0.93084716796875,-0.372528076171875
1780625942156918800,31.265918701171874,0.5221099853515625,0.9204864501953125,-0.340423583984375
1780625942166913800,31.275913818359374,0.5287322998046875,0.9005889892578125,-0.3248138427734375
1780625942176908800,31.28590869140625,0.5831146240234375,0.868682861328125,-0.3603973388671875
1780625942186904000,31.295904052734375,0.6179046630859375,0.86212158203125,-0.4087677001953125
1780625942196898800,31.30589892578125,0.606048583984375,0.8792572021484375,-0.4361572265625
1780625942206893800,31.315893798828125,0.509735107421875,0.8905181884765625,-0.394866943359375
1780625942216888800,31.325888916015625,0.401947021484375,0.88604736328125,-0.26971435546875
1780625942226883800,31.3358837890625,0.4225006103515625,0.78375244140625,-0.2664337158203125
1780625942236878800,31.34587890625,0.5427398681640625,0.6449432373046875,-0.43585205078125
1780625942246873900,31.355873779296875,0.5974884033203125,0.6252593994140625,-0.5055084228515625
1780625942256868900,31.365868896484375,0.5890350341796875,0.6930084228515625,-0.4364471435546875
1780625942266863900,31.37586376953125,0.5193328857421875,0.7680511474609375,-0.3217315673828125
1780625942276859000,31.38585888671875,0.497344970703125,0.8224639892578125,-0.282958984375
1780625942286854000,31.39585400390625,0.567626953125,0.8508758544921875,-0.3197784423828125
1780625942296849000,31.405848876953126,0.5845489501953125,0.85888671875,-0.3498077392578125
1780625942306843600,31.41584375,0.5233917236328125,0.86669921875,-0.3370208740234375
1780625942316838700,31.425838623046875,0.4823760986328125,0.853912353515625,-0.37237548828125
1780625942326834000,31.435833984375,0.500152587890625,0.84918212890625,-0.4415130615234375
1780625942336829000,31.445828857421876,0.5529022216796875,0.8552398681640625,-0.4772491455078125
1780625942346824000,31.455823974609373,0.592041015625,0.8753814697265625,-0.4494476318359375
1780625942356819000,31.46581884765625,0.6023712158203125,0.871002197265625,-0.4180145263671875
1780625942366814000,31.47581396484375,0.5920257568359375,0.83709716796875,-0.39544677734375
1780625942376809000,31.48580908203125,0.52587890625,0.7960205078125,-0.3717193603515625
1780625942386804000,31.495803955078124,0.518218994140625,0.7569427490234375,-0.3686676025390625
1780625942396799000,31.505799072265624,0.5199737548828125,0.742034912109375,-0.356292724609375
1780625942406793700,31.515793701171877,0.4968109130859375,0.7562103271484375,-0.3309173583984375
1780625942416788700,31.525788818359374,0.5172882080078125,0.7808990478515625,-0.3428802490234375
1780625942426783700,31.53578369140625,0.5382843017578125,0.8320465087890625,-0.3795928955078125
1780625942436778800,31.54577880859375,0.559417724609375,0.9010162353515625,-0.40582275390625
1780625942446773800,31.555773681640623,0.5614013671875,0.9151763916015625,-0.4509735107421875
1780625942456768800,31.565768798828124,0.5615386962890625,0.8279571533203125,-0.5231170654296875
1780625942466763800,31.575763671875,0.4874420166015625,0.7196044921875,-0.4374542236328125
1780625942476759000,31.585759033203125,0.38006591796875,0.612762451171875,-0.2914276123046875
1780625942486754000,31.595754150390626,0.305419921875,0.5822296142578125,-0.1110382080078125
1780625942496748800,31.605748779296874,0.3689727783203125,0.5950775146484375,-0.038787841796875
1780625942506743800,31.615743896484375,0.47314453125,0.6322174072265625,-0.1748809814453125
1780625942516738800,31.62573876953125,0.6994476318359375,0.7550201416015625,-0.4608917236328125
1780625942526733800,31.63573388671875,0.8323211669921875,0.87640380859375,-0.707244873046875
1780625942536728800,31.645728759765625,0.6227264404296875,0.9098663330078125,-0.6814117431640625
1780625942546723800,31.655723876953125,0.394775390625,0.8271942138671875,-0.460906982421875
1780625942556718800,31.66571875,0.31231689453125,0.7296600341796875,-0.2910614013671875
1780625942566713900,31.6757138671875,0.3551177978515625,0.6787872314453125,-0.3140869140625
1780625942576708900,31.685708984375,0.492584228515625,0.69293212890625,-0.3890838623046875
1780625942586704000,31.695703857421876,0.6192779541015625,0.7437286376953125,-0.4051666259765625
1780625942596699000,31.705698974609376,0.6830291748046875,0.7944793701171875,-0.405120849609375
1780625942606693600,31.715693603515625,0.6454010009765625,0.8334503173828125,-0.4098968505859375
1780625942616689000,31.72568896484375,0.5904388427734375,0.84857177734375,-0.4152984619140625
1780625942626684000,31.735683837890626,0.569305419921875,0.8296356201171875,-0.4246673583984375
1780625942636679000,31.745678955078127,0.5572662353515625,0.7928924560546875,-0.4201507568359375
1780625942646674000,31.755673828125,0.5221710205078125,0.762847900390625,-0.38348388671875
1780625942656669000,31.7656689453125,0.4954833984375,0.739776611328125,-0.368255615234375
1780625942666664000,31.775663818359376,0.463226318359375,0.71417236328125,-0.3903656005859375
1780625942676659000,31.785658935546873,0.4572601318359375,0.6922454833984375,-0.3999786376953125
1780625942686654000,31.795654052734374,0.471160888671875,0.6829071044921875,-0.3902740478515625
1780625942696649000,31.80564892578125,0.492279052734375,0.69940185546875,-0.3725433349609375
1780625942706643700,31.815643798828123,0.530242919921875,0.7198028564453125,-0.382904052734375
1780625942716638700,31.825638671875,0.552032470703125,0.755157470703125,-0.3932037353515625
1780625942726633700,31.8356337890625,0.58087158203125,0.7794036865234375,-0.4217376708984375
1780625942736628700,31.845628662109377,0.55841064453125,0.7948455810546875,-0.44390869140625
1780625942746623700,31.855623779296874,0.5373687744140625,0.809356689453125,-0.4240264892578125
1780625942756618800,31.86561865234375,0.5012969970703125,0.802886962890625,-0.389190673828125
1780625942766614000,31.875614013671875,0.481597900390625,0.7908782958984375,-0.3598785400390625
1780625942776608000,31.88560791015625,0.512115478515625,0.768463134765625,-0.382568359375
1780625942786603300,31.895603271484376,0.528839111328125,0.7583465576171875,-0.4103546142578125
1780625942796598300,31.905598388671876,0.5450897216796875,0.7586822509765625,-0.416961669921875
1780625942806593300,31.91559326171875,0.542022705078125,0.7603759765625,-0.42144775390625
1780625942816588300,31.92558837890625,0.540008544921875,0.767852783203125,-0.4233856201171875
1780625942826583000,31.9355830078125,0.52081298828125,0.7769317626953125,-0.40997314453125
1780625942836578000,31.945578125,0.5263214111328125,0.7737579345703125,-0.399566650390625
1780625942846572300,31.955572265625,0.5140380859375,0.770172119140625,-0.3831634521484375
1780625942856567000,31.965567138671876,0.514129638671875,0.7759552001953125,-0.396270751953125
1780625942866562000,31.97556201171875,0.53094482421875,0.778533935546875,-0.414703369140625
1780625942876557000,31.98555712890625,0.53985595703125,0.77716064453125,-0.4046478271484375
1780625942886552000,31.995552001953126,0.5014801025390625,0.762847900390625,-0.403076171875
1780625942896547000,32.00554711914062,0.51226806640625,0.748687744140625,-0.415771484375
1780625942906542000,32.0155419921875,0.508270263671875,0.7390289306640625,-0.4050750732421875
1780625942916537000,32.025537109375,0.51348876953125,0.73455810546875,-0.3867034912109375
1780625942926532000,32.03553198242187,0.5238494873046875,0.7356414794921875,-0.3646087646484375
1780625942936527000,32.04552709960937,0.530059814453125,0.7274322509765625,-0.36859130859375
1780625942946522000,32.055522216796874,0.5399017333984375,0.7122802734375,-0.375091552734375
1780625942956517000,32.06551708984375,0.53265380859375,0.6987762451171875,-0.3678131103515625
1780625942966512000,32.07551220703125,0.5509796142578125,0.675262451171875,-0.3751068115234375
1780625942976507100,32.08550708007812,0.5680084228515625,0.6499481201171875,-0.3745574951171875
1780625942986502100,32.095502197265624,0.5884857177734375,0.6275787353515625,-0.355926513671875
1780625942996497200,32.1054970703125,0.598724365234375,0.607635498046875,-0.3200225830078125
1780625943006492200,32.1154921875,0.5684661865234375,0.6070709228515625,-0.271484375
1780625943016487200,32.125487060546874,0.5675811767578125,0.63726806640625,-0.2420196533203125
1780625943026482200,32.135482177734374,0.5701904296875,0.7030487060546875,-0.2354583740234375
1780625943036477200,32.145477294921875,0.51568603515625,0.8203887939453125,-0.1900787353515625
1780625943046472200,32.15547216796875,0.510498046875,0.941070556640625,-0.12335205078125
1780625943056467000,32.165467041015624,0.5983734130859375,1.0242156982421875,-0.084564208984375
1780625943066462000,32.1754619140625,0.6992950439453125,1.103118896484375,-0.0628662109375
1780625943076457000,32.18545703125,0.7690277099609375,1.1870269775390625,-0.0507049560546875
1780625943086452000,32.195451904296874,0.7515106201171875,1.24639892578125,-0.0743255615234375
1780625943096447000,32.205447021484375,0.6825103759765625,1.28912353515625,-0.10821533203125
1780625943106442200,32.215442138671875,0.613922119140625,1.3267974853515625,-0.1013946533203125
1780625943116437200,32.225437255859376,0.580535888671875,1.355712890625,-0.037445068359375
1780625943126432300,32.235432373046876,0.5622406005859375,1.3484039306640625,0.0333709716796875
1780625943136427300,32.24542724609375,0.5472564697265625,1.3143157958984375,0.06878662109375
1780625943146422300,32.25542236328125,0.508056640625,1.286346435546875,0.0713958740234375
1780625943156417000,32.2654169921875,0.4395294189453125,1.272674560546875,0.0715789794921875
1780625943166412000,32.275412109375,0.439056396484375,1.26153564453125,0.04620361328125
1780625943176407000,32.285406982421875,0.516448974609375,1.2686920166015625,-0.0201568603515625
1780625943186402000,32.295402099609376,0.59954833984375,1.3159637451171875,-0.0782318115234375
1780625943196397000,32.30539697265625,0.6274871826171875,1.342498779296875,-0.1174163818359375
1780625943206392000,32.31539208984375,0.5576171875,1.295989990234375,-0.2170257568359375
1780625943216387000,32.325386962890626,0.3423614501953125,1.180816650390625,-0.521881103515625
1780625943226382000,32.335382080078126,0.0794525146484375,1.099212646484375,-0.6608123779296875
1780625943236377000,32.34537719726563,-0.087310791015625,1.1453094482421875,-0.2218017578125
1780625943246372000,32.3553720703125,0.18170166015625,1.1924896240234375,0.223419189453125
1780625943256367000,32.3653671875,0.7202911376953125,1.0980682373046875,0.298736572265625
1780625943266362000,32.37536206054688,0.9568939208984375,0.9487152099609375,0.1900634765625
1780625943276357000,32.38535717773438,0.877349853515625,0.8459625244140625,0.08892822265625
1780625943286352100,32.39535205078125,0.687408447265625,0.8143310546875,0.1097412109375
1780625943296347100,32.40534716796875,0.6789703369140625,0.7066802978515625,-0.36700439453125
1780625943306342100,32.41534204101563,0.5782012939453125,0.5300750732421875,-0.8443450927734375
1780625943316337200,32.42533715820313,0.3279876708984375,0.3833160400390625,-0.9658050537109375
1780625943326332200,32.43533227539063,0.2116241455078125,0.2965087890625,-0.9228668212890625
1780625943336327200,32.4453271484375,0.265960693359375,0.290374755859375,-0.7534637451171875
1780625943346322200,32.455322265625,0.375732421875,0.3533477783203125,-0.5646209716796875
1780625943356317000,32.46531689453125,0.4473419189453125,0.4347686767578125,-0.489959716796875
1780625943366312000,32.47531201171875,0.499237060546875,0.49609375,-0.50811767578125
1780625943376307000,32.48530688476563,0.5388031005859375,0.531585693359375,-0.53778076171875
1780625943386302000,32.49530200195313,0.5185089111328125,0.5309600830078125,-0.5853424072265625
1780625943396297200,32.50529711914062,0.4715118408203125,0.4992218017578125,-0.66082763671875
1780625943406292200,32.51529223632812,0.44525146484375,0.4834136962890625,-0.7475433349609375
1780625943416287200,32.52528735351562,0.4453125,0.5196990966796875,-0.809234619140625
1780625943426282200,32.5352822265625,0.483642578125,0.57958984375,-0.831695556640625
1780625943436277200,32.54527734375,0.5368804931640625,0.648223876953125,-0.7831268310546875
1780625943446272300,32.55527221679687,0.4847259521484375,0.68194580078125,-0.6728973388671875
1780625943456267000,32.56526708984375,0.39471435546875,0.648590087890625,-0.5442352294921875
1780625943466262000,32.57526196289062,0.40185546875,0.5663604736328125,-0.4278564453125
1780625943476257000,32.58525708007812,0.4728546142578125,0.4788818359375,-0.362396240234375
1780625943486252000,32.595251953125,0.5904388427734375,0.4162445068359375,-0.381103515625
1780625943496247000,32.6052470703125,0.680145263671875,0.4026641845703125,-0.4613189697265625
1780625943506242000,32.61524194335937,0.7021942138671875,0.4236907958984375,-0.5832366943359375
1780625943516237000,32.62523706054687,0.634765625,0.4652252197265625,-0.7139129638671875
1780625943526232000,32.63523217773437,0.555999755859375,0.51129150390625,-0.8050384521484375
1780625943536227000,32.64522705078125,0.490325927734375,0.558258056640625,-0.8013763427734375
1780625943546222300,32.655222412109374,0.435272216796875,0.5850372314453125,-0.751251220703125
1780625943556217000,32.66521704101562,0.42242431640625,0.5973663330078125,-0.70068359375
1780625943566212000,32.675212158203124,0.418060302734375,0.6165771484375,-0.66522216796875
1780625943576207000,32.68520703125,0.425933837890625,0.6328125,-0.6590118408203125
1780625943586202000,32.6952021484375,0.449981689453125,0.63824462890625,-0.678131103515625
1780625943596197000,32.70519702148437,0.474700927734375,0.6392059326171875,-0.706085205078125
1780625943606192000,32.715192138671874,0.5015411376953125,0.6322784423828125,-0.72637939453125
1780625943616187100,32.725187255859375,0.5116119384765625,0.6137542724609375,-0.7217559814453125
1780625943626182100,32.73518212890625,0.526275634765625,0.58441162109375,-0.7206268310546875
1780625943636177200,32.74517724609375,0.5519561767578125,0.575286865234375,-0.69488525390625
1780625943646172200,32.755172119140624,0.5810699462890625,0.5882720947265625,-0.655303955078125
1780625943656167000,32.7651669921875,0.6152496337890625,0.6181640625,-0.619232177734375
1780625943666162000,32.775161865234374,0.6591033935546875,0.6538238525390625,-0.5960845947265625
1780625943676157000,32.785156982421874,0.6831512451171875,0.6710968017578125,-0.589080810546875
1780625943686152000,32.79515185546875,0.6912384033203125,0.660888671875,-0.5896759033203125
1780625943696147200,32.805147216796875,0.699493408203125,0.6305694580078125,-0.58551025390625
1780625943706142200,32.81514208984375,0.7005157470703125,0.5845947265625,-0.560791015625
1780625943716137200,32.82513720703125,0.6982574462890625,0.5222930908203125,-0.5217437744140625
1780625943726132200,32.83513232421875,0.7119903564453125,0.456207275390625,-0.50665283203125
1780625943736127200,32.845127197265626,0.700225830078125,0.40478515625,-0.5096282958984375
1780625943746122200,32.855122314453126,0.6802215576171875,0.376434326171875,-0.5326385498046875
1780625943756117000,32.865116943359375,0.6979217529296875,0.359344482421875,-0.57708740234375
1780625943766112000,32.875112060546876,0.68121337890625,0.3644866943359375,-0.609130859375
1780625943776106200,32.88510620117187,0.6682891845703125,0.411865234375,-0.603790283203125
1780625943786101200,32.89510131835937,0.653228759765625,0.4715118408203125,-0.5821533203125
1780625943796096300,32.90509619140625,0.6189422607421875,0.52447509765625,-0.5756072998046875
1780625943806091300,32.91509130859375,0.616546630859375,0.5668487548828125,-0.573699951171875
1780625943816086300,32.92508618164062,0.6380157470703125,0.59368896484375,-0.55731201171875
1780625943826081300,32.93508129882812,0.65032958984375,0.568878173828125,-0.5441436767578125
1780625943836076300,32.945076171875,0.64404296875,0.503021240234375,-0.5345306396484375
1780625943846071300,32.9550712890625,0.629852294921875,0.428375244140625,-0.524566650390625
1780625943856066300,32.96506640625,0.6485443115234375,0.3537139892578125,-0.5255279541015625
1780625943866061300,32.975061279296874,0.688507080078125,0.2965850830078125,-0.53680419921875
1780625943876056300,32.985056396484374,0.732574462890625,0.271942138671875,-0.5670166015625
1780625943886051000,32.99505102539062,0.7570953369140625,0.2694549560546875,-0.6159820556640625
1780625943896046000,33.005046142578124,0.7822265625,0.2740631103515625,-0.665740966796875
1780625943906041000,33.015041015625,0.7986907958984375,0.2859344482421875,-0.6992645263671875
1780625943916036000,33.0250361328125,0.79193115234375,0.3054656982421875,-0.7130889892578125
1780625943926031000,33.03503100585937,0.7637481689453125,0.3367767333984375,-0.69683837890625
1780625943936026400,33.0450263671875,0.721954345703125,0.381866455078125,-0.6510467529296875
1780625943946021400,33.055021484375,0.6925201416015625,0.4170684814453125,-0.600555419921875
1780625943956016400,33.065016357421875,0.6775665283203125,0.43511962890625,-0.544403076171875
1780625943966011400,33.075011474609376,0.6710968017578125,0.4259033203125,-0.508697509765625
1780625943976006100,33.085006103515624,0.6884307861328125,0.4049530029296875,-0.4907684326171875
1780625943986001200,33.095001220703125,0.7184295654296875,0.3782958984375,-0.5110321044921875
1780625943995996200,33.10499609375,0.73590087890625,0.3527679443359375,-0.573822021484375
1780625944005991200,33.1149912109375,0.7075042724609375,0.3389739990234375,-0.6577301025390625
1780625944015986200,33.124986083984375,0.638214111328125,0.3349456787109375,-0.7538299560546875
1780625944025981200,33.134981201171875,0.5648651123046875,0.318511962890625,-0.8205108642578125
1780625944035976200,33.14497607421875,0.5283966064453125,0.2959136962890625,-0.8208465576171875
1780625944045971200,33.15497119140625,0.5294647216796875,0.2861175537109375,-0.749755859375
1780625944055966200,33.16496630859375,0.610565185546875,0.2932281494140625,-0.639892578125
1780625944065961200,33.174961181640626,0.766754150390625,0.3115997314453125,-0.558013916015625
1780625944075956200,33.184956298828126,0.883270263671875,0.3445892333984375,-0.528106689453125
1780625944085951200,33.194951171875,0.8865814208984375,0.384368896484375,-0.56463623046875
1780625944095946200,33.2049462890625,0.8041229248046875,0.402923583984375,-0.6371917724609375
1780625944105941200,33.214941162109376,0.7029876708984375,0.383453369140625,-0.69342041015625
1780625944115936300,33.22493627929688,0.625244140625,0.3385772705078125,-0.69580078125
1780625944125931300,33.23493115234375,0.61572265625,0.297271728515625,-0.6428680419921875
1780625944135926300,33.24492626953125,0.699859619140625,0.2713623046875,-0.5597686767578125
1780625944145921300,33.25492138671875,0.8056182861328125,0.25323486328125,-0.478759765625
1780625944155916300,33.26491625976563,0.8664093017578125,0.245758056640625,-0.424713134765625
1780625944165911300,33.27491137695313,0.85693359375,0.2588043212890625,-0.4236907958984375
1780625944175906300,33.28490625,0.77252197265625,0.258819580078125,-0.4849853515625
1780625944185901000,33.29490112304688,0.6773223876953125,0.2490386962890625,-0.5685577392578125
1780625944195896000,33.30489599609375,0.6280364990234375,0.2421875,-0.629425048828125
1780625944205891000,33.31489111328125,0.6513519287109375,0.2445831298828125,-0.63214111328125
1780625944215886000,33.32488598632813,0.7637786865234375,0.2863922119140625,-0.574493408203125
1780625944225881300,33.33488134765625,0.8527984619140625,0.365020751953125,-0.4950714111328125
1780625944235876400,33.34487646484375,0.8434906005859375,0.4360809326171875,-0.4989166259765625
1780625944245871400,33.35487133789063,0.79742431640625,0.5070953369140625,-0.58868408203125
1780625944255866400,33.36486645507812,0.6801300048828125,0.471893310546875,-0.757049560546875
1780625944265861400,33.374861328125,0.486083984375,0.3234710693359375,-0.8893280029296875
1780625944275856400,33.3848564453125,0.582122802734375,0.2355804443359375,-0.8782501220703125
1780625944285851100,33.39485107421875,0.9385223388671875,0.218841552734375,-0.77618408203125
1780625944295846100,33.40484619140625,1.0333251953125,0.31121826171875,-0.6593170166015625
1780625944305841200,33.41484106445313,0.933197021484375,0.4864501953125,-0.638916015625
1780625944315836200,33.42483618164062,0.6836090087890625,0.5775146484375,-0.83502197265625
1780625944325831200,33.4348310546875,0.4910430908203125,0.4674224853515625,-1.0782012939453125
1780625944335826200,33.444826171875,0.5613555908203125,0.2344818115234375,-1.1226806640625
1780625944345821200,33.4548212890625,0.5850067138671875,0.1042022705078125,-0.9736175537109375
1780625944355816200,33.46481616210937,0.559906005859375,0.222747802734375,-0.7123260498046875
1780625944365811200,33.47481127929687,0.5629425048828125,0.46624755859375,-0.53033447265625
1780625944375806200,33.48480615234375,0.4517059326171875,0.663665771484375,-0.5336151123046875
1780625944385801200,33.49480126953125,0.3963623046875,0.7523040771484375,-0.6595306396484375
1780625944395796200,33.50479614257812,0.4745635986328125,0.7137603759765625,-0.8452606201171875
1780625944405791200,33.51479125976562,0.56048583984375,0.590301513671875,-0.988006591796875
1780625944415786200,33.5247861328125,0.6799468994140625,0.42840576171875,-0.961212158203125
1780625944425781200,33.53478125,0.7700653076171875,0.3206787109375,-0.732269287109375
1780625944435776300,33.5447763671875,0.73406982421875,0.2731781005859375,-0.439453125
1780625944445771300,33.55477124023437,0.6708831787109375,0.2453460693359375,-0.219970703125
1780625944455766300,33.564766357421874,0.796539306640625,0.2058868408203125,-0.0872039794921875
1780625944465761300,33.57476123046875,0.9256439208984375,0.1757049560546875,-0.10064697265625
1780625944475756300,33.58475634765625,1.005035400390625,0.134918212890625,-0.259674072265625
1780625944485751000,33.5947509765625,0.9972991943359375,0.150726318359375,-0.457763671875
1780625944495746000,33.60474609375,1.0217437744140625,0.2144775390625,-0.5572967529296875
1780625944505741000,33.61474096679687,1.1126708984375,0.2594757080078125,-0.528961181640625
1780625944515736300,33.624736328125,1.0806427001953125,0.2501220703125,-0.4490203857421875
1780625944525731300,33.6347314453125,0.960174560546875,0.2261810302734375,-0.4306793212890625
1780625944535726300,33.644726318359375,0.9319610595703125,0.2152862548828125,-0.510528564453125
1780625944545721300,33.654721435546875,0.9880828857421875,0.194793701171875,-0.642974853515625
1780625944555716400,33.66471630859375,1.0472259521484375,0.1910247802734375,-0.7921600341796875
1780625944565711400,33.67471142578125,1.0413970947265625,0.1934051513671875,-0.8753204345703125
1780625944575706400,33.684706298828125,0.99346923828125,0.1817169189453125,-0.8352813720703125
1780625944585701000,33.694701171875,0.9210357666015625,0.1551513671875,-0.7240753173828125
1780625944595695400,33.7046953125,0.838714599609375,0.1199798583984375,-0.600555419921875
1780625944605690400,33.7146904296875,0.7862396240234375,0.108062744140625,-0.5565185546875
1780625944615685000,33.72468505859375,0.7652130126953125,0.1085205078125,-0.5581512451171875
1780625944625680100,33.73468017578125,0.798980712890625,0.0986480712890625,-0.56060791015625
1780625944635675100,33.74467504882813,0.8650970458984375,0.0623626708984375,-0.5726470947265625
1780625944645670100,33.75467016601562,0.8602294921875,-0.003814697265625,-0.615997314453125
1780625944655665200,33.7646650390625,0.7441253662109375,-0.08514404296875,-0.724517822265625
1780625944665660200,33.77466015625,0.5991668701171875,-0.1741180419921875,-0.81494140625
1780625944675655200,33.7846552734375,0.5046844482421875,-0.289794921875,-0.861175537109375
1780625944685650200,33.79465014648437,0.50042724609375,-0.4045867919921875,-0.912322998046875
1780625944695645400,33.8046455078125,0.5144805908203125,-0.484283447265625,-0.9385833740234375
1780625944705640200,33.81464013671875,0.4805450439453125,-0.5293731689453125,-0.8464508056640625
1780625944715635200,33.82463525390625,0.45208740234375,-0.5110626220703125,-0.632904052734375
1780625944725630200,33.83463012695312,0.4174957275390625,-0.46954345703125,-0.380096435546875
1780625944735625200,33.84462524414062,0.32012939453125,-0.4644317626953125,-0.1901092529296875
1780625944745620200,33.8546201171875,0.171966552734375,-0.5016937255859375,-0.05572509765625
1780625944755615200,33.864615234375,0.055023193359375,-0.5709075927734375,0.067047119140625
1780625944765610200,33.8746103515625,0.0980224609375,-0.6333770751953125,0.2330169677734375
1780625944775605800,33.884605712890625,0.3602447509765625,-0.65234375,0.4298095703125
1780625944785600800,33.894600830078126,0.6822662353515625,-0.60125732421875,0.5589752197265625
1780625944795595500,33.904595458984375,0.884979248046875,-0.5006103515625,0.4988555908203125
1780625944805590500,33.914590576171875,0.9480438232421875,-0.408660888671875,0.2582550048828125
1780625944815585500,33.92458544921875,1.0027008056640625,-0.3362884521484375,0.0050506591796875
1780625944825580500,33.93458056640625,1.1343231201171875,-0.3000030517578125,-0.232757568359375
1780625944835575600,33.944575439453125,1.3222503662109375,-0.3482818603515625,-0.6891021728515625
1780625944845570600,33.954570556640626,1.534271240234375,-0.2532806396484375,-1.2779083251953125
1780625944855565600,33.964565673828126,1.2811126708984375,0.357513427734375,-1.6111907958984375
1780625944865560600,33.974560546875,0.7637939453125,1.1460418701171875,-1.2747802734375
1780625944875555600,33.9845556640625,0.9567108154296875,1.3462066650390625,-0.9032135009765625
1780625944885550600,33.994550537109376,2.23785400390625,1.2553253173828125,-0.77264404296875
1780625944895545600,34.00454565429688,3.1936798095703125,1.0356292724609375,-0.3706207275390625
1780625944905540600,34.01454052734375,2.213134765625,0.6014862060546875,-0.1001434326171875
1780625944915535600,34.02453564453125,0.9123382568359375,0.2255859375,-0.20892333984375
1780625944925530600,34.034530517578126,0.226654052734375,-0.05999755859375,-0.4259185791015625
1780625944935525600,34.04452563476563,0.1643829345703125,-0.255462646484375,-0.615386962890625
1780625944945520600,34.05452075195313,0.8080291748046875,-0.223175048828125,-0.5209197998046875
1780625944955515600,34.064515625,1.64593505859375,-0.0879364013671875,-0.2718658447265625
1780625944965510700,34.0745107421875,1.7516326904296875,-0.0208740234375,-0.0775146484375
1780625944975505700,34.08450561523438,1.1491241455078125,0.0487060546875,-0.07666015625
1780625944985500700,34.09450073242188,0.70819091796875,0.136932373046875,-0.1777191162109375
1780625944995495700,34.10449560546875,0.685821533203125,0.2559356689453125,-0.198272705078125
1780625945005490400,34.11449047851563,0.8609466552734375,0.341644287109375,-0.223541259765625
1780625945015485400,34.1244853515625,1.060791015625,0.331085205078125,-0.366546630859375
1780625945025480400,34.13448046875,1.029052734375,0.3132476806640625,-0.5557861328125
1780625945035475500,34.14447534179688,0.854766845703125,0.3265533447265625,-0.691131591796875
1780625945045470700,34.154470703125,0.841705322265625,0.33148193359375,-0.7388916015625
1780625945055465700,34.1644658203125,0.802398681640625,0.3566131591796875,-0.6750640869140625
1780625945065460700,34.17446069335937,0.6573333740234375,0.3553924560546875,-0.5698089599609375
1780625945075455700,34.18445581054687,0.5862884521484375,0.3116607666015625,-0.452423095703125
1780625945085450800,34.19445068359375,0.5608978271484375,0.2600250244140625,-0.370086669921875
1780625945095445800,34.20444580078125,0.5109710693359375,0.2373199462890625,-0.33355712890625
1780625945105440500,34.2144404296875,0.485870361328125,0.228118896484375,-0.3423614501953125
1780625945115435500,34.224435546875,0.5272216796875,0.22296142578125,-0.326568603515625
1780625945125430500,34.23443041992188,0.576568603515625,0.1826019287109375,-0.2399139404296875
1780625945135425500,34.24442553710937,0.55377197265625,0.1210479736328125,-0.14990234375
1780625945145420500,34.25442065429687,0.480194091796875,0.0866546630859375,-0.0765228271484375
1780625945155415600,34.26441552734375,0.5284423828125,0.0583648681640625,0.0305328369140625
1780625945165410600,34.27441064453125,0.686859130859375,0.05792236328125,0.15643310546875
1780625945175405600,34.28440551757812,0.72467041015625,0.0923309326171875,0.1942901611328125
1780625945185400600,34.29440063476562,0.739044189453125,0.2132110595703125,0.1532135009765625
1780625945195395600,34.3043955078125,1.164276123046875,0.9842071533203125,-0.0863800048828125
1780625945205390600,34.314390625,0.5303192138671875,1.16046142578125,-0.2993621826171875
1780625945215385600,34.32438549804687,0.18731689453125,0.41937255859375,-0.112335205078125
1780625945225380600,34.33438061523437,1.05218505859375,-0.1247711181640625,0.044769287109375
1780625945235375600,34.344375732421874,0.8036651611328125,-0.134002685546875,0.367218017578125
1780625945245370600,34.35437060546875,1.1923370361328125,0.06427001953125,0.571868896484375
1780625945255365600,34.36436572265625,0.9124298095703125,0.2958221435546875,0.6807098388671875
1780625945265360600,34.37436059570312,0.4128570556640625,0.4741058349609375,0.77685546875
1780625945275355600,34.384355712890624,0.753631591796875,0.4683074951171875,0.801727294921875
1780625945285350700,34.3943505859375,1.0575103759765625,0.5367279052734375,0.80120849609375
1780625945295345700,34.404345703125,0.9903717041015625,0.6110076904296875,0.665191650390625
1780625945305340400,34.41434033203125,1.1043548583984375,0.6240234375,0.4172515869140625
1780625945315335400,34.42433544921875,1.01519775390625,0.6175537109375,0.2463531494140625
1780625945325330400,34.43433032226562,1.2485809326171875,0.651153564453125,0.3780364990234375
1780625945335325700,34.44432568359375,1.2627410888671875,0.6792755126953125,0.480072021484375
1780625945345320700,34.45432080078125,1.073272705078125,0.66351318359375,0.648681640625
1780625945355315700,34.464315673828125,1.177581787109375,0.7047119140625,0.833984375
1780625945365310700,34.474310791015625,0.9515533447265625,0.654510498046875,0.8218994140625
1780625945375305700,34.4843056640625,0.8611297607421875,0.4192962646484375,0.875335693359375
1780625945385300700,34.49430078125,1.083984375,0.231201171875,1.028717041015625
1780625945395295700,34.504295654296875,1.1661834716796875,0.2486419677734375,1.1417694091796875
1780625945405290500,34.51429052734375,1.0522308349609375,0.3056488037109375,1.022796630859375
1780625945415285500,34.524285400390625,0.947021484375,0.290374755859375,0.7178955078125
1780625945425280500,34.534280517578125,1.0691986083984375,0.3363189697265625,0.492218017578125
1780625945435274500,34.5442744140625,1.0376434326171875,0.445587158203125,0.34478759765625
1780625945445270500,34.5542705078125,0.795318603515625,0.430206298828125,0.2324371337890625
1780625945455265500,34.564265625,0.6247100830078125,0.373504638671875,0.330902099609375
1780625945465259500,34.57425952148437,0.6218414306640625,0.384033203125,0.505950927734375
1780625945475254500,34.58425463867187,0.5652313232421875,0.4291534423828125,0.5006256103515625
1780625945485249500,34.59424951171875,0.492706298828125,0.40899658203125,0.3699951171875
1780625945495244500,34.60424462890625,0.673583984375,0.2613983154296875,0.2987518310546875
1780625945505239600,34.61423950195312,0.8123779296875,0.0755615234375,0.318450927734375
1780625945515234800,34.62423486328125,0.776824951171875,-0.0176239013671875,0.33770751953125
1780625945525229600,34.6342294921875,0.784881591796875,0.045074462890625,0.3634796142578125
1780625945535224600,34.644224609375,0.8760528564453125,0.267608642578125,0.5062103271484375
1780625945545219600,34.65421948242187,0.9230804443359375,0.3648223876953125,0.57977294921875
1780625945555214600,34.66421459960937,0.7883758544921875,0.3624725341796875,0.5670318603515625
1780625945565209600,34.674209716796874,0.725677490234375,0.284698486328125,0.549346923828125
1780625945575204600,34.68420458984375,0.9588623046875,0.1605987548828125,0.6593017578125
1780625945585199600,34.69419970703125,1.157958984375,-0.0046539306640625,0.7847442626953125
1780625945595194600,34.70419458007812,1.0463714599609375,0.1606903076171875,0.91448974609375
1780625945605189600,34.714189697265624,0.8104248046875,0.47369384765625,0.8909759521484375
1780625945615184600,34.7241845703125,0.909942626953125,0.5919342041015625,0.821380615234375
1780625945625179600,34.7341796875,0.9018096923828125,0.5942535400390625,0.5956878662109375
1780625945635174400,34.74417431640625,0.8286895751953125,0.436126708984375,0.268341064453125
1780625945645169400,34.75416943359375,0.831298828125,0.2939910888671875,0.170654296875
1780625945655164700,34.76416455078125,0.809295654296875,0.141265869140625,0.1406402587890625
1780625945665159700,34.77415966796875,0.7352447509765625,-0.029510498046875,0.118316650390625
1780625945675154700,34.78415478515625,0.691009521484375,-0.1484527587890625,0.2046661376953125
1780625945685149700,34.794149658203125,0.749053955078125,-0.2546234130859375,0.4027862548828125
1780625945695144700,34.804144775390625,0.7343902587890625,-0.229156494140625,0.54107666015625
1780625945705139700,34.8141396484375,0.7774658203125,-0.0626220703125,0.5188140869140625
1780625945715134700,34.824134765625,0.7809600830078125,0.1081695556640625,0.31195068359375
1780625945725129700,34.834129638671875,0.8065338134765625,0.290496826171875,0.0526885986328125
1780625945735124500,34.84412451171875,0.850067138671875,0.4380950927734375,-0.1387786865234375
1780625945745119500,34.854119384765625,0.968475341796875,0.5039215087890625,-0.2649993896484375
1780625945755114500,34.864114501953125,0.9850311279296875,0.441070556640625,-0.2298736572265625
1780625945765109500,34.874109619140626,0.941131591796875,0.3188629150390625,0.0378265380859375
1780625945775104500,34.8841044921875,0.885406494140625,0.231231689453125,0.250335693359375
1780625945785099500,34.894099609375,0.808502197265625,0.13006591796875,0.34600830078125
1780625945795094500,34.904094482421876,0.79559326171875,0.097808837890625,0.3720245361328125
1780625945805089500,34.914089599609376,0.785797119140625,0.1897125244140625,0.1974029541015625
1780625945815084500,34.92408447265625,0.70745849609375,0.2046966552734375,-0.1197967529296875
1780625945825079600,34.93407958984375,0.5114898681640625,0.10198974609375,-0.3287506103515625
1780625945835074300,34.94407421875,0.40460205078125,0.128875732421875,-0.2294464111328125
1780625945845069300,34.9540693359375,0.4661865234375,-0.0079803466796875,-0.1537933349609375
1780625945855064600,34.96406469726563,0.5707855224609375,-0.19580078125,-0.0530242919921875
1780625945865059600,34.9740595703125,0.54400634765625,-0.28271484375,0.1795501708984375
1780625945875054600,34.9840546875,0.5700225830078125,-0.238616943359375,0.41888427734375
1780625945885049600,34.99404956054688,0.554229736328125,-0.1403961181640625,0.5532379150390625
1780625945895044600,35.00404467773438,0.4586029052734375,-0.0095367431640625,0.5628814697265625
1780625945905039600,35.01403955078125,0.5591888427734375,0.097564697265625,0.4386444091796875
1780625945915034600,35.02403466796875,0.696441650390625,0.165374755859375,0.3357086181640625
1780625945925029600,35.03402954101563,0.805755615234375,0.18524169921875,0.30999755859375
1780625945935024400,35.0440244140625,0.8193206787109375,0.1741485595703125,0.400054931640625
1780625945945019400,35.05401928710938,0.83538818359375,0.1699676513671875,0.5398712158203125
1780625945955014400,35.06401440429688,0.739349365234375,0.06854248046875,0.6775665283203125
1780625945965009400,35.07400952148438,0.555267333984375,0.03857421875,0.652740478515625
1780625945975004400,35.08400439453125,0.3292694091796875,0.2041015625,0.32672119140625
1780625945984999400,35.09399951171875,0.0699005126953125,0.4759368896484375,0.1408233642578125
1780625945994994400,35.10399438476563,0.8775634765625,0.7076263427734375,0.3874969482421875
1780625946004989700,35.11398974609375,1.6499176025390625,0.7490081787109375,0.77423095703125
1780625946014984700,35.12398461914062,1.1157073974609375,0.7074127197265625,0.8098602294921875
1780625946024979700,35.13397973632812,0.636016845703125,0.6389312744140625,0.68402099609375
1780625946034974500,35.14397436523438,0.69110107421875,0.566986083984375,0.672088623046875
1780625946044969500,35.15396948242188,0.6696929931640625,0.5721435546875,0.5893707275390625
1780625946054964500,35.16396459960937,0.6713104248046875,0.7119293212890625,0.5337371826171875
1780625946064959500,35.17395947265625,1.1269683837890625,0.772491455078125,0.4776458740234375
1780625946074954500,35.18395458984375,1.478546142578125,0.68115234375,0.3050079345703125
1780625946084949500,35.19394946289062,1.0336761474609375,0.7673492431640625,-0.0591278076171875
1780625946094944500,35.20394458007812,0.6521453857421875,1.1160430908203125,-0.3355712890625
1780625946104939500,35.213939453125,0.9616851806640625,1.4482269287109375,-0.3764190673828125
1780625946114934500,35.2239345703125,1.4252471923828125,1.6161651611328125,-0.3233795166015625
1780625946124929500,35.23392944335937,1.7122344970703125,1.6335296630859375,-0.230194091796875
1780625946134924300,35.24392431640625,1.6004486083984375,1.5420379638671875,-0.031494140625
1780625946144919600,35.25391943359375,1.354217529296875,1.3576507568359375,0.0819549560546875
1780625946154914600,35.26391455078125,1.1525115966796875,1.1699066162109375,0.0851593017578125
1780625946164909600,35.27390966796875,0.9676513671875,0.926849365234375,0.0941314697265625
1780625946174904600,35.28390454101562,0.8417205810546875,0.6533355712890625,0.0503082275390625
1780625946184899600,35.293899658203124,0.789154052734375,0.50225830078125,-0.0294342041015625
1780625946194894600,35.30389453125,0.6899871826171875,0.5342864990234375,-0.1497802734375
1780625946204889600,35.3138896484375,0.6160430908203125,0.618255615234375,-0.2655029296875
1780625946214884600,35.32388452148437,0.671783447265625,0.6691131591796875,-0.24835205078125
1780625946224879600,35.333879638671874,0.7071380615234375,0.691131591796875,-0.0743408203125
1780625946234874400,35.34387426757812,0.7104644775390625,0.6271514892578125,0.1383209228515625
1780625946244869400,35.35386938476562,0.7251434326171875,0.5205841064453125,0.2007904052734375
1780625946254864400,35.363864501953124,0.7588348388671875,0.463653564453125,0.1435546875
1780625946264859400,35.373859375,0.82720947265625,0.4348602294921875,0.0161590576171875
1780625946274854400,35.3838544921875,0.8492279052734375,0.43243408203125,-0.0846405029296875
1780625946284849400,35.393849365234374,0.8509368896484375,0.461944580078125,-0.1318359375
1780625946294843400,35.40384350585938,0.834320068359375,0.5266876220703125,-0.147369384765625
1780625946304838400,35.41383837890625,0.8457794189453125,0.57000732421875,-0.10089111328125
1780625946314833400,35.42383349609375,0.851043701171875,0.6231842041015625,-0.011077880859375
1780625946324828700,35.43382861328125,0.9759674072265625,0.6544189453125,0.0222625732421875
1780625946334823700,35.44382373046875,1.10333251953125,0.652496337890625,0.0231781005859375
1780625946344818700,35.45381860351562,1.128753662109375,0.6131744384765625,-0.0139617919921875
1780625946354813700,35.46381372070312,0.990234375,0.5652923583984375,-0.1116790771484375
1780625946364808400,35.47380834960938,0.8270721435546875,0.5511627197265625,-0.1759796142578125
1780625946374803500,35.48380346679688,0.8736419677734375,0.6147613525390625,-0.1822357177734375
1780625946384798500,35.49379858398437,0.9403228759765625,0.71966552734375,-0.189666748046875
1780625946394793500,35.50379345703125,0.7516937255859375,0.6985321044921875,-0.2186279296875
1780625946404788500,35.51378857421875,0.3070068359375,0.4774017333984375,-0.361114501953125
1780625946414783500,35.52378344726562,-0.0258941650390625,0.1619110107421875,-0.45318603515625
1780625946424778500,35.53377856445312,-0.15155029296875,-0.118255615234375,-0.4932403564453125
1780625946434773500,35.5437734375,0.0032806396484375,-0.183929443359375,-0.5626678466796875
1780625946444768500,35.5537685546875,0.3455810546875,-0.191009521484375,-0.7266693115234375
1780625946454763500,35.56376342773437,0.4728851318359375,-0.0586090087890625,-0.711700439453125
1780625946464758500,35.57375854492187,0.5574798583984375,0.2000885009765625,-0.6099395751953125
1780625946474753500,35.58375341796875,0.62774658203125,0.34075927734375,-0.4950714111328125
1780625946484748500,35.59374853515625,0.6280670166015625,0.323211669921875,-0.382080078125
1780625946494743600,35.60374365234375,0.7342071533203125,0.2048797607421875,-0.244293212890625
1780625946504738600,35.61373852539062,0.8117828369140625,0.089141845703125,0.076629638671875
1780625946514733600,35.623733642578124,0.3213653564453125,0.0093994140625,0.2791900634765625
1780625946524728600,35.633728515625,0.1674346923828125,0.0517120361328125,0.1848907470703125
1780625946534723600,35.6437236328125,0.4907073974609375,0.22894287109375,0.1537017822265625
1780625946544718600,35.65371850585937,0.86004638671875,0.358551025390625,0.3136749267578125
1780625946554713600,35.663713623046874,0.93743896484375,0.3583984375,0.443603515625
1780625946564708400,35.67370825195312,0.7178192138671875,0.283935546875,0.4131927490234375
1780625946574703400,35.68370336914062,0.59765625,0.1927947998046875,0.257965087890625
1780625946584698400,35.693698486328124,0.6360015869140625,0.140960693359375,0.2338409423828125
1780625946594693400,35.703693359375,0.7115631103515625,0.2642822265625,0.306427001953125
1780625946604688400,35.7136884765625,0.5776214599609375,0.6522674560546875,0.127655029296875
1780625946614683600,35.72368359375,0.9214324951171875,0.6539459228515625,0.325164794921875
1780625946624678700,35.7336787109375,1.008056640625,0.535125732421875,0.49560546875
1780625946634673700,35.743673583984375,0.967041015625,0.361724853515625,0.1603546142578125
1780625946644668700,35.753668701171875,1.6917877197265625,0.2234344482421875,-0.1802520751953125
1780625946654663700,35.76366357421875,2.2824249267578125,0.6178436279296875,-0.09918212890625
1780625946664658400,35.773658447265625,1.6295623779296875,1.3334808349609375,0.21978759765625
1780625946674653400,35.7836533203125,0.6440582275390625,1.444427490234375,0.2242584228515625
1780625946684648400,35.7936484375,0.6509857177734375,1.3509521484375,0.084197998046875
1780625946694643500,35.8036435546875,1.7068634033203125,1.5379180908203125,0.00860595703125
1780625946704638500,35.813638427734375,2.0470428466796875,1.5832366943359375,-0.0174407958984375
1780625946714633500,35.823633544921876,1.0926666259765625,1.4128570556640625,-0.0325927734375
1780625946724628500,35.83362841796875,0.5589447021484375,1.1141510009765625,0.019866943359375
1780625946734623500,35.84362353515625,0.6148681640625,0.776947021484375,0.0198516845703125
1780625946744618500,35.853618408203126,0.9739532470703125,0.5268402099609375,0.063720703125
1780625946754613500,35.863613525390626,1.0360107421875,0.3928985595703125,0.1224365234375
1780625946764608500,35.8736083984375,0.6562042236328125,0.3486175537109375,0.096588134765625
1780625946774603300,35.883603271484375,0.332672119140625,0.327484130859375,0.033050537109375
1780625946784598300,35.893598388671876,0.17779541015625,0.1998443603515625,-0.1649322509765625
1780625946794593300,35.90359326171875,0.223846435546875,0.076568603515625,-0.263397216796875
1780625946804588300,35.91358837890625,0.3326568603515625,0.0433502197265625,-0.2405548095703125
1780625946814583300,35.923583251953126,0.4974212646484375,0.036224365234375,-0.2882537841796875
1780625946824578300,35.933578369140626,0.6884765625,0.1632232666015625,-0.227783203125
1780625946834573300,35.9435732421875,0.86053466796875,0.422088623046875,-0.0592803955078125
1780625946844568300,35.953568359375,0.9296875,0.68426513671875,-0.02069091796875
1780625946854563300,35.963563232421876,0.9571380615234375,0.842559814453125,-0.1027069091796875
1780625946864558300,35.97355834960938,1.0072784423828125,1.0591583251953125,-0.0382232666015625
1780625946874553300,35.98355322265625,0.899261474609375,1.00396728515625,-0.2832183837890625
1780625946884548400,35.99354833984375,0.84368896484375,0.709625244140625,-0.444976806640625
1780625946894543400,36.00354345703125,0.809112548828125,0.4877471923828125,-0.4640655517578125
1780625946904538400,36.01353833007813,0.8798065185546875,0.41009521484375,-0.4257659912109375
1780625946914533400,36.02353344726563,0.85595703125,0.4259796142578125,-0.3424835205078125
1780625946924528400,36.0335283203125,0.86749267578125,0.475860595703125,-0.2494049072265625
1780625946934523400,36.0435234375,0.855682373046875,0.470245361328125,-0.203338623046875
1780625946944518400,36.05351831054688,0.7826385498046875,0.4505615234375,-0.196197509765625
1780625946954513400,36.06351342773438,0.739990234375,0.4239349365234375,-0.1934356689453125
1780625946964508400,36.07350830078125,0.7270355224609375,0.4135589599609375,-0.1967620849609375
1780625946974503200,36.08350317382813,0.760223388671875,0.44921875,-0.2126617431640625
1780625946984498200,36.09349829101563,0.7735748291015625,0.5547027587890625,-0.2497406005859375
1780625946994493200,36.1034931640625,0.7548828125,0.64013671875,-0.2772674560546875
1780625947004488400,36.11348852539062,0.7010955810546875,0.628173828125,-0.291961669921875
1780625947014483500,36.1234833984375,0.686737060546875,0.558746337890625,-0.2818756103515625
1780625947024478500,36.133478515625,0.74755859375,0.4618377685546875,-0.303375244140625
1780625947034473500,36.14347338867187,0.8153076171875,0.4048004150390625,-0.2706298828125
1780625947044468500,36.15346850585937,0.8278045654296875,0.2837371826171875,-0.397186279296875
1780625947054463500,36.16346337890625,0.8409271240234375,0.2531585693359375,-0.42755126953125
1780625947064458500,36.17345849609375,0.921051025390625,0.3659210205078125,-0.36474609375
1780625947074453200,36.18345336914062,0.929351806640625,0.42706298828125,-0.4114227294921875
1780625947084448300,36.1934482421875,0.8670654296875,0.484222412109375,-0.4220428466796875
1780625947094443300,36.203443359375,0.8181304931640625,0.5503692626953125,-0.39349365234375
1780625947104437200,36.213437255859375,0.77166748046875,0.546661376953125,-0.4313201904296875
1780625947114432300,36.223432373046876,0.7064361572265625,0.4941864013671875,-0.414581298828125
1780625947124427300,36.23342724609375,0.77044677734375,0.4769439697265625,-0.2689056396484375
1780625947134422300,36.24342236328125,0.8740234375,0.500152587890625,-0.20751953125
1780625947144417300,36.253417236328126,0.906707763671875,0.518463134765625,-0.21923828125
1780625947154412300,36.263412353515626,0.834564208984375,0.4580535888671875,-0.313385009765625
1780625947164407300,36.2734072265625,0.882781982421875,0.4490966796875,-0.3299102783203125
1780625947174402300,36.28340234375,0.9996795654296875,0.44000244140625,-0.36834716796875
1780625947184397600,36.2933974609375,0.9915008544921875,0.4342803955078125,-0.4513702392578125
1780625947194392300,36.30339233398438,0.9707183837890625,0.5308990478515625,-0.4221343994140625
1780625947204387300,36.31338720703125,1.038116455078125,0.5257415771484375,-0.37811279296875
1780625947214382300,36.32338232421875,1.1854095458984375,0.369476318359375,-0.352325439453125
1780625947224377300,36.33337744140625,1.204498291015625,0.3004608154296875,-0.3449249267578125
1780625947234372400,36.34337231445313,0.979766845703125,0.3299713134765625,-0.3587188720703125
1780625947244367400,36.35336743164063,0.7052764892578125,0.468536376953125,-0.2574462890625
1780625947254362400,36.3633623046875,0.80096435546875,0.6569671630859375,-0.2275543212890625
1780625947264357400,36.373357421875,0.9721832275390625,0.736846923828125,-0.3005218505859375
1780625947274352400,36.38335229492188,1.00531005859375,0.8114471435546875,-0.217803955078125
1780625947284347400,36.39334741210938,1.050201416015625,0.8305206298828125,-0.137969970703125
1780625947294342400,36.40334228515625,0.804107666015625,0.8143768310546875,-0.3277587890625
1780625947304337200,36.41333715820313,0.7484130859375,0.780487060546875,-0.3936767578125
1780625947314332200,36.42333227539063,0.735748291015625,0.761566162109375,-0.393798828125
1780625947324327400,36.43332739257813,0.7418670654296875,0.71514892578125,-0.311370849609375
1780625947334322400,36.44332250976562,0.710540771484375,0.6346282958984375,-0.3056488037109375
1780625947344317400,36.4533173828125,0.7342376708984375,0.647735595703125,-0.3208465576171875
1780625947354312400,36.4633125,0.9481353759765625,0.6979522705078125,-0.3380279541015625
1780625947364307500,36.47330737304687,0.9300994873046875,0.766387939453125,-0.4482269287109375
1780625947374302500,36.48330249023437,0.7402191162109375,0.896697998046875,-0.4829254150390625
1780625947384297500,36.49329736328125,0.6640472412109375,0.8797760009765625,-0.3748321533203125
1780625947394292500,36.50329248046875,0.667724609375,0.8279571533203125,-0.162200927734375
1780625947404287200,36.51328735351562,0.669158935546875,0.81585693359375,0.0652008056640625
1780625947414282200,36.5232822265625,0.7354583740234375,0.771514892578125,0.1999053955078125
1780625947424277200,36.53327734375,0.7531890869140625,0.774169921875,0.20001220703125
1780625947434272300,36.54327221679687,0.71435546875,0.858642578125,0.1070556640625
1780625947444267300,36.55326733398437,0.7404937744140625,0.954315185546875,-0.01336669921875
1780625947454262300,36.56326220703125,0.7632904052734375,1.0872650146484375,-0.0860137939453125
1780625947464257300,36.57325732421875,0.6624603271484375,1.194610595703125,-0.0913848876953125
1780625947474252500,36.58325244140625,0.5989837646484375,1.326995849609375,-0.093017578125
1780625947484247600,36.59324755859375,0.84295654296875,1.235931396484375,-0.1110076904296875
1780625947494242300,36.6032421875,0.464385986328125,1.165313720703125,0.0316314697265625
1780625947504237300,36.6132373046875,0.542144775390625,1.1823272705078125,0.3169708251953125
1780625947514232300,36.623232421875,0.670257568359375,1.2553558349609375,0.3305511474609375
1780625947524227300,36.63322729492187,0.60174560546875,1.179229736328125,0.1979827880859375
1780625947534222300,36.643222412109374,0.5587310791015625,1.1567535400390625,0.1826629638671875
1780625947544217300,36.65321728515625,0.535064697265625,1.16943359375,0.2154541015625
1780625947554212400,36.66321240234375,0.510650634765625,1.154693603515625,0.2503204345703125
1780625947564207400,36.673207275390624,0.5300445556640625,1.124114990234375,0.2321929931640625
1780625947574202400,36.683202392578124,0.5853271484375,1.0399322509765625,0.146270751953125
1780625947584197400,36.693197265625,0.629547119140625,0.92425537109375,0.0258026123046875
1780625947594192400,36.7031923828125,0.5733184814453125,0.8688507080078125,-0.107940673828125
1780625947604187100,36.713187255859374,0.5503997802734375,0.9437103271484375,-0.1440887451171875
1780625947614182100,36.72318212890625,0.4875030517578125,1.088653564453125,-0.084320068359375
1780625947624177400,36.733177490234375,0.3900146484375,1.1289520263671875,-0.0363006591796875
1780625947634172400,36.74317236328125,0.3921966552734375,1.110107421875,-0.0064697265625
1780625947644167400,36.75316748046875,0.4165496826171875,1.0799407958984375,0.0798797607421875
1780625947654162400,36.763162353515625,0.325958251953125,0.82293701171875,-0.006744384765625
1780625947664157400,36.773157470703126,0.285491943359375,0.7170562744140625,-0.095489501953125
1780625947674152400,36.78315234375,0.2973785400390625,0.70037841796875,-0.187103271484375
1780625947684147500,36.7931474609375,0.3939361572265625,0.663604736328125,-0.2601318359375
1780625947694142500,36.803142578125,0.4705657958984375,0.6073455810546875,-0.3027191162109375
1780625947704137200,36.81313720703125,0.4726715087890625,0.575775146484375,-0.33203125
1780625947714132200,36.82313232421875,0.4159088134765625,0.5907440185546875,-0.3376922607421875
1780625947724127200,36.833127197265625,0.345062255859375,0.535797119140625,-0.331024169921875
1780625947734122200,36.843122314453126,0.3036651611328125,0.3632354736328125,-0.2308807373046875
1780625947744117200,36.8531171875,0.20849609375,0.397857666015625,-0.070556640625
1780625947754112300,36.8631123046875,-0.099639892578125,0.760009765625,0.11859130859375
1780625947764107500,36.873107421875,-0.5056304931640625,1.343841552734375,0.528778076171875
1780625947774102500,36.8831025390625,-0.3038330078125,1.4928436279296875,0.929840087890625
1780625947784097800,36.89309790039062,0.4053955078125,1.277984619140625,1.2630767822265625
1780625947794092500,36.90309252929688,0.0423126220703125,0.8212432861328125,1.2795257568359375
1780625947804087600,36.91308764648438,-0.3029937744140625,0.5447235107421875,1.0686492919921875
1780625947814082600,36.92308251953125,0.329986572265625,0.706085205078125,0.963623046875
1780625947824077600,36.93307763671875,0.580596923828125,0.80615234375,0.760955810546875
1780625947834072600,36.94307250976563,0.5895538330078125,0.7393035888671875,0.5100250244140625
1780625947844067600,36.95306762695313,0.35662841796875,0.6538238525390625,0.237884521484375
1780625947854062600,36.9630625,0.0998382568359375,0.683502197265625,0.0418243408203125
1780625947864057600,36.9730576171875,-0.034332275390625,0.723114013671875,0.0287628173828125
1780625947874051600,36.983051513671874,-0.183502197265625,0.7047119140625,0.1642913818359375
1780625947884046600,36.993046630859375,-0.2723541259765625,0.8017578125,0.26129150390625
1780625947894041600,37.00304150390625,-0.10394287109375,0.9534912109375,0.27142333984375
1780625947904036600,37.01303662109375,0.0984954833984375,1.03118896484375,0.227264404296875
1780625947914031600,37.023031494140625,0.1069793701171875,0.9697418212890625,0.1641693115234375
1780625947924026400,37.0330263671875,-0.022613525390625,0.975067138671875,0.113616943359375
1780625947934021600,37.043021728515626,-0.0531158447265625,1.0333099365234375,0.1382904052734375
1780625947944016600,37.0530166015625,-0.0163421630859375,0.978759765625,0.1125946044921875
1780625947954011600,37.06301171875,-0.10430908203125,0.952239990234375,0.0260772705078125
1780625947964006700,37.073006591796876,-0.082122802734375,0.9208831787109375,-0.07611083984375
1780625947974001700,37.083001708984376,-0.1272430419921875,0.842071533203125,-0.15020751953125
1780625947983996700,37.09299658203125,-0.0947265625,0.7352142333984375,-0.0750579833984375
1780625947993991700,37.10299169921875,0.070526123046875,0.601806640625,0.0490875244140625
1780625948003986700,37.112986572265626,0.1583709716796875,0.52239990234375,0.1638641357421875
1780625948013981700,37.12298168945313,0.19683837890625,0.4834747314453125,0.3421478271484375
1780625948023976400,37.1329765625,0.143890380859375,0.570709228515625,0.4909820556640625
1780625948033971500,37.142971435546876,0.065460205078125,0.7012939453125,0.5384674072265625
1780625948043966500,37.15296655273438,-0.0343780517578125,0.8303070068359375,0.501800537109375
1780625948053961500,37.16296142578125,-0.0509490966796875,0.972686767578125,0.4811553955078125
1780625948063956500,37.17295654296875,-0.07501220703125,1.1146392822265625,0.352691650390625
1780625948073951500,37.18295141601563,-0.0612335205078125,1.2157135009765625,0.140625
1780625948083946800,37.19294677734375,0.008758544921875,1.2664337158203125,-0.0459747314453125
1780625948093941800,37.20294165039063,0.0987701416015625,1.2883758544921875,-0.1409149169921875
1780625948103936800,37.21293676757813,0.1959991455078125,1.26007080078125,-0.1484222412109375
1780625948113931800,37.22293188476562,0.3447723388671875,1.1584625244140625,-0.0602874755859375
1780625948123926500,37.23292651367188,0.40814208984375,1.06414794921875,0.036346435546875
1780625948133921500,37.24292163085938,0.3704681396484375,1.0308685302734375,0.0963592529296875
1780625948143916500,37.25291650390625,0.2830810546875,0.9837646484375,0.1074066162109375
1780625948153911600,37.26291162109375,0.1778564453125,1.0663909912109375,0.1076202392578125
1780625948163906600,37.27290649414063,0.3874359130859375,1.1304931640625,0.1291046142578125
1780625948173901600,37.28290161132813,0.783172607421875,1.1348876953125,0.1852874755859375
1780625948183896600,37.292896484375,0.8785400390625,1.0643463134765625,0.2101593017578125
1780625948193891600,37.3028916015625,0.642578125,0.761016845703125,0.2088775634765625
1780625948203886600,37.31288647460938,0.408843994140625,0.600616455078125,0.159149169921875
1780625948213881600,37.32288159179687,0.3931427001953125,0.6251068115234375,0.1147918701171875
1780625948223876600,37.33287670898437,0.6971282958984375,0.6953582763671875,-0.0850982666015625
1780625948233871600,37.34287158203125,0.556365966796875,0.828338623046875,-0.7435455322265625
1780625948243866600,37.35286669921875,0.486907958984375,0.7779693603515625,-0.359375
1780625948253861600,37.36286157226562,0.4666748046875,1.0452117919921875,0.1328887939453125
1780625948263856600,37.37285668945312,0.0785675048828125,0.92877197265625,0.3281402587890625
1780625948273851600,37.3828515625,-0.22802734375,0.68133544921875,0.428802490234375
1780625948283846700,37.3928466796875,-0.012420654296875,0.6028900146484375,0.5709991455078125
1780625948293841700,37.40284155273437,0.7805328369140625,0.6646881103515625,0.7112579345703125
1780625948303836700,37.41283666992187,1.1062469482421875,0.8122711181640625,0.67926025390625
1780625948313831700,37.422831787109374,0.3495330810546875,0.890045166015625,0.4644927978515625
1780625948323826400,37.43282641601562,0.0973358154296875,0.971282958984375,0.3019256591796875
1780625948333821400,37.44282153320312,0.0288848876953125,0.923919677734375,0.2013397216796875
1780625948343816400,37.45281640625,0.1524810791015625,0.65863037109375,0.15911865234375
1780625948353811500,37.4628115234375,0.3226776123046875,0.5291290283203125,0.1421966552734375
1780625948363806500,37.47280639648437,0.331085205078125,0.59405517578125,0.1193695068359375
1780625948373801700,37.4828017578125,0.3223724365234375,0.651702880859375,0.1865081787109375
1780625948383796700,37.492796630859374,0.1935882568359375,0.7276611328125,0.296783447265625
1780625948393791700,37.502791748046874,0.0727386474609375,0.8230438232421875,0.333770751953125
1780625948403786800,37.512786865234375,0.010040283203125,0.876861572265625,0.28497314453125
1780625948413781800,37.52278173828125,-0.009979248046875,0.91693115234375,0.1605682373046875
1780625948423776500,37.532776611328124,0.008056640625,0.964324951171875,-0.008392333984375
1780625948433771500,37.542771484375,0.0488433837890625,0.90472412109375,-0.162811279296875
1780625948443766500,37.5527666015625,0.1373291015625,0.8229827880859375,-0.2157135009765625
1780625948453761500,37.562761474609374,0.22320556640625,0.793609619140625,-0.239227294921875
1780625948463756500,37.572756591796875,0.3240814208984375,0.7950592041015625,-0.2413177490234375
1780625948473751600,37.58275146484375,0.3954925537109375,0.69512939453125,-0.1916046142578125
1780625948483746600,37.59274658203125,0.4528045654296875,0.7010650634765625,-0.243408203125
1780625948493741600,37.602741455078124,0.4929656982421875,0.8549652099609375,-0.39080810546875
1780625948503736600,37.612736572265625,0.4444580078125,1.4736480712890625,-0.6907501220703125
1780625948513731800,37.62273193359375,0.1234130859375,1.1486358642578125,-0.81085205078125
1780625948523726600,37.6327265625,-0.0704803466796875,0.95703125,-0.6334228515625
1780625948533721600,37.6427216796875,-0.0535430908203125,1.168853759765625,-0.4095306396484375
1780625948543716600,37.652716552734375,0.0657501220703125,1.204925537109375,-0.2105255126953125
1780625948553711600,37.662711669921876,0.0571136474609375,1.1261444091796875,-0.088653564453125
1780625948563706600,37.67270654296875,-0.0543365478515625,0.9286956787109375,0.002044677734375
1780625948573701600,37.68270166015625,-0.04962158203125,0.9266204833984375,0.0400848388671875
1780625948583696600,37.692696533203126,-0.0216217041015625,1.0571746826171875,0.053558349609375
1780625948593691600,37.702691650390626,-0.0027923583984375,1.31549072265625,0.1217041015625
1780625948603686700,37.71268676757813,0.1607513427734375,1.5759124755859375,0.1708221435546875
1780625948613681700,37.722681640625,0.6351165771484375,1.81317138671875,0.125579833984375
1780625948623676400,37.732676513671876,1.088775634765625,1.9919586181640625,-0.04217529296875
1780625948633671400,37.74267138671875,1.152587890625,1.9636993408203125,-0.2516632080078125
1780625948643666400,37.75266650390625,0.7820892333984375,1.757293701171875,-0.3485565185546875
1780625948653661400,37.762661376953126,0.250579833984375,1.5927734375,-0.2592926025390625
1780625948663656700,37.77265673828125,-0.0940704345703125,1.4991302490234375,-0.080322265625
1780625948673651700,37.78265161132813,-0.164794921875,1.4398040771484375,0.1168670654296875
1780625948683646700,37.79264672851563,-0.0757598876953125,1.351959228515625,0.2796478271484375
1780625948693641700,37.80264184570313,0.0673675537109375,1.25970458984375,0.34185791015625
1780625948703635700,37.8126357421875,0.2022552490234375,1.2119293212890625,0.343353271484375
1780625948713630700,37.822630615234374,0.19219970703125,1.31304931640625,0.313995361328125
1780625948723626500,37.83262646484375,0.1716156005859375,1.3745880126953125,0.29803466796875
1780625948733620700,37.842620849609375,-0.0478515625,1.32110595703125,0.214324951171875
1780625948743615700,37.85261572265625,-0.1116790771484375,1.33197021484375,0.12890625
1780625948753610500,37.862610595703124,-0.223724365234375,1.233856201171875,0.0015716552734375
1780625948763605500,37.87260546875,-0.76141357421875,0.9908905029296875,-0.1378021240234375
1780625948773600500,37.8826005859375,-0.936004638671875,0.928131103515625,-0.2929840087890625
1780625948783596800,37.8925966796875,-0.6448516845703125,0.9509429931640625,-0.2445220947265625
1780625948793591800,37.902591796875,-0.1381683349609375,1.0734710693359375,-0.09759521484375
1780625948803587000,37.912587158203124,0.1403350830078125,1.0621185302734375,-0.033935546875
1780625948813581800,37.92258178710937,0.2276611328125,1.104736328125,-0.0363311767578125
1780625948823576800,37.93257690429687,-0.3367156982421875,1.112060546875,-0.2002410888671875
1780625948833571800,37.94257177734375,-0.17578125,1.0107574462890625,-0.1674346923828125
1780625948843566800,37.95256689453125,-0.3952484130859375,1.161773681640625,-0.1849365234375
1780625948853561900,37.96256176757812,-0.458465576171875,1.1716461181640625,-0.16119384765625
1780625948863556900,37.97255688476562,-0.1269683837890625,1.1468353271484375,-0.020294189453125
1780625948873552000,37.9825517578125,0.16497802734375,1.1674652099609375,0.139923095703125
1780625948883547000,37.992546875,-0.037353515625,1.2598114013671875,0.2472076416015625
1780625948893542000,38.0025419921875,-0.4447479248046875,1.2457427978515625,0.3568267822265625
1780625948903537000,38.012536865234374,-0.277740478515625,1.09698486328125,0.255157470703125
1780625948913532000,38.022531982421874,-0.066864013671875,0.9424591064453125,-0.205474853515625
1780625948923526700,38.03252661132812,-0.2064361572265625,0.7817535400390625,-0.54376220703125
1780625948933521700,38.042521728515624,-0.3401947021484375,0.6853485107421875,-0.5859222412109375
1780625948943517000,38.052516845703124,-0.466705322265625,0.5917510986328125,-0.5234222412109375
1780625948953512000,38.062511962890625,-0.5800323486328125,0.5634918212890625,-0.51519775390625
1780625948963507000,38.0725068359375,-0.7494659423828125,0.4683837890625,-0.517486572265625
1780625948973502000,38.082501953125,-0.8259124755859375,0.2796478271484375,-0.4616851806640625
1780625948983497000,38.0924970703125,-0.81573486328125,0.3009185791015625,-0.4395294189453125
1780625948993492000,38.102491943359375,-1.0597991943359375,0.41009521484375,-0.408416748046875
1780625949003487000,38.112487060546876,-1.0061492919921875,0.4690093994140625,-0.3507537841796875
1780625949013481700,38.122481689453124,-0.9580230712890625,0.4547271728515625,-0.290771484375
1780625949023476700,38.132476806640625,-1.0028839111328125,0.4483642578125,-0.2802276611328125
1780625949033471700,38.1424716796875,-0.8564300537109375,0.3264617919921875,-0.2931060791015625
1780625949043466800,38.152466796875,-0.7567138671875,0.1732025146484375,-0.339935302734375
1780625949053461800,38.162461669921875,-0.750640869140625,0.1315460205078125,-0.418304443359375
1780625949063456800,38.172456787109375,-0.7878570556640625,0.1098175048828125,-0.45050048828125
1780625949073451800,38.18245166015625,-0.8215789794921875,0.1305389404296875,-0.4251251220703125
1780625949083446800,38.19244677734375,-0.820159912109375,0.1334075927734375,-0.34466552734375
1780625949093442000,38.20244213867188,-0.808837890625,0.1738128662109375,-0.2398223876953125
1780625949103437000,38.21243701171875,-0.83013916015625,0.2887725830078125,-0.122589111328125
1780625949113431800,38.222431884765626,-0.88897705078125,0.402618408203125,-0.0107421875
1780625949123426800,38.2324267578125,-0.935546875,0.4702911376953125,0.0754852294921875
1780625949133421800,38.242421875,-0.9951324462890625,0.478118896484375,0.112030029296875
1780625949143416800,38.252416748046876,-1.0199737548828125,0.4461212158203125,0.0855560302734375
1780625949153411800,38.26241186523438,-1.0289306640625,0.4127960205078125,0.0683746337890625
1780625949163406800,38.27240673828125,-1.063385009765625,0.3372802734375,0.093048095703125
1780625949173401900,38.28240185546875,-1.030426025390625,0.3059234619140625,0.15167236328125
1780625949183396900,38.29239697265625,-0.9390411376953125,0.3226165771484375,0.21337890625
1780625949193391900,38.30239184570313,-0.822845458984375,0.3547515869140625,0.24462890625
1780625949203387000,38.31238696289063,-0.7173614501953125,0.35791015625,0.24462890625
1780625949213382000,38.3223818359375,-0.6566009521484375,0.2895050048828125,0.2433319091796875
1780625949223376600,38.33237670898438,-0.6051788330078125,0.1524200439453125,0.2322845458984375
1780625949233371600,38.34237158203125,-0.5561676025390625,0.047637939453125,0.2213897705078125
1780625949243367000,38.35236694335938,-0.5647735595703125,-0.05474853515625,0.26275634765625
1780625949253362000,38.36236181640625,-0.5888671875,-0.1756439208984375,0.3474273681640625
1780625949263357000,38.37235693359375,-0.4158477783203125,-0.2147674560546875,0.43634033203125
1780625949273352000,38.38235205078125,0.0819549560546875,-0.222564697265625,0.5738525390625
1780625949283347000,38.39234692382813,-0.228912353515625,-0.1984405517578125,0.508941650390625
1780625949293342000,38.40234204101562,-0.7190704345703125,-0.2549285888671875,0.3173370361328125
1780625949303337000,38.4123369140625,-0.794281005859375,-0.30072021484375,0.2231597900390625
1780625949313332000,38.42233203125,-0.7591400146484375,-0.3149871826171875,0.170745849609375
1780625949323326700,38.43232666015625,-0.7015228271484375,-0.3159637451171875,0.14825439453125
1780625949333321700,38.44232177734375,-0.7907562255859375,-0.3112945556640625,0.161895751953125
1780625949343316700,38.45231665039063,-0.893585205078125,-0.248870849609375,0.1142425537109375
1780625949353311700,38.46231176757812,-0.961273193359375,-0.12677001953125,0.077056884765625
1780625949363306800,38.472306640625,-1.079925537109375,-0.0944671630859375,0.066009521484375
1780625949373301800,38.4823017578125,-1.236541748046875,-0.0872650146484375,0.02410888671875
1780625949383297000,38.49229711914062,-1.3796539306640625,0.0088348388671875,-0.0237274169921875
1780625949393292000,38.5022919921875,-1.4486236572265625,0.0853424072265625,-0.0302886962890625
1780625949403287000,38.512287109375,-1.4425811767578125,0.11639404296875,-0.048095703125
1780625949413281800,38.52228173828125,-1.3323822021484375,0.1164093017578125,-0.0637969970703125
1780625949423276800,38.53227685546875,-1.1669921875,0.07501220703125,-0.09649658203125
1780625949433271800,38.54227172851562,-0.9658203125,0.13262939453125,-0.1337890625
1780625949443266800,38.55226684570312,-1.12249755859375,-0.0093994140625,-0.123382568359375
1780625949453261800,38.56226171875,-1.339935302734375,-0.02142333984375,-0.067901611328125
1780625949463256800,38.5722568359375,-1.321624755859375,0.10833740234375,0.019073486328125
1780625949473251800,38.582251953125,-1.21917724609375,0.147857666015625,0.06268310546875
1780625949483246800,38.59224682617187,-1.119140625,0.1289520263671875,0.097412109375
1780625949493241900,38.602241943359374,-1.0092315673828125,0.103240966796875,0.1314239501953125
1780625949503236900,38.61223681640625,-0.943450927734375,0.055908203125,0.128997802734375
1780625949513232000,38.62223193359375,-0.9011688232421875,0.03961181640625,0.1018218994140625
1780625949523226600,38.6322265625,-0.8929595947265625,-0.005523681640625,0.0714111328125
1780625949533222000,38.642221923828124,-0.94000244140625,-0.0501708984375,0.0325469970703125
1780625949543217000,38.652216796875,-0.9926605224609375,-0.08819580078125,0.0033416748046875
1780625949553212000,38.6622119140625,-1.050506591796875,-0.144683837890625,-0.029937744140625
1780625949563207000,38.67220703125,-1.0682830810546875,-0.16046142578125,-0.0856475830078125
1780625949573202000,38.682201904296875,-1.06182861328125,-0.1436004638671875,-0.14630126953125
1780625949583197000,38.692197021484375,-1.072540283203125,-0.1353912353515625,-0.1865386962890625
1780625949593192000,38.70219189453125,-1.1162109375,-0.1163330078125,-0.1690521240234375
1780625949603187000,38.71218701171875,-1.18310546875,-0.1466827392578125,-0.0675048828125
1780625949613182000,38.722181884765625,-1.1759490966796875,-0.16314697265625,-0.0257110595703125
1780625949623176700,38.7321767578125,-1.11083984375,-0.145233154296875,-0.029388427734375
1780625949633171700,38.742171630859374,-1.0046234130859375,-0.1317291259765625,0.0140380859375
1780625949643166700,38.752166748046875,-0.88818359375,-0.11285400390625,0.0705413818359375
1780625949653161700,38.76216162109375,-0.80072021484375,-0.0930633544921875,0.1219482421875
1780625949663156700,38.77215673828125,-0.774383544921875,-0.079742431640625,0.163970947265625
1780625949673151700,38.78215185546875,-0.815582275390625,-0.0449981689453125,0.1922760009765625
1780625949683147000,38.79214697265625,-0.9001922607421875,0.011993408203125,0.2409515380859375
1780625949693142000,38.80214208984375,-0.957244873046875,0.0618438720703125,0.3236236572265625
1780625949703137000,38.81213696289063,-0.93560791015625,0.0684356689453125,0.3613739013671875
1780625949713132800,38.8221328125,-0.8510894775390625,-0.0111541748046875,0.334747314453125
1780625949723127800,38.8321279296875,-0.7566070556640625,-0.1251068115234375,0.31103515625
1780625949733122800,38.84212280273437,-0.7352294921875,-0.1602020263671875,0.3756866455078125
1780625949743117800,38.852117919921874,-0.7024078369140625,-0.1546783447265625,0.4020538330078125
1780625949753112800,38.86211279296875,-0.7403106689453125,-0.25714111328125,0.3179168701171875
1780625949763107800,38.87210791015625,-0.837615966796875,-0.3585968017578125,0.2279205322265625
1780625949773102800,38.88210278320312,-0.9051513671875,-0.400299072265625,0.167327880859375
1780625949783096800,38.89209692382813,-0.926513671875,-0.4149627685546875,0.1371002197265625
1780625949793091800,38.902091796875,-0.9229583740234375,-0.45928955078125,0.1387786865234375
1780625949803086800,38.9120869140625,-0.9172515869140625,-0.498779296875,0.1583404541015625
1780625949813081900,38.92208178710938,-0.9334259033203125,-0.4732818603515625,0.163055419921875
1780625949823076600,38.93207666015625,-0.9664154052734375,-0.4115142822265625,0.1551971435546875
1780625949833071600,38.942071533203126,-0.969696044921875,-0.3595733642578125,0.155364990234375
1780625949843066600,38.95206665039063,-0.936553955078125,-0.3450927734375,0.1678314208984375
1780625949853061600,38.9620615234375,-0.9134063720703125,-0.351043701171875,0.1690521240234375
1780625949863056600,38.972056640625,-0.9055633544921875,-0.3682403564453125,0.154937744140625
1780625949873051600,38.9820517578125,-0.9135589599609375,-0.3751220703125,0.158477783203125
1780625949883046700,38.99204663085938,-0.94097900390625,-0.371551513671875,0.1779937744140625
1780625949893041700,39.00204174804688,-0.9553680419921875,-0.3534393310546875,0.18023681640625
1780625949903037000,39.01203686523438,-0.963623046875,-0.34765625,0.158294677734375
1780625949913032000,39.02203198242187,-0.9708404541015625,-0.3645477294921875,0.1273345947265625
1780625949923026700,39.03202661132813,-0.9450225830078125,-0.3765411376953125,0.1199493408203125
1780625949933021700,39.04202172851563,-0.9037933349609375,-0.3900146484375,0.1294708251953125
1780625949943016700,39.0520166015625,-0.8717041015625,-0.3965606689453125,0.16168212890625
1780625949953011700,39.06201171875,-0.864898681640625,-0.3868255615234375,0.1906585693359375
1780625949963006700,39.0720068359375,-0.8970947265625,-0.368194580078125,0.1924896240234375
1780625949973001700,39.08200170898437,-0.9479522705078125,-0.3497467041015625,0.1748504638671875
1780625949982996700,39.09199682617187,-1.006011962890625,-0.33599853515625,0.1596221923828125
1780625949992991700,39.10199169921875,-1.049102783203125,-0.3224334716796875,0.140625
1780625950002986800,39.11198681640625,-1.007080078125,-0.313751220703125,0.1235809326171875
1780625950012981800,39.12198168945312,-0.9453277587890625,-0.333251953125,0.118438720703125
1780625950022976500,39.1319765625,-0.8843841552734375,-0.36376953125,0.1138916015625
1780625950032971500,39.14197143554688,-0.8939666748046875,-0.3997955322265625,0.0880889892578125
1780625950042966800,39.151966796875,-0.97119140625,-0.417083740234375,0.058349609375
1780625950052961800,39.1619619140625,-1.0788421630859375,-0.4022979736328125,0.02752685546875
1780625950062956800,39.17195678710937,-1.1691436767578125,-0.360198974609375,0.024658203125
1780625950072951800,39.181951904296874,-1.2364654541015625,-0.3093109130859375,0.0428009033203125
1780625950082946800,39.19194677734375,-1.2567596435546875,-0.263031005859375,0.049468994140625
1780625950092941800,39.20194189453125,-1.2765655517578125,-0.258087158203125,0.0831146240234375
1780625950102936800,39.21193676757812,-1.2239532470703125,-0.2505950927734375,0.114349365234375
1780625950112931800,39.221931884765624,-1.119415283203125,-0.2368316650390625,0.1711273193359375
1780625950122926600,39.23192651367187,-1.0209197998046875,-0.2311553955078125,0.2350311279296875
1780625950132921600,39.24192163085937,-0.835479736328125,-0.2520904541015625,0.2735748291015625
1780625950142916600,39.25191650390625,-0.6553955078125,-0.3454437255859375,0.3244171142578125
1780625950152911600,39.26191162109375,-0.50946044921875,-0.4222869873046875,0.3084564208984375
1780625950162906600,39.27190673828125,-0.4273223876953125,-0.46270751953125,0.2534637451171875
1780625950172901600,39.281901611328124,-0.4463958740234375,-0.5063018798828125,0.196868896484375
1780625950182896600,39.291896728515624,-0.57684326171875,-0.5361785888671875,0.1509552001953125
1780625950192892000,39.301891845703125,-0.8100128173828125,-0.5455322265625,0.1368255615234375
1780625950202887000,39.311886962890625,-1.0257110595703125,-0.508270263671875,0.1585540771484375
1780625950212882000,39.3218818359375,-1.138458251953125,-0.4240570068359375,0.1687164306640625
1780625950222876700,39.331876708984375,-1.1085662841796875,-0.308441162109375,0.1827545166015625
1780625950232872700,39.34187280273437,-1.00579833984375,-0.2523040771484375,0.16259765625
1780625950242867700,39.35186767578125,-0.8106842041015625,-0.2755126953125,0.208526611328125
1780625950252862700,39.36186279296875,-0.6860198974609375,-0.3551025390625,0.2500762939453125
1780625950262857700,39.37185766601562,-0.6468353271484375,-0.415740966796875,0.2449798583984375
1780625950272852700,39.38185278320312,-0.6682281494140625,-0.42376708984375,0.23486328125
1780625950282847700,39.39184765625,-0.72613525390625,-0.3955078125,0.2290191650390625
1780625950292842800,39.4018427734375,-0.8060150146484375,-0.3522796630859375,0.239471435546875
1780625950302837500,39.41183740234375,-0.89044189453125,-0.2963409423828125,0.252899169921875
1780625950312832800,39.42183276367187,-0.969512939453125,-0.245941162109375,0.2558441162109375
1780625950322827800,39.43182788085937,-1.02313232421875,-0.2144622802734375,0.251068115234375
1780625950332822800,39.44182275390625,-1.0348663330078125,-0.21453857421875,0.2402191162109375
1780625950342817800,39.45181787109375,-0.9980621337890625,-0.2346649169921875,0.2321014404296875
1780625950352812800,39.46181274414062,-0.939910888671875,-0.2594451904296875,0.2442626953125
1780625950362807800,39.471807861328124,-0.88177490234375,-0.275238037109375,0.267913818359375
1780625950372802800,39.481802734375,-0.86151123046875,-0.2808837890625,0.2871551513671875
1780625950382797800,39.4917978515625,-0.8852081298828125,-0.315185546875,0.2797088623046875
1780625950392792600,39.50179248046875,-0.93115234375,-0.323333740234375,0.2312774658203125
1780625950402787600,39.51178759765625,-0.9242095947265625,-0.3035125732421875,0.21185302734375
1780625950412782600,39.52178247070312,-0.9037017822265625,-0.3384552001953125,0.2122344970703125
1780625950422777600,39.53177758789062,-0.8838043212890625,-0.3152618408203125,0.225982666015625
1780625950432772600,39.541772705078124,-0.8643798828125,-0.2970123291015625,0.249267578125
1780625950442767600,39.551767578125,-0.8487701416015625,-0.2747650146484375,0.2849884033203125
1780625950452763000,39.561762939453125,-0.8450775146484375,-0.24957275390625,0.3178863525390625
1780625950462758000,39.5717578125,-0.852630615234375,-0.2397003173828125,0.3383636474609375
1780625950472753000,39.5817529296875,-0.8439178466796875,-0.2430572509765625,0.340484619140625
1780625950482748000,39.591747802734375,-0.8267059326171875,-0.25885009765625,0.3278350830078125
1780625950492742700,39.60174267578125,-0.809844970703125,-0.2681427001953125,0.310699462890625
1780625950502737700,39.611737548828124,-0.8277130126953125,-0.2801666259765625,0.3152008056640625
1780625950512732700,39.621732666015625,-0.8793487548828125,-0.291473388671875,0.3096923828125
1780625950522728700,39.63172875976562,-0.9341583251953125,-0.29864501953125,0.2787933349609375
1780625950532723700,39.6417236328125,-0.976593017578125,-0.30621337890625,0.242706298828125
1780625950542718700,39.65171875,-1.043487548828125,-0.32086181640625,0.2214508056640625
1780625950552713700,39.66171362304687,-1.0854949951171875,-0.338165283203125,0.2013397216796875
1780625950562708700,39.67170874023437,-1.0825958251953125,-0.38677978515625,0.1671295166015625
1780625950572703700,39.68170385742187,-1.032470703125,-0.4771881103515625,0.1163787841796875
1780625950582698800,39.69169873046875,-0.94195556640625,-0.5420684814453125,0.0659637451171875
1780625950592693800,39.70169384765625,-0.8547210693359375,-0.585693359375,0.0392913818359375
1780625950602688800,39.71168872070312,-0.79095458984375,-0.610687255859375,0.0272064208984375
1780625950612683800,39.72168383789062,-0.757537841796875,-0.6043853759765625,0.0279693603515625
1780625950622678800,39.7316787109375,-0.7625885009765625,-0.5900726318359375,0.0558319091796875
1780625950632673800,39.741673828125,-0.79541015625,-0.5713348388671875,0.106964111328125
1780625950642668800,39.75166870117187,-0.8126983642578125,-0.5536346435546875,0.154571533203125
1780625950652663800,39.761663818359374,-0.8136749267578125,-0.53472900390625,0.185455322265625
1780625950662658800,39.771658935546874,-0.8109893798828125,-0.522430419921875,0.1994171142578125
1780625950672653600,39.78165356445312,-0.826446533203125,-0.5235595703125,0.1981048583984375
1780625950682648600,39.79164868164062,-0.871429443359375,-0.514129638671875,0.1853790283203125
1780625950692643600,39.8016435546875,-0.9144134521484375,-0.5121612548828125,0.1623992919921875
1780625950702638600,39.811638671875,-0.9492645263671875,-0.514556884765625,0.1434173583984375
1780625950712633600,39.82163354492187,-0.98431396484375,-0.508697509765625,0.1317138671875
1780625950722630000,39.8316298828125,-1.014007568359375,-0.4886932373046875,0.122283935546875
1780625950732625000,39.841625,-1.026123046875,-0.4616241455078125,0.1132659912109375
1780625950742619600,39.85161962890625,-1.02532958984375,-0.4303436279296875,0.1129302978515625
1780625950752614700,39.86161474609375,-1.0244903564453125,-0.4089813232421875,0.1205596923828125
1780625950762609700,39.87160961914063,-1.0240478515625,-0.4084320068359375,0.133819580078125
1780625950772604700,39.88160473632813,-1.0077362060546875,-0.4133453369140625,0.131011962890625
1780625950782599400,39.89159936523438,-0.9783477783203125,-0.414398193359375,0.1194915771484375
1780625950792594400,39.90159448242188,-0.949920654296875,-0.4159698486328125,0.105987548828125
1780625950802589400,39.91158935546875,-0.924163818359375,-0.4114990234375,0.08551025390625
1780625950812584400,39.92158447265625,-0.9470062255859375,-0.4180755615234375,0.0616302490234375
1780625950822579500,39.93157934570313,-0.9965057373046875,-0.4177703857421875,0.031829833984375
1780625950832574500,39.94157446289063,-1.0224609375,-0.4090118408203125,0.0053253173828125
1780625950842569500,39.95156958007812,-1.0316162109375,-0.3874664306640625,-0.001861572265625
1780625950852564500,39.961564453125,-1.029632568359375,-0.3633270263671875,0.01483154296875
1780625950862559500,39.9715595703125,-0.9848480224609375,-0.3425140380859375,0.0568695068359375
1780625950872554500,39.98155444335937,-0.8893585205078125,-0.333160400390625,0.105316162109375
1780625950882549500,39.99154956054687,-0.7939910888671875,-0.3502197265625,0.1343536376953125
1780625950892545500,40.001545654296876,-0.6501922607421875,-0.4262542724609375,0.1123199462890625
1780625950902540500,40.01154052734375,-0.693328857421875,-0.4700164794921875,0.0572967529296875
1780625950912535600,40.02153564453125,-0.776336669921875,-0.4887542724609375,-0.0268096923828125
