time,seconds_elapsed,z,y,x
1780625760044656600,0.06865673828125,0.4855787003755569,-0.12152736156284809,-0.06539334987606853
1780625760054651600,0.078651611328125,0.43584582443535325,-0.27938451213538645,-0.21903960475530473
1780625760064647700,0.088647705078125,0.2007680715382099,-0.43863311706632374,-0.32567532133031635
1780625760074643000,0.098642822265625,0.056844753772020334,-0.4377680246695876,-0.43298824304714795
1780625760084638000,0.108637939453125,0.006107669225335121,-0.4147968989267945,-0.5488384722890332
1780625760094633000,0.118633056640625,-0.05840776530504226,-0.3977566245377063,-0.5909113715279847
1780625760104628000,0.1286279296875,-0.12573825725615023,-0.2095212868362665,-0.47912448273487385
1780625760114622700,0.138622802734375,-0.18029694591760634,0.08410334757566451,-0.24840737273264674
1780625760124617700,0.14861767578125,-0.1026560723543167,0.4002481490924954,0.07287639910783618
1780625760134613800,0.15861376953125,0.12332125924229621,0.4361199652016163,0.28435294819772244
1780625760144608800,0.16860888671875,0.3346200771450996,0.3686462653875351,0.38892658114377404
1780625760154603800,0.178603759765625,0.36798867826163767,0.4134454843178391,0.47437674021851267
1780625760164598800,0.188598876953125,0.12447744354009628,0.7239052259355783,0.6815732008364052
1780625760174593800,0.19859375,-0.3901034794360399,0.6926660380631685,0.8922016451969742
1780625760184588500,0.208588623046875,-0.2599094118148088,0.2159352455317974,0.28019593811612575
1780625760194584800,0.218584716796875,-0.09498188446462154,0.2995619155064225,-0.3276477539144456
1780625760204579800,0.228579833984375,-0.4362409612327814,0.15406594159603118,-0.4992969176698476
1780625760214574800,0.238574951171875,-0.3431254551619291,0.1361728497698903,-0.49315523657705634
1780625760224569900,0.24856982421875,-0.18672844026982782,0.08922346706837415,-0.37817419138513503
1780625760234564900,0.25856494140625,-0.09214052355885505,0.4325350924521684,-0.026973000061605124
1780625760244560000,0.268559814453125,-0.01745557719171047,2.1732009479284287,1.168841388668865
1780625760254555600,0.2785556640625,-0.5308557659506797,2.201839305652678,1.6328395408771932
1780625760264550700,0.288550537109375,-0.09766367089450359,1.2933929203584789,1.6480979002855718
1780625760274545700,0.298545654296875,0.8578805656611919,2.8932459913045165,2.8295564862042664
1780625760284541000,0.308541015625,0.3009580460399389,1.819126520989835,2.1296032137423753
1780625760294536000,0.318535888671875,0.9676952775985002,0.7656807131305337,1.4123027928993106
1780625760304531000,0.328531005859375,1.8297113356292247,0.06132131466418504,0.987044632647559
1780625760314526700,0.338526611328125,1.6186925037115811,-0.6369155092686415,0.054414823211356995
1780625760324521700,0.348521728515625,1.0021247859448195,-0.8712728389367461,-0.8666426949180662
1780625760334516700,0.358516845703125,0.4230103082597255,-0.7943588183432817,-1.1173958635918795
1780625760344511700,0.36851171875,-0.934008112052083,-0.4953282332345843,-1.234063364033401
1780625760354506800,0.3785068359375,-2.4188936183422802,-0.03837181623131036,-1.3196262627676127
1780625760364501800,0.388501708984375,-2.697369198939204,0.09217588713318109,-1.2471905566319823
1780625760374497800,0.398497802734375,-2.2794003919780255,0.10102525628209114,-1.2100315502565353
1780625760384492800,0.408492919921875,-1.6217109747499228,0.25542642118185754,-1.3298381524413823
1780625760394487800,0.41848779296875,-0.49422027199268337,0.25869243724048135,-1.1336688068702816
1780625760404482800,0.42848291015625,0.5846212584078312,0.13101824348568916,-0.8720037835597991
1780625760414477800,0.438477783203125,0.9921779769480228,0.07936521313786506,-0.6245816590048372
1780625760424472800,0.448472900390625,0.5274421581149101,0.19296996500790117,-0.25384375510029494
1780625760434468900,0.45846875,-0.3196189073681831,0.4246387862443924,-0.10376344907432794
1780625760444463600,0.468463623046875,-0.7372785022497177,0.7834229983091354,-0.24466665183436123
1780625760454458600,0.478458740234375,-0.5105711028128862,1.726059237974882,-0.8406468875918537
1780625760464453600,0.48845361328125,-0.5040098446011543,1.1240998912751674,-0.8380711188197135
1780625760474448600,0.49844873046875,-0.19859131202101707,0.10781915420591831,-0.007888323830720037
1780625760484444000,0.50844384765625,-0.02567512400448322,0.1677630430370569,0.11796455451473593
1780625760494440000,0.51843994140625,-0.276768776679039,0.8320517123997211,-0.2551457776095718
1780625760504435000,0.52843505859375,-0.5301210219353437,1.38036539362967,-0.3296222688578069
1780625760514429700,0.5384296875,-0.9956588048011064,1.92679340724349,1.439468593852967
1780625760524424400,0.548424560546875,-1.2833937966525555,2.161701064270735,8.424758419716358
1780625760534419500,0.55841943359375,0.40224692169427867,1.373711196437478,5.944543194448948
1780625760544414500,0.56841455078125,1.094378122228384,1.4210872801184653,1.1976944120571016
1780625760554410500,0.578410400390625,-0.1802373246848583,0.829817669737339,-0.5596285271769389
1780625760564405500,0.588405517578125,-0.8068845379173755,0.45570729372501373,-1.9684094660930334
1780625760574400500,0.598400390625,-0.8903367281079292,0.9612012394040822,-3.1553210567206142
1780625760584395500,0.6083955078125,-0.49669104602038855,0.8824363302469252,-2.8187819942116734
1780625760594390300,0.618390380859375,0.8843804500520229,0.4652449373990297,-1.8894266764014958
1780625760604385300,0.62838525390625,2.7143770323634144,-0.31427520825266836,-0.4669171083949506
1780625760614380500,0.638380615234375,3.2331735272079705,-1.6593004084318874,2.699051160676777
1780625760624376600,0.64837646484375,1.5049486356317996,-2.834723075187206,2.160878349711001
1780625760634371600,0.65837158203125,-0.9014584261029959,-3.0927362979918716,0.6712445529151707
1780625760644366600,0.66836669921875,-1.5726783560335635,-1.8090321202158928,-0.2448884048262611
1780625760654361600,0.678361572265625,1.9939257462739943,0.6646037266612053,-0.4284735786342993
1780625760664356400,0.6883564453125,2.837316014289856,1.6439724909186362,-0.19061658854847774
1780625760674351400,0.698351318359375,0.6060813950657844,1.3319979608237742,-0.1232445224779658
1780625760684347400,0.708347412109375,-0.33088498227000235,1.2879782018333672,-0.3743679309699684
1780625760694342400,0.71834228515625,-0.05405658435821533,0.8420189796626567,-1.565417571250349
1780625760704337700,0.728337646484375,0.4481318900346756,-0.2020575268268585,-1.4644365925014018
1780625760714332700,0.738332763671875,0.9697978028357028,-1.6861790630072355,-0.6004554449427872
1780625760724327700,0.74832763671875,2.020161426770687,-2.598618901851773,-0.1144106614254415
1780625760734322400,0.758322509765625,3.1085107902288436,-1.9411288065880536,0.012037424600496888
1780625760744318500,0.768318359375,3.3969057072937487,-0.36543782473504544,-0.08947561519853771
1780625760754313500,0.7783134765625,2.635115279600024,0.45237201182246206,-0.344865211501345
1780625760764308500,0.78830859375,2.06693077673018,0.30127018072903156,-0.4212372341725975
1780625760774303500,0.798303466796875,1.7943641279160976,0.12485738276839256,-0.4334628748215735
1780625760784298500,0.808298583984375,1.0331061996638775,0.495873299896717,0.011835910679027438
1780625760794293500,0.81829345703125,0.10991115804910659,1.331552847404778,0.6535198764584959
1780625760804289500,0.82828955078125,-0.4650625665694475,1.8095427000865338,0.904800503072515
1780625760814284500,0.838284423828125,-0.1897977647125721,2.018753313538432,0.8934972379654645
1780625760824279600,0.848279541015625,0.6663409257173538,2.4832538623109457,0.8079479293651879
1780625760834274600,0.858274658203125,0.8254302484333514,2.1602093644082543,0.8575227651994675
1780625760844269600,0.86826953125,0.46535541203618047,1.5892141880318522,-0.6980732308689505
1780625760854264600,0.8782646484375,0.49000820725560185,1.714690579481423,-3.6153275089442727
1780625760864260400,0.88826025390625,0.8404957156181335,-0.3737932728871703,1.0491342282705007
1780625760874255400,0.89825537109375,1.0406412713438271,-0.6492053742602467,2.5297081549718974
1780625760884250400,0.90825048828125,0.7245908701121807,0.538397267371416,2.122500542130321
1780625760894245400,0.918245361328125,1.3478542861253022,1.5815812089353798,1.5437123737901448
1780625760904240600,0.92824072265625,1.990657099866867,2.044182646088302,0.47203255171254277
1780625760914235600,0.938235595703125,1.7872312072962522,2.215201768311858,-0.2788967651510611
1780625760924231400,0.9482314453125,1.954813633069396,2.293880022098869,-0.5205190808534622
1780625760934226400,0.958226318359375,2.5208792440891266,2.000685449667275,-0.5437119595881551
1780625760944221400,0.968221435546875,2.242507123866677,1.3446025908529757,-0.484477315004915
1780625760954216400,0.978216552734375,2.5607044739991425,0.6622825902372598,-0.7273171532709151
1780625760964211500,0.98821142578125,2.932300236842036,0.25112463233470916,-1.178186724641174
1780625760974206500,0.99820654296875,2.458297992491722,0.03655687576383352,-1.599399189698696
1780625760984202500,1.008202392578125,1.452203718394041,0.3262826030410826,-1.8102007256038486
1780625760994197500,1.018197509765625,1.400996093726158,0.9670254155129193,-1.6033495347596705
1780625761004192500,1.028192626953125,2.652159353381395,1.6098481029987335,-0.7107207501918077
1780625761014187500,1.0381875,2.739322673049569,2.110351400783658,-0.21902692793682216
1780625761024182500,1.0481826171875,2.8352760328948494,2.1742367207169533,-0.5193928533025086
1780625761034177500,1.058177490234375,3.179012897953391,1.935836399268359,-0.8473606329515576
1780625761044173600,1.068173583984375,3.5254566838830708,1.8506043399237095,-0.9740399704501033
1780625761054168600,1.07816845703125,4.08335652410388,1.8479194847539067,-0.8880071161165833
1780625761064163300,1.088163330078125,4.401386116454005,1.7949214695379136,-1.667190284898877
1780625761074158300,1.098158447265625,4.457458716809749,1.7222439174704252,-2.700548998019099
1780625761084153300,1.1081533203125,3.3866672218739984,1.8507948940597474,-2.7605785193070767
1780625761094148400,1.1181484375,1.4657961904168129,2.5585417430073023,-0.7191261749655008
1780625761104143400,1.128143310546875,-0.22683073355555533,3.075616820886731,0.6935533422917127
1780625761114139600,1.1381396484375,-0.6637924102783203,3.7123926294237375,0.39601007313132286
1780625761124134700,1.148134765625,0.038622283861041065,3.717119657945633,0.1479740544617176
1780625761134129400,1.15812939453125,0.5128068990409373,2.7513451192766425,0.14600596925914286
1780625761144124400,1.16812451171875,1.1186720210075378,2.538433313219249,0.5575479580432177
1780625761154119400,1.178119384765625,1.3502525794386864,2.7835826705366373,0.7031055990129709
1780625761164114400,1.188114501953125,1.3677613481223583,2.762379723510146,0.6250777719587087
1780625761174110500,1.1981103515625,0.6585673691064119,2.402352379516512,-0.2150502793908119
1780625761184105500,1.20810546875,-1.0363532187610864,2.365415272263437,-0.990726609095931
1780625761194100500,1.2181005859375,-3.1663743656545877,2.4144588507652283,-1.5244506239593028
1780625761204095500,1.228095458984375,-4.726359828853607,1.9264711895518003,-2.3408108462303874
1780625761214090500,1.238090576171875,-5.055065713518857,1.467338159161806,-2.453320204079151
1780625761224085500,1.24808544921875,-4.615413190276921,1.0025975180231035,-2.377026068949699
1780625761234081500,1.25808154296875,-3.5574782543048262,0.4584461441043764,-1.8805682471632956
1780625761244076500,1.26807666015625,-2.1921122768864034,-0.2122309841863811,-1.7746832758903501
1780625761254071600,1.278071533203125,-1.842890550675988,-0.711927934024483,-2.158006301406026
1780625761264066600,1.288066650390625,-2.2361112853497267,-0.41307226709127426,-2.1344243502885103
1780625761274061600,1.2980615234375,-2.7941505340412256,0.037221477152407166,-2.291243974506855
1780625761284056300,1.308056396484375,-3.072332392388582,0.5645999223813414,-2.5845693337112663
1780625761294052600,1.318052490234375,-2.762574369299412,0.7325567344248295,-2.827767264699936
1780625761304047600,1.328047607421875,-2.2178291942059993,0.1936424574419856,-3.364155530336499
1780625761314042600,1.338042724609375,-2.161575392064452,-0.44537586932480333,-4.052428301876783
1780625761324037600,1.34803759765625,-2.4684412008434533,-0.8714429348066449,-4.719088376545906
1780625761334032600,1.35803271484375,-2.390555997130275,-1.1107184316545724,-5.111519422146678
1780625761344027400,1.36802734375,-2.017617879767716,-1.3440864580243825,-5.343371198734641
1780625761354023400,1.3780234375,-1.7771984735816717,-1.7221306663542986,-5.600360339188575
1780625761364018400,1.388018310546875,-1.7852219133004545,-2.2031626632109282,-6.077047877100109
1780625761374013400,1.398013427734375,-2.0807067886263133,-2.802427071738243,-6.595391952002048
1780625761384008400,1.408008544921875,-1.8318527315720914,-3.0851407282963392,-6.171760296973586
1780625761394003500,1.41800341796875,-1.2741940066307782,-2.9140464950099587,-5.527262954273819
1780625761403998500,1.42799853515625,-0.7004445631101727,-2.5781477762311695,-4.919271926194429
1780625761413994500,1.437994384765625,0.8863242775961756,-2.043219938535988,-4.642124963852763
1780625761423989500,1.447989501953125,3.2477029878199097,-2.04880299936533,-2.8085154517412185
1780625761433984500,1.457984619140625,1.7747081180706619,-2.7721932615160942,-1.020644777497649
1780625761443979500,1.4679794921875,1.1368085662007332,-2.6694191157400606,-2.586115394109487
1780625761453974500,1.477974609375,1.8589552580311894,-2.7806495396941897,-3.130917267826199
1780625761463969500,1.487969482421875,2.3539196263894437,-3.5935692661225795,-2.71522517362535
1780625761473965300,1.49796533203125,1.855508770839125,-3.639930035281181,-2.311642619413137
1780625761483960300,1.507960205078125,1.8726072051562368,-2.973499677714705,-2.108924582850933
1780625761493955600,1.51795556640625,2.4301427421092985,-2.5822674865096804,-1.5469652381062506
1780625761503950600,1.52795068359375,2.737440804825723,-2.4022107790887355,-1.058944989797473
1780625761513945900,1.53794580078125,2.2783786477148533,-2.2972347393542525,-1.128735149860382
1780625761523940900,1.54794091796875,0.9719869834430516,-2.13664377990365,-1.538068230423331
1780625761533937000,1.55793701171875,-0.36114626502096653,-1.6881372113376856,-1.9215321257144211
1780625761543932000,1.567931884765625,-1.2854577434450387,-1.0462824921011924,-1.8124363757014275
1780625761553927000,1.577927001953125,-1.8103098850667476,-0.4783545943409204,-1.5328677391707897
1780625761563922000,1.587921875,-2.0066507878124713,-0.09582651859521865,-1.693445839139819
1780625761573917000,1.5979169921875,-2.429124943368882,-0.2533008073300123,-2.515492290353775
1780625761583912000,1.607911865234375,-2.887413047367334,-0.643870735234022,-3.5291800883203743
1780625761593907700,1.61790771484375,-3.09773688275814,-0.6940583692044019,-4.16177831891179
1780625761603902700,1.62790283203125,-3.173708946326375,-0.5548872144013643,-4.216281477993727
1780625761613897700,1.637897705078125,-2.998396218562126,-0.4448901316344738,-3.9058138453304765
1780625761623892700,1.647892822265625,-2.510557464300096,-0.5504682289153338,-3.541448618263006
1780625761633887700,1.6578876953125,-2.2586900507740677,-0.7600345239371061,-3.283520151132345
1780625761643882800,1.6678828125,-1.7936017652414737,-0.7594511710911989,-3.067396105030179
1780625761653879000,1.677879150390625,-0.3353821475587785,-0.7829998044610023,-2.556199563795328
1780625761663873800,1.687873779296875,0.3094347824841738,-0.716714437648654,-1.6549340299159288
1780625761673868800,1.697868896484375,0.25589944552108645,-0.3652268123328686,-1.504205708310008
1780625761683863800,1.70786376953125,0.8808834017165005,-0.5052490310072899,-1.5213205092400313
1780625761693858800,1.71785888671875,0.739402070274949,-0.7611375167429447,-1.23416770119071
1780625761703853800,1.727853759765625,0.8457271865308285,-0.5052458161368966,-0.7507090617090463
1780625761713849900,1.737849853515625,0.5509773474812507,-0.10878244628012179,-0.018919220003485678
1780625761723844900,1.747844970703125,0.40688583354130387,0.3195882199689746,0.5776999347120523
1780625761733840000,1.75783984375,0.7499462606430053,0.3889709682747721,1.0239221917331218
1780625761743835000,1.7678349609375,0.928317791455984,0.3517603047773242,1.5080962860077618
1780625761753830000,1.777829833984375,1.1680015768438576,0.4277180475592613,2.1993822678893804
1780625761763825000,1.787824951171875,1.4579542447447775,0.4116705835998058,2.6759873882144687
1780625761773820000,1.79781982421875,0.8020385591909289,0.7474103124246001,2.8135961160063743
1780625761783816000,1.80781591796875,-0.31216742231845857,1.3031433300003408,2.2508915058523415
1780625761793811000,1.81781103515625,-0.9949906962811946,1.285246731042862,1.4451187285691498
1780625761803806000,1.827805908203125,-1.770284456409514,1.1394546967953443,0.6322960327744483
1780625761813800700,1.83780078125,-1.5117729286938906,0.9849345816910267,0.460803740081191
1780625761823795700,1.847795654296875,-0.4906564420312643,0.5452390960901975,1.006155648896098
1780625761833790700,1.857790771484375,-0.6743278328180313,0.14904226821511982,0.877184985589981
1780625761843787000,1.867787109375,-0.2145426221296191,-0.3864823663294315,0.8565513628840445
1780625761853782000,1.877781982421875,0.3522863744780421,-1.3809206894248722,1.3219704878062009
1780625761863777000,1.887777099609375,1.517741773970425,-1.9309382519632576,1.4348545241862534
1780625761873772000,1.89777197265625,5.855991050770879,-2.560372173304856,2.607270994862914
1780625761883766800,1.907766845703125,6.591987111994624,-3.6372915034711357,3.453517236831784
1780625761893761800,1.91776171875,5.812238418284058,-3.7803064742207524,3.1296938635110854
1780625761903757800,1.9277578125,6.168175424224138,-4.160510783194005,2.6641636794298886
1780625761913752800,1.9377529296875,6.274254456764459,-4.651761683987081,2.3264608338385817
1780625761923747800,1.947747802734375,6.273482887870073,-4.4837437894061205,2.638161223167181
1780625761933742800,1.957742919921875,5.7602691615939134,-4.227227234899997,2.9577047272115946
1780625761943737900,1.96773779296875,5.129163215386868,-4.051963022452592,2.9981372753649946
1780625761953732900,1.97773291015625,4.787354103520513,-4.127868742786347,2.441810968071222
1780625761963729000,1.98772900390625,3.5371316318467256,-4.650808036524057,0.6872025119602679
1780625761973724000,1.997723876953125,1.363537592947483,-4.6863475519388915,-0.9320797743380069
1780625761983719000,2.007718994140625,1.0357377172112465,-3.421434291611612,-1.215612638324499
1780625761993714000,2.0177138671875,2.6956787616342304,-1.8274495281770824,-0.0020697920113801954
1780625762003709000,2.027708984375,4.111731262455881,0.027838147257268426,1.8024112407714128
1780625762013704000,2.037703857421875,3.8841438653141256,1.8652797848775982,3.35149069455266
1780625762023699700,2.04769970703125,1.5167837425932287,2.7988153109818694,3.570872281146049
1780625762033695000,2.057695068359375,-1.643790412349999,3.4608743215963242,1.7108102309167383
1780625762043690000,2.06768994140625,-4.643427570883929,3.720590548926592,-0.7885048316180705
1780625762053685000,2.07768505859375,-5.4671226660877466,3.914453371120989,-2.37202606870532
1780625762063680000,2.087679931640625,-4.41243591825664,4.246352206608653,-2.0293173776507376
1780625762073675000,2.097675048828125,-3.176836138436198,4.692686984093487,-1.3898779028624295
1780625762083670800,2.1076708984375,-3.354866600726545,5.50040709605217,-2.1287989116221664
1780625762093665800,2.117665771484375,-4.458563463181257,6.120505326032638,-3.745642572596669
1780625762103660800,2.127660888671875,-6.003499241286516,6.2934431413590906,-5.036347569045424
1780625762113655800,2.13765576171875,-6.807972041887044,5.9661716734111305,-6.384562505176663
1780625762123650800,2.14765087890625,-6.824617471739649,5.277769722533225,-8.450847385218738
1780625762133645800,2.157645751953125,-4.041682451456785,4.571618472214043,-9.942088398015498
1780625762143641900,2.167641845703125,0.9332990869998932,3.4987925488412377,-9.101465256625414
1780625762153636900,2.177636962890625,4.124824845045805,2.6052427039057013,-7.945849114102125
1780625762163631900,2.1876318359375,6.664373718291521,3.439190020793676,-4.884579382997751
1780625762173627000,2.197626953125,8.230443469840287,4.648234386643767,-1.3697235881060361
1780625762183622000,2.207621826171875,6.526535857918858,5.099892697238922,0.511604537513852
1780625762193617000,2.217616943359375,3.312118176846206,4.973812494677305,0.802801067996025
1780625762203613000,2.227613037109375,0.4089464193329215,3.985978684413433,0.18832301598489284
1780625762213607700,2.237607666015625,-0.671928078199923,3.154664930899441,-0.5636339999586344
1780625762223602700,2.247602783203125,-0.7258774027913808,2.5725132774755357,-0.8840607165783643
1780625762233597700,2.25759765625,-3.1414678879350424,2.069606133419275,-1.3973808258384466
1780625762243593000,2.267593017578125,-5.63384759824872,1.307283498544991,-2.539155490013957
1780625762253588000,2.277587890625,-7.787226239854097,0.653229515209794,-3.3999218402445313
1780625762263584000,2.287583984375,-8.419047640854119,1.3414777368307114,-2.602022572815418
1780625762273579000,2.2975791015625,-6.369014807432889,2.840691043680906,-0.2259223865389824
1780625762283573800,2.30757373046875,-3.7184962069958445,2.341725622987747,2.009255417352915
1780625762293568800,2.31756884765625,-3.173447080519795,0.9434618768349289,2.3915111058980223
1780625762303563800,2.327563720703125,-2.423957915994525,0.31978929549902674,1.3842360975831747
1780625762313558800,2.337558837890625,-1.6457880159080027,-0.45047202342003584,0.7452811914414167
1780625762323554800,2.347554931640625,-0.9963763054206967,-1.109480998814106,0.9654659111112356
1780625762333550000,2.357550048828125,-0.5664432121604681,-1.1620698487073182,1.272622227269411
1780625762343545000,2.367545166015625,-0.2703042568400502,-0.6951870809733868,1.5743693778604269
1780625762353539800,2.377539794921875,0.07660626981854439,-0.17844255022257566,2.392590133306384
1780625762363534800,2.387534912109375,0.9726941087990999,0.15880203020721673,2.86455590339303
1780625762373531000,2.39753076171875,1.335524965906143,0.10457067380398512,2.9428216308563946
1780625762383526000,2.40752587890625,1.1142635569155215,0.28150895694345235,3.137446961855888
1780625762393521000,2.41752099609375,2.9336066432654855,0.5155149889558553,3.381514661416411
1780625762403516000,2.427515869140625,6.32003888733983,0.3839560627222061,3.974329163151979
1780625762413511000,2.437510986328125,10.19824459477663,0.6405626335993408,4.86673334518373
1780625762423505700,2.447505615234375,8.113532662162184,-0.4655345679953694,3.6144197464495895
1780625762433502000,2.457501953125,1.1244739852845669,-1.5055588764846324,0.16771452772021292
1780625762443497000,2.4674970703125,1.3507932621866463,-0.5741472106665373,-0.44003743090629577
1780625762453492000,2.477491943359375,2.021323456287384,-1.1912675938799977,0.3116115420013666
1780625762463487000,2.487487060546875,1.424683843305707,-1.7095438642427325,0.03730827865302563
1780625762473482000,2.49748193359375,1.4627911633819342,-2.384481645652652,-0.7009761857688427
1780625762483477000,2.50747705078125,1.0926222184717655,-3.3227143896624445,-1.1081973887443541
1780625762493472800,2.51747265625,0.7657353659272194,-3.6523128392532467,-0.57833823261559
1780625762503467800,2.5274677734375,0.850653537017107,-3.0901012733131643,0.5846762034654617
1780625762513461800,2.537461669921875,0.66838090711236,-2.2839880120292304,1.921987468266487
1780625762523456800,2.547456787109375,0.34369828661382196,-1.7369430355608462,2.9918823066234586
1780625762533451800,2.55745166015625,0.7930021430373191,-1.7071321269258857,4.170281943362951
1780625762543447000,2.567447021484375,1.4717869552642107,-1.81365305801481,4.887818803310394
1780625762553443000,2.577443115234375,1.9622960977792738,-1.9882073686271904,4.01686949723959
1780625762563437800,2.587437744140625,2.3799597843140363,-2.167981167453527,2.8149638972282407
1780625762573432800,2.597432861328125,2.514656716312468,-2.2292563048884273,1.7470225310266017
1780625762583427800,2.607427734375,1.618017673189938,-2.075380625167489,0.11859072358906268
1780625762593422800,2.6174228515625,1.0401181242525577,-1.3824451225131749,-0.6121300275802612
1780625762603417900,2.62741796875,0.8618336872011423,-1.0792273148477076,-0.10441723680794239
1780625762613414000,2.637413818359375,-0.04345452632308006,-0.2453352352783084,0.5980933189213276
1780625762623409000,2.647408935546875,-0.2167170435592532,0.24750731862038372,1.102194348937273
1780625762633404000,2.65740380859375,-0.8037129221439361,-0.2449167176052928,0.15607903498411177
1780625762643399000,2.66739892578125,-0.5201584308475256,-1.2019237201899289,-0.4205471330165863
1780625762653394000,2.677393798828125,-0.048290275916457175,-2.1953683560729025,-0.7990876004308461
1780625762663389000,2.687388916015625,-0.8668225815296172,-1.8400968283042312,-1.6343869164496658
1780625762673385000,2.697385009765625,-1.7124258494198321,-0.6714306500717997,-1.8650760789990424
1780625762683380000,2.7073798828125,-2.2218284929752348,1.81344789083153,-1.6151707593262195
1780625762693375000,2.717375,-0.9527668807968497,0.5670253959625959,-0.5648667566239833
1780625762703369700,2.72736962890625,-1.383548992101848,0.3875941269636154,-0.5747077671587467
1780625762713364700,2.73736474609375,-1.631363476975262,0.8046072406351565,-0.45935354127287864
1780625762723359700,2.74735986328125,-1.2585624299958347,0.2358186343923211,0.5227513699501752
1780625762733356000,2.75735595703125,-0.05410246932655573,-1.3619257738366721,0.49447979971170425
1780625762743351000,2.76735107421875,0.2255383556574583,-3.443237834879756,-0.390879139983654
1780625762753346000,2.777345947265625,-0.9002756460592151,-3.3454376781240103,-2.0858552574306723
1780625762763341000,2.787341064453125,-1.4583116798803208,-1.7896800617530941,-2.6356203065127133
1780625762773335800,2.797335693359375,-1.991589412280917,0.03409311599880457,-1.5754039816051721
1780625762783331800,2.807331787109375,-3.6152135271757837,2.2727640227034684,0.34179859047234057
1780625762793326800,2.817326904296875,-4.39065429455936,2.394533084067702,0.35707156292796133
1780625762803321900,2.82732177734375,-4.054434381002188,2.376996258333325,-0.26483225516974923
1780625762813316900,2.83731689453125,-2.908664509710669,1.9573083724945783,-0.40738194649517534
1780625762823312000,2.847311767578125,-1.011516006885469,2.720851781335473,0.8991022183656692
1780625762833307100,2.85730712890625,0.43690030192434787,3.1539307714059945,1.6255997988820075
1780625762843303000,2.867302978515625,0.9261594443783163,3.362141267904639,1.6003911233454942
1780625762853298000,2.8772978515625,0.9298223508000373,4.208465835806727,1.5881927360296249
1780625762863293000,2.88729296875,1.0645935170784593,4.179763472935557,1.070955161064863
1780625762873288000,2.897287841796875,1.345297879640758,3.3614053548455236,0.24456045151352881
1780625762883283000,2.907282958984375,1.3469883169457315,2.5796456135734913,-0.29255729744136333
1780625762893278000,2.91727783203125,1.2373089218258857,1.4187094450712203,-0.986873440799117
1780625762903273700,2.927273681640625,0.7029273198366165,-0.14508914667516945,-1.1486480570763349
1780625762913268700,2.937268798828125,0.47419747466146944,-0.9982458986848592,-0.4558569313287735
1780625762923264000,2.947263916015625,-0.07475859612524509,-0.5154235112801194,0.44031390976011753
1780625762933259000,2.957259033203125,-0.8973393003463744,0.6340387847885489,0.8309580719441175
1780625762943254000,2.96725390625,-1.1580495071500538,1.4088801249742506,0.6342413216233254
1780625762953249000,2.9772490234375,-0.6361103303655982,1.4969287030443548,0.3852952023714781
1780625762963244800,2.987244873046875,0.3247802356541157,1.4927105008274315,0.5747966144859791
1780625762973239800,2.99723974609375,0.9837354350343346,1.4738503175348043,0.8749240549206733
1780625762983234800,3.00723486328125,1.018254375229776,1.6640245143443344,1.187477261686325
1780625762993229800,3.017229736328125,0.6489823791593313,1.6331740335285663,1.0403753138840197
1780625763003224800,3.027224853515625,0.4886351653367281,2.0840257039159535,0.9222405173689127
1780625763013219800,3.0372197265625,0.46566111698448653,2.8122026158213616,0.8880027322024107
1780625763023216000,3.047216064453125,0.10219868397563696,2.798340971468389,0.4436649737536907
1780625763033211000,3.0572109375,-0.2526768302127719,2.767644219909608,0.26514438985884187
1780625763043206000,3.067205810546875,-1.0221613195404409,2.792025796972215,0.3743669811218977
1780625763053201000,3.077200927734375,-2.2939929809540507,2.4987463227361437,0.3474789741963148
1780625763063196000,3.08719580078125,-2.775020593896508,1.1958408931449056,-0.8746043214470147
1780625763073192000,3.09719189453125,-2.131824981445074,-0.8935697186797856,-2.2057173161298036
1780625763083187000,3.10718701171875,-1.494688815163076,-0.42400691808164115,-1.1509130793988704
1780625763093182000,3.117181884765625,-1.0995359433829783,1.3313596629202364,-0.19139818564653396
1780625763103177000,3.127177001953125,-0.15016308893859387,1.9684470216244458,0.5497568657755851
1780625763113171700,3.137171630859375,0.7895946726813912,1.9133546644777057,0.3161901019632816
1780625763123166700,3.147166748046875,1.0537746014222502,0.9643962360531091,-0.5846919855564833
1780625763133163000,3.1571630859375,1.5728168877214193,-0.24315526089072226,-1.1730208663105963
1780625763143158000,3.167157958984375,1.713239503890276,-0.7751870848834514,-1.2211357856601477
1780625763153153000,3.177153076171875,1.2422273812666536,-0.797920310217142,-0.7510802331089973
1780625763163148000,3.18714794921875,0.9423065693199634,-1.008500166195631,-0.11884440608918666
1780625763173142800,3.197142822265625,1.0833742053940891,-0.9315274011522531,0.6054740768224001
1780625763183137800,3.2071376953125,1.1877490643650293,-0.8216098133623599,1.501943024075031
1780625763193133800,3.2171337890625,1.1711351986944676,-1.8702964439958334,1.288370416021347
1780625763203128800,3.22712890625,1.0867001349464058,-3.0722160725325343,0.7458581145465374
1780625763213123800,3.237123779296875,1.6481971228763461,-3.755347974053025,0.5273667547911405
1780625763223119000,3.247119140625,1.7941200900271534,-3.963896616464853,0.6530868918687105
1780625763233114000,3.257114013671875,1.2756804457962512,-3.9830806248843666,0.6369096640497446
1780625763243110000,3.26710986328125,1.1625623083993792,-3.7718122021198273,0.26822189760804177
1780625763253105000,3.27710498046875,1.3130802021250128,-3.1598522704094645,-0.03497662083506584
1780625763263100000,3.287099853515625,1.1588988174557686,-2.199720121541619,-0.20527648887336253
1780625763273095000,3.297094970703125,1.04598847759068,-0.9468079723924397,-0.10410393307507038
1780625763283090000,3.30708984375,1.2106190678209066,0.817307147732377,0.47813539863228793
1780625763293085000,3.3170849609375,0.9764172209754586,2.2319600108891726,1.193404313647747
1780625763303080700,3.327080810546875,0.03520458437204361,2.406021277287602,1.703994705682993
1780625763313076000,3.337075927734375,-0.2630281283572316,2.116541487595439,1.91881117631793
1780625763323071000,3.347071044921875,0.2617845580369234,1.8777736480087042,2.0573411106079815
1780625763333066000,3.35706591796875,0.9003399434670806,1.8052888420343398,2.0722855817615984
1780625763343061000,3.36706103515625,1.431473941837251,1.9629121838510035,1.80812318867743
1780625763353056000,3.377055908203125,1.049192826589942,0.8021466957405209,1.5239713160097599
1780625763363051800,3.3870517578125,1.1857687042027711,-0.2905979800671339,1.0841887366473675
1780625763373046800,3.397046875,1.3760098287686704,-0.24456746577620506,0.1008481461495161
1780625763383041800,3.407041748046875,0.9187269562900066,-0.6803335029736161,-0.4420148684591055
1780625763393036800,3.417036865234375,0.013840893825888633,0.26509645906388757,-0.4211246406435966
1780625763403031800,3.42703173828125,-0.9298480697631836,1.268407532183826,-0.1337830320239067
1780625763413028000,3.437028076171875,-0.8539417649075388,1.5942282168015838,0.3985954134494066
1780625763423023000,3.447023193359375,0.13724720100313426,0.8700836291521787,0.5800444520115852
1780625763433017900,3.457017822265625,0.9526923542559146,0.012335165438055991,0.5669032308876514
1780625763443012900,3.467012939453125,1.642457556311041,-0.8306573354318737,0.8706371713817119
1780625763453008000,3.4770078125,1.9284834061570464,-1.364893391470611,0.9771925892621278
1780625763463003000,3.4870029296875,1.3854735304236412,-0.9963374347150326,0.6060387249678373
1780625763472999000,3.4969990234375,1.5932929817780852,-0.8136994786292314,0.9021721273303032
1780625763482994000,3.506993896484375,1.896730715804547,-1.1989347675070166,0.5746043067842722
1780625763492989000,3.516989013671875,1.0183470219492912,-1.8415245230197905,-0.8715069399535655
1780625763502984000,3.52698388671875,0.044064913306385275,-2.743681745041907,-1.9951719469428062
1780625763512979500,3.5369794921875,-0.7055155096989124,-3.342285059311986,-2.579353644889593
1780625763522974700,3.546974609375,-1.5187094499588012,-3.2769510018751022,-2.957744474700093
1780625763532970800,3.556970703125,-2.08309982124269,-2.805888610368967,-2.1973568995416164
1780625763542965800,3.5669658203125,-2.3279233076065777,-2.2240213268443942,-2.7487399052143093
1780625763552960500,3.57696044921875,-2.5939386350810527,-1.3969234374597668,-4.102631133416295
1780625763562955500,3.58695556640625,-3.1757518503308293,-0.7074450895220041,-5.435291942062974
1780625763572950500,3.596950439453125,-3.1118489947408436,0.4797299743473529,-6.447599683848023
1780625763582946600,3.606946533203125,-2.226242802286148,1.612694724601507,-4.965324067795276
1780625763592941600,3.616941650390625,-0.45261049675345416,2.102033069771528,-2.7028812403589484
1780625763602936600,3.6269365234375,1.5552560965895652,3.301936974571645,0.2686772401601076
1780625763612931800,3.636931884765625,2.259042663604021,4.416811064600944,2.767175141093135
1780625763622926600,3.646926513671875,2.3768203172445297,4.159847058588266,4.070709223976731
1780625763632921600,3.656921630859375,1.9843384182393549,3.4774501933440565,4.463329070147871
1780625763642917600,3.666917724609375,1.331621528726816,2.9438626643419266,4.2647330819517375
1780625763652912600,3.67691259765625,0.9455272849321364,2.2151143822893498,3.6180490428626535
1780625763662907600,3.68690771484375,0.32841943240668625,1.8151497263133525,3.143208009600639
1780625763672902700,3.696902587890625,-0.4137526505708694,1.4228472755283117,2.9517893656879663
1780625763682897700,3.706897705078125,-0.6158206257265061,0.6162275260269642,2.5306466048657894
1780625763692892700,3.716892578125,-0.6118377666354179,0.23458295511752367,2.339450663793087
1780625763702888700,3.726888671875,-0.3729706313926726,0.030901626481115815,1.762980563136935
1780625763712883700,3.7368837890625,-0.007787073679640889,-0.22480507294684648,0.8743886328697205
1780625763722878700,3.746878662109375,0.3638730596363544,-0.11465806031525135,0.6527344251692294
1780625763732873700,3.756873779296875,1.4863947418093681,0.3274760506093502,0.4135369619935751
1780625763742868700,3.76686865234375,0.8665548705041408,-0.026575872236490248,-1.1068138254314661
1780625763752864500,3.776864501953125,0.19576580627150833,-1.245540159076452,-1.827972383007407
1780625763762859500,3.786859619140625,0.4736754966139793,-1.5702765555888414,-2.17220959880352
1780625763772854500,3.7968544921875,0.8233037577986717,-0.9916182972386479,-2.085134541940689
1780625763782849500,3.806849609375,1.4987339989006518,-0.3996627504199743,-1.4655349091321228
1780625763792844500,3.816844482421875,2.211453229433298,0.06958323931396007,-0.7762655277699232
1780625763802839600,3.826839599609375,1.3000959251284598,0.9591051439076661,0.02852817534804344
1780625763812835600,3.836835693359375,-1.7214087818205355,1.1684949133187532,0.00128010293841362
1780625763822830600,3.84683056640625,-2.859324432480335,1.6600258000969885,0.009539397239685058
1780625763832825600,3.85682568359375,-3.1878631438851355,1.2037415832668543,0.31262510295808316
1780625763842820600,3.866820556640625,-3.5238159309387207,1.4204641797840594,0.8686205708622932
1780625763852815600,3.876815673828125,-2.0263784015893935,2.118948548737168,0.877791134789586
1780625763862810600,3.886810546875,-0.08344970597252249,1.622846116259694,0.3394786230921745
1780625763872806700,3.896806640625,0.600922550997883,0.08591361186802386,0.2065676977276802
1780625763882801400,3.906801513671875,1.0974036075294018,-0.9865092836618423,0.14686521643698214
1780625763892796400,3.91679638671875,1.121644607077539,-1.6496932066529988,-0.02490998485088348
1780625763902791400,3.92679150390625,0.732916653778404,-2.5425854644626376,0.09537877482771873
1780625763912786700,3.93678662109375,0.21426263614445923,-3.208890149822831,0.26942893531024453
1780625763922782700,3.94678271484375,-0.6894577435411512,-4.36241721111238,-0.02025076086819172
1780625763932777700,3.95677783203125,-1.7732652257859707,-4.062102723672986,0.6970563819766045
1780625763942772700,3.966772705078125,-2.7807360489338633,-3.428427219238877,1.5718202778995036
1780625763952767500,3.976767578125,-3.17025822135061,-3.296449775332212,2.089787920704484
1780625763962762500,3.986762451171875,-3.5841935350120067,-2.2619775480121374,2.390458381974697
1780625763972757500,3.996757568359375,-3.1502818935096264,-0.9402467141807078,2.7389433183431624
1780625763982753500,4.00675341796875,-2.7010464261472222,-0.7678472435146569,3.1621015106409787
1780625763992748800,4.016748779296875,0.36934535356760023,0.43406887789070603,3.0030349842786785
1780625764002743800,4.026743896484375,14.652951382529734,2.5406226399570704,1.54271401040256
1780625764012738800,4.03673876953125,9.259552708822488,0.10481062003970146,0.2716834362387657
1780625764022733600,4.046733642578125,-0.12249591433405875,-1.7707061889529228,-0.7217185295462608
1780625764032729600,4.0567294921875,-1.7194015336513517,0.026992051821947097,0.39359541320502756
1780625764042724600,4.066724609375,-1.388137927327305,2.302726322507858,2.165919266487658
1780625764052719600,4.0767197265625,-2.9714988592863083,2.1167197667717934,2.000986770701408
1780625764062714600,4.086714599609375,-4.634174881631136,0.8793348571002483,1.7861466269299386
1780625764072709600,4.096709716796875,-3.498257126790285,0.242159820112586,1.6266922702938318
1780625764082704600,4.10670458984375,-0.0988930665589869,0.9503922606199979,1.3214514323681592
1780625764092700700,4.11670068359375,2.5567840856850146,0.994286931926012,0.6032014557152986
1780625764102695700,4.12669580078125,3.3887481198012828,0.6920148806780576,0.30006460433155296
1780625764112690700,4.136690673828125,3.1061820550203323,1.0869611239701509,-0.10874226040020585
1780625764122685700,4.146685791015625,2.8788088851511477,1.340120477002859,-0.803446380162239
1780625764132680700,4.1566806640625,1.9304491532720625,1.6804519175320862,-1.3990196790866554
1780625764142676500,4.166676513671875,0.3392835389114916,1.7741776644557714,-1.809084581055492
1780625764152671500,4.17667138671875,-0.9208138455666601,1.3427555016815662,-2.354842294192314
1780625764162666500,4.18666650390625,-2.125291488023102,0.4306681295365095,-2.88518251183629
1780625764172661500,4.19666162109375,-1.3832804042935372,-1.0392834269940852,-3.564340833550691
1780625764182656500,4.206656494140625,0.1360135675549507,-1.877085665744543,-3.6075142048448323
1780625764192651500,4.216651611328125,0.29697102223038674,-2.785924849748611,-3.6833202641963956
1780625764202647800,4.226647705078125,-0.4384756614822894,-3.9995062745064494,-4.079642179755866
1780625764212642600,4.236642578125,-0.8618635708827524,-5.645609932234883,-4.463041193117201
1780625764222637600,4.246637451171875,-0.36934418452382084,-7.513211730319261,-4.178955079162121
1780625764232632600,4.256632568359375,0.7922761668503284,-7.282503863069414,-2.892437889792025
1780625764242627600,4.266627685546875,0.2795101843416691,-4.211525223377347,-0.41218876225501294
1780625764252623600,4.27662353515625,-0.30300328813195226,0.1528016207486391,2.2751284137472507
1780625764262618600,4.28661865234375,-0.0680932884505717,3.454899046579003,4.049097988410294
1780625764272613600,4.296613525390625,-0.2710287717223167,6.788914290195703,5.825188500750064
1780625764282608400,4.3066083984375,-0.31428456060290333,11.671221052086352,6.649391253215074
1780625764292603600,4.316603759765625,0.6612228520512581,13.714931696748733,5.740481926584243
1780625764302598700,4.3265986328125,1.0227367813408375,10.374549256187677,2.8889401108041404
1780625764312594700,4.3365947265625,1.2052175010383128,7.670823381698131,0.07258388243466615
1780625764322589700,4.346589599609375,1.6641256366312502,5.1015720286279915,-2.179877356952429
1780625764332584700,4.356584716796875,1.3945651838958262,2.1516028641045093,-3.9782060045853256
1780625764342579700,4.366579833984375,1.2469196307361126,0.31067279984652996,-4.29129404888004
1780625764352574500,4.376574462890625,1.1072843655526636,0.14479542442560195,-2.3574998229637742
1780625764362570500,4.386570556640625,0.7258324676711112,0.700712566396594,0.26848113306611776
1780625764372565500,4.3965654296875,0.469924108191207,0.4407721749216318,1.4955623831272125
1780625764382560800,4.406560791015625,0.3073099723499268,-0.2043769096851349,1.7385946021601557
1780625764392555800,4.4165556640625,0.24730076319761574,-0.910132146424055,1.4033523014634848
1780625764402550800,4.42655078125,0.12686221978478132,-1.2900497474104164,0.9474223048985004
1780625764412546600,4.436546630859375,-0.01867079820036888,-1.3921224669188261,0.5815490113556385
1780625764422541600,4.44654150390625,-0.11800459426417946,-1.3066297108113765,0.27449264844059945
1780625764432536600,4.45653662109375,-0.23689861164875328,-0.9513742573946714,0.10949176359325646
1780625764442531600,4.466531494140625,-0.19463526787161825,-0.6515846706122159,-0.1042532784178853
1780625764452526600,4.476526611328125,-0.12090016957521438,-0.5346154107451438,-0.41885318858027454
1780625764462521600,4.486521484375,-0.1330208154797554,-0.5093763400703668,-0.6846124954670667
1780625764472517600,4.496517578125,-0.22217092505097388,-0.5470283175945282,-0.9130936265781521
1780625764482512600,4.5065126953125,-0.31232758131623267,-0.4983201085269451,-1.020247887134552
1780625764492507600,4.516507568359375,-0.34024083963632584,-0.3655570672005415,-1.0428799901813268
1780625764502502700,4.526502685546875,-0.19328516843691468,-0.1649234356969595,-1.0743307749778033
1780625764512497700,4.53649755859375,0.16869067927598952,0.08529635675251483,-1.048883029988408
1780625764522493700,4.54649365234375,0.40618557631745933,0.2788888375729322,-1.050658807489276
1780625764532488700,4.55648876953125,0.569657644162327,0.38091713341772554,-1.0771066694319247
1780625764542483500,4.5664833984375,0.3184804048575461,0.6744219408422708,-0.8534422909528017
1780625764552478500,4.576478515625,0.1374386319220066,0.6713046856045722,-0.8564183841541408
1780625764562473700,4.5864736328125,-0.10018602897897362,0.4321411246985197,-1.0841200553253292
1780625764572468700,4.59646875,-0.37152328212857244,0.2636579506933689,-1.1223413571700454
1780625764582464800,4.60646484375,-0.2697197349503636,0.04752747485041618,-0.9722571786865591
1780625764592459800,4.616459716796875,-0.36099370480775833,-0.3687520638495683,-0.6065192019611597
1780625764602454800,4.626454833984375,-0.383663509516418,-0.14048516001105307,0.04111790006905794
1780625764612449500,4.636449462890625,0.6989245139360427,0.06287409706413745,0.49515433797240255
1780625764622444500,4.646444580078125,1.2809748989425598,0.24191548996269702,0.7321557524085044
1780625764632440600,4.656440673828125,1.46915836032629,0.2673369314670563,0.42528278323635454
1780625764642435600,4.666435546875,1.071861023863405,0.23061960444450377,0.3453520451702177
1780625764652430800,4.676430908203125,0.8451179685913026,0.05304828409850597,0.22807225804924963
1780625764662425900,4.68642578125,0.5822536524936557,-0.07517126857936382,0.08414148762896656
1780625764672420900,4.6964208984375,0.25664354188665744,-0.10420213275253772,0.23629765008091924
1780625764682415600,4.70641552734375,0.2572838856168091,-0.08512041566371917,0.31588892705962063
1780625764692411600,4.71641162109375,0.4394983555935323,-0.06538578762412071,0.3574285596720874
1780625764702406700,4.72640673828125,0.9001318536743521,-0.06646539955437183,0.33421295764893294
1780625764712401700,4.736401611328125,1.2084490303054451,-0.034874914026260376,0.29066242360547184
1780625764722396700,4.746396728515625,1.273512892498821,0.047391281250119204,0.10487710940465331
1780625764732391700,4.7563916015625,1.4101692880019545,-0.002853635865449905,-0.15055398795232175
1780625764742387700,4.7663876953125,1.30369058861956,-0.06599427491128444,-0.3612127543859184
1780625764752382700,4.7763828125,1.119072710762918,-0.14442483754754065,-0.6011069676540791
1780625764762377700,4.786377685546875,1.0696306344628332,-0.22988602947294712,-0.805044755269587
1780625764772372700,4.796372802734375,1.34888421369493,-0.3510357898950577,-0.9914777197241783
1780625764782367700,4.80636767578125,1.967290252804756,-0.46424423592388625,-1.1254961679391562
1780625764792362800,4.81636279296875,2.521921154357493,-0.4852174658477306,-1.1198946946702897
1780625764802358500,4.826358642578125,2.530371002794802,-0.3594002981364727,-0.9818284323692321
1780625764812353500,4.836353515625,1.9911983671367168,-0.22617256190776824,-0.8750688702188432
1780625764822348500,4.8463486328125,1.5115549020290373,-0.08901274692714214,-0.8434832069963216
1780625764832343600,4.856343505859375,1.4016829069465397,0.0700526103913784,-0.8680638137623667
1780625764842338600,4.866338623046875,1.2227496505975723,0.0792547385007143,-1.0887623281732202
1780625764852334800,4.8763349609375,0.5615756061241031,-0.0026747721672058106,-1.333160282601416
1780625764862329600,4.88632958984375,-0.39300446157455443,-0.036680502143502235,-1.2122015147067606
1780625764872324600,4.89632470703125,-1.0601581649795173,-0.01144376955628395,-0.7377097332738339
1780625764882319600,4.906319580078125,-1.5022700640723108,-0.0713771369934082,-0.15660013624876737
1780625764892314600,4.916314697265625,-1.815242080771923,-0.30103987910449503,0.4474766409963369
1780625764902310700,4.926310546875,-1.8127452955201266,-0.5986170505344868,1.0019080744542181
1780625764912305700,4.9363056640625,-1.3634689116254448,-0.8065420080900192,1.585276410191506
1780625764922300700,4.94630078125,-0.6223486392557621,-0.9984370373427868,2.0709072791457177
1780625764932295700,4.956295654296875,-0.17595745540857313,-1.222505904969573,2.27435173028633
1780625764942290400,4.96629052734375,-0.2710530293807387,-1.544004634734988,2.1487191253617404
1780625764952285700,4.97628564453125,-0.32087942882329223,-1.9273919576585292,1.8531966945044696
1780625764962281700,4.98628173828125,-0.2136716845139861,-2.2131121025562286,1.439161573730409
1780625764972276700,4.99627685546875,-0.013071370758116244,-2.2138789952754974,0.9254813989862799
1780625764982271700,5.006271728515625,-0.12816811475157738,-1.9823264938950538,0.4220062457837164
1780625764992266800,5.016266845703125,-0.27079379392266273,-1.7530197256147861,0.07102861581668257
1780625765002261800,5.02626171875,0.04509703283309936,-1.5367249991208314,-0.10441548324227333
1780625765012257500,5.036257568359375,0.5908382332265377,-1.2540063741266727,-0.07380217218324542
1780625765022252500,5.04625244140625,1.043179849910736,-0.9828063374906778,0.036426088991016146
1780625765032247600,5.05624755859375,1.239598786328733,-0.7149129411846399,0.14046835500672458
1780625765042242800,5.066242919921875,1.1624983032524585,-0.4410673584759235,0.25850188310444355
1780625765052237800,5.07623779296875,1.077482809267938,-0.21486673951745033,0.2994774520933628
1780625765062232800,5.08623291015625,0.9966168361783027,-0.019735797083377835,0.31507103480547666
1780625765072228600,5.096228515625,0.8438821431860327,0.154989486181736,0.3018618630118668
1780625765082223600,5.1062236328125,0.5819505778938532,0.39115678788125513,0.28252281016111375
1780625765092218600,5.116218505859375,0.37453620020896194,0.6379653105825185,0.31626389785185455
1780625765102213600,5.126213623046875,0.43930677854418754,0.782032420733571,0.5101128376513719
1780625765112208600,5.136208740234375,0.884246010017395,0.8393319325357675,0.9567683715231716
1780625765122204400,5.146204345703125,1.658048070283234,0.915011150637269,1.3793366351038217
1780625765132199700,5.15619970703125,2.3331644231304525,1.067701127704978,1.6196419133909046
1780625765142194700,5.166194580078125,2.469642977848649,1.2234721196532248,1.4632209331013262
1780625765152189700,5.176189697265625,1.79884478046149,1.297823888543248,0.8819204896792769
1780625765162184700,5.186184814453125,0.9546715453743934,1.1733394307404756,0.2676061037972569
1780625765172180700,5.1961806640625,0.4093719512686133,0.8700830446302891,-0.05102013927176594
1780625765182175700,5.20617578125,-0.031763796268403525,0.6545230621516704,-0.1503982128687203
1780625765192170500,5.21617041015625,-0.11451134532094001,0.713359282001853,0.014301643205434082
1780625765202165500,5.22616552734375,0.21532997311502694,0.7797802578926086,0.3190769094459712
1780625765212160500,5.236160400390625,0.3767024383321404,0.7348480602324009,0.6201609199531376
1780625765222155500,5.246155517578125,-0.6036290334776043,0.46085985418260095,0.6985188557446003
1780625765232151800,5.25615185546875,-2.541137603741884,0.009867314019799232,0.8759346932679414
1780625765242146800,5.266146728515625,-3.717975105731189,-0.34609833349287505,1.3382003225952386
1780625765252141800,5.276141845703125,-3.7148166417002675,-0.2489437811642885,1.932024878156185
1780625765262136600,5.286136474609375,-3.0953967493727803,0.1873532941699028,2.2803476097002626
1780625765272131600,5.296131591796875,-2.173174059921503,0.7594213604748249,2.476304481564462
1780625765282127600,5.306127685546875,-1.4376727964773772,1.1860773317605255,2.191796342805028
1780625765292122600,5.31612255859375,-1.5739827166303992,1.3181103052467107,1.0092463083878158
1780625765302117600,5.32611767578125,-2.257688618646562,1.262924424597621,-0.21019202570468187
1780625765312112600,5.336112548828125,-3.0271088105663657,1.0479162307828664,-0.8297557104170322
1780625765322107600,5.346107666015625,-3.539104393224418,0.6945213105410337,-1.0539181015461683
1780625765332103700,5.356103759765625,-3.6307217696920033,0.35082302392721176,-1.0482160905122757
1780625765342098700,5.3660986328125,-3.3552570613488553,0.13106734332442282,-0.8678993439156562
1780625765352093700,5.37609375,-2.6263079960271716,0.08731354179382324,-0.5817586355183273
1780625765362088700,5.386088623046875,-1.512978505091369,0.12165595637857914,-0.3608337650056928
1780625765372083700,5.396083740234375,-0.8062114609614014,0.1827560295075178,-0.25171857963986694
1780625765382078700,5.40607861328125,-1.0986977389931678,0.2980523877263069,-0.2022700735989958
1780625765392074500,5.416074462890625,-1.7377040830612183,0.4676455687999725,-0.13103417170718312
1780625765402069500,5.426069580078125,-2.164837316469848,0.614161241146922,-0.15589059973992406
1780625765412064500,5.436064453125,-2.444280865316093,0.5458265405893326,-0.20123766181133687
1780625765422059800,5.446059814453125,-2.4727786455258727,0.3735328683853149,-0.2697653276577592
1780625765432054800,5.4560546875,-2.2717665360987187,0.2022451583534479,-0.34992052212953567
1780625765442050800,5.46605078125,-1.9616846878826617,0.1387146432071924,-0.4032071450285613
1780625765452045600,5.476045654296875,-1.6183543577983974,0.14921674799919127,-0.36817806335389613
1780625765462040600,5.48604052734375,-1.3740204085171221,0.17264906151294707,-0.2299061589455232
1780625765472035600,5.49603564453125,-1.1894924009010195,0.21206804870963095,0.050632455128431314
1780625765482030600,5.506030517578125,-0.9906303091146051,0.10617138699889182,0.42978345565646886
1780625765492025600,5.516025634765625,-0.8374924421489238,-0.12460662287771701,0.7073045120075344
1780625765502021600,5.526021728515625,-0.7903552817903459,-0.2441781741976738,0.8539286131650209
1780625765512017000,5.536016845703125,-0.9040497577704488,-0.20756664563715457,0.8954692686907947
1780625765522011100,5.54601123046875,-0.9995547893263399,-0.03441898695230484,0.8920689587280154
1780625765532006100,5.556006103515625,-0.9051882602810859,0.1295394031047821,0.8025283885344863
1780625765542001000,5.5660009765625,-0.6572456189833581,0.15947452264130116,0.5724761356491596
1780625765551997200,5.5759970703125,-0.5201099155306815,0.0130406833589077,0.2194903807301074
1780625765561992200,5.5859921875,-0.48742009045854207,-0.29388766926229,-0.23907420212216673
1780625765571987200,5.5959873046875,-0.4559551310062408,-0.5488590401530266,-0.690494246982038
1780625765581982200,5.605982177734375,-0.5597158036015928,-0.5813146180778741,-0.9559227144792676
1780625765591977200,5.615977294921875,-0.8122178617693483,-0.376977455881238,-1.07084936260283
1780625765601973000,5.625972900390625,-1.0167243891835211,0.012267360898852348,-0.9883604644864797
1780625765611968000,5.635968017578125,-1.0790927286826073,0.37542788835167884,-0.7655434966169298
1780625765621963000,5.645962890625,-0.9340063584864139,0.5208762237280606,-0.4781139905180782
1780625765631958000,5.6559580078125,-0.5906103427547961,0.4204162001132965,-0.23455000269599258
1780625765641953300,5.665953369140625,-0.1174796936072409,0.20112462989091873,-0.033535043724626304
1780625765651948300,5.6759482421875,0.16627061252221464,-0.196280696991086,0.10410597890168428
1780625765661944000,5.685944091796875,-0.06330474356636405,-0.4184714957863092,0.28000023288093506
1780625765671939000,5.69593896484375,-0.741925451272726,-0.338269247302413,0.3277307925553992
1780625765681934000,5.70593408203125,-1.2564555208444594,-0.0002589431971311569,0.16394037947636098
1780625765691929000,5.71592919921875,-1.4582359842956065,0.5191355175405741,0.12031455170698463
1780625765701924000,5.725924072265625,-1.5902010071121155,0.8965402589231729,0.30017522509917616
1780625765711920000,5.735920166015625,-1.7235374644123016,1.0264309596836567,0.5352416163520887
1780625765721915000,5.745914794921875,-1.7138791169680654,0.930587489953637,0.697730993302539
1780625765731910100,5.75591015625,-1.5177544873215256,0.6026327159166336,0.7276881054751575
1780625765741905200,5.7659052734375,-1.2483704140663145,0.1010223336726427,0.7408377291012554
1780625765751900200,5.775900146484375,-0.9424902553237974,-0.3922673794716596,0.9382945571996271
1780625765761896200,5.785896240234375,-0.41009588162899013,-0.6377712493151426,1.216490809398517
1780625765771891200,5.79589111328125,-0.12697554396614433,-0.6618155572474003,1.3587395450159907
1780625765781886200,5.80588623046875,-0.39851314199343324,-0.4554243851304054,1.3488792452588676
1780625765791881000,5.815880859375,-0.4550796633459627,-0.12575228578150272,1.14621410792768
1780625765801876000,5.8258759765625,-0.5495253951072693,0.23035364698469638,0.6543577885873615
1780625765811871000,5.83587109375,-1.073163484764099,0.4068301578313112,0.1328345356600359
1780625765821867300,5.8458671875,-1.7299638441979883,-0.0016220482438802717,-0.2224457599369809
1780625765831862300,5.8558623046875,-2.2402022079251704,-0.5574959355950355,-0.14368717092275618
1780625765841857300,5.865857177734375,-2.3737306806661187,-1.01730481941998,0.05157623878456652
1780625765851852300,5.875852294921875,-2.0358103929318485,-1.2932500047564506,0.3726388786876574
1780625765861847000,5.885846923828125,-1.314589583774656,-1.070050905701518,0.7383372175224125
1780625765871843000,5.895843017578125,-0.30263752355948087,-0.6388426779389381,0.9201144651256501
1780625765881838000,5.905838134765625,1.1022715058267116,-0.09960837522149085,0.8558752902533858
1780625765891833000,5.9158330078125,2.2197287442170084,0.42879590592384337,0.41782910622954367
1780625765901828000,5.925828125,2.6214085335478186,0.8186129696339368,-0.2248592142868787
1780625765911823000,5.935822998046875,1.9223231299616395,0.944297450876236,-0.7777380845405161
1780625765921819100,5.945819091796875,0.6090390758275985,0.7505494872331618,-1.309016021426022
1780625765931814100,5.955814208984375,-0.34662864097729323,0.5892483336865901,-1.5899508317433297
1780625765941809200,5.96580908203125,-0.7423254103757441,0.4807067104250192,-1.5540341535791753
1780625765951804200,5.97580419921875,-0.7007916229821741,0.4071101438164711,-1.2545339051321147
1780625765961799200,5.985799072265625,-0.5560825616657734,0.27935937769412994,-0.5132147126568481
1780625765971794200,5.995794189453125,-0.016706950781494378,-0.004639934760332107,0.27593539459481836
1780625765981790000,6.0057900390625,0.4306207832634449,-0.5264899719566106,0.6769361886855214
1780625765991785000,6.015784912109375,0.9309117534719407,-1.1154033746004104,0.6688910485915839
1780625766001780000,6.025780029296875,1.2843280087627469,-1.419644680094719,0.46500816950108853
1780625766011775000,6.03577490234375,1.3929929661430418,-1.4994886166602373,0.12475954841710626
1780625766021770000,6.04577001953125,1.2207635913468897,-1.4142571418374776,-0.07117470975648611
1780625766031766300,6.055766357421875,0.997762352951616,-0.7974222975671291,0.04569127239920199
1780625766041761300,6.06576123046875,1.05853991612792,0.1262152271181345,0.14751082086414097
1780625766051756000,6.075756103515625,1.3661165035247802,1.0144500145107507,0.03137063223235309
1780625766061751000,6.0857509765625,1.3957995479963718,1.640824840542674,-0.20992928311526773
1780625766071746000,6.09574609375,0.7574890772379934,1.7896861992329358,-0.44705688121430576
1780625766081742000,6.1057421875,0.15675605746284127,1.394084706902504,-0.6518399605475366
1780625766091737000,6.115737060546875,0.28288872086405753,0.5376753828376531,-0.7456574043426663
1780625766101732000,6.125732177734375,0.7423812322162091,-0.2406394786775112,-0.6179522309277207
1780625766111727400,6.135727294921875,0.7562227105639875,-0.9123638509988784,-0.399626948454231
1780625766121722000,6.14572216796875,0.307701675081253,-0.8923042287886143,0.3899103314841166
1780625766131717000,6.155717041015625,-0.012998743913322687,-0.321180165335536,1.235317601878196
1780625766141713200,6.165713134765625,-0.48700011148080224,-0.10291852268278598,1.4909873302966354
1780625766151708200,6.175708251953125,-1.057405943661928,-0.4052800057798624,1.383066177020967
1780625766161703200,6.185703125,-1.4653952084004878,-0.7731231380909681,1.1798118416249752
1780625766171698200,6.1956982421875,-1.725815638477355,-0.9620476271003484,1.0729003037832676
1780625766181693200,6.205693115234375,-1.7950984335400164,-0.9460299737572669,1.0509468306504188
1780625766191689000,6.21568896484375,-1.2885793825969099,-0.7292237906098366,0.9295055399358272
1780625766201684200,6.225684326171875,-0.5285165093481541,-0.4337199183225631,0.7035425291255116
1780625766211679200,6.23567919921875,0.1275108198866248,-0.2140618528753519,0.32288397357873616
1780625766221674200,6.24567431640625,0.7097941368661821,-0.05632219120264053,-0.21340225645545868
1780625766231669200,6.255669189453125,1.141372513115406,0.03981996921300888,-0.6061694386754185
1780625766241665000,6.2656650390625,1.5569089783631265,0.06186521228253841,-0.8304999529130757
1780625766251660000,6.275659912109375,1.69903430679664,0.06494681168496608,-0.8154620313223451
1780625766261655000,6.285655029296875,1.4431421677991747,0.0088099139213562,-0.6602787030689418
1780625766271650000,6.295650146484375,0.8539151691615581,-0.03747369834780693,-0.38121966002825647
1780625766281645000,6.30564501953125,0.0910391381882131,0.1036842463582754,0.054429874650016426
1780625766291640000,6.31564013671875,-0.550172022447735,0.2996820347547531,0.5244251118486747
1780625766301636000,6.325635986328125,-0.6629515755400062,0.3328507293850183,0.5472248265473172
1780625766311631000,6.335631103515625,-0.6596820523500442,0.14618424843549727,0.06240604116097092
1780625766321626000,6.345626220703125,-1.0153726823136209,-0.2014396871894598,-0.3553773262307048
1780625766331621000,6.35562109375,-0.6838523247495293,-0.647770665282011,-0.4381122349973768
1780625766341616000,6.3656162109375,0.533300236493349,-1.0482745427012443,-0.5864312669718638
1780625766351612200,6.375612060546875,1.4786495345100759,-1.2299088747024536,-0.921195392230153
1780625766361607200,6.385607177734375,1.735485237967968,-0.9086129740327596,-1.1832441541612149
1780625766371602200,6.395602294921875,1.5386758409276604,-0.13248188629746435,-1.1615738818839192
1780625766381597000,6.405596923828125,1.2369216760739683,0.7273948216170072,-1.1578174519598483
1780625766391592000,6.415592041015625,0.4936179221853614,1.2985136243730784,-1.3407732418231666
1780625766401588200,6.425588134765625,-0.8400774902060627,1.451871709960699,-1.4760307303138076
1780625766411583200,6.435583251953125,-1.77706198772043,1.275063775202632,-1.40035838034451
1780625766421578200,6.445578125,-1.4666355638504027,0.8102022841632366,-0.9782464822292327
1780625766431573200,6.4555732421875,-0.7033177804589271,0.25486791051626206,-0.2915100899433717
1780625766441568300,6.465568359375,-0.5084525032237172,-0.23215163631737232,0.2540037314349785
1780625766451563000,6.47556298828125,-0.46658992226719853,-0.599808306145668,0.5782413481123745
1780625766461559000,6.48555908203125,-0.000789104551076889,-0.5839467201471329,0.7643214805413037
1780625766471554000,6.495553955078125,0.4216273294687271,-0.018896423649787903,0.5655973359208554
1780625766481549000,6.505549072265625,0.33391543600708246,0.6560673689842224,0.06743913995735347
1780625766491544000,6.5155439453125,0.1282297818109393,0.9410194521188735,-0.2873549795579165
1780625766501539300,6.525539306640625,-0.04943389299362898,0.8934791177868843,-0.3035633331675082
1780625766511535000,6.53553515625,-0.1550362479329109,0.5647188725858926,-0.09650383333489299
1780625766521530000,6.545530029296875,-0.15758037945777176,0.10495499694645405,0.01067329664044082
1780625766531525000,6.555525146484375,-0.3287815802499652,-0.21994681926071644,-0.10946480252109467
1780625766541520100,6.56552001953125,-0.8333589956060051,-0.31988018865287304,-0.46978996041752397
1780625766551515100,6.57551513671875,-1.3598621193051337,-0.1811620383143425,-0.8135120662983506
1780625766561511000,6.585510986328125,-1.5310884545385837,0.12544658083319662,-1.0255589991547167
1780625766571506000,6.595505859375,-1.4485694535449147,0.4019879784971475,-0.9510893760386854
1780625766581501000,6.6055009765625,-1.4998989510267973,0.52111996935606,-0.5524064304362982
1780625766591496200,6.61549609375,-1.2992989295318722,0.5648533126205205,0.12352540351226925
1780625766601491200,6.6254912109375,-0.8036182295978069,0.6518178948462009,0.6325956733081489
1780625766611486200,6.635486328125,-0.32752661175280806,0.711794516903162,0.8078893310457468
1780625766621482200,6.645482177734375,-0.29729338605254885,0.6275134746730328,0.8489495826434343
1780625766631477000,6.65547705078125,-0.5320812160924077,0.3176642661690712,0.828308361152932
1780625766641472000,6.665471923828125,-0.71506199426651,-0.14031798675060272,0.7865595427691936
1780625766651467000,6.675467041015625,-0.7897101157546043,-0.5299351439744234,0.7511015681579709
1780625766661462000,6.6854619140625,-0.6115294313386083,-0.6997644718915224,0.7201229309178888
1780625766671458000,6.6954580078125,-0.2997442863360047,-0.533141831061244,0.7113065141905098
1780625766681453300,6.705453369140625,-0.052850131177902215,-0.1642033047288656,0.6069678955767304
1780625766691448300,6.7154482421875,0.08752601550072431,0.21745850957632062,0.3040537470329553
1780625766701443000,6.725443115234375,0.05889847143143415,0.4923381115078926,-0.23943054127916694
1780625766711438000,6.73543798828125,-0.18317746978998184,0.5963005902856588,-0.8374570055093615
1780625766721434000,6.74543408203125,-0.5545546214461327,0.538774283990264,-1.2444226993538439
1780625766731429000,6.75542919921875,-1.024017176540196,0.3350941243976354,-1.4396563715100288
1780625766741424000,6.765424072265625,-1.2573790654301642,0.07092939322590827,-1.4074617826089262
1780625766751419100,6.775419189453125,-1.1227394165769218,-0.14683482129871844,-1.2116088095106183
1780625766761414100,6.7854140625,-0.9049886460557579,-0.23310732960700986,-0.9230271377019583
1780625766771410200,6.79541015625,-0.7266004563689231,-0.13544190514683724,-0.6867573254760354
1780625766781405200,6.8054052734375,-0.6567477524638176,0.0899859758734703,-0.545634671279043
1780625766791400200,6.815400146484375,-0.5337529486969113,0.3381406524866819,-0.4172388121861964
1780625766801395200,6.825395263671875,-0.31942616127505896,0.46507601057291026,-0.31272432554885743
1780625766811390200,6.83539013671875,-0.1932522890806198,0.3779220432549715,-0.21928360611163078
1780625766821385200,6.84538525390625,-0.2022632785320282,0.13088204988539218,-0.17478220108412204
1780625766831381000,6.855381103515625,-0.23766017060577868,-0.14101415232121944,-0.15954561511613427
1780625766841376000,6.8653759765625,-0.2920022939071059,-0.3628852176427841,-0.0902607742268592
1780625766851371000,6.87537109375,-0.21267624373584984,-0.4220610447108745,0.014540055071189998
1780625766861366000,6.885365966796875,-0.09749649763405323,-0.3715519237011671,0.20523528008013964
1780625766871361000,6.895361083984375,0.02556640293300152,-0.2936298951089382,0.4202013883188367
1780625766881357300,6.905357421875,-0.006967500925064087,-0.36532325844466684,0.5433966100286692
1780625766891352000,6.91535205078125,-0.049077626901865005,-0.46791795600056646,0.6129591718807816
1780625766901347000,6.92534716796875,0.1319359428524971,-0.49133156481385226,0.690142803195864
1780625766911342000,6.935342041015625,0.3827612999796867,-0.3987888901948929,0.7000370782878249
1780625766921337000,6.945337158203125,0.513467701037228,-0.15967793625891208,0.5172616134274751
1780625766931333000,6.9553330078125,0.539324319088459,0.17343816606402396,0.30707053757086394
1780625766941328100,6.965328125,0.4915992758393287,0.4651309556305408,0.029688889690488576
1780625766951323100,6.9753232421875,0.3305333923533559,0.5064011236518621,-0.24552162469588218
1780625766961318100,6.985318115234375,0.06011106209158897,0.274519536447525,-0.4677070166636258
1780625766971313000,6.99531298828125,-0.17647212693244219,-0.13416004864275455,-0.6242393483731895
1780625766981308200,7.00530810546875,-0.17396978872269392,-0.553899372407794,-0.6797352448195219
1780625766991304200,7.01530419921875,-0.09088847767114638,-0.8647948750942945,-0.7441524796724319
1780625767001299200,7.02529931640625,-0.2203928094625473,-0.9047522069513797,-0.6868714533749968
1780625767011294200,7.035294189453125,-0.34043343959897754,-0.6235124223381281,-0.3595623568303883
1780625767021289200,7.045289306640625,-0.25459464653283354,-0.1720855824112892,0.08388488251939416
1780625767031284000,7.055283935546875,0.19235154084861278,0.24912381390631197,0.4133732958644628
1780625767041280000,7.065280029296875,0.7657996633350849,0.48084115045964715,0.4462896962340921
1780625767051275000,7.07527490234375,0.8815820515051483,0.47987025960087776,0.30160715759843587
1780625767061270300,7.085270263671875,0.36638270436972376,0.23475685037970542,0.18743176623359323
1780625767071265300,7.095265380859375,-0.4062149485424161,-0.26430384738147256,0.07263553955666721
1780625767081260300,7.10526025390625,-0.6712368810653686,-0.785602095913887,-0.11629457547590136
1780625767091256000,7.115256103515625,-0.4996937349677086,-1.1289075838178395,-0.36598895581178365
1780625767101251000,7.1252509765625,-0.47982525141537186,-1.1486182464599608,-0.3911645327962935
1780625767111246000,7.13524609375,-0.5854676461040973,-0.8292647120296954,-0.06952376421168446
1780625767121241000,7.145240966796875,-0.5423582799568772,-0.17916297345161436,0.4569555402204394
1780625767131236000,7.155236083984375,-0.19027999527156353,0.5848445457696915,0.9132171068273485
1780625767141231000,7.165231201171875,0.2465963412553072,1.1358873597025871,1.1374955255515873
1780625767151227100,7.17522705078125,0.39794133345484733,1.2903840939313171,1.069267646369338
1780625767161222100,7.18522216796875,0.20464520523250102,1.0091437247961759,0.794328788531199
1780625767171217200,7.195217041015625,-0.37719898967742915,0.42887481637895103,0.5637309575270861
1780625767181212200,7.205212158203125,-0.6721902362674474,-0.1772533404380083,0.60440871261321
1780625767191207200,7.215207275390625,-0.3703165366873145,-0.562696426847577,0.8606730459239333
1780625767201203200,7.225203125,0.07433043384104966,-0.6940460942447185,1.0650785971816628
1780625767211198200,7.2351982421875,0.42126024972200393,-0.6241723475515842,1.107446351181343
1780625767221193000,7.24519287109375,0.4281672526314854,-0.3910550810724497,1.0400476893648505
1780625767231188000,7.25518798828125,0.011315174740552901,-0.090417353028059,1.0013487600710242
1780625767241183000,7.265182861328125,-0.31303777541220185,0.08065466842651367,0.9837523131038993
1780625767251179300,7.27517919921875,-0.30376258206665513,0.053225394231081004,0.8806555112447589
1780625767261174300,7.28517431640625,0.020266542959213256,-0.08150105612277984,0.6301284064117819
1780625767271169300,7.295169189453125,0.5035357973486185,-0.25708500204384327,0.2619499046664685
1780625767281164300,7.305164306640625,0.8115262262433767,-0.3496516420602798,-0.11444807082638143
1780625767291159000,7.315158935546875,0.9055681995093822,-0.3818564600944519,-0.43199777070507406
1780625767301155000,7.325155029296875,0.9186921772375702,-0.35584348243772984,-0.5954242458425462
1780625767311150000,7.335150146484375,0.8380185118496417,-0.26998189301788805,-0.663152212678641
1780625767321145000,7.34514501953125,0.8589169229716062,-0.14359364742040634,-0.6607441286236048
1780625767331140000,7.35514013671875,1.1262462556540966,0.0059440030962228775,-0.5578587775580585
1780625767341135000,7.365135009765625,1.5637801793068646,0.15067279202640055,-0.3278000949319452
1780625767351130000,7.375130126953125,2.076864726245403,0.24425357752144336,0.03427855556830764
1780625767361126100,7.385126220703125,2.6019457081869244,0.18674656044840812,0.3982310371164232
1780625767371121200,7.39512109375,2.972664980456233,-0.031443186011910436,0.7015706445306539
1780625767381116200,7.4051162109375,2.800082262177765,-0.3110077308893204,1.0574052860748022
1780625767391111200,7.415111083984375,2.2158353900402785,-0.6933528512835502,1.3194836394265292
1780625767401106200,7.425106201171875,1.8296411930024623,-0.9841215117424726,1.3996899795636535
1780625767411102000,7.43510205078125,1.5223942759513853,-0.8867857576280832,0.9683521340720355
1780625767421097000,7.445096923828125,1.3833321344807743,-0.6756330701977015,-0.49607729803621764
1780625767431092000,7.455092041015625,1.50896693136245,-1.0126929417103527,-2.5605054442957043
1780625767441087000,7.4650869140625,0.7842156099915504,-1.3584873238205908,-3.8081229941681025
1780625767451082200,7.475082275390625,-1.1253273872435092,-1.3831395345181225,-4.1233167785704135
1780625767461078300,7.485078369140625,-2.835522701132297,-1.261555474331975,-3.5776904367282985
1780625767471073000,7.495072998046875,-2.6259040914013982,-1.0572118823945522,-2.098237769141793
1780625767481068000,7.505068115234375,-1.038685461100936,-0.957984615445137,-0.23056904330104588
1780625767491063000,7.51506298828125,0.04384206433594227,-1.0583464393824338,1.4850228689342737
1780625767501058000,7.52505810546875,0.303244403411448,-1.3825292936652898,2.6893296848684547
1780625767511054000,7.53505419921875,-0.5025792272761463,-2.0149223570734263,3.086299835203588
1780625767521049300,7.54504931640625,-1.7788000635594128,-2.6582050632864234,2.9571745658576485
1780625767531044400,7.55504443359375,-2.9314082564383743,-2.985101852703094,2.7875667717367407
1780625767541039000,7.5650390625,-3.716354226531088,-2.816153399273753,2.96921980843842
1780625767551034000,7.5750341796875,-3.6425124529898163,-2.212976493477821,3.527373331159353
1780625767561030100,7.585030029296875,-2.9453923581272363,-1.2851520384967325,3.97834687436074
1780625767571025200,7.595025146484375,-1.6953841137260197,-0.2981751373231411,3.931421749317646
1780625767581020400,7.6050205078125,0.07797025164812803,0.48954058974385256,2.6970938891291616
1780625767591015400,7.615015380859375,2.7267098597139117,1.2022194882661104,0.3940896995279938
1780625767601010400,7.625010498046875,6.261274563682079,2.7022709995061156,-1.2972723921403289
1780625767611005200,7.635005126953125,9.044485478296876,5.4680497178047895,-1.5926437240891158
1780625767621001200,7.645001220703125,8.857092436638474,8.372936462542414,-1.5141424343042076
1780625767630996200,7.654996337890625,4.916433487898111,9.340960241442918,-1.8527143178150056
1780625767640991200,7.6649912109375,-0.735377344803512,6.536811752739548,-2.0886060174435377
1780625767650986200,7.674986328125,-3.371643255743384,1.5144436092078686,-1.5632242989897727
1780625767660981200,7.684981201171875,-3.001681816104054,-2.5367110194712876,-0.4328590637095272
1780625767670977300,7.694977294921875,-2.094769216248393,-4.964280111700296,0.39833062503337857
1780625767680972300,7.70497216796875,-2.050511264587939,-6.007422552210092,0.42793037513568993
1780625767690967300,7.71496728515625,-2.2874214936092496,-5.643935861542821,0.6035750382680446
1780625767700962300,7.72496240234375,-2.023732855516672,-3.9740035844594237,0.7055259580276906
1780625767710957300,7.734957275390625,-2.0904382013067604,-1.3658663281559944,-0.33106581872962415
1780625767720953300,7.744953369140625,-2.0679563203856346,0.7632166611045599,-1.6719319264680146
1780625767730948000,7.754947998046875,-1.5455965801015494,2.0336194587588308,-2.168902227821201
1780625767740943000,7.764943115234375,-1.005439609581232,2.7955735525816676,-2.1149594791010022
1780625767750938000,7.774938232421875,-0.18433248504400251,3.095043405890465,-1.5511830019317567
1780625767760933000,7.78493310546875,1.1755930548861622,2.937529954189062,-0.4434468740236014
1780625767770929400,7.794929443359375,2.374149052208662,2.107291428691149,1.0837202423527836
1780625767780924400,7.80492431640625,2.33549111251235,0.5811743328243494,2.280486433649063
1780625767790919400,7.81491943359375,0.853975082655251,-0.7697101147770882,2.8482769687652585
1780625767800914200,7.8249140625,-0.9667454295277595,-1.4493588503569363,3.1619074493736026
1780625767810909200,7.8349091796875,-1.9413643689095972,-1.7063684490770101,3.055004825490713
1780625767820904200,7.844904296875,-1.9282991356313228,-1.676052805790305,2.3635119228601456
1780625767830900200,7.854900146484375,-1.5257295578539372,-1.4139806629836558,1.4330156183212994
1780625767840895200,7.864895263671875,-1.244332244591415,-0.9501759875208139,0.2820244321849197
1780625767850890200,7.87489013671875,-1.3956313518226147,-0.33408348605036736,-0.8442140054889022
1780625767860885200,7.88488525390625,-1.5401391914784908,0.09742401691973208,-1.3795419484175742
1780625767870880000,7.8948798828125,-1.5145254422724246,0.3287444631099701,-1.456632202360779
1780625767880876300,7.904876220703125,-1.207902502338588,0.44279578970372674,-1.217246011679992
1780625767890871300,7.914871337890625,-0.5878884435102343,0.3829489315062761,-0.817440564853698
1780625767900866300,7.9248662109375,0.07886836953163147,0.23917466682195662,-0.4759126810815185
1780625767910861300,7.934861328125,0.009670622403919697,0.20620470963418483,-0.24873532604537904
1780625767920856300,7.944856201171875,-0.6181799752689897,0.31234687053859234,0.06193458772432059
1780625767930852000,7.95485205078125,-1.414728997132927,0.5120984585106373,0.5825815692737698
1780625767940847000,7.96484716796875,-2.2970994225367902,0.6515998681813479,1.3625138028576969
1780625767950842000,7.974842041015625,-2.8379414527118203,0.5391197364270687,2.0427122812747953
1780625767960837000,7.984837158203125,-2.5591829635202883,-0.09268237535059451,2.356185671625286
1780625767970832400,7.994832275390625,-0.6731912300035358,-0.7397001764386892,2.697165785321593
1780625767980828200,8.004828125,1.9254630354225635,-1.0289490799844265,2.845648373827338
1780625767990823200,8.0148232421875,3.0023803197622296,-0.8662591024279593,1.8676970751523971
1780625768000818200,8.024818115234375,1.3622390775695443,-0.12542962969839572,-0.44699499495923517
1780625768010813200,8.034813232421875,-0.8371360299266875,0.6084142219275236,-2.118440306954086
1780625768020808200,8.04480810546875,-2.1910662749648093,0.967406523784995,-2.860460158511996
1780625768030804200,8.05480419921875,-2.257761830013245,0.875970933625102,-2.933291001445055
1780625768040799200,8.06479931640625,-1.44683430031538,0.32720190984308717,-2.713357918448746
1780625768050794200,8.074794189453126,-0.12354220851659774,-0.3296189078569412,-2.4437005812101065
1780625768060789200,8.084789306640625,1.3053110294282435,-0.7228361353993416,-2.104539207373559
1780625768070784300,8.0947841796875,2.394002484322339,-0.7284072135299444,-1.5976533689446746
1780625768080780300,8.1047802734375,2.978481557780504,-0.4077233072787523,-0.905610431215912
1780625768090775300,8.114775390625,2.9299440291047096,-0.10691372979879378,-0.2933206099640578
1780625768100770300,8.124770263671875,2.531387778621912,-0.026131635600328443,-0.11413305006045847
1780625768110765300,8.134765380859376,2.347168544694036,-0.168508892968297,-0.39429680294003333
1780625768120760300,8.14476025390625,1.7948437281265854,-0.268210207170248,-0.6319400589436293
1780625768130755000,8.154755126953125,0.7890003600500524,-0.27894962784945965,-0.5918204126643016
1780625768140751400,8.16475146484375,-0.22085779662579297,-0.26293665068149563,-0.45294838693831113
1780625768150746400,8.174746337890625,-0.9071241967797279,-0.2310924826532602,-0.43967349296472963
1780625768160741400,8.184741455078125,-1.0463172711536288,-0.1930781015574932,-0.6682971012864262
1780625768170736400,8.194736328125,-1.2465677485585211,-0.20138065047860143,-0.8656855403237045
1780625768180731400,8.2047314453125,-1.6231300477676092,-0.20608254455924033,-0.6316040319222956
1780625768190727200,8.21472705078125,-1.5180992091059684,-0.2844932334512472,-0.14849175819288937
1780625768200722200,8.22472216796875,-0.27886019600033757,-0.41029461907148357,0.3031409247706644
1780625768210717200,8.23471728515625,1.4021163299277424,-0.4180623304635286,0.6168373284883797
1780625768220712200,8.244712158203125,2.0149239645086228,-0.1837187370598316,0.8888657057072967
1780625768230707200,8.254707275390626,1.465517665736377,0.15834464182853697,1.2586905864201485
1780625768240703200,8.264703125,0.6928546925030649,0.30699148098528384,1.4715148603245616
1780625768250698200,8.2746982421875,-0.06693024058714508,0.24273732773959636,1.5607352586530148
1780625768260693200,8.284693359375,-0.7958700996890664,0.24568857876062392,1.9203480304963885
1780625768270688300,8.294688232421874,-1.7747046109393239,0.26980419836342334,2.361982229074836
1780625768280683300,8.304683349609375,-2.4882877648249266,0.010146130961179733,2.5121082008734343
1780625768290679300,8.31467919921875,-1.81867000939399,-0.29944004269242286,2.12793864153102
1780625768300674300,8.32467431640625,-0.2223831064969301,-0.23826748884916304,1.2880201412789523
1780625768310669000,8.3346689453125,0.5163277666434646,0.09138707484304905,0.2862639694508165
1780625768320664000,8.3446640625,-0.44301498541235923,0.40057986526489253,-0.6018268063612282
1780625768330659000,8.3546591796875,-1.8148779236346482,0.64143152538836,-0.9105382430069148
1780625768340655400,8.3646552734375,-2.0361846330717204,0.5565712219655513,-0.6058457962116226
1780625768350650400,8.374650390625,-1.2546429184645413,0.254552853217721,0.0036829902285244313
1780625768360645400,8.384645263671874,0.36052959442734717,-0.08421791386604309,0.5662854643154889
1780625768370640400,8.394640380859375,1.5422271036684512,-0.3886404211461544,1.005045861023292
1780625768380635100,8.40463525390625,1.7588251970231532,-0.5053302795499562,1.0016692241970448
1780625768390630100,8.414630126953124,1.5545520399734376,-0.29777123269736766,0.5222583988014609
1780625768400626200,8.424626220703125,0.9269847892865538,0.09090601332783699,-0.18045540614863856
1780625768410621200,8.43462109375,0.37065468260049816,0.43596915855407714,-0.8633772633813321
1780625768420616200,8.4446162109375,-0.21945669765621423,0.603555091458559,-1.315279319604486
1780625768430611200,8.454611083984375,-0.388838866327703,0.4634761741608381,-1.591297424046695
1780625768440606500,8.4646064453125,-0.42238837696909903,0.08830489091873168,-1.8476155333712696
1780625768450602200,8.474602294921874,-0.5647863848641514,-0.33108079710304733,-1.9829453564457593
1780625768460597200,8.48459716796875,-0.3628177053645253,-0.6741279263317584,-1.9271286305472253
1780625768470592300,8.49459228515625,0.26596418180912734,-0.739799545159936,-1.6233901600085199
1780625768480587300,8.504587158203124,0.6204593183778226,-0.44915947951674456,-0.9860300487775355
1780625768490582300,8.514582275390625,1.007868005771935,-0.04312894763052463,-0.5830121427107602
1780625768500578000,8.524578125,1.2698738053441048,0.2724392230421305,-0.5375995411224663
1780625768510573000,8.534572998046874,1.0541956033132969,0.37596623301208015,-0.38856275280006225
1780625768520568300,8.544568359375,0.9001137334957718,0.18396014460027216,-0.09575243044570088
1780625768530563300,8.554563232421875,1.2004758594691753,-0.23130349505543707,-0.028661199743719768
1780625768540558300,8.564558349609374,1.3203975394010543,-0.5099129311650991,-0.33310565399415787
1780625768550554400,8.574554443359375,0.9178438898451626,-0.5097562792986631,-0.747083126296848
1780625768560549400,8.58454931640625,0.37451983359605073,-0.4196621668756008,-1.0669245903745292
1780625768570544000,8.594544189453124,-0.08250234211981296,-0.2403963175714016,-1.0689080192767082
1780625768580539100,8.6045390625,-0.3196399501562118,-0.05776069957315921,-0.8428043578866868
1780625768590534100,8.6145341796875,-0.33030046038031574,0.017688801425695417,-0.4333333666903898
1780625768600530400,8.624530517578124,0.006838029326498508,0.10512041664123535,-0.0002750129825202748
1780625768610525400,8.634525390625,0.4653685637786984,0.23259762651920318,0.21780925924275069
1780625768620520400,8.6445205078125,0.5540732676699758,0.18848960472345352,0.15540573883242903
1780625768630515500,8.654515380859374,0.23931962825059888,0.020296938097476958,-0.08041887777610682
1780625768640510200,8.66451025390625,-0.35232656035795806,0.019254735568165777,-0.16054613392818717
1780625768650505200,8.674505126953125,-0.8520809394717216,0.11616554226875304,-0.05192925347331911
1780625768660501200,8.684501220703124,-0.9333063935235142,0.18446224890351295,0.1712758551972918
1780625768670496300,8.694496337890625,-0.8021487415671348,0.1153437044918537,0.3931291839327663
1780625768680491300,8.7044912109375,-0.7238178399130701,-0.14011574217677117,0.38090792719796296
1780625768690486300,8.714486328125,-0.5786617654815316,-0.44486090553998947,0.3245429197669029
1780625768700481300,8.724481201171875,-0.2336206859566271,-0.5959264962762594,0.33579237232748416
1780625768710477300,8.734477294921875,0.31154695233255625,-0.4658417342483997,0.4045381013713777
1780625768720472300,8.744472412109374,0.8625015034601092,-0.005309796845912933,0.5054461610145866
1780625768730467300,8.75446728515625,1.246270665308088,0.5378758738458156,0.6225010533384978
1780625768740462300,8.76446240234375,1.2966541141115129,0.9463391858369111,0.7586945805702358
1780625768750457300,8.774457275390626,0.9079311292484402,1.031712114956975,0.7020354855634272
1780625768760453000,8.784453125,0.5598863378629088,0.6088859310925007,0.49433220793455834
1780625768770448100,8.7944482421875,0.526119969600439,-0.047124154746532435,0.2862615948306396
1780625768780443100,8.804443115234376,0.5183281466804445,-0.5429214667975902,0.1274725245696958
1780625768790438100,8.814438232421875,0.15712737499326468,-0.6327841085523367,-0.061276781402714545
1780625768800433400,8.824433349609375,-0.5879740759670734,-0.34878888775110245,-0.38091830246150493
1780625768810429400,8.834429443359374,-1.4004688549816608,0.02060615017712116,-0.8962631955474615
1780625768820424200,8.844424072265625,-1.80074257690683,0.16675065112411974,-1.4719900766208767
1780625768830419200,8.854419189453125,-1.6432877235248684,0.03716916244328022,-2.0869627802811563
1780625768840414200,8.864414306640626,-1.0252737524725497,-0.1932166332453489,-2.384794949385524
1780625768850409200,8.8744091796875,0.014753332495689392,-0.4239320992797613,-2.2200952394418416
1780625768860405200,8.8844052734375,0.9248901550948619,-0.511336241966486,-1.7338415624141692
1780625768870400300,8.894400146484376,1.3082992514587939,-0.42780572584271426,-1.054496778216958
1780625768880395300,8.904395263671875,1.2635504475414752,-0.19969021317362784,-0.3035606297537684
1780625768890390300,8.914390380859375,1.1227880780242383,0.10246844082772731,0.33305735787302254
1780625768900385300,8.92438525390625,1.0218250733233987,0.30874738474190233,0.6723123282771557
1780625768910381300,8.93438134765625,0.9899556247234343,0.3766664902359247,0.7411234141748398
1780625768920376300,8.944376220703125,0.9520026184260845,0.24092355631589887,0.5140608446247875
1780625768930371300,8.954371337890626,0.5662028275333345,0.009582651859521864,0.1182007013581693
1780625768940366300,8.964366455078125,0.3036180590294301,-0.14674422040581703,-0.2530105191465467
1780625768950361300,8.974361328125,0.4604654480375349,-0.23825521388947962,-0.4187238631121814
1780625768960357000,8.984357177734376,0.480346206549555,-0.3143687317550182,-0.49190191204771394
1780625768970352000,8.99435205078125,0.1436029997706413,-0.3041384296417236,-0.4938983465619385
1780625768980347400,9.004347412109375,-0.028020810347795484,-0.22767536768615246,-0.2961901009857654
1780625768990342400,9.01434228515625,-0.14498378660455347,-0.04835983402132988,0.07873772888928651
1780625769000337400,9.02433740234375,0.09507730766311287,0.1518593714624643,0.571687834815681
1780625769010333200,9.034333251953125,0.2395243570424616,0.2710433847695589,0.8433815001875161
1780625769020328200,9.044328125,-0.11877967028990387,0.20280980649888514,0.9884003581054508
1780625769030323200,9.0543232421875,-0.0773496355317533,0.0039034371793270108,1.1434857058770953
1780625769040318200,9.064318115234375,0.2857388495981693,-0.10315759213566779,1.2912329658456145
1780625769050313200,9.074313232421876,0.10172200637459754,-0.1539864466190338,1.2996991808958351
1780625769060309200,9.084309326171875,-0.17312822333201766,-0.2458639353275299,0.9975950335606932
1780625769070304500,9.094304443359375,-0.5905002334438264,-0.26884616698622704,0.4008893696054816
1780625769080299300,9.10429931640625,-1.066195983839035,-0.21122575266659258,-0.22634295003861188
1780625769090294300,9.114294189453124,-1.3018237718343735,-0.07377484578490257,-0.6367841379739344
1780625769100289300,9.124289306640625,-1.06025607239604,0.03685644323229789,-0.6858294700413942
1780625769110285300,9.134285400390626,-0.20960136633515355,-0.020808979272842407,-0.45903731493055816
1780625769120280300,9.1442802734375,0.14553426009416578,-0.162736739307642,-0.09857157951965928
1780625769130275300,9.154275390625,-0.049019174712896345,-0.14501286656856535,0.30452070695757866
1780625769140270300,9.164270263671876,0.23024682560935616,0.10993044727146625,0.9370845968879759
1780625769150265300,9.174265380859374,0.7726970216333866,0.46014264582395553,1.7316294393226503
1780625769160260000,9.184260009765625,0.9733845752812922,0.6086749186903238,2.538433605480194
1780625769170256400,9.19425634765625,0.49878772603869437,0.5657645822465419,2.7611685941547153
1780625769180251400,9.20425146484375,-0.17068492183312772,0.3031932577461004,2.537376205381751
1780625769190246400,9.214246337890625,-0.4491105258084833,-0.023925649988651276,1.8830701469816267
1780625769200241400,9.224241455078126,-0.5331317480586469,-0.3039151422798633,0.9392235086128116
1780625769210236400,9.234236328125,-0.7280849958382547,-0.5632406167268753,0.014358487959206103
1780625769220232200,9.244232177734375,-0.7631329283438623,-0.7981406749695539,-0.5862450602173805
1780625769230227200,9.254227294921876,-0.775535606060177,-0.8482225104779004,-0.9369301369786261
1780625769240222200,9.26422216796875,-1.0061435200668871,-0.7393909643590449,-0.8390947627790272
1780625769250217200,9.27421728515625,-0.8661712780140339,-0.5889163252532482,-0.47567748408615584
1780625769260212200,9.284212158203125,0.12050620182156561,-0.22585808913111685,-0.025699673923850058
1780625769270208300,9.294208251953124,0.9981681572735309,0.15766951904594897,0.45510392100438474
1780625769280203300,9.304203369140625,0.9411832643784582,0.20794366225600242,0.7785564151860773
1780625769290198300,9.3141982421875,0.5992027414679527,0.014633505508303642,1.0870938104391097
1780625769300193300,9.324193359375,0.3855215584732592,-0.1817015520185232,1.409902599889785
1780625769310188300,9.334188232421875,0.12310966231822967,-0.3550689909338951,1.5240028801918029
1780625769320184300,9.344184326171876,0.1356651925086975,-0.5228934087693691,1.2351922219328582
1780625769330179300,9.354179443359374,0.6407729153491556,-0.8277420325070619,0.3487110002093017
1780625769340174000,9.364174072265625,0.7747500086404383,-1.0934633454710245,-0.9050723788164555
1780625769350169000,9.374169189453125,0.1396177295267582,-0.9277332695662974,-1.6859160281568764
1780625769360164400,9.384164306640624,-0.5578254598103464,-0.406942386034131,-1.7705390156924723
1780625769370160400,9.394160400390625,0.08434782385602593,-0.07622633059024811,-1.38617948673591
1780625769380155400,9.4041552734375,0.3922551045119762,-0.13813888914585112,-0.7588694256804883
1780625769390150400,9.414150390625,-0.14656068053245544,-0.4256429948508739,-0.12561843026876449
1780625769400145400,9.4241455078125,-0.234087134424597,-0.5920435173630714,0.5029980372101068
1780625769410140200,9.43414013671875,0.10084493127912282,-0.5897253035485744,1.0564574107654392
1780625769420136200,9.44413623046875,-0.022871172499656676,-0.47078971204459663,1.3005159041061998
1780625769430131200,9.454131103515625,-0.12841931303367018,-0.32658056307435035,1.1492746645420788
1780625769440126200,9.464126220703125,-0.1992930305495858,-0.28992870250344277,0.7004391562826932
1780625769450121500,9.47412158203125,-0.4717069730199873,-0.5025736743181943,0.03055120560824871
1780625769460116500,9.484116455078125,-0.2551110716223717,-0.8721844008237123,-0.49302039468362924
1780625769470111500,9.494111572265625,0.49343350552916526,-0.9743167415648698,-0.7501816768340765
1780625769480107300,9.504107177734374,1.0399052121542394,-0.6857604964584112,-0.8576831433929503
1780625769490102300,9.514102294921875,1.6267724959231913,-0.11846914303600788,-0.8744912164613604
1780625769500097300,9.52409716796875,1.7022164439640939,0.3619254326999187,-0.9845637025520205
1780625769510092300,9.53409228515625,0.6641055678807198,0.6295651465058326,-0.9785539407432079
1780625769520086800,9.544086669921874,-0.6645207245528698,0.49311143396794793,-0.6702751964263618
1780625769530082800,9.554082763671875,-0.9178653710246085,-0.18028934713304043,-0.12293182153329252
1780625769540077800,9.564077880859376,-0.2558298874162137,-0.927857188206911,0.3923037659592926
1780625769550072800,9.57407275390625,0.13284355921670793,-1.1362550239712,0.4341023417688906
1780625769560067800,9.58406787109375,0.27947628207206726,-0.7084966444015502,-0.21732743054255843
1780625769570064000,9.59406396484375,-0.11295885518193244,-0.1723392649114132,-0.9469310142502189
1780625769580059000,9.604058837890625,-0.5794682595588266,-0.024255904856324194,-1.2269047244504094
1780625769590054000,9.614053955078125,0.2249637706398964,-0.340628377649188,-1.000346085834503
1780625769600049000,9.624048828125,0.7152667230583727,-0.7513193025618791,-0.46074163463041184
1780625769610043600,9.634043701171874,0.07844882894530891,-0.8566986624002456,0.1707293454967439
1780625769620039000,9.644038818359375,0.43854923817515373,-0.4617389751046896,0.7961294812776147
1780625769630035000,9.654034912109376,1.2022118894815443,0.19121289220750332,0.7626086122088134
1780625769640030000,9.664030029296875,0.9534462413631379,0.7035340535581112,-0.20274784717857836
1780625769650025000,9.67402490234375,-0.42522316200360655,0.7613613886266947,-1.1254890075460076
1780625769660020000,9.68402001953125,-1.1170856285989283,0.28053952738940713,-1.243230566959828
1780625769670015000,9.694014892578124,-1.6807142217300832,-0.4692798920035362,-0.22194836834147572
1780625769680010800,9.7040107421875,-1.6714051261149345,-0.8985562749207019,1.1742412018857895
1780625769690005800,9.714005859375,-0.6173885326303541,-0.7514169177174568,2.0590590204417705
1780625769700000800,9.724000732421874,0.13236015961393713,-0.18450550352334974,2.0215560959994794
1780625769709996000,9.73399609375,0.04488295169100165,0.6828770499765873,0.7977638044811785
1780625769719991000,9.743990966796876,0.1577216876246035,1.2884329598635433,-0.8752890888407826
1780625769729986800,9.75398681640625,0.9776995158709585,1.431589969432354,-2.1478905655831095
1780625769739981800,9.76398193359375,0.9918355932511389,0.9243705151349305,-2.6833997102975844
1780625769749976800,9.773976806640626,1.0417664759814738,-0.10922902100384235,-2.3771017645344137
1780625769759971800,9.783971923828124,1.1463922409735618,-1.1504448773652314,-1.7049220496609807
1780625769769966800,9.793966796875,-0.023095775035768745,-1.5895844826489687,-0.820016991212964
1780625769779963000,9.803962890625,-1.5210624428257344,-1.5818547651797532,0.041796968374401326
1780625769789958000,9.8139580078125,-0.08466799572110176,-1.6855974637269973,0.41453590990304945
1780625769799953000,9.823952880859375,0.8065700651407242,-1.7760381976306436,-0.05272153636217117
1780625769809948000,9.833947998046876,-0.24966566569805143,-1.4808061280220746,-1.0527956733874977
1780625769819943000,9.84394287109375,-0.9080722912847995,-1.1684902371436356,-1.7008762814015148
1780625769829939000,9.85393896484375,-0.882532191836834,-1.1964449965178965,-1.6151283814892172
1780625769839934000,9.863933837890626,-0.5983981470867991,-1.0860586221724748,-1.4869437539942563
1780625769849929000,9.873928955078124,-0.3022926556445658,-0.7296323714107275,-1.285331340586394
1780625769859923700,9.883923828125,-0.9431110175706445,-0.06714870564341545,-0.8596469908118247
1780625769869918700,9.893918701171875,-2.02908941411376,0.7178460720270872,-0.43930356367379425
1780625769879914800,9.903914794921874,-0.8657634278655052,1.1454109748512507,-0.2467464172504842
1780625769889910000,9.913909912109375,-0.1094014549612999,1.1000544142991304,-0.3156514650419354
1780625769899905000,9.923905029296876,-1.1591463624760507,0.5408481676548719,-0.3187121677868068
1780625769909900000,9.933900146484374,-0.22239611210897564,0.007425766086578369,0.09717413381189108
1780625769919895000,9.94389501953125,-0.0983895009510219,-0.2306488305389881,0.5349734304025769
1780625769929890800,9.953890869140626,0.30840105552226305,-0.21083178491294383,1.023111313741654
1780625769939885800,9.9638857421875,0.49405339099317785,0.0822474905759096,1.3751323152817785
1780625769949880800,9.973880859375,-0.02427051790356636,0.4582084628909826,1.3689865060031414
1780625769959875800,9.983875732421875,0.7721502014055848,0.8180471524447203,1.067269312158972
1780625769969870800,9.993870849609374,1.1308965656779706,0.9291302768826484,0.5125099619209766
1780625769979865900,10.003865966796875,1.872095017850399,0.7740618802458047,0.009452011217176913
1780625769989862000,10.01386181640625,0.9788967628315091,0.591415740853548,-0.5950492750503122
1780625769999857000,10.02385693359375,-1.0793138240873812,0.22805413787066936,-1.090852797646448
1780625770009852000,10.033851806640625,-0.5310210395149886,-0.20055589009225366,-0.8838941278398036
1780625770019847000,10.043846923828125,0.42905192651152607,-0.3352653893113136,-0.41830001167692243
1780625770029842000,10.053842041015624,0.6939411725655198,-0.20009119518995283,-0.0214388016089797
1780625770039838000,10.063837890625,0.8998588819518685,0.15415128179192542,0.1318237877149135
1780625770049832700,10.073832763671875,-0.11129574427530169,0.4366583098620176,-0.16638408283405004
1780625770059827700,10.08382763671875,-1.1201486694313585,0.32054479004144665,-0.47573929727599024
1780625770069822700,10.09382275390625,-1.6724465979918837,0.05815525184869766,-0.2081763750333339
1780625770079817700,10.103817626953125,-2.4030332013875246,0.12713292648494243,0.5644048382006586
1780625770089814000,10.11381396484375,-2.3836896184921263,0.9324041839867829,1.7469161480426787
1780625770099809000,10.12380908203125,-1.8749289261020718,2.5162580140292645,3.5015310338944197
1780625770109804000,10.133803955078125,-0.7750865471184253,4.460010739380121,5.418541882792115
1780625770119798800,10.143798828125,2.3434701285675166,6.090893447101116,6.641423635336756
1780625770129793800,10.153793701171875,5.275431634974479,5.912690258592367,4.872891575552523
1780625770139789800,10.163789794921875,4.031930288249254,3.9862697763144967,0.5522747668806464
1780625770149784800,10.173784912109374,0.40072628799825905,2.605225168249011,-3.2834763119906185
1780625770159779800,10.18377978515625,-0.4337324855431914,2.1307851170033216,-5.15351439731121
1780625770169774800,10.19377490234375,2.0444655546829105,2.0891139669656753,-3.6703400788530707
1780625770179769900,10.203769775390626,3.42181919927597,2.359603224983811,-1.0839066317703574
1780625770189766000,10.213765869140625,2.0135414241090417,2.8738258360415694,0.3175986535869539
1780625770199761000,10.223760986328125,-0.022634733395278453,3.603794307538867,1.0842137249581516
1780625770209756000,10.233755859375,0.49807811646461486,4.264688658288121,2.5300685127168894
1780625770219751000,10.2437509765625,2.2703160450294613,4.566904010912776,3.579550677642226
1780625770229746000,10.253745849609375,1.7530080351769923,3.656979954281449,3.4436952232584357
1780625770239741700,10.26374169921875,-0.5162216759204864,1.7941063537627457,1.867447922696918
1780625770249736700,10.27373681640625,-1.541095177029073,0.27505846562981606,-0.2352839429937303
1780625770259731700,10.283731689453125,-1.1614543471574783,0.35874388005435465,-1.055832483800128
1780625770269726700,10.293726806640626,-0.06989566626399756,1.3688853837162256,-0.533531049574539
1780625770279722000,10.303721923828125,1.8817486891195176,1.697914508986473,0.012282120076566934
1780625770289718000,10.313718017578125,3.3672061500787733,1.423667359739542,0.11574169083349406
1780625770299713000,10.323713134765624,3.914085999113321,0.8161439491719007,-0.5842672573383897
1780625770309707800,10.333707763671875,4.207759148842096,-0.05426876580417156,-1.9436736687652765
1780625770319702800,10.343702880859375,3.6995141508892178,-0.9594237083375453,-3.2628120018854734
1780625770329697800,10.35369775390625,3.0508173106729983,-1.7950433423519134,-4.018208052366972
1780625770339693800,10.36369384765625,3.1138620881289243,-2.602778359618783,-4.366176271384954
1780625770349688800,10.373688720703125,3.5033941974177956,-3.1951322581052777,-4.231431408591568
1780625770359683800,10.383683837890626,4.037185724559426,-3.4599189205676315,-3.698900110644102
1780625770369678800,10.393678955078125,4.224696547378599,-3.2597365399628875,-3.0067858612447975
1780625770379673900,10.403673828125,3.4004774283006785,-2.678494987121224,-2.2836581955529747
1780625770389670000,10.413669921875,2.2865575702562926,-2.1015175214648245,-2.0639748495340347
1780625770399665000,10.423664794921875,1.4366206570759414,-1.4295394666433334,-2.096253025065362
1780625770409660000,10.433659912109375,0.4931707629397511,-0.6873959887057542,-1.899822836600989
1780625770419655000,10.443655029296876,-0.32084494203180075,0.09288228183686732,-1.2246890942275523
1780625770429650000,10.45364990234375,-0.15127309600710867,1.1270195781141519,-0.2688224207844585
1780625770439645700,10.463645751953125,0.16632395014464854,2.1035165863275527,0.9233413912829012
1780625770449640700,10.473640625,-0.13161036415994168,2.735370720553398,1.939663264080137
1780625770459636000,10.483635986328125,0.21154548614025115,3.0169296541184187,2.216716702919453
1780625770469631000,10.493630859375,1.3760957534864544,3.303859174805879,1.9089862401351332
1780625770479626000,10.5036259765625,1.9851222620934246,3.3592104751497507,1.0914905840933322
1780625770489621000,10.51362109375,1.4139327321887016,3.341490109542012,0.027800591725856066
1780625770499616800,10.52361669921875,1.2981722635895012,3.4274691878616808,-1.4859092963799834
1780625770509611800,10.53361181640625,1.7205092026323079,3.565768820527196,-2.9728835916429754
1780625770519607600,10.543607666015625,2.1150532948642966,3.7949592689514158,-4.492707140323519
1780625770529602600,10.5536025390625,2.390651858720183,4.038213898563384,-5.791332408377528
1780625770539597600,10.56359765625,2.0645611249893903,4.770746083068848,-6.005301906794309
1780625770549593300,10.57359326171875,1.874776804280281,6.2861120678186415,-4.718173307527602
1780625770559588400,10.58358837890625,1.8452876749455929,8.092740049502254,-1.8819798675268888
1780625770569583400,10.593583251953126,0.32440146546959875,8.242676343947648,1.1289917549699544
1780625770579578400,10.603578369140624,-3.867438814228773,6.087186409276724,2.6764444843322037
1780625770589573400,10.613573486328125,-7.4301283734411,3.549754089793563,3.7761248046219347
1780625770599569700,10.623569580078126,-8.815057129463552,0.9705822312116622,4.90808125461638
1780625770609564400,10.633564453125,-9.20121099449098,-0.8276496780484914,6.50750908588767
1780625770619559400,10.643559326171875,-8.250534071710705,-2.181847487981617,7.609449752324819
1780625770629554400,10.653554443359376,-7.648748912534117,-3.2547605051159856,7.8826739882647985
1780625770639549400,10.663549560546874,-8.144439257079362,-4.15899950184822,7.760892944201826
1780625770649545500,10.67354541015625,-8.522006495547295,-5.2160886346459385,7.703187189686298
1780625770659540500,10.68354052734375,-8.641530700594187,-6.527739388489723,7.219654315924644
1780625770669535500,10.693535400390624,-8.456917060521244,-6.958154420047998,6.5874810327470295
1780625770679530500,10.703530517578125,-8.444677172151208,-6.5430562000870705,5.935485443246364
1780625770689525500,10.713525390625,-7.934348645922541,-6.220203133103251,4.514400501215458
1780625770699521500,10.723521484375,-6.510213084149361,-4.609917807731032,2.6206121224731205
1780625770709516500,10.7335166015625,-4.293824736401438,-2.5756574207201597,1.2638321870923042
1780625770719511600,10.743511474609376,-2.7631542150139805,-1.18568716339916,1.525994346269965
1780625770729506600,10.753506591796874,-3.1241473352998494,-0.65643532551378,2.789661113667488
1780625770739501600,10.76350146484375,-3.804151460188627,-1.312992231580615,3.123649907171726
1780625770749497300,10.773497314453126,-2.961772999563813,-2.022454798404872,2.0442016430497167
1780625770759492400,10.783492431640624,-1.1714227834641933,-1.6988400993987918,1.1095043796896933
1780625770769487400,10.7934873046875,0.43321021523475645,-0.4416059953972697,0.4930401222974062
1780625770779482600,10.803482666015626,0.7679916204214096,0.7329395962625741,0.009570376899838447
1780625770789477600,10.8134775390625,0.034739304947853086,1.191874912123382,-0.4530979880094528
1780625770799473400,10.823473388671875,0.36139351778030393,1.3689745233044028,-0.5787175873219966
1780625770809468400,10.833468505859376,1.3646499381035566,1.5909505103051662,-0.2188455800205469
1780625770819463400,10.84346337890625,2.01029002109766,1.4967609452620148,-0.13825053282678126
1780625770829458400,10.85345849609375,2.244115143585205,0.9562643675237894,-0.7376134332925081
1780625770839453400,10.863453369140625,1.763495526921749,0.7960764359161258,-1.5910416957199573
1780625770849448400,10.873448486328124,1.5216367355823517,1.123107519236952,-2.3673276817560196
1780625770859444500,10.883444580078125,1.8158137431800365,2.0541458216980097,-2.420800328746438
1780625770869439500,10.893439453125,2.6429133861303327,3.539042726165056,-2.124196970784664
1780625770879434500,10.9034345703125,3.6848517115473745,4.53343837916255,-2.1971084777384995
1780625770889429500,10.913429443359375,3.35880072530508,4.772526536744833,-2.3140707233428954
1780625770899424500,10.923424560546875,2.147668447265029,3.8146266769737003,-2.21081551605165
1780625770909420500,10.933420654296874,0.9636211600273847,2.262982195010036,-1.946051649942994
1780625770919415600,10.94341552734375,0.5309679941534996,0.6353438760377467,-1.876495883157849
1780625770929410600,10.95341064453125,0.8605015618145465,0.08770984763503074,-0.9111082979798316
1780625770939405600,10.963405517578124,1.3077321190953255,0.12131737207397818,-0.25578853249251843
1780625770949400300,10.973400390625,0.5064741888880729,0.8005917213834822,0.013279752811789511
1780625770959396600,10.983396728515626,-0.5363759906768798,1.8690728935502468,0.4062912286490202
1780625770969391600,10.9933916015625,-1.5578741701334713,2.3538328248888254,0.7679173861414194
1780625770979386600,11.00338671875,-2.0388468380182982,2.1170178729355333,0.8545628194153309
1780625770989381600,11.013381591796875,-0.8605541687846183,1.342010382402688,0.37381577697992324
1780625770999376600,11.023376708984374,1.03804365606606,1.082714645506814,-0.20169453873336313
1780625771009372400,11.033372314453125,1.9559937827646732,1.3334823541626333,-0.8943956481099128
1780625771019367400,11.043367431640625,1.0206325025379657,1.7809022965356707,-1.3876660720318554
1780625771029362400,11.053362548828124,-0.40397886005342004,1.800763035172969,-1.21538701287508
1780625771039357400,11.063357421875,-1.119434237551689,1.3112262448213994,-0.1062117190092802
1780625771049352400,11.0733525390625,-0.5282546435415745,1.221917729818076,1.359773856499791
1780625771059348500,11.083348388671874,0.7605418889373541,1.4507003280937671,2.3314432984262705
1780625771069343500,11.093343505859375,1.3890531424760817,1.124439717688784,1.6731430558234452
1780625771079338500,11.10333837890625,1.202361527085304,0.41068953667320307,-0.17640870630741118
1780625771089333500,11.11333349609375,1.3057201947510242,0.3733104578062892,-1.8627946900635957
1780625771099328500,11.12332861328125,2.0315707095354796,1.267353639216721,-2.641721545997262
1780625771109323500,11.133323486328125,2.571013686567545,1.9935306094765661,-2.530345576092601
1780625771119319600,11.143319580078124,1.8208996681421994,2.1210016818746924,-1.5017992316901683
1780625771129314300,11.153314208984375,-0.2627379132390022,1.2894498818211257,0.3411404188245535
1780625771139309300,11.163309326171875,-2.4067747260034085,-0.1973784290999174,1.5382622916907072
1780625771149304300,11.17330419921875,-1.7872247775554655,-0.6831148042552173,2.6211662492245433
1780625771159299600,11.183299560546875,0.6528390545874834,0.48134866159036754,3.6037054602116343
1780625771169295600,11.193295654296875,1.8603776920497417,1.5874002704776822,2.701115984252095
1780625771179290600,11.20329052734375,0.012581249153614044,1.706987750019133,1.0266197602540255
1780625771189285600,11.21328564453125,-1.7301842089504003,1.2762424635931848,-0.4249468292802572
1780625771199280400,11.2232802734375,-0.8412509178996086,1.0603509110726415,-0.7290776601374149
1780625771209275400,11.233275390625,-0.20101357073187825,0.8059059021435677,-0.15983225003778934
1780625771219271400,11.243271484375,-0.9153647863805293,-0.07568813206031919,-0.044776130315661425
1780625771229266400,11.253266357421875,-2.7925270244926215,-1.121028813266754,0.18503858748674393
1780625771239261400,11.263261474609376,-4.700618653875589,-1.890064097522199,0.05296703555583954
1780625771249256700,11.273256591796875,-4.525304757067561,-2.1649989367723466,-0.17578385240733624
1780625771259251700,11.283251708984375,-2.373186929178238,-1.6457671192504464,0.22468261561095712
1780625771269247500,11.29324755859375,-0.3563198677778244,-0.549509028494358,1.461323428916931
1780625771279242500,11.303242431640625,-1.5111930829793214,0.6192467277176678,2.7372815226107834
1780625771289237500,11.313237548828125,-2.9225416438937186,1.0392810889065265,1.0298194330781698
1780625771299232500,11.323232421875,-1.0686299329876898,1.0905440970234572,-1.4973258856683969
1780625771309227500,11.3332275390625,0.9549199671775102,1.1180522816739975,-2.2067782233595845
1780625771319223300,11.343223388671875,1.3313684307485818,1.2654453213773666,-1.7876725213229656
1780625771329218300,11.35321826171875,0.15979776324629782,1.0068540064238012,-0.23516601570248602
1780625771339213600,11.363213623046875,-1.0902964058727025,0.307639277369529,1.4553449390292166
1780625771349208600,11.37320849609375,-0.8427227440178394,0.25158304362669587,1.8954805696129797
1780625771359203600,11.38320361328125,0.9614923313051461,0.7594421110019087,1.196966390043497
1780625771369199600,11.39319970703125,3.097351682832837,1.4419244625724852,0.26485972769856453
1780625771379194600,11.403194580078125,2.7452058858692645,1.6783678047344088,-0.19629940169155596
1780625771389189400,11.413189453125,0.4771615851640701,1.1879275627370922,-0.8563064482122659
1780625771399184400,11.423184326171874,-0.7506453488230704,0.737249495350942,-2.1412767004013062
1780625771409179400,11.433179443359375,-0.20671908889710902,0.7273217563807964,-2.5148738661944865
1780625771419174400,11.44317431640625,0.8446206865936517,1.0743606586594134,-1.6013585070729255
1780625771429170700,11.453170654296875,0.6410042398869991,1.4803686133876441,0.681070292815566
1780625771439165700,11.463165771484375,-0.23440146107077597,1.3201695758640766,1.7936498421669005
1780625771449160400,11.473160400390626,0.28937925192713737,1.1713932651087642,0.3935165027499199
1780625771459155500,11.483155517578124,0.9331412660896777,0.5704058321811258,-1.1430670420736073
1780625771469150500,11.493150390625,0.2488613635778427,-0.35263650308996436,-1.5781646784901617
1780625771479146500,11.503146484375,-0.8348626781672239,-0.9155556327775121,-1.3243284491091967
1780625771489141500,11.5131416015625,-0.7477040346741676,-0.9634719608150422,-0.9405611869573592
1780625771499136500,11.523136474609375,-0.07785714666247368,-0.42247430168688294,0.07890928606390953
1780625771509131500,11.533131591796876,-0.9770610718369483,0.3934531551901251,1.1488654992192984
1780625771519126500,11.54312646484375,-1.7687948023736475,0.8446756316512822,0.6519312920928001
1780625771529122300,11.553122314453125,-0.3945779945015907,0.8009584358040243,-0.2437017888575792
1780625771539117300,11.563117431640626,1.0062485878765584,0.6838214912198484,-0.2748901233255863
1780625771549112300,11.5731123046875,0.1296750121831894,0.2414428309496492,0.19746201573014258
1780625771559107300,11.583107421875,-0.6490566134393215,-0.35375213618166745,-0.11920447157323359
1780625771569102300,11.593102294921875,0.9190139565378427,-0.5103237404556945,-0.47974458739459513
1780625771579098400,11.603098388671874,2.426592356151342,-0.13350507359905167,-0.028999884513020515
1780625771589093400,11.61309326171875,2.376082650619745,0.636643998850882,0.5948363629519939
1780625771599088400,11.62308837890625,1.5988286963343619,1.1405306554637848,0.6588941168427467
1780625771609083400,11.63308349609375,1.3748024988055227,1.2719472506172955,0.15189268921017646
1780625771619078400,11.643078369140625,1.3773819939047098,1.1843073994785547,0.022567221117019653
1780625771629073400,11.653073486328125,1.4614789117395877,0.7638415150046348,0.4430383662879467
1780625771639069400,11.6630693359375,1.1422796910881996,-0.2656648152700625,0.8587339676201343
1780625771649064200,11.673064208984375,-0.6361579688996076,-1.4379714871630072,0.40279754131436346
1780625771659059200,11.68305908203125,0.03437456328868866,-2.3568099410034713,-0.5778402199655771
1780625771669054200,11.69305419921875,1.3813561582326888,-2.3870517884016036,-0.45040743375122544
1780625771679049200,11.70304931640625,0.5124690453886985,-1.7712766823172568,-0.2465390581101179
1780625771689045500,11.71304541015625,-0.03218319072425365,-0.7779309767641127,-0.22626783897578714
1780625771699040500,11.72304052734375,-0.18103578158617017,0.26833750507803633,0.05395370850563049
1780625771709035500,11.733035400390625,0.16912907069325447,0.5591690929716453,-0.24635844084620476
1780625771719030300,11.7430302734375,0.6584615706443786,0.16590643711863085,-0.5923240878701209
1780625771729025300,11.753025390625,0.5887479829490184,-0.47863370354324575,-0.3964093015819788
1780625771739021300,11.763021240234375,0.2505810269773006,-0.9416807655718177,-0.1958756233215332
1780625771749016300,11.773016357421875,0.362950684094429,-0.9115379215687512,-0.051314592173695564
1780625771759011300,11.78301123046875,0.7235428223639726,-0.3536482374157756,0.3332698315799236
1780625771769006300,11.79300634765625,1.0002046315371989,0.6843726953618228,0.8810416610181331
1780625771779001600,11.803001708984375,0.7531593774706125,1.6593951009780168,1.3085428509563206
1780625771788997400,11.812997314453124,0.28647067100405693,1.8276828985415399,0.6797831756144762
1780625771798992400,11.822992431640625,0.5555588300526142,1.2473026387043296,-0.3763122699707746
1780625771808987400,11.8329873046875,0.533014989811182,0.1594011103452183,-0.9168781135529279
1780625771818982400,11.842982421875,0.1349643507629633,-0.8824920059569179,-0.9684124859571457
1780625771828977400,11.852977294921875,-0.5633247878789901,-1.5728994514383374,-0.8146592635720967
1780625771838972400,11.862972412109375,-1.1229027904450892,-1.8895850818336009,-0.33056349523067474
1780625771848968200,11.87296826171875,-1.1511252608448266,-1.7952955635473131,0.5800070426106453
1780625771858963200,11.882963134765625,-0.6601490853399038,-1.3256119130484758,1.4967489625632762
1780625771868958500,11.89295849609375,0.22075112138092517,-0.4346967274654656,2.1771137374579905
1780625771878953500,11.902953369140626,0.3239297563046217,0.4026007035680115,2.05693369885087
1780625771888948500,11.912948486328125,-0.3994365404486656,0.5329497425552457,1.0850637659162283
1780625771898944300,11.9229443359375,-1.1393103198885917,0.2489679657574743,0.27518413783609863
1780625771908939300,11.932939208984376,-0.9933733242124319,-0.1850459670756012,-0.020501520758867263
1780625771918934300,11.942934326171875,-0.16226210753321646,-0.33670769707411524,0.20785539945065973
1780625771928929300,11.95292919921875,0.25529811862707136,-0.17202983363606034,0.7613362541854382
1780625771938924300,11.96292431640625,-0.25849311527609825,0.0903437032699585,1.1790882035255432
1780625771948920300,11.97292041015625,-0.8975088116943836,0.3083163729134947,1.345120477247238
1780625771958915600,11.98291552734375,-1.133623506423831,0.15578874680064617,0.9002449586600064
1780625771968910300,11.992910400390626,-0.7628478277921676,-0.23436368634365498,0.00265606746673584
1780625771978905300,12.0029052734375,-0.5164911405116319,-0.5084533800065517,-0.9209767810434103
1780625771988900400,12.012900390625,-0.750662884479761,-0.806825793467462,-1.5169652366399764
1780625771998896400,12.022896484375,-1.054593808850646,-1.2510431404069065,-1.3064993624299763
1780625772008891400,12.032891357421875,-0.9253770618289708,-1.6644987077273428,-0.5502344201594591
1780625772018886400,12.042886474609375,-0.786308782878518,-1.5073235480695961,0.09499123681485652
1780625772028881400,12.05288134765625,-1.14632575160861,-0.7710163750700653,0.23983225394785404
1780625772038876400,12.06287646484375,-1.2033341715097428,-0.25570830686315893,-0.6382762762278318
1780625772048871200,12.07287109375,-0.6672200466394425,0.2303808272525668,-1.7937071253120898
1780625772058867500,12.082867431640626,-0.478762006098032,0.9414699723653495,-2.3970915363788605
1780625772068862500,12.092862548828125,-0.7425450444757938,1.3983872264020145,-2.6020745952636
1780625772078857500,12.102857421875,-0.6267775616139173,1.774662086971849,-2.53310744202137
1780625772088852500,12.1128525390625,0.2513677934408188,2.185154712833464,-2.49666542480886
1780625772098847500,12.122847412109374,1.5525345626711844,2.528041975325346,-2.5904180597394704
1780625772108843300,12.13284326171875,2.4873393780589104,2.980779313328862,-2.6273715336054564
1780625772118838300,12.14283837890625,2.2323837892591953,3.5166561223119497,-2.294797867596149
1780625772128833300,12.152833251953124,1.4613877263247965,3.40938057346344,-1.0954799459904432
1780625772138828300,12.162828369140625,0.9323439782321452,3.0582880849450826,0.40676644494533537
1780625772148823300,12.1728232421875,-1.5025392364025114,2.5856618051230904,1.5995096643358468
1780625772158818600,12.182818603515624,-4.136106702038646,1.2913780734047293,1.9428017082363367
1780625772168814300,12.192814453125,-4.29648957169652,-0.7165244680345058,1.1201847636580466
1780625772178809300,12.202809326171876,-2.6692875983148814,-2.286033692512661,-0.19932839412391185
1780625772188804400,12.212804443359374,-1.3942700003415345,-2.7779531402170656,-0.9703151047080755
1780625772198799400,12.22279931640625,-0.8237111695557833,-2.3630451821312306,-0.66075289645195
1780625772208794400,12.23279443359375,-0.21144144124388695,-1.4787880661979316,0.2802010892152786
1780625772218790400,12.242790283203124,-0.3743348324179649,-0.6916320188403129,1.2624462856918572
1780625772228785200,12.25278515625,-0.6561088700383901,-0.4774126373156905,1.6813187634944915
1780625772238780200,12.2627802734375,-0.2626104874670505,-0.986584394724667,1.4869009377658366
1780625772248775400,12.272775390625,1.001954105553031,-1.6303277041867374,1.437626911509037
1780625772258770400,12.2827705078125,2.9607524243444203,-1.7238567594945429,1.4501473703861236
1780625772268766500,12.292766357421876,3.8994139151602982,-1.0348124190598726,1.1441589289635419
1780625772278761500,12.302761474609374,2.619690331453085,0.432864178276062,0.49443829865753647
1780625772288756500,12.312756591796875,0.8041659266084432,2.2563076856821773,0.31321254745721816
1780625772298751200,12.322751220703125,0.09761457105576991,3.6098674899727103,0.3309738295972347
1780625772308746200,12.332746337890624,0.1574889017820358,4.117531180906296,0.30161914029717446
1780625772318742300,12.3427421875,0.3352741571396589,3.4114456892997023,0.4814093057364225
1780625772328737300,12.3527373046875,0.7397820095032454,2.050428262479603,0.8312222758382558
1780625772338732500,12.362732666015624,1.3730237986952065,0.8198685226529836,0.8071049026697874
1780625772348727600,12.3727275390625,1.6626555640786884,0.07156476851999759,0.43930970115363593
1780625772358722600,12.38272265625,1.6961860777586697,-0.08523381291031837,-0.004717676171660423
1780625772368717300,12.39271728515625,1.136092526885867,0.254636732108891,-0.12419219685792922
1780625772378713300,12.40271337890625,-0.4917530050963163,0.9724538703024387,0.42266544034481046
1780625772388708400,12.412708251953125,-1.6849404611229895,1.3877926210209726,0.9163970520377158
1780625772398703400,12.422703369140624,-1.0971171918034552,1.1206848221346735,0.9160206199407577
1780625772408698400,12.432698486328125,0.801842452096939,0.6505994589671492,0.68986559368968
1780625772418693400,12.442693359375,2.3524667972326276,0.5679761208161711,0.22895722419023512
1780625772428689400,12.452689453125,2.697707052591443,0.7772036854028701,-0.3127612965583801
1780625772438684400,12.462684326171875,1.875893825611472,1.1317530363768338,-0.36686931884288787
1780625772448679400,12.472679443359375,0.21807167303860187,1.73647921744138,0.08900631718635559
1780625772458674400,12.48267431640625,-1.5507698910862207,2.230577324359119,0.5628478180170059
1780625772468669400,12.49266943359375,-2.4968629932075737,2.3802166816845536,0.9621189387708902
1780625772478665500,12.50266552734375,-2.06767545761764,2.1929136563971636,1.3878075263291596
1780625772488660200,12.51266015625,-0.4455903888583183,1.6053087060034275,1.6211597706079481
1780625772498655200,12.5226552734375,0.7916291011184453,0.6484250375375151,1.1706132206469773
1780625772508650200,12.532650146484375,0.9966548301011323,-0.147272043672204,0.2365484099715948
1780625772518645200,12.542645263671876,0.5513754068881273,-0.263900235016644,-0.5247311455905437
1780625772528639700,12.5526396484375,-0.35322950054705143,0.0693491382971406,-0.9322691594302653
1780625772538635800,12.5626357421875,-0.9150093970715999,0.47595279389619827,-0.8415525311946869
1780625772548630800,12.572630859375,-0.6269114171266555,0.511575019158423,-0.6507628328353167
1780625772558625800,12.582625732421874,0.7947001791268586,0.011600713683664799,-0.5992372282594443
1780625772568620800,12.592620849609375,2.3385995999217033,-0.6495414743468165,-0.47644846845865246
1780625772578615800,12.60261572265625,2.4535300474375483,-1.2475649429023266,-0.32815000434815883
1780625772588611800,12.61261181640625,0.6700409492790699,-1.7703358943358063,-0.25140754092931744
1780625772598606800,12.62260693359375,-1.308349958732724,-2.128236601564288,-0.0971142203181982
1780625772608601900,12.632601806640626,-2.948160653796792,-2.4831977482095358,0.03877835120558738
1780625772618596900,12.642596923828124,-3.7341719150334596,-2.7611700554594396,0.09621581017374992
1780625772628591900,12.652591796875,-3.0166274563014506,-2.446119186659157,0.5797323173224925
1780625772638587600,12.662587646484376,-1.7934341535896061,-1.713463083513081,0.8515595459461212
1780625772648582700,12.672582763671874,-0.5671802942633628,-1.0083888147756457,0.3389525533914566
1780625772658577700,12.68257763671875,1.0464730462372303,-0.38860856470316646,-0.3777946174830198
1780625772668573000,12.692572998046876,1.520709099343419,0.30287673914283514,-1.146450839293003
1780625772678568000,12.70256787109375,0.12879238412976265,0.576424800209701,-1.5819623172074555
1780625772688563000,12.71256298828125,-1.5010679948061705,0.2700646028652787,-1.4703870253384113
1780625772698558700,12.722558837890626,-1.9881974317550657,-0.45694648013114925,-1.3978168791681527
1780625772708553700,12.7325537109375,-1.0607675290495158,-1.4571189629644155,-1.1137059230327606
1780625772718548700,12.742548828125,0.8187053240925073,-2.543300919255614,-0.9727712656885384
1780625772728543700,12.752543701171875,2.3634090470075604,-3.6613264590531585,-1.3967156399279832
1780625772738538800,12.762538818359374,3.4904321322530505,-4.239793871006369,-1.577485464054346
1780625772748534800,12.77253466796875,2.1058295394450424,-2.6230086622208355,-0.7937573453187942
1780625772758529800,12.78252978515625,-0.7592804906994104,-2.2708418224692344,-1.309612526014447
1780625772768524800,12.79252490234375,0.2567915720552206,-2.9653882674515244,-1.2232505858570337
1780625772778519800,12.802519775390625,0.546153872847557,-1.4651567234694958,-0.5133890828430653
1780625772788514800,12.812514892578125,0.02282967144548893,0.5715548560857773,-0.45807694546580313
1780625772798509800,12.822509765625,0.7875421240657567,2.285660036894679,-0.12056465401053428
1780625772808505900,12.832505859375,0.4349819010823965,2.8367566268414257,-0.7463467748463153
1780625772818500900,12.8425009765625,-0.30904841351509094,1.6124883883744476,-2.1898633289158345
1780625772828495600,12.85249560546875,-0.4135615119129419,0.1833715310573578,-2.4216601604461667
1780625772838490600,12.86249072265625,-1.3262012572437525,-0.6429360847324133,-1.6045611025065183
1780625772848485600,12.872485595703125,-1.5970727925777435,-1.0977595813602208,-0.7888672351896763
1780625772858482000,12.88248193359375,-0.4745306521385908,-1.0916805537074803,0.011068506503105162
1780625772868477000,12.892476806640625,0.1774614302307367,-0.7131476850777864,0.8604477858006954
1780625772878472000,12.902471923828125,-0.13005962758660317,-0.5232090505897998,0.9878560220956801
1780625772888467000,12.912467041015624,-0.20633447349369524,-0.42169396496415135,0.3997504287034273
1780625772898461700,12.922461669921875,0.1741682339042425,-0.02252805815041065,-0.20203414595127103
1780625772908456700,12.932456787109375,0.536705661022663,0.42402912991344927,-0.5933680439651012
1780625772918452700,12.94245263671875,0.507074492868781,0.7167015781670808,-0.7038450192034245
1780625772928447700,12.95244775390625,0.14822130722105503,0.8060352276116609,-0.48515433748364445
1780625772938442800,12.96244287109375,-0.13060907816290854,0.5585299548178911,-0.4325982208162546
1780625772948437800,12.972437744140626,-0.21565058337152002,0.2294470535337925,-0.4018243123680353
1780625772958432800,12.982432861328125,0.050800212910771365,0.26140871046185493,-0.11514905870258807
1780625772968428800,12.9924287109375,0.5954495264142752,0.5676753843039274,0.203529937466979
1780625772978423800,13.002423828125,0.6982868005543946,0.6791559836268425,0.2800578813523054
1780625772988418800,13.012418701171875,0.3714619073301553,0.4843079497873783,0.12876081994771957
1780625772998413800,13.022413818359375,0.22529051837623118,0.22681202885508536,0.0960246715158224
1780625773008408800,13.032408935546876,0.27355916698276994,0.019605448701977727,0.23067571854591368
1780625773018403800,13.04240380859375,0.10463409442901611,-0.11973989362418651,0.39926118388175963
1780625773028399600,13.052399658203125,-0.28122867869734763,-0.2134247240155935,0.6308931802392006
1780625773038394600,13.06239453125,-0.6112368781328201,-0.11517945384085178,0.8331745789498091
1780625773048389600,13.0723896484375,-0.6677706662595272,0.05902969659566879,0.9176876763701438
1780625773058385000,13.082385009765625,-0.35562019507586956,0.10027473017573356,0.7811743425995111
1780625773068380000,13.0923798828125,0.10331599756777286,-0.02776829689145088,0.5726245311439037
1780625773078376000,13.1023759765625,0.4188344838798046,-0.2562479666978121,0.4509422712802887
1780625773088370700,13.11237060546875,0.5099918416202068,-0.5595113670706748,0.32596038534939287
1780625773098365700,13.12236572265625,0.15987550465762615,-0.7336679105371237,0.2284878531128168
1780625773108360700,13.132360595703124,-0.29348084202706815,-0.7435282102942466,0.23137889837920664
1780625773118355700,13.142355712890625,-0.4927110364735126,-0.623119039106369,0.3225163823753595
1780625773128351700,13.152351806640626,-0.41385143477022646,-0.36974516654014583,0.4515110110789537
1780625773138346800,13.1623466796875,-0.0684749858111143,-0.11731003612875937,0.5161100322395563
1780625773148342000,13.172342041015625,0.3333370515972376,-0.058465632972121234,0.3454688034176826
1780625773158336800,13.182336669921876,0.5320464370399713,-0.12416823146045207,0.18739187261462212
1780625773168331800,13.192331787109374,0.4447989462196827,-0.22663842585384844,0.1106558389365673
1780625773178326800,13.202326904296875,0.15869827757179736,-0.24724223794341085,0.051794484645128244
1780625773188322800,13.21232275390625,-0.08760930987000465,-0.047456747701764106,0.11386486411094665
1780625773198317800,13.22231787109375,-0.08112170141637325,0.22783961833715438,0.15002455725073813
1780625773208312800,13.232312744140625,0.11786007122695445,0.4162129032045603,-0.029013328516483305
1780625773218307800,13.242307861328126,0.39976095009744167,0.7195546295106411,-0.16436171016097068
1780625773228302600,13.252302490234374,0.8396674481004476,0.9945505512982606,-0.345302214679122
1780625773238299000,13.262298828125,0.9824205530434846,1.077160445445776,-0.620908961841464
1780625773248294000,13.2722939453125,0.8011205675631761,0.9563128828406333,-0.7740250553667545
1780625773258289000,13.282288818359374,0.6525771887809038,0.6961766765326262,-0.7760422404080629
1780625773268284000,13.292283935546875,0.5561421828985214,0.39007016168832775,-0.6840881793320178
1780625773278279000,13.30227880859375,0.4941530519753694,0.21442250288128853,-0.5103045608311891
1780625773288274000,13.31227392578125,0.2811293099761009,0.2053945622950792,-0.31666765634715555
1780625773298269700,13.322269775390625,-0.018478490498661994,0.1831049890756607,-0.06885550956130028
1780625773308264700,13.3322646484375,-0.19875205554068087,0.010433715730905532,0.25040274780094623
1780625773318259700,13.342259765625,-0.17082418417334555,-0.14513678520917891,0.5261638087421655
1780625773328254700,13.352254638671875,0.0029179332733154295,-0.19515549235343932,0.6127145494699477
1780625773338249700,13.362249755859375,0.2241881100922823,-0.17816694815158843,0.51457390871346
1780625773348245800,13.372245849609374,0.32112931193113325,-0.14397183308303355,0.3800736683309078
1780625773358240800,13.38224072265625,0.22310616007447243,-0.09468260925710201,0.2570125213295221
1780625773368235800,13.39223583984375,-0.0739133774727583,-0.12672785281538962,0.0957809258878231
1780625773378230800,13.402230712890624,-0.3453828786998987,-0.27595979838371276,-0.0027677111476659775
1780625773388225800,13.412225830078125,-0.6111123749703169,-0.4315636170715093,0.013734510841965674
1780625773398220800,13.422220703125,-0.7518009485989808,-0.46084348756968974,0.16033844599425792
1780625773408216800,13.432216796875,-0.6017074177652597,-0.30914018345177174,0.17311024928390978
1780625773418211600,13.442211669921875,-0.3543061898678541,-0.1890963384449482,-0.03436930259168148
1780625773428206600,13.45220654296875,-0.1950222213625908,-0.0009574468553066253,-0.29091712901890276
1780625773438201900,13.462201904296874,-0.08387889117002487,0.2434621348828077,-0.47488837953507895
1780625773448196900,13.47219677734375,0.10046937596499919,0.37646366114020346,-0.6333721375733613
1780625773458193000,13.48219287109375,0.33269875369369983,0.4129986173331737,-0.7254144614547491
1780625773468188000,13.49218798828125,0.4052110321968794,0.23479776691198348,-0.7473124050080776
1780625773478183000,13.502182861328125,0.21410276940762996,-0.11164952614903449,-0.7286907066464424
1780625773488177700,13.512177734375,-0.18554536796510218,-0.42172494462430477,-0.6015647944241762
1780625773498172700,13.522172607421876,-0.42118484639823434,-0.5476859047204256,-0.29246435846090313
1780625773508167700,13.532167724609375,-0.3953898954063654,-0.41431437610685823,0.04670096089839935
1780625773518163700,13.542163818359375,-0.1802811638265848,-0.08130933294296264,0.20871406210660934
1780625773528159000,13.552158935546874,0.15707447576224803,0.24364509023427963,0.1108563299447298
1780625773538154000,13.562154052734375,0.37840135120451446,0.3164350166350603,-0.0935322701781988
1780625773548149000,13.57214892578125,0.36707916220128534,0.18564415216445923,-0.26623978388011454
1780625773558144000,13.58214404296875,0.08928981030285357,-0.04296294341385364,-0.3639829497516155
1780625773568140000,13.59214013671875,-0.2282832704514265,-0.28857319624125954,-0.303876563835144
1780625773578135000,13.602135009765625,-0.3347854968398809,-0.5043342542499304,-0.18610183280408382
1780625773588130000,13.612130126953126,-0.28477906465530395,-0.6421651003599167,-0.012854805397987366
1780625773598125000,13.622125,-0.293428819578886,-0.5866203232705592,0.1893868458241224
1780625773608120000,13.6321201171875,-0.31837270669937134,-0.41962008129954337,0.3795680568963289
1780625773618115000,13.642114990234376,-0.23200550584495067,-0.19183423897624013,0.3959884458214044
1780625773628110800,13.65211083984375,-0.05078735342919826,0.060354807719588274,0.23407237524688243
1780625773638106000,13.662106201171875,0.022522212931513786,0.26051030031740663,0.01787000321149826
1780625773648101000,13.67210107421875,0.10267886870801449,0.37653731089830395,-0.17270225300490855
1780625773658096000,13.68209619140625,0.24135201086103913,0.4574965152293443,-0.33043373137116433
1780625773668091100,13.692091064453125,0.3480225795537233,0.4654863449394703,-0.4998007024735212
1780625773678086100,13.702086181640626,0.4552203869909048,0.46153030079007146,-0.5735539209485053
1780625773688082000,13.71208203125,0.5582978996276855,0.4548433703720569,-0.47167760079503057
1780625773698077000,13.722076904296875,0.5452484484404325,0.4625087904334068,-0.24368834485411642
1780625773708072000,13.732072021484376,0.4723679211467504,0.46496728950142857,0.04292845662236214
1780625773718067000,13.74206689453125,0.43523324549496173,0.38791444495916366,0.3308253610372543
1780625773728062000,13.75206201171875,0.5100251593679189,0.37583997628390786,0.559554037168622
1780625773738058000,13.76205810546875,0.5087169993788003,0.36910862220227714,0.5031576116859913
1780625773748053000,13.772052978515624,0.4322147744566202,0.3777209677249193,0.3399000633746385
1780625773758048000,13.782048095703125,0.2052957780957222,0.40145898618698117,0.16810615738630294
1780625773768043000,13.79204296875,-0.008108487653732298,0.30537177082896233,0.0782002610117197
1780625773778038000,13.8020380859375,0.05537994191646576,0.22881343180537222,0.085310969799757
1780625773788033000,13.812032958984375,0.19716683217585085,0.23857962353825568,0.13314064246714113
1780625773798029000,13.822029052734376,0.2674643572390079,0.2895002479583025,0.1359001703083515
1780625773808023800,13.83202392578125,0.1715630198419094,0.1720814907580614,0.15370996776521206
1780625773818018800,13.842018798828125,-0.03125964613854885,-0.0727449182152748,0.3016419366508722
1780625773828013800,13.852013916015625,-0.3024585137307644,-0.30235446883440015,0.45622284203171726
1780625773838008800,13.8620087890625,-0.5144382996350526,-0.5323521419882774,0.5396113193362951
1780625773848005000,13.872005126953125,-0.5822223805725574,-0.663953153797984,0.5515811585932969
1780625773858000100,13.882000244140626,-0.4825783495157957,-0.6530185028076172,0.557148145070672
1780625773867995100,13.8919951171875,-0.36062604053914543,-0.4312339467257261,0.5021346983790398
1780625773877990000,13.901989990234375,-0.32755203845500946,-0.2375152091771364,0.3871452141523361
1780625773887985000,13.91198486328125,-0.15252455737292767,-0.10646481698751449,0.2575257315486669
1780625773897980000,13.92197998046875,0.08621171803176403,0.014893617749214171,0.05775660791993141
1780625773907976000,13.931975830078125,0.257137609013915,0.04525777635276317,-0.2363175238251686
1780625773917971000,13.941970947265625,0.39446693534255023,0.019895371559262274,-0.5206926838546991
1780625773927966000,13.951966064453124,0.4213298078268766,-0.07354980485737324,-0.6527420239537954
1780625773937961200,13.961961181640625,0.23347908552885055,-0.09744038353264331,-0.6497896038889884
1780625773947956000,13.9719560546875,-0.15889409240484237,-0.03828793734014034,-0.5017547591507434
1780625773957951000,13.981950927734376,-0.37153321900069713,0.08262859884798526,-0.3316974676966667
1780625773967947000,13.991947021484375,-0.3149666976481676,0.23839900627434252,-0.22509704163074493
1780625773977942000,14.00194189453125,-0.20768413453698156,0.26843933975100515,-0.2643295663446188
1780625773987937000,14.01193701171875,-0.04063187011778355,0.193610016477108,-0.3160883951544761
1780625773997932000,14.02193212890625,0.19888065035641192,0.06786825208961964,-0.2754302215516567
1780625774007927000,14.031927001953125,0.24518179828226566,-0.08145370984971523,-0.16705051085352896
1780625774017922800,14.0419228515625,0.08423603404462338,-0.14454700262248515,-0.01760287670791149
1780625774027918000,14.05191796875,-0.1750754118770361,-0.07591478042304516,0.1155658228099346
1780625774037913000,14.0619130859375,-0.31102877367734905,0.06723112322986126,0.19068331537544725
1780625774047908000,14.071908203125,-0.2639022808432579,0.19996493846178054,0.13548399072289466
1780625774057903000,14.081903076171875,-0.14238660971820355,0.21889994055628775,-0.08190496074855327
1780625774067898000,14.091898193359375,0.08336100477576255,0.18289806832671165,-0.22189386167526243
1780625774077894000,14.101893798828126,0.27768589152395723,0.13181670038700102,-0.2873673275828361
1780625774087889000,14.111888916015625,0.3859942905515432,-0.048124271699786184,-0.34234979461431503
1780625774097884000,14.1218837890625,0.34237025288045403,-0.28961072259545323,-0.4043237279683351
1780625774107879000,14.13187890625,0.08106324922740459,-0.3909960443615913,-0.3423632386177778
1780625774117874000,14.1418740234375,-0.17149112364947794,-0.3328220878124237,-0.17203940518200397
1780625774127870200,14.1518701171875,-0.21477906123399734,-0.1963192754358053,0.02217559145092964
1780625774137865000,14.161864990234376,0.027093174108862875,0.07803074966371058,0.19490648602843283
1780625774147860000,14.17185986328125,0.2757704132914543,0.36923195632100103,0.1875713208347559
1780625774157855000,14.18185498046875,0.2811369087606668,0.3948398603081703,0.0006388824254274368
1780625774167850000,14.19185009765625,0.04585223511457443,0.2767471493691206,-0.0771241562128067
1780625774177845000,14.201844970703124,-0.3299111688017845,0.10204466245770454,-0.06108312199413776
1780625774187841000,14.211841064453125,-0.6012193419873714,-0.010153729745745658,-0.03102349929511547
1780625774197836000,14.2218359375,-0.6595096183925867,-0.01892564974427223,-0.024289807125926016
1780625774207830800,14.231830810546874,-0.3431669562160969,0.09096972621381283,-0.04821662615835667
1780625774217825800,14.24182568359375,0.0793897630572319,0.1752525220096111,-0.1399526605695486
1780625774227821000,14.251821044921876,0.2562988201022148,0.18475918602347371,-0.2383089899033308
1780625774237816000,14.261816162109374,0.1594376977622509,0.2061795751929283,-0.28909985046386716
1780625774247812000,14.27181201171875,-0.09573591770231724,0.1863245356440544,-0.3621387831896543
1780625774257807000,14.28180712890625,-0.2280781032681465,0.13573007443845272,-0.3104530196160078
1780625774267802000,14.291802001953124,-0.06469722083806992,0.08665946179926395,-0.2944318591415882
1780625774277796900,14.301796875,0.2990840688616037,-0.006858195331692695,-0.3692681966781616
1780625774287791900,14.3117919921875,0.6255015503287314,-0.10667758295536041,-0.41499592863023277
1780625774297787000,14.321786865234374,0.6195668995827436,-0.21082126351892946,-0.4568237305343151
1780625774307783000,14.331782958984375,-0.06226911690831184,-0.21816402749717234,-0.4246814563423395
1780625774317778200,14.341778076171876,-0.9599474399507045,-0.11262275509536265,-0.21621230890750884
1780625774327773200,14.351773193359374,-1.2717647336572409,-0.04692307921648025,0.029300913286209106
1780625774337768200,14.361768310546875,-0.9062602734267711,-0.011950550034642219,0.2019756937623024
1780625774347763000,14.371762939453125,-0.26759353657662865,0.08036474556922912,0.23816169038712978
1780625774357759000,14.381759033203124,0.38171383675336834,0.3117512427330017,0.13595160823464392
1780625774367754000,14.39175390625,0.6458411585241556,0.5783031613022088,-0.12084113286435604
1780625774377749000,14.4017490234375,0.3810989197254181,0.7834545624911785,-0.3351771265059709
1780625774387744000,14.411743896484374,-0.12571896803379057,0.8578612764388323,-0.49051381869018074
1780625774397739000,14.421739013671875,-0.7895762602418661,0.8311439499050378,-0.6662947484880686
1780625774407734000,14.431734130859375,-1.1297843666523695,0.8224608772337436,-0.6721300305128097
1780625774417730000,14.44172998046875,-0.8966057253748178,0.8562924196869134,-0.5133955125838517
1780625774427725000,14.45172509765625,-0.5562532420575619,0.9525497309148311,-0.14088205037415027
1780625774437720000,14.461719970703125,-0.009292144480347634,1.0395324333190918,0.3455822006642818
1780625774447715000,14.471715087890624,0.44704701740741726,1.0353928492963314,0.5674813230365514
1780625774457710000,14.4817099609375,0.26509295193254945,1.0184954905092716,0.5532201579719782
1780625774467705000,14.491705078125,-0.4288081808835268,1.0141308655589818,0.5787848073393106
1780625774477700900,14.501700927734374,-1.137530450734496,0.9836012872606515,0.5886877771943807
1780625774487696000,14.51169580078125,-1.7427011606961487,1.0206962154239416,0.8235895890027284
1780625774497691000,14.52169091796875,-1.9850474432915448,0.9880909998953342,1.0583575452983378
1780625774507686000,14.531685791015626,-2.0783762998521325,0.9050561583340168,1.2865566445976495
1780625774517681000,14.541680908203125,-1.9083125786572694,0.8368003682315349,1.498101546216011
1780625774527677700,14.551677734375,-1.9506413158208131,0.8778636155039071,1.5851234115868806
1780625774537672700,14.561672607421874,-2.2537240989297627,1.0445064223393796,2.0655805311650037
1780625774547667700,14.571667724609375,-2.010526752462983,1.1740160148277878,2.5553455773144957
1780625774557662700,14.581662841796875,-1.3938286863148213,1.213044833663106,2.815722606641054
1780625774567657700,14.59165771484375,-0.5667430718898773,0.9778568983897566,2.919620788010955
1780625774577652700,14.60165283203125,0.3771878837615251,0.5924459606841206,2.7991525801122186
1780625774587648500,14.6116484375,0.9079524642974137,0.27450638470500704,2.6603829918473956
1780625774597643500,14.6216435546875,0.8895552223414183,0.13947101453244684,2.596371999707818
1780625774607638500,14.631638427734375,0.11484510731995105,0.15549743570387362,2.534835288727283
1780625774617633500,14.641633544921875,-0.584782001927495,0.15493892503827808,2.3798194990605115
1780625774627628500,14.651628662109376,-0.581339167997241,-0.10464023190885782,2.093229001069069
1780625774637623600,14.66162353515625,-0.026104163071513174,-0.5163374112546444,1.6207044280558824
1780625774647619800,14.671619873046875,0.8876338988900184,-0.9020148909419774,1.0218693508565426
1780625774657614600,14.681614501953124,2.106298326000571,-1.3246493516266344,0.425419122967124
1780625774667609600,14.691609619140625,3.2113924880325793,-1.8991294475093483,-0.19896774411797521
1780625774677604600,14.7016044921875,3.01142521148324,-2.1598495911851523,-0.6286228972196578
1780625774687599600,14.711599609375,1.743073501139879,-2.1660712421789765,-0.7579740842759609
1780625774697594600,14.7215947265625,0.856369576576352,-2.1629025490149854,-0.764807145166397
1780625774707590700,14.731590576171875,1.4874696775645018,-2.1346716030478476,-0.994689667508006
1780625774717585700,14.741585693359376,2.165236252659559,-1.7841499001547694,-1.5315712696194648
1780625774727580700,14.75158056640625,1.794389262357354,-1.301069154074788,-2.1479116083711385
1780625774737575700,14.76157568359375,1.0799573826879263,-0.6602239041417837,-2.589400407129526
1780625774747570700,14.77157080078125,0.5828986723989248,-0.09604980595707893,-2.8484306980222462
1780625774757565700,14.781565673828124,0.5330220040738582,0.297772401741147,-2.8983330853104587
1780625774767561700,14.791561767578125,0.6326227805107831,0.6402183502063155,-2.5510405735969544
1780625774777556700,14.801556640625,0.9363017759472131,1.0166156681120395,-1.9288982705682516
1780625774787551700,14.8115517578125,0.6979173827201127,1.4435925419151783,-1.5338491514235735
1780625774797546800,14.821546630859375,0.20170038395226,1.604751948903501,-1.5241192000478505
1780625774807541500,14.83154150390625,0.3858458219915628,1.5219924171522259,-1.538540524110198
1780625774817536500,14.84153662109375,0.3338274654626846,1.2727344554722309,-1.4598328980982302
1780625774827532800,14.85153271484375,0.16353928786218166,0.766987411814928,-1.2790718418002127
1780625774837527800,14.86152783203125,-0.2908510780453682,0.2627230079308152,-0.5770622213304043
1780625774847522800,14.871522705078124,-1.268155310988426,-0.06778934163451195,0.25431845993995666
1780625774857517800,14.881517822265625,-1.251284840208292,0.024165303963422775,0.4346025463759899
1780625774867512600,14.8915126953125,0.20965923400223255,0.24711598121523856,0.52512978951931
1780625774877508600,14.901508544921874,2.0839842028617857,0.6462687362864613,0.37121348552703853
1780625774887503600,14.911503662109375,2.2950696702748536,0.832175046518445,-0.23377310003936289
1780625774897498600,14.92149853515625,0.9655115038186312,0.3981979385644197,-1.203330079856515
1780625774907493600,14.93149365234375,0.09000935674905776,-0.16967559866011142,-2.10742002350688
1780625774917488600,14.941488525390625,-0.43791035574972625,-0.4641895831272006,-2.4378894107133147
1780625774927483600,14.951483642578125,-0.6156318982213735,-0.5401186843365431,-2.1284768400609493
1780625774937479700,14.961479736328124,-0.188210787782073,-0.48952071599960323,-1.1279402000904082
1780625774947474700,14.971474609375,0.16595803944170473,-0.6075511753574013,-0.08420037820935249
1780625774957469700,14.9814697265625,-0.2189630689203739,-0.8854837351188063,0.2889431985974312
1780625774967464700,14.991464599609374,-0.5057677941843867,-1.1021835352823137,0.30598318072557446
1780625774977459700,15.001459716796875,-0.7037316219568253,-1.1856593986093997,0.15226035347878933
1780625774987454700,15.011454833984375,-0.6209919639497995,-1.194231996643543,0.019315525844693184
1780625774997450500,15.021450439453124,-0.5248810754552483,-1.255726914308965,0.09960662165582179
1780625775007445500,15.031445556640625,-0.5819336267590522,-1.2901277810826897,0.3050672349244356
1780625775017440500,15.0414404296875,-0.6195487794041633,-1.1504106828346847,0.5476625238448382
1780625775027435800,15.051435791015624,-0.7097153725415468,-0.8811933444485068,0.734981915745139
1780625775037430800,15.0614306640625,-0.7312094114691019,-0.5618342570602893,0.7405769592732191
1780625775047425800,15.07142578125,-0.5847536526158452,-0.33326720123142,0.47537353270351884
1780625775057421600,15.081421630859374,-0.22393530437499284,-0.2977802927866578,0.0680880323201418
1780625775067416600,15.09141650390625,0.2011772368609905,-0.2549170103549957,-0.15873276436328887
1780625775077411600,15.10141162109375,0.4531356896713376,-0.109404962092638,-0.12093465636670589
1780625775087406600,15.111406494140626,0.4340019501343369,0.07352963885217904,0.11298574318885803
1780625775097401600,15.121401611328125,0.5652399738505482,0.31230332365781066,0.3178554048269987
1780625775107396600,15.131396728515625,0.630375878366828,0.5026952548712492,0.41704175524413584
1780625775117393000,15.141392822265624,0.3743886084318161,0.6729422236785292,0.35814006894230843
1780625775127387600,15.1513876953125,0.053446051244437694,0.7882996644347906,0.26037469123899937
1780625775137382700,15.161382568359375,0.0722924982726574,0.7845712915614247,0.16791034255325793
1780625775147377700,15.171377685546876,0.3830886322379112,0.6946835153654217,0.161074943575263
1780625775157372700,15.18137255859375,0.6334557242035865,0.5846992920801043,0.20009002614617347
1780625775167367700,15.19136767578125,0.6020224750638008,0.38705519778132436,0.23614567438960074
1780625775177363700,15.20136376953125,0.22074615294486283,0.09006693215519189,0.05133680400550365
1780625775187358700,15.211358642578125,-0.3624965105861425,-0.20300883620232343,-0.23155600851178168
1780625775197353700,15.221353759765625,-1.0324994659423827,-0.47265082974135875,-0.552295444342494
1780625775207348500,15.231348388671876,-1.3978501969158648,-0.6641156508833169,-0.7785819880187511
1780625775217343500,15.241343505859374,-1.5808938111931086,-0.7459229964762926,-0.9826187059640884
1780625775227338500,15.25133837890625,-1.6135685848265886,-0.6702697895988822,-1.1800146707206964
1780625775237334800,15.261334716796876,-1.4149997768983245,-0.49454818877279755,-1.297583650046587
1780625775247329800,15.271329833984375,-1.1234630546763538,-0.3946870078340173,-1.3745985006660222
1780625775257324800,15.28132470703125,-0.8607105283901095,-0.333819282156229,-1.5592957273691892
1780625775267319600,15.291319580078126,-0.68331953304708,-0.260119839695096,-1.59849668790102
1780625775277314600,15.301314453125,-0.47064475061595434,-0.19603256744891404,-1.291895083016157
1780625775287309600,15.3113095703125,-0.04020283105075359,-0.11761574107706546,-0.772181473326683
1780625775297305600,15.3213056640625,0.41502544698566196,0.03164864545613527,-0.2802671401888132
1780625775307300600,15.331300537109374,0.585699409033358,0.18203180688619613,-0.048370939937233924
1780625775317295600,15.341295654296875,0.6169634390860795,0.29924802725166083,-0.10549626421630381
1780625775327291000,15.351290771484376,0.4263806614756584,0.352758375903964,-0.2379769814699888
1780625775337285600,15.36128564453125,0.28263357705920933,0.3586678922086954,-0.2191197207868099
1780625775347280600,15.37128076171875,0.2227759052067995,0.3296636237815022,-0.012316460737586021
1780625775357276700,15.381276611328126,0.3999681631073355,0.27972996457219124,0.275614345946908
1780625775367271700,15.391271728515624,0.09338263257443905,-0.42710400731414555,1.1404518911391497
1780625775377266700,15.4012666015625,-0.20581658709943293,-0.47227556668817994,1.7754700423538683
1780625775387261700,15.41126171875,1.3426450270444155,0.5717658684879541,0.7992366535127162
1780625775397256700,15.421256591796874,1.3668959634646773,1.2861720291942358,1.0476567030638455
1780625775407252500,15.43125244140625,-0.2734270650357008,1.857795858862996,1.536145737928152
1780625775417247700,15.441247802734376,-1.722282642045617,1.6982310275897383,1.4257535183638332
1780625775427242800,15.45124267578125,-0.6789847187131642,0.601139847010374,0.7965098588973283
1780625775437237800,15.46123779296875,1.2980787400871514,-0.8066653422087431,-0.2862666728645563
1780625775447232800,15.471232666015625,-2.941429299715161,0.3818140822574496,-1.5089093559563158
1780625775457227800,15.481227783203124,-9.310773192971944,2.701476049736142,-1.696400012770295
1780625775467223600,15.4912236328125,-4.428669844698906,1.6423853678576648,-1.1841489940464496
1780625775477218600,15.501218505859375,3.3080127873539924,-0.5235078874059022,-1.7524205906778574
1780625775487213600,15.511213623046874,4.462064749300479,-0.48237975820377466,-2.103957900354266
1780625775497208600,15.52120849609375,4.296781832641363,-0.5921212587743997,-2.4714719468414783
1780625775507203600,15.53120361328125,3.235093681615591,-0.01892199648246169,-2.603184602332115
1780625775517198600,15.541198486328126,0.6213537829995155,-0.47110389256030316,-2.4252479558050632
1780625775527194400,15.5511943359375,-0.10455459945201873,-2.3785822123505174,-2.4545634821385143
1780625775537189000,15.561189208984375,0.8191923769570887,-3.2467510939225552,-1.5488690259009599
1780625775547184000,15.57118408203125,1.116360821455717,-3.0108251997634765,0.29615035349726676
1780625775557179100,15.58117919921875,0.7130968316733837,-2.022296977494657,2.4620213969290257
1780625775567174100,15.591174072265625,0.18938859938979147,-0.5863099421471357,4.44690225148201
1780625775577169200,15.601169189453126,0.01610591614842415,1.1860003210015595,5.077495571991801
1780625775587165400,15.61116552734375,-0.8405491993710398,1.9757791180782018,4.900121235522628
1780625775597160400,15.621160400390625,-1.7916136601641772,2.093759016292542,3.702895902281999
1780625775607155200,15.6311552734375,-1.7739421021342276,1.8931250925280152,1.5886971784204245
1780625775617150200,15.641150146484375,-1.0712497600972652,1.3594134987547992,-0.6356541110306978
1780625775627145200,15.651145263671875,-0.1683753297165036,0.6597415274523198,-2.6164444813996552
1780625775637140200,15.66114013671875,0.36507834377288817,-0.24933731052652,-3.8722225413739677
1780625775647136300,15.67113623046875,0.7005813412323594,-0.9237862855061888,-4.368628340712189
1780625775657131300,15.68113134765625,1.2958148868083954,-1.8594959407791494,-4.4785424213707445
1780625775667126300,15.691126220703126,2.099400090919435,-1.8778638105101881,-3.5545027456253764
1780625775677121300,15.701121337890624,1.732415329003334,-0.436782520763576,-1.510352540501952
1780625775687116000,15.711115966796875,0.020186755721271037,0.8849855763383209,-0.03384147932529449
1780625775697111000,15.721111083984376,-2.07330849506855,1.4248461942605672,0.9042840049177407
1780625775707107300,15.731107421875,-3.8095325687050816,0.513465947471559,0.9599965397894382
1780625775717102300,15.741102294921875,-1.9458789237245917,-1.573721727606654,-0.02268061836361885
1780625775727097300,15.751097412109376,1.9421900060787796,-2.646195768801868,-0.2829045029550791
1780625775737092400,15.76109228515625,4.127656561340391,-3.9088554049834605,-0.813717014285922
1780625775747087400,15.77108740234375,4.896192663902044,-5.691095672124624,-1.6638661089122295
1780625775757082000,15.78108203125,3.3662805596664547,-4.310486532866954,-1.3335983817577362
1780625775767077000,15.7910771484375,0.6087254798337817,-1.4309667229674756,-0.3339320948809385
1780625775777073200,15.8010732421875,-1.0858601769909262,0.435712991835922,0.41073067240118977
1780625775787068200,15.811068115234375,-1.0669956097841262,1.315650491004437,0.6133282974541187
1780625775797063400,15.8210634765625,0.4318745827168226,0.8058967689890414,-0.012863573226332664
1780625775807058400,15.831058349609375,2.6107933237701655,-1.1224179295375942,-1.2199410229176282
1780625775817053400,15.841053466796875,2.24099145860672,-1.1852386159140615,-1.4211767119675873
1780625775827048200,15.851048095703124,0.31870179252326486,-0.5900253094084561,-0.9123480689078569
1780625775837044200,15.861044189453125,-0.6198018773823977,0.2608662741482258,-0.3630360242903232
1780625775847039200,15.871039306640625,-1.6510773544877766,1.5345169676825403,0.351896790638566
1780625775857034200,15.8810341796875,-3.041832040184736,1.733690025114268,0.5308388148158788
1780625775867029200,15.891029296875,-3.459899046823382,1.7140170641340315,0.7239052259355783
1780625775877024300,15.901024169921875,-3.5801930671989917,1.5590592882648109,0.6245253987729549
1780625775887019300,15.911019287109376,-2.2001374701708554,0.7607803738683462,0.26709435488283634
1780625775897015300,15.921015380859375,-0.6132540631741284,-0.6556719399258494,0.13938216720521449
1780625775907010300,15.93101025390625,0.27463410273790356,-1.6734665886893867,0.6031465106576681
1780625775917005300,15.94100537109375,-0.06263152047991752,-1.4421376669317483,0.9744722243875265
1780625775927000300,15.951000244140625,0.07481763283610343,-0.8068599879980087,0.8288824347138405
1780625775936995300,15.960995361328125,0.6684171474695205,0.3475207675114274,0.1501005450963974
1780625775946990300,15.970990234375,0.1716144577682018,1.1232149251341819,-0.18173194715678692
1780625775956986000,15.980986083984375,-1.7045172682523726,1.337291098795831,0.004463409149646759
1780625775966981000,15.990981201171875,-1.4192238243341444,1.144727668762207,-0.4456821587949991
1780625775976976100,16.00097607421875,-0.7505144159197807,0.5054632582798599,-1.279326693344116
1780625775986971100,16.01097119140625,-1.0448831466972828,-0.16278642366826535,-1.454048469477892
1780625775996966400,16.02096630859375,-1.063504845058918,-0.2940767620936036,-1.0409913999557494
1780625776006961400,16.03096142578125,-1.4593494984954594,0.41370881142914295,-0.14728373410999773
1780625776016957200,16.040957275390625,-2.699081263554096,1.6433309781447052,0.900342866076529
1780625776026952200,16.0509521484375,-4.571495430356264,2.8078765693157908,1.3436352071255444
1780625776036947200,16.060947265625,-3.0673592801511287,2.8299904937073586,1.2030997782319783
1780625776046942200,16.070942138671874,2.8137878391861912,3.312246771661937,1.4564403330504894
1780625776056937200,16.080937255859375,3.8236417580783364,2.837890307046473,0.620703794658184
1780625776066932200,16.09093212890625,3.9008009856045245,0.7751847467958927,-0.772670133626461
1780625776076928300,16.10092822265625,2.9732892498344183,-1.2049690792351961,-1.182527530324459
1780625776086923300,16.11092333984375,1.1731237421631813,-2.43924140984416,-0.6895128347292542
1780625776096918300,16.120918212890626,-0.43641573327779765,-2.4175515560835596,0.04167816430032253
1780625776106913300,16.130913330078126,-1.6552964334875344,-1.6993559399664402,0.8208183707237243
1780625776116908300,16.140908203125,-1.4937304915249348,-0.4549672890126705,1.1907549681827425
1780625776126903300,16.1509033203125,-0.6278735401570796,0.7888502840548753,0.8285422429740429
1780625776136899300,16.1608994140625,0.3674088325470686,1.4360177227467297,0.4516477892011404
1780625776146894300,16.170894287109373,0.22820085286498068,1.3130384088099003,0.13981588244736193
1780625776156889000,16.18088916015625,-0.6295680691152811,0.49220893217027184,-0.2055699188619852
1780625776166884000,16.190884033203126,-1.1709838075250387,-0.34539106200635433,-0.13254676822721959
1780625776176879000,16.200879150390627,-1.5871470263689755,-1.651921404096484,0.3608025661498308
1780625776186874000,16.2108740234375,-1.6612831066817044,-0.8654799347490072,0.5928568795725703
1780625776196870400,16.220870361328124,-0.8916559940129518,0.0363204366594553,0.37831425744295116
1780625776206865400,16.230865478515625,0.3197095082610845,-0.5604413413971662,-0.14945757101774215
1780625776216860400,16.2408603515625,1.2258996390610932,-1.6476777751773595,-0.5010130008727312
1780625776226855200,16.250855224609374,1.489718333274126,-2.0144448026895523,0.14096885187476874
1780625776236850200,16.26085009765625,0.9424532843142748,-1.903932171615958,1.094859183743596
1780625776246845200,16.27084521484375,0.2777314842313528,-1.6927888365358112,1.7553119282051919
1780625776256841200,16.28084130859375,-0.909309724125266,-1.276583532115817,2.2129671411275864
1780625776266836200,16.290836181640625,-1.816971096521616,-1.4245412199646235,2.053882494586706
1780625776276831200,16.300831298828125,-1.6859265495508908,-1.2305138548582792,1.4515949388459324
1780625776286826200,16.310826171875,-0.8701163623780012,-1.0186726006418465,0.3079240856602788
1780625776296821200,16.3208212890625,0.2361480124771595,-0.923767288544774,-0.9635212067842482
1780625776306816300,16.330816162109375,0.6449234591573476,-0.8145704162448644,-1.793563332927227
1780625776316812300,16.340812255859376,0.7860679598599671,0.22391981454491613,-1.6449457198649644
1780625776326807300,16.350807373046877,0.6520072799384593,0.9794891757667064,-1.4106713923051952
1780625776336802300,16.36080224609375,0.501026444876194,1.971007227501273,-0.5388695610582829
1780625776346797300,16.37079736328125,-0.008337035712599753,2.2734289163529873,0.18540595949441194
1780625776356792300,16.380792236328126,0.07533961088359356,2.2626094161748886,1.1654659208863973
1780625776366787000,16.390787109375,0.278256969410181,1.2834329596191645,1.2852657280042767
1780625776376782000,16.400781982421876,0.7210773090332746,0.15357903486192226,0.7627952208220958
1780625776386778400,16.4107783203125,1.573391472738981,-0.5868927104711532,0.8739625164121388
1780625776396773400,16.4207734375,0.48388709402680397,-0.9454144722074269,1.4173396180227398
1780625776406768400,16.430768310546874,-1.06312782844007,-1.3024065401583909,1.3836577131733296
1780625776416763400,16.440763427734375,-0.8448001348137855,-1.3335206403464077,0.8024018395453691
1780625776426758400,16.45075830078125,-1.3168091595202684,-1.2222481308162212,-0.0825336140409112
1780625776436753200,16.460753173828124,-0.8290747424155473,-0.847727420437336,-0.9732438516363501
1780625776446749200,16.470749267578125,0.01892623426616192,-0.0699392131447792,-1.5320646060943603
1780625776456744200,16.480744140625,0.15610533846914768,0.5581523536771535,-1.780817540861666
1780625776466739200,16.4907392578125,0.6595341683119536,0.9205056564003229,-1.6935308870747685
1780625776476734200,16.500734130859374,0.9312415699481964,0.9269505947560072,-1.5457389111816882
1780625776486729200,16.510729248046875,0.7574240491777658,0.30315234121382234,-1.4937135403901338
1780625776496724200,16.52072412109375,0.4496060542404651,-0.11826163776516914,-0.8391226736992597
1780625776506720300,16.53072021484375,0.2649737094670534,-0.012121814948320387,0.0015934066712856292
1780625776516715300,16.54071533203125,-0.07344049926400184,-0.010277648386359214,0.30631460463702676
1780625776526710300,16.550710205078126,-0.1938368109703064,-0.1270861647337675,0.37779870913624763
1780625776536705300,16.560705322265626,-0.02837269252538681,0.15290274303555487,0.41150662520974873
1780625776546700300,16.5707001953125,0.18847557619810104,0.5682815335035324,0.05835369703024625
1780625776556695300,16.5806953125,0.5693851108312606,0.7299170335710048,-0.18726590814739463
1780625776566691000,16.590691162109376,0.5205950686991214,0.5914397062510252,-0.24735826553851364
1780625776576686000,16.60068603515625,-0.05756605378389358,-0.03269172476828098,-0.36368835071921346
1780625776586681000,16.61068115234375,-0.8165782489359378,-0.3179682175517082,-0.11369739858955144
1780625776596676400,16.62067626953125,-1.1093453897356986,-0.2580629071652889,0.24015081837773322
1780625776606671400,16.63067138671875,-0.8294599423408507,-0.7036328377574682,0.2989651186570525
1780625776616666400,16.640666259765624,0.4843482817977667,-0.8420861996799707,0.010396452460438013
1780625776626662100,16.650662109375,1.522411811608076,-0.36361937713623044,-0.12195713128224014
1780625776636657200,16.6606572265625,1.2449345943987369,-0.0022726211071014404,-0.2287558563992381
1780625776646652200,16.670652099609374,0.21186814222335815,0.07841945672035217,-0.22801658233925698
1780625776656647200,16.680647216796874,-0.9746657011330128,-0.12015198155641556,-0.3201347479358315
1780625776666642200,16.69064208984375,-1.1773550961226225,-0.37610359565615653,-0.30673794461563225
1780625776676637200,16.70063720703125,-1.1111287660211324,-0.3987836294978857,0.24835122209861873
1780625776686633500,16.710633544921876,-0.5617278740763664,0.05246142412126064,1.099062042260915
1780625776696628200,16.720628173828125,0.0716600455880165,0.21885259428322315,1.2293620544746517
1780625776706623200,16.730623291015625,0.3505588200330734,0.39525019467473027,0.9569758767940103
1780625776716618200,16.7406181640625,0.09883329919576644,0.901648395717144,0.6009418402202427
1780625776726613200,16.75061328125,-0.02011515178978443,1.2292770065397023,0.2689258080936968
1780625776736608300,16.760608154296875,0.3529565288245678,1.0747025308996438,0.06444777612164616
1780625776746603300,16.770603271484376,0.546112956315279,0.6089625034600495,0.008502893798798322
1780625776756599300,16.780599365234377,0.27337153545618054,0.1580734236717224,0.04585442707166076
1780625776766594000,16.790593994140625,-0.4393780902147293,-0.10978197871148586,0.155163819835335
1780625776776589000,16.800589111328126,-0.92088384206295,0.44218905598223207,0.3592379471816122
1780625776786584000,16.810583984375,1.4009060773551463,6.093466512459516,2.280134989862889
1780625776796579300,16.820579345703123,-1.2114590257763862,3.128793115279078,1.6138589460752903
1780625776806574300,16.83057421875,-1.8510791178286075,2.5053362225204703,1.7882082356348632
1780625776816570400,16.8405703125,0.05410919132828712,1.6165286036759614,1.2247026843614877
1780625776826565400,16.8505654296875,-1.1901432660251856,2.14102710955441,0.036773002732545135
1780625776836560100,16.86056005859375,-0.9775900641471147,2.16271637879312,-1.1302817947804926
1780625776846555100,16.87055517578125,-0.002747252881526947,1.202930851405859,-2.45054854740873
1780625776856550100,16.880550048828123,-0.006074935999512672,-0.1492804608851671,-3.53347749325335
1780625776866545200,16.890545166015624,-0.2495189507037401,-1.439536544522643,-3.82401731339246
1780625776876541200,16.900541259765625,-0.1554243704676628,-2.4409540589809415,-3.3034447487860916
1780625776886536400,16.910536376953125,0.2576402978390455,-3.0751480343312023,-2.2552555462807415
1780625776896531500,16.920531494140626,0.8085854966163635,-3.5173651473641394,-0.8765630542993545
1780625776906526200,16.930526123046874,0.9591863924503325,-3.4323055219769474,0.5808271633544937
1780625776916521200,16.940521240234375,0.8488672381222248,-3.446629230883717,1.286353377110511
1780625776926516200,16.95051611328125,0.7831693158090114,-3.379909272046387,1.2620236763656139
1780625776936512300,16.96051220703125,1.0715198092103004,-3.0431393233910202,0.8677490487247705
1780625776946507300,16.97050732421875,1.6570459075033663,-2.2503505308434364,0.9037417877998203
1780625776956502300,16.980502197265626,2.132958953911066,-1.215409516967833,1.2144617147237062
1780625776966497300,16.990497314453126,1.5749626675784587,-0.8149082698971033,0.9912312706824391
1780625776976492300,17.0004921875,0.3808674490571022,-0.9955331325948238,0.5431461058663204
1780625776986487000,17.010487060546875,-0.692484251755476,-1.273556585510075,0.6696725543580949
1780625776996482000,17.02048193359375,-0.8951064267277717,-1.1963073416128753,1.2042341160241514
1780625777006478300,17.030478271484377,-0.8504606447935104,-1.1985010522648691,1.3089441252335905
1780625777016473300,17.040473388671874,-0.45503918520510195,-1.3517933791399002,0.9126813925154507
1780625777026468400,17.05046826171875,0.5246060579061508,-1.2526514523863792,0.45251514662019904
1780625777036463400,17.06046337890625,0.8167898458600044,-0.7903419839173554,-0.025527020770683882
1780625777046458400,17.070458251953124,0.09105389736592769,-0.10109422986507414,-0.3663064973283559
1780625777056453000,17.080453125,-0.41650107249617574,-1.4030357828602193,-1.0133777091041207
1780625777066449200,17.09044921875,-6.894607538288831,-2.9497476307272907,-1.4553075296282767
1780625777076444200,17.100444091796874,-6.813786865645647,2.171461703045666,-0.5988641571633517
1780625777086439200,17.110439208984374,4.746397239232063,3.573311490991711,0.09697276602089404
1780625777096434400,17.120434326171875,5.138098801514506,2.33377554076612,-0.6971230174720286
1780625777106429400,17.130429443359375,3.0719431008100506,0.22126023994684219,-1.822443828844279
1780625777116424400,17.140424560546876,0.5096025500416755,-0.5551140088945626,-1.4891601148694753
1780625777126420200,17.150420166015625,-0.92494977632761,-0.0791670602172613,-0.3092290307790041
1780625777136415200,17.160415283203125,-0.8148591700583696,0.22108985181599855,0.6539082912541926
1780625777146410200,17.17041015625,-0.6242986042797565,0.20915420708954333,1.1122697527498007
1780625777156405200,17.1804052734375,-0.9900117388248443,-0.003997545203566551,0.6725732442356646
1780625777166400300,17.190400146484375,-1.5077017337322234,-0.23973610009700058,-0.18506737518981098
1780625777176395300,17.200395263671876,-1.6326397805213928,-0.14748101024776697,-0.7950826025731861
1780625777186390300,17.210390380859376,-1.2017740825861691,-0.0933189196884632,-1.3012972637422382
1780625777196386300,17.22038623046875,-0.4322451695948839,-0.038080432069301604,-1.3124614857047796
1780625777206381300,17.23038134765625,0.05432897155880928,0.140375269895792,-0.8421665714398026
1780625777216376300,17.240376220703126,0.270353064417839,0.26533845112621784,-0.05209887441918254
1780625777226371300,17.250371337890623,0.012282558467984199,0.4197545213341713,0.4258906860016286
1780625777236366300,17.260366455078124,-0.6366466291993856,0.3919774566143751,0.1872917732410133
1780625777246361300,17.270361328125,-0.6771253545820712,0.5760930840373039,0.2108119111686945
1780625777256357000,17.280357177734373,-0.19329320561289787,0.7654892822116613,0.23604089884087442
1780625777266352000,17.29035205078125,0.4943769238591194,0.37851708653867244,-0.3718254799455404
1780625777276347100,17.30034716796875,0.7330863112568855,-0.20866437774598598,-0.34588132974132896
1780625777286342100,17.310342041015623,0.4768441897779703,0.0471475356221199,0.1335898475393653
1780625777296337200,17.320337158203124,0.06062076517939567,0.3304495134621858,0.023776596906781196
1780625777306332400,17.33033251953125,-0.6069611005097627,0.3778033853113651,-0.18345511768758296
1780625777316328200,17.340328125,-0.9244400732398033,0.08431728258728981,-0.5289107693627476
1780625777326323200,17.3503232421875,-0.8385837445169687,-0.25206571257710453,-0.45040831053406
1780625777336318200,17.360318115234374,-0.3555214108765125,-0.5545768332779407,0.014493512515723705
1780625777346313200,17.370313232421875,0.3842553379297256,-1.1881541380345821,0.4534036929577589
1780625777356308200,17.38030810546875,1.0362503429085015,-1.3013292663156986,0.8760431220784782
1780625777366303200,17.39030322265625,0.9643880527466535,-0.8910019140183925,1.1655340176865459
1780625777376298200,17.40029833984375,0.6132178228169679,-0.4241875353455543,1.312119540399313
1780625777386294000,17.4102939453125,0.5180249259501696,0.027539748832583425,1.3123448735877872
1780625777396289300,17.420289306640626,0.060197571331262585,-0.12070610830783843,0.9761790283054113
1780625777406284300,17.4302841796875,-0.6132026252478361,-0.6079436818063259,0.5831593691617251
1780625777416279300,17.440279296875,-0.7441536487162113,-1.0108838464617729,0.20536036776453256
1780625777426274300,17.4502744140625,-0.5748673416346312,-1.4272300206571817,-0.1318023796007037
1780625777436269300,17.460269287109377,-0.08294190258085728,-1.551558411115408,-0.17120324661880731
1780625777446265300,17.470265380859374,0.3669020520687103,-1.361756554749608,0.09740472769737243
1780625777456260000,17.480260009765626,0.8626105167925358,-0.9084744423449039,0.36155309225618837
1780625777466255000,17.490255126953127,0.7890414227128029,-0.05775602339804172,0.5791974797934294
1780625777476250000,17.50025,0.787159262228012,0.831647223252058,0.735681588447094
1780625777486245000,17.5102451171875,0.5317489153981209,1.7934002513200045,0.7353057408720255
1780625777496240000,17.520240234375,-0.18428280068337916,2.5586568938195704,0.38485359608381986
1780625777506236400,17.530236328125,0.03107844435274601,2.823468106201291,-0.21429653841406104
1780625777516231400,17.5402314453125,0.5285919126719236,1.7321376811057327,-0.8562266609743237
1780625777526226400,17.550226318359375,-0.08176175288558006,-0.1931429834872484,-1.3334282858878372
1780625777536221400,17.560221435546875,-0.4517740459293127,-1.9961451758891342,-1.4728329571858048
1780625777546216700,17.570216796875,-0.1815273644953966,-2.4792116011828185,-0.5373948123306036
1780625777556211700,17.580211669921876,-0.04477554579377174,-1.890479984846711,0.5105404154136777
1780625777566206700,17.590206787109373,-0.2508651046156883,-0.8690542861044407,1.2589531828790903
1780625777576202800,17.60020263671875,-0.5749848305344581,0.2343962003737688,1.388634917064011
1780625777586197500,17.610197509765626,-0.5804167924553155,1.3575620256692171,1.08930301092118
1780625777596192500,17.620192626953123,-0.04234335021078586,2.23023041061759,0.713696843393147
1780625777606187500,17.6301875,0.7446025615274906,2.8345196615695953,0.2897206127107143
1780625777616182500,17.6401826171875,0.8447434361904859,3.1967496301740406,-0.21881810749173164
1780625777626177500,17.650177490234373,0.19127835865914822,3.0708932994961735,-0.14151450305879115
1780625777636173800,17.660173828125,-1.3832424103707075,2.0975714141875503,-0.3605407003432512
1780625777646168800,17.6701689453125,-0.7715835074335337,1.1511153239727019,-0.9681839378982782
1780625777656163600,17.68016357421875,-0.10133856001496315,0.3551210133820772,-0.511653345091641
1780625777666158600,17.69015869140625,-1.432947813782096,-0.46842824361026286,0.16940204241573809
1780625777676153600,17.700153564453124,-1.8975959543317555,-0.7409662508517504,0.24665683927088974
1780625777686148600,17.710148681640625,-1.3257704646110533,-0.5503337888807058,-0.1346314655467868
1780625777696143600,17.7201435546875,-0.4440326380223035,0.08659750247895717,-0.4373448308214545
1780625777706139600,17.7301396484375,-0.2079886704415083,0.9985393286734818,-0.6181576173067093
1780625777716134700,17.740134765625,-0.1454506734639406,1.7533540721356868,-0.8142351929411291
1780625777726129400,17.75012939453125,0.101353757584095,2.1812603357434273,-0.7743947654619813
1780625777736124400,17.76012451171875,0.3167313692331314,2.1826918298512696,-0.5888040970504284
1780625777746119700,17.77011962890625,0.675827715986967,1.8056015612453222,-0.21501754616498947
1780625777756114700,17.78011474609375,0.5338572858542203,1.542151115822792,0.1122962996199727
1780625777766110700,17.79011083984375,0.49300271289646624,1.0478063406676053,0.1297837332546711
1780625777776105700,17.800105712890623,0.6211451086848974,0.2884147908091545,0.16051438708305357
1780625777786100700,17.810100830078124,0.29572949773669244,-0.26316929039359094,0.30403730735480783
1780625777796095500,17.820095458984376,-0.03364741805791854,-0.7055483159899711,0.4633586852610111
1780625777806090500,17.830090576171877,-0.2765115870475769,-0.6803887402921914,0.690225659173727
1780625777816085500,17.84008544921875,-0.665437839397788,-0.6423778663277626,0.6643557432495057
1780625777826080500,17.85008056640625,-0.5299456653684378,-0.8527502170354128,0.5465004943281412
1780625777836076800,17.860076904296875,-0.2784761651188135,-0.9404004434376955,0.4303180009245872
1780625777846071800,17.87007177734375,0.02981704611480236,-0.9560089314579963,0.19260040104314682
1780625777856066800,17.88006689453125,0.25066636717319485,-1.0778396598815918,-0.1657438121691346
1780625777866061600,17.8900615234375,0.5945300734817981,-1.0791495734363794,-0.40644145077466964
1780625777876056600,17.900056640625,0.5375836129009723,-0.9246785581707954,-0.4214072569772601
1780625777886051600,17.910051513671874,0.5922410857617855,-0.5692731748893857,-0.48129868496879935
1780625777896047600,17.920047607421875,0.7438327461987734,-0.05181318934559822,-0.48407574846670026
1780625777906042600,17.930042724609375,0.6052133800595998,0.2389329670205712,-0.20120090999752283
1780625777916037600,17.94003759765625,0.32235213172435756,0.37007308332026,0.23871143322438002
1780625777926032600,17.95003271484375,-0.05829845971167087,0.21393998006135223,0.5106206410430372
1780625777936027600,17.960027587890625,-0.11203414155244827,-0.05244476524740457,0.5423338761679828
1780625777946022400,17.9700224609375,-0.3035387101829052,-0.17526070531606674,0.61106912035048
1780625777956017700,17.980017578125,-0.2765162632226944,-0.3197778973221779,0.6980996074192225
1780625777966013700,17.990013671875,-0.21882278366684912,-0.39205285993814465,0.9353294237837195
1780625777976008700,18.0000087890625,-0.04754442598521709,-0.35682781729996205,1.1625276754774152
1780625777986003700,18.010003662109376,0.21709084530770778,-0.1313134270399809,1.0506268049158156
1780625777995998700,18.019998779296873,0.02950023525059223,0.09636953943073749,0.49944604381695384
1780625778005993700,18.02999365234375,-0.1317395434975624,0.3216618113726377,-0.031242402742803096
1780625778015988500,18.039988525390626,-0.1787742663949728,0.4643944580495357,-0.29601868994161484
1780625778025983500,18.0499833984375,0.024455226820707318,0.49202714586257934,-0.2812906380176544
1780625778035979500,18.0599794921875,0.26002222453951834,0.46106385232210156,0.028951953718066213
1780625778045974800,18.069974853515625,0.8951052576839923,0.5753124550536275,0.4111613189034164
1780625778055969800,18.0799697265625,1.6184487580835818,1.3201181379377842,0.5514562170393764
1780625778065964800,18.08996484375,1.0698843169629573,2.0061255948945877,0.07992080119401217
1780625778075959800,18.099959716796874,0.45536593294143674,2.166135539586842,-0.5169584657624363
1780625778085954600,18.10995458984375,-0.2690449044287205,1.856031479538977,-0.8745850322246551
1780625778095950600,18.11995068359375,-0.38233226091265676,1.4013111510246992,-0.8454642978109419
1780625778105945600,18.129945556640624,-0.11767653135359286,1.0743412963718175,-0.574983076968789
1780625778115940600,18.139940673828125,0.06542904224395751,0.7363114107832313,-0.39543504972234367
1780625778125935600,18.149935546875,0.14389642975926398,0.4190101327076554,-0.368159650914371
1780625778135930600,18.1599306640625,-0.10587094274759291,0.3786249308273196,-0.4189690700449049
1780625778145925600,18.169925537109375,-0.40278117470145225,0.39662674372494217,-0.33617008306607604
1780625778155920400,18.17992041015625,-0.45680502583384514,0.2601043498650193,-0.05133680400550365
1780625778165916700,18.189916748046876,-0.17238836475014685,0.2660658886179328,0.17469430360496044
1780625778175911700,18.19991162109375,-0.6160404790222644,0.29656419499516484,0.1267216422703117
1780625778185906700,18.20990673828125,-0.78444006639719,0.21627105335742233,0.1953727883659303
1780625778195901700,18.219901611328126,-0.6294985110104083,-0.10138473724424839,0.45318749292381105
1780625778205896700,18.229896728515627,-0.41142274631857867,-0.3085597532153129,0.7115982636786997
1780625778215891700,18.2398916015625,-0.5628934107244015,-0.24509295095503328,0.932233649725467
1780625778225887500,18.249887451171876,-1.2465256629824637,-0.1291436817854643,0.9319031756620854
1780625778235882500,18.259882568359377,-1.9693840102136133,-0.0511082559466362,0.8791440837685018
1780625778245877500,18.26987744140625,-2.3549358176946638,-0.0794134361937642,0.7366044023804366
1780625778255872800,18.279872802734374,-1.8139912039279937,-0.34724779578894377,0.5808140481445938
1780625778265867800,18.28986767578125,-0.7290244686454534,-0.8882850562751292,0.37536958229318257
1780625778275862800,18.29986279296875,0.2529617846339941,-1.3797545682549477,0.16017353775613008
1780625778285857800,18.30985791015625,0.554115645506978,-1.7872233162507414,-0.2983604672947898
1780625778295853600,18.319853515625,0.4961147074371576,-2.0395631695941088,-0.7362173027589917
1780625778305848600,18.3298486328125,0.2318085219681263,-1.9993521552368998,-0.955966553620994
1780625778315843600,18.339843505859374,-0.14762275680601597,-1.877988459803164,-0.8866264023479073
1780625778325838600,18.349838623046875,-0.5168471143424511,-1.6680869414776562,-0.5736782779805362
1780625778335833600,18.35983349609375,-0.25403029064834115,-1.5336711645081638,-0.33083420193083585
1780625778345828600,18.36982861328125,0.30846330710351466,-1.5264321531653404,-0.20289032438918947
1780625778355823600,18.37982373046875,0.9212211111932992,-1.56483348775208,-0.11573569948412478
1780625778365819600,18.389819580078125,1.6217758566796778,-1.5871452728033064,-0.044419371033553035
1780625778375814700,18.399814697265626,1.7745313001990317,-1.5211065742284058,-0.18656760541861875
1780625778385809700,18.4098095703125,1.188887128484249,-1.3790017040610312,-0.40953481368012723
1780625778395804700,18.4198046875,0.34197803869247434,-1.1973100889146326,-0.5105739523570985
1780625778405799700,18.429799560546876,-0.17275602901875972,-1.0946145613327622,-0.3055467620696872
1780625778415794700,18.439794677734376,-0.318578458404541,-1.0832023559585213,0.0014933072976768015
1780625778425790500,18.44979052734375,-0.13557225352823735,-1.0410288093566893,0.19523871365748344
1780625778435785500,18.459785400390626,-0.022089082211256026,-0.8198626774340868,0.5189775139672681
1780625778445780500,18.469780517578126,-0.025846388918161392,-0.7318252052798867,0.8238708901621401
1780625778455775700,18.479775634765623,0.15337971289753913,-0.766302936682105,0.8373581482447683
1780625778465770800,18.489770751953124,0.40130701049566264,-0.6870531666174531,0.5408874036867172
1780625778475765800,18.499765869140624,-0.030260698229074477,-0.44237931785732504,0.08216361168473958
1780625778485760800,18.5097607421875,-0.6997989586830139,-0.16952625331729648,-0.2928549652136862
1780625778495756500,18.519756591796874,-1.0890011053651572,0.03853314427286386,-0.47625637995265424
1780625778505751600,18.52975146484375,-1.0804337680280207,0.00014437690675258636,-0.4173196223374456
1780625778515746600,18.53974658203125,-0.6628121670693159,-0.1538175197929144,-0.06620959816239774
1780625778525741600,18.549741455078124,-0.13961889857053755,-0.33583822076320646,0.27033837830536067
1780625778535736000,18.559736083984376,0.17657587956786155,-0.42068683374822136,0.3727373340934515
1780625778545731000,18.56973095703125,0.4235620969235897,-0.266067349922657,0.24270890536271034
1780625778555726000,18.57972607421875,0.4919570032358169,0.09167933578789234,-0.010756298748776316
1780625778565722000,18.58972216796875,0.22466040377914903,0.24750351922810077,-0.23840178275331853
1780625778575717000,18.599717041015627,-0.1842939065992832,0.14947101502120494,-0.3288113908663392
1780625778585712000,18.609712158203124,-0.5280535680115223,-0.250630711337924,-0.2665570331357419
1780625778595707100,18.61970703125,-0.4610509928405285,-0.6284691679626703,0.05520911539420485
1780625778605702100,18.6297021484375,-0.303934431502223,-0.8217471760064363,0.5248097637847066
1780625778615697200,18.639697265625,-0.022412322816252706,-0.9379191480159759,0.8237208141669631
1780625778625692200,18.649692138671874,0.3164823629081249,-0.8673410524457693,0.972466145262122
1780625778635688200,18.659688232421875,0.4051531645298004,-0.5199941801965237,0.9865446472361683
1780625778645683000,18.669682861328123,0.5725111338973045,-0.02067979993522167,0.8401054011262953
1780625778655678000,18.679677978515624,0.44579029534459114,0.4036760777145624,0.5890653783351183
1780625778665673000,18.6896728515625,0.033548049336671826,0.6819868231385946,0.29252777908593414
1780625778675668000,18.69966796875,-0.2103495543539524,0.6796820533275604,0.0009771744690835475
1780625778685663200,18.709663330078126,-0.4511339944601059,0.5116039529919624,-0.07951178200170397
1780625778695659300,18.7196591796875,-0.41582068901658054,0.44315994684100146,-0.14632584886327385
1780625778705654300,18.729654296875,-0.038321255087852474,0.41924890989959235,-0.23722382501512765
1780625778715649000,18.73964892578125,0.5334112956523895,0.6029033495515584,-0.39178953282684087
1780625778725644000,18.74964404296875,0.7642939349472522,0.879896582636237,-0.5185583021745085
1780625778735639000,18.75963916015625,0.6305635098934174,1.0432798031538724,-0.5490042938426136
1780625778745634000,18.769634033203126,0.3541489534795284,0.9668705172121524,-0.5532688194192945
1780625778755629000,18.779629150390626,0.05410509967505932,0.6635626931756734,-0.4780357376500964
1780625778765625000,18.789625,-0.15064590401947497,0.31961715380251404,-0.25918197432309387
1780625778775620000,18.7996201171875,-0.19417232653498648,0.003771335232257843,0.08297799680754542
1780625778785615000,18.809614990234376,-0.08687748846411704,-0.3909405147820711,0.2802436131827533
1780625778795610000,18.819610107421877,0.05999824936687946,-0.6548772824168205,0.2845939173467457
1780625778805605000,18.829605224609374,0.06620587183535098,-0.7356821729689836,0.6683757925458252
1780625778815600000,18.83960009765625,0.08451075933277606,-0.6867009921789169,0.7837162821672856
1780625778825595100,18.84959521484375,0.09615618894100189,-0.45745326060950753,0.6278649184592068
1780625778835591200,18.859591064453124,0.07533259662091732,-0.14682488442659378,0.2912297020994127
1780625778845586200,18.869586181640624,-0.0915939955919981,0.34115386282801624,-0.13445099441334604
1780625778855581000,18.879580810546877,-0.5143377618700266,0.8194435752391814,-0.5268590975299478
1780625778865576000,18.889575927734374,-0.6139882226675748,1.2017559624075889,-0.7829249856591224
1780625778875571000,18.899571044921874,-0.7088713229328394,1.4961907441586255,-1.046441482055187
1780625778885566200,18.909566162109375,-0.6481500199884176,1.7328811929494141,-1.0773778875887394
1780625778895561200,18.919561279296875,-0.19952596252262592,1.840996115231514,-0.4345861797630787
1780625778905557200,18.92955712890625,-0.19520225410461425,1.8115870653957127,-0.23283172753602266
1780625778915552300,18.93955224609375,-0.518354011774063,1.6562661553025244,-0.6673740681573748
1780625778925547000,18.949547119140625,-0.8379553834855556,1.4211626834422348,-1.0400266465768218
1780625778935542000,18.9595419921875,-0.5171405443310737,1.2278180399030447,-0.43989626886993644
1780625778945537000,18.969537109375,0.06048223349153995,0.8625491419941186,0.33506036825850605
1780625778955532000,18.979531982421875,0.47768765486478804,0.32895898264348505,0.7928441759966314
1780625778965527000,18.989527099609376,0.5919271975070238,-0.18481763821244238,0.7817904286712407
1780625778975523300,18.9995234375,0.32899405395686626,-0.3624626083165407,0.4792975742794573
1780625778985518300,19.009518310546873,0.17880407701134682,-0.3444762852489948,0.24608181586191058
1780625778995513000,19.01951318359375,0.2687041281670332,-0.2951128271430731,0.31643194789513945
1780625779005508000,19.029508056640626,0.3099327951341867,-0.2227373267620802,0.38786987516507504
1780625779015503000,19.039503173828123,0.3021259207755327,-0.1814279957741499,0.24778628169223665
1780625779025498000,19.049498046875,0.2307230648189783,-0.3608995967835188,0.22596681020259857
1780625779035494100,19.059494140625,0.05632745189964771,-0.6095879418820143,0.3071167148001492
1780625779045489200,19.0694892578125,-0.059957917356491086,-0.7051859124183655,0.29197818237915635
1780625779055484200,19.079484130859374,-0.10393968242406844,-0.4994932439595461,0.2696000540934503
1780625779065479200,19.089479248046874,-0.09333177917003631,-0.13403671452403068,0.23598916865363714
1780625779075474000,19.099473876953127,0.006738952866196632,0.1800023468852043,0.07243424483090638
1780625779085469000,19.109468994140624,0.16014029307365416,0.3546376137793064,-0.030387539479136465
1780625779095464200,19.119464111328124,0.08900281005501746,0.4668307452857494,-0.07355608846768737
1780625779105459200,19.129459228515625,0.030615503016114234,0.4898614922612905,-0.22484613560959696
1780625779115455200,19.139455322265626,0.03250292419791222,0.5176642759442329,-0.2804956882476807
1780625779125450200,19.1494501953125,0.10937982765138149,0.4813964462548494,-0.15750483000352977
1780625779135445000,19.159445068359375,0.1706347990810871,0.3505319320261478,-0.034090193389356135
1780625779145440000,19.16943994140625,0.025460604470968245,0.21836393398344514,-0.0096780750580132
1780625779155435000,19.17943505859375,-0.11138415321111679,0.08052022839188576,0.07753244475275278
1780625779165430000,19.189429931640625,-0.14657763166725635,-0.0032949498921632766,0.1609972021639347
1780625779175426000,19.199426025390625,-0.04414367763102054,-0.13253916944265365,0.2031801011160016
1780625779185421300,19.20942138671875,0.05149754752516746,-0.30283377678394313,0.23411826021522283
1780625779195416300,19.219416259765627,0.04657119703888893,-0.4799819032818079,0.1680484358496964
1780625779205411000,19.2294111328125,-0.018324761241674422,-0.5559487061530352,0.06415127739310264
1780625779215406000,19.239406005859376,-0.13280161977112293,-0.5055816239625215,0.17921674946546554
1780625779225401000,19.249401123046876,-0.06855272722244263,-0.48248365696966644,0.3325928091011941
1780625779235396000,19.25939599609375,0.02511573655605316,-0.5669979234337806,0.46303661369979376
1780625779245392100,19.26939208984375,0.048022564890980717,-0.5910369706690312,0.533115819837153
1780625779255387100,19.27938720703125,0.0699351214915514,-0.4459510388642549,0.401965620534867
1780625779265382100,19.289382080078123,0.027620412853360175,-0.3099614367067814,0.26010011208131906
1780625779275377200,19.299377197265624,-0.020422025781869888,-0.12490706712901592,0.15937851492092012
1780625779285372000,19.309371826171876,-0.005545943689346313,0.0575958644002676,0.0992759283967316
1780625779295367000,19.319366943359373,0.16512451122701166,0.18617489804029463,0.17150149891301988
1780625779305362200,19.329362060546874,0.28116321224570273,0.24104162973761556,0.25204803078994154
1780625779315358200,19.339358154296875,0.3791770117521286,0.11421265463531016,0.3705078214757144
1780625779325353200,19.349353271484375,0.31225802321136,-0.14328735795021055,0.6725916566751897
1780625779335348200,19.35934814453125,0.09115969582796096,-0.542962967851758,0.7542572557099163
1780625779345343200,19.36934326171875,-0.16452070011496542,-0.7361731713563203,0.5162009253934026
1780625779355338000,19.379337890625,-0.37692601795494557,-0.6290145268857479,0.2900591970153153
1780625779365333000,19.3893330078125,-0.33717209971547124,-0.40612171730101104,0.1815104133605957
1780625779375328000,19.399327880859374,-0.2579506789624691,-0.25645897909998894,0.11908069906309246
1780625779385324000,19.409323974609375,-0.21340894192457197,-0.07852817779183387,-0.044566579218208786
1780625779395319300,19.4193193359375,-0.279987738725543,0.1274661039620638,-0.17856895308122037
1780625779405314300,19.429314208984376,-0.27072774294912816,0.29220307717621324,-0.2151696679867804
1780625779415309300,19.439309326171873,-0.2288794827789068,0.3215834854394197,-0.12659312051981686
1780625779425304000,19.449303955078125,-0.19643150363862513,0.235263046336174,0.00913563874438405
1780625779435299000,19.459299072265626,-0.20787118154168127,0.11542378399074077,0.05941942656561732
1780625779445294000,19.469294189453127,-0.2506225280314684,0.0019295067578554152,0.0010854571491479873
1780625779455290000,19.4792900390625,-0.17244214076399803,-0.07814063977897166,-0.026669395738840102
1780625779465285000,19.48928515625,-0.07448036370575428,-0.04045183737576007,0.006302461145073175
1780625779475280100,19.499280029296877,-0.046049218991398806,0.06913608006834983,-0.07509440395087004
1780625779485275100,19.509275146484374,-0.10893559101521968,0.23049334771633148,-0.20770780767351388
1780625779495270000,19.519269775390626,-0.01566051046848297,0.33198388342261315,-0.23017931333109734
1780625779505265200,19.52926513671875,0.10613690020740031,0.2652741537183523,-0.25661519257500764
1780625779515260200,19.53926025390625,0.16821604750156402,0.0898684869736433,-0.34149814622104163
1780625779525256200,19.549256103515624,0.15133856245875357,-0.16215046385228632,-0.39457302606552835
1780625779535251500,19.55925146484375,0.16193185266554355,-0.2784878555566072,-0.3847938287205994
1780625779545246500,19.56924658203125,0.12871464271843433,-0.24046412211060522,-0.2874704956963658
1780625779555241500,19.579241455078126,0.03729541917145252,-0.20268354977071285,-0.17680559667050838
1780625779565236200,19.589236328125,0.03925941272079944,-0.18399755400121212,-0.0372007266253233
1780625779575231200,19.599231201171875,0.07195932079553603,-0.13664251310825348,0.0022113924391567704
1780625779585226200,19.609226318359376,0.10379179838597774,-0.040709027007222176,0.024467209519445896
1780625779595222300,19.61922216796875,0.10148644405305385,0.05504384182989597,0.052906829801201816
1780625779605217300,19.62921728515625,-0.019756839871406553,0.15604980888962744,0.008717559462785721
1780625779615212300,19.63921240234375,-0.06476970155239105,0.18385726874768732,0.024306904391199348
1780625779625207300,19.649207275390626,-0.10301321522891521,0.07257423782348632,0.1255753217794001
1780625779635202000,19.6592021484375,-0.17097791343033314,-0.013725158491730689,0.22274375650286674
1780625779645197300,19.669197265625,-0.12932839070260524,0.013874796095490454,0.26470556005015966
1780625779655192300,19.6791923828125,-0.04271101447939873,0.1323275725185871,0.1919353612631559
1780625779665188400,19.689188232421873,0.07458850025534629,0.2838134344935417,0.16838658176288007
1780625779675183400,19.699183349609374,0.03226969996392727,0.38733869089782236,0.14639102305397392
1780625779685178400,19.709178466796875,-0.012574234890937805,0.31211130821704863,0.09455912900790571
1780625779695173400,19.71917333984375,-0.048832712230086325,0.1883113255470991,0.07705693619549274
1780625779705168100,19.729168212890624,-0.06738485248684883,0.08469663729369639,0.08330985911041498
1780625779715163100,19.7391630859375,-0.024690204620361325,-0.0061263739258050915,0.09021408554092049
1780625779725158100,19.749158203125,-0.0005997194588184357,-0.04882160631418228,0.1467845524162054
1780625779735153200,19.759153076171874,0.003943184667825699,-0.10534838017821312,0.1528590500243008
1780625779745149400,19.7691494140625,0.0021627309918403623,-0.11565057848393917,0.06637991322800517
1780625779755144400,19.77914453125,0.03309446035027504,-0.0784311471581459,-0.03045344432219863
1780625779765139500,19.789139404296876,-0.010118073910474777,0.0162649061024189,-0.060705520853400224
1780625779775134200,19.79913427734375,-0.03770984519124031,0.06347206295728683,-0.08706716581732034
1780625779785129200,19.809129150390625,-0.03493687334656715,0.0209007492095232,-0.10659253502041101
1780625779795124200,19.819124267578125,0.016792729368805884,-0.07465455122888087,-0.05727393896952271
1780625779805120300,19.829120361328126,0.031207039168477058,-0.19716800121963024,0.04019128674343228
1780625779815115300,19.839115234375,0.08238193061053753,-0.31873452574908734,0.15217282132580875
1780625779825110300,19.8491103515625,0.09440963753461837,-0.404241894903779,0.2850827237769961
1780625779835105300,19.859105224609376,0.047585927039384836,-0.3885492357313633,0.3834415373288095
1780625779845100300,19.869100341796877,0.10358546215891837,-0.277328164127469,0.38516163911968465
1780625779855095300,19.87909521484375,0.17159399950206278,-0.23047405849397182,0.29610373787656424
1780625779865090300,19.88909033203125,0.15372282724678515,-0.2444219198256731,0.20622122237756846
1780625779875086300,19.89908642578125,0.09625497314035891,-0.18522154283821582,0.07696443560644983
1780625779885081300,19.909081298828124,0.0978548095524311,0.02025076086819172,0.030013153208792206
1780625779895076400,19.919076416015624,0.15641630411446095,0.2043202110618353,-0.06992065457478165
1780625779905071400,19.9290712890625,0.20202420907914637,0.2037175689935684,-0.2466410571798682
1780625779915066400,19.93906640625,0.19225334117114543,0.01535071386694908,-0.17404694561213255
1780625779925061000,19.94906103515625,0.1867605889737606,-0.22780980772078036,-0.03674889120459556
1780625779935056100,19.95905615234375,0.12134148360192774,-0.5006815769612789,-0.05098287600129842
1780625779945051100,19.969051025390623,-0.006579378390312194,-0.655038610458374,-0.5254173742890358
1780625779955047400,19.97904736328125,-0.2828361138939857,-0.5497662181258202,-0.8069996887296438
1780625779965042400,19.98904248046875,-0.41978550099432466,-0.3882055368602276,-0.47002077349871396
1780625779975037400,19.999037353515625,-0.6396160003989935,-0.46047056260406966,-0.12958996424823999
1780625779985032400,20.009032470703126,-0.6170177996218205,-0.48713820477724074,0.0684358228445053
1780625779995027200,20.019027099609374,-0.2541822663396597,-0.05021452197730541,0.39036359167695045
1780625780005022200,20.029022216796875,0.05781389106512069,0.31231939800977704,0.5804314055025577
1780625780015017200,20.039017333984376,0.1111789860278368,0.457222958984971,0.5629246826454997
1780625780025013200,20.04901318359375,-0.023905191722512244,0.5388035100847482,0.3844713187679648
1780625780035008300,20.05900830078125,0.000036240357160568236,0.5753413888871669,0.10445610751360654
1780625780045003300,20.069003173828126,0.0939595556795597,0.4490419906169176,-0.16032207938134668
1780625780054998300,20.078998291015626,-0.009703063368797301,0.2883440636605024,-0.14480010060071943
1780625780064993300,20.0889931640625,-0.22238193745315074,0.20587971546351908,0.20327099426984785
1780625780074988300,20.09898828125,-0.2117085677474737,-0.0632861849963665,0.25145401041954757
1780625780084983300,20.1089833984375,-0.1041682304829359,-0.32279286122918127,0.286933027818799
1780625780094979300,20.118979248046877,0.09095511316657066,-0.3656114277362823,0.49248570328503843
1780625780104974300,20.128974365234374,0.24281156201958654,-0.262898656758666,0.4337599580720067
1780625780114969300,20.13896923828125,0.11517945384085178,-0.1353384447723627,0.29040245749503374
1780625780124964400,20.14896435546875,-0.023923896422982215,-0.08412965106070042,0.12037263856977223
1780625780134959000,20.158958984375,-0.09965221436321735,-0.0892494782924652,0.09539923309385775
1780625780144954000,20.1689541015625,-0.050849897271394724,-0.10436930601298808,0.12035071899890899
1780625780154949000,20.17894921875,0.13314064246714113,-0.0797030667901039,0.22437866422832012
1780625780164945400,20.1889453125,0.20224223574399947,-0.053283846420049664,0.2117261034041643
1780625780174940400,20.1989404296875,0.18999533311128616,-0.02354278815090656,0.1420993172094226
1780625780184935400,20.208935302734375,0.10402268453240394,0.02547638656198978,0.19584289009571074
1780625780194930400,20.218930419921875,0.2097398980230093,0.05048164848089218,0.23380466422140597
1780625780204925200,20.22892529296875,0.548244707646966,0.0014279869765043258,0.24053338795453308
1780625780214920200,20.238920166015625,0.6625754357039928,0.06644435676634311,0.32844781825095415
1780625780224915200,20.248915283203125,0.14587269826829433,0.2582330030351877,0.23699703052192925
1780625780234910200,20.25891015625,-0.4632844509810209,0.40645781738758086,-0.09759820444285869
1780625780244906200,20.26890625,-0.9582441431641578,0.3596013736665249,-0.11647007817327976
1780625780254901200,20.2789013671875,-1.6302958477437495,0.0038350481182336804,0.045533086162805554
1780625780264896500,20.288896484375,-3.712717623594403,-0.6825503022402525,0.7755082796618342
1780625780274891300,20.298891357421876,0.05727554640471935,-1.2251900294870137,-0.1394847507968545
1780625780284886300,20.30888623046875,-2.0648048706173894,-0.9641250178962946,2.424043548451364
1780625780294881300,20.31888134765625,-0.5835568440467119,-1.0171043284118175,2.848647263382375
1780625780304876300,20.328876220703126,0.7689578351050614,-0.6724696377307177,2.0448516313910483
1780625780314872300,20.338872314453123,2.1778806301772593,-0.9961036259591579,0.9192956960886717
1780625780324867300,20.348867431640624,2.741104295769334,-1.090528461062908,-0.5626905816286802
1780625780334862300,20.3588623046875,2.4454355883091687,0.29626375074386596,-0.9378624493926763
1780625780344857000,20.368857177734377,-0.8326625377744435,1.4019856892853975,-0.7728931287273764
1780625780354852000,20.37885205078125,-0.4693278227984905,1.7834189555317161,-1.002339890000224
1780625780364847000,20.38884716796875,-0.04603051429092884,1.9036434178024528,-0.9236147283315658
1780625780374842000,20.398842041015627,0.5456505995005368,1.5081073919236658,-0.8396287235252559
1780625780384838400,20.40883837890625,0.5182417835712433,0.9100234253525733,-0.835491039198637
1780625780394833400,20.41883349609375,0.2867716997772455,0.6999129404515028,-0.7127526944108307
1780625780404828400,20.428828369140625,0.3551104919880628,0.277082080411911,-0.9110026456482708
1780625780414823200,20.4388232421875,0.4130255053400993,-0.1685427952378988,-1.1020866507790983
1780625780424818200,20.448818115234374,0.07318623224198818,-0.392630367565155,-0.9923577174291014
1780625780434813200,20.458813232421875,-0.5102297420293093,-0.35428163994848727,-0.48338484359309075
1780625780444808200,20.46880810546875,-0.9781728324711322,-0.2993108633548021,-0.32510143043249845
1780625780454804200,20.47880419921875,-1.114728836339712,-0.11266308710575103,-0.3859999896399677
1780625780464799500,20.488799560546877,-0.8484259240955114,-0.2832505399137735,-0.35197321687564254
1780625780474794500,20.49879443359375,-0.37695173691809175,-0.14068623554110526,0.1344439801506698
1780625780484789200,20.508789306640626,0.4129740674138069,-0.2269277641892433,0.2825542282126844
1780625780494784300,20.5187841796875,0.02311667169332504,0.4316138859540224,0.4410353559024632
1780625780504779300,20.528779296875,-1.2684808896809816,1.1848428215295075,0.2443928398616612
1780625780514774300,20.538774169921876,-0.33416122746169563,0.738452806726098,-0.177100049572438
1780625780524769300,20.548769287109376,0.4312245943754911,-0.033007366588711735,-0.34650106907486916
1780625780534766000,20.55876611328125,0.6166957280606031,-0.3550210601389408,-0.2274156938366592
1780625780544760800,20.5687607421875,1.0936141521185636,-0.7061626484960317,0.1353634330831468
1780625780554755800,20.578755859375,0.9192740687787532,-0.9522387652695179,0.6513391714185476
1780625780564750800,20.588750732421875,-0.11436930650174618,-0.8504910399317741,1.5364634255751966
1780625780574745900,20.598745849609376,-0.02776128262877464,-0.9640613050103187,1.755866785608977
1780625780584740900,20.608740966796876,1.0950947460651397,-1.032271502405405,0.8726565483801066
1780625780594735900,20.61873583984375,0.9051093498259782,-0.306468918415904,0.06918006534054875
1780625780604732000,20.62873193359375,0.2887994062125683,0.39664661746919155,-0.2626188169039786
1780625780614726700,20.6387265625,0.05597615424394607,0.5414537323325872,-0.2758084072142839
1780625780624721700,20.6487216796875,-0.0020586860954761505,0.5488613782405853,-0.4025570105567574
1780625780634717000,20.658717041015624,-0.07413841840028762,0.5073538943320512,-0.4830100189313292
1780625780644712000,20.6687119140625,-0.2568570385068655,0.37023499588370323,-0.25821283702999354
1780625780654707000,20.67870703125,-0.7490139482289552,0.2330892094284296,-0.05112681451663375
1780625780664702000,20.688701904296874,-0.8631085294425487,0.16898527830839155,-0.08700389132276178
1780625780674698000,20.698697998046875,-0.5622866770029068,0.3017272768467665,-0.17899901506155727
1780625780684692700,20.708692626953123,-0.2386567804276943,0.5193664036870003,-0.18188669932708143
1780625780694687700,20.718687744140624,0.04685352111160755,0.5915501808881759,-0.32971301588118074
1780625780704682800,20.728682861328124,0.06916062998771667,0.7216162382155656,-0.17802417868003248
1780625780714677800,20.738677734375,0.45799277431368823,0.27859423854053017,-0.09572612696066499
1780625780724672800,20.7486728515625,0.4468570477932691,-0.17270634465813636,0.20410013857036827
1780625780734667800,20.758667724609374,0.3436760747820139,-0.4409381791383028,0.5160911814086139
1780625780744662800,20.768662841796875,0.2204144367724657,-0.7051368125796318,0.3482378297396004
1780625780754658800,20.778658935546876,-0.3333487420350313,-0.6306278073012829,0.08363368423730135
1780625780764653800,20.78865380859375,-1.1892571308404207,-0.42474516922831534,-0.09707198861166834
1780625780774648800,20.79864892578125,-1.4095003026992081,-0.3424678680360317,-0.12732567257806657
1780625780784643800,20.808643798828125,-0.7217302199840545,-0.292166252297163,-0.0006252922914922238
1780625780794638800,20.818638916015626,0.15960428650081157,-0.19648820226192473,0.07885887105092405
1780625780804633900,20.8286337890625,0.28638357724249364,-0.3335919031411409,0.02733589682355523
1780625780814628900,20.83862890625,0.14377426468431947,-0.5195084425061941,-0.11827668920382857
1780625780824625000,20.848625,-0.05918927107155323,-0.3309048560142517,-0.17282763295024633
1780625780834619600,20.85861962890625,-0.29528233849108215,-0.00165828860104084,-0.2388647240899503
1780625780844615000,20.868614990234374,-0.4579606256097555,0.14759586879909037,-0.3153516053125262
1780625780854610000,20.87860986328125,-0.635592151710391,0.3220172006815672,-0.4316263070441782
1780625780864605000,20.88860498046875,-1.0398626881867647,0.5387509031146764,-0.632296617296338
1780625780874600000,20.898599853515623,-0.5924696338206529,0.6596557488650083,-0.6644789312377571
1780625780884595000,20.908594970703124,1.3388976572096347,0.642018969887495,-0.12312924380153417
1780625780894591000,20.918591064453125,2.5592034217864272,0.4147989447534084,0.8085688377425074
1780625780904585700,20.928585693359373,1.7265771243691443,-0.4193348346173763,1.2241890357509255
1780625780914580700,20.938580810546874,0.7142138530045747,-1.557196124741435,0.862975550712645
1780625780924575700,20.94857568359375,-0.19883914930224417,-1.928748048442602,0.47130905974358317
1780625780934570800,20.95857080078125,-0.8977414514064789,-1.3729530715465545,0.37749168901368974
1780625780944565800,20.968565673828124,-0.24328794735968112,-1.1353010842472313,0.12974281672239302
1780625780954560800,20.978560791015624,0.3144838825672865,-1.6582967843472958,0.4054753822214901
1780625780964556000,20.98855615234375,-0.27529753508269783,0.11855331418812275,0.5817893959827721
1780625780974551800,20.9985517578125,-0.08160100936591624,0.9099059364527463,0.266995132292062
1780625780984546800,21.008546875,-0.04807166472971439,1.4414812488496302,-0.03033303281292319
1780625780994541800,21.018541748046875,-0.10717559560537337,1.792000321394205,-0.07098930671960114
1780625781004536800,21.028536865234376,-0.1207335808366537,1.8882897813260555,-0.0023814883090555665
1780625781014531800,21.03853173828125,0.05963818388283253,1.5886515857130288,-0.20720117332562804
1780625781024526800,21.04852685546875,0.11441139207780361,1.050658807489276,-0.48016456637233496
1780625781034521900,21.05852197265625,0.010898410633206367,0.49625323912501335,-0.6461956710502504
1780625781044516900,21.068516845703126,-0.10173428133428096,0.027339257824420926,-0.5925330544456839
1780625781054513000,21.078512939453127,-0.29223054970502854,-0.34894670866131783,-0.46101036856919525
1780625781064508000,21.0885078125,-0.37023791849315163,-0.5664882203459739,-0.5431770489938557
1780625781074503000,21.0985029296875,-0.42595396049618717,-0.5381219575613737,-0.5337430118247867
1780625781084498000,21.108497802734377,-0.4421019622206688,-0.2469096449881792,-0.3635607788167894
1780625781094493000,21.118492919921874,-0.04990589441955089,-0.09415010981559753,-0.21663345692902802
1780625781104488000,21.128488037109374,0.3648714230239391,0.35383331165909765,0.19018880985677242
1780625781114483000,21.13848291015625,0.21277707376182078,0.6158762283712625,0.6066404902532696
1780625781124478700,21.148478759765624,-0.11131050345301627,0.5190794034391641,0.5827804528467356
1780625781134473700,21.1584736328125,-0.5775204864919186,0.03234627233147621,0.33331820076629515
1780625781144468700,21.16846875,-0.35115503236055373,-0.7936024470180273,0.12797332283183932
1780625781154463700,21.178463623046873,0.2621101367294788,-1.3644956243246793,0.2820135454647243
1780625781164458800,21.188458740234374,0.7095318326681852,-1.441142226153612,0.5949579435050487
1780625781174454000,21.1984541015625,0.76910981079638,-1.1611316910743712,0.7100910739861428
1780625781184449000,21.208448974609375,0.4118582151263952,-0.6897042656481266,0.7615719626374542
1780625781194444800,21.21844482421875,0.09364216029345988,-0.34131635991334913,0.5961689267300069
1780625781204439800,21.228439697265625,0.053747372278571126,-0.6165893450766802,0.08639365046992897
1780625781214434800,21.238434814453125,-0.1892307784795761,-0.7122206333607435,0.5133424672223628
1780625781224429800,21.248429931640626,-1.1450105773568153,-0.0009907646030187607,1.5595204760357737
1780625781234424800,21.2584248046875,-0.5304360792338848,-0.4762713583260774,0.3675193071842193
1780625781244419800,21.268419921875,-0.24608605364561079,-0.4079688064724207,0.0003533434823155403
1780625781254414800,21.278414794921876,0.27158114490807056,-0.3135661832004785,-0.3663980480693281
1780625781264409900,21.288409912109376,0.9659843820273876,-0.24570377632975576,-0.7516961730502545
1780625781274406000,21.298406005859373,0.9489636891216039,0.08414484862983226,-0.6914027401290833
1780625781284401000,21.30840087890625,0.5029349088460207,0.3199059076160192,-0.5799718251667917
1780625781294396000,21.31839599609375,-0.05075695829093456,0.7523954073607921,-0.048971243917942046
1780625781304391000,21.328390869140627,-0.3548585630536079,0.94626670512259,0.33594679570421576
1780625781314386000,21.338385986328124,-0.5499117640763521,0.7358201201349497,0.281956262319535
1780625781324381000,21.348380859375,-0.41872810089588164,0.22279577895104885,0.10804361061155796
1780625781334376000,21.3583759765625,-0.30991292138993737,-0.29721184524893757,0.03166720402613282
1780625781344371000,21.368370849609374,-0.35125030942857266,-0.636024697908759,-0.01749181754887104
1780625781354366700,21.37836669921875,-0.2718278131455183,-0.7332745273053646,-0.06081935649141669
1780625781364361700,21.38836181640625,-0.18789573048353195,-0.5221241779625415,0.09630831076279282
1780625781374357000,21.39835693359375,-0.0033732758253812787,0.416802685791254,0.7364376675114035
1780625781384352000,21.40835205078125,0.1695493419319391,1.2640794398516415,0.5773198493532836
1780625781394347000,21.418346923828125,0.16702070023715496,0.8804910413980483,-0.4929511288397014
1780625781404342000,21.428342041015625,0.15341478421092034,0.16145196019411087,-0.691880879034847
1780625781414337000,21.4383369140625,0.09638122986853122,-0.7681628853350877,-0.3584953121207654
1780625781424332800,21.448332763671875,0.0908311945259571,-1.344583886152506,0.12256634922176599
1780625781434327800,21.458327880859375,0.04447042536735534,-1.4758645799666643,0.5903501574486494
1780625781444322800,21.46832275390625,0.022438626301288605,-1.1888520571708678,0.8055550428792834
1780625781454317800,21.47831787109375,0.03884790931046009,-0.7088619705826044,0.8480982995763421
1780625781464312800,21.488312744140625,0.4257797729730606,-0.3018798370599747,0.80924001500234
1780625781474307800,21.498307861328126,0.34346798498928544,-0.11417524523437023,0.49772711106985806
1780625781484302800,21.508302734375,-0.20653437997996807,-0.013474398601055145,0.09101590344309807
1780625781494297900,21.5182978515625,-0.4555336907237768,0.12515665797591208,-0.06807838770896196
1780625781504294000,21.5282939453125,-0.4766419452041387,0.2634925309985876,-0.08099369112253188
1780625781514289000,21.538288818359376,-0.39419396362006665,0.36434710688889027,-0.18007745794802904
1780625781524284000,21.548283935546873,-0.14079261852502822,0.5316723430305719,-0.23597820886820553
1780625781534279000,21.55827880859375,0.18105974698364732,0.6854834330826998,-0.20134294881671666
1780625781544274000,21.56827392578125,0.24398878910541533,0.7138163781195879,-0.19399521640241144
1780625781554269000,21.57826904296875,0.16926292620599268,0.6699409960359335,-0.1936877578884363
1780625781564264000,21.588263916015624,0.12148410694301127,0.5082312616884708,-0.2596697578400373
1780625781574259700,21.598259765625,-0.05578560010790824,0.37496494701504707,-0.21874445773363113
1780625781584254700,21.608254638671873,-0.04762158287465572,0.20957447832822798,-0.07855448127686977
1780625781594249700,21.618249755859374,-0.028168109863996503,0.004715922605991363,0.20468436819911
1780625781604244700,21.62824462890625,-0.10424597189426421,-0.09370002796053886,0.31908553114384414
1780625781614239700,21.63823974609375,-0.09105974258482456,-0.1392822139620781,0.13590660004913807
1780625781624234800,21.64823486328125,0.0674473963290453,-0.042405894052982326,0.12372574838995933
1780625781634230000,21.65822998046875,-0.023145313265919683,0.09273381327688693,0.3739773972824216
1780625781644224800,21.668224853515625,0.0064794251471757885,-0.008455109134316444,0.398294384676218
1780625781654220800,21.678220703125,0.032760698351263995,-0.26863047840893267,0.18161299695223568
1780625781664215800,21.6882158203125,-0.061979778572916984,-0.46553076860308645,0.04667933358848095
1780625781674210800,21.6982109375,-0.19820845018327235,-0.6812795516520738,0.008576397426426411
1780625781684205800,21.708205810546875,-0.004044891476631164,-0.6520534571677445,-0.15990034683793783
1780625781694200800,21.718200927734376,0.09339783014357089,-0.2520218734353781,-0.7610878323823214
1780625781704195800,21.72819580078125,-1.2018056467682123,0.49281625041365623,-1.769404166443646
1780625781714190800,21.73819091796875,-2.708233122780919,1.1191758788764476,-3.6828669674709436
1780625781724185600,21.748185546875,0.6178624337524176,1.38594173245728,-2.043086375284195
1780625781734182000,21.758181884765627,3.229595084199309,1.2125064890027046,1.2277739085003734
1780625781744177000,21.768177001953124,1.8541507803589103,0.879122675654292,1.700128093382716
1780625781754172000,21.778171875,-0.8483493517279624,0.41426469174623487,1.253345572130382
1780625781764167000,21.7881669921875,-1.630815487703681,-0.07390344060063361,0.5214204136073589
1780625781774162000,21.798161865234373,-1.0080120904177428,-0.274049580848217,0.08149842577427625
1780625781784156700,21.80815673828125,-0.13960194743573665,-0.39699090086221694,0.03776332894414663
1780625781794151700,21.818151611328126,0.7768629091411828,-0.594742839449644,0.341294148081541
1780625781804147700,21.828147705078123,0.8410983576864004,-0.6916916400730609,0.7830719929143786
1780625781814142700,21.838142822265624,0.3646656713187694,-0.6930196738064288,0.7880737467244266
1780625781824137700,21.8481376953125,-0.1914174748688936,-0.4131517620682716,0.36362756044268607
1780625781834132700,21.8581328125,-0.41413142075538634,0.12451777555048466,0.008151742273569107
1780625781844128000,21.8681279296875,-0.16277356418669223,0.44443829621374603,0.01927519383430481
1780625781854122800,21.878122802734374,0.1331283675074577,0.18059797469079494,0.4584533775627613
1780625781864117800,21.88811767578125,0.38156244558393954,-0.3749900814563036,0.9550716506078839
1780625781874112800,21.89811279296875,0.4835404725462198,-0.5779290672928095,1.0298641490027307
1780625781884108800,21.90810888671875,0.30143969207704063,-0.5196586646318435,0.9027906976200639
1780625781894103800,21.918103759765625,0.07696165912747382,-0.34461832406818865,0.6794098122574389
1780625781904098800,21.928098876953126,-0.07843640785515307,-0.23863456859588622,0.33159576088786125
1780625781914093800,21.93809375,-0.24878420668840406,-0.12203940273821354,0.08926716007962822
1780625781924088800,21.9480888671875,-0.2986468464881182,-0.14187573758661745,-0.2000571467898786
1780625781934083600,21.95808349609375,-0.31195816348195077,-0.14843816484212874,-0.5016742412604391
1780625781944078600,21.96807861328125,-0.4555027110636234,-0.023378537499904633,-0.7764160421565175
1780625781954073600,21.978073486328125,-0.4064244996398687,0.277865339744091,-0.8292514141567051
1780625781964070000,21.98806982421875,-0.16149229220449923,0.40317631149888034,-0.7173347615040838
1780625781974065000,21.99806494140625,0.06910451588630676,0.3173147220790386,-0.49310149709582324
1780625781984060000,22.008059814453127,0.22427637289762495,0.2766056950718164,-0.21009952511563895
1780625781994055000,22.018054931640624,0.22333996883034704,0.034120296266674996,0.01938172294870019
1780625782004049700,22.028049560546876,0.24068974756002426,0.04552840998768806,0.16904051562696695
1780625782014044700,22.038044677734376,0.12692249860465527,0.17950550327897072,0.15059505061507225
1780625782024039700,22.048039794921873,-0.06192132638394832,0.271565362817049,0.09135551066100597
1780625782034034700,22.05803466796875,-0.03505319320261478,0.2703986571252346,0.09183861800283193
1780625782044030700,22.06803076171875,0.0029816461592912674,0.15763444773256777,0.11762450890541076
1780625782054026000,22.07802587890625,0.055689738517999646,0.033409517648816105,0.09097586369365453
1780625782064021000,22.08802099609375,-0.03784662331342697,-0.06791150670945643,0.13244257720038294
1780625782074015700,22.098015625,-0.09435001630187034,-0.17113398077487946,0.13836393007338046
1780625782084010800,22.1080107421875,-0.10601473513245582,-0.23693244085311888,-0.008795885396003723
1780625782094005800,22.118005859375,-0.2038660375535488,-0.16431436388790607,-0.024689912359416484
1780625782104000800,22.128000732421874,-0.21698621588945388,-0.20128537341058253,-0.01421089618206024
1780625782113996800,22.137996826171875,-0.1291781685769558,-0.17445874128341674,-0.06389160354360937
1780625782123991800,22.14799169921875,-0.12015315060019492,-0.1287199034154415,-0.07764408843368291
1780625782133986800,22.15798681640625,-0.02461246320903301,-0.15698329034745692,-0.05081453369706869
1780625782143981600,22.167981689453125,-0.014270517414808273,-0.11044131940305232,0.006064268475025892
1780625782153976600,22.1779765625,0.0029904139876365658,-0.011402268502116203,0.09124956606850028
1780625782163971800,22.187971923828126,-0.0156330379396677,0.054209729093313216,0.20906930528506634
1780625782173966800,22.197966796875,-0.015223872616887091,-0.008109656697511673,0.23885493334829805
1780625782183961900,22.2079619140625,0.04012041346430778,-0.17410510554015635,0.16588497420549392
1780625782193958000,22.2179580078125,-0.03960661872327328,-0.2193897698998451,0.147188164781034
1780625782203953000,22.227952880859377,-0.11397475422620773,-0.08529694127440451,0.16051628677919505
1780625782213947600,22.23794775390625,-0.08459434596300125,-0.018542787906527518,0.223729844930768
1780625782223942700,22.247942626953126,-0.027754268366098404,-0.055691492083668706,0.30124577694013716
1780625782233937700,22.257937744140627,-0.04360299488306045,-0.16065058068335056,0.2967180703826248
1780625782243932700,22.2679326171875,-0.024319617742300032,-0.33401743507683274,0.11125234352499246
1780625782253927700,22.277927734375,-0.08231003441810607,-0.24670564684867857,0.01718742777481675
1780625782263922700,22.287922607421876,-0.1329074182331562,-0.12632570175528526,0.03919204657301306
1780625782273919000,22.2979189453125,-0.02899754642546177,-0.022861820149421692,0.12913915174081922
1780625782283913700,22.307913818359374,0.08286533021330833,0.14841303040087223,0.12187339852154254
1780625782293908700,22.31790869140625,0.19327099378108978,0.2893769138395786,0.06585501257106662
1780625782303903700,22.32790380859375,0.1492763692319393,0.36068273916244503,-0.06925941418707371
1780625782313898800,22.337898681640624,-0.014282207852602005,0.3873381063759327,-0.1404838448368013
1780625782323893800,22.347893798828125,-0.06920271556377411,0.2884247276812792,-0.1445933259822428
1780625782333888800,22.357888671875,0.03596329378485679,0.2190589305102825,-0.13795578766390681
1780625782343883800,22.3678837890625,0.08447101184427738,0.3296943111807108,-0.0687308602683246
1780625782353879800,22.3778798828125,0.06777297502160072,0.3642974225282669,-0.024552403584867714
1780625782363874600,22.38787451171875,0.007667758148908615,0.1857446899294853,0.021924977690726516
1780625782373869800,22.397869873046876,-0.0047451487004756925,0.011712065103650093,0.13487754926234483
1780625782383864800,22.40786474609375,-0.03933656961023807,-0.17289456070661544,0.21890973129794
1780625782393859800,22.41785986328125,-0.04263619567751884,-0.3834714940756559,0.22874825761467216
1780625782403854800,22.427854736328126,-0.039099838244915,-0.425029246866703,0.22295739925354718
1780625782413849900,22.437849853515626,-0.03508241929709911,-0.3391442765712738,0.17020312966555357
1780625782423844900,22.447844970703127,-0.09548574233353137,-0.27797815246880053,0.14174582759663462
1780625782433840600,22.457840576171876,-0.09889350495040417,-0.2207277405053377,0.09932882762774825
1780625782443835600,22.467835693359376,-0.0317062208622694,-0.19379530991613864,0.1393148010574281
1780625782453830700,22.47783056640625,0.01688566834926605,-0.17064941212832926,0.13921367877051233
1780625782463825700,22.48782568359375,0.0728542238086462,-0.12187456756532192,0.1615777785308659
1780625782473820700,22.497820556640626,0.04181728051006794,-0.0637263299793005,0.10328004947155714
1780625782483815700,22.507815673828127,-0.020672201150655746,0.05464695146679878,-0.012334873177111148
1780625782493811000,22.51781103515625,-0.11423545098900795,0.049967269217967986,-0.06731704794764519
1780625782503806000,22.527805908203124,-0.1443137783885002,-0.06690788262486458,-0.05808174822106957
1780625782513801700,22.5378017578125,-0.0566764114677906,-0.12249065363705157,-0.04260083210319281
1780625782523796700,22.547796630859374,-0.01912088005542755,-0.10867489425241947,-0.05838073116764426
1780625782533791200,22.557791259765626,-0.026262568503618237,-0.0778694216221571,0.009662439097464084
1780625782543786200,22.5677861328125,0.0648375060915947,-0.08930383882820606,0.07624196655079722
1780625782553781200,22.57778125,0.03418342463076114,-0.04851180971264839,0.1485417713470757
1780625782563776300,22.5877763671875,0.04532674993574619,0.02351765370965004,0.093461981420964
1780625782573771300,22.597771240234376,-0.006996142497658729,0.11306816077530384,-0.018213994343578815
1780625782583766300,22.607766357421873,-0.07868658322393894,0.15715630882680415,-0.055596653407067056
1780625782593762300,22.61776220703125,-0.0713508335083723,0.13389701379239557,-0.03861994577348232
1780625782603757300,22.62775732421875,-0.04471709360480308,0.0738695383310318,0.0006599252134561538
1780625782613752300,22.63775244140625,0.012075053197145462,0.014529460611939429,0.025494360610097647
1780625782623747300,22.647747314453124,0.010852817925810812,0.06066109718978405,0.031221652215719223
1780625782633742300,22.657742431640624,0.0076028762191534035,0.09193769446313381,-0.009328823228925465
1780625782643737300,22.6677373046875,-0.012359715357422828,0.06862053176164627,0.040392362273484465
1780625782653732400,22.677732421875,-0.005808978539705276,0.09947627327442168,0.0712717769227922
1780625782663727400,22.687727294921874,-0.014634674552083015,0.14862170471549033,0.021729308988153933
1780625782673723100,22.69772314453125,-0.02389583937227726,0.0505243185788393,0.06508768146038055
1780625782683718100,22.70771826171875,-0.05419043987095356,-0.11671440832316875,0.14854820108786224
1780625782693713200,22.717713134765624,-0.027111878809332846,-0.21383272029459474,0.18771686678528784
1780625782703708200,22.727708251953125,0.023602409383654592,-0.1867985828965902,0.20715587287917733
1780625782713703400,22.737703369140625,0.07324059277772903,-0.1839198125898838,0.15306363268569112
1780625782723698400,22.747698486328126,0.016070844835042952,-0.13177812194228172,0.11610139099135994
1780625782733693400,22.757693359375,-0.05927578031122684,-0.10763093815743922,0.046268999221920966
1780625782743688400,22.7676884765625,-0.08215747420489787,-0.09891863939166068,0.02794672219827771
1780625782753684200,22.777684326171876,-0.03110533235967159,-0.06478665268719196,0.01340381758287549
1780625782763679200,22.78767919921875,-0.035249592557549475,-0.03494096499979496,-0.0028654724337160587
1780625782773674200,22.79767431640625,-0.011043956583738326,0.03201835555136204,-0.024140607913583516
1780625782783669200,22.807669189453126,-0.0003653261810541153,0.13558394396603107,-0.04799509236216545
1780625782793664300,22.817664306640626,-0.11416881549358367,0.1854530135065317,-0.09401888465136289
1780625782803659300,22.8276591796875,-0.06134966397583484,0.12466156793534755,-0.06714402946829795
1780625782813654300,22.837654296875,-0.010214520022273063,0.04254384121894836,0.0140722183637321
1780625782823649300,22.847649169921876,0.029341245296597478,-0.021538462591171263,0.0859448837891221
1780625782833645300,22.857645263671873,0.06169277832508087,-0.05800386067926883,0.1064446509823203
1780625782843640300,22.867640380859374,0.017453239104151724,-0.0178857853025198,0.10288710463121532
1780625782853635300,22.87763525390625,0.004146013763546943,-0.0029255320578813553,0.08780804731249808
1780625782863630300,22.88763037109375,-0.05618015238344669,0.008131868529319762,0.07663184265121817
1780625782873625300,22.897625244140624,-0.08669570215642451,-0.0818207895964384,0.0622884061306715
1780625782883620400,22.907620361328124,-0.0631166736483574,-0.11980360651016235,0.06477130898758769
1780625782893615400,22.917615478515625,0.0000023380875587463378,-0.06542553511261939,0.0641712972678244
1780625782903610000,22.927610107421874,0.07895604781508446,0.023735095852613446,0.025698212619125842
1780625782913606100,22.937606201171874,0.07548691039979458,0.05456979457736015,-0.019105244094878435
1780625782923601400,22.947601318359375,-0.07470657367706299,0.03541676581799984,-0.010345306795090436
1780625782933596400,22.957596435546876,-0.09392974506318569,-0.037352117794752115,-0.0030747312702238557
1780625782943591400,22.96759130859375,-0.012080313894152641,-0.1266769994109869,0.0493827473282814
1780625782953586400,22.97758642578125,0.06685936730802058,-0.14578852711617946,0.06971548739150166
1780625782963581400,22.98758154296875,0.044345337682962414,-0.10218436318933963,0.07863777564615011
1780625782973576200,22.997576171875,0.029842765077948568,-0.030147885504364966,0.07237769233807921
1780625782983571200,23.0075712890625,-0.05527005180120468,-0.01417524034678936,0.1152478429019451
1780625782993567200,23.017567138671875,-0.04772971942424774,-0.011564181065559386,0.1776151594877243
1780625783003562200,23.027562255859376,-0.00011924246549606323,-0.012322305956482886,0.14430574121251702
1780625783013557200,23.03755712890625,-0.024327801048755645,-0.022104279780387877,0.10962269649654627
1780625783023552300,23.04755224609375,-0.04220306495726108,0.01420095930993557,0.08417831250801681
1780625783033547500,23.057547607421874,-0.07831248921453952,0.07465455122888087,-0.001489800166338682
1780625783043542300,23.067542236328126,-0.08954933802187443,0.11645137347280979,-0.01943608348444104
1780625783053537300,23.077537353515623,-0.03504442537426948,0.052938393983244895,-0.005027034381777048
1780625783063532300,23.0875322265625,-0.0460585713416338,-0.021875147199630737,0.029330139380693433
1780625783073528300,23.0975283203125,-0.07253390581309795,-0.07743103020489216,0.06355068115144967
1780625783083523300,23.1075234375,-0.0031938276052474973,-0.0978331822425127,0.08161562241315841
1780625783093518300,23.117518310546874,0.027424598020315168,-0.09435293891131877,0.09337240344136953
1780625783103513300,23.127513427734375,0.00706102442741394,-0.042378421524167056,0.1135277411110699
1780625783113508400,23.13750830078125,-0.06601707126498221,-0.015750526839494704,0.05266746808737516
1780625783123503000,23.147503173828124,-0.029828152030706403,-0.05602116242945194,-0.0027656653210520743
1780625783133498000,23.157498046875,0.005694412249326705,-0.07823240971565246,0.01014598483070731
1780625783143493000,23.1674931640625,-0.0347474882543087,-0.07336275785267353,0.06829831406995654
1780625783153489400,23.177489501953126,0.03992869028449058,-0.021508651974797247,0.0910904299840331
1780625783163484400,23.187484375,0.008176292192935943,0.00995674586892128,0.06428031060025095
1780625783173479400,23.1974794921875,-0.023214871370792388,-0.020271219134330748,0.032158202413469554
1780625783183474200,23.20747412109375,-0.04150222321152687,0.011458967125415801,0.039158144303411246
1780625783193469200,23.21746923828125,-0.04608955100178718,0.021633739659190177,0.0024929858595132827
1780625783203464200,23.227464111328125,-0.002954173630475998,0.012727964147925376,0.017282120320945976
1780625783213459200,23.237459228515625,-0.021110008046030998,0.014485621470212935,-0.011957856558263301
1780625783223454200,23.2474541015625,-0.02374678629040718,-0.0019295067578554152,0.004596826270967721
1780625783233450200,23.2574501953125,-0.024186931273341178,-0.018003274202346802,0.049801557262241836
1780625783243445500,23.267445556640624,0.00651332741677761,-0.04813537761569023,0.028304303464293478
1780625783253440300,23.277440185546876,0.031279519882798194,0.018515315377712248,0.06608531419560312
1780625783263435300,23.287435302734377,0.00042319384813308713,0.06392389837801456,0.06253156723678112
1780625783273430300,23.29743017578125,-0.02366144609451294,0.0928396117389202,0.061718351157754654
1780625783283425300,23.30742529296875,-0.041704467785358426,0.12349077059030532,0.06088496907353401
1780625783293420300,23.317420166015626,-0.022965280523896216,0.09513502919971942,0.11763576095178722
1780625783303415300,23.327415283203123,-0.01169043779373169,0.00452478394806385,0.15229454800933598
1780625783313411300,23.337411376953124,0.0034083471387624737,-0.04676525830626487,0.12530088875219225
1780625783323406300,23.34740625,-0.043855508339405054,0.040025720918178555,0.1410544843316078
1780625783333401000,23.357401123046873,-0.045858080333471295,0.052525137007236475,0.055507806079834694
1780625783343396000,23.36739599609375,-0.015900748965144155,-0.06183540166616439,0.031190964816510677
1780625783353391000,23.37739111328125,-0.08331073589324951,-0.15756605867147444,0.07305442255586385
1780625783363386400,23.387386474609375,-0.10464169321358203,-0.2822954311460256,0.058037762948870655
1780625783373381400,23.39738134765625,-0.03925882819890976,-0.3704284726291895,0.07363368374854326
1780625783383376400,23.40737646484375,-0.024213234758377073,-0.3121808663219213,0.11407631490454077
1780625783393372400,23.417372314453125,-0.025429624810814858,-0.20329203705787657,0.057622898537665605
1780625783403367200,23.4273671875,-0.01747135928273201,-0.09155191001594067,0.032423867612332104
1780625783413362200,23.437362060546874,-0.017194295907020568,0.005157236632704735,-0.0005602642312645912
1780625783423357200,23.447357177734375,0.037624504995346066,0.10806114626824855,-0.04061579576581716
1780625783433352200,23.457352294921876,0.004970774149894714,0.14353344166576862,-0.06619812692031264
1780625783443347200,23.46734716796875,-0.04489712634682655,0.07518237449526786,-0.056016193993389606
1780625783453342200,23.47734228515625,-0.049043140110373494,-0.02465045713186264,-0.0225803728595376
1780625783463337200,23.487337158203125,-0.03895663038194179,-0.0765098237067461,0.018138298758864402
1780625783473332200,23.497332275390626,0.011091887378692626,-0.0855330881178379,0.05371536970511079
1780625783483328300,23.507328369140627,0.06732581577599048,-0.04128244298100471,0.06734525112882256
1780625783493323300,23.5173232421875,0.048369770893454546,-0.01574117448925972,0.021354776587337254
1780625783503318300,23.527318359375,-0.03945113590061664,0.028086276799440382,0.015899433790892363
1780625783513313300,23.537313232421877,-0.059196285334229465,0.08754735054969787,0.03949906669557094
1780625783523308300,23.547308349609374,-0.08224164535701274,0.100756960734725,0.03524593929573893
1780625783533303800,23.5573037109375,-0.09566402150988579,0.053610594156384465,0.10893281453624368
1780625783543298800,23.567298828125,0.010204583150148392,0.020809563794732092,0.14195347899794578
1780625783553293800,23.5772939453125,0.027832009777426718,-0.03172667912840843,0.1150857842080295
1780625783563289600,23.58728955078125,-0.031844168028235434,-0.05843056165874004,0.10019918072149157
1780625783573284600,23.59728466796875,-0.06150748488605022,-0.05227671520411968,0.03341170960590243
1780625783583279600,23.607279541015625,-0.08017009977996349,-0.05764730232656002,0.004461801714450121
1780625783593274600,23.617274658203126,-0.07800035452544689,-0.0747539199501276,0.043079263269901275
1780625783603269600,23.62726953125,-0.02065934166908264,-0.08411153088212013,-0.004921235919743776
1780625783613264600,23.6372646484375,0.024536475363373753,-0.05236147087812423,0.010213789369910955
1780625783623259600,23.647259765625,0.0021375965505838392,-0.04406768978536129,0.02835939465239644
1780625783633254700,23.657254638671876,-0.05605155756771564,-0.08892623768746852,-0.005321633414179086
1780625783643250700,23.667250732421873,-0.09841945769786835,-0.12762801652550695,0.024519524228572846
1780625783653245700,23.67724560546875,-0.07224573652148246,-0.14747896442115305,0.047081192387640476
1780625783663240700,23.68724072265625,0.05108955124616622,-0.09691256026625633,0.08050488469228148
1780625783673235700,23.697235595703123,0.12806173176765442,0.007960603615641593,0.07060176870673894
1780625783683230700,23.707230712890624,0.08825111490488052,0.07768354366123675,0.09458923188522457
1780625783693225700,23.717225830078124,-0.03493745786845684,0.05434650721549988,0.061665159665793175
1780625783703220500,23.727220458984377,-0.054202130308747286,-0.03975274919569492,0.005380377864092588
1780625783713215500,23.737215576171874,-0.056502808466553686,-0.017898060262203214,0.028260902713984248
1780625783723210500,23.74721044921875,-0.042000235861539836,-0.04289981504976749,0.03521656707078218
1780625783733206500,23.75720654296875,-0.006193009421229362,-0.09499357490241526,0.056021016298979515
1780625783743201800,23.767201904296876,0.018766075268387795,-0.0451736052006483,0.10888561439365148
1780625783753196800,23.77719677734375,0.062412324771285055,0.07657879728972912,0.12400310402661562
1780625783763191800,23.78719189453125,0.048776013606786725,0.11300737049877643,0.04361293175518512
1780625783773186600,23.7971865234375,0.017269699230790136,0.13640285913348196,0.0385097633972764
1780625783783181600,23.807181640625,-0.050259530162811275,0.09226385767757891,0.012977554994821547
1780625783793176600,23.817176513671875,-0.006840659675002097,0.03031973493993282,0.01780965132638812
1780625783803171600,23.827171630859375,0.03876958337724209,0.05307984828054905,0.06172288120239973
1780625783813167600,23.837167724609376,0.03741349259316921,0.10514788917005062,0.055511020950227974
1780625783823162600,23.84716259765625,0.010550035586953162,0.15162848531603812,0.025759002895653246
1780625783833157600,23.85715771484375,-0.06920330008566379,0.1214572189360857,0.03482873679697513
1780625783843152600,23.867152587890626,-0.12080547702908515,0.03078326079845428,0.04634060315340757
1780625783853147400,23.8771474609375,-0.10188917963504791,-0.10361351920962333,0.06727846950292588
1780625783863142700,23.887142578125,0.006714987468719482,-0.1765343785136938,0.13363134859353304
1780625783873137700,23.8971376953125,0.041999651339650154,-0.1333382108658552,0.1567401292413473
1780625783883132700,23.907132568359376,-0.0025356559574604034,0.03016951281428337,0.1305161391824484
1780625783893127700,23.917127685546873,0.016914309921860694,0.12183832720816135,0.014443974285572767
1780625783903123700,23.927123779296874,-0.05807166521847248,0.03564765196442604,-0.11372720920592545
1780625783913118700,23.93711865234375,-0.16453706672787666,-0.10912906776070594,-0.14919950460344553
1780625783923113500,23.947113525390623,-0.17383973260223864,-0.12006781040430069,-0.12821253841519356
1780625783933108500,23.9571083984375,-0.03657879533469677,-0.07849018386900425,-0.04735533315390348
1780625783943103500,23.967103515625,0.07707797898352145,-0.11688216610550879,0.038148967260867354
1780625783953098500,23.977098388671877,0.10669336504638194,-0.10237900897860526,0.06643544280752539
1780625783963093500,23.987093505859374,0.02866670703589916,0.010984335350990295,0.10254252897724508
1780625783973088500,23.997088623046874,0.03343640565574169,0.15413549970090387,0.08298691076636314
1780625783983084800,24.007084716796875,0.018033084818720818,0.17827800731062887,0.04400806855261326
1780625783993079600,24.01707958984375,-0.018276830446720124,0.07638882767558097,0.11330328470543026
1780625784003074600,24.027074462890624,-0.10016542458236218,-0.06815232972800732,0.21729367440342903
1780625784013069600,24.037069580078125,-0.15033727646172046,-0.14680442616045475,0.2007647105373442
1780625784023064600,24.047064697265625,-0.1727607051938772,-0.14915420415699482,0.04894041038826108
1780625784033059600,24.0570595703125,-0.09332534942924976,-0.022016016975045204,-0.1530623175114393
1780625784043054600,24.0670546875,0.04627659800648689,0.06078735391795635,-0.16407587895691395
1780625784053049600,24.077049560546875,-0.011202946537733077,0.029812954461574552,-0.090272829990834
1780625784063045400,24.08704541015625,-0.12762567843794823,-0.0883873085051775,-0.02078092222213745
1780625784073040600,24.09704052734375,-0.12324702496230601,0.0014817629903554916,-0.2794659068085253
1780625784083035600,24.10703564453125,-0.33559389061331746,0.09799041863083839,-0.264333804128319
1780625784093030700,24.11703076171875,-0.041480595901608464,0.018937340182065963,-0.1634470795340836
1780625784103025700,24.127025634765626,0.04309095370769501,-0.0032668928414583205,-0.08883826714307069
1780625784113020700,24.137020751953123,0.007758943563699722,0.021591654083132742,-0.04644888583347201
1780625784123015700,24.147015625,0.0199421333104372,0.007152794364094734,-0.04320522773712873
1780625784133010700,24.1570107421875,-0.05753975029885768,-0.03747136026024818,0.0288762581333518
1780625784143006500,24.16700634765625,-0.03022270430624485,-0.10639759697020053,0.10636953991949558
1780625784153001500,24.17700146484375,-0.013921557846665381,-0.10602525652647017,0.09008505233377218
1780625784162996500,24.18699658203125,0.007445055308938026,-0.009177578189969062,0.2204854561820626
1780625784172991500,24.196991455078123,0.06628302872478961,0.050640053912997245,0.33861411521732804
1780625784182986800,24.20698681640625,0.0744055449038744,0.05640168617963791,0.36096769358366726
1780625784192981800,24.216981689453124,0.08384206629097461,-0.023659108006954192,0.3252462457306683
1780625784202976800,24.226976806640625,0.05645487767159939,-0.1083165823340416,0.24821780497729776
1780625784212971800,24.2369716796875,0.06553016453087329,-0.08568740189671516,0.15217676684856413
1780625784222966800,24.246966796875,0.08923720333278179,0.05769932477474212,0.13976400612965226
1780625784232962600,24.256962646484375,0.04298340167999267,0.17592355313897132,0.11778583694696426
1780625784242957600,24.26695751953125,-0.04984627318680286,0.18153320971429346,-0.02064268279522657
1780625784252952600,24.27695263671875,-0.11974340075552463,0.04558160147964954,-0.08138619757145643
1780625784262947600,24.286947509765625,-0.08728782283067703,-0.12481938884556293,-0.025573709456622597
1780625784272942600,24.296942626953125,-0.009146598529815673,-0.27857904097139835,-0.009810469266027211
1780625784282937600,24.3069375,-0.010081833553314209,-0.31191841599345205,0.061601008388400075
1780625784292932600,24.3169326171875,-0.013845570001006125,-0.2174737071454525,0.08274857196584344
1780625784302927600,24.326927734375,-0.047020109850168225,-0.14436054013967514,-0.02017199654355645
1780625784312923600,24.336923583984376,-0.03221709299385547,-0.1191694002598524,-0.06209215290620922
1780625784322918700,24.346918701171877,-0.1256266135752201,-0.17725567852556703,-0.017808190021663905
1780625784332913700,24.35691357421875,-0.19874854840934275,-0.2768155384302139,-0.00013034838140010832
1780625784342908700,24.36690869140625,-0.16348142019510267,-0.30404432161748407,0.045793929056078195
1780625784352903700,24.376903564453126,-0.0600005874544382,-0.21156243727505206,0.06814853033572435
1780625784362898700,24.386898681640623,-0.019195114335417745,-0.09456395131349563,0.03434197619333863
1780625784372893700,24.396893798828124,0.021674656191468238,0.015103461107611656,0.02982362198606133
1780625784382888400,24.406888427734376,0.03431961823105812,0.025374679753184318,0.06991407870352268
1780625784392883500,24.416883544921873,0.009161796098947525,0.006916062998771667,0.07536796019524336
1780625784402879700,24.426879638671874,0.06806348240077495,-0.019883681121468544,0.055022945172339674
1780625784412874800,24.436874755859375,0.11788988184332846,-0.0504939234405756,0.10543211293891072
1780625784422869800,24.446869873046875,0.12079612467885016,-0.09220599001049995,0.13274930506199598
1780625784432864800,24.45686474609375,0.07567571097016335,-0.15796704068779943,0.11325608456283807
1780625784442859800,24.46685986328125,0.049724692633748055,-0.17299802108108997,0.09685849199146032
1780625784452854500,24.4768544921875,0.04829729017913341,-0.13907529321312903,0.07639321158975362
1780625784462849500,24.486849609375,0.02150982101857662,-0.05867255372107029,-0.0014575053319334983
1780625784472844500,24.496844482421874,-0.025876199534535408,0.048128363353013986,-0.09188274940550327
1780625784482839600,24.506839599609375,-0.09108078537285327,0.15766308930516243,-0.11964096329435706
1780625784492835600,24.516835693359376,-0.14346563712656496,0.18062310913205146,-0.0960793243125081
1780625784502830600,24.52683056640625,-0.17020049931704997,0.15037585490643976,-0.03260916105136275
1780625784512825600,24.53682568359375,-0.14376140520274638,0.09283201295435428,0.07472206350713968
1780625784522820600,24.546820556640625,-0.001370119309425354,0.03637012102007866,0.11484656862467527
1780625784532815000,24.556815185546874,-0.020340777239203453,0.005990180325508117,0.12860387582033872
1780625784542809900,24.566809814453126,-0.025291677644848822,0.02902735704183578,0.13602058181762694
1780625784552804900,24.576804931640623,-0.016602759754657744,0.07548866396546364,0.09255041953399777
1780625784562799900,24.5867998046875,-0.05275719219744205,0.10271101741194724,0.02755363122746348
1780625784572796200,24.596796142578125,-0.07223404608368873,0.033116087660193444,-0.004163549420237541
1780625784582791200,24.606791259765625,-0.03985094887316227,0.012228197932243346,0.014476122989505529
1780625784592786200,24.6167861328125,-0.002861234650015831,0.07401859141290187,0.05168474066033959
1780625784602781200,24.62678125,0.0054740474969148635,0.09608370822668075,0.06678221041858196
1780625784612776000,24.63677587890625,0.020158990931510926,0.07701777322888374,0.0576350273668766
1780625784622771000,24.64677099609375,-0.07266133158504963,0.0065413844674825665,0.03707081663534045
1780625784632766000,24.656765869140624,-0.054042555832862854,-0.07961363494098186,0.0017163023985922335
1780625784642761000,24.666760986328125,-0.018140052324533463,-0.14699381125271319,0.018691840988397598
1780625784652756000,24.676755859375,0.039544659402966496,-0.1853746875733137,0.02516264443770051
1780625784662752300,24.686752197265626,0.04441021961271763,-0.1673018552660942,-0.010906447809189557
1780625784672747000,24.6967470703125,-0.007974632140994071,-0.08906944555044173,-0.0019727613776922225
1780625784682742000,24.706741943359376,-0.08045885359346866,-0.03861468507647514,-0.05133461204841733
1780625784692737000,24.716737060546876,-0.05901683711409569,-0.005367664512991905,-0.09499708203375339
1780625784702732000,24.72673193359375,-0.037243396723270414,0.02023673234283924,-0.06010434008985757
1780625784712727000,24.73672705078125,0.009251227948069572,0.054310266858339305,-0.033639088620990514
1780625784722722000,24.74672216796875,0.0471691629320383,0.08174071009755134,-0.025403905847668645
1780625784732717000,24.756717041015627,0.017485972329974172,0.1205769289702177,-0.02497179804071784
1780625784742713000,24.766713134765624,-0.019098083701729773,0.06472703145444393,-0.0306301160633564
1780625784752707800,24.776707763671876,-0.07685702970921993,-0.03052373307943344,0.050894759326428174
1780625784762702800,24.786702880859377,-0.04077916963398456,-0.068475570333004,0.052524844746291634
1780625784772697900,24.79669775390625,0.008532266023755073,-0.0667939008563757,0.025126111819595096
1780625784782693000,24.806693115234374,0.09847148014605045,-0.015534838262200354,0.1185375320971012
1780625784792688000,24.816688232421875,0.03247895880043507,-0.016128127980232238,0.16937427762597798
1780625784802683100,24.82668310546875,0.02833528312444687,-0.05877542957365513,0.14678440628573297
1780625784812678100,24.83667822265625,0.017860650861263275,-0.07079495319128036,0.14914587472006677
1780625784822673200,24.846673095703125,-0.041301147681474686,-0.06479074434041976,0.1430493114106357
1780625784832669000,24.8566689453125,-0.035222120028734205,-0.06472410884499549,0.10840659870505333
1780625784842664000,24.866663818359374,-0.053525253960490224,-0.06039572425186634,0.08608692260831594
1780625784852659000,24.876658935546875,-0.05259060345888138,-0.038942601856589314,0.04997238378450274
1780625784862654000,24.886654052734375,-0.03269230929017067,-0.023682488882541656,0.04059869850054383
1780625784872649000,24.89664892578125,-0.08235738069117068,-0.03377192122042179,0.027767712369561194
1780625784882644000,24.90664404296875,-0.050177112576365465,-0.08086568082869053,0.039048400318622584
1780625784892639000,24.916638916015625,-0.02446691725850105,-0.1386509303212166,0.07714081508666276
1780625784902634200,24.92663427734375,-0.03432370988428592,-0.14143033190667628,0.06756883075162767
1780625784912630000,24.936630126953126,-0.04526128348410129,-0.07072481056451797,-0.012105594465881586
1780625784922625000,24.946625,-0.059227264994382856,0.045050855603814124,-0.040861002698540684
1780625784932620000,24.9566201171875,-0.0268219559520483,0.11515139679014683,-0.04342924575135112
1780625784942615000,24.966614990234376,0.004428337836265564,0.1436339794307947,-0.06454100736305117
1780625784952610000,24.976610107421877,0.03748714235126972,0.12460486931204795,-0.03627615912631154
1780625784962605000,24.98660498046875,-0.035870354804396626,0.06891571531593799,-0.033214141207188366
1780625784972600000,24.99660009765625,-0.04676350474059582,0.012182605224847792,-0.03137392016798258
1780625784982595000,25.006594970703127,-0.019770283874869347,-0.04376432292461395,-0.027708967919647692
1780625784992589800,25.01658984375,0.03280979818999767,-0.06609364363253116,0.03253916455507278
1780625785002586000,25.026586181640624,0.04070961152911186,-0.07160860766172408,0.0952773602798581
1780625785012581000,25.0365810546875,-0.04963935243785381,-0.10208733255565165,0.1466711551696062
1780625785022576000,25.046576171875,-0.04463526054024696,-0.11471125180721282,0.151820793017745
1780625785032571100,25.056571044921874,-0.017810966500639916,-0.11021452490985392,0.0754958243586123
1780625785042566100,25.066566162109375,0.007849544456601142,-0.08142214566767216,0.06913286519795656
1780625785052561200,25.07656103515625,-0.04492693696320057,-0.04709317508637905,0.09912161461785435
1780625785062556000,25.086555908203124,-0.09363456150889396,-0.04609072004556656,0.09166662243679165
1780625785072551000,25.096551025390625,0.013997545692324637,-0.09415420146882533,0.036562574852257966
1780625785082546000,25.1065458984375,-0.03489069611728191,-0.06351765566468238,0.08087006474286318
1780625785092542000,25.1165419921875,-0.0936415757715702,-0.01837444560229778,0.06033157297447323
1780625785102537000,25.126536865234375,-0.05184358448386192,-0.039813539472222326,-0.02043459300249815
1780625785112532200,25.1365322265625,0.0017038813084363936,-0.005111643925309181,-0.015826806946098802
1780625785122527200,25.14652734375,-0.01500526143014431,0.025699673923850058,0.0030538346126675604
1780625785132522000,25.15652197265625,-0.05154430927634239,-0.055849312993884084,0.04725669508501887
1780625785142517000,25.16651708984375,0.014665069690346717,-0.12180267137289047,0.04514920141175389
1780625785152512000,25.176511962890626,0.06590250497460365,-0.08970014466941356,0.03556143498569727
1780625785162507000,25.186507080078126,0.028118425503373144,0.010701426756381988,0.047641164357960224
1780625785172502000,25.196501953125,-0.03515957618653774,0.11646423295438289,0.06973404596149921
1780625785182498000,25.206498046875,-0.049883682587742804,0.1094055466145277,-0.01614317941889167
1780625785192493000,25.2164931640625,-0.05138590384423732,0.05273965654075145,-0.022902590551227328
1780625785202488000,25.226488037109377,-0.05619418090879917,0.0005167173504829406,-0.04022212027311325
1780625785212482800,25.23648291015625,-0.007796352964639664,-0.04036883526742458,-0.10810878480225801
1780625785222478000,25.24647802734375,-0.05502630617320537,0.026140987950563428,-0.05427504941448569
1780625785232473000,25.25647314453125,-0.11706336789131164,0.0293447524279356,-0.010033756627887486
1780625785242468000,25.266468017578124,-0.052832010999321936,-0.11408873599469661,0.014317863687872886
1780625785252463000,25.276463134765624,0.0063292030215263365,-0.24777415286302565,0.005173164854198694
1780625785262459100,25.286459228515625,0.08370645721256732,-0.24488369211852548,0.034017274283617734
1780625785272454100,25.2964541015625,0.07619067475497722,-0.11000468155145644,0.05988514438122511
1780625785282449000,25.306448974609374,0.03169219233691692,0.023398411244153976,0.012244126153737305
1780625785292444000,25.31644384765625,-0.06360124229490757,0.09755787243247031,-0.022459376828372478
1780625785302439000,25.32643896484375,-0.10961129831969738,0.11533318309783935,-0.07535013227760791
1780625785312434000,25.336433837890624,-0.04279109397828579,0.13237784140110015,-0.016399346137046814
1780625785322429000,25.346428955078125,0.06381167017519473,0.15595803895294666,0.05196326534077525
1780625785332424000,25.356423828125,0.07055997539162635,0.1325941145002842,0.01638400243744254
1780625785342419200,25.366419189453126,-0.05830898110568523,0.0700876817047596,0.08057780379801988
1780625785352415000,25.3764150390625,-0.15092238287329673,-0.005819499933719634,0.12744900669679046
1780625785362410000,25.386409912109375,-0.09876783274412154,-0.009442951127886772,0.14803119147643445
1780625785372405000,25.396405029296876,-0.04301087420880794,0.06051145958602428,0.14244506190717218
1780625785382400000,25.40639990234375,-0.0307084419965744,0.08352817803621292,0.11333762536644935
1780625785392395000,25.41639501953125,-0.07789514058530331,0.05747603741288185,0.122285632584244
1780625785402390000,25.42639013671875,-0.07744856586158275,-0.00573474425971508,0.1342873282842338
1780625785412385000,25.436385009765626,-0.03536708145737648,-0.09081541243493556,0.21623189039081334
1780625785422380000,25.446380126953127,0.055256023275852204,-0.17675006709098814,0.2629334358111024
1780625785432375000,25.456375,0.07001286290287971,-0.1461520997315645,0.20208324579000472
1780625785442371000,25.46637109375,0.017632687324285506,-0.11042319922447204,0.11714651613011956
1780625785452366000,25.476365966796877,-0.09463584750592709,-0.13352058169543743,0.022398148160427806
1780625785462361000,25.486361083984374,-0.08270049504041671,-0.21172785696983337,-0.06347264747917651
1780625785472356000,25.496356201171874,-0.015242577317357063,-0.23795067798495292,-0.07341214995235204
1780625785482351000,25.50635107421875,0.07533142757713794,-0.18440204314887523,-0.01949643536955118
1780625785492346000,25.51634619140625,0.06534136396050452,-0.11169219624698161,0.02188610698506236
1780625785502341000,25.526341064453124,0.036599253600835796,-0.03210544931292534,0.016893705525249242
1780625785512336100,25.536336181640625,-0.020770400828123092,-0.008034253373742103,-0.0368760247156024
1780625785522331000,25.546330810546873,-0.06042319678068161,-0.007371405550837516,-0.07621449402198195
1780625785532327000,25.556326904296874,0.00620703794658184,0.003103226712346077,-0.031462767495214934
1780625785542322200,25.566322265625,-0.01108779572546482,0.025674539482593534,-0.03158244835212826
1780625785552317200,25.576317138671875,-0.011649521261453627,0.09420505487322807,-0.03438464629128575
1780625785562312200,25.586312255859376,-0.07548691039979458,0.07288111181557178,0.009210457546263933
1780625785572307200,25.59630712890625,-0.08022855196893215,0.012062778237462043,0.024899755717813967
1780625785582302200,25.60630224609375,-0.011085457637906073,0.010244330638647079,0.009333499404042959
1780625785592297000,25.616296875,0.018456278666853905,0.033632805010676385,0.003208002261072397
1780625785602292000,25.6262919921875,0.004165887507796288,0.06652560530900954,-0.009223317027837038
1780625785612287000,25.636286865234375,-0.042810383200645445,0.02695756503045559,-0.016718787349760532
1780625785622283300,25.646283203125,-0.09774433491528034,-0.03325637291371822,0.04595540322810411
1780625785632278300,25.6562783203125,-0.0681003072798252,-0.11900690317451953,0.07713248564973472
1780625785642273300,25.666273193359373,-0.007530395504832268,-0.1574152520239353,0.03069879738539457
1780625785652268300,25.676268310546874,0.06083470019102096,-0.17228782698512077,0.02850260251536965
1780625785662263000,25.686262939453126,-0.005135609322786331,-0.19275193834304807,0.07587021062895655
1780625785672258000,25.696258056640627,-0.05303133296370506,-0.1711053392022848,0.08722995516359805
1780625785682253000,25.706253173828124,-0.07097440141141415,-0.16583938149809838,0.037988516002148386
1780625785692248000,25.716248046875,0.026978023296594617,-0.14575754745602607,-0.023833295530080793
1780625785702244000,25.726244140625,0.09473170909583568,-0.1154179387718439,-0.06345964186713099
1780625785712239400,25.7362392578125,0.10072539655268192,-0.06939736135303974,-0.09086158966422081
1780625785722234400,25.746234375,0.05286123709380627,-0.08088497005105018,-0.09096198129877447
1780625785732229000,25.75622900390625,0.01896890436410904,-0.08405424773693085,-0.05195508203431964
1780625785742224100,25.76622412109375,0.031573534393310544,-0.07908873428404331,0.05032075883075594
1780625785752219100,25.77621923828125,0.01129822360575199,-0.07755670241117477,0.12828998756557702
1780625785762214100,25.786214111328125,-0.03348258288502693,-0.025569910064339636,0.19258198860362172
1780625785772209200,25.796209228515625,-0.04522504312694072,0.02711655498445034,0.1886063629709184
1780625785782204200,25.8062041015625,-0.05451426499783992,0.014506079736351965,0.16966434661373495
1780625785792200200,25.8162001953125,-0.0993231285393238,-0.03243336609303951,0.171104024028033
1780625785802195200,25.8261953125,-0.10878653793334961,-0.11353168663382529,0.16080007215663789
1780625785812190000,25.83618994140625,-0.03681085052490234,-0.12594167087376118,0.09835355285480618
1780625785822185200,25.846185302734376,0.020869185027480124,-0.05741933878958225,0.04993614342734217
1780625785832180200,25.85618017578125,-0.0223211374014616,0.12416004815399646,0.04901040688455104
1780625785842175200,25.86617529296875,-0.08941723607480526,0.2473322543144226,0.007890899380296468
1780625785852170200,25.876170166015626,-0.10952011290490626,0.2758826414942741,-0.063995794570446
1780625785862165200,25.886165283203123,-0.0788233613461256,0.2629869195640087,-0.03980710973143577
1780625785872160300,25.89616015625,0.004869651862978935,0.18005553837716579,-0.03338715968653559
1780625785882156000,25.906156005859376,0.04503682707846164,0.06578793868422508,-0.008617021697759629
1780625785892151000,25.916151123046873,-0.011285364124178885,-0.007101356437802314,0.0181079036206007
1780625785902146000,25.92614599609375,-0.042618075498938555,-0.06541501371860504,0.010019289711117743
1780625785912141000,25.93614111328125,-0.03237257581651211,-0.13762334083914757,0.049963762086629865
1780625785922136000,25.946135986328127,0.004752162963151931,-0.09629530515074729,0.07049640863612294
1780625785932131000,25.956131103515624,0.0524064790636301,-0.043936172360181804,0.01706570109128952
1780625785942126300,25.966126220703124,0.011778116077184677,-0.03596913900375366,-0.036220775677263735
1780625785952121300,25.976121337890625,-0.08146481576561927,-0.05788228012621403,-0.08492430856972932
1780625785962116400,25.986116455078125,-0.049342415317893025,-0.10830021572113037,-0.04089928888231516
1780625785972112100,25.996112060546874,-0.03348667453825473,-0.1213525895178318,0.019307780929654836
1780625785982107100,26.006107177734375,-0.04078852198421955,-0.10311842916905879,0.008582827167212963
1780625785992102100,26.01610205078125,-0.016258476361632346,-0.09411386945843696,0.008775573260337113
1780625786002097200,26.02609716796875,0.029773791494965552,-0.1383925716459751,0.023484335961937903
1780625786012092200,26.036092041015625,-0.01565758785903454,-0.18203531401753426,-0.001581862363964319
1780625786022087200,26.046087158203125,-0.07643675847053527,-0.1634457643598318,-0.05766892963647842
1780625786032082200,26.056082275390626,-0.0660223319619894,-0.11450550010204315,-0.011631401082873343
1780625786042077200,26.0660771484375,-0.03855331027805805,-0.05506020844280719,0.021715864984691143
1780625786052072000,26.076072021484375,0.01239361762702465,-0.041487025642395016,0.027225422186404464
1780625786062068200,26.086068115234376,0.02926759553849697,-0.060139703664183614,-0.004261602967232466
1780625786072063200,26.096063232421876,-0.020001170021295547,-0.08653905028998851,-0.012321867565065621
1780625786082058200,26.106058349609373,-0.017268530187010765,-0.15130056853592394,-0.012560644757002592
1780625786092053200,26.11605322265625,0.05121756154000759,-0.1532850203514099,-0.0147007255256176
1780625786102048300,26.12604833984375,0.03857902924120426,-0.10431728356480598,-0.0038277415946125983
1780625786112043300,26.136043212890623,0.02215337961912155,-0.05530746120214462,0.05517141373232007
1780625786122038000,26.1460380859375,0.02798398546874523,-0.05772913539111614,0.0628055618725717
1780625786132033000,26.156032958984376,0.03147650375962257,-0.03006196078658104,0.05131240021660924
1780625786142028000,26.166028076171877,-0.0045662850022315975,0.04689736025333404,0.08370499590784311
1780625786152024300,26.1760244140625,-0.03650865270793438,0.12285890242755412,0.14892141831442712
1780625786162019300,26.186019287109374,0.00608896452486515,0.12949790205061434,0.16447130801528692
1780625786172014300,26.196014404296875,-0.0173889416962862,0.13239946871101854,0.18898074924126265
1780625786182009300,26.20600927734375,0.032981647625565526,0.1788736351162195,0.17257950340807438
1780625786192004000,26.216004150390624,-0.010263619861006736,0.2007721631914377,0.19183555415049194
1780625786201999000,26.2259990234375,-0.053312487992644306,0.18373101201951503,0.19443083134070038
1780625786211994000,26.235994140625,-0.1357253982633352,0.13354337804913521,0.1580769308030605
1780625786221989000,26.245989013671874,-0.1454383985042572,0.08125789501667022,0.18323723715320228
1780625786231984000,26.255984130859375,-0.041161446949839586,0.09352174878418446,0.18187866215109824
1780625786241980200,26.265980224609375,0.016388824743032455,0.04604045116305351,0.16136866582483053
1780625786251975200,26.27597509765625,-0.02869768669605255,-0.022766543081402777,0.17040478971749543
1780625786261970000,26.285969970703125,-0.07097557045519351,-0.060813657402992244,0.143525258359313
1780625786271965200,26.295965087890625,-0.0383072265625,-0.0724491501390934,0.08426146074682474
1780625786281960200,26.305960205078126,0.009190437671542167,-0.04006663745045662,0.07090265134945511
1780625786291955200,26.315955078125,-0.012086159113049506,-0.04423194043636322,0.02225976260304451
1780625786301950200,26.3259501953125,-0.04688976146876812,-0.10033084427714348,-0.07292202834784985
1780625786311945200,26.3359453125,-0.015374094742536544,-0.192201903244853,-0.1638920468226075
1780625786321940200,26.345940185546876,0.0442804557532072,-0.23593524650931358,-0.22065014522448181
1780625786331936000,26.35593603515625,0.0662923810750246,-0.19392273568809032,-0.2629407423347235
1780625786341931000,26.365930908203126,0.009815291571617125,-0.1592377912759781,-0.2531611065983772
1780625786351926000,26.375926025390626,-0.07382803727686404,-0.14121172071993351,-0.24948753265216944
1780625786361921000,26.385921142578123,-0.020281740528345107,-0.13294950380921364,-0.24340748208612203
1780625786371916000,26.395916015625,-0.047694648110866544,-0.04627542896270752,-0.1461525381229818
1780625786381911300,26.405911376953124,0.01712006162703037,-0.022010756278038023,-0.0492814789108932
1780625786391906300,26.41590625,0.01754851617217064,-0.02238251219987869,0.016193302170932292
1780625786401901300,26.4259013671875,0.03087152360379696,0.008455693656206131,0.005152268196642398
1780625786411896300,26.435896240234374,-0.019649872365593908,0.0060106385916471475,0.01682166320234537
1780625786421892000,26.44589208984375,-0.11893676054775715,-0.013109656941890716,0.13205299336090684
1780625786431887000,26.45588720703125,-0.11751754139959812,-0.009789572608470916,0.19555939697921276
1780625786441882000,26.465882080078124,-0.029283962151408195,0.030942250752449035,0.19571458754092455
1780625786451877000,26.475877197265625,0.05774667104780674,0.0637695845991373,0.2567794432260096
1780625786461872000,26.4858720703125,0.0401414562523365,0.14461539168357848,0.3004334376439452
1780625786471867100,26.4958671875,-0.05129705651700496,0.16732932779490947,0.26015724909603594
1780625786481862100,26.505862060546875,-0.035059038421511646,0.14711831441521644,0.24048268068060277
1780625786491857200,26.515857177734375,0.017587094616889953,0.09162088359892367,0.17928572304844856
1780625786501852200,26.52585205078125,0.002633271113038063,0.09082008861005306,0.15037220164462922
1780625786511848200,26.53584814453125,-0.06046352879106998,0.07515548648834228,0.1588012995548546
1780625786521843200,26.54584326171875,-0.011218728628754615,0.03705927232801914,0.1923664461567998
1780625786531838200,26.555838134765626,0.03880582373440265,0.03561258065104484,0.18617957421541212
1780625786541833200,26.565833251953126,0.01903495533764362,0.014798340681195258,0.0878229526206851
1780625786551828200,26.575828125,-0.03657528820335865,-0.015378770917654036,0.04415069189369678
1780625786561823200,26.5858232421875,-0.07314765379726887,-0.06679857703149318,0.05271072270721197
1780625786571818200,26.595818359375,-0.02868424269258976,-0.06375321798622607,0.03689326811134815
1780625786581813200,26.605813232421873,-0.012165654090046881,-0.09285130217671393,0.024326778135448694
1780625786591808300,26.615808349609374,-0.017934300619363783,-0.12258359261751174,-0.00371785147935152
1780625786601803300,26.62580322265625,-0.03545242165327072,-0.11738719301819801,-0.0545917141482234
1780625786611799300,26.63579931640625,-0.02270107662975788,-0.08880582617819309,-0.11638766058683395
1780625786621794300,26.645794189453124,-0.008140051835775375,-0.08805880720317363,-0.10878376145437359
1780625786631789300,26.655789306640624,-0.0255932909399271,-0.0777384887188673,-0.11880641216635704
1780625786641784000,26.6657841796875,-0.04068096995651722,-0.07049976963698863,-0.08094897519797087
1780625786651779000,26.675779052734374,0.0029360534518957137,-0.10583177978098392,0.006166559805721044
1780625786661774000,26.685774169921874,-0.029499066206812856,-0.16510463748276233,-0.03565773496702313
1780625786671769000,26.69576904296875,-0.08367723111808299,-0.12504910594820975,0.056527358385920524
1780625786681764000,26.70576416015625,-0.017371406039595604,-0.08816986636221408,0.059075727694481606
1780625786691759400,26.71575927734375,-0.03772270467281341,-0.04153787904679775,-0.006895166341215371
1780625786701755400,26.72575537109375,-0.11405600276887416,-0.04063713081479072,0.02389773906841874
1780625786711750100,26.735750244140625,-0.04512333631813526,-0.02331190200448036,0.14787512413188814
1780625786721745200,26.7457451171875,0.06374503467977047,0.0008282675176858902,0.055094987495243546
1780625786731740200,26.755740234375,-0.00822656107544899,0.08305120817422866,0.05415346886143088
1780625786741735200,26.765735107421875,-0.0348258141875267,0.06187573367655277,0.0943234205558896
1780625786751730200,26.775730224609376,-0.03559153786301612,0.01633680229485035,0.09549275659620761
1780625786761725200,26.78572509765625,0.029849779340624806,-0.02687807005345821,0.07379135852828621
1780625786771720200,26.79572021484375,0.06041618251800537,-0.0518184500426054,0.07081453467458486
1780625786781715200,26.805715087890626,0.03658464055359363,0.008754968863725662,0.08154679496064782
1780625786791711200,26.815711181640626,-0.005918284133076667,0.03765490013360977,-0.04824570612236857
1780625786801706200,26.825706298828123,0.0008855506628751755,0.03923135567009449,-0.09541530744582415
1780625786811701200,26.835701171875,-0.06146656835377216,0.07015022554695606,-0.048721068549156185
1780625786821696300,26.8456962890625,-0.0778776049286127,-0.0025444237858057023,-0.033758477216958994
1780625786831691300,26.855691162109373,-0.05515957716405391,-0.10079144752621651,0.02117328254058957
1780625786841686300,26.865686279296874,-0.050013446447253224,-0.15225743086934088,0.0894675049573183
1780625786851681300,26.875681396484374,-0.04381634537279606,-0.20490473295152187,0.07886851566210389
1780625786861676300,26.88567626953125,-0.025488076999783515,-0.1847124242722988,0.04734086623713374
1780625786871671300,26.89567138671875,-0.060283496049046516,-0.04391279148459434,0.07894479576870798
1780625786881667000,26.9056669921875,-0.035704350587725635,0.025489246043562886,0.058400312650948756
1780625786891662300,26.915662353515625,0.03544190025925636,0.08946925852298736,0.05251549239605665
1780625786901657300,26.9256572265625,0.04986556240916252,0.1488923383504152,-0.018504501722753048
1780625786911652400,26.93565234375,0.07058744792044162,0.1995136875629425,-0.02108545812666416
1780625786921647400,26.9456474609375,0.04667816454470158,0.1991606363415718,0.04286737408488989
1780625786931642400,26.955642333984375,0.11804711823165416,0.10616846438944338,0.07396554605141281
1780625786941637400,26.965637451171876,0.23432722679078577,0.062142860180139536,0.10894099784269928
1780625786951632400,26.97563232421875,0.31481998265385625,0.1453682558774948,0.10132438535913825
1780625786961627100,26.985627197265625,0.39202655645310874,0.35888358078598975,0.053025926136225456
1780625786971623200,26.995623046875,0.20984043578803538,0.5712129107803106,-0.05567044929563999
1780625786981618200,27.0056181640625,0.1287719258636236,0.5710667803078889,-0.03560439734458923
1780625786991613200,27.01561328125,0.2835521532088518,0.38581016615629193,0.0686976886510849
1780625787001608200,27.025608154296876,0.43271337162852286,0.22541385249495505,0.12685352502167224
1780625787011603500,27.035603515625,0.4083727110981941,0.07497486922442913,0.21617665307223796
1780625787021598500,27.045598388671873,0.33339199665486813,0.002330488774180412,0.3520177866697311
1780625787031593200,27.05559326171875,0.30786592573225496,-0.08600888893604278,0.3942538771137595
1780625787041588200,27.065588134765626,0.18560674276351927,-0.0602753127425909,0.34654783082604407
1780625787051583200,27.075583251953127,-0.16407003373801707,-0.03695522743165493,0.25483020885437724
1780625787061578200,27.085578125,-0.31673779897391796,-0.09633329907357692,0.11281827766746282
1780625787071574300,27.09557421875,-0.1501256795376539,-0.12786767050027847,0.05435761313140392
1780625787081569300,27.1055693359375,-0.09011866234242916,-0.10904957278370857,-0.0030216859087347984
1780625787091564300,27.115564208984374,0.015728315007686615,-0.10210136108100414,-0.02302870114892721
1780625787101559000,27.12555908203125,0.15362404304742813,-0.23325112199187278,-0.05009206464141607
1780625787111554000,27.135553955078127,0.19062427866458892,-0.44194121870100495,-0.08372866904437541
1780625787121549000,27.145549072265624,0.06031622927486896,-0.5915262154906987,-0.18082652274966238
1780625787131544300,27.15554443359375,0.016513912427425382,-0.7247106970995664,-0.37517742072194815
1780625787141539300,27.165539306640625,-0.0009171148449182509,-0.6968757647126913,-0.5957692598879337
1780625787151534300,27.175534423828125,0.002605214062333107,-0.509646389183402,-0.7843637862905859
1780625787161530400,27.1855302734375,-0.021931845822930333,-0.38644261884093284,-0.9513520455628633
1780625787171525000,27.195525146484375,0.0019365210205316541,-0.3302420081913471,-1.0276847591370344
1780625787181520100,27.20552001953125,0.10418284353017807,-0.31277415603995323,-1.0487950594440103
1780625787191515100,27.21551513671875,0.3345926046162844,-0.3275263194918632,-1.0914794781774282
1780625787201510100,27.22551025390625,0.5264654220372438,-0.3508773844629526,-1.015096495720744
1780625787211505200,27.235505126953125,0.5424556028515101,-0.37151392977833747,-0.9858315305307507
1780625787221500200,27.245500244140626,0.46724867843687534,-0.432433385643363,-1.0983756674319505
1780625787231495200,27.2554951171875,0.40671033084392544,-0.467553214341402,-1.1777560781389473
1780625787241490200,27.265490234375,0.35102234589159487,-0.4982236624151468,-1.1079968977361916
1780625787251486200,27.275486328125,0.23267186079919336,-0.5179653047174215,-0.9846610254466533
1780625787261481200,27.285481201171876,0.2947971853226423,-0.43869536864757536,-0.9954437007457018
1780625787271476200,27.295476318359373,0.41027942150235175,-0.41621757937967774,-0.9435217903286218
1780625787281471200,27.30547119140625,0.5075175604611635,-0.5103694427609443,-0.9490826393261551
1780625787291466200,27.31546630859375,0.5500187315821647,-0.43980596023797985,-1.0208581279873847
1780625787301461200,27.325461181640627,0.2985182516723871,-0.32840953206717965,-0.9818854232534766
1780625787311456300,27.335456298828124,-0.020838789889216423,-0.3568020983368158,-0.7942886757165193
1780625787321451300,27.345451171875,-0.37596857109963894,-0.4763689734816551,-0.7448831320345402
1780625787331446300,27.3554462890625,-0.35116263114511964,-0.6473199989050626,-0.7881810064911842
1780625787341441300,27.365441162109374,0.03124912474453449,-0.7614046432465315,-0.9578384849727153
1780625787351437300,27.375437255859374,0.4553121569275856,-0.6984341000705957,-1.119233162021637
1780625787361432300,27.385432373046875,0.6481459283351898,-0.49300680454969403,-1.352472301314771
1780625787371427300,27.39542724609375,0.03561082708537578,-0.421125809687376,-1.742723372527957
1780625787381422300,27.40542236328125,-0.7022860993236303,-0.6360843191415071,-2.353803306533396
1780625787391417300,27.415417236328125,-0.9940016852438449,-0.7321352941423654,-2.058639918246865
1780625787401412400,27.425412353515625,-0.34212241559922696,-0.7490893515527248,-1.9831079996615648
1780625787411407400,27.435407470703126,0.3249491624802351,-0.6790092686325311,-2.657873931635916
1780625787421402000,27.445402099609375,0.7042313881725073,-0.630014059317112,-3.223950064049661
1780625787431397000,27.455397216796875,0.514223195579648,-0.5089946472764015,-3.21118615180552
1780625787441393200,27.46539306640625,-0.0785837073713541,-0.45459962474405763,-3.209073397435248
1780625787451388400,27.475388427734377,-1.0177098930895327,-0.33096739985644813,-3.0988088959038254
1780625787461383400,27.485383544921874,-1.349338971725106,-0.43170740945637226,-2.9619919030115005
1780625787471378400,27.49537841796875,-1.1231377682447432,-0.7424386614918709,-2.9265646157994865
1780625787481373200,27.505373291015626,-1.2734738756626844,-0.7521902401775121,-1.9955422415599227
1780625787491368200,27.5153681640625,-0.9267670548826455,-0.9754267486333846,-1.013382385279238
1780625787501363200,27.52536328125,-1.0604191540032624,-1.5103554631114005,-0.6767863318860531
1780625787511358200,27.535358154296876,-0.9405144252061843,-1.766037612619996,-0.1623737512141466
1780625787521353200,27.545353271484377,-0.8457470602750777,-1.5248036751806735,0.4832593175172806
1780625787531349200,27.555349365234374,-0.8337515020549296,-1.2837538621366023,0.31681144873201844
1780625787541344500,27.565344482421875,-1.7237778490394353,-0.6737345430999994,0.5147577408477664
1780625787551339300,27.57533935546875,-1.7180781760931014,-0.09927344417870045,0.6830413006275892
1780625787561334300,27.585334228515624,-1.1733230641275643,0.08917758210003375,1.1363234130322932
1780625787571329300,27.595329345703124,-0.6190004978716374,-0.40600422840118405,1.9380445768371224
1780625787581324300,27.60532421875,-0.4496382029443979,-0.8147393430709838,2.592649179792404
1780625787591319300,27.6153193359375,-0.490237339836359,-1.0143623362272978,2.8953911866396664
1780625787601314300,27.625314208984374,-0.6926590238004923,-1.0888397773236036,3.2699680111199614
1780625787611309600,27.6353095703125,-0.4241963031738996,-1.020987891846895,3.635812078568339
1780625787621304600,27.6453046875,-0.3008493249684572,-0.5620967073887586,3.6687750214934347
1780625787631300400,27.65530029296875,-0.9339753788262605,0.09559621697068214,3.784952838721871
1780625787641295400,27.66529541015625,-1.817153467351198,0.3405167339682579,3.7300183024853464
1780625787651290400,27.675290283203125,-2.073842163553834,0.610910714918375,3.7963364025235173
1780625787661285400,27.685285400390626,-1.8104530929297207,0.7396826407819986,3.891842603123188
1780625787671280400,27.6952802734375,-1.9209405895620584,0.26126784068644043,4.0547140747264026
1780625787681275400,27.705275390625,-1.6571522904872893,-0.4886638069093227,4.129033694912493
1780625787691270400,27.7152705078125,-0.6567869154304266,-1.331561907494068,4.019512997485697
1780625787701265400,27.725265380859376,-0.8764958342820406,-1.702947826978564,3.625382454490661
1780625787711260400,27.735260498046873,-1.6529513316661117,-1.6783751112580299,3.177026400311291
1780625787721256400,27.74525634765625,-2.034113964277506,-1.6225620386213062,3.112873953874409
1780625787731251500,27.75525146484375,-2.0899299595236775,-1.3841606942594051,3.0431498447850345
1780625787741246500,27.76524658203125,-2.143850350281596,-1.0352876353561877,2.6885674683243033
1780625787751241500,27.775241455078124,-1.5756974115937947,-1.0912257956773042,2.194059903822839
1780625787761236500,27.785236572265624,-1.1999182255864143,-1.5338064813256262,2.1657357266142965
1780625787771231500,27.7952314453125,-0.43078795652389523,-1.785467120233178,2.109714418054372
1780625787781226500,27.8052265625,1.212326456260681,-1.485018777281046,1.1267359388671814
1780625787791221500,27.815221435546874,1.625490493288636,-0.9634808747738599,-0.15964008846655486
1780625787801216300,27.82521630859375,0.8356050209671259,-0.3547235384970903,-0.743262545095384
1780625787811211300,27.835211181640624,0.3259299902111292,0.49891515181064605,-0.17303060817644
1780625787821207600,27.84520751953125,1.1625585090070962,1.5860890417486428,0.42684572170414026
1780625787831202600,27.85520263671875,3.082362203493714,2.679002352121472,0.31630788312405345
1780625787841197600,27.865197509765625,4.879214056572318,3.56081850464344,-0.5586100343167781
1780625787851192600,27.875192626953126,5.813230936452746,4.7853895254492755,-1.842926206511259
1780625787861187600,27.8851875,5.217566890504956,6.137967332965135,-3.2055028454720973
1780625787871182300,27.895182373046875,3.195512781855464,6.743624949660897,-3.790268480786681
1780625787881177300,27.90517724609375,1.5761638600617647,6.720685972622037,-2.8450129985332486
1780625787891172400,27.91517236328125,0.4750146362632513,6.283378258940577,-0.7020682187892496
1780625787901167400,27.92516748046875,0.4142693679213524,4.4374668991386885,-0.01936005910616368
1780625787911163400,27.935163330078126,1.4134884955525397,1.8134715639680623,-0.48636258076224476
1780625787921158400,27.945158447265626,2.0978940702706574,-0.256324539065361,-0.6466719102598726
1780625787931153400,27.9551533203125,2.2272774060308933,-1.4152549207031726,-0.37326705705597996
1780625787941148400,27.9651484375,2.628817640760541,-1.9510171633958815,-0.08387056173309683
1780625787951143400,27.975143310546876,2.4993939729899166,-2.7268150736540555,-0.1239280660290271
1780625787961138400,27.985138427734373,1.0847200670450925,-3.8980940647333857,-0.41569169234205033
1780625787971133400,27.995133544921874,-0.8845809410601854,-4.465106016692519,-2.1825607508175073
1780625787981128400,28.00512841796875,-2.669280584052205,-3.749587510830164,-3.777815241926908
1780625787991123500,28.01512353515625,-5.019415723466873,-2.6967063511162994,-2.1837670578673483
1780625788001118500,28.025118408203124,-6.258544846457243,-2.8080618627548217,-1.268560384657979
1780625788011114200,28.0351142578125,-6.169885150751472,-3.093641722398996,-3.4405759221941232
1780625788021109200,28.045109130859377,-4.573991338825225,-3.42002939324975,-3.668746672181785
1780625788031104300,28.055104248046874,0.01011748938858509,-3.0491362257182595,-4.054008849066496
1780625788041099300,28.065099365234374,4.02029947168827,-2.2994711201041937,-4.532023251667619
1780625788051094300,28.07509423828125,4.180167377561331,-1.5579448972821235,-3.5590368819236753
1780625788061089500,28.085089599609375,5.7601990189671515,-1.3790063802361487,-2.0517698863469063
1780625788071084500,28.09508447265625,5.884377187299728,-2.0998633245170115,-0.9810571557357907
1780625788081079600,28.10507958984375,3.3989451041668652,-2.3970652328938242,-0.29298005289807916
1780625788091074600,28.115074462890625,0.7383183666914701,-2.460272507435083,-0.10892243927270173
1780625788101070300,28.1250703125,-1.817767215335369,-2.4801550195127726,0.26603739317581054
1780625788111065300,28.1350654296875,-3.8838369913220405,-2.4982336970388888,1.0133877921067178
1780625788121060400,28.145060302734375,-5.3844367840945715,-2.695584069088101,1.9338428873635827
1780625788131055400,28.155055419921876,-7.065274486073851,-2.7027193277955055,3.090600455006957
1780625788141050400,28.16505029296875,-7.041417809668183,-2.533198627436161,4.021051751360297
1780625788151045400,28.17504541015625,-4.283962683078647,-1.759927605307102,4.188616933737695
1780625788161040400,28.185040283203126,-0.5124351431190968,-0.3289566445559263,2.9321728110700844
1780625788171035600,28.19503564453125,2.046979875591397,0.515875638961792,-0.0064668579265475265
1780625788181030400,28.205030517578123,1.8506541704148054,0.38974750560522076,-2.451622021859139
1780625788191025400,28.215025390625,1.6078531297892331,-0.13465747677087783,-3.2862443153992293
1780625788201021400,28.225021484375,2.1451590947926045,-0.17121522931754588,-3.0909958840653298
1780625788211016400,28.235016357421873,2.462581953421235,0.22377952929139136,-2.428580899620056
1780625788221011500,28.245011474609374,3.1101071195095775,0.7743138091802596,-1.858241849064827
1780625788231006500,28.25500634765625,2.9597797799199816,0.6527753417015075,-2.456564885088801
1780625788241001500,28.26500146484375,0.42431320755183694,0.014569792622327804,-3.5798289100617167
1780625788250996200,28.274996337890624,-0.9715168817132711,-0.6175234110563993,-4.272681410607695
1780625788260991200,28.2849912109375,0.6889028861373663,0.2664297534942627,-0.6733779847472906
1780625788270986200,28.294986328125,-2.933056023645401,-0.7126157701581716,-2.6876766569644213
1780625788280981200,28.304981201171874,2.0955887159377333,-3.6073441089749334,0.432960185996443
1780625788290977500,28.3149775390625,-1.7136153514653443,-4.644571772482991,0.6478225415997206
1780625788300972500,28.32497265625,-2.2247879273027182,-4.82961971231997,0.4949731361865997
1780625788310967600,28.334967529296875,-1.1006699158489703,-5.252496165066957,-0.0038014381095767017
1780625788320962300,28.34496240234375,-0.48521220515072344,-5.400001432973146,-1.0612314932994544
1780625788330957300,28.354957275390625,0.15195464853048324,-5.229361373195052,-2.3494636698938907
1780625788340952300,28.364952392578125,1.0482494082599878,-4.490119461917877,-3.194639506152272
1780625788350947300,28.374947265625,1.7064239786565303,-3.301733853214979,-3.3073370800495145
1780625788360942300,28.3849423828125,2.1718343357503413,-2.2037515690147877,-2.8166110799133777
1780625788370937300,28.394937255859375,2.406788754528761,-1.5973843427449463,-2.2476056160494684
1780625788380932400,28.404932373046876,2.3755302774339913,-1.7304051582247018,-1.8476171408064663
1780625788390928400,28.414928466796876,2.077528743112087,-2.2921143276005984,-1.7915633912816642
1780625788400923400,28.42492333984375,1.437524035656452,-2.7117238875061274,-2.373604277807474
1780625788410918400,28.43491845703125,0.9363941304057836,-2.6900276040047406,-3.2602325067862865
1780625788420913400,28.444913330078126,0.6725029554784298,-2.090054462686181,-3.914372999361157
1780625788430908400,28.454908447265623,0.36396307600736616,-1.3398703016340732,-4.245986295905709
1780625788440903400,28.4649033203125,-0.9495113861322403,-1.178935643312335,-5.090978738421201
1780625788450898400,28.4748984375,-3.111641489470005,-1.7717764485329388,-5.769108301609754
1780625788460893400,28.4848935546875,-5.623785053917765,-3.8765526795327663,-7.907808429521322
1780625788470888400,28.494888427734374,-5.371839168328046,-4.6785313252300025,-8.92944104901254
1780625788480884200,28.50488427734375,-0.15141045865118502,-1.4241554355174302,-4.052850911203026
1780625788490879200,28.514879150390627,7.308966922581195,1.7407845134198665,2.6652020825669167
1780625788500874500,28.52487451171875,9.864287365454436,2.1624188571512697,6.369470149984956
1780625788510869500,28.534869384765624,7.03536157836914,0.2284481056243181,5.707061887541413
1780625788520864500,28.544864501953125,3.086059304445982,-2.2372224614620206,2.335853662214428
1780625788530859500,28.554859619140625,-0.09003799832165241,-4.002516562238335,-1.068528080048412
1780625788540854300,28.564854248046874,-1.8975942007660864,-5.116984117293358,-3.1930946147978303
1780625788550849300,28.574849365234375,-2.9622090528935194,-5.745976432347297,-4.1553994315296405
1780625788560844300,28.58484423828125,-3.3107372438818214,-5.96544569722414,-5.033359493145347
1780625788570839000,28.594839111328124,-2.7664029876768588,-5.450176791983843,-5.283765163555741
1780625788580835000,28.6048349609375,-1.8846908800512552,-3.9297342346221207,-3.7858345899924633
1780625788590830000,28.614830078125,-0.707072164556384,-2.5287574301183224,-2.416004180511087
1780625788600825000,28.6248251953125,0.24627193160653113,-1.5353408512860536,-1.7308743831716478
1780625788610820000,28.634820068359375,0.6339455535471439,-1.0464911664158105,-1.4714173912994564
1780625788620815000,28.644815185546875,0.7485866627275943,-1.242196693867445,-1.8452561107635497
1780625788630810000,28.65481005859375,0.7887637748152018,-1.8553046265691517,-2.364512185943872
1780625788640805000,28.66480517578125,0.4478063113421201,-2.168246540391445,-2.345894286974519
1780625788650800000,28.674800048828125,0.07723053919672966,-2.179419091790914,-1.860277008154243
1780625788660795100,28.684795166015626,-0.06129413439631462,-2.3486954620003697,-1.7574569774098694
1780625788670791200,28.694791259765626,-0.3994266035765409,-2.5740450170874594,-1.6883816876180469
1780625788680786200,28.7047861328125,-0.5920277352720499,-2.762157605192065,-1.4045996711760758
1780625788690781200,28.71478125,-0.47103287315070624,-2.7329870402872563,-0.970323288014531
1780625788700776200,28.724776123046876,-0.07535656201839447,-2.523220254257321,-0.4460037919647991
1780625788710771200,28.734771240234377,0.32485914610922334,-2.8178292235314846,-0.5072247149944306
1780625788720766000,28.744765869140625,0.14601122995615004,-3.1414409999281165,-0.6451005692899227
1780625788730761000,28.754760986328126,-0.100033322635293,-3.413648752301931,-0.6916038156591355
1780625788740756000,28.764755859375,-0.3264958074003458,-3.5735388700067996,-0.7709623067952692
1780625788750751000,28.7747509765625,-0.20542320386767385,-3.4691526128590104,-1.0870862116545439
1780625788760746000,28.78474609375,0.14413082303702832,-3.073722385442257,-1.6809258186541496
1780625788770742300,28.7947421875,0.2165226900309324,-2.450268415293097,-2.2924413675978776
1780625788780737300,28.8047373046875,0.28595979887247086,-1.7998194707125423,-2.6438106272310016
1780625788790732000,28.81473193359375,0.23527181416451928,-1.478907016402483,-2.639297241459787
1780625788800727000,28.82472705078125,0.29740882912576194,-1.734519023284316,-2.4904081179797646
1780625788810722000,28.83472216796875,0.709478056654334,-2.2808283789545296,-2.139172567728907
1780625788820717000,28.844717041015624,0.9999971262663602,-2.784041520220041,-1.8106057992734015
1780625788830712000,28.854712158203125,0.9608353287011384,-2.947297314965725,-1.4460916652545333
1780625788840707000,28.86470703125,0.5121136560797691,-2.7662176942378283,-1.2677860392846165
1780625788850702000,28.8747021484375,0.00203998139500618,-2.4641087245970965,-1.5376314464412628
1780625788860697000,28.884697021484374,-0.014958499678969383,-2.2134014408916234,-1.9430900236584245
1780625788870693000,28.894693115234375,-0.07813245647251606,-2.0297575226336715,-2.142921544998884
1780625788880688000,28.904688232421876,-0.021838906842470168,-2.1485545824497936,-2.217097518930584
1780625788890683100,28.91468310546875,0.14735212317109106,-2.449157239180803,-1.9952077489085494
1780625788900678100,28.92467822265625,0.5861608890652656,-2.852348163726926,-1.6759822247721254
1780625788910673200,28.934673095703126,0.9149433460980653,-2.9025895737111567,-1.7586475023686885
1780625788920668200,28.944668212890626,0.922213629361987,-2.7129730107843875,-2.4028575525596736
1780625788930663200,28.9546630859375,0.7966478060632943,-2.495456633540988,-2.926944262766838
1780625788940658200,28.964658203125,0.5159171400159597,-2.1039812812298537,-2.9387147800594566
1780625788950653200,28.974653076171876,0.1637637442678213,-1.6507424234449863,-2.287899632515013
1780625788960649000,28.98464892578125,0.16880349200069902,-1.649526617914438,-1.7544376295886932
1780625788970644200,28.994644287109374,0.7061147177010774,-2.2651842350989577,-1.5605365212105213
1780625788980639200,29.00463916015625,1.2365484588474034,-2.7091139972686764,-1.3318413089573382
1780625788990634200,29.01463427734375,0.8502683370918035,-2.3147680579572913,-0.6173107912190258
1780625789000629200,29.024629150390624,0.009101590344309806,-1.8761989460378885,-0.8391182897850871
1780625789010624300,29.034624267578124,0.21856851664483545,-2.1609581369489432,-1.7328195258900523
1780625789020619300,29.044619384765625,0.8936796087950467,-2.3116531408071515,-2.4302768898829816
1780625789030614000,29.054614013671873,-0.3618208032816648,-1.8756734608590602,-2.103097338002175
1780625789040609000,29.064609130859374,-1.4317957211375236,-1.607273284074664,-3.5631489934176206
1780625789050604000,29.07460400390625,-1.1877987487256527,-1.4556237559705971,-4.46648548835218
1780625789060600000,29.08460009765625,-0.34784371585547924,-1.6574726084828375,-2.975982142180204
1780625789070595000,29.094594970703124,0.02402560323178768,-2.262012034803629,-0.9600055998787284
1780625789080590000,29.104590087890625,0.5604366652220487,-3.113289256677031,-0.5520005530491471
1780625789090585300,29.11458544921875,1.0592343281328678,-3.515210599678755,-0.5559335085839033
1780625789100580000,29.124580078125,1.2567816840589046,-3.6353456301003693,-0.8739838514611125
1780625789110575000,29.1345751953125,0.8771277024447918,-3.6237095528423784,-1.8885034240767358
1780625789120570000,29.144570068359375,-0.33501521394252776,-3.0293250253111124,-2.193491456285119
1780625789130565000,29.154565185546875,-1.097487194159627,-2.317868362060189,-1.6165924626924097
1780625789140560100,29.16456005859375,-0.27723054897189137,-2.1773452081263063,-1.896752489244938
1780625789150555100,29.17455517578125,0.8579524618536234,-2.3513059367597102,-2.7205390621244905
1780625789160551200,29.18455126953125,0.9434054704725742,-2.241547338923812,-2.4262711613729593
1780625789170546200,29.194546142578126,-0.25328151810765265,-2.219086500790715,-1.0623659041568636
1780625789180541000,29.204541015625,-1.1970406243234872,-2.487511227494478,0.29971725219860673
1780625789190536000,29.214535888671875,-0.5090501768559217,-3.390249172013998,0.48630759917199606
1780625789200531000,29.224531005859376,1.148054767358303,-4.010954135715961,-0.7325825995184481
1780625789210526200,29.234526123046876,1.8713269560873507,-3.2372505673885343,-2.7360546111643314
1780625789220521200,29.244521240234373,1.4959242021769283,-1.9585949051737783,-3.5810850476026532
1780625789230516200,29.25451611328125,0.7885872492045164,-1.0916396371752024,-3.2233976908639073
1780625789240511200,29.26451123046875,-1.3347954825878143,-0.4393377582043409,-2.1398234328530727
1780625789250507000,29.274507080078124,-0.6439817943930626,-1.2545996638447046,-1.4526023623228073
1780625789260502000,29.284501953125,-0.02638882523179054,-2.09753517383039,-1.1503817490011452
1780625789270497000,29.2944970703125,0.4104652994632721,-2.5586083785027265,-1.172269317290932
1780625789280492000,29.304491943359373,1.1184691919118166,-2.53659469961524,-1.4131580945543945
1780625789290487000,29.314487060546874,0.8213830188691615,-2.29132814565897,-1.6339233905911446
1780625789300482000,29.32448193359375,0.02073357594907284,-2.480668229731917,-1.9407069279141722
1780625789310477000,29.33447705078125,-0.5875315928965806,-2.6771646153002977,-1.877667557285726
1780625789320472000,29.34447216796875,-0.8325614154875278,-2.9214748914450404,-1.804367051014304
1780625789330467300,29.35446728515625,-1.081675292521715,-3.049823623460531,-1.8897648223146795
1780625789340462000,29.364462158203125,-0.8682821326881647,-3.0479817949861285,-2.3105260364733633
1780625789350458000,29.3744580078125,-0.5608645352452993,-2.8360166221290823,-2.4521572977796198
1780625789360453000,29.384453125,-0.2433019758850336,-2.3184598982125517,-2.1958847811624405
1780625789370448100,29.3944482421875,0.21165362268984317,-1.8236796542495488,-1.8645653529979287
1780625789380443100,29.404443115234375,0.5141010305047035,-1.5687667355477808,-1.616592901083827
1780625789390438100,29.414438232421876,0.8594745568543672,-1.7555957135826348,-1.569168155955523
1780625789400433200,29.42443310546875,1.1851467729121445,-2.2273270903915168,-1.5879042744770646
1780625789410428200,29.43442822265625,0.961515127658844,-2.51990250801146,-1.272343264197558
1780625789420423000,29.4444228515625,0.3687333591490984,-2.5596698702543974,-0.9965791345164179
1780625789430418000,29.45441796875,-0.2759744114309549,-2.7655010704010725,-0.9703760411150752
1780625789440413200,29.4644130859375,-0.8980541706174612,-2.9928894378393887,-0.8072251680485903
1780625789450409200,29.4744091796875,-1.0354039552122354,-2.6093741046220065,-0.5148429349131882
1780625789460404200,29.484404296875,-0.9812719675302505,-2.3256004176169633,-0.4057923392161727
1780625789470399200,29.494399169921873,-0.9760288061797618,-2.5125030454099178,-0.7109924067400395
1780625789480394200,29.504394287109374,-0.5693699132621288,-2.9706945571660994,-1.2689455845832824
1780625789490389000,29.514388916015626,0.21288287222385405,-3.2965666797101494,-1.6653155770681798
1780625789500384000,29.524384033203123,0.6342495049297809,-3.2037732452005145,-1.9225432024531066
1780625789510379000,29.53437890625,0.5178045611977576,-2.864546551042795,-2.211638230611384
1780625789520374000,29.5443740234375,0.4747919334232807,-2.6028923413872715,-2.4826798618152734
1780625789530369000,29.554369140625,0.571449057623744,-2.310082530489564,-2.4420390777386722
1780625789540364000,29.564364013671874,0.5061170460134744,-2.125862858170271,-2.2637926346100867
1780625789550360000,29.574360107421874,0.3134808430045843,-2.3083488385647533,-2.369461332783848
1780625789560355000,29.58435498046875,0.48332829110026354,-2.621276723861694,-2.458117082966864
1780625789570349800,29.594349853515624,0.38368718265295026,-2.763614233741164,-2.406766542696953
1780625789580344800,29.6043447265625,-0.348004459375143,-2.5774527797043323,-2.2353592979386447
1780625789590339800,29.61433984375,-1.0082020600318908,-2.3143220677554606,-1.9496173796005547
1780625789600334800,29.6243349609375,-0.9686620768040418,-2.7332401382654905,-1.7551891786083578
1780625789610330000,29.634330078125,-1.7034540229350328,-3.0654607530534266,-0.8301489475183188
1780625789620325000,29.6443251953125,-2.8879297647178173,-3.166216544744372,0.6764781427197158
1780625789630320000,29.654320068359375,-1.8753946439176796,-3.3925627096533773,1.956961751013994
1780625789640316000,29.66431591796875,0.9603612814486027,-3.2520553378105164,0.9478326392650603
1780625789650311000,29.674310791015625,3.5364644001096486,-2.8128052578896283,-3.1079610473915933
1780625789660306000,29.684305908203125,4.164492254045605,-1.806691110047698,-6.181801798516512
1780625789670301000,29.694301025390626,3.527784250047803,-0.6633674628645181,-6.818155582249164
1780625789680296000,29.7042958984375,1.6960130592793226,0.33526363574564455,-5.126841494441032
1780625789690291000,29.714291015625,-1.4957511836975812,0.7645920411109924,-2.0713262352101505
1780625789700286000,29.724285888671876,-2.7325848892271516,-0.5762579192101955,0.39793826471492644
1780625789710281000,29.734281005859376,-1.6915443894326685,-2.612935011973977,1.6718484859682619
1780625789720276000,29.74427587890625,-0.23501111740171907,-3.9719115806162355,2.8570965272977946
1780625789730271000,29.75427099609375,2.366865324941277,-4.395378984993696,2.502938513728976
1780625789740267000,29.76426708984375,2.662376796013117,-3.4916859317064284,0.24141280113756655
1780625789750262000,29.774261962890623,-4.064486403939128,-0.7177946341007948,0.8262930027425288
1780625789760257000,29.784257080078124,-10.060686720389127,1.0165426028758286,0.19388298819959163
1780625789770252000,29.794251953125,-5.179115871557593,-0.5844499934941529,-5.5830082223713395
1780625789780247000,29.8042470703125,-2.0166051955938338,-1.0211346068412064,-3.5271301700532436
1780625789790242000,29.814241943359374,-0.08857318646609783,-0.11836568266153334,-1.6893991940975188
1780625789800237000,29.824237060546874,4.338559657923877,-0.2103098068654537,-4.032149776218831
1780625789810231800,29.834231689453127,8.045489638027549,-1.8705173932701349,-7.625054148691892
1780625789820226800,29.844226806640624,7.324911510688066,-3.3534546881020066,-8.446047291460633
1780625789830221800,29.854221923828124,7.192386954292655,-4.192923983281851,-6.727234371352195
1780625789840218000,29.864218017578125,4.237590223482251,-4.010784624367952,-4.922531220251321
1780625789850213000,29.874213134765625,1.2628314856171607,-2.9246377393901346,-3.297318082599342
1780625789860208000,29.8842080078125,-0.39697979494631286,-1.6396154647529124,-3.1426474531084296
1780625789870203100,29.894203125,-0.12941548446416853,-0.7097177106291055,-2.827375635033846
1780625789880198000,29.904197998046875,0.782737354132533,-0.19793957011401653,-2.6761209514662623
1780625789890193000,29.91419287109375,-0.35842473110258577,0.33078795163631436,-4.02143812032938
1780625789900188000,29.92418798828125,-2.976024812278151,0.5809896239072084,-5.840227079927921
1780625789910183000,29.934182861328125,-4.788968552979827,0.5808376482158899,-6.438819580543041
1780625789920178000,29.944177978515626,-5.129597515150905,0.6017156010717153,-4.898294896878302
1780625789930173000,29.9541728515625,-3.6511435032129285,0.5922019227951765,-1.5557397884532809
1780625789940169200,29.964169189453123,-0.9656044427990913,-0.21760171743929385,1.6273267688050865
1780625789950164000,29.9741640625,0.8129372620850801,-2.068039614754915,2.8699498713910576
1780625789960159000,29.984158935546876,2.173976023954153,-4.281854897144437,4.029646268965304
1780625789970154000,29.994154052734373,2.780496394959092,-5.236424735710025,5.115742008277773
1780625789980149000,30.00414892578125,1.86039931935966,-5.160514046940207,6.077880820792913
1780625789990144000,30.01414404296875,0.6682365302056074,-4.812273440721631,5.616920428845286
1780625790000139000,30.024138916015627,0.1930734253823757,-4.028135572141409,3.8016388928458094
1780625790010134000,30.034134033203124,-0.08107961584031581,-2.961172695583105,1.0701412143334745
1780625790020129000,30.04412890625,-0.3995587055236101,-1.8664970517128705,-1.0678133559077978
1780625790030124000,30.0541240234375,0.33433716855049134,-1.4171610465854405,-2.1793556711658835
1780625790040119800,30.064119873046874,0.9297329189509153,-1.4531050511479378,-2.672289995001256
1780625790050115000,30.074114990234374,-0.1511579451948404,-1.294733521312475,-2.2283976422324776
1780625790060110000,30.084110107421875,-1.3950474144548177,-1.3266945937186478,-1.2556027034074067
1780625790070105000,30.09410498046875,-1.2046230422765016,-1.6971365103513,-0.2625657715424895
1780625790080100000,30.10410009765625,0.03116904524564743,-2.465843585565686,0.09795914670974015
1780625790090095000,30.11409521484375,0.6677250735521316,-3.3891011710226535,-0.9135136055558919
1780625790100090000,30.124090087890625,0.3405728480696678,-3.9502813480883834,-2.3879092820137737
1780625790110085000,30.134085205078126,-0.16655542081296443,-4.228634179088473,-3.8162899340108036
1780625790120080000,30.144079833984375,-0.6610837358415126,-4.233505584517121,-4.910740244692564
1780625790130076000,30.154075927734375,-0.8472446053564548,-2.6371657823890446,-4.0758676296532155
1780625790140071000,30.16407080078125,-0.4996195006877184,-1.2002315293192862,-3.3963626864582297
1780625790150066000,30.17406591796875,0.763581987285614,-1.4887906970351934,-2.0390397302418948
1780625790160061000,30.18406103515625,0.44340544603466986,-1.35388246037364,1.0173094955950974
1780625790170056200,30.19405615234375,-0.7900362789690494,-0.6972709015101194,2.3867685875460505
1780625790180051200,30.20405126953125,-1.623140715292096,-0.8646662802785634,2.5457427594497797
1780625790190046000,30.2140458984375,-1.5082809949249028,-1.959475779661536,2.114588599961996
1780625790200041000,30.224041015625,-0.21341011096835136,-3.1939316501438615,0.9987029948025942
1780625790210036000,30.234035888671876,0.6940916869521141,-3.956210738137364,-0.40427462812960147
1780625790220031000,30.244031005859377,0.06301496683955192,-3.5075399189203975,-0.2786068057611584
1780625790230027000,30.254027099609374,-0.5006032510280609,-2.54452081643939,0.9325725262910127
1780625790240022000,30.26402197265625,-0.10927636727690695,-2.112208426827192,1.8872203985288738
1780625790250017000,30.27401708984375,0.7119564294666051,-2.07909000107944,2.0515520058125256
1780625790260012000,30.284011962890624,0.8057873903304338,-2.573039054915309,0.5083081263169646
1780625790270006800,30.2940068359375,-0.5506827484488487,-2.918266450792551,-1.9389301274999975
1780625790280001800,30.304001708984377,-1.2785907802850007,-2.460340311974287,-3.2958377809137103
1780625790289997000,30.3139970703125,-1.1806669971495867,-1.8157009304553269,-2.9179315197497604
1780625790299992000,30.323991943359374,-0.5588479347258806,-1.7221423567920922,-1.7677686741963028
1780625790309987000,30.333987060546875,0.5127993002563714,-2.069082986328006,-1.7278598576560615
1780625790319982000,30.343982177734375,0.6342641179770231,-2.566459092003107,-3.6226480610907075
1780625790329978000,30.35397802734375,0.009526537758111953,-2.59472657058835,-5.90114010605216
1780625790339972900,30.363972900390625,0.019072364738583564,-2.052189719194174,-4.601013785785437
1780625790349968000,30.3739677734375,0.0013373860836029053,-1.7015817993223665,-0.6357102251321077
1780625790359963000,30.383962890625,-0.3916238208711147,-1.518808818680048,1.1915870350927114
1780625790369958000,30.3939580078125,-0.7309545599251985,-2.0277286471545697,0.7937515000998974
1780625790379953000,30.403952880859375,-0.7103934179335832,-2.4857366190373895,-0.13880992027521133
1780625790389948000,30.413947998046876,0.09094751438200473,-2.558252989193797,-0.5848007066279649
1780625790399943000,30.42394287109375,0.9226759861767292,-2.3999486793756484,-0.1804606120467186
1780625790409938200,30.433938232421873,1.3236492346733808,-2.7177421248823403,-1.191169686463475
1780625790419933200,30.44393310546875,0.3809627261251211,-1.98606334233582,-1.9250456867933272
1780625790429929000,30.453928955078126,0.3403805403679609,-0.7448235108017921,-0.2999354249939322
1780625790439924000,30.463924072265623,0.45935646388232704,-1.0661538982629775,0.017301555673778057
1780625790449919000,30.4739189453125,-0.6357891355872154,-2.0098019453197717,-1.2122376089334488
1780625790459914000,30.4839140625,-2.0128999113351105,-2.0867016451269387,0.49745326256453987
1780625790469909000,30.493908935546877,-1.0415659849733114,-2.947451044222712,3.234159031113982
1780625790479904000,30.503904052734374,0.3191401839405298,-4.586246424764394,2.056687615135312
1780625790489899000,30.51389892578125,1.5843109261602162,-4.674591647693514,-2.2289830409049984
1780625790499894000,30.52389404296875,0.3984294092327356,-3.3351182364225385,-5.799263201376795
1780625790509888800,30.533888671875,-1.0498498291939495,-1.689835247427225,-5.841129581725597
1780625790519884000,30.543884033203124,-1.8314760072141885,-0.8107008813351392,-3.996272991673648
1780625790529880000,30.553880126953125,-1.2575035685926674,-0.647242842015624,-2.538255618564784
1780625790539875300,30.563875244140625,0.3147054163634777,-1.0456348418474197,-1.481479643369466
1780625790549870300,30.573870361328126,1.3101724979847669,-1.687470271861553,-1.0759732814878225
1780625790559865600,30.583865478515627,1.4871569583535194,-2.16208217254281,-1.0188428426422178
1780625790569860400,30.5938603515625,1.3460147957384585,-2.7500328676342964,-0.8529673669174314
1780625790579855400,30.60385546875,1.2953700656503437,-2.995393529614806,0.06819514595642685
1780625790589850400,30.613850341796876,0.5854501104474067,-2.2081740616321563,1.318622346422076
1780625790599845400,30.623845458984373,-0.6713999626725912,-1.0574982981204986,2.1536115735784174
1780625790609840400,30.63384033203125,-0.5781681367456912,-1.9206939213246106,-0.6957556746415794
1780625790619835400,30.64383544921875,-0.5987345394343138,-3.383572178468108,-5.458830054038763
1780625790629831400,30.65383154296875,-2.2539619993388653,-2.570624979510903,-5.746951999381184
1780625790639826200,30.663826171875,-1.6354940009087324,-1.8071879536539315,-1.6138938712581992
1780625790649821200,30.6738212890625,1.7428695030003785,-1.6261673696368932,0.7803465134732425
1780625790659816200,30.683816162109373,3.7647166909009218,-0.25938100402653214,0.23385054918974638
1780625790669811500,30.6938115234375,3.5563550954937933,0.941208837211132,-2.5776731444567442
1780625790679806500,30.703806396484374,2.9136867217868563,0.5755553238987923,-4.518521672798693
1780625790689801500,30.713801513671875,3.9436867721289395,0.41973406306803224,-3.918188758257031
1780625790699796500,30.72379638671875,4.468420840328932,1.1619389158040285,-3.800439746189117
1780625790709791500,30.73379150390625,3.3624282681524753,2.0987498103171585,-3.8027421779125925
1780625790719786500,30.743786376953125,7.059324637758731,1.6586591879189014,-3.540381573553383
1780625790729782300,30.7537822265625,14.860433272492886,1.3478309052497148,-3.820052501414716
1780625790739777300,30.76377734375,17.757957379508017,2.2494307856500146,-6.796471573707461
1780625790749772300,30.773772216796875,11.691522666358948,4.5949411878734825,-9.334315396600962
1780625790759767300,30.783767333984375,7.422993699255585,5.679045168846845,-7.554186714786291
1780625790769762300,30.79376220703125,7.254678283032774,4.745251576328277,-3.618948914311826
1780625790779757300,30.80375732421875,8.997313977277278,2.949986115658283,-3.5674651030510662
1780625790789752600,30.813752685546874,8.725247679200768,3.121439829906821,-8.215866078433393
1780625790799747600,30.82374755859375,6.614210049718618,5.1975335717797275,-13.490778073447942
1780625790809742300,30.833742431640626,3.823805424207449,5.814515131044388,-14.68067408671379
1780625790819737300,30.8437373046875,1.871333970350027,3.5066426778197286,-9.568046995586156
1780625790829733400,30.8537333984375,3.5100516094803806,-0.4360959998041391,-2.8249913702458143
1780625790839728400,30.863728271484376,6.700504185336828,-2.5739813042014834,0.6054188395038247
1780625790849723400,30.873723388671873,7.844864774352311,-2.2718501227289436,1.3589341908052563
1780625790859718400,30.883718505859374,5.515707541036606,-0.22642186049371957,0.9370701299712061
1780625790869713400,30.89371337890625,3.487287404486537,1.431115922179818,1.7196683678939937
1780625790879708400,30.90370849609375,6.181292095428705,2.5202771865427493,1.9207038581967353
1780625790889703200,30.913703125,9.227204098403453,3.2955703621491788,0.19919395408928392
1780625790899698200,30.9236982421875,7.534815659362077,5.262819990682601,-1.5055311116948722
1780625790909693400,30.933693359375,5.537261201196909,6.45299540541172,-3.6995778637751933
1780625790919688400,30.9436884765625,3.7726504065096376,6.240381413257122,-5.3606122563928364
1780625790929684500,30.9536845703125,3.061993369203806,4.707874324092269,-5.068195828726887
1780625790939679500,30.963679443359375,4.122898845419288,2.8679057983428238,-3.9453929915249346
1780625790949674200,30.97367431640625,6.128649469521641,1.8568626696661115,-2.526463766223192
1780625790959669200,30.983669189453124,6.103040396490693,1.7045368497356772,-2.482964523975551
1780625790969664300,30.993664306640625,5.011059398531914,2.1718267369657753,-2.395520049278438
1780625790979659300,31.0036591796875,5.9874213821887965,2.645865513934195,-2.2328218884155153
1780625790989654300,31.013654296875,6.381756215584278,3.251150790186226,-3.5280233195006847
1780625790999649300,31.023649169921875,6.762705497705936,4.242430649250745,-3.316080942997336
1780625791009644300,31.033644287109375,8.389336977723241,5.142722954183816,-2.8498212755978107
1780625791019639300,31.043639404296876,12.134932788568735,5.344750085872412,-4.762579727748036
1780625791029635300,31.05363525390625,10.599273372852801,6.016520050901174,-7.105348722308873
1780625791039630300,31.06363037109375,5.121970673534274,6.881887757447362,-6.295082725259661
1780625791049625300,31.073625244140626,5.033225053110718,5.774961119291186,-4.13690106728673
1780625791059620400,31.083620361328126,6.685771311107278,4.141678072430193,-2.8626678976893425
1780625791069615400,31.093615478515623,6.400443964919448,4.393925279054045,-2.96101370562911
1780625791079610400,31.1036103515625,6.394996220907569,6.034938335645198,-4.554353156897426
1780625791089605400,31.11360546875,5.727721229210496,7.918961107176542,-5.354382422092557
1780625791099600400,31.123600341796877,5.554154468330741,8.12262373111248,-5.39096764716804
1780625791109595400,31.133595458984374,4.477709477677941,6.702426093310117,-4.540225262823701
1780625791119590400,31.14359033203125,3.1343612708002326,5.403846417963504,-1.662912169188261
1780625791129585200,31.153585205078127,3.613578034928441,4.308887573237717,1.7217688473045825
1780625791139581400,31.16358154296875,5.168660528516769,3.453534772488475,3.4876369485765695
1780625791149576400,31.173576416015624,5.217362307843565,3.3459245848581194,2.127227132260799
1780625791159571500,31.183571533203125,4.051816307458282,4.669030506435036,0.30889059260487556
1780625791169566500,31.19356640625,5.66887214987874,6.040123629328608,0.3952110317081213
1780625791179561500,31.2035615234375,8.434010816708208,5.998543664705753,-0.8768646675944328
1780625791189556500,31.213556396484375,10.680000521993636,6.098499245929718,-3.3809435835301875
1780625791199551200,31.22355126953125,11.135685603886841,7.285778939217328,-5.382487988114357
1780625791209546200,31.233546142578124,6.348977397054433,8.675169935345648,-4.480432765161991
1780625791219541200,31.243541259765625,3.938360608670115,9.058215897485614,-1.3793056554436682
1780625791229536300,31.253536376953125,4.900929044774174,8.085655059677363,-0.8428565995305776
1780625791239532500,31.263532470703126,7.0901184199512,7.426684954988956,-3.796105516377091
1780625791249527600,31.273527587890626,7.004675932726264,8.174668391126394,-8.19593622008264
1780625791259522600,31.2835224609375,6.084689916285872,10.066932921302318,-9.874262816023826
1780625791269517300,31.293517333984376,4.743436051338911,10.458139393544197,-7.980579066699743
1780625791279512300,31.30351220703125,3.488376368767023,8.083053937268257,-4.490756590777635
1780625791289507300,31.31350732421875,3.7374937529325485,4.858692077547311,-1.6423492736309766
1780625791299502300,31.32350244140625,3.6927801664590834,2.9367642305135724,0.4548281728029251
1780625791309497300,31.333497314453126,3.6998148874014616,2.7156337544262406,2.3784411964446304
1780625791319492400,31.343492431640627,4.075259142366051,3.6234298591181635,3.110098936203122
1780625791329487400,31.3534873046875,4.922220839127898,5.633510329118371,2.0604858383744955
1780625791339483100,31.363483154296876,7.952830059030652,7.630904043763875,-0.5058616099476814
1780625791349478400,31.373478515625,7.834066316962241,8.823334543943405,-3.337478535813093
1780625791359473400,31.383473388671874,6.206672620400786,9.838310043632983,-3.849855811265111
1780625791369468400,31.393468505859374,5.775290789636969,10.03835681515932,-1.8824375481665134
1780625791379463400,31.40346337890625,6.304858853864669,8.709954248479008,0.04936579619348049
1780625791389458400,31.41345849609375,6.001732816135883,6.8594310109674925,0.28342706552445884
1780625791399453400,31.423453369140624,5.544964030659198,6.332062502610683,-0.7938999686598778
1780625791409448400,31.433448486328125,5.419615649503469,7.3461939526915545,-2.071530964002013
1780625791419443500,31.443443359375,4.983579270932078,8.524483114793895,-2.7184429666280745
1780625791429438500,31.4534384765625,3.8678468105077743,8.733970499360561,-2.907701217636466
1780625791439434200,31.463434326171875,2.6927637509703635,8.089756065255402,-1.618735758331418
1780625791449429200,31.47342919921875,3.3837966348737476,7.199120061939954,0.5715110169440507
1780625791459424300,31.48342431640625,4.5134629281044,6.303976810333133,1.5839081905782222
1780625791469419500,31.49341943359375,4.978309806096553,5.8930631825804705,1.2640817779392004
1780625791479414500,31.50341455078125,4.429232154756784,6.206090436598658,0.8385206161528825
1780625791489409500,31.513409423828126,2.9393104078650474,6.701836310723424,1.5233639977663755
1780625791499404500,31.523404541015626,1.1269628794908524,6.6399249212116,3.3806969152927397
1780625791509399300,31.5333994140625,-0.48220951620340347,5.98693038380146,5.38104480356872
1780625791519394300,31.543394287109376,-0.4389461285382509,4.842223173305392,6.538865762659907
1780625791529389300,31.553389404296876,-0.014501403561234473,3.686053780813515,6.739211809393763
1780625791539385300,31.56338525390625,0.4058236111372709,2.7699510355472565,5.99705839458406
1780625791549379800,31.5733798828125,0.9861416193932294,2.492063483971357,4.106693560549616
1780625791559374800,31.583374755859374,-1.0872639063090086,3.3535824061349033,2.6918337766438722
1780625791569369900,31.593369873046875,0.33495383914411064,4.516254896910488,3.502764375081658
1780625791579364900,31.60336474609375,9.525923425605892,4.898882633638381,3.117409551477432
1780625791589359900,31.61335986328125,8.14397982287407,5.686812295717001,-2.4069138422131537
1780625791599355000,31.62335498046875,1.676198351740837,8.120842108392715,-5.671582577881217
1780625791609350000,31.633349853515625,2.63529005164504,10.135666850310564,-2.694189399859309
1780625791619345000,31.643344970703126,6.5776154722929,9.199242324766516,1.2879776173114776
1780625791629340000,31.65333984375,5.704746596336364,6.449856522864103,3.9882653340458867
1780625791639336000,31.6633359375,0.3679837098255753,5.091101488018036,4.998582778796553
1780625791649331000,31.6733310546875,1.3917261610776186,6.3575932497084136,3.2795465713262555
1780625791659326000,31.683325927734376,3.258946850889921,7.807564094483852,1.3717261601001023
1780625791669320700,31.69332080078125,1.0839473291069268,8.456105744138359,1.215426175841689
1780625791679315700,31.703315673828126,-1.5296967079192398,7.444055776506662,1.157637419217825
1780625791689310700,31.713310791015626,-3.1646412582516668,5.810682421013713,1.589772114175558
1780625791699305700,31.7233056640625,-4.824633740600944,3.8174429034382102,3.5730128003060817
1780625791709300700,31.73330078125,-6.0812166872173545,0.9860841901175678,9.316566973942518
1780625791719296000,31.7432958984375,-4.6457419853061435,-1.1351194440700114,11.771384723103045
1780625791729291000,31.753291015625,-2.379399227821827,-1.622251365236938,11.034087516152859
1780625791739286800,31.763286865234374,-1.9331804779320954,-1.6307415456846355,9.432298800969123
1780625791749281800,31.77328173828125,-1.6384820768088102,-0.39783546192757785,7.5929808480829
1780625791759276800,31.78327685546875,-1.587480203846097,1.287566406162083,6.233138602522015
1780625791769271800,31.793271728515624,-2.081041135147214,2.4030203419059513,5.617482738903164
1780625791779266800,31.803266845703124,-2.5788679071992635,2.7052576141014693,5.207458168944716
1780625791789261800,31.81326171875,-3.3001737642914053,2.6068945627659557,5.140001420265436
1780625791799256800,31.8232568359375,-3.55943844846189,2.162702642528713,5.21828585242927
1780625791809251800,31.833251953125,-3.656199033036828,1.7148770419642327,5.587815914914011
1780625791819246800,31.843246826171875,-3.602666180291772,1.5642399057731031,5.741704161855578
1780625791829241900,31.853241943359375,-3.5621108825415373,1.4141662486836313,5.1960921407997605
1780625791839236900,31.86323681640625,-3.5956706223160024,1.2749027394220231,4.509931831368804
1780625791849233000,31.87323291015625,-3.2316233751565218,1.1395850451767444,4.013051984778047
1780625791859228000,31.883227783203125,-3.1200241178900003,0.8974133884958923,3.9245729063361883
1780625791869223000,31.893222900390626,-3.378888989087939,0.472004933053255,4.253661652839184
1780625791879218000,31.903218017578126,-3.524382332649827,0.05207534741312265,4.729108835300803
1780625791889213000,31.913212890625,-3.9598862117797133,-0.24124402044191956,5.17958816524446
1780625791899208000,31.9232080078125,-4.026985233062505,-0.4082541992850601,5.202119146004319
1780625791909202700,31.93320263671875,-3.1753993836313485,-0.36534751610308885,4.811424130415916
1780625791919197700,31.94319775390625,-2.7095845373898744,-0.10875994218736887,4.3877065506696695
1780625791929192700,31.953192626953125,-3.3053608115404844,0.23675796106904742,3.9847301456570623
1780625791939187700,31.963187744140626,-3.882246507260203,0.5972361175701022,3.576374970215559
1780625791949184000,31.97318408203125,-3.696260994312167,0.6556251781746745,3.247233032220602
1780625791959179000,31.983178955078124,-3.544827739307284,0.2999623130008578,3.0574416972488163
1780625791969174000,31.993174072265624,-3.409984969097376,-0.19804186144471167,3.141289608758688
1780625791979168800,32.00316870117187,-3.6857857775270935,-0.7221481531351804,3.4075229628980157
1780625791989163800,32.013163818359374,-4.215943039819598,-1.0767656009092927,3.524700897079706
1780625791999158800,32.02315869140625,-4.701523493760824,-1.383239195500314,3.498031501340866
1780625792009153800,32.03315380859375,-5.055259190264344,-1.6895079151690005,3.652310208904743
1780625792019148800,32.04314868164062,-5.183481081029773,-1.8679837831392883,4.022002768474817
1780625792029143800,32.053143798828124,-5.597688489630818,-1.9169643794074653,4.463233208557963
1780625792039138800,32.063138916015625,-5.832882562384009,-1.9079931374445556,4.715392444637417
1780625792049134800,32.073134765625,-5.405035920009016,-1.9135551554858683,4.196182692816853
1780625792059129900,32.0831298828125,-3.7640678716033693,-1.9686299769759177,2.6722224827229977
1780625792069124900,32.09312475585938,-2.787490783891082,-1.6412413123890757,1.4322624618664384
1780625792079120000,32.10311987304687,-2.9845325283825397,-1.2756997350186108,1.4062810483917594
1780625792089115000,32.11311499023437,-3.335542599314451,-1.0579986488580704,2.374723052704334
1780625792099110000,32.12310986328125,-4.9108401979357,-0.8565197987020016,4.052748912133276
1780625792109105000,32.13310498046875,-4.062474479594827,-1.171453470863402,5.098568755158782
1780625792119100000,32.14309985351562,-0.6111632283747196,-1.7041949044302105,4.899737496902048
1780625792129095000,32.15309497070312,2.3012486511707304,-1.803145692525804,3.611195815967023
1780625792139090000,32.16308984375,3.8986727414041757,-1.3521622124522923,0.8646002293050289
1780625792149085700,32.173085693359376,1.9899474902927874,-0.49358694252520796,-1.0370482152879237
1780625792159081000,32.1830810546875,-1.472416485339403,0.3967252356633544,-1.1004589034467935
1780625792169076000,32.19307592773438,-3.7127521103858947,0.7973451406776905,-0.8232672251805663
1780625792179071000,32.20307104492188,-4.25997215116024,0.3729986153781414,-1.0681272441625596
1780625792189066000,32.21306591796875,-4.433186445340514,-0.2748088747829199,-0.9740864399403333
1780625792199061000,32.22306103515625,-3.9075376003831623,-0.7225771922022104,-0.33207389979362484
1780625792209056000,32.23305590820313,-2.4314877269774673,-1.2242372588068247,0.7003624377846718
1780625792219051000,32.24305102539063,-0.9074813396543264,-1.5538029751718043,1.9910098588272929
1780625792229045800,32.253045654296876,0.3421060489863157,-1.628532345202565,2.783780238935351
1780625792239040800,32.26304077148438,1.2726011844813823,-1.682487222751975,2.397911036068201
1780625792249036800,32.273036865234374,1.5263672712355851,-1.5833353591263293,0.8444546823769807
1780625792259031800,32.28303173828125,0.4702811780005693,-1.520936478358507,-1.6311971804976462
1780625792269026800,32.29302685546875,-0.7112421437174081,-1.1021125158727167,-3.4682834288090465
1780625792279022000,32.30302197265625,-0.9833090263158082,-0.41637832289934157,-3.61874579295516
1780625792289017000,32.31301708984375,-0.09347323346734046,-0.27490122924149035,-2.3902339255690572
1780625792299011800,32.32301171875,1.7882856847852469,-0.48558513011634347,-1.6107894755020737
1780625792309006800,32.3330068359375,2.791046430546045,-0.5509925450503825,-0.7246636430874467
1780625792319001900,32.343001953125,1.6939005971699952,-0.9880132584840059,0.5170011358603834
1780625792328996900,32.352996826171875,0.2907528783679008,-1.2893015593916177,1.648169358086586
1780625792338991900,32.362991943359376,-0.39638475166261194,-1.1736100643754004,1.884090283809602
1780625792348987000,32.37298681640625,-0.6185510005384683,-0.795728937652707,1.3319544139429926
1780625792358983000,32.38298291015625,-0.8519657886594534,-0.3487608307003975,0.25424539470374585
1780625792368977700,32.39297778320312,-0.9007160833030938,-0.022419921600818633,-1.2507789365127682
1780625792378972700,32.40297265625,-0.7448895617753267,-0.022992753052711486,-2.5420243234485387
1780625792388967700,32.4129677734375,-0.9484154075890779,-0.03757832776606083,-2.9356559770107267
1780625792398963000,32.422962890625,-1.3658382711052894,-0.05651859055757522,-1.8878405762538313
1780625792408958000,32.4329580078125,-2.158037865588069,-0.023194413104653356,-0.22061054386645554
1780625792418953000,32.44295288085937,-1.7274498155504463,-0.13317045308351516,0.38091625663489104
1780625792428948000,32.452947998046874,-0.23591420372128485,-0.507365584769845,0.23085487450510261
1780625792438943000,32.46294287109375,0.6008130992740393,-0.5805418801397085,0.01535071386694908
1780625792448938000,32.47293798828125,0.8981406798571347,-0.14834814847111702,0.24094985980093478
1780625792458933800,32.48293383789063,0.39028935739696025,0.12875205211937427,0.3996174499735236
1780625792468928800,32.4929287109375,-0.28514322179257867,0.19089023612439632,-0.12851619753688573
1780625792478923800,32.502923828125,-0.7333996149897575,0.4060065664887428,-1.1171350206986068
1780625792488918800,32.51291870117188,-0.6470587176203727,0.5088999547302723,-1.7358143237918615
1780625792498913800,32.52291381835938,-0.02712473829090595,0.409514282348752,-1.718351147815585
1780625792508909000,32.53290893554688,0.5919692830830812,0.22178747869133947,-1.1800514955997465
1780625792518904000,32.54290405273437,1.3186235154658554,0.21849778949618337,-0.6404428066119551
1780625792528899000,32.55289916992187,1.3263181616216897,0.3296504720389843,-0.4956844993263483
1780625792538893800,32.56289379882813,0.542395981618762,0.17544132257997988,-0.7743684619769453
1780625792548888800,32.57288891601563,0.3917103301107883,-0.11738836206197738,-0.5418199352964759
1780625792558884900,32.582884765625,0.6437193440645933,-0.24400983189344405,0.2315481174662709
1780625792568879900,32.5928798828125,0.6500894636183977,-0.3093868516892195,0.7355445180639624
1780625792578875000,32.602875,0.12189619487524032,-0.41758243799209593,0.907756357203424
1780625792588870000,32.612869873046876,-0.6809533884376288,-0.43864860689640045,0.8763324604138731
1780625792598865000,32.622864990234376,-0.9011737639427184,-0.4694534950047731,0.8693906784519553
1780625792608860000,32.63285986328125,-0.6035492462396621,-0.42359366110563273,1.030833578556776
1780625792618855000,32.64285498046875,-0.3622007425099611,-0.35208500668704507,1.017702002044022
1780625792628850000,32.652849853515626,-0.0423199693351984,-0.4175298310220241,0.6670657328605651
1780625792638845000,32.66284497070313,0.19326748664975166,-0.32618951793015,0.32175387357026336
1780625792648840000,32.67283984375,0.15339198785722255,-0.1915443161189556,0.0013835633128881453
1780625792658836000,32.6828359375,-0.11009937409758568,-0.08915186313688754,-0.08362871580123901
1780625792668831000,32.6928310546875,-0.4742863219887018,-0.0625935265570879,-0.23341361907720565
1780625792678825700,32.70282568359375,-0.6877256590515375,-0.08184358595013617,-0.3490384785979986
1780625792688820700,32.71282080078125,-0.35866555412113665,-0.11084142463654278,-0.07970657392144202
1780625792698815700,32.72281567382812,0.29026363354623314,-0.21977672339081764,0.10670768583267927
1780625792708810800,32.73281079101562,0.5792676224201917,-0.17712766823172568,-0.0029459903240203855
1780625792718806000,32.742805908203124,0.4152998800128698,0.14613281050920485,-0.18381226056218147
1780625792728801000,32.752801025390625,-0.06677987233102321,0.33874504812061784,-0.23065233767032622
1780625792738796000,32.762796142578125,-0.2792909886330366,0.484950047083199,-0.11613953104466199
1780625792748791000,32.772791015625,-0.3409218076378107,0.5159004811421036,-0.07284516371935605
1780625792758786000,32.7827861328125,-0.06506663867235184,0.4043558766722679,0.10390811824202537
1780625792768781800,32.79278173828125,0.10069792402386665,0.1326367845982313,0.36497488339841366
1780625792778776800,32.80277685546875,0.0892453866392374,-0.1676455541372299,0.49467152289152144
1780625792788771800,32.81277172851563,-0.2264315051048994,-0.20621172389686107,0.6406999962434172
1780625792798766800,32.82276684570313,-0.06811550484895706,-0.14389292262792586,0.525870086492598
1780625792808761900,32.83276196289062,0.5918851119309664,-0.27635318161547184,0.0001949380502104759
1780625792818756900,32.8427568359375,0.027233459362387656,-0.19307167181670665,-0.2909209284111857
1780625792828752000,32.852751953125,-0.631474194997549,0.09579203180372714,-0.4851154667779803
1780625792838747100,32.8627470703125,-0.4596832116186619,0.31451486222743985,-0.4086491899520159
1780625792848742000,32.87274194335937,-0.11268003824055194,0.3236977011144161,-0.34370267052799464
1780625792858737000,32.88273681640625,0.2445996144801378,0.23993629884421824,-0.20519085641652343
1780625792868733000,32.89273291015625,0.18073183020353317,0.29348493368029593,0.14781360320299863
1780625792878728000,32.90272802734375,0.2449269467383623,0.2827954896226525,0.08553747203201055
1780625792888723000,32.91272290039063,0.13179507307708263,-0.021906126859784124,-0.29765111344903705
1780625792898718000,32.92271801757813,-0.23643735081255435,-0.1241623862415552,-0.4390750156149268
1780625792908713000,32.932712890625,-0.6725163994818926,0.03202273946553468,-0.08619242880940436
1780625792918708000,32.9427080078125,-0.7197866847008466,0.06598959873616694,0.34024493128955363
1780625792928702700,32.95270263671875,-0.08361059562265873,-0.016558043830096722,0.35846389406919477
1780625792938697700,32.96269775390625,0.4256295508474111,-0.18400339922010897,0.1949777976989746
1780625792948692700,32.972692626953126,0.08000994078218937,-0.4065522176727652,0.06757832923233509
1780625792958688000,32.98268798828125,-0.3992740433633327,-0.3770549050316214,0.18221885389089584
1780625792968684000,32.99268408203125,-0.8288327503532171,-0.0783683110550046,0.5033808990478515
1780625792978679000,33.002678955078125,-0.33307050961554047,0.1865849401459098,0.568837998342514
1780625792988674000,33.012674072265625,0.5581698893338441,0.3239911311030388,0.15354747067987917
1780625792998668800,33.022668701171874,1.1754425404995679,0.4225771775394678,-0.5449854135900736
1780625793008663800,33.032663818359374,1.6823761635929344,0.5677841053754091,-1.298859076809883
1780625793018658800,33.042658935546875,1.7554717949420213,0.7440490192979574,-1.7735171547204256
1780625793028653800,33.05265380859375,2.0118606314152476,1.1956488777041434,-1.8452490965008734
1780625793038648800,33.06264892578125,2.5401690509706736,1.6650693472221492,-1.7416554510354996
1780625793048643800,33.072643798828125,1.5855980433613062,1.9664926726862788,-1.1613666688740252
1780625793058638800,33.082638916015625,1.5513754557639359,1.8780989344403147,-0.5666776054382324
1780625793068635000,33.092634765625,1.8506576775461434,1.4416636196792125,-0.40382746888399124
1780625793078630000,33.1026298828125,1.8417653460383414,0.8409916824415326,-1.084135545155406
1780625793088625000,33.112625,1.3937754948228598,0.6325868324145675,-1.594240784022212
1780625793098620000,33.12261987304687,0.9060755645096301,0.848612971100211,-1.4496546184331178
1780625793108615000,33.13261499023437,0.0057172086030244824,1.2276450214236974,-0.5074374809622765
1780625793118610000,33.14260986328125,-0.11801438500583171,1.3349381059288978,0.24706805042028426
1780625793128605000,33.15260498046875,1.8051608317404984,1.321856213776767,-1.1287766509145498
1780625793138600000,33.16259985351562,2.842117861613631,1.5525734333768486,-3.661874156063795
1780625793148595000,33.17259497070312,1.4118828139215707,2.098644596377015,-3.874004748615622
1780625793158590000,33.18258984375,-0.30756138982772824,2.484831194630265,-2.165212287262082
1780625793168584700,33.19258471679687,0.018455694144964216,2.094050838845968,-0.18096797704696654
1780625793178581000,33.2025810546875,2.6265274839967487,1.2520353663146495,0.3665846566826105
1780625793188576000,33.21257592773438,6.128449563035368,1.6695388938516378,-1.1292466065138578
1780625793198571000,33.22257104492188,8.189673068034649,3.2565053029567,-3.997642234200239
1780625793208566000,33.23256591796875,5.869598720362782,4.509797099073231,-5.650621622917056
1780625793218561000,33.24256103515625,3.6804204511016607,5.105403569614887,-4.886975338223576
1780625793228556000,33.25255615234375,0.23295243130624294,4.8783030792072415,-2.616702255553007
1780625793238550800,33.26255078125,-0.14914368276298046,3.576054067698121,0.08394903379678725
1780625793248545800,33.2725458984375,-1.0361007053047417,2.835271648980677,2.679094122058153
1780625793258540800,33.28254077148438,0.9032423869103193,3.182201464861631,3.8414246675282713
1780625793268535800,33.29253588867188,1.050413892817497,3.4846208156257865,3.4961890883445736
1780625793278530800,33.30253076171875,0.08917056783735751,3.5131484064519403,2.613355867734551
1780625793288527000,33.312527099609376,-0.6671212624400854,3.022330051857233,1.6364502787202595
1780625793298522000,33.32252221679688,-1.7164982134252786,1.5801450386524198,1.7883178334891796
1780625793308516900,33.332516845703125,-2.3990642977565524,0.5660916222438216,1.8870102629095316
1780625793318511900,33.342511962890626,-1.63381993021667,0.5020955354124307,1.9300468560814856
1780625793328507000,33.3525068359375,-1.0409498989015817,0.5610340465933085,1.9484569575190542
1780625793338502000,33.362501953125,-0.48752866539955136,0.65606240054816,1.4810861140072344
1780625793348497000,33.372496826171876,-0.10274550420343875,0.9531704931616782,1.2035194649487733
1780625793358492000,33.382491943359376,0.3495107722848654,1.3284694944366813,1.2689905927687883
1780625793368487000,33.39248681640625,0.6795563811212778,1.3823726417988538,1.4261965859562158
1780625793378482000,33.40248193359375,1.0539935048699378,1.4731205419555307,1.3893904116064308
1780625793388477700,33.41247778320312,0.9875690218478441,1.6979714998707174,0.9647995561569929
1780625793398473000,33.42247290039062,0.4701788866698742,1.797793225581944,0.49729836426377294
1780625793408468000,33.432468017578124,0.08665186301469803,1.796067716963589,0.31717268325984477
1780625793418463000,33.442462890625,0.0810451290488243,1.7980442777335643,0.5722282253026962
1780625793428458000,33.4524580078125,0.07855214318931102,1.8311513053044677,1.0641899047136305
1780625793438453000,33.462452880859374,-0.26070553062856194,2.0102818377912044,1.4436124156594277
1780625793448448000,33.472447998046874,-0.05231996982395649,2.181690836115181,1.2754893071383238
1780625793458443000,33.482443115234375,0.7697212206929922,2.1113144005969167,0.5970826805740594
1780625793468438000,33.49243798828125,1.107093811416626,2.0916551758810877,0.10513444516658782
1780625793478432800,33.502432861328124,0.34037469514906404,1.9398329215586185,0.13083119648098945
1780625793488428800,33.5124287109375,-1.9573457818955182,2.058805922463536,1.2208949626415968
1780625793498423800,33.522423828125,-2.4019296240597963,1.8888845323488115,2.1723533911883828
1780625793508418800,33.53241870117188,-0.5104132819026709,0.7407736508890986,1.6066870086193084
1780625793518414000,33.5424140625,1.3422861306041478,-0.04063333142250776,0.5580781193971633
1780625793528409000,33.5524091796875,0.7458586990684271,0.48342678303867576,0.2918950341403484
1780625793538404000,33.56240405273437,-0.5030038824290037,1.297915658479929,0.09859890591800212
1780625793548399400,33.5723994140625,-0.7091659219652414,1.6288210990160703,-0.37669337824285026
1780625793558394400,33.58239428710937,-0.04641220708489418,1.5064254301860929,-0.5883218664914369
1780625793568389400,33.592389404296874,-0.04938216280639171,1.4356231704711913,-0.01217091478705406
1780625793578384400,33.60238427734375,-0.5161258143305778,1.5771300747454164,0.941132264843583
1780625793588380400,33.61238037109375,-0.2383084053814411,1.6509817851588129,1.2945873908400536
1780625793598375400,33.62237548828125,0.4690794009953737,1.4027201410397887,0.6708388216584921
1780625793608370400,33.63237036132813,0.954023310598731,1.322650871285796,0.23163141183555125
1780625793618365200,33.642365234375,0.9565098667174577,1.5928113357409834,0.11430150196254253
1780625793628360200,33.65236010742188,0.3332183936536312,1.8836591989159583,-0.08956278202533721
1780625793638355200,33.66235522460938,-0.2869061398118734,2.050422417260706,-0.04174596883952617
1780625793648350500,33.6723505859375,-0.3701648532569408,2.1974448700860143,0.45696869196295736
1780625793658345500,33.68234545898437,-0.3089928839355707,2.2731647124588488,1.3819219754219054
1780625793668340500,33.69234057617187,-0.15591770694255827,2.0716008143678306,2.0588520996928215
1780625793678335500,33.70233544921875,0.41148470563888545,1.5619707917973398,1.7645523424983023
1780625793688330500,33.71233056640625,1.5766770702809094,1.2359577994778752,0.8508417530655861
1780625793698326300,33.722326171875,1.7506594262242317,1.5177394358828662,-0.06225391933917999
1780625793708321300,33.7323212890625,-0.23596154999434946,2.0778268492758274,-0.8926257158279418
1780625793718316300,33.74231640625,-2.4198019653588534,2.0631804842859505,-0.24644553460776805
1780625793728311300,33.752311279296876,-3.7830572342336177,1.5538567511856556,1.014419619372487
1780625793738306300,33.76230639648438,-3.444212817391753,0.8985410773515701,2.7618454705029722
1780625793748301300,33.77230126953125,-0.7850473846405744,0.46076749972403047,4.124764054769277
1780625793758296300,33.78229638671875,2.053585557466745,0.6238172505035996,3.367309025931358
1780625793768291600,33.79229150390625,1.393571496683359,1.082238771623373,1.674523696526885
1780625793778286300,33.80228637695313,0.7127899576812982,1.4458783147647976,-0.5854039332181215
1780625793788281300,33.81228125,0.04571194986104965,1.7323691517740487,-1.944848703894019
1780625793798276400,33.8222763671875,-0.6368196476787328,2.1696821261525154,-2.337087441793084
1780625793808272400,33.8322724609375,-1.1520341923832893,3.0257196942955256,-1.5603168871104716
1780625793818267400,33.842267333984374,-1.4254057278394698,3.3822651875227687,-0.4658996019154787
1780625793828262400,33.852262451171875,-1.1010860954344273,3.0912086500331757,0.5259270773768425
1780625793838257400,33.86225732421875,1.3674679181337355,2.32510298948884,1.250658232742548
1780625793848252400,33.87225244140625,2.0616192263185975,1.5874939401105046,1.7040718625724314
1780625793858247200,33.8822470703125,1.8533505698919295,1.314234340596199,1.484145501577854
1780625793868242200,33.8922421875,0.8122545405179261,1.5283248350441454,1.1464473321616648
1780625793878237400,33.902237548828126,-0.40505087319910527,1.704440403623879,0.8999018443107605
1780625793888232400,33.912232421875,-0.8931178832590579,1.7586287976682184,0.7417132698267698
1780625793898227500,33.9222275390625,-0.7574018373459577,1.6954019416436552,0.4928437229424715
1780625793908223500,33.93222338867187,-0.35211773991286754,1.6362638162374497,0.648682519429922
1780625793918218500,33.94221850585937,-0.2680073780745268,1.526591143119335,1.3765467121243475
1780625793928213200,33.95221313476563,-0.40539398754835126,1.1965861585542559,1.7853303421109914
1780625793938208300,33.96220825195312,-0.3290519216239452,1.2448083376705645,1.6422697786539793
1780625793948203300,33.97220336914062,-0.2767074018806219,1.5341703462019562,1.1320178247928618
1780625793958198300,33.9821982421875,-0.21737083129286766,1.683637854091823,0.617738515111804
1780625793968193300,33.992193359375,-0.11038754338920116,1.5796633926153183,0.25235738900005816
1780625793978188300,34.00218823242187,0.03166413528621197,1.4834852841034532,0.2028507230311632
1780625793988183300,34.01218334960937,-0.03776946642398834,1.452136498376727,0.35164544622600075
1780625793998178600,34.02217846679687,-0.15048691406548023,1.6678408577620982,0.6676748046696186
1780625794008174300,34.03217431640625,-0.19543255572915075,1.8793074334472417,0.7471148366093635
1780625794018169300,34.04216943359375,-0.3123749275892973,1.8671192752644419,0.5890495962440967
1780625794028164400,34.05216430664063,-0.1541828459739685,1.640211384819448,0.3564098841488361
1780625794038159400,34.06215942382813,-0.0908487301826477,1.5602987669318913,0.5874596967041492
1780625794048154400,34.072154296875,0.0013134206861257552,1.545386736743152,0.8887848224908113
1780625794058149400,34.0821494140625,-0.1371434483677149,1.4861819758415222,0.9159475547045469
1780625794068144400,34.09214428710938,-0.211707983225584,1.3957827429920435,0.8419254561603069
1780625794078139400,34.10213940429688,-0.2861018376916647,1.2991031146988272,0.7087959196090697
1780625794088134400,34.11213452148438,-0.30994857722520824,1.4344529576480387,0.6091980657815933
1780625794098129200,34.12212915039063,-0.26015841813981533,1.7600258049845694,0.6556938594967127
1780625794108124200,34.13212426757813,0.06422843428254127,1.9061989475041627,0.6182172385394573
1780625794118120400,34.142120361328125,0.3382213165074587,1.813388269598782,0.5703600933432579
1780625794128115500,34.152115478515626,0.13654314438700677,1.710829812400043,0.5464028791725635
1780625794138110500,34.1621103515625,-0.31920214326083657,1.7081094475254415,0.6183043323010206
1780625794148105500,34.17210546875,-0.6601029081106186,1.512495690010488,0.5919271975070238
1780625794158100500,34.1821005859375,-0.5809995607793331,1.3469994228616355,0.6991857952207327
1780625794168095200,34.19209521484375,-0.3567079903125763,1.397629832163453,0.9434113156914711
1780625794178090200,34.20209033203125,-0.43749183807671066,1.500341141836345,1.1268968285173178
1780625794188085200,34.212085205078125,-0.2883744587987661,1.5087255238220094,1.062745551124215
1780625794198080300,34.222080322265626,-0.19716332504451273,1.4272510634452105,0.9007821342766285
1780625794208075300,34.2320751953125,-0.5740998643934726,1.6767399112716317,1.0989502524495125
1780625794218070300,34.2420703125,-0.3809627261251211,1.925189771439135,1.0112848284780978
1780625794228066600,34.252066650390624,-0.06018704993724823,1.9175050621554255,0.5417956776380538
1780625794238061300,34.26206127929687,-0.004848024553060532,2.150926280017197,0.3213695504277944
1780625794248056300,34.27205639648437,0.005763385832309722,2.7350188383758067,0.34830022745132444
1780625794258051300,34.28205126953125,-0.5127905324280262,3.6047014855116606,0.870374136531353
1780625794268046300,34.29204638671875,-0.40779111181795596,4.529803529791534,1.6046055261701344
1780625794278041300,34.30204125976562,0.5225795205146074,5.1065843038320535,1.6150889262616634
1780625794288036400,34.312036376953124,0.934399741718173,6.093506259948015,1.6074749441266059
1780625794298031400,34.32203125,0.6298650062352419,7.619222373798489,1.8669868810564278
1780625794308026400,34.3320263671875,0.047553778335452074,8.33299666634202,1.3691069175124169
1780625794318021400,34.342021484375,-0.1834101095020771,7.685084546762704,0.6079185473650693
1780625794328017400,34.35201733398438,1.511458455917239,8.171442999339103,0.2026847188144922
1780625794338012400,34.36201245117188,2.404332009026408,10.163940174114703,0.36492870616912837
1780625794348007400,34.37200732421875,1.7535989868074655,12.008899347758293,1.113708845642209
1780625794358002400,34.38200244140625,1.836232846352458,13.114206860280037,1.8751894767343997
1780625794367997400,34.39199755859375,2.060314573460817,13.315745331668852,2.4083108495295047
1780625794377992400,34.40199243164062,1.7804525069415569,12.075271808332204,3.3494588964641094
1780625794387987500,34.41198754882812,1.4975579408586024,9.249911604773997,4.189858165970445
1780625794397982500,34.421982421875,1.6578525477111339,6.6959244563311335,4.646573759955167
1780625794407977200,34.43197729492187,1.3750047433793544,5.264158545809984,4.388236127501726
1780625794417972200,34.44197216796875,-1.5260311711490153,4.667568324927985,4.520342166224122
1780625794427968300,34.45196826171875,-4.140159192299842,4.443101982416212,5.1449271862298245
1780625794437963500,34.46196362304688,-6.276233647882938,3.30766265874207,6.0915212236106395
1780625794447958500,34.47195849609375,-4.379125184807181,2.3068992242783306,6.436480323940515
1780625794457953500,34.48195361328125,-2.4786346780776976,2.2264187433749436,5.629311123862863
1780625794467948500,34.49194848632813,-3.6843636357694862,2.0283850652366877,4.453637112694978
1780625794477943300,34.501943359375,-4.750511688813567,0.8673658946260809,3.9932267558455465
1780625794487938300,34.511938232421876,-2.8050597583293913,1.6060636160239576,4.760339255344867
1780625794497933300,34.52193334960938,-0.7236056584671139,3.272772547146678,5.120832024893164
1780625794507928300,34.53192822265625,-0.6256131940096616,4.4541851019665595,4.300312929376959
1780625794517923300,34.54192333984375,-0.7795008564293384,4.2275332321092485,2.7328759811282155
1780625794527918300,34.55191845703125,-1.6421236481815575,3.1357138544529675,2.0204776531130073
1780625794537914400,34.561914306640624,-1.5384654130473732,4.1208641247212885,3.3580034374475476
1780625794547909400,34.571909423828124,3.842227216082811,6.592728870272636,1.8402859211355447
1780625794557904400,34.581904296875,2.4113436413541436,4.237149786238372,-1.959752258515358
1780625794567899400,34.5918994140625,-2.37029179225862,1.0428592396542429,-2.5419693783909083
1780625794577894400,34.601894287109374,-2.1503882276177406,-0.19588672923743725,-0.9513765954822301
1780625794587889400,34.611889404296875,-0.05252046083211898,-0.7091457559600473,0.4249164341419935
1780625794597884400,34.621884521484375,1.2848723447725177,-0.8938459052726626,1.1986200024694205
1780625794607879700,34.631879638671876,0.7858265523195266,-1.1302128211975098,0.7141571543812751
1780625794617874700,34.64187475585938,0.14596329916119574,-0.48375060816556215,0.9538736729949712
1780625794627869700,34.65186962890625,0.7860100921928882,0.7731929884567856,1.2791829009592532
1780625794637864700,34.66186474609375,2.2150497926205395,1.179580955478549,0.744351801636815
1780625794647860500,34.67186059570312,2.207885307818651,1.2306459568053483,0.6676689594507217
1780625794657855500,34.68185546875,0.8875093957275152,1.255072542053461,1.008600703960657
1780625794667850500,34.6918505859375,-0.009459902262687683,1.4588330734059214,1.3277981710463762
1780625794677845500,34.70184545898437,-0.45998014873862264,1.3542682448208332,1.0209218408733605
1780625794687840500,34.71184057617187,-0.5364473023474217,0.5446829235121607,-0.18431319582164288
1780625794697835500,34.72183544921875,-0.8914268614321946,-0.47610681541413064,-1.296971655628085
1780625794707830500,34.73183056640625,-2.9057635275721547,-1.5224517052270472,-2.8917192201286555
1780625794717825500,34.74182543945312,-0.7916150725930928,-2.6525699800089,-2.072570243921876
1780625794727820500,34.751820556640624,0.2091594677865505,-2.638715057657659,0.40590485967993734
1780625794737815600,34.761815673828124,-0.6531020894378423,-2.638629132939875,2.0806050818175077
1780625794747811600,34.7718115234375,-0.8304682426005602,-2.398605301942676,2.284112222930789
1780625794757806600,34.781806640625,-1.6143968523442744,-2.1677891520127655,1.5080407564282416
1780625794767801600,34.79180151367188,-1.3396984521985054,-1.7355246931955217,1.1925175939410924
1780625794777796600,34.80179663085938,-0.7739256866455078,-1.0289487877234815,0.8900175791561603
1780625794787791600,34.81179150390625,0.11548165165781975,-0.155794226693362,0.554477464556694
1780625794797786400,34.82178637695313,0.6244757144123315,0.4909760293744504,0.6263590439409017
1780625794807781400,34.83178149414063,0.39782033742368217,0.8471610187262296,0.5981921031206846
1780625794817776400,34.8417763671875,-0.3309966259509325,0.7059757476218045,-0.15852350552678107
1780625794827771400,34.851771484375,-2.670309927099943,-0.8752719915755093,-1.6105372543066738
1780625794837766700,34.8617666015625,-0.11130874988734721,-1.0149429125942289,-1.4462866033047437
1780625794847761700,34.87176171875,10.620994206273554,0.41613399274945256,1.5677321318030357
1780625794857757700,34.8817578125,2.3452046972751615,1.4139254256650804,0.4568067793995142
1780625794867752400,34.89175244140625,1.7755203112363813,1.675810229206085,0.9791063139289617
1780625794877747500,34.90174755859375,1.2641957597076892,0.6600560002289712,0.2540197692543268
1780625794887742500,34.911742431640626,0.8461188161969184,-0.20710933032371104,-0.06927578079998493
1780625794897737500,34.921737548828126,2.548640526717901,-1.0679765836454926,-0.4226104952871799
1780625794907732500,34.931732421875,1.6002677892267703,-1.3356868784695863,-0.7872790892153978
1780625794917727500,34.9417275390625,-0.8634469676166773,-0.6593642185725271,-1.6121739155977963
1780625794927722500,34.951722412109376,-0.6400321799844503,-0.08613141933716834,-2.6003058320254087
1780625794937717500,34.96171752929688,0.14770926604568957,0.7870783790115267,-3.5690216848433014
1780625794947712500,34.97171240234375,0.09005553397834301,0.8908563680678605,-4.176051174414158
1780625794957708500,34.98170849609375,0.16716916879713534,0.7099307688578963,-3.9214486368358132
1780625794967703600,34.99170361328125,-0.699382779097557,0.268482959697023,-3.5053298416554926
1780625794977698600,35.001698486328124,-1.5211264479726552,-0.27595037296824154,-2.400322188863158
1780625794987693600,35.011693603515624,-3.0512030951201914,-0.7665883294947445,-0.779801885202527
1780625794997688600,35.0216884765625,-4.804583470740914,-1.274548519156873,0.5419067367970943
1780625795007683600,35.03168359375,-3.9797295608907937,-1.799458528445661,1.446039935067296
1780625795017678600,35.0416787109375,-2.0957605653733014,-2.4265531931847333,1.9286837510347365
1780625795027673600,35.051673583984375,-1.7191162869691847,-2.3340990736320615,1.5114052644252776
1780625795037668400,35.06166845703125,-1.4550263745993375,-2.261733802384138,-0.11478782417476177
1780625795047663400,35.071663330078124,-0.7364303609877825,-2.4530036854758857,-1.715785096719861
1780625795057658400,35.081658447265625,0.21910510773956773,-2.0615832782223817,-1.3710884467184543
1780625795067654700,35.09165454101562,0.5126987624913454,-1.9146964344754813,0.6182505562871694
1780625795077649700,35.10164965820312,2.54629308680892,-1.8256071151807902,2.758507850512862
1780625795087644700,35.11164477539062,4.105313504368066,-1.9242676881581544,3.555352055931091
1780625795097639700,35.1216396484375,2.2776000645577907,-1.821668606688082,3.4624703586161134
1780625795107634400,35.13163452148437,0.5490156920194625,-1.1709881914392113,3.069032766321301
1780625795117629400,35.14162939453125,0.9628145198196172,-0.13866020960621536,2.4251333895146847
1780625795127624400,35.15162451171875,0.3322030791312456,1.8454453497253358,1.1439613605648278
1780625795137619500,35.16161938476562,-0.10558978771865367,3.2471354170650244,-1.0063725065171718
1780625795147614500,35.17161450195312,0.16029343780875205,3.4467049264684317,-2.55776199080646
1780625795157609500,35.181609375,-0.7888350864857435,3.532543135012686,-2.6255010635584592
1780625795167605800,35.19160571289063,-1.4609388135135173,3.2164646767303346,-2.395866378498077
1780625795177600500,35.2016005859375,-0.9802186590850352,2.436198535016924,-1.7970283786892889
1780625795187595500,35.21159545898438,-0.8399585400015115,1.4761851902231573,-1.358617672201991
1780625795197590500,35.22159057617188,-1.0707266130059956,2.2987886907979846,-2.1089158150225877
1780625795207585500,35.23158544921875,-1.6842191611111164,3.8193428918406367,-3.4891964529782533
1780625795217580500,35.24158056640625,-2.1271447146743534,3.862925720718503,-4.140717995226383
1780625795227575600,35.25157543945313,-1.721353836762905,3.2950434156656265,-3.62217752096951
1780625795237570600,35.26157055664063,-3.909399887123704,1.1733104969069361,-2.7480688740849493
1780625795247565600,35.27156567382813,-5.238119849190116,-2.1846252821318806,-0.9787982708930969
1780625795257560600,35.281560546875,1.9298200615882872,-3.080380382026732,1.125260751748085
1780625795267555600,35.2915556640625,12.618672583079338,-0.21833441562801598,0.5237281060278416
1780625795277551600,35.301551513671875,6.587864479106664,-0.41262065086625516,-1.0526251391261816
1780625795287546600,35.311546630859375,-3.744785955767333,-4.849062956197559,-1.8734411717623471
1780625795297541600,35.321541748046876,-1.9730746814250946,-4.312206196266413,-1.6031506511867046
1780625795307536600,35.33153662109375,-0.26188743388950825,-1.5667786304704845,-0.1508195070207119
1780625795317531600,35.34153173828125,-1.284211250515282,-1.144049477239698,0.6765086839884519
1780625795327526700,35.351526611328126,-1.1162196594193576,-2.601750770136714,0.6119061556965112
1780625795337521700,35.361521728515626,-0.2950374238193035,-4.540321124413609,0.07675298481285571
1780625795347516400,35.371516357421875,-0.3438742277026176,-5.231068761634826,-0.6015671325117349
1780625795357511400,35.381511474609376,0.6150356858938932,-4.809427695901691,-1.2437807481884955
1780625795367506400,35.39150634765625,1.4334762215703725,-3.894453077882528,-1.2833873669117688
1780625795377501400,35.40150146484375,-0.2744637146070599,-3.0421038428634404,-1.4679209274858236
1780625795387497500,35.41149755859375,-1.9970251735940574,-1.8023656480640171,-1.6342793644219635
1780625795397492700,35.42149267578125,-2.8966671979248524,-0.7165564706079661,-1.7081529944062233
1780625795407487700,35.43148779296875,-4.78700514395237,-0.28253771546930073,-2.5620839456588027
1780625795417482500,35.441482421875,-4.230889849060774,-0.48711263194456694,-4.030963489043712
1780625795427477500,35.4514775390625,-1.0518684755399823,-0.9038995356447994,-4.428073047849535
1780625795437472500,35.46147241210937,0.13890928899645805,-1.2620983490370212,-2.377151741155982
1780625795447467500,35.47146752929687,-0.10261866295337677,-1.5233505537629126,-0.5835469071745872
1780625795457462500,35.481462646484374,0.2191898634135723,-1.5707476802319287,-0.13085107022523879
1780625795467457500,35.49145751953125,-0.3234808434933424,-1.967229900919646,-0.5067489141762256
1780625795477452500,35.50145263671875,-1.3338625856518744,-1.6323232619181274,-0.8221031498372554
1780625795487447600,35.511447509765624,-2.443807110324502,-0.3511316514849663,-1.3309703713417051
1780625795497443300,35.521443359375,-2.839199343818426,1.056520392999053,-1.615861664199829
1780625795507438300,35.53143823242188,-2.112699425214529,2.6641023046314714,-0.3740262048602104
1780625795517433600,35.54143359375,-2.0502333244293927,2.978391541409492,0.682085022816062
1780625795527428600,35.5514287109375,-1.7540502377063034,1.4007241449169814,1.3581284273803234
1780625795537423600,35.56142358398437,-1.068085158586502,-0.27215704509988425,2.093360518494248
1780625795547418400,35.57141845703125,-0.782884653648734,-0.8474975572042167,2.6255378884375093
1780625795557413400,35.58141333007813,-1.2119810038238763,-0.3931698812693357,2.7461791148155927
1780625795567408400,35.59140844726563,-1.7129267846792935,0.2099465265110135,2.181038217425346
1780625795577403400,35.6014033203125,-1.4388842180937529,0.9803909469120203,2.015060304239392
1780625795587398400,35.6113984375,-0.03840016554296016,1.838684185027331,1.9074527469575404
1780625795597394400,35.62139453125,-0.23932255086004733,2.101413768829405,1.7119985639184712
1780625795607389400,35.631389404296876,-0.7695458641260862,2.3841122278183695,1.8073060270756482
1780625795617384400,35.641384521484376,1.1850649398475885,2.5138985914215444,2.626332838207483
1780625795627379500,35.65137939453125,2.915584664362669,1.6450995952524243,2.4796996769607067
1780625795637374500,35.66137451171875,2.5931828482776877,1.0124901126146315,0.8613812672585248
1780625795647369500,35.671369384765626,2.133309082522988,-1.3286856214053928,-0.5393313333511353
1780625795657364500,35.68136450195313,0.4386749103814363,-1.249595279686153,-1.848636985373497
1780625795667359200,35.691359130859375,3.8857314267665144,-1.4670412220418452,-3.956401292273402
1780625795677354200,35.701354248046876,6.267954479837417,3.268952696597576,-1.101370173072815
1780625795687349200,35.711349365234376,3.58373936150372,4.59908720163703,3.0058985570162533
1780625795697345300,35.72134521484375,2.438628246381879,2.006652833639085,4.7217730855852365
1780625795707340500,35.731340576171874,3.667972472938895,1.7521059717707335,4.628903663229942
1780625795717335600,35.74133544921875,6.1967813409835095,2.0792773403450844,2.4557553222715853
1780625795727330600,35.75133056640625,4.671797048538923,2.838514576424658,0.675688015255332
1780625795737325300,35.7613251953125,1.7263029836028814,3.5508491915538904,-0.5312146623909473
1780625795747320300,35.7713203125,2.6189655243098735,3.0767627760514613,-2.1647692196696995
1780625795757315300,35.7813154296875,3.998559933567047,1.8259966990202665,-3.1552386391341685
1780625795767310300,35.791310302734374,2.3812767121315,0.8740699223093688,-3.1162375850886104
1780625795777305300,35.801305419921874,2.7831775968670844,1.0281437549509107,-2.723525968980789
1780625795787300400,35.81130029296875,3.525983922627568,1.9524010189697145,-2.261819727101922
1780625795797295400,35.82129541015625,2.6301573649317023,3.172702984154224,-1.0186948124736548
1780625795807291400,35.83129150390625,3.387083401459455,3.4953982302278277,0.25335049169063567
1780625795817286100,35.8412861328125,2.5795728405982254,4.6193069828450675,1.6244401074528694
1780625795827281400,35.85128149414062,-0.2895037550896406,3.9784427359506487,1.3956962337523697
1780625795837276400,35.8612763671875,-0.945992564356327,3.239077198293805,-0.868516525965929
1780625795847271400,35.871271484375,2.021957078015804,3.016695845362544,-4.189786269778013
1780625795857266400,35.88126635742187,2.8971143571704623,9.4166178322345,-3.5013422333240505
1780625795867261400,35.89126147460937,-0.2449398062199354,9.993180287349224,-3.1403666486948727
1780625795877256400,35.90125634765625,-0.14584581026136875,9.198981043481826,-3.2435236563086507
1780625795887251500,35.91125146484375,-0.4948050861433148,7.9267370018750425,-4.8971109477907415
1780625795897246500,35.92124658203125,-7.448425077632069,7.2980726036012165,-6.593721388441324
1780625795907241500,35.93124145507812,-4.3669115999221795,5.67536268094182,-7.498590499770641
1780625795917237200,35.9412373046875,-0.592499444437027,4.403920018845796,-6.950757880055904
1780625795927232300,35.951232177734376,0.8309981116935611,2.06694831238687,-4.365530959218741
1780625795937227500,35.9612275390625,2.8135806261762975,-0.5645435160189867,-3.291902195030451
1780625795947222500,35.97122241210938,4.397705382114649,-3.2234622805327175,-4.950216515034437
1780625795957217500,35.98121752929688,4.134306082357466,-4.2746950885176656,-4.993949273777008
1780625795967212500,35.99121264648438,5.349874004757404,-6.669619217729568,-5.018085351645946
1780625795977207300,36.00120727539063,6.450965945410728,-9.449467377912997,-7.989201349094509
1780625795987202300,36.01120239257813,6.50169075499773,-11.250663397675751,-10.471910729265213
1780625795997197300,36.021197265625,6.41951749870181,-12.988576739573478,-12.148272747135161
1780625796007192300,36.0311923828125,3.2314483108505603,-14.701742593705653,-12.29741935250759
1780625796017188400,36.041188232421874,0.2248046345554292,-15.831400119107961,-11.027365514421462
1780625796027183400,36.051183349609374,-1.9405423850022254,-15.539710836672782,-9.943273808407783
1780625796037178400,36.061178466796875,-3.6676422180712223,-15.662420686018466,-9.219891145041585
1780625796047173400,36.07117333984375,-5.02798130723834,-15.135051008617877,-8.251755137938261
1780625796057168400,36.08116845703125,-6.340225935322046,-13.710634291815756,-6.240278537404537
1780625796067163400,36.091163330078125,-7.639066307431459,-12.421744820356368,-4.367332747943699
1780625796077158400,36.101158447265625,-8.597834182208777,-11.76445696966648,-3.414671665608883
1780625796087153400,36.1111533203125,-9.021548254823685,-12.199082896918057,-3.11300313321203
1780625796097148400,36.1211484375,-8.697795608651637,-13.199914135921,-2.9704189550951123
1780625796107143400,36.131143310546875,-7.399390120828151,-14.242385545301437,-3.0259952963665127
1780625796117138400,36.141138427734376,-6.35741438601017,-15.615087272435426,-3.9108758048951624
1780625796127134200,36.15113427734375,-5.670388399660587,-16.611650332599876,-4.648888174377381
1780625796137129200,36.16112915039062,-4.29253352754712,-15.771559106129407,-4.85067477530837
1780625796147124200,36.17112426757812,-3.9225522141635416,-13.303110306501388,-4.609989119401574
1780625796157119200,36.181119140625,-4.5984635167807335,-9.723210669291019,-2.8871090959846972
1780625796167114200,36.1911142578125,-5.81635695951879,-5.71467586967647,-0.46806584003865714
1780625796177109500,36.201109619140624,-7.228807928717136,-1.966193689739704,1.408799460953474
1780625796187104500,36.2111044921875,-8.240979476901888,0.5886123738706112,2.6215911966383456
1780625796197099500,36.221099609375,-8.097496304118632,1.7268249616503715,2.7088269970208403
1780625796207094500,36.231094482421874,-6.792018101429939,2.281657815515995,1.0775433072835205
1780625796217089500,36.241089599609374,-4.0120524523466825,4.93301403582096,-0.9991682742267847
1780625796227084300,36.25108422851562,-2.722537834726274,7.397467628332972,-2.3821938269764185
1780625796237080300,36.26108032226563,-2.6401579499423504,10.145581510603428,-3.466415296849608
1780625796247075300,36.27107543945313,-3.47640828307569,12.675006464719772,-2.700674085703492
1780625796257070300,36.2810703125,-4.107982139055431,12.603273938417434,-1.259041445684433
1780625796267065300,36.2910654296875,-2.780548417407274,12.226595173221826,-1.4619623113423585
1780625796277060400,36.30106030273438,-0.5976157645374536,11.950498596715926,-2.255160269212723
1780625796287055400,36.31105541992188,2.2050030303806065,11.63765546709299,-2.965314617693424
1780625796297050400,36.32105029296875,4.156161648073792,12.083325350928305,-3.7550931225091215
1780625796307045400,36.33104541015625,4.2756501972854135,12.723339410734177,-4.6480023314535615
1780625796317040400,36.34104028320313,4.80257622257173,12.219489725130796,-5.280041174596548
1780625796327035400,36.35103540039062,4.631901676002145,10.7523549795866,-5.927973167920112
1780625796337031400,36.361031494140626,4.515534473681449,10.222924278002976,-5.802141387161612
1780625796347026400,36.3710263671875,4.600403544932604,11.166508612173795,-5.488463560280204
1780625796357021400,36.381021484375,3.1309803961902856,12.425522000807524,-4.524185397648811
1780625796367016200,36.39101611328125,1.433258779427409,12.675356008809803,-3.0978672311395403
1780625796377011200,36.40101123046875,0.9000321926921605,10.934797120839356,-2.454958034414053
1780625796387006200,36.411006103515625,0.013612345767021179,7.737919480371475,-1.9928671771317719
1780625796397001200,36.421001220703126,-0.7463964592069386,5.166749726459384,-1.3975769329324363
1780625796406996200,36.430996337890626,-0.7528583486974239,5.963162554723024,-0.9171236127465963
1780625796416991500,36.44099145507813,-0.23084172276258466,7.3109239018678664,-1.474574247895181
1780625796426986500,36.45098657226563,0.12315467050373553,6.320965939056873,-2.113268165013194
1780625796436981500,36.4609814453125,-0.018745032480359077,4.208162761206925,-2.2288249277338386
1780625796446977300,36.47097729492187,-1.4902584315001963,2.455866089169681,-2.4823420081630347
1780625796456972300,36.48097216796875,-2.964980855694413,1.6395659265227616,-2.9730852516949176
1780625796466967300,36.49096728515625,-3.295379515752196,1.853957595874369,-3.2058728478282688
1780625796476962300,36.50096240234375,-3.2875305558174848,2.7539953415244818,-3.1836221453145144
1780625796486957300,36.51095727539062,-2.6689737100601194,3.603963526625931,-2.6019951002866026
1780625796496952300,36.520952392578124,-1.7991268122732638,3.753387195374071,-1.3203760582216084
1780625796506947300,36.530947265625,-1.8843278919577597,3.7721097237616776,0.022252456079423426
1780625796516942300,36.5409423828125,-3.8506028302401303,4.228786739301682,1.121867456047982
1780625796526937600,36.5509375,-5.420816841986775,4.759106498679518,1.774953471133858
1780625796536932400,36.560932373046874,-5.133685076725483,4.57973631221801,2.0127470588609575
1780625796546927000,36.57092700195312,-3.6631057436853647,4.065562508738041,1.8072718325451016
1780625796556923400,36.58092333984375,-2.136385421228409,3.602418927532434,1.0806637773916126
1780625796566918400,36.59091845703125,-1.2701210581034421,2.932432923310995,0.2854764723349362
1780625796576913400,36.60091333007812,-0.43547114590406416,2.3971479427412152,-0.5718835765834898
1780625796586908400,36.61090844726562,0.3679249653756618,2.1685132285036146,-1.5754405142232775
1780625796596903400,36.6209033203125,0.36861762381494045,1.6025816191270947,-2.6302137712940574
1780625796606898400,36.6308984375,-0.04251519964635372,0.7171409924976527,-3.675092534077167
1780625796616893200,36.64089306640625,0.03820610427558422,-0.1673065314412117,-4.498453867281973
1780625796626888200,36.65088818359375,-0.05035188462138176,-0.6013572891533374,-4.881412735660374
1780625796636883200,36.66088330078125,-25.802743837702273,-5.222551108658314,-19.8258742446661
1780625796646878200,36.67087817382812,-2.9887475157290697,-7.330339380955696,-8.105567382371426
1780625796656873200,36.68087329101562,-0.6684270843416452,-5.02994004009068,-5.750321183553337
1780625796666869500,36.69086938476563,-1.1909458145797251,-3.611005846352875,-11.702145767182111
1780625796676864500,36.70086450195313,-1.609043216356635,0.908569427151978,-7.519506446549296
1780625796686859300,36.710859375,-1.6463012261271477,3.9565573596179484,-3.1837358348220586
1780625796696854300,36.72085424804688,-0.8154425229042768,5.328595069885254,-1.5192809662364422
1780625796706849300,36.73084936523438,0.30372692623138425,5.869413426923751,-0.40755803371444344
1780625796716844300,36.74084423828125,3.4230051941901443,2.772739789482951,2.4037194300860163
1780625796726839300,36.75083935546875,8.268420441535115,-4.108861552238464,6.4387792485326525
1780625796736834300,36.76083422851563,9.27014366094172,-3.1479765391767023,5.3349347943007945
1780625796746829300,36.77082934570313,8.580361653882264,0.7554866513743996,2.4429898025922476
1780625796756824300,36.78082421875,8.710096287298201,1.55875329105556,0.8682425313301384
1780625796766820000,36.79082006835937,8.525655665704608,1.4007348124414682,-0.9442528810821473
1780625796776815000,36.800815185546874,8.042840000301599,0.6289490604341029,-3.316182065284252
1780625796786810400,36.810810302734374,7.3114803667068475,0.776687260313332,-4.015952674655616
1780625796796805400,36.820805419921875,6.722135586908459,-0.9287073752954602,-2.3865222115695475
1780625796806800400,36.83080029296875,5.386307254141569,-2.411757190591097,-0.45123445915989574
1780625796816795400,36.84079541015625,3.0871307330697775,-2.1409866314135493,0.4853190265260637
1780625796826790400,36.850790283203125,1.6859791565209625,-1.002120109769702,0.3993421401634812
1780625796836785400,36.860785400390625,1.6252169370442628,-0.1518044264048338,0.32126345970481635
1780625796846780400,36.870780517578126,1.2934236077576875,-0.277007553870976,0.23153569637611507
1780625796856775200,36.880775146484375,0.3978209219455719,-0.926839316401258,-0.24849793709293005
1780625796866770200,36.890770263671875,-1.2520341972708702,-1.044620477173105,-0.4981177178226411
1780625796876766200,36.90076611328125,-2.167114321491122,-0.4465949262583628,-0.09560629997327923
1780625796886761200,36.91076123046875,-1.8258984993427991,-0.11108796500982716,0.8358753623411059
1780625796896756200,36.92075610351562,-1.33260235645771,-0.19974176069777458,1.4016378987610338
1780625796906751500,36.93075146484375,-1.1519956139385699,-0.7748167172010988,1.4735083722293376
1780625796916746500,36.94074658203125,-1.5370815574735401,-1.4904771888174115,1.7742071828112005
1780625796926741200,36.9507412109375,-1.734569292166829,-1.8930672248609364,2.509133861237764
1780625796936736300,36.960736328125,-1.7489760031819344,-1.8300228857964276,3.351379635393619
1780625796946731300,36.97073120117187,-1.6673066047549248,-1.4087702348589897,3.773818573506176
1780625796956726300,36.98072631835937,-1.761561343988776,-0.7869951577074825,3.07314809268564
1780625796966721300,36.99072119140625,-2.148964916816354,0.013356325179338454,1.0842486501410602
1780625796976717300,37.00071728515625,-1.5753864459484814,0.7435879045922309,-0.3475958785742521
1780625796986712300,37.01071240234375,1.1314081684619188,0.5748164151649922,-0.8375533785559236
1780625796996707300,37.02070727539063,4.40348513455987,0.6663810385320336,-0.9400314639948308
1780625797006702000,37.0307021484375,1.2617992199599741,0.5980777560260147,-0.039433892504870886
1780625797016697000,37.04069702148438,1.491405847969651,1.0660398434292524,0.45011707250252364
1780625797026692400,37.0506923828125,0.7344792269200087,1.3943509566232561,0.5911749178349971
1780625797036687400,37.06068725585938,-2.076943636700511,1.014637572972104,-0.34032077300474045
1780625797046682400,37.07068237304688,-0.08529752579629421,0.4006386097148061,-1.2802078600928186
1780625797056677400,37.08067749023437,1.6582055989325046,-0.3210468212794512,-0.8466128102589399
1780625797066672400,37.09067236328125,-0.28116262772381306,-0.4571250515684485,-0.9194860310290008
1780625797076667400,37.10066748046875,-3.3507448446214196,-0.4084499410528689,-0.41356238869577644
1780625797086663200,37.1106630859375,-3.6968192127168176,0.42569311760291456,0.03897296046223491
1780625797096658200,37.120658203125,-1.9723726706355809,1.2161313284363597,0.04304461208162829
1780625797106653200,37.130653076171875,-0.48850598599910733,2.406961042355746,-0.3394564477929845
1780625797116648200,37.140648193359375,1.409948046466708,1.8585785336732863,-1.4546706930294633
1780625797126643200,37.150643310546876,2.4294968454211947,1.5155425103604792,-2.4518907557979226
1780625797136638500,37.160638427734376,3.7990333865225314,1.2349803327478468,-2.4581314037531614
1780625797146633500,37.17063354492188,4.023378733003139,1.4277848780609665,-1.1743575948070735
1780625797156628500,37.18062841796875,3.0080133572131396,2.8462480932861567,0.48142574541456995
1780625797166623200,37.190623291015626,1.836613370102644,3.950091378474235,2.109512027350068
1780625797176618200,37.2006181640625,1.1440385174542664,4.1659827848643065,3.044144116519391
1780625797186614300,37.2106142578125,1.3339116854906081,2.939594485503435,2.935358747629821
1780625797196609300,37.220609375,1.4222060550153255,0.9057935326978563,1.9681585600718854
1780625797206604300,37.23060424804687,1.2574948007643223,0.21688597038537263,1.3186131402023136
1780625797216599300,37.240599365234374,0.6000654957771301,0.2737552740767598,1.003523400696367
1780625797226594300,37.25059423828125,-0.4775923777967691,0.1854401540249586,0.7485729995284229
1780625797236589300,37.26058935546875,-2.2469810544103384,1.0906610014013944,0.23574465584065762
1780625797246584000,37.270583984375,-3.5542870570480822,1.8704414054244756,-0.37516543802320956
1780625797256579300,37.280579345703124,-0.958642787092924,0.706303810532391,-1.0426645938649772
1780625797266574300,37.29057421875,0.8221896590769291,0.5012273742757737,-0.44079307157918807
1780625797276569300,37.3005693359375,0.9468921435445546,0.7245923314169049,0.7562525211803615
1780625797286564400,37.310564453125,0.9182511554718017,0.5501804980151355,1.6713121871344745
1780625797296560400,37.32056030273438,0.4729880988717079,0.5246503354392945,1.9919548845924435
1780625797306555400,37.33055541992187,-0.023214871370792388,0.6256183085761964,1.796574351311475
1780625797316550100,37.34055004882813,-0.18873042774200438,0.7152133854359388,1.4228461064845324
1780625797326545200,37.35054516601563,-0.2638333072602749,0.7080471470683812,1.3014492394335566
1780625797336540200,37.3605400390625,-0.4945084412842989,0.5842210070438683,1.467183553121984
1780625797346535200,37.37053515625,-0.771761786609888,0.5525558488443494,1.6507685807995498
1780625797356530200,37.3805302734375,-0.8636047885268926,0.5592850109688937,2.0310199437849223
1780625797366525200,37.39052514648437,-0.6588257277816534,-0.13849077132344245,2.1887284796670077
1780625797376520400,37.4005205078125,-0.2365823122411966,-0.6759478352352977,2.32289320448488
1780625797386515500,37.41051538085937,-0.2917383822739124,-0.5284501661136746,2.570157946521044
1780625797396511200,37.42051123046875,-0.3265250334948301,-0.22589652144536373,2.458222881428897
1780625797406506200,37.43050634765625,-0.4830108957141638,0.05364274286031723,1.6455597601100802
1780625797416501200,37.440501220703126,-1.134313242253661,0.5784459307737648,0.45443500876687465
1780625797426496300,37.45049633789063,-1.6132020896017552,0.6105608785673976,-0.4400095199860632
1780625797436491300,37.4604912109375,1.0066495698928832,0.32864363308399913,0.22345680014304817
1780625797446486300,37.470486328125,1.999844030407071,0.9517916060239076,1.3190475860968232
1780625797456481300,37.48048120117188,1.7427449998378752,1.2419117394462227,2.237285589826107
