time,seconds_elapsed,z,y,x
1780625760044656600,0.06865673828125,-9.253443870553374,-3.214044463846087,0.46268111479301005
1780625760054651600,0.078651611328125,-9.24905177307427,-3.2269238191634413,0.4608540454963222
1780625760064647700,0.088647705078125,-9.243368466740845,-3.244397224272787,0.45211898690946395
1780625760074643000,0.098642822265625,-9.235765005999802,-3.2674086820259687,0.44166715099997816
1780625760084638000,0.108637939453125,-9.226028624883293,-3.2960657444506882,0.4321211048237979
1780625760094633000,0.118633056640625,-9.213886351668835,-3.330913185948133,0.42391584226470436
1780625760104628000,0.1286279296875,-9.198929021033644,-3.3729525847762822,0.4162766526231542
1780625760114622700,0.138622802734375,-9.181031545293331,-3.422069666905701,0.41046475147400047
1780625760124617700,0.14861767578125,-9.160360513186454,-3.4773958328083157,0.4073105982920155
1780625760134613800,0.15861376953125,-9.137789784938096,-3.53661111510396,0.4044288323106244
1780625760144608800,0.16860888671875,-9.114156980416178,-3.5975261870548128,0.40041163255851714
1780625760154603800,0.178603759765625,-9.089766051003336,-3.659384385074675,0.39426951307430863
1780625760164598800,0.188598876953125,-9.062481153714657,-3.7277304838091134,0.3819012490842491
1780625760174593800,0.19859375,-9.030331865260004,-3.8067742099076507,0.3632577772822231
1780625760184588500,0.208588623046875,-8.996223259431122,-3.88849066234678,0.3434935943545773
1780625760194584800,0.218584716796875,-8.960337707057596,-3.972117332321405,0.32405641489159315
1780625760204579800,0.228579833984375,-8.919999266928434,-4.062749497143924,0.313147702060081
1780625760214574800,0.238574951171875,-8.874102023628353,-4.162471854133904,0.3074550433764234
1780625760224569900,0.24856982421875,-8.8228020445019,-4.270846011874079,0.29736983055593447
1780625760234564900,0.25856494140625,-8.768949458283185,-4.381920368483662,0.2732765141164884
1780625760244560000,0.268559814453125,-8.727066711321473,-4.466696500754356,0.23939820991214364
1780625760254555600,0.2785556640625,-8.705674963724613,-4.509251155628264,0.21967401193501426
1780625760264550700,0.288550537109375,-8.696239026859402,-4.527959363229573,0.20830615715915335
1780625760274545700,0.298545654296875,-8.690810572069882,-4.539558907869458,0.18055351449456064
1780625760284541000,0.308541015625,-8.685751535114646,-4.550312357074022,0.15087372142598032
1780625760294536000,0.318535888671875,-8.68046570366621,-4.561687153047323,0.10442408667383715
1780625760304531000,0.328531005859375,-8.67697844607234,-4.569453403134644,0.02285963504220126
1780625760314526700,0.338526611328125,-8.67425515858829,-4.573914766457676,-0.08359410114558413
1780625760324521700,0.348521728515625,-8.66925632738769,-4.580025066031515,-0.19428795227129012
1780625760334516700,0.358516845703125,-8.659812207216024,-4.591996658854186,-0.3026650143546052
1780625760344511700,0.36851171875,-8.642199978157878,-4.617788687236607,-0.39848289298564193
1780625760354506800,0.3785068359375,-8.61224089322388,-4.6671322715982795,-0.466448321839422
1780625760364501800,0.388501708984375,-8.570940914586187,-4.738273846270144,-0.5080585720026866
1780625760374497800,0.398497802734375,-8.52518278749585,-4.818200784943998,-0.5259143640257418
1780625760384492800,0.408492919921875,-8.481370533776282,-4.895987496718764,-0.5157920523315668
1780625760394487800,0.41848779296875,-8.443633800578118,-4.963747027736902,-0.48645730984099206
1780625760404482800,0.42848291015625,-8.414259237533807,-5.016686006242036,-0.4510920184819028
1780625760414477800,0.438477783203125,-8.393852993842959,-5.053768074923753,-0.4159983836710453
1780625760424472800,0.448472900390625,-8.37937614020109,-5.080283741405606,-0.38361258304677903
1780625760434468900,0.45846875,-8.365796527659892,-5.105003756642342,-0.3503865322060883
1780625760444463600,0.468463623046875,-8.348118832150101,-5.136081031951308,-0.31617486786153165
1780625760454458600,0.478458740234375,-8.324630989056825,-5.175653748404979,-0.28896718226121737
1780625760464453600,0.48845361328125,-8.295728719699381,-5.223122771066427,-0.26505736916251477
1780625760474448600,0.49844873046875,-8.264013731008768,-5.274356699219346,-0.2400612951970659
1780625760484444000,0.50844384765625,-8.230579663440585,-5.327566311359405,-0.21208671687748282
1780625760494440000,0.51843994140625,-8.194514662846922,-5.384027618771791,-0.1804494878645055
1780625760504435000,0.52843505859375,-8.154546225073933,-5.445419952845573,-0.14547720527783967
1780625760514429700,0.5384296875,-8.11098648481071,-5.5109132924973965,-0.11008820424959995
1780625760524424400,0.548424560546875,-8.068657163125277,-5.5731391547858715,-0.08530517024663277
1780625760534419500,0.55841943359375,-8.033914351046086,-5.623269505611062,-0.07381124597226735
1780625760544414500,0.56841455078125,-8.008533241552113,-5.6594227690100665,-0.06867872822228818
1780625760554410500,0.578410400390625,-7.984439249259233,-5.693488704741001,-0.05747704662645701
1780625760564405500,0.588405517578125,-7.9545473843425505,-5.735370867180824,-0.032993577808665575
1780625760574400500,0.598400390625,-7.916434219047427,-5.7879112017571925,0.023106657189386894
1780625760584395500,0.6083955078125,-7.8710437562257045,-5.8486091238260265,0.10405679686455986
1780625760594390300,0.618390380859375,-7.822178310769796,-5.912053714254498,0.17757252592239528
1780625760604385300,0.62838525390625,-7.773923690688609,-5.9745443649590015,0.20325586976595222
1780625760614380500,0.638380615234375,-7.7266411305099725,-6.0368608281403775,0.16037388263382016
1780625760624376600,0.64837646484375,-7.680791818004846,-6.0963973052144045,0.09879915033099242
1780625760634371600,0.65837158203125,-7.638808533278107,-6.1491808008968825,0.0809839186471887
1780625760644366600,0.66836669921875,-7.60579298338294,-6.18924743834734,0.12457969833817333
1780625760654361600,0.678361572265625,-7.592018140530586,-6.205085643470287,0.16900180931808426
1780625760664356400,0.6883564453125,-7.606116808509826,-6.18697014106512,0.1969012400422245
1780625760674351400,0.698351318359375,-7.643837175095081,-6.138657653316855,0.2429543680237606
1780625760684347400,0.708347412109375,-7.698219922667741,-6.066954937630891,0.3160090828405693
1780625760694342400,0.71834228515625,-7.764508212089538,-5.976982990282774,0.3980945877877995
1780625760704337700,0.728337646484375,-7.8381345893144605,-5.874575924253463,0.4726385913142934
1780625760714332700,0.738332763671875,-7.912084791666269,-5.768317443493008,0.5438923211237415
1780625760724327700,0.74832763671875,-7.981724145081639,-5.664219355636835,0.6156968532163649
1780625760734322400,0.758322509765625,-8.050740982684493,-5.558557671725749,0.67704381377846
1780625760744318500,0.768318359375,-8.125454570624232,-5.444541416445374,0.7101723955940454
1780625760754313500,0.7783134765625,-8.208667106840014,-5.317838698071241,0.713272991957888
1780625760764308500,0.78830859375,-8.301880812588333,-5.172721786606312,0.7015083929494023
1780625760774303500,0.798303466796875,-8.405203824418782,-5.004689278978109,0.6899415815353394
1780625760784298500,0.808298583984375,-8.514687112444639,-4.81621019564867,0.6889169146627188
1780625760794293500,0.81829345703125,-8.625039584520458,-4.614152961082756,0.6990542777955532
1780625760804289500,0.82828955078125,-8.731963835713266,-4.405605487714707,0.7168221358068287
1780625760814284500,0.838284423828125,-8.833798070290683,-4.195531243170797,0.7293225017439574
1780625760824279600,0.848279541015625,-8.932920707821845,-3.982173739172518,0.7180563537769019
1780625760834274600,0.858274658203125,-9.027516223317384,-3.7685143296182155,0.6874854936201125
1780625760844269600,0.86826953125,-9.112313982897996,-3.5624849765509365,0.6669486823521554
1780625760854264600,0.8782646484375,-9.187245012980698,-3.361003496046364,0.6845253286402672
1780625760864260400,0.88826025390625,-9.255067087841033,-3.1730668490305542,0.66765799966529
1780625760874255400,0.89825537109375,-9.314403658428787,-3.0061420103833076,0.6126814874505624
1780625760884250400,0.90825048828125,-9.364815164282918,-2.8570319376289843,0.5549650288779289
1780625760894245400,0.918245361328125,-9.410178739097715,-2.7168817086607215,0.4873187855085358
1780625760904240600,0.92824072265625,-9.453383090052007,-2.578837512061,0.39182518866211175
1780625760914235600,0.938235595703125,-9.494016129213572,-2.4413040414623914,0.27216305471556257
1780625760924231400,0.9482314453125,-9.530965511426329,-2.3052526261150836,0.12996490764101035
1780625760934226400,0.958226318359375,-9.563124152231216,-2.171571593160927,-0.0362834131342941
1780625760944221400,0.968221435546875,-9.58881505832672,-2.04400875082612,-0.21687409728448837
1780625760954216400,0.978216552734375,-9.606839375317096,-1.9264209206692873,-0.4097788881016895
1780625760964211500,0.98821142578125,-9.616013446375726,-1.8221698342084884,-0.6183622730333358
1780625760974206500,0.99820654296875,-9.61561421792507,-1.7349436784371732,-0.836850637114048
1780625760984202500,1.008202392578125,-9.605507834452391,-1.6722728488601744,-1.052665909527987
1780625760994197500,1.018197509765625,-9.5848262809515,-1.6403946324318646,-1.2690937608823178
1780625761004192500,1.028192626953125,-9.55075216191411,-1.6370821468830108,-1.5078063631504772
1780625761014187500,1.0381875,-9.501146127223969,-1.6582960536949336,-1.774445083220303
1780625761024182500,1.0481826171875,-9.434892909115552,-1.6982395031571387,-2.0661953020624817
1780625761034177500,1.058177490234375,-9.352611516270041,-1.7472930185310542,-2.3761326272413132
1780625761044173600,1.068173583984375,-9.256277632674575,-1.792245674457401,-2.698066825814545
1780625761054168600,1.07816845703125,-9.14604498758614,-1.8149992119267582,-3.0374361433133483
1780625761064163300,1.088163330078125,-9.020698944517969,-1.7998596565924583,-3.3996886160105464
1780625761074158300,1.098158447265625,-8.878202444684504,-1.7388536914877593,-3.7847447489291426
1780625761084153300,1.1081533203125,-8.718404681438207,-1.6372620334945618,-4.180810936161875
1780625761094148400,1.1181484375,-8.536771518480776,-1.5119763423115014,-4.5834319518655535
1780625761104143400,1.128143310546875,-8.332888529792427,-1.3760326251223682,-4.983962717291712
1780625761114139600,1.1381396484375,-8.104372619628906,-1.2391823144823313,-5.380887567180395
1780625761124134700,1.148134765625,-7.8467124480456105,-1.1084872385364024,-5.776742157489061
1780625761134129400,1.15812939453125,-7.560139485710859,-0.9859204509232192,-6.1678720573633905
1780625761144124400,1.16812451171875,-7.244536243724823,-0.8638386703480034,-6.552928190281987
1780625761154119400,1.178119384765625,-6.896869053480029,-0.7317517747174948,-6.933117593947053
1780625761164114400,1.188114501953125,-6.5158928833514445,-0.5802146209467202,-7.3059472824990745
1780625761174110500,1.1981103515625,-6.108518535640836,-0.4072339528592303,-7.660976525944471
1780625761184105500,1.20810546875,-5.68851033180654,-0.21557163638379423,-7.98528505243361
1780625761194100500,1.2181005859375,-5.279920178565383,-0.007836928145267302,-8.263944757425785
1780625761204095500,1.228095458984375,-4.915688807010651,0.21529148600185288,-8.48292594652474
1780625761214090500,1.238090576171875,-4.616012032952905,0.4577492113487795,-8.640212603732943
1780625761224085500,1.24808544921875,-4.384539903332293,0.7188333294987678,-8.742394628834724
1780625761234081500,1.25808154296875,-4.2109576526224615,0.9967793332636355,-8.800264049479365
1780625761244076500,1.26807666015625,-4.076656149682402,1.2881253552190959,-8.825643989929556
1780625761254071600,1.278071533203125,-3.9651431093946097,1.585212989566475,-8.828087291428446
1780625761264066600,1.288066650390625,-3.8685043976336715,1.8829628872148692,-8.812464190360902
1780625761274061600,1.2980615234375,-3.78451707765311,2.177414766231179,-8.781040293571353
1780625761284056300,1.308056396484375,-3.708495037463307,2.46406488545537,-8.73760973264575
1780625761294052600,1.318052490234375,-3.62725000192821,2.7376892266288397,-8.690138371896744
1780625761304047600,1.328047607421875,-3.5269080517351625,2.99184314365685,-8.647554198667407
1780625761314042600,1.338042724609375,-3.4046441925913093,3.2216023318797347,-8.613945943576097
1780625761324037600,1.34803759765625,-3.2727044503465295,3.426953931815922,-8.585789524149893
1780625761334032600,1.35803271484375,-3.1463346171885727,3.6162507612690327,-8.555331257522106
1780625761344027400,1.36802734375,-3.034446606108546,3.7975443170085548,-8.51711054019928
1780625761354023400,1.3780234375,-2.941024810567498,3.9719320388823744,-8.470213179945945
1780625761364018400,1.388018310546875,-2.8679081364303824,4.1333378218472,-8.417897301775216
1780625761374013400,1.398013427734375,-2.8154358986541625,4.273663991904258,-8.365375671899319
1780625761384008400,1.408008544921875,-2.7814745923414823,4.3920749750122425,-8.315254088902472
1780625761394003500,1.41800341796875,-2.7630282505467534,4.495416691543162,-8.266032085093855
1780625761403998500,1.42799853515625,-2.75812937258929,4.5909228921428324,-8.215018521693349
1780625761413994500,1.437994384765625,-2.7817838044211265,4.683724509958923,-8.154432827827334
1780625761423989500,1.447989501953125,-2.805224301241338,4.793306289923191,-8.082408625102042
1780625761433984500,1.457984619140625,-2.763513403715193,4.921140058153868,-8.01971222269237
1780625761443979500,1.4679794921875,-2.694685951204598,5.048956290727854,-7.963485308557749
1780625761453974500,1.477974609375,-2.620460439042747,5.164076123335957,-7.914282593971491
1780625761463969500,1.487969482421875,-2.534681559470296,5.25349803558588,-7.88330585642755
1780625761473965300,1.49796533203125,-2.4399932511247693,5.317665679591894,-7.870148853212594
1780625761483960300,1.507960205078125,-2.3492031192615626,5.369646042197942,-7.862475834366679
1780625761493955600,1.51795556640625,-2.2570123268201945,5.418498043650389,-7.8559625069499015
1780625761503950600,1.52795068359375,-2.1534050912208853,5.465591218736767,-7.85242205786407
1780625761513945900,1.53794580078125,-2.0356664544165133,5.507410252812504,-7.854608754253387
1780625761523940900,1.54794091796875,-1.909466570997983,5.536409552803636,-7.86590639333725
1780625761533937000,1.55793701171875,-1.7864529164001344,5.548637750735879,-7.886165337511897
1780625761543932000,1.567931884765625,-1.6746736263915896,5.545137049138546,-7.9131100430607795
1780625761553927000,1.577927001953125,-1.5747918410561978,5.531317198100686,-7.943232794123888
1780625761563922000,1.587921875,-1.4849930583178996,5.513305740591884,-7.972994310659169
1780625761573917000,1.5979169921875,-1.4026453222379087,5.491813455229997,-8.00268393100202
1780625761583912000,1.607911865234375,-1.3298233932636678,5.4625002669841045,-8.035112620919943
1780625761593907700,1.61790771484375,-1.2701849171198905,5.423952801924943,-8.070795928719638
1780625761603902700,1.62790283203125,-1.2293778365656733,5.376060585415363,-8.109068668490648
1780625761613897700,1.637897705078125,-1.2131541392564773,5.320681228020787,-8.147943465808034
1780625761623892700,1.647892822265625,-1.2199080704960972,5.260460275813937,-8.185947910031675
1780625761633887700,1.6578876953125,-1.2473192975781857,5.195591790062188,-8.223162080660462
1780625761643882800,1.6678828125,-1.3046449667349458,5.125426366946101,-8.258224626213313
1780625761653879000,1.677879150390625,-1.388742322961241,5.052758605620265,-8.289234096983074
1780625761663873800,1.687873779296875,-1.4785532345287502,4.98378034646213,-8.315419508597254
1780625761673868800,1.697868896484375,-1.574356226117909,4.916156424522399,-8.338058625906706
1780625761683863800,1.70786376953125,-1.6721667581371962,4.844290042707324,-8.36104553374052
1780625761693858800,1.71785888671875,-1.765915593675524,4.763793779712915,-8.387979133373499
1780625761703853800,1.727853759765625,-1.8538358691908419,4.674149456883967,-8.41938198737502
1780625761713849900,1.737849853515625,-1.941260616274178,4.579804701279103,-8.451466978421807
1780625761723844900,1.747844970703125,-2.0325487607873973,4.487519216291606,-8.479462654328346
1780625761733840000,1.75783984375,-2.1267617067061364,4.402275466509163,-8.50101397640109
1780625761743835000,1.7678349609375,-2.2262745125986636,4.325911188752949,-8.514727444455026
1780625761753830000,1.777829833984375,-2.3318824204958974,4.2598298200801015,-8.51977537549436
1780625761763825000,1.787824951171875,-2.4409238099731505,4.204649492388963,-8.51664292268753
1780625761773820000,1.79781982421875,-2.5523490258470174,4.1568116364151235,-8.507455992147326
1780625761783816000,1.80781591796875,-2.666219735176861,4.109997278270125,-8.49526871074736
1780625761793811000,1.81781103515625,-2.7808146671280265,4.059658545391262,-8.482724870994687
1780625761803806000,1.827805908203125,-2.8990073313102123,4.003439814563095,-8.469864220377803
1780625761813800700,1.83780078125,-3.026585955736041,3.9456244621932504,-8.452349606475234
1780625761823795700,1.847795654296875,-3.157209354685247,3.8969031013831494,-8.427132747632264
1780625761833790700,1.857790771484375,-3.2963056906864043,3.8590009484902024,-8.3912378429085
1780625761843787000,1.867787109375,-3.4550197503492233,3.8257527588829396,-8.34247118165195
1780625761853782000,1.877781982421875,-3.6215687414214015,3.79277871004194,-8.286701948156953
1780625761863777000,1.887777099609375,-3.7859482795000075,3.7541222316503524,-8.230646298936009
1780625761873772000,1.89777197265625,-3.9286587143450973,3.7175194709181785,-8.180224271687864
1780625761883766800,1.907766845703125,-4.01807039746195,3.6901135775983334,-8.14914465829134
1780625761893761800,1.91776171875,-4.061179179087281,3.6706221106648442,-8.136568085312843
1780625761903757800,1.9277578125,-4.065467231670022,3.6605709645107387,-8.138954103666544
1780625761913752800,1.9377529296875,-4.041361841200292,3.660562196682393,-8.150954922583699
1780625761923747800,1.947747802734375,-4.001834132932126,3.676598554725945,-8.163230466789006
1780625761933742800,1.957742919921875,-3.9535450260594485,3.7148677873656153,-8.169432244038582
1780625761943737900,1.96773779296875,-3.9003389210507273,3.776779176877439,-8.166619524705409
1780625761953732900,1.97773291015625,-3.837903799925744,3.8579227978646755,-8.158266706901788
1780625761963729000,1.98772900390625,-3.77370897565186,3.9439199963629243,-8.147085387673974
1780625761973724000,1.997723876953125,-3.7318516553923486,4.018963839170336,-8.12967423414588
1780625761983719000,2.007718994140625,-3.726370885893702,4.085077064286172,-8.099178558117151
1780625761993714000,2.0177138671875,-3.7458354648202654,4.162993247659504,-8.050378579112888
1780625762003709000,2.027708984375,-3.761578977397084,4.267957889217138,-7.987830645263195
1780625762013704000,2.037703857421875,-3.7234330788761376,4.3933121155917645,-7.937582805538177
1780625762023699700,2.04769970703125,-3.5877687631502746,4.51397526154071,-7.932360102453828
1780625762033695000,2.057695068359375,-3.3550030865877867,4.602796577548981,-7.983019445589184
1780625762043690000,2.06768994140625,-3.0760768396139144,4.643103453496098,-8.071537102475762
1780625762053685000,2.07768505859375,-2.803497623579204,4.64436894338727,-8.169493618836999
1780625762063680000,2.087679931640625,-2.5618735177785155,4.637033778193593,-8.252582236412167
1780625762073675000,2.097675048828125,-2.360652880167216,4.647841587933898,-8.306338961040973
1780625762083670800,2.1076708984375,-2.2040207413449884,4.688716034635902,-8.326379878550767
1780625762093665800,2.117665771484375,-2.0895780773460864,4.752910858909785,-8.319487196427584
1780625762103660800,2.127660888671875,-2.011988641709089,4.822386253935099,-8.29860749000609
1780625762113655800,2.13765576171875,-1.9622879144728183,4.875970544606447,-8.279174475261568
1780625762123650800,2.14765087890625,-1.9667413867503403,4.897886316077411,-8.265168746262788
1780625762133645800,2.157645751953125,-2.066973446828127,4.885777068349719,-8.2478592995435
1780625762143641900,2.167641845703125,-2.231255954273045,4.844700961595773,-8.22926273562312
1780625762153636900,2.177636962890625,-2.423893764717132,4.77069435288161,-8.218004844027757
1780625762163631900,2.1876318359375,-2.6111396529898045,4.68059556428343,-8.212451886075735
1780625762173627000,2.197626953125,-2.749218628641963,4.605355029860139,-8.2099261669904
1780625762183622000,2.207621826171875,-2.8273443631127475,4.558466145174205,-8.209560840809345
1780625762193617000,2.217616943359375,-2.866198409903049,4.533862157532573,-8.209713985544443
1780625762203613000,2.227613037109375,-2.900413106454909,4.51298917311281,-8.209198437237738
1780625762213607700,2.237607666015625,-2.94630859618932,4.482389159926772,-8.209618123954534
1780625762223602700,2.247602783203125,-2.9828903141334653,4.444143600423634,-8.2171976192981
1780625762233597700,2.25759765625,-3.011630086405575,4.400574215549231,-8.230152962461114
1780625762243593000,2.267593017578125,-3.059946665807068,4.3394405324116345,-8.244777115619183
1780625762253588000,2.277587890625,-3.145895348988473,4.2512928778812284,-8.258343868678807
1780625762263584000,2.287583984375,-3.268397108541429,4.144685729813576,-8.264958902904391
1780625762273579000,2.2975791015625,-3.429105849152803,4.042489091664552,-8.2504493160367
1780625762283573800,2.30757373046875,-3.5957901570424435,3.9635537943765518,-8.21771959734559
1780625762293568800,2.31756884765625,-3.7622555614843964,3.9046465551167726,-8.171263551118969
1780625762303563800,2.327563720703125,-3.9326474917203185,3.8482165196254847,-8.117628991565107
1780625762313558800,2.337558837890625,-4.104486113633215,3.7782626934334633,-8.06525349216163
1780625762323554800,2.347554931640625,-4.270268796508014,3.6875872739911078,-8.021028565987944
1780625762333550000,2.357550048828125,-4.432200941434503,3.5781185990124937,-7.982671655064821
1780625762343545000,2.367545166015625,-4.596359237977862,3.4594422429665923,-7.942047968253493
1780625762353539800,2.377539794921875,-4.766547754596173,3.344325040706992,-7.890873661333322
1780625762363534800,2.387534912109375,-4.934050393131375,3.2408149818718432,-7.83087891909778
1780625762373531000,2.39753076171875,-5.085294263043999,3.1487004695370793,-7.771477466580271
1780625762383526000,2.40752587890625,-5.218224477630853,3.0637896049708124,-7.7171058249235145
1780625762393521000,2.41752099609375,-5.322721209415793,2.9940853696256875,-7.67297091512084
1780625762403516000,2.427515869140625,-5.383905453696847,2.9592472804784773,-7.6437424825489515
1780625762413511000,2.437510986328125,-5.383654109284281,2.9844083174809812,-7.634131189116835
1780625762423505700,2.447505615234375,-5.352867925876379,3.053516632759571,-7.628447882783412
1780625762433502000,2.457501953125,-5.334228691858053,3.0994986317336557,-7.622958637717366
1780625762443497000,2.4674970703125,-5.314394110575318,3.1079607551306485,-7.633359620222449
1780625762453492000,2.477491943359375,-5.290754876312613,3.0985484914019703,-7.653580570474267
1780625762463487000,2.487487060546875,-5.264235118177533,3.086359164175391,-7.67675686340034
1780625762473482000,2.49748193359375,-5.229020012411475,3.0734131733626127,-7.705963668662309
1780625762483477000,2.50747705078125,-5.184162633553147,3.0547131490677595,-7.743614477142692
1780625762493472800,2.51747265625,-5.129167307040095,3.032214317011833,-7.788947072297335
1780625762503467800,2.5274677734375,-5.0681893989861,3.0197715995460745,-7.8335706423997875
1780625762513461800,2.537461669921875,-5.011911631447076,3.0308292923942206,-7.865443452000617
1780625762523456800,2.547456787109375,-4.965405316337943,3.0694653125196694,-7.8799436865180725
1780625762533451800,2.55745166015625,-4.921952543580532,3.1345255214512346,-7.881594376334547
1780625762543447000,2.567447021484375,-4.86885983581841,3.221443634186685,-7.879523415279388
1780625762553443000,2.577443115234375,-4.794786007086932,3.3141461755424735,-7.8864979304671285
1780625762563437800,2.587437744140625,-4.699791555401682,3.3989003882423043,-7.907580465984344
1780625762573432800,2.597432861328125,-4.590428971146046,3.473193120421469,-7.939474902895093
1780625762583427800,2.607427734375,-4.479387640023231,3.5331495764732357,-7.976359987699985
1780625762593422800,2.6174228515625,-4.3743432112276555,3.5768808739110827,-8.015076379585265
1780625762603417900,2.62741796875,-4.271775401678681,3.606606734611094,-8.056967309853434
1780625762613414000,2.637413818359375,-4.171537496381998,3.6304371075317263,-8.09867820737958
1780625762623409000,2.647408935546875,-4.078480734761059,3.661175944666564,-8.132168389049172
1780625762633404000,2.65740380859375,-3.998007852642238,3.692117318636179,-8.158098364597558
1780625762643399000,2.66739892578125,-3.9248262965753673,3.7117952480524776,-8.184662546396256
1780625762653394000,2.677393798828125,-3.846028361931443,3.714489601702988,-8.220767879000306
1780625762663389000,2.687388916015625,-3.754885324977338,3.6968010925382373,-8.270725795868039
1780625762673385000,2.697385009765625,-3.6622576024234292,3.6655300482228395,-8.325992925059795
1780625762683380000,2.7073798828125,-3.575881049218774,3.6333608860239384,-8.377478782147168
1780625762693375000,2.717375,-3.474411264039576,3.6123534615695476,-8.429102586400509
1780625762703369700,2.72736962890625,-3.3654996384218334,3.599798808161914,-8.478516313388942
1780625762713364700,2.73736474609375,-3.2748040529742837,3.5923438159808514,-8.51710703306794
1780625762723359700,2.74735986328125,-3.21066358923614,3.5901153262764214,-8.542428521329164
1780625762733356000,2.75735595703125,-3.1641534747347233,3.587186287087202,-8.5609935210675
1780625762743351000,2.76735107421875,-3.133146634313464,3.5756671142071483,-8.577201728546619
1780625762753346000,2.777345947265625,-3.1086653962686657,3.5459517749011513,-8.598418704098462
1780625762763341000,2.787341064453125,-3.077203505556285,3.4992893924474715,-8.628799229314923
1780625762773335800,2.797335693359375,-3.0338398723870514,3.4524630516037345,-8.662949920719862
1780625762783331800,2.807331787109375,-2.986199000290036,3.4272315797135233,-8.689481953814624
1780625762793326800,2.817326904296875,-2.94532922976315,3.4230776749044654,-8.705054201477765
1780625762803321900,2.82732177734375,-2.91553527226299,3.428044941923022,-8.713124695208668
1780625762813316900,2.83731689453125,-2.8963763982847333,3.4315909439668055,-8.718117681190371
1780625762823312000,2.847311767578125,-2.886094658245146,3.4406270678594706,-8.717967459064722
1780625762833307100,2.85730712890625,-2.8779382397964595,3.4606501574516293,-8.712735988152026
1780625762843303000,2.867302978515625,-2.8686057633057236,3.4884184543430803,-8.704736806091665
1780625762853298000,2.8772978515625,-2.859997801697254,3.520167053042352,-8.694781813788413
1780625762863293000,2.88729296875,-2.8563541844978926,3.552012390114367,-8.683021233367919
1780625762873288000,2.897287841796875,-2.861875578267872,3.5805829432994125,-8.669457402917741
1780625762883283000,2.907282958984375,-2.8828686819359657,3.606521978937089,-8.651730607569217
1780625762893278000,2.91727783203125,-2.91369899674654,3.627220191311836,-8.632729554501175
1780625762903273700,2.927273681640625,-2.9440494190856814,3.6358354594439266,-8.618797475260495
1780625762913268700,2.937268798828125,-2.962371549978852,3.632017362460494,-8.6141271453619
1780625762923264000,2.947263916015625,-2.958844544896483,3.623546471235156,-8.618906196331977
1780625762933259000,2.957259033203125,-2.9393691523149608,3.6203082199662924,-8.626927590224147
1780625762943254000,2.96725390625,-2.921670121756196,3.6280715474441645,-8.629677765715122
1780625762953249000,2.9772490234375,-2.9180823263972995,3.6521006578072903,-8.620750362893938
1780625762963244800,2.987244873046875,-2.9289234538853166,3.6983676112025976,-8.597317464858293
1780625762973239800,2.99723974609375,-2.9490757228150963,3.7672064618900416,-8.560460437104105
1780625762983234800,3.00723486328125,-2.9735683590367437,3.8538618320360776,-8.513284844431281
1780625762993229800,3.017229736328125,-2.9945515258327124,3.9475606909528373,-8.462849373179674
1780625763003224800,3.027224853515625,-3.0062878485947846,4.043184964974224,-8.413398236790298
1780625763013219800,3.0372197265625,-3.0027661042094227,4.144449582970142,-8.365244154474139
1780625763023216000,3.047216064453125,-2.984517915335297,4.252133420358598,-8.317595099070667
1780625763033211000,3.0572109375,-2.956750495226681,4.366028679607808,-8.268361404824256
1780625763043206000,3.067205810546875,-2.928271419717371,4.486946677100658,-8.213582351410388
1780625763053201000,3.077200927734375,-2.9132462845429776,4.612481228478253,-8.149134721419214
1780625763063196000,3.08719580078125,-2.917792403540015,4.731005316571891,-8.07926097472608
1780625763073192000,3.09719189453125,-2.943882538086176,4.8302357983916995,-8.010790080568194
1780625763083187000,3.10718701171875,-2.9902494447246193,4.911039519900084,-7.944209530201554
1780625763093182000,3.117181884765625,-3.051410892651975,4.9843952634900806,-7.874966482627391
1780625763103177000,3.127177001953125,-3.111787035420537,5.061079274719953,-7.802092969596385
1780625763113171700,3.137171630859375,-3.1585075778022405,5.141909299713373,-7.7301354023665185
1780625763123166700,3.147166748046875,-3.1874569011718035,5.218779773426055,-7.666476292404532
1780625763133163000,3.1571630859375,-3.195935975703597,5.2851949040979145,-7.617290528953075
1780625763143158000,3.167157958984375,-3.1894144649803637,5.3386850867450235,-7.582642993941903
1780625763153153000,3.177153076171875,-3.177490802952647,5.3784758298635476,-7.559492419978976
1780625763163148000,3.18714794921875,-3.1698116466268895,5.406648615902662,-7.542600906410813
1780625763173142800,3.197142822265625,-3.172315446141362,5.4296343546926975,-7.525017318925261
1780625763183137800,3.2071376953125,-3.184363903592527,5.454838938575983,-7.501662746822833
1780625763193133800,3.2171337890625,-3.2005200886234637,5.480303634700179,-7.476184606695175
1780625763203128800,3.22712890625,-3.2157436689794063,5.496344668918848,-7.457852246668934
1780625763213123800,3.237123779296875,-3.2189427572816607,5.496530546879768,-7.456335412365197
1780625763223119000,3.247119140625,-3.2040053003907203,5.47897677001059,-7.475663213169574
1780625763233114000,3.257114013671875,-3.173684104146063,5.441448711127043,-7.51589994648993
1780625763243110000,3.26710986328125,-3.1325407773748037,5.383408610090613,-7.574726229467988
1780625763253105000,3.27710498046875,-3.0862852221563455,5.309395279374718,-7.645622304946183
1780625763263100000,3.287099853515625,-3.0414898026183246,5.22524283196032,-7.721176435363292
1780625763273095000,3.297094970703125,-2.9995068101525306,5.135613414439558,-7.797360095855593
1780625763283090000,3.30708984375,-2.9577880215808747,5.049534382876754,-7.869185561138391
1780625763293085000,3.3170849609375,-2.919760196481645,4.977279878526926,-7.929190824767947
1780625763303080700,3.327080810546875,-2.8898411512970923,4.920984575331211,-7.97515704165101
1780625763313076000,3.337075927734375,-2.8690365559384223,4.876921269460023,-8.00966019975543
1780625763323071000,3.347071044921875,-2.8548545935899017,4.841104690669477,-8.036410844036936
1780625763333066000,3.35706591796875,-2.846077705155313,4.810639409779012,-8.057790901196002
1780625763343061000,3.36706103515625,-2.842406907688081,4.782452302953601,-8.075845028802751
1780625763353056000,3.377055908203125,-2.8400553761258718,4.753897531859576,-8.09351103387475
1780625763363051800,3.3870517578125,-2.8281910430699586,4.728250757166743,-8.112666985243559
1780625763373046800,3.397046875,-2.799213078127801,4.705713054405153,-8.135788333112002
1780625763383041800,3.407041748046875,-2.752834481051564,4.684785417188704,-8.163643723765015
1780625763393036800,3.417036865234375,-2.698938055691123,4.667108598461747,-8.191716556560992
1780625763403031800,3.42703173828125,-2.6479870361328124,4.65544563319683,-8.214947794544697
1780625763413028000,3.437028076171875,-2.602985572628677,4.654188911134004,-8.2300290438205
1780625763423023000,3.447023193359375,-2.5559894281759856,4.664711766453087,-8.23879628764391
1780625763433017900,3.457017822265625,-2.497401337867975,4.683143495200574,-8.246305055838823
1780625763443012900,3.467012939453125,-2.416981793371588,4.704774312250316,-8.257946393793821
1780625763453008000,3.4770078125,-2.3052703079022465,4.723958028408885,-8.27890910232365
1780625763463003000,3.4870029296875,-2.1691255151830613,4.736230065482855,-8.308634378501772
1780625763472999000,3.4969990234375,-2.007190739908069,4.747373683048784,-8.342902558806538
1780625763482994000,3.506993896484375,-1.8111377141930163,4.763752278658747,-8.378355564981698
1780625763492989000,3.516989013671875,-1.589813322968781,4.7823523497104645,-8.412608547717332
1780625763502984000,3.52698388671875,-1.3638681400761008,4.7962601712927215,-8.444294894835352
1780625763512979500,3.5369794921875,-1.145801289343089,4.7984082892373205,-8.475423023548721
1780625763522974700,3.546974609375,-0.9411829721175133,4.784549859754741,-8.508387135517596
1780625763532970800,3.556970703125,-0.7462479906469583,4.760604628282785,-8.541085874548553
1780625763542965800,3.5669658203125,-0.5593342569380998,4.724166702723503,-8.575534672117232
1780625763552960500,3.57696044921875,-0.38310171091519296,4.665906529195606,-8.617014098975062
1780625763562955500,3.58695556640625,-0.22057260474255308,4.581113738051057,-8.668052212294935
1780625763572950500,3.596950439453125,-0.07932299056448973,4.47282579728961,-8.72685043822229
1780625763582946600,3.606946533203125,0.02656986262081191,4.347221980068087,-8.790412517550587
1780625763592941600,3.616941650390625,0.10515167942917905,4.207885113309324,-8.857371253579855
1780625763602936600,3.6269365234375,0.16722215935969725,4.070110089039802,-8.920574436467886
1780625763612931800,3.636931884765625,0.21955497039891778,3.9534684536918996,-8.971749912431836
1780625763622926600,3.646926513671875,0.27355997070036825,3.8635716174066066,-9.009348698464036
1780625763632921600,3.656921630859375,0.33250122182760383,3.7965839475437995,-9.035805912756919
1780625763642917600,3.666917724609375,0.39624457600694146,3.750325177454948,-9.052537267327308
1780625763652912600,3.67691259765625,0.4648067651774734,3.7223563895553347,-9.060817604416608
1780625763662907600,3.68690771484375,0.5310992193177342,3.7132109600692984,-9.0609257409662
1780625763672902700,3.696902587890625,0.5927195899937302,3.724387018600106,-9.05251447097361
1780625763682897700,3.706897705078125,0.6442519896365702,3.7579797838613387,-9.03509513413906
1780625763692892700,3.716892578125,0.683364614297822,3.8162566162630913,-9.007750615617633
1780625763702888700,3.726888671875,0.7129472671348601,3.898580971467495,-8.970124941578506
1780625763712883700,3.7368837890625,0.7299372726414353,4.001657899582386,-8.923245116981864
1780625763722878700,3.746878662109375,0.7269854370985179,4.124796495734155,-8.867240321165323
1780625763732873700,3.756873779296875,0.7101359360411763,4.264003890894353,-8.802519719451665
1780625763742868700,3.76686865234375,0.7035918481599539,4.405869983869791,-8.732905500477552
1780625763752864500,3.776864501953125,0.7049028576932848,4.539064402350783,-8.664318286463617
1780625763762859500,3.786859619140625,0.7102569320723414,4.656103512583673,-8.601548234295844
1780625763772854500,3.7968544921875,0.7224529082354157,4.752460192532837,-8.547664668416976
1780625763782849500,3.806849609375,0.742987016089633,4.826392274706065,-8.50436971656978
1780625763792844500,3.816844482421875,0.7848906597089021,4.885367026244103,-8.466849256470798
1780625763802839600,3.826839599609375,0.8484010088499635,4.932426006799936,-8.43337310332656
1780625763812835600,3.836835693359375,0.9114208710603415,4.956921565631031,-8.412410979318619
1780625763822830600,3.84683056640625,0.9993283601593226,4.975654323151708,-8.391341303282976
1780625763832825600,3.85682568359375,1.1230129728212952,5.000234053134918,-8.361033843302726
1780625763842820600,3.866820556640625,1.2449836942374706,5.033255448248982,-8.323864680859446
1780625763852815600,3.876815673828125,1.3597424384482204,5.080266205748916,-8.277221003106236
1780625763862810600,3.886810546875,1.480317906113714,5.147507850372791,-8.214757240408659
1780625763872806700,3.896806640625,1.6053350094884633,5.241335888627171,-8.131526584014296
1780625763882801400,3.906801513671875,1.729400511226803,5.369095422577858,-8.021993027105927
1780625763892796400,3.91679638671875,1.8600339931786058,5.535331694439053,-7.878498163884878
1780625763902791400,3.92679150390625,1.9957241739980875,5.738694458645582,-7.697717233842611
1780625763912786700,3.93678662109375,2.121880072144419,5.975840249988436,-7.480466229537129
1780625763922782700,3.94678271484375,2.2067826072737575,6.238722540134191,-7.237322074562311
1780625763932777700,3.95677783203125,2.220681807158142,6.5170572509557,-6.983332115924358
1780625763942772700,3.966772705078125,2.1474686869092285,6.792877933129668,-6.73910542640984
1780625763952767500,3.976767578125,1.985577020123601,7.042927045187354,-6.52878802075982
1780625763962762500,3.986762451171875,1.7312307953938841,7.273489366486668,-6.345829162156582
1780625763972757500,3.996757568359375,1.3981751910865305,7.510685426712036,-6.148586926656961
1780625763982753500,4.00675341796875,1.0047549883179365,7.742306317153573,-5.934437395498156
1780625763992748800,4.016748779296875,0.6351718074064702,7.946983671090006,-5.710727424311638
1780625764002743800,4.026743896484375,0.5182067487904801,8.123301191982627,-5.46935437066257
1780625764012738800,4.03673876953125,0.6279014510773122,8.258884551426767,-5.250425788533687
1780625764022733600,4.046733642578125,0.8172627240687608,8.349673075854778,-5.077935716974735
1780625764032729600,4.0567294921875,1.0190970365989953,8.42723328539729,-4.910556120297312
1780625764042724600,4.066724609375,1.2305701150901616,8.530736329969763,-4.677885428541899
1780625764052719600,4.0767197265625,1.4188593749359248,8.673947115552425,-4.349698307053744
1780625764062714600,4.086714599609375,1.5365274307221173,8.844715185624361,-3.9472129004284735
1780625764072709600,4.096709716796875,1.5752636963516473,9.025046618333459,-3.4982097805172203
1780625764082704600,4.10670458984375,1.5346652901120483,9.200423058983683,-3.0277690280407668
1780625764092700700,4.11670068359375,1.432853998018801,9.358240462067723,-2.557468268556893
1780625764102695700,4.12669580078125,1.3273805301561952,9.492170209085941,-2.075365135337412
1780625764112690700,4.136690673828125,1.2505167784452438,9.60045581175983,-1.5613627429015933
1780625764122685700,4.146685791015625,1.2070461047049612,9.68009165853262,-1.0046247130017727
1780625764132680700,4.1566806640625,1.1827609006889164,9.726723061326146,-0.4029160896601155
1780625764142676500,4.166676513671875,1.1596358995586633,9.734750884959102,0.24552156989695503
1780625764152671500,4.17667138671875,1.1276127947669476,9.696607909047604,0.9352300550624728
1780625764162666500,4.18666650390625,1.0880034726299346,9.60597311387658,1.646780972468108
1780625764172661500,4.19666162109375,1.0430047125395387,9.461486317008733,2.3585613147154447
1780625764182656500,4.206656494140625,0.9804332516837865,9.264993438571691,3.0608880383104085
1780625764192651500,4.216651611328125,0.8829214834153651,9.022670536851882,3.739285020263493
1780625764202647800,4.226647705078125,0.7431382611285895,8.763817940613627,4.337467186512053
1780625764212642600,4.236642578125,0.5678252776360139,8.555012693092227,4.760220597401261
1780625764222637600,4.246637451171875,0.3811652994925156,8.473136958438158,4.922504916766286
1780625764232632600,4.256632568359375,0.22361310494961215,8.546341895380616,4.804207330904901
1780625764242627600,4.266627685546875,0.1128390647271648,8.724446884211897,4.476795869964361
1780625764252623600,4.27662353515625,0.052510167766967784,8.93409033612311,4.0434684580907225
1780625764262618600,4.28661865234375,0.04220608346483204,9.124088007321953,3.5943913961604235
1780625764272613600,4.296613525390625,0.07335781681607477,9.263909734988212,3.216364723487198
1780625764282608400,4.3066083984375,0.1430990414370317,9.328171487018466,3.0224346812754868
1780625764292603600,4.316603759765625,0.23555492368852718,9.313396527212857,3.061950114583969
1780625764302598700,4.3265986328125,0.32774226379748433,9.255360517829656,3.225102741216123
1780625764312594700,4.3365947265625,0.3978507325619459,9.191089997971057,3.39646468552798
1780625764322589700,4.346589599609375,0.43424259048979724,9.145124950131773,3.5140462320744987
1780625764332584700,4.356584716796875,0.4497183189759031,9.12344094159007,3.568049332679808
1780625764342579700,4.366579833984375,0.46568256163131444,9.11933935149014,3.576474923458695
1780625764352574500,4.376574462890625,0.49623212327174837,9.125403181573748,3.556844632576406
1780625764362570500,4.386570556640625,0.5477329952651635,9.134818660172819,3.5249823443695902
1780625764372565500,4.3965654296875,0.6200368551820516,9.142170776501297,3.493804531295597
1780625764382560800,4.406560791015625,0.7085792081184685,9.145372787413,3.4684944412112233
1780625764392555800,4.4165556640625,0.805101234697178,9.145738113594055,3.4464027286514636
1780625764402550800,4.42655078125,0.9027933279685676,9.145274587735534,3.423341878798604
1780625764412546600,4.436546630859375,0.9953561685927211,9.146043818542362,3.395519513632357
1780625764422541600,4.44654150390625,1.0773312719680368,9.149135354816913,3.361999813607335
1780625764432536600,4.45653662109375,1.147292623879388,9.154207835775614,3.3248405880361793
1780625764442531600,4.466531494140625,1.2061864191357046,9.160876646015048,3.2853990967467426
1780625764452526600,4.476526611328125,1.2559008095711468,9.169154060494899,3.243412889410555
1780625764462521600,4.486521484375,1.298698625551164,9.179528739514947,3.1968782249897716
1780625764472517600,4.496517578125,1.3372710789211093,9.192640150022505,3.1428438524633644
1780625764482512600,4.5065126953125,1.3753539952084421,9.208425163653493,3.0795605900764462
1780625764492507600,4.516507568359375,1.4171819432429968,9.225599585816264,3.008369915565848
1780625764502502700,4.526502685546875,1.4653539996072649,9.242239170449972,2.933278141963482
1780625764512497700,4.53649755859375,1.5196705500759184,9.256579245969652,2.8594980354815718
1780625764522493700,4.54649365234375,1.5771107855230568,9.267392900928854,2.792590737378597
1780625764532488700,4.55648876953125,1.6337569479830563,9.274151143017411,2.7370371924608943
1780625764542483500,4.5664833984375,1.6863647948376834,9.277077844119072,2.694883227342367
1780625764552478500,4.576478515625,1.7333303980216384,9.277501037967205,2.6634420871570703
1780625764562473700,4.5864736328125,1.7782213868886232,9.277094210731983,2.6351135260343552
1780625764572468700,4.59646875,1.8252527487851677,9.277235665029286,2.6022572583541272
1780625764582464800,4.60646484375,1.8742830294139683,9.279981748867034,2.5572180931881068
1780625764592459800,4.616459716796875,1.9157282617412505,9.288948899176717,2.4931501101642843
1780625764602454800,4.626454833984375,1.9457310396865009,9.302796807265281,2.4171292390182613
1780625764612449500,4.636449462890625,1.96806649787426,9.31715909461677,2.3425731797277924
1780625764622444500,4.646444580078125,1.9881572458751497,9.329054699593781,2.277355588277429
1780625764632440600,4.656440673828125,2.0109635364450513,9.337451941061019,2.222255486215651
1780625764642435600,4.666435546875,2.0411985157109798,9.342295873960852,2.173796867994964
1780625764652430800,4.676430908203125,2.079847979839891,9.344491922700405,2.127223332868516
1780625764662425900,4.68642578125,2.1245416925691067,9.345219652453064,2.0793185491383075
1780625764672420900,4.6964208984375,2.1713766551107168,9.345371043622492,2.0296642913922667
1780625764682415600,4.70641552734375,2.217123091763258,9.345441770771146,1.9792522010162472
1780625764692411600,4.71641162109375,2.259364735165238,9.345610113075375,1.9300811967425047
1780625764702406700,4.72640673828125,2.2971751181215048,9.345641677257419,1.884762630113214
1780625764712401700,4.736401611328125,2.3301810234054923,9.345178151398896,1.8461631426058709
1780625764722396700,4.746396728515625,2.3599879865176976,9.343864146190882,1.8146739254951476
1780625764732391700,4.7563916015625,2.3898769288249313,9.341286404657364,1.788636544049531
1780625764742387700,4.7663876953125,2.422734950070828,9.337240344136953,1.7654118819370865
1780625764752382700,4.7763828125,2.458762102872133,9.33217312387526,1.7422431877955793
1780625764762377700,4.786377685546875,2.4962337553933263,9.326804874840379,1.7175350091271102
1780625764772372700,4.796372802734375,2.5328654499590395,9.321662835776806,1.6916327983684838
1780625764782367700,4.80636767578125,2.5691230505153535,9.31635596154034,1.665987338849902
1780625764792362800,4.81636279296875,2.6070573521122333,9.309946679019927,1.642728920598328
1780625764802358500,4.826358642578125,2.6461928461924193,9.302043943071364,1.6248216541163623
1780625764812353500,4.836353515625,2.685426247689128,9.292864611315727,1.6129320404887197
1780625764822348500,4.8463486328125,2.723938349173963,9.282896759530901,1.6057371605485677
1780625764832343600,4.856343505859375,2.76153333581388,9.272419789180159,1.6020356756821275
1780625764842338600,4.866338623046875,2.8002570342227813,9.261423763391376,1.5984280065789818
1780625764852334800,4.8763349609375,2.8408839359045026,9.25042773760259,1.5903870312035082
1780625764862329600,4.88632958984375,2.880729039558768,9.240440596595406,1.5767187174655497
1780625764872324600,4.89632470703125,2.9179090156570076,9.231662831377983,1.5596686523348091
1780625764882319600,4.906319580078125,2.9518092394322157,9.22396234000325,1.5413469598330556
1780625764892314600,4.916314697265625,2.9825650277018547,9.21704686152637,1.5234003842540085
1780625764902310700,4.926310546875,3.013736118774116,9.20966201197207,1.506616422713548
1780625764912305700,4.9363056640625,3.0518291180640458,9.199415343245864,1.4924696778088806
1780625764922300700,4.94630078125,3.1022926463663576,9.183913238209486,1.483883489640802
1780625764932295700,4.956295654296875,3.1655674331858754,9.162576435670257,1.4821508206292986
1780625764942290400,4.96629052734375,3.2352240299969908,9.137665281775593,1.485529649412632
1780625764952285700,4.97628564453125,3.3018101333215832,9.112839468076825,1.4915027324728667
1780625764962281700,4.98628173828125,3.3559114336043594,9.091804278832674,1.4991227059572934
1780625764972276700,4.99627685546875,3.390692531867325,9.077309305012225,1.508674085895717
1780625764982271700,5.006271728515625,3.405530912297964,9.070061233580113,1.5187934749804437
1780625764992266800,5.016266845703125,3.405702177211642,9.068652535825967,1.5268017171300947
1780625765002261800,5.02626171875,3.399111692905426,9.070230160406231,1.5321080068446695
1780625765012257500,5.036257568359375,3.3926647087231276,9.071822982555627,1.536958807876706
1780625765022252500,5.04625244140625,3.3901340212017295,9.071616646328568,1.5437470067121088
1780625765032247600,5.05624755859375,3.3924320690110323,9.069179774570465,1.552980114481598
1780625765042242800,5.066242919921875,3.3987545500308274,9.064981738358735,1.5636352178782225
1780625765052237800,5.07623779296875,3.408054293295741,9.059645053505896,1.5742843299254774
1780625765062232800,5.08623291015625,3.419337611593306,9.053806848871707,1.5833813902251421
1780625765072228600,5.096228515625,3.4317125245198605,9.048170888811349,1.5888088221013545
1780625765082223600,5.1062236328125,3.4431507411181923,9.043791650813818,1.588994115540385
1780625765092218600,5.116218505859375,3.452295586082339,9.0413442576617,1.5830864989317952
1780625765102213600,5.126213623046875,3.4623435173660515,9.039730977246165,1.5702989135511218
1780625765112208600,5.136208740234375,3.4824776661172505,9.035403177174926,1.550559317075461
1780625765122204400,5.146204345703125,3.5216581683829427,9.0248174857527,1.5234836786232888
1780625765132199700,5.15619970703125,3.576024257081747,9.00874488735199,1.4916228517211974
1780625765142194700,5.166194580078125,3.6265921225413678,8.993632073894142,1.4603981307655571
1780625765152189700,5.176189697265625,3.65364964081496,8.987067308551072,1.4331225858271122
1780625765162184700,5.186184814453125,3.65222253062129,8.991542992660403,1.4084849881768227
1780625765172180700,5.1961806640625,3.6282992187201977,9.004950171244143,1.384440680244565
1780625765182175700,5.20617578125,3.5883509469524024,9.024337593281269,1.3621639665067196
1780625765192170500,5.21617041015625,3.5400156628504393,9.045705960002541,1.346802000593394
1780625765202165500,5.22616552734375,3.4941868086114525,9.064280312091112,1.3416015093408524
1780625765212160500,5.236160400390625,3.464046814152598,9.075843324112892,1.3415883575983345
1780625765222155500,5.246155517578125,3.4551235029846428,9.080182230100036,1.3352055246934293
1780625765232151800,5.25615185546875,3.4567703934088345,9.082562403234839,1.31461033430174
1780625765242146800,5.266146728515625,3.4507226376771927,9.089275052616,1.2837502088747919
1780625765252141800,5.276141845703125,3.4237717946484683,9.103599346044659,1.2540591272272168
1780625765262136600,5.286136474609375,3.375218776142597,9.124743840882182,1.2317962958842514
1780625765272131600,5.296131591796875,3.3131130331024528,9.149431122893095,1.2172004189725965
1780625765282127600,5.306127685546875,3.2463422208607193,9.174829768043756,1.2058748689685017
1780625765292122600,5.31612255859375,3.1789959468185898,9.200666220089794,1.188331905754283
1780625765302117600,5.32611767578125,3.110324853913486,9.227720231232047,1.1599422620940953
1780625765312112600,5.336112548828125,3.0374340974867344,9.256429608365893,1.1237939671311528
1780625765322107600,5.346107666015625,2.958960280230641,9.286457666882873,1.084743813246861
1780625765332103700,5.356103759765625,2.87654736995995,9.316662835532426,1.0467192760832607
1780625765342098700,5.3660986328125,2.79381647978127,9.345632909429073,1.012000867792964
1780625765352093700,5.37609375,2.714594474506378,9.37202874892354,0.9830870541281997
1780625765362088700,5.386088623046875,2.6424422614872456,9.394847898975014,0.9616290363620966
1780625765372083700,5.396083740234375,2.576423436656594,9.41470001591444,0.9464858277659862
1780625765382078700,5.40607861328125,2.5097803424477574,9.43407808560133,0.9325017260771244
1780625765392074500,5.416074462890625,2.4375590097151694,9.454823936510085,0.9137885500397532
1780625765402069500,5.426069580078125,2.3610130917817354,9.476801375040411,0.8867210218288004
1780625765412064500,5.436064453125,2.283719278090447,9.499047693639993,0.8503658061169087
1780625765422059800,5.446059814453125,2.2092668253049252,9.520506661254167,0.8059172272551804
1780625765432054800,5.4560546875,2.1388876133076846,9.54065922244489,0.7558873411297797
1780625765442050800,5.46605078125,2.071219706095755,9.559597731670737,0.7032305405668914
1780625765452045600,5.476045654296875,2.0038199483007193,9.577675240153074,0.650543929387629
1780625765462040600,5.48604052734375,1.9348624396696685,9.595095161509514,0.6007082871926948
1780625765472035600,5.49603564453125,1.8646579997174442,9.61164180716276,0.5565972697222605
1780625765482030600,5.506030517578125,1.7949314064100383,9.626856327429413,0.5217618839887902
1780625765492025600,5.516025634765625,1.7269390895493328,9.640510758772491,0.49862497322503474
1780625765502021600,5.526021728515625,1.6612474508464334,9.652643679636716,0.48697435598503797
1780625765512017000,5.536016845703125,1.5989659128479659,9.663315295776725,0.4837403790324926
1780625765522011100,5.54601123046875,1.5424397235058247,9.67242682299316,0.48519536361377685
1780625765532006100,5.556006103515625,1.4943120908051728,9.679804073762893,0.4886946039063856
1780625765542001000,5.5660009765625,1.455561650519818,9.685483872964978,0.49309349645245815
1780625765551997200,5.5759970703125,1.4233233686074613,9.690060094839334,0.4972738143444061
1780625765561992200,5.5859921875,1.3936251265667379,9.694270990532637,0.49929388546254483
1780625765571987200,5.5959873046875,1.363955964490026,9.698599959647655,0.4971624994570389
1780625765581982200,5.605982177734375,1.3333417766481637,9.703224112316965,0.48995150863230225
1780625765591977200,5.615977294921875,1.3021309380874038,9.708078566610812,0.477536190630123
1780625765601973000,5.625972900390625,1.2711086078360676,9.712979782655834,0.46118718644082546
1780625765611968000,5.635968017578125,1.2427968517176806,9.717480016684531,0.4432243903793394
1780625765621963000,5.645962890625,1.2214610720917582,9.720919928005337,0.4267885116241872
1780625765631958000,5.6559580078125,1.211008432464674,9.722768186220526,0.41426469174623487
1780625765641953300,5.665953369140625,1.2125272395297884,9.722840082412958,0.4080777832722291
1780625765651948300,5.6759482421875,1.2240120717488228,9.721311557671427,0.41019831909015775
1780625765661944000,5.685944091796875,1.2414014518365264,9.718599376103281,0.42209973275344814
1780625765671939000,5.69593896484375,1.2599703970976173,9.715309686908125,0.44230449905544517
1780625765681934000,5.70593408203125,1.278153557911515,9.711889064809679,0.46468741311412304
1780625765691929000,5.71592919921875,1.2973748296014964,9.708445061835645,0.48302437625024464
1780625765701924000,5.725924072265625,1.317412386110425,9.70513549889624,0.4951488946123048
1780625765711920000,5.735920166015625,1.3370235339008272,9.702137486124037,0.5012983571527525
1780625765721915000,5.745914794921875,1.3554972020938991,9.699517659014463,0.5023625523181632
1780625765731910100,5.75591015625,1.3742512946635483,9.697072603949904,0.49859191120564933
1780625765741905200,5.7659052734375,1.3971104844644664,9.694255208441614,0.48978199728429317
1780625765751900200,5.775900146484375,1.42761551284343,9.690448217374087,0.4769777895623818
1780625765761896200,5.785896240234375,1.46833345380947,9.685010410234332,0.4636402786813676
1780625765771891200,5.79589111328125,1.5163602564841507,9.678080903232097,0.45367144051585345
1780625765781886200,5.80588623046875,1.5595514556959271,9.671304540964961,0.4517098581193015
1780625765791881000,5.815880859375,1.585141970156878,9.666644732460378,0.4622402026250958
1780625765801876000,5.8258759765625,1.5880102190695702,9.665181089648604,0.48258887090981006
1780625765811871000,5.83587109375,1.57205540182963,9.66677332727611,0.5025268760344014
1780625765821867300,5.8458671875,1.544413215535879,9.670755090388655,0.5115456834660843
1780625765831862300,5.8558623046875,1.512215996286273,9.676113402551412,0.5064091242952272
1780625765841857300,5.865857177734375,1.4808420761182903,9.681769820877909,0.490710071914643
1780625765851852300,5.875852294921875,1.4549160460926591,9.686721890327334,0.47011992302425204
1780625765861847000,5.885846923828125,1.439238146097958,9.689926239326596,0.45203021264746784
1780625765871843000,5.895843017578125,1.436891144580394,9.6907194355309,0.442335624846071
1780625765881838000,5.905838134765625,1.4483013041280208,9.688834936958552,0.4464207752678543
1780625765891833000,5.9158330078125,1.4703336877159774,9.684610012739896,0.4656310506397858
1780625765901828000,5.925828125,1.4972162878140807,9.678912093359232,0.4973488888746127
1780625765911823000,5.935822998046875,1.5184433463685214,9.673539168149233,0.5360735736642033
1780625765921819100,5.945819091796875,1.5215008342429994,9.670961426615715,0.5726493367915972
1780625765931814100,5.955814208984375,1.5010826078534125,9.672598672428727,0.598302431627363
1780625765941809200,5.96580908203125,1.4613336580500005,9.67803940217793,0.6086235538292676
1780625765951804200,5.97580419921875,1.415012490249425,9.685197457239031,0.6042088426595553
1780625765961799200,5.985799072265625,1.3768451105490327,9.691592711234092,0.5896796012433245
1780625765971794200,5.995794189453125,1.3562627796389162,9.695469844928382,0.5734076078129932
1780625765981790000,6.0057900390625,1.3550044501408933,9.696431967958807,0.5599683535905554
1780625765991785000,6.015784912109375,1.3705143000923097,9.694724579519033,0.5517026295484975
1780625766001780000,6.025780029296875,1.4000205266922712,9.690565121752023,0.5507322501463815
1780625766011775000,6.03577490234375,1.4406953591689466,9.684217798551916,0.5574386889824643
1780625766021770000,6.04577001953125,1.4884255169846117,9.676199327269195,0.571114309244044
1780625766031766300,6.055766357421875,1.5379961881004274,9.667190091383457,0.5919142649602145
1780625766041761300,6.06576123046875,1.5870527722142636,9.65768985711038,0.6169876967445016
1780625766051756000,6.075756103515625,1.6374103559240698,9.647827803787589,0.6393053270146251
1780625766061751000,6.0857509765625,1.6891289988540112,9.63810837380588,0.6512103574071079
1780625766071746000,6.09574609375,1.7344263765648007,9.630357613548636,0.6468233014293014
1780625766081742000,6.1057421875,1.7636923646681009,9.626576341444254,0.6235587456978857
1780625766091737000,6.115737060546875,1.7762743444740772,9.626758127751947,0.5837495901398361
1780625766101732000,6.125732177734375,1.7811070253275334,9.628752516439556,0.534005462153256
1780625766111727400,6.135727294921875,1.7856712645031512,9.630698974332212,0.4810297318343073
1780625766121722000,6.14572216796875,1.7930609363630412,9.631439563566445,0.4366878282174468
1780625766131717000,6.155717041015625,1.8055067225687205,9.630134910708666,0.41353889822233464
1780625766141713200,6.165713134765625,1.8241620309390127,9.626604983016849,0.4138995116956532
1780625766151708200,6.175708251953125,1.84794140432477,9.621310383740067,0.4311401309624314
1780625766161703200,6.185703125,1.8758507171221077,9.614760231444238,0.4560264426767826
1780625766171698200,6.1956982421875,1.9086735209241508,9.607063247200847,0.4813859979260713
1780625766181693200,6.205693115234375,1.9486269072584808,9.597926001021266,0.5030396113295108
1780625766191689000,6.21568896484375,1.9989095260359346,9.586723639005422,0.5191363943234085
1780625766201684200,6.225684326171875,2.0587109376564623,9.573435118365287,0.5305188621465117
1780625766211679200,6.23567919921875,2.1212423587627707,9.559228313836455,0.5402254691792652
1780625766221674200,6.24567431640625,2.1795587925225495,9.545590249106287,0.5491889662271365
1780625766231669200,6.255669189453125,2.229514079041779,9.533545006525516,0.5578366022588684
1780625766241665000,6.2656650390625,2.2706705575555564,9.523320549631118,0.5663894361466169
1780625766251660000,6.275659912109375,2.304967963954806,9.514552721285819,0.5751440031515435
1780625766261655000,6.285655029296875,2.334758122062683,9.50679377772212,0.5832150814043358
1780625766271650000,6.295650146484375,2.36015106812492,9.500106847304105,0.5899642634036019
1780625766281645000,6.30564501953125,2.3800759580396114,9.494819262290001,0.5949972526021301
1780625766291640000,6.31564013671875,2.395503098143637,9.490806519517301,0.5971086187329143
1780625766301636000,6.325635986328125,2.4128141522981226,9.4866692735821,0.5931636439668014
1780625766311631000,6.335631103515625,2.4412676549747583,9.480302076637745,0.5783422877361998
1780625766321626000,6.345626220703125,2.4824203340962527,9.471191133943199,0.5518518287608399
1780625766331621000,6.35562109375,2.5285847038999196,9.460676169669627,0.521759399770759
1780625766341616000,6.3656162109375,2.571231128710508,9.450276356208324,0.5014371811015531
1780625766351612200,6.375612060546875,2.6066061012133956,9.440673246082662,0.49966604324318464
1780625766361607200,6.385607177734375,2.639768658363819,9.430624145755171,0.5151122899064794
1780625766371602200,6.395602294921875,2.678560745833814,9.4182445566535,0.5407276830803602
1780625766381597000,6.405596923828125,2.727725466497242,9.402471233460307,0.5686939867619425
1780625766391592000,6.415592041015625,2.7832965470716355,9.384712873929738,0.5922858747515827
1780625766401588200,6.425588134765625,2.83414702886492,9.368572470989823,0.6064864322027191
1780625766411583200,6.435583251953125,2.87181040456593,9.356988416180014,0.6081771983012557
1780625766421578200,6.445578125,2.8958240250989795,9.35019101112485,0.598765482561849
1780625766431573200,6.4555732421875,2.9101728684470056,9.346628934729099,0.5846502287739888
1780625766441568300,6.465568359375,2.916570460529625,9.345380395972729,0.5725943186687306
1780625766451563000,6.47556298828125,2.912566193324327,9.346874433922768,0.5685813567003235
1780625766461559000,6.48555908203125,2.9015137611731885,9.349867185997962,0.5758327891333028
1780625766471554000,6.495553955078125,2.8920974057912825,9.351793770146369,0.591699891557172
1780625766481549000,6.505549072265625,2.8915242820784446,9.350798913890122,0.6099705845240503
1780625766491544000,6.5155439453125,2.900285388422012,9.347013550132512,0.6261342952743172
1780625766501539300,6.525539306640625,2.9127506099805234,9.342183061236142,0.6402483069531619
1780625766511535000,6.53553515625,2.922434091866016,9.338148106631635,0.6548018790930509
1780625766521530000,6.545530029296875,2.926174447438121,9.33582989281714,0.6709256962243467
1780625766531525000,6.555525146484375,2.922749149164557,9.335721171745657,0.6872158828984946
1780625766541520100,6.56552001953125,2.9103298125743864,9.338687620335817,0.6994836091235279
1780625766551515100,6.57551513671875,2.8873624862238763,9.345567442977428,0.7027803856465965
1780625766561511000,6.585510986328125,2.8559797982275485,9.355741630989312,0.6956081559296697
1780625766571506000,6.595505859375,2.819249027201533,9.36785000193417,0.6823400935556739
1780625766581501000,6.6055009765625,2.7784008839845655,9.38084743067324,0.6712182494301349
1780625766591496200,6.61549609375,2.737615576870739,9.392930082654953,0.6698530985567719
1780625766601491200,6.6254912109375,2.704763985365629,9.401734151357411,0.6797260385997593
1780625766611486200,6.635486328125,2.6855159717991945,9.4059514767915,0.6974648166470229
1780625766621482200,6.645482177734375,2.6775790413200853,9.40658685208559,0.7191032324813306
1780625766631477000,6.65547705078125,2.6708503175869582,9.406684467241167,0.742437346317619
1780625766641472000,6.665471923828125,2.6558622995525596,9.409020801234245,0.7662299445111304
1780625766651467000,6.675467041015625,2.629505038502812,9.414518229606747,0.7892680710755288
1780625766661462000,6.6854619140625,2.5963220230862496,9.42184053531885,0.8114176513023674
1780625766671458000,6.6954580078125,2.5636107168346642,9.42879693032801,0.8343000758484005
1780625766681453300,6.705453369140625,2.536534786121547,9.433803944835066,0.860079244749248
1780625766691448300,6.7154482421875,2.5161679976582527,9.436560550066828,0.8891563592169434
1780625766701443000,6.725443115234375,2.5017007886275646,9.437612689468263,0.9183362034067512
1780625766711438000,6.73543798828125,2.4919366427212952,9.437798567429184,0.9426522409524768
1780625766721434000,6.74543408203125,2.485477968101203,9.43786403388083,0.9589141513802111
1780625766731429000,6.75542919921875,2.480738956880569,9.438335743045807,0.9665021222911775
1780625766741424000,6.765424072265625,2.476026833666861,9.439438151329755,0.9678264296974987
1780625766751419100,6.775419189453125,2.470674074462056,9.440974859377741,0.9665020492259413
1780625766761414100,6.7854140625,2.4642124772325156,9.442702121561766,0.9661224022585898
1780625766771410200,6.79541015625,2.4577573097437617,9.444247597438096,0.9674775431945919
1780625766781405200,6.8054052734375,2.451800739426911,9.445520686113834,0.9701566262107342
1780625766791400200,6.815400146484375,2.447467532528192,9.446212175509332,0.974339318722859
1780625766801395200,6.825395263671875,2.4474223782122135,9.445721177121996,0.979210066564381
1780625766811390200,6.83539013671875,2.4527801058530807,9.443841354724764,0.9839319074545055
1780625766821385200,6.84538525390625,2.4620900782510637,9.440986549815536,0.988062504453212
1780625766831381000,6.855381103515625,2.473843936669826,9.43754780753851,0.9915302536290138
1780625766841376000,6.8653759765625,2.486737612773478,9.433768288999795,0.9952693670921027
1780625766851371000,6.87537109375,2.500934480430186,9.429495433986187,1.0001521706975995
1780625766861366000,6.885365966796875,2.5184827043414115,9.424176284790038,1.0062303946327418
1780625766871361000,6.895361083984375,2.5413161751791833,9.417332117983698,1.0128775775622576
1780625766881357300,6.905357421875,2.5692130668863653,9.409120754477382,1.0188201924189924
1780625766891352000,6.91535205078125,2.5999495659336445,9.400085799628496,1.024225850854814
1780625766901347000,6.92534716796875,2.6329174772948023,9.390279860407114,1.0299414520226418
1780625766911342000,6.935342041015625,2.669845816719532,9.379140042233466,1.0363576757404953
1780625766921337000,6.945337158203125,2.7121207778692242,9.36628231422603,1.0428602625675498
1780625766931333000,6.9553330078125,2.759586293399334,9.351743501263856,1.0487958631616086
1780625766941328100,6.965328125,2.810453434066474,9.336132090634107,1.0527895359076558
1780625766951323100,6.9753232421875,2.8615359710499644,9.320600759503245,1.0528169353712349
1780625766961318100,6.985318115234375,2.9091476170524952,9.306476957082747,1.0472535290904343
1780625766971313000,6.99531298828125,2.950752423855662,9.294524653482437,1.0369395672816784
1780625766981308200,7.00530810546875,2.9873063770100474,9.284207257607578,1.0246503598771988
1780625766991304200,7.01530419921875,3.023786388145387,9.273680018374323,1.0129017621554435
1780625767001299200,7.02529931640625,3.0654519852250814,9.260964913707971,1.0039536088071763
1780625767011294200,7.035294189453125,3.1163603346854445,9.244435219189524,0.9995628265023231
1780625767021289200,7.045289306640625,3.177914289061725,9.223363789588213,1.0003888289976866
1780625767031284000,7.055283935546875,3.2527535492077466,9.196598532259463,1.0062382126130163
1780625767041280000,7.065280029296875,3.34264980097115,9.163152774253486,1.0167172287903725
1780625767051275000,7.07527490234375,3.442496368862688,9.124620506763458,1.0300183166511356
1780625767061270300,7.085270263671875,3.5393078068420287,9.086019265690446,1.043038103352487
1780625767071265300,7.095265380859375,3.619830957843363,9.053267335167527,1.0514417014952748
1780625767081260300,7.10526025390625,3.6804488004133105,9.028838411831856,1.0510806861631572
1780625767091256000,7.115256103515625,3.727826053138077,9.010619449052214,1.0404056359570473
1780625767101251000,7.1252509765625,3.769308987127244,8.99531374337077,1.0232335518818347
1780625767111246000,7.13524609375,3.8094098191082475,8.980174626427889,1.0076021213773638
1780625767121241000,7.145240966796875,3.8515956406697627,8.963042289841175,0.9997671899680047
1780625767131236000,7.155236083984375,3.8990494657620784,8.942283579450844,1.0016957468777894
1780625767141231000,7.165231201171875,3.9520845981180663,8.917663517457246,1.0132453879613428
1780625767151227100,7.17522705078125,4.0087364596664905,8.890210277864336,1.0317940941520034
1780625767161222100,7.18522216796875,4.066011129288375,8.861848691254854,1.0514506885193289
1780625767171217200,7.195217041015625,4.118737634086608,8.835638145199418,1.0667204461045563
1780625767181212200,7.205212158203125,4.161589810602367,8.8141873608917,1.0778175941802561
1780625767191207200,7.215207275390625,4.19415557090342,8.79725200818181,1.0898527537584304
1780625767201203200,7.225203125,4.220716245570778,8.78240573670566,1.1069107099346815
1780625767211198200,7.2351982421875,4.245338645651937,8.767750019365549,1.1287379994045943
1780625767221193000,7.24519287109375,4.268955960343778,8.753400591495632,1.150795809694752
1780625767231188000,7.25518798828125,4.289120796494186,8.74126650158763,1.1679477277647703
1780625767241183000,7.265182861328125,4.304022597549856,8.732702086859941,1.177164615051821
1780625767251179300,7.27517919921875,4.315547323387861,8.726911813020706,1.1779092959392816
1780625767261174300,7.28517431640625,4.3277530172273515,8.721725934815407,1.1715083428557962
1780625767271169300,7.295169189453125,4.343974668709934,8.715052448400854,1.1611039993498473
1780625767281164300,7.305164306640625,4.36443936458975,8.70616479306817,1.1509880443312228
1780625767291159000,7.315158935546875,4.386963915608823,8.69572172498703,1.1442728376667946
1780625767301155000,7.325155029296875,4.408704915034771,8.684970029348134,1.1423492491930722
1780625767311150000,7.335150146484375,4.4271299217805264,8.675425371411443,1.1436386314164846
1780625767321145000,7.34514501953125,4.4406478672623635,8.668297126966714,1.145270397336781
1780625767331140000,7.35514013671875,4.448951585227251,8.664208396348357,1.1439892714850604
1780625767341135000,7.365135009765625,4.451801129439473,8.663579450795053,1.1376385872840882
1780625767351130000,7.375130126953125,4.4474829739794135,8.66741157630384,1.1252627245094626
1780625767361126100,7.385126220703125,4.43461150970757,8.67658623188436,1.1051774564012884
1780625767371121200,7.39512109375,4.420630038367212,8.68797973255813,1.0711863394722343
1780625767381116200,7.4051162109375,4.419482621897757,8.69475200317204,1.0197139994535596
1780625767391111200,7.415111083984375,4.441991390825808,8.690286840456723,0.9581507657922804
1780625767401106200,7.425106201171875,4.493741744068265,8.669658478447795,0.9020353492081165
1780625767411102000,7.43510205078125,4.569802654963731,8.63322522906363,0.8687488003518432
1780625767421097000,7.445096923828125,4.653047924405336,8.588467803448438,0.8704702173169702
1780625767431092000,7.455092041015625,4.725682075722515,8.545597799015045,0.9005749943319707
1780625767441087000,7.4650869140625,4.777814998541772,8.512810797178744,0.9353804233185946
1780625767451082200,7.475082275390625,4.809554537151754,8.494068102785944,0.9430688589293509
1780625767461078300,7.485078369140625,4.825254210586846,8.489351011136174,0.9045643562290817
1780625767471073000,7.495072998046875,4.82707382722944,8.495397305563092,0.8354459579478949
1780625767481068000,7.505068115234375,4.818380525425076,8.506302730458975,0.7722569497156888
1780625767491063000,7.51506298828125,4.802172610206902,8.518231068661809,0.7411360544607043
1780625767501058000,7.52505810546875,4.784283025512099,8.527872757232188,0.745900273187831
1780625767511054000,7.53505419921875,4.7709921667844055,8.533135792326927,0.7704596179701387
1780625767521049300,7.54504931640625,4.756589255161583,8.538814422485231,0.7961855953790247
1780625767531044400,7.55504443359375,4.7242160948231815,8.55491390889287,0.8158566566631198
1780625767541039000,7.5650390625,4.662961123393476,8.587076641350984,0.8302284424953162
1780625767551034000,7.5750341796875,4.576251392711699,8.632280057168007,0.8438407151971011
1780625767561030100,7.585030029296875,4.469750627627969,8.68578017668724,0.8654224324081092
1780625767571025200,7.595025146484375,4.348608758251369,8.743423387360572,0.9014240854419767
1780625767581020400,7.6050205078125,4.226206659680605,8.798916726523638,0.942691476984322
1780625767591015400,7.615015380859375,4.12863885037601,8.842654745963216,0.9655179335594176
1780625767601010400,7.625010498046875,4.083171230664849,8.864563795432447,0.9578939414869994
1780625767611005200,7.635005126953125,4.089505986644327,8.863792226538061,0.9378298622973262
1780625767621001200,7.645001220703125,4.115590568232536,8.852148550495505,0.9336985346462577
1780625767630996200,7.654996337890625,4.133349804545939,8.843003705531359,0.9418707351859659
1780625767640991200,7.6649912109375,4.130054270131886,8.845183972179889,0.9357974066216498
1780625767650986200,7.674986328125,4.10202498421669,8.860980091726779,0.9093084089510143
1780625767660981200,7.684981201171875,4.050492365378141,8.888080280098318,0.8751881857495755
1780625767670977300,7.694977294921875,3.973617215490341,8.925335951781273,0.8480006844207644
1780625767680972300,7.70497216796875,3.8714509724795816,8.971593260565399,0.8323173775985836
1780625767690967300,7.71496728515625,3.751925306127965,9.022755292525886,0.8266616899244487
1780625767700962300,7.72496240234375,3.6268010891169307,9.073503482988476,0.8296063650742173
1780625767710957300,7.734957275390625,3.50481312430501,9.120985949653386,0.8332498361431062
1780625767720953300,7.744953369140625,3.394643315319717,9.163294228550791,0.8251330190524458
1780625767730948000,7.754947998046875,3.3066803697064517,9.197878635197878,0.7970243112254888
1780625767740943000,7.764943115234375,3.2489567872732876,9.222570593383908,0.7475712020747363
1780625767750938000,7.774938232421875,3.223321703018248,9.23644188234806,0.6846316385589539
1780625767760933000,7.78493310546875,3.2225559793427583,9.240727596843243,0.628099969324097
1780625767770929400,7.794929443359375,3.229030436053872,9.240176977223157,0.6023962768122554
1780625767780924400,7.80492431640625,3.216512607525289,9.243731454834341,0.6147018508296459
1780625767790919400,7.81491943359375,3.164842626042664,9.25910145792365,0.6505496284760535
1780625767800914200,7.8249140625,3.0761864374682304,9.286179434463381,0.6887170081764459
1780625767810909200,7.8349091796875,2.968477465638518,9.319331177958846,0.7131695315834135
1780625767820904200,7.844904296875,2.8606907523974776,9.352611516270041,0.7179752513647079
1780625767830900200,7.854900146484375,2.7656270348682996,9.382033425587416,0.7065028402358293
1780625767840895200,7.864895263671875,2.688185483269393,9.406198145028949,0.6837368816763162
1780625767850890200,7.87489013671875,2.6266993334323168,9.425765015286206,0.6525281620074063
1780625767860885200,7.88488525390625,2.577576698344946,9.441823585161567,0.6151931414779275
1780625767870880000,7.8948798828125,2.537597446916997,9.455160621118544,0.5752668258136138
1780625767880876300,7.904876220703125,2.5043629935741425,9.466207500311732,0.5380412570079788
1780625767890871300,7.914871337890625,2.4758666746690867,9.475327210834623,0.5085887698892504
1780625767900866300,7.9248662109375,2.4498567657522856,9.483079724657536,0.48967937716003507
1780625767910861300,7.934861328125,2.4204450855679807,9.491061371061205,0.48127256414685393
1780625767920856300,7.944856201171875,2.385400514063239,9.49998877388239,0.4800527034956962
1780625767930852000,7.95485205078125,2.3495142310373485,9.508832005551456,0.48194019774273034
1780625767940847000,7.96484716796875,2.3171517382234335,9.516575751546025,0.4858101710438728
1780625767950842000,7.974842041015625,2.2910164493612943,9.522512155857681,0.49334582724571224
1780625767960837000,7.984837158203125,2.2724783376298845,9.526285829177498,0.5060826322872192
1780625767970832400,7.994832275390625,2.262941862999648,9.527319263878464,0.5288715698635206
1780625767980828200,8.004828125,2.2636422663539646,9.524923308652639,0.5675854409981519
1780625767990823200,8.0148232421875,2.2690533316172656,9.520549331352115,0.6171848998170346
1780625768000818200,8.024818115234375,2.267670352826267,9.518033549138902,0.6596301760323345
1780625768010813200,8.034813232421875,2.2495650795541704,9.52085386725664,0.6805724262960254
1780625768020808200,8.04480810546875,2.2120149549692867,9.529970655170082,0.6760507110878825
1780625768030804200,8.05480419921875,2.161544412404299,9.543293662601709,0.6508681929059327
1780625768040799200,8.06479931640625,2.1107760559365154,9.55725964411199,0.6113986445657908
1780625768050794200,8.074794189453126,2.075115836751461,9.56809492638111,0.5620078965941444
1780625768060789200,8.084789306640625,2.066773248080909,9.573002572166919,0.5064095992192625
1780625768070784300,8.0947841796875,2.087792655234039,9.571239654147625,0.4503814590597525
1780625768080780300,8.1047802734375,2.12595696619451,9.564946106961369,0.40312746738847344
1780625768090775300,8.114775390625,2.158481956093758,9.558772386762499,0.3757708200378343
1780625768100770300,8.124770263671875,2.170225146988034,9.556251343852281,0.37225798961129036
1780625768110765300,8.134765380859376,2.165751216444373,9.556771568334103,0.38471988670155405
1780625768120760300,8.14476025390625,2.1555895956531166,9.558462005639075,0.39955304296780375
1780625768130755000,8.154755126953125,2.146589712117612,9.560221416527032,0.4058207615930587
1780625768140751400,8.16475146484375,2.1416062246166168,9.56171779256463,0.39683446819148954
1780625768150746400,8.174746337890625,2.1404371808372438,9.563092003527283,0.36904461705535646
1780625768160741400,8.184741455078125,2.1413656938590107,9.564583118867873,0.32203590538203714
1780625768170736400,8.194736328125,2.140951267839223,9.566599719387293,0.25860574533771724
1780625768180731400,8.2047314453125,2.134590354505181,9.569653846260906,0.1886764690650627
1780625768190727200,8.21472705078125,2.124431217931956,9.572948211631179,0.12589654395724645
1780625768200722200,8.22472216796875,2.1247890914589167,9.573353285300731,0.08097874014857225
1780625768210717200,8.23471728515625,2.1537216098241507,9.567056230983138,0.05772920388977509
1780625768220712200,8.244712158203125,2.21278754677698,9.553575987163185,0.05594612443186343
1780625768230707200,8.254707275390626,2.286494588022679,9.536075986307859,0.0745801525521092
1780625768240703200,8.264703125,2.3566095961257814,9.518661910170316,0.10880780905024148
1780625768250698200,8.2746982421875,2.412798370207101,9.504057046234607,0.14722825932940467
1780625768260693200,8.284693359375,2.4526573562562466,9.493324055296181,0.1778703032925725
1780625768270688300,8.294688232421874,2.4741101863905786,9.487464223352074,0.1927803607199341
1780625768280683300,8.304683349609375,2.4754177618578077,9.487201773023605,0.18885040085986254
1780625768290679300,8.31467919921875,2.4651038731142876,9.490181081095336,0.17348757643001153
1780625768300674300,8.32467431640625,2.457220426388085,9.49245370220244,0.16047168045248836
1780625768310669000,8.3346689453125,2.4622084439337253,9.491254847806692,0.15486764990035443
1780625768320664000,8.3446640625,2.4762904530391094,9.487622628784179,0.15291390375038608
1780625768330659000,8.3546591796875,2.486451489308476,9.48499228028059,0.15112710253200493
1780625768340655400,8.3646552734375,2.4876409913539885,9.48470995620787,0.14930147627373225
1780625768350650400,8.374650390625,2.485261987262964,9.485357021939754,0.14775008211326784
1780625768360645400,8.384645263671874,2.4903663246646524,9.48400326924324,0.14883269885135814
1780625768370640400,8.394640380859375,2.506068043926358,9.479723399966955,0.1576382288585417
1780625768380635100,8.40463525390625,2.524551795122027,9.474458611306547,0.17792396970856933
1780625768390630100,8.414630126953124,2.5396824364975092,9.469806986108422,0.20767359487665815
1780625768400626200,8.424626220703125,2.5511907957226034,9.465998241475225,0.2380655913352035
1780625768410621200,8.43462109375,2.559698219566047,9.463156880569457,0.25884143552342426
1780625768420616200,8.4446162109375,2.5602374410092827,9.462865204146503,0.2640751897247508
1780625768430611200,8.454611083984375,2.5473624696061012,9.466626017984748,0.25368721283171325
1780625768440606500,8.4646064453125,2.521055477438867,9.47428617734909,0.22928488524202256
1780625768450602200,8.474602294921874,2.4862831470042464,9.48426279696226,0.19372843695869668
1780625768460597200,8.48459716796875,2.4502625700742007,9.494365673303603,0.1536235498570837
1780625768470592300,8.49459228515625,2.421975656136125,9.502127539476751,0.11818533939225598
1780625768480587300,8.504587158203124,2.407157587841153,9.506124500158428,0.09778103193016723
1780625768490582300,8.514582275390625,2.4086573248796164,9.505763265630602,0.09609140747594647
1780625768500578000,8.524578125,2.4252779125519095,9.50144014173448,0.10514695758828893
1780625768510573000,8.534572998046874,2.4486704785771667,9.495326627290249,0.11472581005552783
1780625768520568300,8.544568359375,2.466882280963659,9.490561020323634,0.11894633209370076
1780625768530563300,8.554563232421875,2.472080141867697,9.489232402068376,0.11694745902721769
1780625768540558300,8.564558349609374,2.4643866647556423,9.49131154642999,0.11044500919748097
1780625768550554400,8.574554443359375,2.4475059648424384,9.49579190671444,0.10004989017760381
1780625768560549400,8.58454931640625,2.4259474823765457,9.501468783307075,0.08530211977302096
1780625768570544000,8.594544189453124,2.4041280108869074,9.507151505118609,0.06768247002682183
1780625768580539100,8.6045390625,2.384638297519088,9.51216378032267,0.051221397464908655
1780625768590534100,8.6145341796875,2.367616581699997,9.51647112212777,0.039487321458850054
1780625768600530400,8.624530517578124,2.353395456384867,9.520020339041947,0.03394373640666017
1780625768610525400,8.634525390625,2.343629264651984,9.522428569227456,0.03403102653104579
1780625768620520400,8.6445205078125,2.338272267663479,9.523740236347914,0.03553204449443147
1780625768630515500,8.654515380859374,2.3322025923609733,9.525235443341732,0.03313327169043478
1780625768640510200,8.66451025390625,2.3188632183164355,9.52852162540555,0.02287952020289376
1780625768650505200,8.674505126953125,2.2933907772772013,9.53471171221733,0.004194833899423247
1780625768660501200,8.684501220703124,2.2540064230024814,9.544075752890109,-0.02089020726591116
1780625768670496300,8.694496337890625,2.2023085305996237,9.556033901709318,-0.049411553297657514
1780625768680491300,8.7044912109375,2.142681014241278,9.569380874538421,-0.07923830795572138
1780625768690486300,8.714486328125,2.0813224363066256,9.582629647690057,-0.10801740759122185
1780625768700481300,8.724481201171875,2.023586286652833,9.594682489055394,-0.13243498754897154
1780625768710477300,8.734477294921875,1.9759633886039256,9.604361002504826,-0.14910644689197652
1780625768720472300,8.744472412109374,1.9429041456975042,9.610994741430877,-0.1557432454247959
1780625768730467300,8.75446728515625,1.9245495738394558,9.614735681524872,-0.15278866993552073
1780625768740462300,8.76446240234375,1.9183100949279963,9.616129766231774,-0.14323507977370173
1780625768750457300,8.774457275390626,1.9179760406680404,9.616351300027967,-0.13251460125697775
1780625768760453000,8.784453125,1.9148206453770398,9.617047465598583,-0.1274207761161495
1780625768770448100,8.7944482421875,1.900852471909672,9.619740942466258,-0.13318219832023606
1780625768780443100,8.804443115234376,1.8748260502494871,9.624576692059636,-0.15141452290494925
1780625768790438100,8.814438232421875,1.8430784744635222,9.630192778375744,-0.18113628281857816
1780625768800433400,8.824433349609375,1.8126077867455779,9.635148939478396,-0.22077452052282168
1780625768810429400,8.834429443359374,1.7854861171945928,9.638950085327028,-0.2703116364289075
1780625768820424200,8.844424072265625,1.7595929665252565,9.641844053202867,-0.33024518652912227
1780625768830419200,8.854419189453125,1.7332191927321254,9.643933134436606,-0.4010619862260297
1780625768840414200,8.864414306640626,1.7070223829410969,9.644925068083404,-0.4815134236980229
1780625768850409200,8.8744091796875,1.6848315939210354,9.64415233014524,-0.5675036079335958
1780625768860405200,8.8844052734375,1.671172048011422,9.641025722557305,-0.6543743743959813
1780625768870400300,8.894400146484376,1.66784217293635,9.63560720463991,-0.7374135998714715
1780625768880395300,8.904395263671875,1.6720403552785514,9.628804538887739,-0.8128857510935514
1780625768890390300,8.914390380859375,1.6773796704798936,9.62202993018627,-0.8793841761346906
1780625768900385300,8.92438525390625,1.677786643845588,9.616416766479611,-0.9380686394892632
1780625768910381300,8.93438134765625,1.6703006720043718,9.612391748747228,-0.991167776992172
1780625768920376300,8.944376220703125,1.6557324868172407,9.609570261585711,-1.0416828893512486
1780625768930371300,8.954371337890626,1.6358635648734867,9.607176644447446,-1.0938378778718412
1780625768940366300,8.964366455078125,1.6139876870214938,9.604139468708635,-1.1514881028078496
1780625768950361300,8.974361328125,1.59495755398944,9.599435236540437,-1.2154683344829826
1780625768960357000,8.984357177734376,1.5804627262994646,9.592948797130584,-1.283697894165665
1780625768970352000,8.99435205078125,1.5683998019315302,9.585410802841185,-1.3529289590410887
1780625768980347400,9.004347412109375,1.5571686522126198,9.577781038615107,-1.4183574167631565
1780625768990342400,9.01434228515625,1.5464884143747388,9.570996493041514,-1.47470693436414
1780625769000337400,9.02433740234375,1.53911510912776,9.565607785740495,-1.5167989401623605
1780625769010333200,9.034333251953125,1.5359258115671575,9.56179436493218,-1.5438349772565065
1780625769020328200,9.044328125,1.534201471992582,9.559247018536924,-1.5612131052978335
1780625769030323200,9.0543232421875,1.5322757646270095,9.557043371012806,-1.5765367850273846
1780625769040318200,9.064318115234375,1.5290667394526303,9.554567920809983,-1.594548242536187
1780625769050313200,9.074313232421876,1.5206487474583088,9.552275425958634,-1.6161827128477393
1780625769060309200,9.084309326171875,1.5049030429244041,9.550480943757295,-1.6413358588047324
1780625769070304500,9.094304443359375,1.4809931750267744,9.549072246003151,-1.6710133503183722
1780625769080299300,9.10429931640625,1.450764771632105,9.547564764049648,-1.7057777897074817
1780625769090294300,9.114294189453124,1.4180916054338215,9.545386250966788,-1.7449974549397824
1780625769100289300,9.124289306640625,1.3870644528768956,9.542494036656617,-1.7852859184473753
1780625769110285300,9.134285400390626,1.3622604126185178,9.539406592035293,-1.820541794615239
1780625769120280300,9.1442802734375,1.342910399982333,9.537233339649438,-1.8461187189422548
1780625769130275300,9.154275390625,1.3248296766296028,9.536568153738974,-1.862547291173786
1780625769140270300,9.164270263671876,1.30743006740883,9.537057398560643,-1.8723197665169835
1780625769150265300,9.174265380859374,1.2937985785499215,9.537744211781025,-1.8782742910072205
1780625769160260000,9.184260009765625,1.284197660381347,9.538401798906921,-1.881524524974823
1780625769170256400,9.19425634765625,1.2732209238149226,9.53956207485795,-1.8830949891619384
1780625769180251400,9.20425146484375,1.2567546499215065,9.541615500256418,-1.8837592982895672
1780625769190246400,9.214246337890625,1.2362030064105987,9.54416810734868,-1.8844167392849922
1780625769200241400,9.224241455078126,1.2166757375113666,9.546133269941807,-1.8871778745613992
1780625769210236400,9.234236328125,1.202286635218188,9.546436052280663,-1.8948542544081806
1780625769220232200,9.244232177734375,1.1934914074093104,9.545207971790433,-1.9065677808165549
1780625769230227200,9.254227294921876,1.1874877100151031,9.5436624959141,-1.9180055590234695
1780625769240222200,9.26422216796875,1.1798728510972112,9.543467850124836,-1.923664169307053
1780625769250217200,9.27421728515625,1.1709826384812594,9.54502735452652,-1.921367436672002
1780625769260212200,9.284212158203125,1.1666772694375365,9.547083702534437,-1.9137531622759996
1780625769270208300,9.294208251953124,1.1696317353289574,9.548574233353138,-1.9044936048910022
1780625769280203300,9.304203369140625,1.175740573598072,9.549177459943294,-1.8976961998358368
1780625769290198300,9.3141982421875,1.1795387968372553,9.549453938797116,-1.8939396237812935
1780625769300193300,9.324193359375,1.1814835011642426,9.550213817253708,-1.888892715655267
1780625769310188300,9.334188232421875,1.1850226350758224,9.55179611800909,-1.8786440011024474
1780625769320184300,9.344184326171876,1.1949128915797917,9.553672433274984,-1.8627723321013152
1780625769330179300,9.354179443359374,1.216379238782823,9.554308977612852,-1.8455360967487096
1780625769340174000,9.364174072265625,1.2483505403220654,9.552627892658114,-1.832846857175976
1780625769350169000,9.374169189453125,1.2786476250387728,9.550001635807751,-1.825629473143071
1780625769360164400,9.384164306640624,1.2934440660238264,9.549052956780791,-1.8201649241268634
1780625769370160400,9.394160400390625,1.2971058034017682,9.549933831268548,-1.812922844044119
1780625769380155400,9.4041552734375,1.3001467785328626,9.551241991257667,-1.8038241763092577
1780625769390150400,9.414150390625,1.3059525422021745,9.55189081055522,-1.7961774609483778
1780625769400145400,9.4241455078125,1.3174635317757726,9.551295182749628,-1.790928746639937
1780625769410140200,9.43414013671875,1.3364238144420086,9.54987362551391,-1.7844442069262265
1780625769420136200,9.44413623046875,1.3580873647175729,9.548854219338297,-1.7735202234603464
1780625769430131200,9.454131103515625,1.377743520693481,9.549046527040003,-1.7572522486180067
1780625769440126200,9.464126220703125,1.3933996472477912,9.550399695214628,-1.7374277503378688
1780625769450121500,9.47412158203125,1.4039489521823822,9.55220586785376,-1.7189122888296842
1780625769460116500,9.484116455078125,1.4112104676179587,9.553709258154035,-1.7045573080018162
1780625769470111500,9.494111572265625,1.4190848542548715,9.55468657875359,-1.692502420809865
1780625769480107300,9.504107177734374,1.4325569147683679,9.554930324381589,-1.679721557430923
1780625769490102300,9.514102294921875,1.4569599730104208,9.553869417151809,-1.6647092817381024
1780625769500097300,9.52409716796875,1.4929957475095987,9.550966681447624,-1.649357398827374
1780625769510092300,9.53409228515625,1.5303293067343533,9.547137478548288,-1.6372611567117272
1780625769520086800,9.544086669921874,1.5554627250775694,9.54442938863337,-1.6293553520232438
1780625769530082800,9.554082763671875,1.564599240604788,9.544012040004134,-1.6230397391356526
1780625769540077800,9.564077880859376,1.5654586339130996,9.545338320171833,-1.614393929734826
1780625769550072800,9.57407275390625,1.566891443195194,9.547087794187664,-1.6026225356593726
1780625769560067800,9.58406787109375,1.5742342071734368,9.547589898490905,-1.592389749328047
1780625769570064000,9.59406396484375,1.5861401874139904,9.54608767723441,-1.589576007081568
1780625769580059000,9.604058837890625,1.5982007736943662,9.543152208304404,-1.595110698724538
1780625769590054000,9.614053955078125,1.6133331686355172,9.53930079357326,-1.6028991606436669
1780625769600049000,9.624048828125,1.6338948951490222,9.53534708751142,-1.6056037434272468
1780625769610043600,9.634043701171874,1.65226028066203,9.533137010246515,-1.5999180990062654
1780625769620039000,9.644038818359375,1.6656554765470324,9.53351870304048,-1.5836721898652613
1780625769630035000,9.654034912109376,1.6796579906754194,9.535081714573503,-1.559279068495333
1780625769640030000,9.664030029296875,1.6951397835761308,9.536016949597,-1.5366395127944648
1780625769650025000,9.67402490234375,1.7058220672406255,9.535951483145356,-1.525191359324008
1780625769660020000,9.68402001953125,1.7120440104953945,9.5346398160249,-1.5264119871601463
1780625769670015000,9.694014892578124,1.715130432203412,9.532980358380078,-1.533300723760575
1780625769680010800,9.7040107421875,1.7171937944740057,9.531898992884159,-1.5377109414182601
1780625769690005800,9.714005859375,1.7239581740424037,9.531253096196055,-1.5341301603220403
1780625769700000800,9.724000732421874,1.736163867881894,9.53101928744018,-1.5217666455723344
1780625769709996000,9.73399609375,1.7468778618589043,9.531684473350644,-1.5052503950573504
1780625769719991000,9.743990966796876,1.7516541363500058,9.533061022400856,-1.4909301932819188
1780625769729986800,9.75398681640625,1.7555821234486997,9.53370516552329,-1.482167917894572
1780625769739981800,9.76398193359375,1.7649381269454956,9.53215676703751,-1.4810146562062203
1780625769749976800,9.773976806640626,1.786983370015025,9.52741980164349,-1.4850446423746644
1780625769759971800,9.783971923828124,1.8197234639696775,9.520423074623942,-1.4901400658175348
1780625769769966800,9.793966796875,1.8468785973988473,9.514989943659305,-1.4914350740641356
1780625769779963000,9.803962890625,1.855352557364106,9.514294947132468,-1.4853509318448603
1780625769789958000,9.8139580078125,1.8599680883355438,9.515833993268012,-1.4696306540131567
1780625769799953000,9.823952880859375,1.877629417232424,9.515295064085722,-1.4505378310084343
1780625769809948000,9.833947998046876,1.904657855542004,9.511407408997416,-1.4407652095347643
1780625769819943000,9.84394287109375,1.9318929223395882,9.505549330618978,-1.4431594111949204
1780625769829939000,9.85393896484375,1.9563316364169119,9.499386716336012,-1.4507964819446206
1780625769839934000,9.863933837890626,1.9800027271226048,9.493298920854926,-1.4585226922824979
1780625769849929000,9.873928955078124,2.0050188026964664,9.48732218453288,-1.4632121652729808
1780625769859923700,9.883923828125,2.02618872423619,9.482944700101017,-1.4624291982017457
1780625769869918700,9.893918701171875,2.0356734686791897,9.481901913049816,-1.456006325547397
1780625769879914800,9.903914794921874,2.0404178867273033,9.482899107393623,-1.442811620670557
1780625769889910000,9.913909912109375,2.049303788494319,9.483663662025332,-1.4250826333649456
1780625769899905000,9.923905029296876,2.059217133612931,9.483675352463125,-1.4106496188648043
1780625769909900000,9.933900146484374,2.074611832752079,9.481845214426517,-1.4003678788252174
1780625769919895000,9.94389501953125,2.0963507863514126,9.478101351723074,-1.3932947255685926
1780625769929890800,9.953890869140626,2.1206663124404845,9.473699901893735,-1.386431415670365
1780625769939885800,9.9638857421875,2.1401678623765705,9.470917577698826,-1.375431590489298
1780625769949880800,9.973880859375,2.150321445991844,9.471144372192025,-1.3579133233249188
1780625769959875800,9.983875732421875,2.1620947397634387,9.47223275195062,-1.3313795366644858
1780625769969870800,9.993870849609374,2.1894131009303033,9.470532962295412,-1.2984065107367933
1780625769979865900,10.003865966796875,2.2372535872526464,9.46414296899736,-1.2629662179127334
1780625769989862000,10.01386181640625,2.290984739048779,9.455404366746544,-1.231726445518434
1780625769999857000,10.02385693359375,2.331331800875813,9.447962234047054,-1.2129677498389035
1780625770009852000,10.033851806640625,2.359142767865211,9.442620873019099,-1.200707330137491
1780625770019847000,10.043846923828125,2.3848835044518113,9.438169738829135,-1.1847676374014466
1780625770029842000,10.053842041015624,2.4116375097341836,9.434528167456389,-1.1593514565940946
1780625770039838000,10.063837890625,2.434365912762284,9.433280797743796,-1.1213771883130073
1780625770049832700,10.073832763671875,2.4414520716309545,9.436877945452927,-1.0747101296842099
1780625770059827700,10.08382763671875,2.426634587857872,9.446001747629046,-1.0270710842180997
1780625770069822700,10.09382275390625,2.3942988369204103,9.459096791523695,-0.9814425017915666
1780625770079817700,10.103817626953125,2.3494636698938907,9.475114444866776,-0.9341592840258032
1780625770089814000,10.11381396484375,2.2974985048569736,9.493446220371126,-0.8754265976153314
1780625770099809000,10.12380908203125,2.2421394595980644,9.514155830922721,-0.789948089228943
1780625770109804000,10.133803955078125,2.1890125573053956,9.536192890685797,-0.6630586891762912
1780625770119798800,10.143798828125,2.152242331051826,9.555215571063757,-0.4859309844119474
1780625770129793800,10.153793701171875,2.1427033722035587,9.565525368154049,-0.28275800715647637
1780625770139789800,10.163789794921875,2.148402168367058,9.567754734641314,-0.11323801918318495
1780625770149784800,10.173784912109374,2.1450589954189954,9.56914180508554,-0.0259086108166608
1780625770159779800,10.18377978515625,2.1232912541165945,9.574019640254974,-0.014070616636757039
1780625770169774800,10.19377490234375,2.0943612199693917,9.580373393195867,-0.02151893134021666
1780625770179769900,10.203769775390626,2.0784094714693726,9.58387175670564,0.003373490739923727
1780625770189766000,10.213765869140625,2.084434138586372,9.58230874517262,0.06996283604896161
1780625770199761000,10.223760986328125,2.1091819186128675,9.57583808785379,0.15837730198912323
1780625770209756000,10.233755859375,2.1448219717927275,9.565566869208217,0.26471325016627084
1780625770219751000,10.2437509765625,2.1746699975676833,9.554397824940084,0.39332821363620457
1780625770229746000,10.253745849609375,2.180665876981616,9.54644365106523,0.5296322520377114
1780625770239741700,10.26374169921875,2.1613374916553494,9.543934883114694,0.6421244030233472
1780625770249736700,10.27373681640625,2.129620457138121,9.54640682618618,0.7079894985970109
1780625770259731700,10.283731689453125,2.097737272273749,9.551156066539884,0.7384511992909014
1780625770269726700,10.293726806640626,2.068007027659565,9.555259410205483,0.7686120173420756
1780625770279722000,10.303721923828125,2.03980823039636,9.556779751640558,0.8231448409099131
1780625770289718000,10.313718017578125,2.01256498029232,9.555243043592572,0.9040384326588362
1780625770299713000,10.323713134765624,1.9880710288964212,9.55104851451218,0.9977161026570945
1780625770309707800,10.333707763671875,1.972273886436224,9.544884146663547,1.0843049834381788
1780625770319702800,10.343702880859375,1.9744440700821577,9.537400512909889,1.1445425214536487
1780625770329697800,10.35369775390625,2.011722099727392,9.527117019304633,1.1650674961533396
1780625770339693800,10.36369384765625,2.0996631257697937,9.51095031287968,1.1417858431566505
1780625770349688800,10.373688720703125,2.2380510212406515,9.486347202020884,1.0820090545207262
1780625770359683800,10.383683837890626,2.4130938460223375,9.452308738818765,1.0006353511046617
1780625770369678800,10.393678955078125,2.6059607890471814,9.409843223533034,0.9133561499718577
1780625770379673900,10.403673828125,2.800954953359067,9.361610815283656,0.82783424083516
1780625770389670000,10.413669921875,2.9919091946303844,9.309861338824033,0.7384852476909757
1780625770399665000,10.423664794921875,3.183440359006822,9.254240573889017,0.6286077727157622
1780625770409660000,10.433659912109375,3.379301661542058,9.19339710586965,0.48185719563439483
1780625770419655000,10.443655029296876,3.5768101467624303,9.126441292449831,0.29139957877360284
1780625770429650000,10.45364990234375,3.769210495188832,9.053125880870223,0.06591379812017549
1780625770439645700,10.463645751953125,3.9482618249595163,8.975054214674234,-0.17335733764646574
1780625770449640700,10.473640625,4.112719104449451,8.893118274265527,-0.41036691712271417
1780625770459636000,10.483635986328125,4.272944153197109,8.803543217280506,-0.6402846203755587
1780625770469631000,10.493630859375,4.4418125271275635,8.70021728284061,-0.864216636814922
1780625770479626000,10.5036259765625,4.622126131919026,8.580372759798168,-1.0878992085378616
1780625770489621000,10.51362109375,4.804557751777768,8.446212126633524,-1.3221658642478287
1780625770499616800,10.52361669921875,4.982417241415381,8.296785535275935,-1.5840556362248956
1780625770509611800,10.53361181640625,5.154888608273864,8.126912952739,-1.884352588007599
1780625770519607600,10.543607666015625,5.326124880379438,7.929744951519369,-2.2185390960410234
1780625770529602600,10.5536025390625,5.50557368503511,7.69352212024033,-2.582387605758011
1780625770539597600,10.56359765625,5.696542247092723,7.4112506544917816,-2.965322508738935
1780625770549593300,10.57359326171875,5.899792783096433,7.0892433906823396,-3.332478535568714
1780625770559588400,10.58358837890625,6.119322838249802,6.7426312624484295,-3.6415930000573393
1780625770569583400,10.593583251953126,6.3507818161278955,6.387241368997096,-3.8782831565871834
1780625770579578400,10.603578369140624,6.569295387715101,6.032710138201713,-4.07690223339796
1780625770589573400,10.613573486328125,6.755862499943375,5.68647853371799,-4.265291008095443
1780625770599569700,10.623569580078126,6.91331516136825,5.355498274379968,-4.43792136490792
1780625770609564400,10.633564453125,7.0504714692175385,5.042793091922998,-4.5860132005304095
1780625770619559400,10.643559326171875,7.183617956903577,4.745439792376756,-4.6954073489680885
1780625770629554400,10.653554443359376,7.323585815042257,4.466076030768454,-4.752852698981761
1780625770639549400,10.663549560546874,7.458052153155207,4.212719401597976,-4.775024198779463
1780625770649545500,10.67354541015625,7.565074604025483,3.9928012239098547,-4.795578618769348
1780625770659540500,10.68354052734375,7.634021299001574,3.809423555372655,-4.835329029877483
1780625770669535500,10.693535400390624,7.673713257920742,3.664630469034612,-4.884155896888673
1780625770679530500,10.703530517578125,7.693793922919035,3.5580838189825412,-4.931116677767038
1780625770689525500,10.713525390625,7.695975358611345,3.480787228812277,-4.982615978857875
1780625770699521500,10.723521484375,7.684120085644722,3.4241894355386493,-5.0398032624572515
1780625770709516500,10.7335166015625,7.668454314479232,3.3718802793696523,-5.098595643165707
1780625770719511600,10.743511474609376,7.65480572835505,3.3171246068313716,-5.154705652922392
1780625770729506600,10.753506591796874,7.638563034084439,3.2694068701058625,-5.209001306733489
1780625770739501600,10.76350146484375,7.614074489516019,3.230149210950732,-5.269004232275486
1780625770749497300,10.773497314453126,7.587519075545668,3.1884307146400213,-5.332337763544917
1780625770759492400,10.783492431640624,7.56992730475366,3.135062112545967,-5.388690349885821
1780625770769487400,10.7934873046875,7.567015801221132,3.0684944216609,-5.430931408765912
1780625770779482600,10.803482666015626,7.572211031776666,2.995281885933876,-5.464459584358334
1780625770789477600,10.8134775390625,7.568946477022767,2.923159191270172,-5.50786559536457
1780625770799473400,10.823473388671875,7.553091320765018,2.854098222264647,-5.565552645179629
1780625770809468400,10.833468505859376,7.53175334918201,2.7825074425205587,-5.630338713344932
1780625770819463400,10.84346337890625,7.5126459131300445,2.697132175312936,-5.697016878867149
1780625770829458400,10.85345849609375,7.504475466156006,2.5914935800164938,-5.75650893227756
1780625770839453400,10.863453369140625,7.506554025995731,2.4681182524994014,-5.807789037659764
1780625770849448400,10.873448486328124,7.51108757777214,2.3312765635572372,-5.8582513969182965
1780625770859444500,10.883444580078125,7.514689401656389,2.1873320568725467,-5.908926522144675
1780625770869439500,10.893439453125,7.5179294064909215,2.041392723108828,-5.956832182657719
1780625770879434500,10.9034345703125,7.524651992744207,1.890205113428086,-5.998094167372584
1780625770889429500,10.913429443359375,7.533321036890149,1.72803053804785,-6.036007426181436
1780625770899424500,10.923424560546875,7.545256389355659,1.5557168459691106,-6.067884911957383
1780625770909420500,10.933420654296874,7.567969156423211,1.3803947658546267,-6.082006960812211
1780625770919415600,10.94341552734375,7.6046788846611975,1.2081914022825657,-6.072852763497829
1780625770929410600,10.95341064453125,7.6472940375506875,1.040557684713602,-6.0503323041319845
1780625770939405600,10.963405517578124,7.691025042727589,0.8769150826074182,-6.020760757210851
1780625770949400300,10.973400390625,7.728534396910667,0.7194272768039256,-5.993547171592712
1780625770959396600,10.983396728515626,7.752501547953486,0.5668778772506863,-5.978945814788341
1780625770969391600,10.9933916015625,7.762446603384613,0.42014892747923727,-5.978148526930808
1780625770979386600,11.00338671875,7.761287496477365,0.2794282599455677,-5.987880816394091
1780625770989381600,11.013381591796875,7.758400542864203,0.14224523761929012,-5.996449322775006
1780625770999376600,11.023376708984374,7.757506808894872,0.007096209334404557,-5.999289514636993
1780625771009372400,11.033372314453125,7.761171176621318,-0.12351279062586835,-5.99327244630456
1780625771019367400,11.043367431640625,7.7731199730902905,-0.24053282169895246,-5.974204757741093
1780625771029362400,11.053362548828124,7.792934680628776,-0.3383546970961615,-5.943576395243406
1780625771039357400,11.063357421875,7.816913522109389,-0.41699192475304003,-5.906975388076901
1780625771049352400,11.0733525390625,7.839697016325593,-0.4830073155175894,-5.871646300542354
1780625771059348500,11.083348388671874,7.856791358989477,-0.5483856139549985,-5.842991283944249
1780625771069343500,11.093343505859375,7.867230919939279,-0.6176170806892216,-5.821995257666707
1780625771079338500,11.10333837890625,7.876302699667215,-0.687070117752254,-5.801913423624635
1780625771089333500,11.11333349609375,7.886519557777047,-0.7599739528562873,-5.778898458740115
1780625771099328500,11.12332861328125,7.899875882956385,-0.844028858180344,-5.748906640580296
1780625771109323500,11.133323486328125,7.919930828991532,-0.9406804294228553,-5.706157632178068
1780625771119319600,11.143319580078124,7.948639037081599,-1.041216513948515,-5.648482857322692
1780625771129314300,11.153314208984375,7.982991388538479,-1.1363706862401217,-5.581300249409675
1780625771139309300,11.163309326171875,8.012796744215487,-1.217444968318194,-5.521165221920609
1780625771149304300,11.17330419921875,8.025914584463834,-1.2880612039417028,-5.485977588683366
1780625771159299600,11.183299560546875,8.02808666780591,-1.3535859616450965,-5.466992317706346
1780625771169295600,11.193295654296875,8.031864432778955,-1.4153168800234794,-5.445767743369936
1780625771179290600,11.20329052734375,8.03507988769412,-1.4731041753426193,-5.425666620105504
1780625771189285600,11.21328564453125,8.037711405241488,-1.5231445097967982,-5.407928134319186
1780625771199280400,11.2232802734375,8.037324451750516,-1.5703157185554504,-5.3949909113347525
1780625771209275400,11.233275390625,8.03409087665677,-1.6173904812023043,-5.385885229337215
1780625771219271400,11.243271484375,8.030183932346105,-1.6631008236281573,-5.377791354730725
1780625771229266400,11.253266357421875,8.02804925840497,-1.7015855987146495,-5.3689352635800836
1780625771239261400,11.263261474609376,8.027512082788348,-1.7217385982967912,-5.363306317782402
1780625771249256700,11.273256591796875,8.02502844927907,-1.7182463722668586,-5.368138560244441
1780625771259251700,11.283251708984375,8.017666396078466,-1.6947426009520887,-5.386581394907831
1780625771269247500,11.29324755859375,8.00684221972525,-1.6649778695464132,-5.411905805778503
1780625771279242500,11.303242431640625,7.9967843515694135,-1.6375303290419279,-5.4350961272299285
1780625771289237500,11.313237548828125,7.988521550136804,-1.6077543455898762,-5.456099167770147
1780625771299232500,11.323232421875,7.98233613950014,-1.5758188460163771,-5.474439126580953
1780625771309227500,11.3332275390625,7.984279674783348,-1.5422747422024607,-5.481152360484003
1780625771319223300,11.343223388671875,7.992848765686154,-1.5077086018644272,-5.478280019918084
1780625771329218300,11.35321826171875,8.004130622678995,-1.468486014022678,-5.4724611045062534
1780625771339213600,11.363213623046875,8.011930482774973,-1.423935655286908,-5.472814155727624
1780625771349208600,11.37320849609375,8.01260677460134,-1.3741643470324576,-5.484537326747179
1780625771359203600,11.38320361328125,8.005543412086368,-1.3184883447788656,-5.508475836217403
1780625771369199600,11.39319970703125,7.992292885369062,-1.2629580346062779,-5.5406338925004
1780625771379194600,11.403194580078125,7.982014067938923,-1.2116481186076997,-5.566842684990167
1780625771389189400,11.413189453125,7.979308900633454,-1.1686243118520825,-5.579906164702773
1780625771399184400,11.423184326171874,7.983077897778153,-1.1331905218340457,-5.581818720325828
1780625771409179400,11.433179443359375,7.990420077234506,-1.1014159119106828,-5.577678551781177
1780625771419174400,11.44317431640625,7.997765763822198,-1.0697219660080968,-5.573316849440336
1780625771429170700,11.453170654296875,8.000416570591925,-1.0344485541835426,-5.576164640086889
1780625771439165700,11.463165771484375,8.000143598869442,-0.993660324460268,-5.5839697608798735
1780625771449160400,11.473160400390626,8.000844440615177,-0.94813403336443,-5.5908805631816385
1780625771459155500,11.483155517578124,8.004562584355472,-0.9085868166781962,-5.592122087675333
1780625771469150500,11.493150390625,8.013828425350784,-0.8785817006453871,-5.58364067505598
1780625771479146500,11.503146484375,8.030936212018132,-0.847773889927566,-5.563790896204114
1780625771489141500,11.5131416015625,8.05585554921925,-0.8055436447024344,-5.533959237042069
1780625771499136500,11.523136474609375,8.08062524881661,-0.7526298737037926,-5.50521829572618
1780625771509131500,11.533131591796876,8.095472689336537,-0.6883887991353869,-5.491798257660865
1780625771519126500,11.54312646484375,8.097716084349155,-0.61228835994713,-5.497494423475861
1780625771529122300,11.553122314453125,8.092235607111453,-0.5350523043250665,-5.513605015799403
1780625771539117300,11.563117431640626,8.087677505415678,-0.4675951172543689,-5.526410136836767
1780625771549112300,11.5731123046875,8.088422770825028,-0.4112815112169832,-5.529798025709391
1780625771559107300,11.583107421875,8.092181246575713,-0.365406150955148,-5.5275201439052815
1780625771569102300,11.593102294921875,8.097251973968744,-0.33168694630265233,-5.522220868453383
1780625771579098400,11.603098388671874,8.10579885303974,-0.30538203649464996,-5.511182757088542
1780625771589093400,11.61309326171875,8.115007995411753,-0.2781124098403379,-5.499058604052663
1780625771599088400,11.62308837890625,8.118339185661076,-0.24704452341422437,-5.4956309676915405
1780625771609083400,11.63308349609375,8.112071357437967,-0.21864815775230526,-5.50607578933835
1780625771619078400,11.643078369140625,8.099767756181954,-0.19939254540130494,-5.524892718011141
1780625771629073400,11.653073486328125,8.086597308963537,-0.18983172178110105,-5.544483553665876
1780625771639069400,11.6630693359375,8.074798734620213,-0.18863489494565874,-5.561694216185808
1780625771649064200,11.673064208984375,8.062973856791853,-0.1860452985775657,-5.578913646534085
1780625771659059200,11.68305908203125,8.05428669246733,-0.17760226347353308,-5.591718767571449
1780625771669054200,11.69305419921875,8.052697961971162,-0.16636428215503693,-5.594354376772046
1780625771679049200,11.70304931640625,8.05503429596424,-0.15111754925237036,-5.591423584017157
1780625771689045500,11.71304541015625,8.053509278354047,-0.12842379741254262,-5.594187788033485
1780625771699040500,11.72304052734375,8.043443811413646,-0.09849881567754783,-5.6092497480869286
1780625771709035500,11.733035400390625,8.026374018669127,-0.06820795520565007,-5.634100696226954
1780625771719030300,11.7430302734375,8.004805745461583,-0.045897238733503036,-5.6649213664263485
1780625771729025300,11.753025390625,7.985935625296831,-0.03088217971184058,-5.691596607384085
1780625771739021300,11.763021240234375,7.976343036565184,-0.018244574428221676,-5.705082111901045
1780625771749016300,11.773016357421875,7.974856012877821,-0.006189551380596822,-5.707188728791475
1780625771759011300,11.78301123046875,7.977733614140749,0.007386747537975315,-5.703164295580983
1780625771769006300,11.79300634765625,7.9792504484444855,0.019073765536159044,-5.7010191002458335
1780625771779001600,11.803001708984375,7.972506819403171,0.021334252105827907,-5.710431656235456
1780625771788997400,11.812997314453124,7.9554194910019636,0.013308732311101629,-5.734242155411839
1780625771798992400,11.822992431640625,7.930688954371213,-0.007255740427804994,-5.7684062908202405
1780625771808987400,11.8329873046875,7.90624600251019,-0.043880807177443054,-5.801700073134898
1780625771818982400,11.842982421875,7.891297439703345,-0.09583869309020228,-5.821393784642219
1780625771828977400,11.852977294921875,7.885393768617511,-0.15736003297166898,-5.828053827053308
1780625771838972400,11.862972412109375,7.879789372739196,-0.2198561453025788,-5.83360795404911
1780625771848968200,11.87296826171875,7.867758158683777,-0.2768859550516121,-5.847399748036265
1780625771858963200,11.882963134765625,7.851732322034239,-0.3271353839455172,-5.866315460908413
1780625771868958500,11.89295849609375,7.83962687369883,-0.3754412958225235,-5.879595798242092
1780625771878953500,11.902953369140626,7.832067252099513,-0.4289367756992578,-5.886009756937622
1780625771888948500,11.912948486328125,7.823556028863787,-0.49105117696989325,-5.892470477384329
1780625771898944300,11.9229443359375,7.811202743247151,-0.5594659570263698,-5.9027551400333635
1780625771908939300,11.932939208984376,7.8003902573317285,-0.6328731750752776,-5.909638469806313
1780625771918934300,11.942934326171875,7.801262363991141,-0.7107554561790078,-5.899620933660865
1780625771928929300,11.95292919921875,7.8136109734326595,-0.7935814772952348,-5.872657523411512
1780625771938924300,11.96292431640625,7.825365708634257,-0.880879090867564,-5.8444882445037365
1780625771948920300,11.97292041015625,7.82707601968348,-0.9679188572213053,-5.828412138971686
1780625771958915600,11.98291552734375,7.812998979014158,-1.0510706031605601,-5.8329000980406995
1780625771968910300,11.992910400390626,7.782797317495942,-1.1301818415373563,-5.858424999919533
1780625771978905300,12.0029052734375,7.737998975348472,-1.2044480510357767,-5.902796056565642
1780625771988900400,12.012900390625,7.682026328235864,-1.2732865363970398,-5.96117401125431
1780625771998896400,12.022896484375,7.631917020198703,-1.3349940738998354,-6.01182809369266
1780625772008891400,12.032891357421875,7.605203785318135,-1.3930465960264204,-6.032475744923949
1780625772018886400,12.042886474609375,7.603198875236511,-1.4544533970169722,-6.020489539054036
1780625772028881400,12.05288134765625,7.6127651604831215,-1.5191871504731476,-5.992350655284524
1780625772038876400,12.06287646484375,7.62144063436985,-1.5845347980439661,-5.964332767546177
1780625772048871200,12.07287109375,7.6199828367769715,-1.648496544214338,-5.9488417684257024
1780625772058867500,12.082867431640626,7.598819637238979,-1.707465012142062,-5.95927139250338
1780625772068862500,12.092862548828125,7.556890713047981,-1.7560210993878542,-5.998346680828929
1780625772078857500,12.102857421875,7.505765505966544,-1.7906730183131991,-6.0520490449219935
1780625772088852500,12.1128525390625,7.4618527144819495,-1.8128563546791672,-6.099565998378396
1780625772098847500,12.122847412109374,7.437693840259313,-1.8275886443868279,-6.124626205354929
1780625772108843300,12.13284326171875,7.431985984006523,-1.842186347929388,-6.127175305315852
1780625772118838300,12.14283837890625,7.433008897313475,-1.8591202393345534,-6.120820967853069
1780625772128833300,12.152833251953124,7.430077520036697,-1.8791864374160765,-6.118249071538448
1780625772138828300,12.162828369140625,7.40830700225532,-1.9168524434655905,-6.132949797064065
1780625772148823300,12.1728232421875,7.3589078883141275,-1.9863633481957017,-6.1701908556997775
1780625772158818600,12.182818603515624,7.302736503759026,-2.0799682452186943,-6.205975870308279
1780625772168814300,12.192814453125,7.268742464220524,-2.1768680921338497,-6.21265169481039
1780625772178809300,12.202809326171876,7.2555311004698275,-2.265643084782362,-6.19633301269412
1780625772188804400,12.212804443359374,7.238066755449771,-2.349528990215063,-6.185504160165786
1780625772198799400,12.22279931640625,7.210842063915729,-2.429996903897822,-6.186214354261756
1780625772208794400,12.23279443359375,7.184254501241445,-2.503367845056951,-6.187893685650825
1780625772218790400,12.242790283203124,7.1663850825518365,-2.560890351960063,-6.185073367533088
1780625772228785200,12.25278515625,7.1587623325884335,-2.5970421540543436,-6.178828920185565
1780625772238780200,12.2627802734375,7.1567147524088615,-2.6172873619645833,-6.172652861899137
1780625772248775400,12.272775390625,7.151648701190948,-2.632248784253001,-6.172160694468021
1780625772258770400,12.2827705078125,7.138588144087791,-2.6522946701988577,-6.178695064672827
1780625772268766500,12.292766357421876,7.1195993659794325,-2.6821853660717605,-6.187693779164553
1780625772278761500,12.302761474609374,7.099422254869341,-2.7167829244613646,-6.195780639508366
1780625772288756500,12.312756591796875,7.082037404826283,-2.748017143897712,-6.201903506302833
1780625772298751200,12.322751220703125,7.068083113753795,-2.7771345173105595,-6.204848912104964
1780625772308746200,12.332746337890624,7.0556415653318165,-2.810297074460983,-6.204074420601129
1780625772318742300,12.3427421875,7.042308036506175,-2.8512022085621953,-6.200557936912775
1780625772328737300,12.3527373046875,7.029701652911305,-2.8960300690650937,-6.194083187940716
1780625772338732500,12.362732666015624,7.0208987532526255,-2.939186196963489,-6.183735981449485
1780625772348727600,12.3727275390625,7.013782783767581,-2.979771889851987,-6.172376383045315
1780625772358722600,12.38272265625,7.003593982708454,-3.0230382001265883,-6.162894853472709
1780625772368717300,12.39271728515625,6.989827907684445,-3.0759038211345673,-6.15235650832355
1780625772378713300,12.40271337890625,6.9819842084467405,-3.1327719557821747,-6.132536540088057
1780625772388708400,12.412708251953125,6.987050259664654,-3.18344386613816,-6.100591834294796
1780625772398703400,12.422703369140624,6.995681894409656,-3.2266844574496147,-6.067893679785728
1780625772408698400,12.432698486328125,6.997718368673324,-3.265666514533758,-6.044647244232893
1780625772418693400,12.442693359375,6.991353509816527,-3.30155528177768,-6.032500879365205
1780625772428689400,12.452689453125,6.980254608175158,-3.33720381052494,-6.025738545623422
1780625772438684400,12.462684326171875,6.966792484533786,-3.38140535582304,-6.0166720265924925
1780625772448679400,12.472679443359375,6.956002794972061,-3.4375592047214507,-5.997296879515051
1780625772458674400,12.48267431640625,6.954032956203818,-3.5014492008298634,-5.9625195806443685
1780625772468669400,12.49266943359375,6.956362275934219,-3.566244036823511,-5.921258180451392
1780625772478665500,12.50266552734375,6.954391268122196,-3.625394729450345,-5.887561078032851
1780625772488660200,12.51266015625,6.948242097842693,-3.679585169321298,-5.861141273140907
1780625772498655200,12.5226552734375,6.939398281651735,-3.7348508372083304,-5.836614150127768
1780625772508650200,12.532650146484375,6.927553530079126,-3.792836285448074,-5.81324321141243
1780625772518645200,12.542645263671876,6.914194282290339,-3.850086697411537,-5.791473278152942
1780625772528639700,12.5526396484375,6.900325915935635,-3.900820567087829,-5.77404049731493
1780625772538635800,12.5626357421875,6.888841814368963,-3.9390152731865644,-5.761804116076231
1780625772548630800,12.572630859375,6.885354556775093,-3.962966349877417,-5.749536755177378
1780625772558625800,12.582625732421874,6.891286869433522,-3.980290117383003,-5.730434579822421
1780625772568620800,12.592620849609375,6.901821122929453,-4.005235465808212,-5.700292539536953
1780625772578615800,12.60261572265625,6.904805107176303,-4.050353833690285,-5.6646858041048045
1780625772588611800,12.61261181640625,6.884263254407048,-4.116556198394298,-5.641918676501512
1780625772598606800,12.62260693359375,6.8410530582338565,-4.195000205034018,-5.63670064959228
1780625772608601900,12.632601806640626,6.789655463951826,-4.270545275361836,-5.642106308028102
1780625772618596900,12.642596923828124,6.741887750604748,-4.332550772897899,-5.652111569213867
1780625772628591900,12.652591796875,6.701153589156269,-4.381545397691428,-5.66277207943797
1780625772638587600,12.662587646484376,6.662790248492359,-4.423474029621482,-5.675426393827796
1780625772648582700,12.672582763671874,6.6207695543646805,-4.4619127736091615,-5.694482391953468
1780625772658577700,12.68257763671875,6.5756164074301715,-4.501697379247844,-5.715447438570857
1780625772668573000,12.692572998046876,6.5299424514919515,-4.550189315216243,-5.729395884424448
1780625772678568000,12.70256787109375,6.487433681586384,-4.608260395912826,-5.731276291343569
1780625772688563000,12.71256298828125,6.454222316858172,-4.6685120355188845,-5.719998526003956
1780625772698558700,12.722558837890626,6.432883176231384,-4.722908811616898,-5.699344445031881
1780625772708553700,12.7325537109375,6.425128324320912,-4.768255143035948,-5.670265650063753
1780625772718548700,12.742548828125,6.426597812351584,-4.807646949964761,-5.635225900864601
1780625772728543700,12.752543701171875,6.4297442936837665,-4.843026890903711,-5.601235952979326
1780625772738538800,12.762538818359374,6.433681633132696,-4.874632281740009,-5.569205322468281
1780625772748534800,12.77253466796875,6.429799823263287,-4.904661217039823,-5.547286336126923
1780625772758529800,12.78252978515625,6.408997273731232,-4.930018945658206,-5.54887682018876
1780625772768524800,12.79252490234375,6.3951984654814,-4.937123809227347,-5.558475838661193
1780625772778519800,12.802519775390625,6.386257618656754,-4.9293069979965685,-5.575664289349318
1780625772788514800,12.812514892578125,6.374476579970121,-4.918825935992598,-5.598354844585061
1780625772798509800,12.822509765625,6.371719974738359,-4.9098552785515786,-5.609359053680301
1780625772808505900,12.832505859375,6.374876392942666,-4.906095633757114,-5.60906211656034
1780625772818500900,12.8425009765625,6.379246278589964,-4.9084062487870455,-5.602065389540791
1780625772828495600,12.85249560546875,6.388143870794773,-4.916110831815004,-5.585149910575151
1780625772838490600,12.86249072265625,6.401760308215022,-4.923583944174647,-5.562931649026274
1780625772848485600,12.872485595703125,6.418696829968691,-4.923956869140267,-5.543047967904806
1780625772858482000,12.88248193359375,6.435345182430744,-4.920758949881792,-5.526560943484306
1780625772868477000,12.892476806640625,6.4466936749190085,-4.9199587394148105,-5.514025871559977
1780625772878472000,12.902471923828125,6.453296434184908,-4.9191105981528755,-5.507061293244361
1780625772888467000,12.912467041015624,6.457595008161664,-4.916178051832318,-5.5046366964459414
1780625772898461700,12.922461669921875,6.460612894678116,-4.912818804532289,-5.504096013697981
1780625772908456700,12.932456787109375,6.463490495941042,-4.910912678650021,-5.502419020396471
1780625772918452700,12.94245263671875,6.465589514046907,-4.912390934509038,-5.49863424116075
1780625772928447700,12.95244775390625,6.466059469646215,-4.916878893578052,-5.49406503354907
1780625772938442800,12.96244287109375,6.466712965118885,-4.921663205245137,-5.48901067276895
1780625772948437800,12.972437744140626,6.468855237844586,-4.925074474993348,-5.4834226435035465
1780625772958432800,12.982432861328125,6.471453437644243,-4.927856799188256,-5.477855072504282
1780625772968428800,12.9924287109375,6.471335948744416,-4.93305319878757,-5.4733180135965345
1780625772978423800,13.002423828125,6.468756453645229,-4.942331899264454,-5.467994188225269
1780625772988418800,13.012418701171875,6.4675751349061725,-4.954132811695337,-5.4587032127887
1780625772998413800,13.022413818359375,6.467700807112455,-4.966434074863791,-5.447365826216339
1780625773008408800,13.032408935546876,6.466867863419652,-4.977698980721831,-5.438065498429537
1780625773018403800,13.04240380859375,6.465953086662292,-4.986942609885335,-5.430676557222008
1780625773028399600,13.052399658203125,6.467397440251708,-4.993215698805451,-5.4231870782494545
1780625773038394600,13.06239453125,6.47239217979908,-4.995543264970183,-5.415078006073832
1780625773048389600,13.0723896484375,6.479694611766934,-4.994377728322148,-5.407413755056262
1780625773058385000,13.082385009765625,6.4855228795289985,-4.992525962975621,-5.402132599782943
1780625773068380000,13.0923798828125,6.488220448049902,-4.9930228065818545,-5.398437836918235
1780625773078376000,13.1023759765625,6.487836417168379,-4.996778944244981,-5.395415858748555
1780625773088370700,13.11237060546875,6.4843678642749785,-5.003416190302372,-5.393437836673855
1780625773098365700,13.12236572265625,6.478647733062505,-5.011369195133447,-5.392931640717387
1780625773108360700,13.132360595703124,6.471867279142141,-5.017818225142359,-5.395072744399309
1780625773118355700,13.142355712890625,6.463999614506959,-5.02150948087573,-5.401065262812375
1780625773128351700,13.152351806640626,6.455619324174523,-5.022295662817359,-5.4103509775519365
1780625773138346800,13.1623466796875,6.448273637586832,-5.020647311088442,-5.420632717591523
1780625773148342000,13.172342041015625,6.442106347128749,-5.018440156432986,-5.430006110614538
1780625773158336800,13.182336669921876,6.436276325801015,-5.017230196121335,-5.438025166419148
1780625773168331800,13.192331787109374,6.4306000337302684,-5.0163633501589295,-5.445535688179731
1780625773178326800,13.202326904296875,6.426106229442357,-5.0135681664824485,-5.453413874208927
1780625773188322800,13.21232275390625,6.424010718467831,-5.007152454221249,-5.461762600359321
1780625773198317800,13.22231787109375,6.423809642937779,-4.997986566469073,-5.470388389885425
1780625773208312800,13.232312744140625,6.424597578445076,-4.988690330335498,-5.47795093409419
1780625773218307800,13.242307861328126,6.4250593507379286,-4.980934309381246,-5.4844566627264015
1780625773228302600,13.252302490234374,6.424190166687965,-4.977304428446293,-5.48876868070662
1780625773238299000,13.262298828125,6.420901062014699,-4.979709736022353,-5.490440997833013
1780625773248294000,13.2722939453125,6.415901646292209,-4.986353411820531,-5.490255119872093
1780625773258289000,13.282288818359374,6.411963137799501,-4.993468796783685,-5.488385818868875
1780625773268284000,13.292283935546875,6.411583783093095,-4.99830980707407,-5.4844227604568
1780625773278279000,13.30227880859375,6.414914973342419,-5.0010313409924505,-5.47804387307465
1780625773288274000,13.31227392578125,6.418446070078015,-5.003374689248204,-5.471763769891858
1780625773298269700,13.322269775390625,6.418028721448779,-5.006672561749816,-5.4692316210657355
1780625773308264700,13.3322646484375,6.4134992613255974,-5.010423438715934,-5.471107936331629
1780625773318259700,13.342259765625,6.408167252647877,-5.013019884949922,-5.474977471241354
1780625773328254700,13.352254638671875,6.405610553902387,-5.013279412668943,-5.477731153863668
1780625773338249700,13.362249755859375,6.405956590861082,-5.012164144903421,-5.478354254198074
1780625773348245800,13.372245849609374,6.40672523714602,-5.011640997812152,-5.477926384174824
1780625773358240800,13.38224072265625,6.404941276338696,-5.013496270290017,-5.478316844797134
1780625773368235800,13.39223583984375,6.397449459278583,-5.018561736986041,-5.482436555075645
1780625773378230800,13.402230712890624,6.382961499720811,-5.026299637761712,-5.492224958640337
1780625773388225800,13.412225830078125,6.365127736866474,-5.03380022265017,-5.506034288284182
1780625773398220800,13.422220703125,6.350342255666852,-5.0374412095010275,-5.519759446775913
1780625773408216800,13.432216796875,6.3425540860086675,-5.036363351136446,-5.52968696655035
1780625773418211600,13.442211669921875,6.340560281842946,-5.033705530104041,-5.534395874893665
1780625773428206600,13.45220654296875,6.340487216606736,-5.03255109937191,-5.5355210795313115
1780625773438201900,13.462201904296874,6.3391796411395065,-5.034110019251704,-5.535605250683426
1780625773448196900,13.47219677734375,6.3367918692201375,-5.038124515590072,-5.534689889404177
1780625773458193000,13.48219287109375,6.334253290653228,-5.04428128465414,-5.53198004592359
1780625773468188000,13.49218798828125,6.3310243917346,-5.052978385850787,-5.527740508657693
1780625773478183000,13.502182861328125,6.326108562642336,-5.064614463108778,-5.522720634669065
1780625773488177700,13.512177734375,6.320536315467954,-5.077006911692023,-5.5177142046839
1780625773498172700,13.522172607421876,6.317654038029909,-5.08616929231286,-5.512576257273555
1780625773508167700,13.532167724609375,6.319989787501096,-5.089654796341061,-5.506676093319058
1780625773518163700,13.542163818359375,6.326795960384607,-5.08837118627131,-5.500049953177571
1780625773528159000,13.552158935546874,6.333758200612664,-5.086816358044743,-5.493471743831038
1780625773538154000,13.562154052734375,6.337185252451897,-5.0888276978671545,-5.487651074853539
1780625773548149000,13.57214892578125,6.336834539318084,-5.0952533470004795,-5.482087595507502
1780625773558144000,13.58214404296875,6.334502881500125,-5.103972660028934,-5.476672584721446
1780625773568140000,13.59214013671875,6.3333461126804345,-5.1115480637192725,-5.470937255939841
1780625773578135000,13.602135009765625,6.336151233229041,-5.115905089884996,-5.463616119271516
1780625773588130000,13.612130126953126,6.342707230743765,-5.117236630749702,-5.454753013858199
1780625773598125000,13.622125,6.348663508799672,-5.117414325404167,-5.447651072898506
1780625773608120000,13.6321201171875,6.350712842544913,-5.117269363975525,-5.445398325535654
1780625773618115000,13.642114990234376,6.351137205436825,-5.115512875697016,-5.446558016964793
1780625773628110800,13.65211083984375,6.353971552079916,-5.111521175712347,-5.446996992903948
1780625773638106000,13.662106201171875,6.35952041837871,-5.106822788763046,-5.444926031848788
1780625773648101000,13.67210107421875,6.366006273266673,-5.1031408853799105,-5.440803398960829
1780625773658096000,13.68209619140625,6.37307957265377,-5.10150013243556,-5.434056262788176
1780625773668091100,13.692091064453125,6.381030239397287,-5.101408362498879,-5.4248003586649896
1780625773678086100,13.702086181640626,6.389203024458885,-5.101492533650994,-5.415092034599184
1780625773688082000,13.71208203125,6.397905386352539,-5.101090967112779,-5.4051896492660045
1780625773698077000,13.722076904296875,6.406615347030758,-5.100675372049212,-5.3952545307070015
1780625773708072000,13.732072021484376,6.413804381752014,-5.100590031853318,-5.386785977569222
1780625773718067000,13.74206689453125,6.419813851299882,-5.1003012780398125,-5.379896218055486
1780625773728062000,13.75206201171875,6.426275740790366,-5.098701441627741,-5.373694440805911
1780625773738058000,13.76205810546875,6.432672163829207,-5.096610022306442,-5.368026916563511
1780625773748053000,13.772052978515624,6.437799005323648,-5.095496508106589,-5.36293631542623
1780625773758048000,13.782048095703125,6.440259842479229,-5.0964884417533876,-5.359034631812572
1780625773768043000,13.79204296875,6.440581329518556,-5.098413856858015,-5.356816371241211
1780625773778038000,13.8020380859375,6.440538659420609,-5.100115984600782,-5.355248099011183
1780625773788033000,13.812032958984375,6.44135699006617,-5.101653277170658,-5.352800121337175
1780625773798029000,13.822029052734376,6.441388554248213,-5.10483892146945,-5.349723782631755
1780625773808023800,13.83202392578125,6.437481025415659,-5.1111698780566455,-5.348379382285476
1780625773818018800,13.842018798828125,6.429762998384237,-5.119529710122943,-5.3496659149646755
1780625773828013800,13.852013916015625,6.420989324820042,-5.127244814544916,-5.352812980818748
1780625773838008800,13.8620087890625,6.4131503017574545,-5.1324768699795005,-5.357191634294391
1780625773848005000,13.872005126953125,6.406417778632044,-5.134952904704213,-5.3628790322810405
1780625773858000100,13.882000244140626,6.400746747258305,-5.135114232745766,-5.369494066506624
1780625773867995100,13.8919951171875,6.396109150585532,-5.133789121621847,-5.376280950167775
1780625773877990000,13.901989990234375,6.39221506575644,-5.131182738515735,-5.38339516608715
1780625773887985000,13.91198486328125,6.388972138312458,-5.127559871843457,-5.390694675445556
1780625773897980000,13.92197998046875,6.385912750741839,-5.123969738397002,-5.397723551169038
1780625773907976000,13.931975830078125,6.382432507410645,-5.121564430820942,-5.404122896817326
1780625773917971000,13.941970947265625,6.3785793391138315,-5.120742008522153,-5.409444968622923
1780625773927966000,13.951966064453124,6.37431174479723,-5.122016850763559,-5.413265988215803
1780625773937961200,13.961961181640625,6.369879315307736,-5.125360900494456,-5.415321751701832
1780625773947956000,13.9719560546875,6.365412399026751,-5.129596346107125,-5.416562107151746
1780625773957951000,13.981950927734376,6.363320395183563,-5.132747503614425,-5.4160319457978
1780625773967947000,13.991947021484375,6.366611837944388,-5.133344884985685,-5.411602438917756
1780625773977942000,14.00194189453125,6.374099563351273,-5.131959568107128,-5.404091332635283
1780625773987937000,14.01193701171875,6.381376276355981,-5.130304786637425,-5.397075900915265
1780625773997932000,14.02193212890625,6.3847261713057755,-5.1299593342006204,-5.393441343805193
1780625774007927000,14.031927001953125,6.384212376564741,-5.131021994996071,-5.393033347526193
1780625774017922800,14.0419228515625,6.381755046540499,-5.133022228902578,-5.394041647785902
1780625774027918000,14.05191796875,6.379950042945146,-5.134018838724494,-5.395231149831414
1780625774037913000,14.0619130859375,6.380927948066592,-5.132015097686648,-5.395976999762654
1780625774047908000,14.071908203125,6.382734120705724,-5.127231955063343,-5.398388152557611
1780625774057903000,14.081903076171875,6.383173096644878,-5.1220741339087485,-5.402760960814357
1780625774067898000,14.091898193359375,6.38262832224369,-5.1180947088837625,-5.407171762993931
1780625774077894000,14.101893798828126,6.381785441678762,-5.116543972310423,-5.409634938237071
1780625774087889000,14.111888916015625,6.380618735986948,-5.11886277064681,-5.408823037332296
1780625774097884000,14.1218837890625,6.379497623002528,-5.1251750225335355,-5.404158552652597
1780625774107879000,14.13187890625,6.3780445015847675,-5.134223421385884,-5.3972869133174415
1780625774117874000,14.1418740234375,6.375767204302549,-5.1437657412350175,-5.390889321234822
1780625774127870200,14.1518701171875,6.373264281570911,-5.151579045334458,-5.386384411031007
1780625774137865000,14.161864990234376,6.371710037866235,-5.156730436748266,-5.383290536668897
1780625774147860000,14.17185986328125,6.370084482491016,-5.160927303916216,-5.381193272128701
1780625774157855000,14.18185498046875,6.365766034770012,-5.167382179144025,-5.380111322110891
1780625774167850000,14.19185009765625,6.358487568199634,-5.177528310105204,-5.378962736597657
1780625774177845000,14.201844970703124,6.351178121969103,-5.189872827893495,-5.375699935409426
1780625774187841000,14.211841064453125,6.346704775947332,-5.202472197225689,-5.3687990699797865
1780625774197836000,14.2218359375,6.346040174558758,-5.213303972363471,-5.3590737947791816
1780625774207830800,14.231830810546874,6.348422685781121,-5.221594246324896,-5.348164278230071
1780625774217825800,14.24182568359375,6.352184084141254,-5.228813676184416,-5.336633999434113
1780625774227821000,14.251821044921876,6.356035498872399,-5.236373882305622,-5.324616813904047
1780625774237816000,14.261816162109374,6.360422920176386,-5.244178418576717,-5.3116860206604
1780625774247812000,14.27181201171875,6.365700568318367,-5.251257563182711,-5.2983519073128695
1780625774257807000,14.28180712890625,6.369803327462077,-5.257226116198301,-5.287489737036824
1780625774267802000,14.291802001953124,6.371172277727723,-5.262772644409537,-5.28031648440659
1780625774277796900,14.301796875,6.372060166478157,-5.267568646514415,-5.274464251247048
1780625774287791900,14.3117919921875,6.37708997733891,-5.271447533774376,-5.264499322071671
1780625774297787000,14.321786865234374,6.385268023097515,-5.277736989307403,-5.248260134932399
1780625774307783000,14.331782958984375,6.392837581568956,-5.287901240447163,-5.228776851305366
1780625774317778200,14.341778076171876,6.400469099360704,-5.298421465417743,-5.208748208755255
1780625774327773200,14.351773193359374,6.411067065742611,-5.305612838226557,-5.188355409067869
1780625774337768200,14.361768310546875,6.424445018231868,-5.308862195411324,-5.168446593505144
1780625774347763000,14.371762939453125,6.437452968364954,-5.30855415237546,-5.152561042109132
1780625774357759000,14.381759033203124,6.447447123634815,-5.304409892177581,-5.1443222060739995
1780625774367754000,14.39175390625,6.454911468166112,-5.2956280353069305,-5.1440077332973475
1780625774377749000,14.4017490234375,6.463026385560632,-5.281112018698454,-5.148742360603809
1780625774387744000,14.411743896484374,6.473496341648698,-5.261695955088734,-5.155462608769536
1780625774397739000,14.421739013671875,6.483587527552246,-5.241413630038499,-5.163437825432419
1780625774407734000,14.431734130859375,6.489355589559674,-5.225398899304866,-5.172416666179895
1780625774417730000,14.44172998046875,6.48751668369472,-5.216732777768373,-5.183458284676075
1780625774427725000,14.45172509765625,6.479059236472844,-5.212732309955358,-5.198038598692417
1780625774437720000,14.461719970703125,6.471092787638306,-5.2057420126765965,-5.214938880088925
1780625774447715000,14.471715087890624,6.472194611400365,-5.1875359093785285,-5.231683678662777
1780625774457710000,14.4817099609375,6.488201743349433,-5.153880892536044,-5.245108392903209
1780625774467705000,14.491705078125,6.519657204321026,-5.108215704426169,-5.250770656448602
1780625774477700900,14.501700927734374,6.5611477370947595,-5.058982594701647,-5.246757913675904
1780625774487696000,14.51169580078125,6.604575959932804,-5.0139247248351575,-5.235503529211878
1780625774497691000,14.52169091796875,6.641320759484172,-4.977129071879387,-5.224118211844563
1780625774507686000,14.531685791015626,6.661476827806234,-4.946169285470247,-5.227861490026116
1780625774517681000,14.541680908203125,6.660652651941776,-4.915023036578297,-5.258194668969511
1780625774527677700,14.551677734375,6.6432759852051735,-4.876329733307659,-5.315887564003467
1780625774537672700,14.561672607421874,6.61506345167756,-4.8256999085277315,-5.396664397504925
1780625774547667700,14.571667724609375,6.580158727034926,-4.7641214042320845,-5.493180067408084
1780625774557662700,14.581662841796875,6.539417551323771,-4.695860061171651,-5.5995805869877335
1780625774567657700,14.59165771484375,6.488351380953192,-4.623626599609851,-5.717842809274792
1780625774577652700,14.60165283203125,6.420549179837107,-4.548415875802934,-5.853107604289055
1780625774587648500,14.6116484375,6.341091612240672,-4.471990223248302,-5.996852058357
1780625774597643500,14.6216435546875,6.264169116079807,-4.396061998821795,-6.132307992029189
1780625774607638500,14.631638427734375,6.200163969159126,-4.317967244011164,-6.25168548208177
1780625774617633500,14.641633544921875,6.149058051300049,-4.2328631949603555,-6.3594321555733675
1780625774627628500,14.651628662109376,6.0983291500598185,-4.137885694409906,-6.469830220356584
1780625774637623600,14.66162353515625,6.030611704617739,-4.033991896954179,-6.597649960061907
1780625774647619800,14.671619873046875,5.941378008416295,-3.9279885599985715,-6.7410203201204535
1780625774657614600,14.681614501953124,5.835866546630859,-3.8294679800137876,-6.888266644829511
1780625774667609600,14.691609619140625,5.719876945450902,-3.7459491543278096,-7.030024893516302
1780625774677604600,14.7016044921875,5.597825267753005,-3.6766155058607457,-7.163605680966377
1780625774687599600,14.711599609375,5.476044223690033,-3.6079955586209893,-7.29148328833878
1780625774697594600,14.7215947265625,5.368104657974839,-3.5258699408590792,-7.410941442412137
1780625774707590700,14.731590576171875,5.287821745470166,-3.4290044346049426,-7.513406376108526
1780625774717585700,14.741585693359376,5.234641943946481,-3.324328254599869,-7.597220969870686
1780625774727580700,14.75158056640625,5.2004216944366695,-3.218286046938598,-7.666071803256869
1780625774737575700,14.76157568359375,5.182975469595194,-3.116180594204366,-7.719883472943305
1780625774747570700,14.77157080078125,5.177850966188311,-3.0210511179625987,-7.761026215192675
1780625774757565700,14.781565673828124,5.178794384518265,-2.9367808893874288,-7.792673399344086
1780625774767561700,14.791561767578125,5.182146033033728,-2.86562879332155,-7.816901831671595
1780625774777556700,14.801556640625,5.18402585543096,-2.8065809765473007,-7.837052054774761
1780625774787551700,14.8115517578125,5.176703549718857,-2.755166138869524,-7.8600985838413235
1780625774797546800,14.821546630859375,5.162207991376519,-2.711022461238503,-7.884942517718672
1780625774807541500,14.83154150390625,5.149100672522187,-2.6788410240799188,-7.904491267797351
1780625774817536500,14.84153662109375,5.136922743472456,-2.660623230344057,-7.918553695419431
1780625774827532800,14.85153271484375,5.123755803385377,-2.654366215775907,-7.929176211720705
1780625774837527800,14.86152783203125,5.117862653693557,-2.654830033895373,-7.932830058053136
1780625774847522800,14.871522705078124,5.121173970198631,-2.6547172211706638,-7.930728117337822
1780625774857517800,14.881517822265625,5.112832258310914,-2.6503052499473094,-7.937581636494397
1780625774867512600,14.8915126953125,5.0545916662663215,-2.642963362751901,-7.977230925315618
1780625774877508600,14.901508544921874,4.946140643897652,-2.638394447401166,-8.046427795660495
1780625774887503600,14.911503662109375,4.828278526844084,-2.641293675974011,-8.116752208730578
1780625774897498600,14.92149853515625,4.7256563567593695,-2.653535902431607,-8.172963340774178
1780625774907493600,14.93149365234375,4.646768698005378,-2.676281987246871,-8.210691306143998
1780625774917488600,14.941488525390625,4.5964884173154825,-2.7075287739038467,-8.228727313572168
1780625774927483600,14.951483642578125,4.573098773899674,-2.743379254963994,-8.229888174045085
1780625774937479700,14.961479736328124,4.565111574538052,-2.7782652749061585,-8.222615552693606
1780625774947474700,14.971474609375,4.557354384540021,-2.80717894244045,-8.217096497011184
1780625774957469700,14.9814697265625,4.541544236467779,-2.8276237645760176,-8.21883837224245
1780625774967464700,14.991464599609374,4.519944983600079,-2.8413652896806596,-8.22600051895678
1780625774977459700,15.001459716796875,4.499738938656449,-2.85231163110882,-8.23329126048684
1780625774987454700,15.011454833984375,4.482092222806811,-2.8651369181513786,-8.238461941123008
1780625774997450500,15.021450439453124,4.462144536538422,-2.8822017424598334,-8.243332762029766
1780625775007445500,15.031445556640625,4.438094967909157,-2.902119325850904,-8.249327034008502
1780625775017440500,15.0414404296875,4.412264068821072,-2.9209292402610183,-8.256542956736684
1780625775027435800,15.051435791015624,4.388406807893515,-2.9332188129916785,-8.264896943584084
1780625775037430800,15.0614306640625,4.36860057592243,-2.9351968350663777,-8.274681840017438
1780625775047425800,15.07142578125,4.352927790494263,-2.9277848052442073,-8.285557454296946
1780625775057421600,15.081421630859374,4.338220342966914,-2.916884056523442,-8.297108775880933
1780625775067416600,15.09141650390625,4.325958535026014,-2.909019899019599,-8.306264726760983
1780625775077411600,15.10141162109375,4.31820719024688,-2.907887387858331,-8.310694233641028
1780625775087406600,15.111406494140626,4.314597183056176,-2.9118551224455236,-8.311179386809467
1780625775097401600,15.121401611328125,4.3138428575575345,-2.9171944376468657,-8.309698792862891
1780625775107396600,15.131396728515625,4.315744891786575,-2.9208386393681165,-8.307430847930908
1780625775117393000,15.141392822265624,4.317799193967878,-2.920200049203634,-8.306591474497317
1780625775127387600,15.1513876953125,4.316121908405423,-2.913452913030982,-8.309829725766182
1780625775137382700,15.161382568359375,4.310443570508062,-2.9004473009854554,-8.317323880913854
1780625775147377700,15.171377685546876,4.306555330897868,-2.8832834002166985,-8.325304358273744
1780625775157372700,15.18137255859375,4.310720049361884,-2.864577822963893,-8.32960176320672
1780625775167367700,15.19136767578125,4.324346131393313,-2.845301752346754,-8.329145836132763
1780625775177363700,15.20136376953125,4.343200761727989,-2.825292106758058,-8.326144900751114
1780625775187358700,15.211358642578125,4.359915457424521,-2.8041084489539263,-8.324571367824078
1780625775197353700,15.221353759765625,4.372110629869997,-2.782116689637303,-8.32555453364253
1780625775207348500,15.231348388671876,4.384916627690195,-2.7601912735551593,-8.326118012744187
1780625775217343500,15.241343505859374,4.403059894885122,-2.7386881745383143,-8.323643731585145
1780625775227338500,15.25133837890625,4.424361918371916,-2.717076646710932,-8.319430497804284
1780625775237334800,15.261334716796876,4.4429158121943475,-2.6952763183131814,-8.316630053430796
1780625775247329800,15.271329833984375,4.452450533258915,-2.674230315414071,-8.318326335954666
1780625775257324800,15.28132470703125,4.446326497420668,-2.656089094045758,-8.327408637076616
1780625775267319600,15.291319580078126,4.421416512569785,-2.6431486561909314,-8.344771275287867
1780625775277314600,15.301314453125,4.376486068475246,-2.637504805085063,-8.370206745317578
1780625775287309600,15.3113095703125,4.315199240602553,-2.639457108196616,-8.40135007160008
1780625775297305600,15.3213056640625,4.245886342662573,-2.6471640293121337,-8.434177405446768
1780625775307300600,15.331300537109374,4.178312689605355,-2.65688755094707,-8.464809859597683
1780625775317295600,15.341295654296875,4.12026323621869,-2.665766438451409,-8.490434714719653
1780625775327291000,15.351290771484376,4.074719044139981,-2.6719915965765715,-8.510435884740948
1780625775337285600,15.36128564453125,4.04294092708528,-2.674459740255773,-8.524806355398892
1780625775347280600,15.37128076171875,4.024388786828518,-2.672839153316617,-8.534086809441447
1780625775357276700,15.381276611328126,4.014491662192344,-2.6689938760653136,-8.539951317560671
1780625775367271700,15.391271728515624,4.002049529248476,-2.6620146847024557,-8.547963359102607
1780625775377266700,15.4012666015625,3.9808728857070204,-2.653504045988619,-8.560485571545362
1780625775387261700,15.41126171875,3.9706867149963974,-2.6542721077516673,-8.564978206789492
1780625775397256700,15.421256591796874,3.9742686651363965,-2.665231893183291,-8.55991274009347
1780625775407252500,15.43125244140625,3.9738153684109445,-2.677660289862752,-8.556243111670017
1780625775417247700,15.441247802734376,3.949489613188803,-2.67716052364707,-8.567658824175595
1780625775427242800,15.45124267578125,3.907864055858552,-2.6591055192574857,-8.592327986007929
1780625775437237800,15.46123779296875,3.877735459576547,-2.6367949032500384,-8.612829506766795
1780625775447232800,15.471232666015625,3.736602941572666,-2.6036329306215045,-8.685001593530178
1780625775457227800,15.481227783203124,3.324221871615946,-2.5410639539837834,-8.869211328977347
1780625775467223600,15.4912236328125,2.7452473869234324,-2.44803408036977,-9.090717068117856
1780625775477218600,15.501218505859375,2.16348575573042,-2.3459428022913635,-9.272877469819784
1780625775487213600,15.511213623046874,1.6603578085303305,-2.2416230345085264,-9.401527815130352
1780625775497208600,15.52120849609375,1.292332451520115,-2.148042541274428,-9.48083282251358
1780625775507203600,15.53120361328125,1.080305319342762,-2.0719642408527434,-9.52419557889998
1780625775517198600,15.541198486328126,0.984706325893104,-2.01048612819165,-9.547705633825062
1780625775527194400,15.5511943359375,0.9558424888499081,-1.9597111958526074,-9.561186462166905
1780625775537189000,15.561189208984375,0.99411574007757,-1.9275674603559076,-9.563819148758054
1780625775547184000,15.57118408203125,1.1027650614973157,-1.9130002980820833,-9.554827448529004
1780625775557179100,15.58117919921875,1.2889043767675756,-1.9092812775589525,-9.53224853697419
1780625775567174100,15.591174072265625,1.5459589836731553,-1.9036596382848918,-9.495076451921463
1780625775577169200,15.601169189453126,1.846433191718906,-1.8948336500115692,-9.443023024079203
1780625775587165400,15.61116552734375,2.135512583916634,-1.887941990801692,-9.383265013208986
1780625775597160400,15.621160400390625,2.360386338185519,-1.8788792711630462,-9.331064285850525
1780625775607155200,15.6311552734375,2.5065683946639297,-1.859157210344076,-9.29682942329347
1780625775617150200,15.641150146484375,2.590072022780776,-1.8258337635435162,-9.28053119944334
1780625775627145200,15.651145263671875,2.6308114449262616,-1.7824723223313688,-9.277499868923424
1780625775637140200,15.66114013671875,2.6351559038713575,-1.7350069529317318,-9.285262319618463
1780625775647136300,15.67113623046875,2.609402746194601,-1.6878385206520556,-9.301216844597459
1780625775657131300,15.68113134765625,2.5874305683612824,-1.6557906467452643,-9.313106604355573
1780625775667126300,15.691126220703126,2.620469206871092,-1.6490942178465424,-9.305053061759471
1780625775677121300,15.701121337890624,2.7233435981512066,-1.653804295233637,-9.274628112879395
1780625775687116000,15.711115966796875,2.8585417576700447,-1.650681048646569,-9.234411837825178
1780625775697111000,15.721111083984376,2.964400425457954,-1.6282035516396165,-9.20498116067946
1780625775707107300,15.731107421875,2.9956539341166613,-1.5661661976605652,-9.205627057367563
1780625775717102300,15.741102294921875,2.9909479483827948,-1.4407279462642968,-9.227617939901352
1780625775727097300,15.751097412109376,3.017548370538652,-1.2542580108001828,-9.246169495636224
1780625775737092400,15.76109228515625,3.1174969374999404,-1.028437331070006,-9.240883664187788
1780625775747087400,15.77108740234375,3.3346243154257533,-0.8082635711856186,-9.186806037041544
1780625775757082000,15.78108203125,3.6581577658891677,-0.6166308461308478,-9.077887981683014
1780625775767077000,15.7910771484375,4.028545029725134,-0.4404011131195351,-8.93013429197371
1780625775777073200,15.8010732421875,4.399434690125286,-0.25734505948582664,-8.760656846234202
1780625775787068200,15.811068115234375,4.760197216525674,-0.04118714764667675,-8.57374895774424
1780625775797063400,15.8210634765625,5.121925080826879,0.2176243676625192,-8.359957738503812
1780625775807058400,15.831058349609375,5.495972912997007,0.5062100945917889,-8.106072409284115
1780625775817053400,15.841053466796875,5.855750227752328,0.8039623668603598,-7.825231853121519
1780625775827048200,15.851048095703124,6.182901284191012,1.0953510589137674,-7.532747620916366
1780625775837044200,15.861044189453125,6.47960868704915,1.3748217880278826,-7.231520110285282
1780625775847039200,15.871039306640625,6.738157916426658,1.6398954507380723,-6.933857014137506
1780625775857034200,15.8810341796875,6.941538216289877,1.8915802011735736,-6.663885642513632
1780625775867029200,15.891029296875,7.0847203602999445,2.1472321016743776,-6.431682568269967
1780625775877024300,15.901024169921875,7.169998596873879,2.4241439400859175,-6.235785902160406
1780625775887019300,15.911019287109376,7.218086043694615,2.7193416690334677,-6.055975278455018
1780625775897015300,15.921015380859375,7.253871058303117,3.006029489919543,-5.874991519317031
1780625775907010300,15.93101025390625,7.28909726998508,3.2457083068713546,-5.701299086230993
1780625775917005300,15.94100537109375,7.326039637935161,3.4284263424560426,-5.544852386978269
1780625775927000300,15.951000244140625,7.382223881971836,3.57365957377702,-5.376070522287487
1780625775936995300,15.960995361328125,7.461244227194785,3.6961367834106085,-5.180618092814088
1780625775946990300,15.970990234375,7.541304436859488,3.788039991082251,-4.994980370390415
1780625775956986000,15.980986083984375,7.602783280172944,3.8533386849448084,-4.849729895673692
1780625775966981000,15.990981201171875,7.65327545004785,3.9221512321472165,-4.71322386842668
1780625775976976100,16.00097607421875,7.694296027222276,4.010898313875496,-4.569557448031008
1780625775986971100,16.01097119140625,7.718119970402121,4.114565316838026,-4.435238409434259
1780625775996966400,16.02096630859375,7.727765750625729,4.233885231484472,-4.304213151685893
1780625776006961400,16.03096142578125,7.72243081933856,4.363920309151709,-4.182180763210356
1780625776016957200,16.040957275390625,7.694282583218812,4.487171425767243,-4.102886277221143
1780625776026952200,16.0509521484375,7.63278035902977,4.58451974710226,-4.110134640914201
1780625776036947200,16.060947265625,7.550650941875577,4.669247071795165,-4.166073678018153
1780625776046942200,16.070942138671874,7.484422858208418,4.781202887414396,-4.158596474005281
1780625776056937200,16.080937255859375,7.436888953617215,4.892538525308669,-4.114143584294617
1780625776066932200,16.09093212890625,7.41613959557712,4.970599377849698,-4.057631423477829
1780625776076928300,16.10092822265625,7.429666016626357,5.009204710575938,-3.9847576181858777
1780625776086923300,16.11092333984375,7.468000715717673,5.01166204060018,-3.909300226141512
1780625776096918300,16.120918212890626,7.514275560158491,4.990570737254619,-3.847112357775867
1780625776106913300,16.130913330078126,7.554910352885723,4.962653971803188,-3.8033956733852623
1780625776116908300,16.140908203125,7.589068058553337,4.946040690654516,-3.756740889716148
1780625776126903300,16.1509033203125,7.619688822266459,4.949601013484597,-3.689463004735112
1780625776136899300,16.1608994140625,7.650023754775524,4.969069684064388,-3.599424129630625
1780625776146894300,16.170894287109373,7.680596587693691,4.996282100638747,-3.4951401638135313
1780625776156889000,16.18088916015625,7.7101184502542015,5.02343138884902,-3.389622272287309
1780625776166884000,16.190884033203126,7.736486232697963,5.041470318886637,-3.3016371148422357
1780625776176879000,16.200879150390627,7.757755815219879,5.040017781990766,-3.2535975988164543
1780625776186874000,16.2108740234375,7.7789190147578715,5.0285488779932255,-3.220643715980649
1780625776196870400,16.220870361328124,7.8073074893742795,5.0194846970498554,-3.1656139026761054
1780625776206865400,16.230865478515625,7.845120210418105,5.011113174545764,-3.0843603915736075
1780625776216860400,16.2408603515625,7.890023766505718,4.990581258648634,-3.002003010882437
1780625776226855200,16.250855224609374,7.938945910584926,4.9552720448583365,-2.930662406507134
1780625776236850200,16.26085009765625,7.987472333344817,4.9179339555889365,-2.8608827678382394
1780625776246845200,16.27084521484375,8.029248112800717,4.893835287120938,-2.7842195071354507
1780625776256841200,16.28084130859375,8.054654356735945,4.890481008256971,-2.715898835103214
1780625776266836200,16.290836181640625,8.055813463643192,4.9061599311649795,-2.6840067362800237
1780625776276831200,16.300831298828125,8.034001444807648,4.936736855736375,-2.693287190322578
1780625776286826200,16.310826171875,7.998554868373274,4.970153972169757,-2.736991892014444
1780625776296821200,16.3208212890625,7.962796157249808,5.000943078187108,-2.784750837533176
1780625776306816300,16.330816162109375,7.933952340081333,5.031209621635079,-2.812432332924008
1780625776316812300,16.340812255859376,7.911918202927708,5.065022459387779,-2.8138065438866615
1780625776326807300,16.350807373046877,7.891400900077819,5.096545140376687,-2.814495695194602
1780625776336802300,16.36080224609375,7.871496176168322,5.121216055774688,-2.8254320997506377
1780625776346797300,16.37079736328125,7.854134122478961,5.137970791220664,-2.843268492953479
1780625776356792300,16.380792236328126,7.840641603699326,5.150888140460848,-2.8571193236514922
1780625776366787000,16.390787109375,7.828209992149472,5.162655150622129,-2.8699276595592496
1780625776376782000,16.400781982421876,7.817095892938971,5.174119378444552,-2.8795690558686853
1780625776386778400,16.4107783203125,7.813824908444285,5.188099388480186,-2.863244528533518
1780625776396773400,16.4207734375,7.810974195188283,5.201407198342681,-2.8468276467397806
1780625776406768400,16.430768310546874,7.800558599635958,5.212435372835397,-2.85519361628592
1780625776416763400,16.440763427734375,7.788882774889469,5.230233479854464,-2.8545319375067946
1780625776426758400,16.45075830078125,7.7759151567667715,5.253783282268047,-2.846621895034611
1780625776436753200,16.460753173828124,7.763282469686866,5.274008908694983,-2.843712437328696
1780625776446749200,16.470749267578125,7.757142651757597,5.285409423631429,-2.8392990048006177
1780625776456744200,16.480744140625,7.759124765485525,5.28773932788372,-2.8295167387157676
1780625776466739200,16.4907392578125,7.7683572887331245,5.284218752542138,-2.810710915958881
1780625776476734200,16.500734130859374,7.784698182681202,5.275227636834979,-2.7822292101010677
1780625776486729200,16.510729248046875,7.808279549276828,5.260522819656133,-2.743724122878909
1780625776496724200,16.52072412109375,7.835978872585296,5.241105587002635,-2.701602598725259
1780625776506720300,16.53072021484375,7.863489979845285,5.219509841266274,-2.6631971724852916
1780625776516715300,16.54071533203125,7.886769148623943,5.198064317655563,-2.6361723874375222
1780625776526710300,16.550710205078126,7.904512895107269,5.182442970153689,-2.6136837845146657
1780625776536705300,16.560705322265626,7.9180165198028085,5.177638200220465,-2.582149705348909
1780625776546700300,16.5707001953125,7.929066321605443,5.180795787468552,-2.5415897314235565
1780625776556695300,16.5806953125,7.940056502175331,5.186753819090128,-2.4946888640388845
1780625776566691000,16.590691162109376,7.951437727889418,5.191605350774526,-2.447914399512857
1780625776576686000,16.60068603515625,7.960678434443474,5.196087464624643,-2.408048983722925
1780625776586681000,16.61068115234375,7.9638687549173826,5.205132356345653,-2.377768557880074
1780625776596676400,16.62067626953125,7.958409904989599,5.223338459643721,-2.356026535540819
1780625776606671400,16.63067138671875,7.9462255461990825,5.242590857124329,-2.3543873900316656
1780625776616666400,16.640666259765624,7.938301767462492,5.252054851040244,-2.3600056683048605
1780625776626662100,16.650662109375,7.944561996901035,5.250933738055825,-2.3413771018110214
1780625776636657200,16.6606572265625,7.964061647140979,5.241383819422126,-2.2960792857088146
1780625776646652200,16.670652099609374,7.98707544298172,5.226981784582137,-2.248485759884864
1780625776656647200,16.680647216796874,8.004938431930542,5.210672454816103,-2.222656760492921
1780625776666642200,16.69064208984375,8.016390969315172,5.198174792292714,-2.2106153173044323
1780625776676637200,16.70063720703125,8.022741799646615,5.192724710193276,-2.200374347666651
1780625776686633500,16.710633544921876,8.026849819487333,5.194132823425531,-2.1819893806703385
1780625776696628200,16.720628173828125,8.031663357248902,5.198626043191552,-2.1533739654302595
1780625776706623200,16.730623291015625,8.038274299821257,5.202691977456212,-2.1186121563896534
1780625776716618200,16.7406181640625,8.046541192907094,5.2055117110520595,-2.0799600619122383
1780625776726613200,16.75061328125,8.058349704122543,5.2043929361552,-2.0365949674382806
1780625776736608300,16.760608154296875,8.076729410421848,5.194664738345146,-1.988039464714378
1780625776746603300,16.770603271484376,8.102040961810946,5.1749786256223915,-1.9356853003598748
1780625776756599300,16.780599365234377,8.131325508484244,5.148824778190255,-1.8819079713344573
1780625776766594000,16.790593994140625,8.159180899137258,5.122042569726705,-1.8337983126819133
1780625776776589000,16.800589111328126,8.182348424234986,5.10427894949913,-1.7792989529922603
1780625776786584000,16.810583984375,8.198796870210767,5.142821738383174,-1.581626655512303
1780625776796579300,16.820579345703123,8.185022027358412,5.2387926338851445,-1.3156312017820775
1780625776806574300,16.83057421875,8.147382324793934,5.341660303163528,-1.121273508742824
1780625776816570400,16.8405703125,8.111316739678383,5.421078123271465,-0.9944104852404445
1780625776826565400,16.8505654296875,8.091279913821817,5.466548081070185,-0.9046708122782409
1780625776836560100,16.86056005859375,8.095852628564835,5.473590985319018,-0.8169525621410458
1780625776846555100,16.87055517578125,8.12836899676621,5.440978755527734,-0.7041114881198853
1780625776856550100,16.880550048828123,8.182122214263677,5.375522240754962,-0.5718299832327292
1780625776866545200,16.890545166015624,8.248095446386932,5.285820342519879,-0.4464904429705813
1780625776876541200,16.900541259765625,8.320401973184943,5.178873879495263,-0.3472637240104377
1780625776886536400,16.910536376953125,8.397549510273336,5.056799989965557,-0.2834959477758966
1780625776896531500,16.920531494140626,8.47777572415471,4.923061381605267,-0.24736493274131788
1780625776906526200,16.930526123046874,8.554622232469915,4.789667641159892,-0.21885376332700252
1780625776916521200,16.940521240234375,8.625138953241706,4.662584399035572,-0.19414850726798175
1780625776926516200,16.95051611328125,8.688139891555904,4.544836848272383,-0.17610364067992196
1780625776936512300,16.96051220703125,8.744261007228493,4.436266583438218,-0.1669959676546976
1780625776946507300,16.97050732421875,8.797388786303996,4.329865479336679,-0.16932037374796344
1780625776956502300,16.980502197265626,8.849093839100004,4.222825492809712,-0.17792207001242785
1780625776966497300,16.990497314453126,8.895926317423582,4.122496986620128,-0.19456070479806511
1780625776976492300,17.0004921875,8.93227773374319,4.041107281917333,-0.23294733500601722
1780625776986487000,17.010487060546875,8.954127161979676,3.9875343894228337,-0.3059035030854866
1780625776996482000,17.02048193359375,8.961472848567366,3.9616111358761783,-0.4099577517999336
1780625777006478300,17.030478271484377,8.956928775396943,3.9566219492867587,-0.5375622778519987
1780625777016473300,17.040473388671874,8.94622851768434,3.9577340021818874,-0.6868782484419643
1780625777026468400,17.05046826171875,8.935480913698672,3.951963017565012,-0.8423210313491523
1780625777036463400,17.06046337890625,8.925816428774596,3.9421594164311884,-0.9795889098141342
1780625777046458400,17.070458251953124,8.91278918941915,3.9443861525699493,-1.0836819561690092
1780625777056453000,17.080453125,8.880154163274169,4.008227048839628,-1.1168632910851388
1780625777066449200,17.09044921875,8.787224535164237,4.1929374272853135,-1.172329011588916
1780625777076444200,17.100444091796874,8.654031285727024,4.396432585699856,-1.3962541598960756
1780625777086439200,17.110439208984374,8.539326463660597,4.5484190906733275,-1.6006811923332511
1780625777096434400,17.120434326171875,8.47637871683836,4.619285063274204,-1.7273052925132213
1780625777106429400,17.130429443359375,8.460027886018157,4.621162255322933,-1.8008811085946856
1780625777116424400,17.140424560546876,8.458927231299876,4.603559378615022,-1.8504519258409737
1780625777126420200,17.150420166015625,8.446185823148488,4.603610524280369,-1.9076523611828684
1780625777136415200,17.160415283203125,8.412857554042338,4.630460245022177,-1.9882266578495502
1780625777146410200,17.17041015625,8.364154021149874,4.678009931704402,-2.080275265341252
1780625777156405200,17.1804052734375,8.30848824802935,4.739578791388869,-2.1623653733983637
1780625777166400300,17.190400146484375,8.251720066624879,4.810566929064691,-2.222153048754483
1780625777176395300,17.200395263671876,8.196493853965402,4.885606680218875,-2.2624628473110495
1780625777186390300,17.210390380859376,8.144062240460515,4.957888949358463,-2.2943453015230593
1780625777196386300,17.22038623046875,8.096533012044429,5.021909878370166,-2.3231335891120133
1780625777206381300,17.23038134765625,8.056030905786157,5.074944718465209,-2.3485561996601523
1780625777216376300,17.240376220703126,8.02390908986032,5.1187710007101295,-2.363351033210009
1780625777226371300,17.250371337890623,7.9985683123767375,5.157988327854872,-2.3639972221590577
1780625777236366300,17.260366455078124,7.97622028696835,5.194143344819546,-2.360328908909857
1780625777246361300,17.270361328125,7.95564920810461,5.225656673458218,-2.3602065977044404
1780625777256357000,17.280357177734373,7.937337890866399,5.250689407905936,-2.3662813875734803
1780625777266352000,17.29035205078125,7.921540602275729,5.267908253732323,-2.3809077326886356
1780625777276347100,17.30034716796875,7.905940297561884,5.280629788139462,-2.4044575351022184
1780625777286342100,17.310342041015623,7.887149672374129,5.297458173343539,-2.429030396953225
1780625777296337200,17.320337158203124,7.862989629107713,5.323308069393039,-2.45074889228642
1780625777306332400,17.33033251953125,7.833407560792565,5.35870262337923,-2.468272274017334
1780625777316328200,17.340328125,7.802085370811819,5.400350392541289,-2.4767101397559044
1780625777326323200,17.3503232421875,7.773689297410845,5.4409004295945165,-2.477251699286699
1780625777336318200,17.360318115234374,7.750913401979208,5.474661829420924,-2.474236443118751
1780625777346313200,17.370313232421875,7.732089459043741,5.500261550101637,-2.476354750446975
1780625777356308200,17.38030810546875,7.711116229119896,5.521859049403667,-2.4936262032434344
1780625777366303200,17.39030322265625,7.681821161052584,5.545777685129642,-2.530677292264998
1780625777376298200,17.40029833984375,7.6430357955843204,5.576209648272394,-2.580746852813661
1780625777386294000,17.4102939453125,7.599514633765816,5.61379732838869,-2.6273598431676626
1780625777396289300,17.420289306640626,7.55456139331758,5.6569981722116465,-2.6640909064546228
1780625777406284300,17.4302841796875,7.508800928139686,5.70025980631113,-2.700979790651798
1780625777416279300,17.440279296875,7.464678293296695,5.737637643069029,-2.7438129702061413
1780625777426274300,17.4502744140625,7.425874223127961,5.766719945168495,-2.7877766150951384
1780625777436269300,17.460269287109377,7.395581376194953,5.787648751428723,-2.824690925994515
1780625777446265300,17.470265380859374,7.374301856800914,5.801355205219984,-2.852083375310898
1780625777456260000,17.480260009765626,7.361025026598572,5.809705100414156,-2.8693299859270454
1780625777466255000,17.490255126953127,7.352441907170414,5.814165002432465,-2.8822701315209267
1780625777476250000,17.50025,7.34564274854958,5.816899395832419,-2.8940538005560636
1780625777486245000,17.5102451171875,7.3354475177496665,5.826146532127261,-2.901310055294633
1780625777496240000,17.520240234375,7.314961194559931,5.847533603549003,-2.90998786726892
1780625777506236400,17.530236328125,7.2866498768329615,5.878108774554729,-2.9194144517838954
1780625777516231400,17.5402314453125,7.25795043657124,5.911800616276264,-2.9228716065004465
1780625777526226400,17.550226318359375,7.228152095156908,5.942666294661164,-2.9340859512150286
1780625777536221400,17.560221435546875,7.197736498627066,5.961092178189754,-2.9712539446145296
1780625777546216700,17.570216796875,7.1740931727111334,5.957987197911739,-3.0340058766037226
1780625777556211700,17.580211669921876,7.164083235350251,5.934286588850617,-3.1033111757591363
1780625777566206700,17.590206787109373,7.167713116285205,5.901515369105339,-3.1569562567070126
1780625777576202800,17.60020263671875,7.179837853842973,5.872912959477305,-3.182640440800786
1780625777586197500,17.610197509765626,7.194248071989417,5.855119528633356,-3.1828821406021715
1780625777596192500,17.620192626953123,7.207439561995863,5.848553594246506,-3.1650600681856274
1780625777606187500,17.6301875,7.219109541523456,5.850146416395902,-3.135378631149232
1780625777616182500,17.6401826171875,7.22805506452322,5.858269517096876,-3.099395463620126
1780625777626177500,17.650177490234373,7.228952890145778,5.880578964060545,-3.0547452977716922
1780625777636173800,17.660173828125,7.21072925119102,5.922704287606478,-3.016181173838675
1780625777646168800,17.6701689453125,7.1917872348338365,5.951733982735872,-3.0042458213731646
1780625777656163600,17.68016357421875,7.1953580790579315,5.953151448318362,-2.992859042701125
1780625777666158600,17.69015869140625,7.217936990612745,5.939028814941644,-2.966428131893277
1780625777676153600,17.700153564453124,7.247887307718396,5.923364797341823,-2.9244217585518952
1780625777686148600,17.710148681640625,7.279850133690237,5.908257829102873,-2.875179296477139
1780625777696143600,17.7201435546875,7.313747142595052,5.891126661559939,-2.8238573977798223
1780625777706139600,17.7301396484375,7.347796127191185,5.8732677642643445,-2.7721815710783004
1780625777716134700,17.740134765625,7.378782217085361,5.857662783375382,-2.7224489873990416
1780625777726129400,17.75012939453125,7.405363934540748,5.8439522379308935,-2.6793904746562243
1780625777736124400,17.76012451171875,7.429107798221707,5.828305755987763,-2.6475574125438928
1780625777746119700,17.77011962890625,7.454882290947437,5.805715738517046,-2.6246552603840825
1780625777756114700,17.78011474609375,7.487168942046165,5.7721361249983305,-2.6067554465562104
1780625777766110700,17.79011083984375,7.530567354267835,5.7232963985055685,-2.5893776107758284
1780625777776105700,17.800105712890623,7.589319402965903,5.654890386277437,-2.568033209452033
1780625777786100700,17.810100830078124,7.6630463179558514,5.566325967639685,-2.5424662219971417
1780625777796095500,17.820095458984376,7.747465307351947,5.464022946506739,-2.5083055937200784
1780625777806090500,17.830090576171877,7.8376991205066435,5.355965307369828,-2.460587856994569
1780625777816085500,17.84008544921875,7.928847125896811,5.24732548443079,-2.4019474519774318
1780625777826080500,17.85008056640625,8.01840873887837,5.140165086394548,-2.335417462754249
1780625777836076800,17.860076904296875,8.103923706817627,5.03657903971374,-2.2648748768888414
1780625777846071800,17.87007177734375,8.182593338906765,4.939959909436106,-2.1937040761224926
1780625777856066800,17.88006689453125,8.251292196601629,4.855290744671225,-2.1243099296398458
1780625777866061600,17.8900615234375,8.308008355557918,4.789114098930359,-2.0522537243410945
1780625777876056600,17.900056640625,8.348646655416488,4.748518469169736,-1.9804259209707378
1780625777886051600,17.910051513671874,8.370154722869396,4.735783198498189,-1.9191880468063056
1780625777896047600,17.920047607421875,8.373885141569376,4.7456452518209815,-1.878103172224015
1780625777906042600,17.930042724609375,8.364064589300751,4.770185526576638,-1.8596080228514968
1780625777916037600,17.94003759765625,8.346005785518884,4.802300912761688,-1.858089727243036
1780625777926032600,17.95003271484375,8.324728604212403,4.836029579362273,-1.8660379097685216
1780625777936027600,17.960027587890625,8.304991638085246,4.867782854236662,-1.8714149266317486
1780625777946022400,17.9700224609375,8.289250463595986,4.894981242285668,-1.8702698482498525
1780625777956017700,17.980017578125,8.27928436537683,4.914848849055171,-1.8622798724092542
1780625777966013700,17.990013671875,8.275911089551448,4.925473703444004,-1.8491661238141357
1780625777976008700,18.0000087890625,8.278807980036735,4.927956752431393,-1.8294623293042183
1780625777986003700,18.010003662109376,8.286213872379063,4.926299632874131,-1.8001612698875367
1780625777995998700,18.019998779296873,8.29438958005011,4.924270757395028,-1.7677743732847273
1780625778005993700,18.02999365234375,8.301504965013265,4.921640408891439,-1.7415144351296126
1780625778015988500,18.039988525390626,8.309335804769397,4.912983639705181,-1.7285783811889588
1780625778025983500,18.0499833984375,8.322930030357837,4.889839495483041,-1.728791293287277
1780625778035979500,18.0599794921875,8.34683522208035,4.845535074332356,-1.7382625937268137
1780625778045974800,18.069974853515625,8.384222995710372,4.7779731117129325,-1.7453301940254866
1780625778055969800,18.0799697265625,8.434802259346842,4.692619471815228,-1.733144227799773
1780625778065964800,18.08996484375,8.491657534512877,4.600523664180934,-1.7021420635536313
1780625778075959800,18.099959716796874,8.545784261497854,4.5145849178716535,-1.660867365487665
1780625778085954600,18.10995458984375,8.5893428327173,4.445805396156013,-1.6212202686235309
1780625778095950600,18.11995068359375,8.620929226592182,4.397594322955608,-1.5846502411171792
1780625778105945600,18.129945556640624,8.643875217893719,4.365882549135387,-1.5468781443446873
1780625778115940600,18.139940673828125,8.661284617856145,4.345829941187799,-1.5054112847074865
1780625778125935600,18.149935546875,8.675145385426282,4.33407871311754,-1.458765707258135
1780625778135930600,18.1599306640625,8.686537717056273,4.32717726316601,-1.4106496188648043
1780625778145925600,18.169925537109375,8.696894860419631,4.32010016438663,-1.3679029485501348
1780625778155920400,18.17992041015625,8.708419878518582,4.309677846832574,-1.3268255266219378
1780625778165916700,18.189916748046876,8.723281347563862,4.295786684124171,-1.2731840989358723
1780625778175911700,18.19991162109375,8.740466875642538,4.279354897022247,-1.2090505033299326
1780625778185906700,18.20990673828125,8.75832986459136,4.261335548467934,-1.1415314300041646
1780625778195901700,18.219901611328126,8.776516094145178,4.241108460736275,-1.0752309386879204
1780625778205896700,18.229896728515627,8.795168187645077,4.218739977061748,-1.0087786178108304
1780625778215891700,18.2398916015625,8.81211639983654,4.200015402847528,-0.9364235756959766
1780625778225887500,18.249887451171876,8.822829517030716,4.193451514287292,-0.8620225608367472
1780625778235882500,18.259882568359377,8.822636040285229,4.206693565437197,-0.7969929662391543
1780625778245877500,18.26987744140625,8.810450512450933,4.240535337023437,-0.7511192499451339
1780625778255872800,18.279872802734374,8.790394981893897,4.287654815594852,-0.7178821662537753
1780625778265867800,18.28986767578125,8.7697987685889,4.335186382098495,-0.6834733353693038
1780625778275862800,18.29986279296875,8.755520652389526,4.370860337547958,-0.6378166958920657
1780625778285857800,18.30985791015625,8.75034880270958,4.388971456038951,-0.5819574825586751
1780625778295853600,18.319853515625,8.753434493765235,4.390369632399082,-0.5219355965878815
1780625778305848600,18.3298486328125,8.761263579955697,4.381433754010498,-0.46229861828144636
1780625778315843600,18.339843505859374,8.76959126331806,4.370352095764875,-0.4057935447925701
1780625778325838600,18.349838623046875,8.775347634887694,4.3630607697129244,-0.3569180163340643
1780625778335833600,18.35983349609375,8.77843507950902,4.359876294457912,-0.31769517276398834
1780625778345828600,18.36982861328125,8.78067146025896,4.3574251019135115,-0.2880706352802925
1780625778355823600,18.37982373046875,8.78442292174697,4.351085377497971,-0.26898265284746886
1780625778365819600,18.389819580078125,8.79195390177369,4.33643696668148,-0.25934489153353496
1780625778375814700,18.399814697265626,8.802602721560001,4.31484063642323,-0.2583049540265463
1780625778385809700,18.4098095703125,8.811394515302776,4.296486941348016,-0.26443293538754803
1780625778395804700,18.4198046875,8.812554206731916,4.293313279747963,-0.27711828423645346
1780625778405799700,18.429799560546876,8.803702207234501,4.310026514139771,-0.2980913132308982
1780625778415794700,18.439794677734376,8.786270595440268,4.343207191468775,-0.3291996229989454
1780625778425790500,18.44979052734375,8.763974007958174,4.3846801885858175,-0.37106293460782613
1780625778435785500,18.459785400390626,8.739530471575259,4.428822112651169,-0.4202164397574961
1780625778445780500,18.469780517578126,8.714107276505231,4.473514656336605,-0.4716239709116518
1780625778455775700,18.479775634765623,8.688705124223231,4.5171185280025,-0.5219220795191825
1780625778465770800,18.489770751953124,8.66388690930903,4.558924994857609,-0.5688695625245571
1780625778475765800,18.499765869140624,8.637415081968904,4.6027530306681985,-0.6165195677760988
1780625778485760800,18.5097607421875,8.605604816210269,4.65491401053816,-0.6676687402550131
1780625778495756500,18.519756591796874,8.566542971888184,4.718597085897624,-0.7208445231907069
1780625778505751600,18.52975146484375,8.520562726479769,4.792746610213816,-0.7745439646743237
1780625778515746600,18.53974658203125,8.469255148568749,4.874135438133776,-0.8275758821599185
1780625778525741600,18.549741455078124,8.413978667026758,4.959938867625594,-0.8799618298921733
1780625778535736000,18.559736083984376,8.356208615103364,5.0467333539813755,-0.9352250135611743
1780625778545731000,18.56973095703125,8.297764024919271,5.130485988423228,-0.9977801078040153
1780625778555726000,18.57972607421875,8.239993388473987,5.209232192879915,-1.0661855355102567
1780625778565722000,18.58972216796875,8.183176691752672,5.283699697104096,-1.1351217090923338
1780625778575717000,18.599717041015627,8.126607832312583,5.355695258256793,-1.2021307870693505
1780625778585712000,18.609712158203124,8.06934046921432,5.4261465125769375,-1.2700713737428189
1780625778595707100,18.61970703125,8.010419493690133,5.4961810027897355,-1.3399975812755525
1780625778605702100,18.6297021484375,7.948923699241876,5.566906982398033,-1.4123105378143488
1780625778615697200,18.639697265625,7.885119627851247,5.637287509569525,-1.4887101791448891
1780625778625692200,18.649692138671874,7.820809945026039,5.704675284665822,-1.5690711253218352
1780625778635688200,18.659688232421875,7.758177255502343,5.7671863936364645,-1.6494390857614576
1780625778645683000,18.669682861328123,7.700203789961337,5.823775711342692,-1.720722699252516
1780625778655678000,18.679677978515624,7.6481076920211315,5.873471762403845,-1.7830236726038158
1780625778665673000,18.6896728515625,7.60066263475716,5.9161336770445105,-1.8438208172634243
1780625778675668000,18.69966796875,7.556656319770217,5.953302839487791,-1.9040682190857827
1780625778685663200,18.709663330078126,7.51537679939866,5.986708850005269,-1.961844554619491
1780625778695659300,18.7196591796875,7.4772203794836996,6.017144904801249,-2.013842745143175
1780625778705654300,18.729654296875,7.443438521391153,6.043749418610334,-2.0588157132051883
1780625778715649000,18.73964892578125,7.41548785367012,6.064948273983598,-2.0969829467751087
1780625778725644000,18.74964404296875,7.393498724702,6.0800464743942015,-2.130625396396965
1780625778735639000,18.75963916015625,7.375646841669083,6.091291506507992,-2.1601845222279428
1780625778745634000,18.769634033203126,7.359819742462038,6.101112058776617,-2.186296284084022
1780625778755629000,18.779629150390626,7.344128252333403,6.110532213550806,-2.2125981616847215
1780625778765625000,18.789625,7.328016490966081,6.119589380231499,-2.240813763952255
1780625778775620000,18.7996201171875,7.312882634720205,6.128228029239177,-2.266489910870045
1780625778785615000,18.809614990234376,7.300607090514898,6.134779935100674,-2.288230618035048
1780625778795610000,18.819610107421877,7.2925968025386325,6.1368514806777235,-2.3081433791205286
1780625778805605000,18.829605224609374,7.28818190870583,6.134755969703197,-2.3275575430341062
1780625778815600000,18.83960009765625,7.286189858105779,6.130068688669801,-2.346082649153471
1780625778825595100,18.84959521484375,7.285166360276937,6.125275609174371,-2.361715540962666
1780625778835591200,18.859591064453124,7.282796708536147,6.122751059132814,-2.3755317387387156
1780625778845586200,18.869586181640624,7.2753966614127155,6.124837217757105,-2.392778641615808
1780625778855581000,18.879580810546877,7.258952307090163,6.134663030722737,-2.4174101017862557
1780625778865576000,18.889575927734374,7.233657122313976,6.1533817597180605,-2.4455064615882933
1780625778875571000,18.899571044921874,7.202246669527888,6.178872174805402,-2.4737834386542437
1780625778885566200,18.909566162109375,7.169356207317113,6.20644056521058,-2.500157943099737
1780625778895561200,18.919561279296875,7.1427107769757505,6.230307178488373,-2.517015846659243
1780625778905557200,18.92955712890625,7.1274641080051655,6.2463978970676655,-2.5203505440399048
1780625778915552300,18.93955224609375,7.124254498308897,6.253726047998667,-2.5112276186466214
1780625778925547000,18.949547119140625,7.1302172061055895,6.254498201414942,-2.4923183355152605
1780625778935542000,18.9595419921875,7.142645310524106,6.2494233823686836,-2.469358023427427
1780625778945537000,18.969537109375,7.161478021287918,6.23745646572113,-2.444950873532146
1780625778955532000,18.979531982421875,7.187498597729205,6.21768618184626,-2.4188063784502445
1780625778965527000,18.989527099609376,7.219156887796521,6.190674256280064,-2.393687280893326
1780625778975523300,18.9995234375,7.251499652996658,6.161071145176887,-2.3722137002319097
1780625778985518300,19.009518310546873,7.2797326447904105,6.134404087525605,-2.354774781914055
1780625778995513000,19.01951318359375,7.301762105768918,6.113621996259689,-2.340579960083961
1780625779005508000,19.029508056640626,7.318143916249275,6.099305886137485,-2.3267244532108307
1780625779015503000,19.039503173828123,7.331635850507021,6.089868195706606,-2.3088944897487758
1780625779025498000,19.049498046875,7.344830847644806,6.0825932362675665,-2.2860279934242365
1780625779035494100,19.059494140625,7.357916539189219,6.076597210723161,-2.2597376601308583
1780625779045489200,19.0694892578125,7.369906252190471,6.0720887933880086,-2.2326284116700292
1780625779055484200,19.079484130859374,7.380068749764561,6.068855802816152,-2.2077065902508792
1780625779065479200,19.089479248046874,7.388464237666129,6.0664195155799385,-2.18621591232419
1780625779075474000,19.099473876953127,7.395982942733168,6.063326810261607,-2.1693058401860297
1780625779085469000,19.109468994140624,7.4037413017749785,6.058081895345449,-2.1574638650923967
1780625779095464200,19.119464111328124,7.412330266422033,6.049886898452043,-2.150956529024988
1780625779105459200,19.129459228515625,7.421935714635253,6.038527300047874,-2.149752852323651
1780625779115455200,19.139455322265626,7.432168939357996,6.024641398036479,-2.153359936904907
1780625779125450200,19.1494501953125,7.442080092519522,6.010031273403763,-2.159932301032543
1780625779135445000,19.159445068359375,7.450108500674366,5.997394494670629,-2.1673782331243157
1780625779145440000,19.16943994140625,7.454772985354065,5.988004150512814,-2.1772752116300165
1780625779155435000,19.17943505859375,7.455748552387952,5.981449322041869,-2.1919119320087135
1780625779165430000,19.189429931640625,7.453980373671651,5.977276420271396,-2.209236576297134
1780625779175426000,19.199426025390625,7.450455122154951,5.975287876802683,-2.226429849290848
1780625779185421300,19.20942138671875,7.44594378221035,5.974995615857839,-2.2422544642798603
1780625779195416300,19.219416259765627,7.4402452783077955,5.976320142459869,-2.257587788620591
1780625779205411000,19.2294111328125,7.433015327054262,5.979262625652551,-2.2735499123841523
1780625779215406000,19.239406005859376,7.424491828858852,5.98426321041882,-2.2882089907251295
1780625779225401000,19.249401123046876,7.416358791285753,5.9900458854734895,-2.299429765180498
1780625779235396000,19.25939599609375,7.410524678304791,5.9940533675491805,-2.3077687005892393
1780625779245392100,19.26939208984375,7.4078200955212115,5.994899170723557,-2.3142520712591708
1780625779255387100,19.27938720703125,7.4080556578427545,5.993018179282545,-2.3183747041471303
1780625779265382100,19.289382080078123,7.4095175470888615,5.989007190075516,-2.3240514346092938
1780625779275377200,19.299377197265624,7.410425309583545,5.984865852487087,-2.3318175385661424
1780625779285372000,19.309371826171876,7.4093164715588085,5.9831251462996,-2.339799769491702
1780625779295367000,19.319366943359373,7.40623662572205,5.98443213724494,-2.3461850866146383
1780625779305362200,19.329362060546874,7.4019801373213525,5.987922901970148,-2.350715423520654
1780625779315358200,19.339358154296875,7.39749100920856,5.9921992641150945,-2.35395440544188
1780625779325353200,19.349353271484375,7.3928814695864915,5.996660919699073,-2.3570620160683986
1780625779335348200,19.35934814453125,7.387877377688884,6.000546236699819,-2.3628614961273966
1780625779345343200,19.36934326171875,7.382590377196669,6.0032677706182,-2.3724555461637675
1780625779355338000,19.379337890625,7.377271228000521,6.005193185722828,-2.384087239507586
1780625779365333000,19.3893330078125,7.372234402877092,6.007655776444077,-2.393453472137451
1780625779375328000,19.399327880859374,7.367683315443992,6.011522388744354,-2.397762129116803
1780625779385324000,19.409323974609375,7.363543146899342,6.016747429916262,-2.397369622667879
1780625779395319300,19.4193193359375,7.358891521701216,6.022937516728043,-2.396095364948362
1780625779405314300,19.429314208984376,7.3532257510244845,6.0295373533844945,-2.396904635504633
1780625779415309300,19.439309326171873,7.346842771989107,6.036071139067411,-2.400038257355243
1780625779425304000,19.449303955078125,7.341029117274284,6.041885378304124,-2.4031878074273467
1780625779435299000,19.459299072265626,7.336908822473883,6.046353463628888,-2.404539952688664
1780625779445294000,19.469294189453127,7.334915602830052,6.048816054350137,-2.4044147188737988
1780625779455290000,19.4792900390625,7.335294373014569,6.048980305001139,-2.402846592774242
1780625779465285000,19.48928515625,7.337890819248557,6.047654024833441,-2.3982598495058713
1780625779475280100,19.499280029296877,7.341630590298771,6.045953650656342,-2.3910826513528822
1780625779485275100,19.509275146484374,7.344813311988115,6.044411097389459,-2.385213028667122
1780625779495270000,19.519269775390626,7.34670599386692,6.043475862365961,-2.3817450602956116
1780625779505265200,19.52926513671875,7.347460027104615,6.043595689353347,-2.3791012677885592
1780625779515260200,19.53926025390625,7.347632461062073,6.044525079157948,-2.3762200132638216
1780625779525256200,19.549256103515624,7.347749949961901,6.045301908749342,-2.373872427224368
1780625779535251500,19.55925146484375,7.348378310993313,6.045221244728565,-2.372129382949322
1780625779545246500,19.56924658203125,7.3494246051758525,6.044458443662524,-2.370841827356815
1780625779555241500,19.579241455078126,7.350165194410085,6.043937634658813,-2.3698770739778876
1780625779565236200,19.589236328125,7.350145320665836,6.0442556145668025,-2.36912172556594
1780625779575231200,19.599231201171875,7.3494666907519095,6.045232935166359,-2.36873009589985
1780625779585226200,19.609226318359376,7.34830992193222,6.046712944591045,-2.3685399801552296
1780625779595222300,19.61922216796875,7.346276370278001,6.049122343820333,-2.3686980933263895
1780625779605217300,19.62921728515625,7.3430205833524465,6.052564008706808,-2.369998946791887
1780625779615212300,19.63921240234375,7.339401808333396,6.056179861116409,-2.3719711236476897
1780625779625207300,19.649207275390626,7.336944478309154,6.05852788554728,-2.373581335323304
1780625779635202000,19.6592021484375,7.3363745694667095,6.058784490656852,-2.374681843911111
1780625779645197300,19.669197265625,7.337521401414275,6.057372285771369,-2.3747457029275596
1780625779655192300,19.6791923828125,7.33963795517683,6.054587623488903,-2.3752971993304786
1780625779665188400,19.689188232421873,7.342348383179306,6.050793491902947,-2.3765884081847966
1780625779675183400,19.699183349609374,7.345462131285667,6.04677841104269,-2.3771881276436146
1780625779685178400,19.709178466796875,7.349006672024727,6.042848085856438,-2.376233311136812
1780625779695173400,19.71917333984375,7.352642398178577,6.039006023475528,-2.3747419035352766
1780625779705168100,19.729168212890624,7.356531222310662,6.034283671128749,-2.3747101932227612
1780625779715163100,19.7391630859375,7.36127169483602,6.027841655382514,-2.3763771035216745
1780625779725158100,19.749158203125,7.367408590155839,6.0195116339325905,-2.3784797748893496
1780625779735153200,19.759153076171874,7.374834356242418,6.009897417891025,-2.379765869177133
1780625779745149400,19.7691494140625,7.3824547681182615,6.0002995684623714,-2.380375817769021
1780625779755144400,19.77914453125,7.389229961341619,5.991659165889025,-2.3811060317397117
1780625779765139500,19.789139404296876,7.394432790681719,5.984651332953572,-2.3825771272055802
1780625779775134200,19.79913427734375,7.398083714404701,5.979492342755198,-2.3841977141447366
1780625779785129200,19.809129150390625,7.400998725068569,5.975377893173694,-2.385472264125198
1780625779795124200,19.819124267578125,7.40418670745492,5.971275134029984,-2.385859509877115
1780625779805120300,19.829120361328126,7.40757985702455,5.967045533636212,-2.3859108016729356
1780625779815115300,19.839115234375,7.410570271012187,5.963363045731186,-2.3858127481259404
1780625779825110300,19.8491103515625,7.412458861237764,5.960884088397026,-2.3861440259069204
1780625779835105300,19.859105224609376,7.4125979774475095,5.960156358644366,-2.3875381106138227
1780625779845100300,19.869100341796877,7.4103171730339525,5.962060730960965,-2.3898564705587924
1780625779855095300,19.87909521484375,7.40515584474802,5.967279926913976,-2.3928256956279275
1780625779865090300,19.88909033203125,7.396391523534059,5.975840834510326,-2.3985617550618947
1780625779875086300,19.89908642578125,7.383529119351506,5.987568681704998,-2.408916706468165
1780625779885081300,19.909081298828124,7.3665166097521775,6.002511983814835,-2.423765608292818
1780625779895076400,19.919076416015624,7.3456655449032775,6.020753158426285,-2.441746232271939
1780625779905071400,19.9290712890625,7.321606039401888,6.041857905775308,-2.461800155393779
1780625779915066400,19.93906640625,7.294563718697428,6.065322367992997,-2.484264792919159
1780625779925061000,19.94906103515625,7.265191493740677,6.090759591588378,-2.5079876138120887
1780625779935056100,19.95905615234375,7.235743280938268,6.117479840731621,-2.5280218093201516
1780625779945051100,19.969051025390623,7.2074401465177536,6.143297003555298,-2.546193718087673
1780625779955047400,19.97904736328125,7.178435585829615,6.166412506204844,-2.5721160948514936
1780625779965042400,19.98904248046875,7.150484918108582,6.187561092695593,-2.599046771875024
1780625779975037400,19.999037353515625,7.126555176466703,6.206553962457179,-2.619402162161469
1780625779985032400,20.009032470703126,7.107250172016024,6.221999368870258,-2.6351696401357647
1780625779995027200,20.019027099609374,7.0923226519972085,6.233091256248951,-2.6491429281696677
1780625780005022200,20.029022216796875,7.081544652873277,6.2401604639828205,-2.6612916311249135
1780625780015017200,20.039017333984376,7.073820196101069,6.244447347521781,-2.6717677246928213
1780625780025013200,20.04901318359375,7.067797867071628,6.246815245696902,-2.6821573090210555
1780625780035008300,20.05900830078125,7.064654308348894,6.247684429746866,-2.688398249237239
1780625780045003300,20.069003173828126,7.065451596206426,6.2469415024250745,-2.688029708185792
1780625780054998300,20.078998291015626,7.068108248195052,6.245432266905904,-2.6845480035498737
1780625780064993300,20.0889931640625,7.070248182833194,6.244547885286807,-2.6809701450631023
1780625780074988300,20.09898828125,7.071843343070149,6.244215292331576,-2.677527895654738
1780625780084983300,20.1089833984375,7.0729410751789805,6.244252701732516,-2.674550925670564
1780625780094979300,20.118979248046877,7.073842407932877,6.245172154664993,-2.6700121131971475
1780625780104974300,20.128974365234374,7.0749161746442315,6.246158243092895,-2.664856630130112
1780625780114969300,20.13896923828125,7.076254145249724,6.246239491635561,-2.661111306121945
1780625780124964400,20.14896435546875,7.078140397387743,6.245459154912829,-2.6579274153888224
1780625780134959000,20.158958984375,7.080397820925712,6.244294787308573,-2.654651462458074
1780625780144954000,20.1689541015625,7.082769226232171,6.242951556006074,-2.6514702020734546
1780625780154949000,20.17894921875,7.0852271407783025,6.241927473655343,-2.6473104520455
1780625780164945400,20.1889453125,7.087801375180482,6.240498317635059,-2.64378578505069
1780625780174940400,20.1989404296875,7.09047322473824,6.237992472293973,-2.642543676035106
1780625780184935400,20.208935302734375,7.093097143501043,6.235061679539084,-2.6424174193069336
1780625780194930400,20.218930419921875,7.0957163860887285,6.232351836058497,-2.6417726916626094
1780625780204925200,20.22892529296875,7.099135254621506,6.229033505290746,-2.640421569314599
1780625780214920200,20.238920166015625,7.103020571622252,6.22596885702312,-2.6372069911822673
1780625780224915200,20.248915283203125,7.104818560954928,6.226013865208626,-2.6322461539044975
1780625780234910200,20.25891015625,7.102553538632392,6.2296688805848355,-2.62969617716074
1780625780244906200,20.26890625,7.097277059534192,6.237770938497781,-2.6247411851018665
1780625780254901200,20.2789013671875,7.090422371333837,6.252662802681327,-2.607777775341272
1780625780264896500,20.288896484375,7.068340887907147,6.285581321942806,-2.588517779076099
1780625780274891300,20.298891357421876,7.04243020158112,6.316908188098669,-2.5828715898826715
1780625780284886300,20.30888623046875,6.997607309514284,6.357212725958227,-2.60570301489383
1780625780294881300,20.31888134765625,6.9343275542587035,6.425906907477975,-2.6063842751562594
1780625780304876300,20.328876220703126,6.860317730674147,6.509385985675454,-2.5950693926766513
1780625780314872300,20.338872314453123,6.796781954830885,6.580278554022311,-2.5834149029791353
1780625780324867300,20.348867431640624,6.763278329157829,6.623080169394612,-2.5618925147399305
1780625780334862300,20.3588623046875,6.773290020084381,6.630013768050074,-2.517120476077497
1780625780344857000,20.368857177734377,6.800660257568955,6.61829118155241,-2.4737939600482584
1780625780354852000,20.37885205078125,6.834014245638251,6.599728519901633,-2.4310947821371256
1780625780364847000,20.38884716796875,6.870403655880689,6.577367635011672,-2.388763560755551
1780625780374842000,20.398842041015627,6.908998467212915,6.552123888161778,-2.346455574119091
1780625780384838400,20.40883837890625,6.945531669840216,6.526965481507778,-2.3083950157940385
1780625780394833400,20.41883349609375,6.976337142470479,6.505884115034341,-2.2747616262614727
1780625780404828400,20.428828369140625,7.0025716539233915,6.487136744466423,-2.2475481867738067
1780625780414823200,20.4388232421875,7.028751804840565,6.465442799052596,-2.2282478584982455
1780625780424818200,20.448818115234374,7.056296229848265,6.439485350975394,-2.2163212738610802
1780625780434813200,20.458813232421875,7.082614912453294,6.413558882558346,-2.2075486232101915
1780625780444808200,20.46880810546875,7.104037639710307,6.392254813244938,-2.200481899694353
1780625780454804200,20.47880419921875,7.116692538622021,6.379035850709676,-2.1979418598227203
1780625780464799500,20.488799560546877,7.119737897667289,6.373501597458124,-2.2041366228096186
1780625780474794500,20.49879443359375,7.115131865176558,6.373988504192233,-2.2175486236989497
1780625780484789200,20.508789306640626,7.108858191734552,6.3770321096718305,-2.228890248055011
1780625780494784300,20.5187841796875,7.099334576585888,6.386324838674068,-2.232646385718137
1780625780504779300,20.528779296875,7.076515426534414,6.409416375926137,-2.2389126065060494
1780625780514774300,20.538774169921876,7.045406587043404,6.438465360277891,-2.253613332031667
1780625780524769300,20.548769287109376,7.015341119125485,6.462934615623951,-2.2772443829879165
1780625780534766000,20.55876611328125,6.990878878042102,6.479986872711777,-2.303854011363536
1780625780544760800,20.5687607421875,6.976490287205577,6.488308710855245,-2.3239628795430063
1780625780554755800,20.578755859375,6.972013434052467,6.489726760959625,-2.3334153291516007
1780625780564750800,20.588750732421875,6.968368940070271,6.492127392360568,-2.3376230099745094
1780625780574745900,20.598745849609376,6.962266531541943,6.4979591672539705,-2.339603224006295
1780625780584740900,20.608740966796876,6.96184333769381,6.499131718164682,-2.337608689188212
1780625780594735900,20.61873583984375,6.968821360012888,6.493235061341524,-2.333196717964858
1780625780604732000,20.62873193359375,6.979398868128657,6.483391128197312,-2.328954842611402
1780625780614726700,20.6387265625,6.9916545385897155,6.472059586843848,-2.3236957530394196
1780625780624721700,20.6487216796875,7.005396648216247,6.460462088030576,-2.314562306252122
1780625780634717000,20.658717041015624,7.020912197256088,6.447650537252426,-2.3032420169450343
1780625780644712000,20.6687119140625,7.037683883836865,6.43333734973967,-2.2920606977172193
1780625780654707000,20.67870703125,7.052049093797803,6.420846701478958,-2.282920967319608
1780625780664702000,20.688701904296874,7.0612477147758,6.412525447857379,-2.277868798496574
1780625780674698000,20.698697998046875,7.065836796131729,6.407723600533604,-2.2771526130512356
1780625780684692700,20.708692626953123,7.067667518690228,6.4048144350886345,-2.2796518825210628
1780625780694687700,20.718687744140624,7.069761860620975,6.401914037472009,-2.2813135321229696
1780625780704682800,20.728682861328124,7.074237544730305,6.397989557504654,-2.2784265785098072
1780625780714677800,20.738677734375,7.084788749361038,6.389555491158366,-2.2692959082014856
1780625780724672800,20.7486728515625,7.101912318119406,6.374737861254811,-2.2574277757532895
1780625780734667800,20.758667724609374,7.124139347496628,6.354766501849889,-2.2436574629455803
1780625780744662800,20.768662841796875,7.148190669691562,6.332708399298787,-2.2294817842073735
1780625780754658800,20.778658935546876,7.166399111077189,6.31506051440537,-2.221057070211321
1780625780764653800,20.78865380859375,7.1699722933888435,6.310141178181767,-2.2235078243643045
1780625780774648800,20.79864892578125,7.156181668445467,6.321088104131817,-2.2367985369615258
1780625780784643800,20.808643798828125,7.131607199159264,6.342463485115766,-2.2547128177061677
1780625780794638800,20.818638916015626,7.106799505639076,6.364550813761353,-2.2707509293153882
1780625780804633900,20.8286337890625,7.0871589856237165,6.381196828135848,-2.2853676298193633
1780625780814628900,20.83862890625,7.072347785460948,6.3914358980774875,-2.3025603182911873
1780625780824625000,20.848625,7.058938853311538,6.398711442038416,-2.323427311361581
1780625780834619600,20.85861962890625,7.040795878377557,6.410785910713672,-2.345076979242265
1780625780844615000,20.868614990234374,7.01163875747621,6.433465360033511,-2.3701943232335148
1780625780854610000,20.87860986328125,6.969453812697529,6.465395452779531,-2.407448095220327
1780625780864605000,20.88860498046875,6.917480464354157,6.501400832140446,-2.4598151190564037
1780625780874600000,20.898599853515623,6.870218362441658,6.530732725086808,-2.513973702484369
1780625780884595000,20.908594970703124,6.84957071121037,6.540137097769975,-2.5456577115148304
1780625780894591000,20.918591064453125,6.865871273148059,6.524346238920092,-2.5422701149031517
1780625780904585700,20.928585693359373,6.909456732374429,6.487886686050891,-2.517356915181875
1780625780914580700,20.938580810546874,6.96384006446898,6.441516564542055,-2.4863936216413975
1780625780924575700,20.94857568359375,7.013035764792561,6.398422103703021,-2.4592443334311245
1780625780934570800,20.95857080078125,7.04485479837954,6.369651936292648,-2.4429396798402068
1780625780944565800,20.968565673828124,7.061076449862122,6.356008026343583,-2.43161822148934
1780625780954560800,20.978560791015624,7.069235206398368,6.350784154215455,-2.421543109937757
1780625780964556000,20.98855615234375,7.067196394047141,6.355366221308707,-2.4154480079330503
1780625780974551800,20.9985517578125,7.059351525765657,6.366223130887747,-2.4098057642623782
1780625780984546800,21.008546875,7.052159568434953,6.376335944101214,-2.404121288885176
1780625780994541800,21.018541748046875,7.049011918058991,6.382102252542972,-2.398030863055587
1780625781004536800,21.028536865234376,7.050901677328348,6.383080157664418,-2.389875321389735
1780625781014531800,21.03853173828125,7.058321598196029,6.37999914278388,-2.3761421257220205
1780625781024526800,21.04852685546875,7.07133773163557,6.374360844635963,-2.352475565060973
1780625781034521900,21.05852197265625,7.089704578453302,6.367024510398506,-2.316778374866396
1780625781044516900,21.068516845703126,7.112106379875541,6.358444898101687,-2.2712314063087105
1780625781054513000,21.078512939453127,7.136055410739779,6.3492638127803795,-2.2212433865636587
1780625781064508000,21.0885078125,7.160492517381906,6.339806833127141,-2.1690049575433132
1780625781074503000,21.0985029296875,7.1856824882179495,6.329544966831803,-2.114992066196352
1780625781084498000,21.108497802734377,7.212305706727505,6.317108094584942,-2.0608678234294056
1780625781094493000,21.118492919921874,7.242538932427763,6.299324016091227,-2.008627494712919
1780625781104488000,21.128488037109374,7.277419691672921,6.27421470927596,-1.9605512999385595
1780625781114483000,21.13848291015625,7.314892220976948,6.241116741794348,-1.9264438631534575
1780625781124478700,21.148478759765624,7.351226686161756,6.2021934291601175,-1.9138069382898508
1780625781134473700,21.1584736328125,7.383935946586727,6.159955877411365,-1.9242649116791783
1780625781144468700,21.16846875,7.415844996544719,6.113368313759565,-1.9499604939498005
1780625781154463700,21.178463623046873,7.450958395501971,6.062367025318742,-1.9751628858759998
1780625781164458800,21.188458740234374,7.489861249870062,6.010626901209354,-1.986139184051007
1780625781174454000,21.1984541015625,7.526353535965084,5.965997485888004,-1.982759478484839
1780625781184449000,21.208448974609375,7.550659125182032,5.9370472857356065,-1.9772282939732073
1780625781194444800,21.21844482421875,7.556729969528317,5.928185349366069,-1.9806158905848859
1780625781204439800,21.228439697265625,7.545297305887937,5.937253037440777,-1.9969665752746164
1780625781214434800,21.238434814453125,7.518929523444175,5.960609947630763,-2.0266275540448726
1780625781224429800,21.248429931640626,7.477223886615038,5.996518880879878,-2.07442303218171
1780625781234424800,21.2584248046875,7.429029472288489,6.0365054388314485,-2.130848683758825
1780625781244419800,21.268419921875,7.3814078894138335,6.075044720584153,-2.186109967731684
1780625781254414800,21.278414794921876,7.340335289791226,6.107684422904253,-2.232956912972033
1780625781264409900,21.288409912109376,7.310320675277709,6.131998195427656,-2.264549005935341
1780625781274406000,21.298406005859373,7.2903826336205,6.148561207693815,-2.2838418815568087
1780625781284401000,21.30840087890625,7.276574473020434,6.159851832515001,-2.297409949790686
1780625781294396000,21.31839599609375,7.264484806776046,6.171334765037894,-2.304827970962226
1780625781304391000,21.328390869140627,7.251506082737445,6.186508953294157,-2.305027877448499
1780625781314386000,21.338385986328124,7.237216276100278,6.202874981683492,-2.3059544907741247
1780625781324381000,21.348380859375,7.2236483539968726,6.215960673227906,-2.3132528310887515
1780625781334376000,21.3583759765625,7.212845804953575,6.223609726676345,-2.326360003812611
1780625781344371000,21.368370849609374,7.204651977103948,6.227232008826732,-2.3419933340132233
1780625781354366700,21.37836669921875,7.199001403996348,6.228266028049588,-2.3565759861171243
1780625781364361700,21.38836181640625,7.1955720140695565,6.227056067737936,-2.3702010452352464
1780625781374357000,21.39835693359375,7.19271194846332,6.227405611827969,-2.37796203462556
1780625781384352000,21.40835205078125,7.189180267205834,6.232018074059486,-2.3765628353521224
1780625781394347000,21.418346923828125,7.186020926392078,6.236422446498274,-2.374554125878215
1780625781404342000,21.428342041015625,7.183464812168479,6.2394450091898435,-2.3743426750846206
1780625781414337000,21.4383369140625,7.178701543289423,6.2438523042380805,-2.3771796520762143
1780625781424332800,21.448332763671875,7.1683894081115715,6.252847511598468,-2.3846378591276705
1780625781434327800,21.458327880859375,7.1507041138172145,6.268607390788197,-2.3963263972252604
1780625781444322800,21.46832275390625,7.125599483177066,6.292092895793915,-2.4095205175802112
1780625781454317800,21.47831787109375,7.094076802188158,6.322966172963381,-2.4216874868445095
1780625781464312800,21.488312744140625,7.060140630316734,6.3575640236139295,-2.4302640304014087
1780625781474307800,21.498307861328126,7.0263324687391515,6.39027503760457,-2.442417117270827
1780625781484302800,21.508302734375,6.993497536107897,6.416468048003315,-2.46785989382416
1780625781494297900,21.5182978515625,6.963722575569152,6.4358543009966604,-2.5013489064499734
1780625781504294000,21.5282939453125,6.939192529946565,6.450299590456486,-2.5321280755952
1780625781514289000,21.538288818359376,6.920488998520374,6.460474947512149,-2.5572435198903083
1780625781524284000,21.548283935546873,6.907704335749149,6.466279834398627,-2.5770591042116284
1780625781534279000,21.55827880859375,6.901588483217358,6.467942799174785,-2.5892490159600974
1780625781544274000,21.56827392578125,6.901656287756562,6.466544038292765,-2.592556240811944
1780625781554269000,21.57826904296875,6.906950887033343,6.462986053550243,-2.5873274002477524
1780625781564264000,21.588263916015624,6.916722339463234,6.457550584498048,-2.5747660248383877
1780625781574259700,21.598259765625,6.929986310184002,6.450603541839122,-2.5564339570730925
1780625781584254700,21.608254638671873,6.945615256470441,6.442714249894022,-2.5338185129001736
1780625781594249700,21.618249755859374,6.960728069928288,6.434788717591762,-2.5123954933822152
1780625781604244700,21.62824462890625,6.972461762341856,6.428457176482677,-2.4960128061190248
1780625781614239700,21.63823974609375,6.978878643646836,6.424809175369143,-2.4874612508729097
1780625781624234800,21.64823486328125,6.980482571712136,6.423551284262538,-2.486203944288194
1780625781634230000,21.65822998046875,6.975009693259,6.425181515812874,-2.4973352868944403
1780625781644224800,21.668224853515625,6.960348130699992,6.431050700107217,-2.522998428200185
1780625781654220800,21.678220703125,6.937060778614878,6.441780768436193,-2.559504450559616
1780625781664215800,21.6882158203125,6.907900735104084,6.456721732458472,-2.600394679352641
1780625781674210800,21.6982109375,6.873992035761475,6.47420069052577,-2.6463880765035745
1780625781684205800,21.708205810546875,6.84248279877603,6.49016339881122,-2.6886007860720156
1780625781694200800,21.718200927734376,6.828538444575667,6.498044507449865,-2.704967691244185
1780625781704195800,21.72819580078125,6.837607886216044,6.494063913381099,-2.6915920768424866
1780625781714190800,21.73819091796875,6.860826849240064,6.479272586962581,-2.6680522113010285
1780625781724185600,21.748185546875,6.8966393363773815,6.450430523359775,-2.645508663320541
1780625781734182000,21.758181884765627,6.945912193590402,6.4086868926078076,-2.617907247428596
1780625781744177000,21.768177001953124,6.999606374377012,6.367976112034916,-2.5738617694750427
1780625781754172000,21.778171875,7.034366137591004,6.344565425831079,-2.536637077452242
1780625781764167000,21.7881669921875,7.041262326845526,6.341473889556527,-2.5252169810324907
1780625781774162000,21.798161865234373,7.0310758638739586,6.349187240412831,-2.534208681261539
1780625781784156700,21.80815673828125,7.019339833372831,6.355410060450434,-2.551076229432225
1780625781794151700,21.818151611328126,7.015964219459891,6.353995517477393,-2.5638620612472294
1780625781804147700,21.828147705078123,7.0207128752917045,6.347096990135312,-2.5679499150827527
1780625781814142700,21.838142822265624,7.0281789733886715,6.340192033052444,-2.5645707940384743
1780625781824137700,21.8481376953125,7.033745959866047,6.336406084772944,-2.558661277733743
1780625781834132700,21.8581328125,7.03888799892962,6.333990840324759,-2.550494630151987
1780625781844128000,21.8681279296875,7.051040793538093,6.326513051789998,-2.5354315010547634
1780625781854122800,21.878122802734374,7.078057979801296,6.306641645628214,-2.5095360122978687
1780625781864117800,21.88811767578125,7.12081750959754,6.271608910691738,-2.4761376005649565
1780625781874112800,21.89811279296875,7.174165068903565,6.225254571273923,-2.4388521182656286
1780625781884108800,21.90810888671875,7.230869537422061,6.175213652297854,-2.3982693479865786
1780625781894103800,21.918103759765625,7.283711485293507,6.128710259798169,-2.3572961170852182
1780625781904098800,21.928098876953126,7.328827807348966,6.088866909709572,-2.3204292985893784
1780625781914093800,21.93809375,7.365996385270357,6.056067048391699,-2.2883409465417266
1780625781924088800,21.9480888671875,7.3962600061088795,6.029218788954616,-2.261481873449683
1780625781934083600,21.95808349609375,7.418996154052019,6.00854600328207,-2.241931369805336
1780625781944078600,21.96807861328125,7.4320584647208445,5.996463351300358,-2.231000810468197
1780625781954073600,21.978073486328125,7.434004338091611,5.994942425343394,-2.2285931648045776
1780625781964070000,21.98806982421875,7.42595079549551,6.0028106745004655,-2.2342672649182376
1780625781974065000,21.99806494140625,7.410532277089357,6.017294542405009,-2.2464637525379656
1780625781984060000,22.008059814453127,7.390631644833087,6.036006257137656,-2.261764197522402
1780625781994055000,22.018054931640624,7.369871765398979,6.055532210862636,-2.2772639644712207
1780625782004049700,22.028049560546876,7.352820092833042,6.071207918900251,-2.2906024617329237
1780625782014044700,22.038044677734376,7.341789580252766,6.080434596928954,-2.301486259318888
1780625782024039700,22.048039794921873,7.336703655290603,6.083843528589606,-2.3086856693036855
1780625782034034700,22.05803466796875,7.338716164156794,6.081119656583667,-2.3094681979835032
1780625782044030700,22.06803076171875,7.3497607052624225,6.070132398623228,-2.3032310571596026
1780625782054026000,22.07802587890625,7.368729609626532,6.051304364034533,-2.292145014999807
1780625782064021000,22.08802099609375,7.391786075565219,6.028276539668441,-2.2785450903229414
1780625782074015700,22.098015625,7.414023626336455,6.006252923908829,-2.264415296553075
1780625782084010800,22.1080107421875,7.430323603752255,5.990047054517269,-2.253873882663995
1780625782094005800,22.118005859375,7.439443314275145,5.981775485256314,-2.245761303357035
1780625782104000800,22.128000732421874,7.444783506259322,5.978045651078224,-2.2379848241366447
1780625782113996800,22.137996826171875,7.450346401083469,5.973962765678763,-2.2303518450401723
1780625782123991800,22.14799169921875,7.457033916023373,5.968177168014646,-2.2234826899230478
1780625782133986800,22.15798681640625,7.463097161585092,5.962472818893194,-2.218439727319777
1780625782143981600,22.167981689453125,7.466523044380545,5.95962561276853,-2.2145656623654064
1780625782153976600,22.1779765625,7.466621244058013,5.960545065701007,-2.211764195078611
1780625782163971800,22.187971923828126,7.46384768769145,5.964664775979519,-2.210023635021597
1780625782173966800,22.197966796875,7.459695828709006,5.970570785152912,-2.208086383348703
1780625782183961900,22.2079619140625,7.45627462208867,5.975704640910029,-2.205744788658619
1780625782193958000,22.2179580078125,7.453999078372121,5.979090191695094,-2.2042561575360593
1780625782203953000,22.227952880859377,7.452205180692673,5.9817673019498585,-2.2030698703609404
1780625782213947600,22.23794775390625,7.450805250766873,5.984145721518993,-2.201340708480775
1780625782223942700,22.247942626953126,7.449479555121064,5.986726385661959,-2.1988000840872526
1780625782233937700,22.257937744140627,7.446922271853685,5.9911295890569685,-2.1954691860988733
1780625782243932700,22.2679326171875,7.442156080365181,5.997950959509611,-2.1930109792917967
1780625782253927700,22.277927734375,7.4343047823429105,6.007604338517785,-2.193217315518856
1780625782263922700,22.287922607421876,7.423104173892736,6.020402445292473,-2.196068613296747
1780625782273919000,22.2979189453125,7.410618201807141,6.034553720241784,-2.1993753997571766
1780625782283913700,22.307913818359374,7.4008110935419795,6.046284490045905,-2.200190077140927
1780625782293908700,22.31790869140625,7.39769442282617,6.05136690787673,-2.196694490110129
1780625782303903700,22.32790380859375,7.400989372718334,6.049343877616525,-2.191166374338418
1780625782313898800,22.337898681640624,7.406828746396303,6.044086103218794,-2.1859318346858023
1780625782323893800,22.347893798828125,7.412517897948622,6.038702072092891,-2.181523370593786
1780625782333888800,22.357888671875,7.417038005721569,6.033998424446582,-2.1791826526865363
1780625782343883800,22.3678837890625,7.420301975953579,6.030052317169308,-2.1789751474156973
1780625782353879800,22.3778798828125,7.422038590487837,6.027472822070122,-2.1802079040810463
1780625782363874600,22.38787451171875,7.4227382631897925,6.025712826660275,-2.182692268242687
1780625782373869800,22.397869873046876,7.4233303838640445,6.024070904672145,-2.1852122882395983
1780625782383864800,22.40786474609375,7.424399474400281,6.022227322632074,-2.1866437823474407
1780625782393859800,22.41785986328125,7.4259040337443345,6.020169805580378,-2.1872047772310674
1780625782403854800,22.427854736328126,7.427755799090862,6.018033962595463,-2.1868014571271837
1780625782413849900,22.437849853515626,7.4297256378591054,6.015797581845521,-2.1862710035122928
1780625782423844900,22.447844970703127,7.430872469806671,6.014336861643195,-2.1863946298919616
1780625782433840600,22.457840576171876,7.43068600732386,6.014096038624644,-2.1876706411771476
1780625782443835600,22.467835693359376,7.428890940600633,6.01559533727169,-2.1896492477737364
1780625782453830700,22.47783056640625,7.424889888265729,6.019533845764398,-2.1923909476973114
1780625782463825700,22.48782568359375,7.419200736713409,6.025376726573706,-2.19560172643736
1780625782473820700,22.497820556640626,7.412529003864527,6.032470484226942,-2.198655414919555
1780625782483815700,22.507815673828127,7.405138893613219,6.040542147001624,-2.201404129105806
1780625782493811000,22.51781103515625,7.39784464495182,6.04851268748939,-2.204032139521837
1780625782503806000,22.527805908203124,7.39111212182641,6.055553253650665,-2.207281496706605
1780625782513801700,22.5378017578125,7.385178640124201,6.061457509258389,-2.210941334388405
1780625782523796700,22.547796630859374,7.379345111665129,6.066945000758767,-2.2153626579619945
1780625782533791200,22.557791259765626,7.372122759196162,6.073548929068446,-2.2213062226668
1780625782543786200,22.5677861328125,7.363171975499391,6.081990009677409,-2.2278807787515222
1780625782553781200,22.57778125,7.3528259380519385,6.092074181318282,-2.2344896754972634
1780625782563776300,22.5877763671875,7.342282332205772,6.102646428737044,-2.240312974823266
1780625782573771300,22.597771240234376,7.332654672160745,6.112305652964115,-2.2455039675951003
1780625782583766300,22.607766357421873,7.324887545290589,6.119841309165954,-2.2503185282699762
1780625782593762300,22.61776220703125,7.319795190587639,6.124695178937912,-2.253678213961422
1780625782603757300,22.62775732421875,7.317554133662581,6.126963123869896,-2.254800788250565
1780625782613752300,22.63775244140625,7.317623691767453,6.127046710500121,-2.254346614742279
1780625782623747300,22.647747314453124,7.318847680604457,6.125957161697745,-2.2533403603091835
1780625782633742300,22.657742431640624,7.320000357770919,6.124905606818198,-2.2524434114694594
1780625782643737300,22.6677373046875,7.320508891814947,6.124280752918124,-2.2524849125236273
1780625782653732400,22.677732421875,7.320392571958899,6.12439941086173,-2.2525386885374785
1780625782663727400,22.687727294921874,7.319791683456301,6.125232939076423,-2.2522268461093304
1780625782673723100,22.69772314453125,7.31902888239026,6.126217273938655,-2.2520415526703
1780625782683718100,22.70771826171875,7.3178984170556065,6.127357091623544,-2.252602255292982
1780625782693713200,22.717713134765624,7.316707161444425,6.128408061981201,-2.253613332031667
1780625782703708200,22.727708251953125,7.316120885989069,6.1290568812787525,-2.2537493795014916
1780625782713703400,22.737703369140625,7.316313193690776,6.129021809965372,-2.2532272553235293
1780625782723698400,22.747698486328126,7.317067811450362,6.12850392357111,-2.252177892401069
1780625782733693400,22.757693359375,7.3172998666405675,6.128600369682908,-2.2511795290134846
1780625782743688400,22.7676884765625,7.316688456743955,6.129465462079644,-2.250813764441013
1780625782753684200,22.777684326171876,7.315761405026913,6.130794080334901,-2.250186280192435
1780625782763679200,22.78767919921875,7.314671856224536,6.132526018694043,-2.2490311188079417
1780625782773674200,22.79767431640625,7.31350807314217,6.13424685113728,-2.2481061129175126
1780625782783669200,22.807669189453126,7.311807698965072,6.136625270706415,-2.2471463279746473
1780625782793664300,22.817664306640626,7.309344523721933,6.139429222211241,-2.247510192850977
1780625782803659300,22.8276591796875,7.306354694256186,6.142462306296825,-2.2489473860472438
1780625782813654300,22.837654296875,7.3036997958332295,6.14497048972547,-2.2507053356304763
1780625782823649300,22.847649169921876,7.302153150913119,6.146355806604028,-2.2519493443422016
1780625782833645300,22.857645263671873,7.301672673919796,6.146756788620352,-2.252397234240174
1780625782843640300,22.867640380859374,7.301473351955414,6.147043788868189,-2.252282083427906
1780625782853635300,22.87763525390625,7.30131143939197,6.147495039767026,-2.251567943809181
1780625782863630300,22.88763037109375,7.300885322934389,6.148259009876847,-2.2508665175415574
1780625782873625300,22.897625244140624,7.300277420169115,6.149029409727454,-2.2507387995086607
1780625782883620400,22.907620361328124,7.300189157363772,6.149151574802398,-2.2506777169711887
1780625782893615400,22.917615478515625,7.300515905100107,6.149090784525871,-2.2497778455220163
1780625782903610000,22.927610107421874,7.301321376264095,6.148965696841478,-2.2475174993745983
1780625782913606100,22.937606201171874,7.30209411420226,6.149104228529334,-2.2446119871914387
1780625782923601400,22.947601318359375,7.3014546472549435,6.150601773610711,-2.242598309281468
1780625782933596400,22.957596435546876,7.299432201516628,6.153192959147692,-2.2420881678022444
1780625782943591400,22.96759130859375,7.296738724648952,6.156025552225112,-2.2430701645769178
1780625782953586400,22.97758642578125,7.294713356301188,6.157779117894172,-2.244847841773927
1780625782963581400,22.98758154296875,7.293433253362775,6.158766375365853,-2.246288103710115
1780625782973576200,22.997576171875,7.292673374906182,6.159603995233774,-2.2464625834941865
1780625782983571200,23.0075712890625,7.29204267578721,6.160538645735382,-2.2459372444458303
1780625782993567200,23.017567138671875,7.291535895308852,6.161370420384407,-2.2453075682401655
1780625783003562200,23.027562255859376,7.290911041408777,6.16257628904283,-2.244020158778131
1780625783013557200,23.03755712890625,7.290429979893565,6.163680450892448,-2.2425572466187176
1780625783023552300,23.04755224609375,7.290050040665268,6.164785197263956,-2.2407557501547037
1780625783033547500,23.057547607421874,7.289648474127054,6.165832660490274,-2.239183824662864
1780625783043542300,23.067542236328126,7.289213589841127,6.166832192921638,-2.237847461492568
1780625783053537300,23.077537353515623,7.289176180440187,6.167347156706452,-2.236544269939512
1780625783063532300,23.0875322265625,7.289567810106277,6.167342480531334,-2.2352878401376306
1780625783073528300,23.0975283203125,7.290304307687282,6.167083537334204,-2.233595357006043
1780625783083523300,23.1075234375,7.2915920094102615,6.166386202719807,-2.231309291895479
1780625783093518300,23.117518310546874,7.2934461128443475,6.165300161048769,-2.2282520962819454
1780625783103513300,23.127513427734375,7.295103232401609,6.164650757229328,-2.224615347214788
1780625783113508400,23.13750830078125,7.295608259314299,6.164958215743303,-2.222113447396457
1780625783123503000,23.147503173828124,7.295183311900496,6.166023799148202,-2.220549705211073
1780625783133498000,23.157498046875,7.294675362378358,6.166986506700515,-2.2195452043436465
1780625783143493000,23.1674931640625,7.2939669218480585,6.167952721384167,-2.2191893766432997
1780625783153489400,23.177489501953126,7.293062666484713,6.169219964841008,-2.218638026370853
1780625783163484400,23.187484375,7.292493342164159,6.170225927013158,-2.217714774046093
1780625783173479400,23.1974794921875,7.292458855372667,6.1706760088682175,-2.216567942098528
1780625783183474200,23.20747412109375,7.2926400571584695,6.1711167383730405,-2.214739119236171
1780625783193469200,23.21746923828125,7.292888478961586,6.171417767146229,-2.2130893062025305
1780625783203464200,23.227464111328125,7.293447866410016,6.1711956488281485,-2.2118672170616684
1780625783213459200,23.237459228515625,7.29379741050005,6.171234811794758,-2.2106094720855354
1780625783223454200,23.2474541015625,7.29359107427299,6.172086460188031,-2.208908367256075
1780625783233450200,23.2574501953125,7.292984340551495,6.173496326985955,-2.206977545323968
1780625783243445500,23.267445556640624,7.29176385884583,6.175348092332482,-2.2058310056373474
1780625783253440300,23.277440185546876,7.290490770170092,6.176932731175422,-2.205604211144149
1780625783263435300,23.287435302734377,7.28872259145379,6.179105399039387,-2.20534176081568
1780625783273430300,23.29743017578125,7.286771457386016,6.181165838700532,-2.206025213035196
1780625783283425300,23.30742529296875,7.284763624694943,6.183135677468776,-2.20713697366938
1780625783293420300,23.317420166015626,7.283081955218314,6.184406428056955,-2.2091205487020313
1780625783303415300,23.327415283203123,7.282132107147574,6.184634976115823,-2.2116069586902856
1780625783313411300,23.337411376953124,7.282296357798576,6.183552441576123,-2.2140919073738154
1780625783323406300,23.34740625,7.283173140633106,6.181756205809116,-2.2162289194025098
1780625783333401000,23.357401123046873,7.2842761334389445,6.180328803354501,-2.216573787317425
1780625783343396000,23.36739599609375,7.2858946745514865,6.178722537201643,-2.215750342105329
1780625783353391000,23.37739111328125,7.287912444114685,6.176888307511806,-2.2142190408848226
1780625783363386400,23.387386474609375,7.289791097468138,6.175174489331245,-2.2128194032199677
1780625783373381400,23.39738134765625,7.291596685585379,6.1736763597279785,-2.2110576542444527
1780625783383376400,23.40737646484375,7.293309334722161,6.172438342365622,-2.208853276067972
1780625783393372400,23.417372314453125,7.294974053063989,6.171289172330498,-2.206568672262132
1780625783403367200,23.4273671875,7.2961419277995825,6.170728031316399,-2.204263610190153
1780625783413362200,23.437362060546874,7.2966130524426696,6.170834414300322,-2.2024040999285877
1780625783423357200,23.447357177734375,7.297011111849546,6.170881176051497,-2.2009553624249993
1780625783433352200,23.457352294921876,7.296744569867849,6.171620596241951,-2.199763814552873
1780625783443347200,23.46734716796875,7.29558663200438,6.172935770493745,-2.1999201741583643
1780625783453342200,23.47734228515625,7.294047001346946,6.17430764336884,-2.201184056614339
1780625783463337200,23.487337158203125,7.292342535516619,6.175889944124221,-2.202398693101108
1780625783473332200,23.497332275390626,7.2910723694503305,6.177130299574136,-2.2031100562408565
1780625783483328300,23.507328369140627,7.290953711506724,6.177322607275843,-2.2029731319881973
1780625783493323300,23.5173232421875,7.291354109001159,6.17691870265007,-2.202771618066728
1780625783503318300,23.527318359375,7.291488549035787,6.176787185224891,-2.202703667397052
1780625783513313300,23.537313232421877,7.291033206483721,6.177181152978539,-2.203109179458022
1780625783523308300,23.547308349609374,7.290135965383052,6.17788783994317,-2.2040935143202542
1780625783533303800,23.5573037109375,7.289192547053098,6.1784963272303335,-2.20550528081432
1780625783543298800,23.567298828125,7.288817868521809,6.178526722368598,-2.2066532818056643
1780625783553293800,23.5772939453125,7.289747842848301,6.177195181503891,-2.2073191983684897
1780625783563289600,23.58728955078125,7.291511345389485,6.1748670308172695,-2.2079943211510775
1780625783573284600,23.59728466796875,7.2933455750793215,6.172456462544202,-2.2086939938530326
1780625783583279600,23.607279541015625,7.2947998655408615,6.170494807082414,-2.209372331506014
1780625783593274600,23.617274658203126,7.295919224959611,6.168894386148453,-2.210131040918827
1780625783603269600,23.62726953125,7.296338911676407,6.16822686215043,-2.2106129792168736
1780625783613264600,23.6372646484375,7.29588532269001,6.168649471476674,-2.2109341739952564
1780625783623259600,23.647259765625,7.294940735316276,6.169483584213256,-2.2117221095025537
1780625783633254700,23.657254638671876,7.2934233164906495,6.170796420377493,-2.213055403932929
1780625783643250700,23.667250732421873,7.291648708033561,6.172388658004999,-2.2144658552527425
1780625783653245700,23.67724560546875,7.290614688810706,6.173085992619395,-2.215928767412156
1780625783663240700,23.68724072265625,7.2913272209942335,6.171898828661441,-2.2168806613095104
1780625783673235700,23.697235595703123,7.293812608069181,6.169078510543704,-2.216554498095065
1780625783683230700,23.707230712890624,7.2968129589289425,6.165944304171204,-2.2154026977114376
1780625783693225700,23.717225830078124,7.298646604096889,6.16399433914721,-2.214800786295533
1780625783703220500,23.727220458984377,7.299054015854001,6.162921741479635,-2.2164253187574445
1780625783713215500,23.737215576171874,7.298363695502281,6.162616036531329,-2.2195535337805747
1780625783723210500,23.74721044921875,7.296881347990036,6.1633770840317,-2.2223197836235165
1780625783733206500,23.75720654296875,7.2950418576031915,6.164744865253567,-2.2245693161159754
1780625783743201800,23.767201904296876,7.293426823621988,6.16610154055953,-2.22610836225152
1780625783753196800,23.77719677734375,7.292277653586864,6.1673512483596795,-2.226411729112267
1780625783763191800,23.78719189453125,7.291844522866606,6.168029878273606,-2.2259273065961898
1780625783773186600,23.7971865234375,7.29237819135189,6.1676797496616835,-2.2251640671387314
1780625783783181600,23.807181640625,7.294215343651175,6.165431093952059,-2.225369380452484
1780625783793176600,23.817176513671875,7.2971823767632245,6.161682555073499,-2.226011331617832
1780625783803171600,23.827171630859375,7.3005059682279825,6.157779117894172,-2.2259318366408345
1780625783813167600,23.837167724609376,7.303209381967783,6.154492935830354,-2.226154393350333
1780625783823162600,23.84716259765625,7.304635030856728,6.152305070397257,-2.227526850747317
1780625783833157600,23.85715771484375,7.30493021441102,6.151052439987659,-2.2300126762136814
1780625783843152600,23.867152587890626,7.304606973806023,6.150297237706184,-2.23314439836815
1780625783853147400,23.8771474609375,7.304846043258905,6.148823073500394,-2.2364250274740156
1780625783863142700,23.887142578125,7.306821727246046,6.145578392490744,-2.2388827958896753
1780625783873137700,23.8971376953125,7.310294956314563,6.140989895656705,-2.2401446325190366
1780625783883132700,23.907132568359376,7.313978028741478,6.136396138125658,-2.240705627402663
1780625783893127700,23.917127685546873,7.316525959658622,6.133014094471931,-2.2416502147763966
1780625783903123700,23.927123779296874,7.316992992648482,6.131666771516204,-2.243813384159654
1780625783913118700,23.93711865234375,7.314968208822608,6.132490362858772,-2.2481439607098697
1780625783923113500,23.947113525390623,7.310806412968039,6.134751878049969,-2.2555146356083453
1780625783933108500,23.9571083984375,7.305373282003402,6.137614281743764,-2.2652933945618567
1780625783943103500,23.967103515625,7.299006085059046,6.141290339908004,-2.2758292554929853
1780625783953098500,23.977098388671877,7.291988899773359,6.1457934965461485,-2.2861599492408335
1780625783963093500,23.987093505859374,7.283375385206937,6.151691322413087,-2.297726322263479
1780625783973088500,23.997088623046874,7.272472298398614,6.159076756489276,-2.3124378614440557
1780625783983084800,24.007084716796875,7.260042440414428,6.167106333687901,-2.3300223257124424
1780625783993079600,24.01707958984375,7.246818801704048,6.175319450759887,-2.349337705426663
1780625784003074600,24.027074462890624,7.2333888267666095,6.183690973263978,-2.368633357527107
1780625784013069600,24.037069580078125,7.220712300544977,6.191563314074277,-2.3866705339990553
1780625784023064600,24.047064697265625,7.210665538305044,6.197056650793552,-2.4027397713989016
1780625784033059600,24.0570595703125,7.205149989753961,6.198755271404981,-2.414868162218481
1780625784043054600,24.0670546875,7.205160511147976,6.195860134485364,-2.4222606105573474
1780625784053049600,24.077049560546875,7.209218262106179,6.189423379436135,-2.426631080726534
1780625784063045400,24.08704541015625,7.214163901814818,6.182229084017872,-2.4302830273628233
1780625784073040600,24.09704052734375,7.220859015539288,6.17451281055212,-2.4300224767304957
1780625784083035600,24.10703564453125,7.227902504310012,6.1661389499604695,-2.4303398721165954
1780625784093030700,24.11703076171875,7.23560767185986,6.156905257669091,-2.4308199107185007
1780625784103025700,24.127025634765626,7.243363108292222,6.147686178424954,-2.4310589801713824
1780625784113020700,24.137020751953123,7.2501114135086535,6.139585874077677,-2.4314000486940146
1780625784123015700,24.147015625,7.255588383615017,6.133076638314128,-2.4315016093723476
1780625784133010700,24.1570107421875,7.259598203778267,6.128171330615878,-2.4319068291723727
1780625784143006500,24.16700634765625,7.262657591348886,6.124373691898584,-2.432336745022237
1780625784153001500,24.17700146484375,7.265358667001128,6.1208572082102295,-2.433110213612765
1780625784162996500,24.18699658203125,7.2677891090184445,6.117534785789251,-2.4342240200735628
1780625784172991500,24.196991455078123,7.26970049559772,6.114579443114995,-2.435935061775148
1780625784182986800,24.20698681640625,7.271007486543059,6.112110422652959,-2.4382373473681507
1780625784192981800,24.216981689453124,7.271893621727823,6.110018418809771,-2.4408226876862344
1780625784202976800,24.226976806640625,7.27294576112926,6.107737614396214,-2.4434015982635318
1780625784212971800,24.2369716796875,7.274193130841851,6.105158703818917,-2.446120940224826
1780625784222966800,24.246966796875,7.275924484679103,6.1021314649522305,-2.448522302278131
1780625784232962600,24.256962646484375,7.2783356374740595,6.098530810111761,-2.450336804354191
1780625784242957600,24.26695751953125,7.281683778858184,6.094119423410296,-2.4513709697075186
1780625784252952600,24.27695263671875,7.28588766028881,6.088661742526292,-2.45242705463171
1780625784262947600,24.286947509765625,7.290692430222034,6.082790220144391,-2.4527239917516708
1780625784272942600,24.296942626953125,7.29605191142857,6.076888887146115,-2.451429275766015
1780625784282937600,24.3069375,7.301472767433523,6.071318978059291,-2.449068830244988
1780625784292932600,24.3169326171875,7.306435358276963,6.06665916955471,-2.445826048931479
1780625784302927600,24.326927734375,7.311029700329899,6.062679744529723,-2.441965720241517
1780625784312923600,24.336923583984376,7.315528180792927,6.059184303629398,-2.4371552512198686
1780625784322918700,24.346918701171877,7.31975544309914,6.056369830730557,-2.431460838970542
1780625784332913700,24.35691357421875,7.323893273556232,6.0535758160978554,-2.425944267506152
1780625784342908700,24.36690869140625,7.328282448425888,6.050429919287562,-2.420543285245448
1780625784352903700,24.376903564453126,7.332389299222826,6.04757979055345,-2.4152149298295376
1780625784362898700,24.386898681640623,7.335425305917859,6.045500646191835,-2.4111855281829833
1780625784372893700,24.396893798828124,7.336454064443707,6.045218906641006,-2.408762246558815
1780625784382888400,24.406888427734376,7.33488286960423,6.047668053358793,-2.4074030870348215
1780625784392883500,24.416883544921873,7.331160634210705,6.052509063649177,-2.406572335299104
1780625784402879700,24.426879638671874,7.326128485262394,6.05835895872116,-2.4071761464111505
1780625784412874800,24.436874755859375,7.320743869614601,6.063979136690497,-2.4094018596366045
1780625784422869800,24.446869873046875,7.315143565389514,6.0699278159618375,-2.4114305889852345
1780625784432864800,24.45686474609375,7.309388947385549,6.07598463178277,-2.4136348210312426
1780625784442859800,24.46685986328125,7.304067460101843,6.081289752453565,-2.4163911340020596
1780625784452854500,24.4768544921875,7.299657242444157,6.085673082104325,-2.418670623241365
1780625784462849500,24.486849609375,7.295469143104553,6.089815588736534,-2.4208757320702077
1780625784472844500,24.496844482421874,7.290930915153026,6.0941954112559555,-2.4235250775352117
1780625784482839600,24.506839599609375,7.285956049349903,6.098984983620047,-2.426443303069472
1780625784492835600,24.516835693359376,7.281030867907404,6.103708505010604,-2.4293546604715286
1780625784502830600,24.52683056640625,7.276789577075839,6.107917062616348,-2.4314731139302252
1780625784512825600,24.53682568359375,7.273995562443137,6.1109945703655475,-2.432113165399432
1780625784522820600,24.546820556640625,7.272709029763937,6.11298603644371,-2.430937253487855
1780625784532815000,24.556815185546874,7.272226214683055,6.114335697486997,-2.4289824661582706
1780625784542809900,24.566809814453126,7.272540687459707,6.114942431208491,-2.426522944176942
1780625784552804900,24.576804931640623,7.273725513330102,6.1145689217209815,-2.4239041399806736
1780625784562799900,24.5867998046875,7.275766663768887,6.113236211812496,-2.4211571793600917
1780625784572796200,24.596796142578125,7.278482352468371,6.111003922715783,-2.4186188930541275
1780625784582791200,24.606791259765625,7.281711835908889,6.107949211320281,-2.416608283884078
1780625784592786200,24.6167861328125,7.2852744968265295,6.10466712090969,-2.4141630826890466
1780625784602781200,24.62678125,7.28861211681664,6.101756786420941,-2.4114541159912943
1780625784612776000,24.63677587890625,7.290984691166877,6.099872872370481,-2.4090403328478334
1780625784622771000,24.64677099609375,7.2919257714092724,6.099419867905974,-2.4073300217986104
1780625784632766000,24.656765869140624,7.291414899277687,6.100581897422671,-2.405943828137219
1780625784642761000,24.666760986328125,7.289929629155993,6.102271750205755,-2.4061596628449857
1780625784652756000,24.676755859375,7.288508071920275,6.1035425007939335,-2.4072440970808264
1780625784662752300,24.686752197265626,7.287385789892077,6.104474228686094,-2.408285276696831
1780625784672747000,24.6967470703125,7.286050741896033,6.105849024170637,-2.408839111187309
1780625784682742000,24.706741943359376,7.2843117892742155,6.10761544932127,-2.4096052732542157
1780625784692737000,24.716737060546876,7.282472883409262,6.109384797081351,-2.4106845929235217
1780625784702732000,24.72673193359375,7.281050157129764,6.110715168902278,-2.4116095988139508
1780625784712727000,24.73672705078125,7.280493692290783,6.111206751811504,-2.412037614967674
1780625784722722000,24.74672216796875,7.281184597164392,6.110563777732849,-2.4115945473752913
1780625784732717000,24.756717041015627,7.282882048732042,6.108835346505045,-2.4108286775693295
1780625784742713000,24.766713134765624,7.284753103300929,6.106777244931459,-2.4104082602001724
1780625784752707800,24.776707763671876,7.285799397483467,6.105362117436528,-2.4108295543521643
1780625784762702800,24.786702880859377,7.285933252996206,6.104558399838209,-2.4124594936415553
1780625784772697900,24.79669775390625,7.286003395622968,6.103475280776619,-2.414988719858229
1780625784782693000,24.806693115234374,7.2867428158134215,6.1017456805050365,-2.4171210557118057
1780625784792688000,24.816688232421875,7.287493341919779,6.100094406166672,-2.419026158680767
1780625784802683100,24.82668310546875,7.287895492979883,6.098896136292815,-2.4208267783619464
1780625784812678100,24.83667822265625,7.287597386816143,6.098496907842159,-2.4227393339850005
1780625784822673200,24.846673095703125,7.287052612414955,6.098178927934169,-2.4251725524812935
1780625784832669000,24.8566689453125,7.286210316371918,6.098260760998725,-2.427489889512956
1780625784842664000,24.866663818359374,7.285063484424352,6.098573480209708,-2.430160570026934
1780625784852659000,24.876658935546875,7.2842761334389445,6.098517366108298,-2.4326519484512508
1780625784862654000,24.886654052734375,7.284130587488413,6.098370651113987,-2.4334537663534284
1780625784872649000,24.89664892578125,7.284266196566819,6.098434948521852,-2.4328930637307464
1780625784882644000,24.90664404296875,7.284854810109734,6.098242056298256,-2.4316039007030428
1780625784892639000,24.916638916015625,7.2856298861354585,6.0978171088844535,-2.4303416256822645
1780625784902634200,24.92663427734375,7.286661567270755,6.097008130589127,-2.4292995692834256
1780625784912630000,24.936630126953126,7.287721889978647,6.09588351047337,-2.428932781797647
1780625784922625000,24.946625,7.2885191778361795,6.0951785770744085,-2.428309243071824
1780625784932620000,24.9566201171875,7.289335170394182,6.094810328283906,-2.426788755506277
1780625784942615000,24.966614990234376,7.290557405665516,6.094008948773145,-2.425129297861457
1780625784952610000,24.976610107421877,7.29176152075827,6.092986619988084,-2.424065175761282
1780625784962605000,24.98660498046875,7.292845224341749,6.091665015995502,-2.424134733866155
1780625784972600000,24.99660009765625,7.293413379618525,6.090787648639083,-2.4246283626019953
1780625784982595000,25.006594970703127,7.293505149555206,6.090470837774872,-2.425150925171375
1780625784992589800,25.01658984375,7.293745972573757,6.089904436063766,-2.425842852958292
1780625785002586000,25.026586181640624,7.294376671692729,6.089135205256938,-2.425882892707735
1780625785012581000,25.0365810546875,7.2949436579257245,6.088489893090725,-2.425801498034596
1780625785022576000,25.046576171875,7.295474988323449,6.087945118689537,-2.4255641821473835
1780625785032571100,25.056571044921874,7.2966335107088085,6.086741003596782,-2.4251056247249245
1780625785042566100,25.066566162109375,7.298507487887144,6.084883977553248,-2.424129911560565
1780625785052561200,25.07656103515625,7.300703536626696,6.082874975818395,-2.422544688195735
1780625785062556000,25.086555908203124,7.302575175717473,6.081274554884433,-2.4209257086917755
1780625785072551000,25.096551025390625,7.304480717077851,6.079659520903229,-2.419242577910423
1780625785082546000,25.1065458984375,7.306081722533702,6.078501583039761,-2.4173117559783157
1780625785092542000,25.1165419921875,7.306622989803552,6.078697397872805,-2.415178543341905
1780625785102537000,25.126536865234375,7.306424252361059,6.079336864820123,-2.4141692201688882
1780625785112532200,25.1365322265625,7.306447048714756,6.079499946427345,-2.413689035436511
1780625785122527200,25.14652734375,7.306995914769172,6.079365506392717,-2.4123691850095987
1780625785132522000,25.15652197265625,7.307771575316786,6.0790621395319695,-2.410782646470517
1780625785142517000,25.16651708984375,7.308899702563881,6.0781286580741405,-2.4097230544149872
1780625785152512000,25.176511962890626,7.310782447570562,6.076102120682597,-2.409113251953572
1780625785162507000,25.186507080078126,7.312354226931929,6.074760058423877,-2.407724866335094
1780625785172502000,25.196501953125,7.313530284973979,6.074191903147101,-2.4055767483904957
1780625785182498000,25.206498046875,7.3150880358099934,6.073320381009578,-2.403047960565239
1780625785192493000,25.2164931640625,7.317040923443436,6.071928049868345,-2.400628186072409
1780625785202488000,25.226488037109377,7.3190037479490035,6.070429920265078,-2.398421908199787
1780625785212482800,25.23648291015625,7.321183430075645,6.068668171289563,-2.396226005590707
1780625785222478000,25.24647802734375,7.3236740778476,6.066803546461463,-2.3933472352840006
1780625785232473000,25.25647314453125,7.325853759974241,6.065543317267299,-2.3898538402102885
1780625785242468000,25.266468017578124,7.327762808465957,6.064726740187406,-2.3860735910192132
1780625785252463000,25.276463134765624,7.329802205339074,6.0637377291500565,-2.3823158459208904
1780625785262459100,25.286459228515625,7.3321823784738775,6.062344228965044,-2.378539103861153
1780625785272454100,25.2964541015625,7.3340136855542655,6.0618415401399135,-2.374180616390705
1780625785282449000,25.306448974609374,7.334368490341305,6.062662793394923,-2.3709819664798677
1780625785292444000,25.31644384765625,7.332997201988101,6.064668872520327,-2.37009626968652
1780625785302439000,25.32643896484375,7.330076930627226,6.067993048506975,-2.3706264310404657
1780625785312434000,25.336433837890624,7.327001760965585,6.071299104315042,-2.37166761065647
1780625785322429000,25.346428955078125,7.3257427008152005,6.0727078020691865,-2.371944966293126
1780625785332424000,25.356423828125,7.326773797428608,6.071679043543338,-2.371380318147689
1780625785342419200,25.366419189453126,7.329501176565885,6.069095456790924,-2.3695845207720994
1780625785352415000,25.3764150390625,7.3326295377194874,6.066292674329876,-2.36707487603873
1780625785362410000,25.386409912109375,7.336289813792705,6.062882573625445,-2.3644633783660827
1780625785372405000,25.396405029296876,7.340537534365057,6.0592170368552205,-2.3606726077809927
1780625785382400000,25.40639990234375,7.345293788981437,6.055055241000652,-2.3565549433290958
1780625785392395000,25.41639501953125,7.350282098788022,6.050580725935101,-2.3524841867588457
1780625785402390000,25.42639013671875,7.355972419384122,6.045109601047635,-2.3487748108468947
1780625785412385000,25.436385009765626,7.362071320781111,6.039208852571249,-2.344826657743007
1780625785422380000,25.446380126953127,7.368415721371769,6.0332671875625845,-2.340202797334641
1780625785432375000,25.456375,7.37460697722733,6.027358255779743,-2.3359154754042626
1780625785442371000,25.46637109375,7.3797028390616175,6.022604923772811,-2.332082180851698
1780625785452366000,25.476365966796877,7.382884976229072,6.019814416271448,-2.3292114477209744
1780625785462361000,25.486361083984374,7.3845660611838095,6.018265433263778,-2.3278858982056376
1780625785472356000,25.496356201171874,7.385192084127664,6.017402678954601,-2.328121168266237
1780625785482351000,25.50635107421875,7.3847010857403275,6.017873803597689,-2.328467205224931
1780625785492346000,25.51634619140625,7.382870363181829,6.019684067890048,-2.32959737829864
1780625785502341000,25.526341064453124,7.3797384948968885,6.022845746791362,-2.3313383767470715
1780625785512336100,25.536336181640625,7.375756731784343,6.026757367277145,-2.3338323855198917
1780625785522331000,25.546330810546873,7.372016376212239,6.030284956881403,-2.3365422290004787
1780625785532327000,25.556326904296874,7.369727973014116,6.032379298812151,-2.3383481093786656
1780625785542322200,25.566322265625,7.36921651636064,6.032701954895257,-2.339125669622421
1780625785552317200,25.576317138671875,7.369928464022278,6.032108080655336,-2.3384186903968454
1780625785562312200,25.586312255859376,7.3709174750596285,6.031285073834657,-2.3374217883139847
1780625785572307200,25.59630712890625,7.37206898318231,6.030003801852464,-2.3371000090137124
1780625785582302200,25.60630224609375,7.372952780279517,6.028979719501733,-2.3369462797567246
1780625785592297000,25.616296875,7.374241651046276,6.027289866718649,-2.3372556379668414
1780625785602292000,25.6262919921875,7.375809338754415,6.025370296832919,-2.3372439475290476
1780625785612287000,25.636286865234375,7.377447753611206,6.023489305391907,-2.3369309360571204
1780625785622283300,25.646283203125,7.378509829884767,6.021901743939519,-2.337654720287025
1780625785632278300,25.6562783203125,7.378793323001265,6.021012686145306,-2.339054357951879
1780625785642273300,25.666273193359373,7.379126500478386,6.020215982809662,-2.340055936209857
1780625785652268300,25.676268310546874,7.3807941414296625,6.018330315193533,-2.3396553925849495
1780625785662263000,25.686262939453126,7.383467160031199,6.015600013446807,-2.3382409957423804
1780625785672258000,25.696258056640627,7.38587246760726,6.013406302794814,-2.3362831396728754
1780625785682253000,25.706253173828124,7.387055539911985,6.012479251077771,-2.3349257337145506
1780625785692248000,25.716248046875,7.386665663811564,6.013197043958306,-2.3343054098591205
1780625785702244000,25.726244140625,7.384605808672308,6.015779461666941,-2.3341841215670107
1780625785712239400,25.7362392578125,7.381006907397508,6.019738428425788,-2.3353628099575636
1780625785722234400,25.746234375,7.375599495396018,6.025239948451518,-2.3382553165286777
1780625785732229000,25.75622900390625,7.36848937112987,6.032148997187614,-2.342844982406497
1780625785742224100,25.76622412109375,7.360375622779131,6.039753626972437,-2.348754790972173
1780625785752219100,25.77621923828125,7.351171156582236,6.048096507903933,-2.356094486210495
1780625785762214100,25.786214111328125,7.34193103455007,6.0564130853503935,-2.3635240516893563
1780625785772209200,25.796209228515625,7.333174896642565,6.064481825515627,-2.3700236428417263
1780625785782204200,25.8062041015625,7.325555069288611,6.071555124902725,-2.375472555897385
1780625785792200200,25.8162001953125,7.319636785155534,6.0768947323650115,-2.380054330729693
1780625785802195200,25.8261953125,7.315631641167402,6.08018032990694,-2.383965658954531
1780625785812190000,25.83618994140625,7.313388246154784,6.081667938116192,-2.3870607023604213
1780625785822185200,25.846185302734376,7.312570500031113,6.081978319239616,-2.3887718901924786
1780625785832180200,25.85618017578125,7.312363579282164,6.0820583987385035,-2.3891925998225805
1780625785842175200,25.86617529296875,7.311827572709322,6.082638828974962,-2.3893738016083836
1780625785852170200,25.876170166015626,7.310978262403607,6.083266020962595,-2.3903601822972296
1780625785862165200,25.886165283203123,7.310660867017507,6.08314502493143,-2.391654752152413
1780625785872160300,25.89616015625,7.3118117906183,6.081530575472116,-2.3922385433897375
1780625785882156000,25.906156005859376,7.3150395204931495,6.077734690320492,-2.3920194938115773
1780625785892151000,25.916151123046873,7.319734984833001,6.072512571758032,-2.390911678700149
1780625785902146000,25.92614599609375,7.324434540826082,6.067380469566583,-2.3895567569598555
1780625785912141000,25.93614111328125,7.328255560418963,6.0631239811658855,-2.3886501635089514
1780625785922136000,25.946135986328127,7.331231945881247,6.059802727788687,-2.3879341241940852
1780625785932131000,25.956131103515624,7.332510295253992,6.05832213384211,-2.387774841979146
1780625785942126300,25.966126220703124,7.333481186112761,6.057085870045423,-2.3879081129699946
1780625785952121300,25.976121337890625,7.3341001947939395,6.055955989232659,-2.388884556786716
1780625785962116400,25.986116455078125,7.334599961009621,6.054749536052346,-2.3904127892673013
1780625785972112100,25.996112060546874,7.334903327870369,6.05388444365561,-2.3916622048065066
1780625785982107100,26.006107177734375,7.334873517253994,6.053607964801788,-2.392459784924984
1780625785992102100,26.01610205078125,7.3344351258367295,6.054179042688012,-2.3923526712886987
1780625786002097200,26.02609716796875,7.333442607668042,6.055362114992738,-2.392397094952315
1780625786012092200,26.036092041015625,7.331739310881495,6.056807053104043,-2.393966390095651
1780625786022087200,26.046087158203125,7.329072137498855,6.059017714890837,-2.3965374096274377
1780625786032082200,26.056082275390626,7.325539871719479,6.062300389823317,-2.3990301032260057
1780625786042077200,26.0660771484375,7.322463533014059,6.065554423183203,-2.4002058690071104
1780625786052072000,26.076072021484375,7.320897014349699,6.067693188777565,-2.399580138324201
1780625786062068200,26.086068115234376,7.32033470429182,6.068988489285111,-2.3980207800529896
1780625786072063200,26.096063232421876,7.319772394233942,6.070247549435496,-2.396544131629169
1780625786082058200,26.106058349609373,7.318384739267826,6.072011051976681,-2.396305500567704
1780625786092053200,26.11605322265625,7.315740362238883,6.074743691810965,-2.3974573009513316
1780625786102048300,26.12604833984375,7.311618898394704,6.078897304359078,-2.399501520130038
1780625786112043300,26.136043212890623,7.306497902119159,6.084505791890621,-2.400890490270406
1780625786122038000,26.1460380859375,7.300667296269536,6.090968265902996,-2.4022400051832196
1780625786132033000,26.156032958984376,7.2949296294003725,6.097117436182499,-2.4040638596095145
1780625786142028000,26.166028076171877,7.289224111235141,6.102908879065513,-2.4066788644134998
1780625786152024300,26.1760244140625,7.283757078000903,6.108500415462255,-2.4090479316323994
1780625786162019300,26.186019287109374,7.278570615273714,6.113683371058106,-2.411579495936632
1780625786172014300,26.196014404296875,7.27406453602612,6.117813018208742,-2.4146904675640166
1780625786182009300,26.20600927734375,7.270978260448574,6.120569623440503,-2.416993922200799
1780625786192004000,26.216004150390624,7.269631522014737,6.12171528634429,-2.418143676757812
1780625786201999000,26.2259990234375,7.270037180206179,6.121100953838229,-2.4184948282830416
1780625786211994000,26.235994140625,7.271495562320947,6.11936433930397,-2.4185028654590246
1780625786221989000,26.245989013671874,7.273725513330102,6.116881290316582,-2.4180747031748293
1780625786231984000,26.255984130859375,7.277188221004605,6.113596277296542,-2.415968086284399
1780625786241980200,26.265980224609375,7.2821852986395355,6.109003104287385,-2.412516630656272
1780625786251975200,26.27597509765625,7.288514501661062,6.10313976521194,-2.4082348616838454
1780625786261970000,26.285969970703125,7.295477910932898,6.096445820531248,-2.40410039222762
1780625786271965200,26.295965087890625,7.30291419841349,6.089077922111749,-2.400202654136717
1780625786281960200,26.305960205078126,7.310631640923023,6.081534667125344,-2.395821808703989
1780625786291955200,26.315955078125,7.317993109601735,6.0746279564768075,-2.3908735386468467
1780625786301950200,26.3259501953125,7.324063953948021,6.069074414002895,-2.386371697182953
1780625786311945200,26.3359453125,7.328312843564152,6.065178575608134,-2.383239390506595
1780625786321940200,26.345940185546876,7.330757314106822,6.063122227600217,-2.380949233742803
1780625786331936000,26.35593603515625,7.331343005040288,6.063159052479267,-2.379060935778171
1780625786341931000,26.365930908203126,7.329758950719237,6.065284374070167,-2.3785154307246206
1780625786351926000,26.375926025390626,7.325415953078865,6.069854166203737,-2.3802437158219516
1780625786361921000,26.385921142578123,7.319154554596543,6.075956574732065,-2.3839295647278425
1780625786371916000,26.395916015625,7.3120011757105585,6.0828060022354125,-2.3884091943599284
1780625786381911300,26.405911376953124,7.304798112463951,6.089965810862183,-2.392205810163915
1780625786391906300,26.41590625,7.297933487391472,6.096919283261895,-2.3954309096902606
1780625786401901300,26.4259013671875,7.291494978776574,6.10349164738953,-2.398306172865629
1780625786411896300,26.435896240234374,7.285452191480994,6.109528004944324,-2.401296732983738
1780625786421892000,26.44589208984375,7.279693481823801,6.1150312785357235,-2.404748919264227
1780625786431887000,26.45588720703125,7.274533322581648,6.119791624805331,-2.4082504976443944
1780625786441882000,26.465882080078124,7.270846158501506,6.123054425993561,-2.4110996034651992
1780625786451877000,26.475877197265625,7.2692574280053375,6.12434271223843,-2.4126079622015357
1780625786461872000,26.4858720703125,7.269356796726584,6.124302380228042,-2.412418577109277
1780625786471867100,26.4958671875,7.269815061888099,6.123884447076916,-2.412095482634753
1780625786481862100,26.505862060546875,7.270337624457478,6.123296418055892,-2.4120235864423214
1780625786491857200,26.515857177734375,7.2715598597288125,6.121781337317824,-2.4121779002211987
1780625786501852200,26.52585205078125,7.274093762120604,6.118840607690811,-2.411994652608782
1780625786511848200,26.53584814453125,7.277336689564585,6.1152031279712915,-2.4114459326848388
1780625786521843200,26.54584326171875,7.281061847567558,6.111100368827581,-2.410594284291565
1780625786531838200,26.555838134765626,7.285206107765435,6.106711193957924,-2.4091955234095455
1780625786541833200,26.565833251953126,7.289414665371179,6.102236678892374,-2.407804215181619
1780625786551828200,26.575828125,7.292952191847562,6.098297585877776,-2.4070783851251005
1780625786561823200,26.5858232421875,7.295109077620506,6.0962979364931575,-2.4056126964867115
1780625786571818200,26.595818359375,7.296732879430055,6.094748368963599,-2.404609218532592
1780625786581813200,26.605813232421873,7.298169049713015,6.093319212943316,-2.4038639531232415
1780625786591808300,26.615808349609374,7.299599374777078,6.091926881802082,-2.403053367392719
1780625786601803300,26.62580322265625,7.30125590981245,6.090471422296762,-2.4017096976988017
1780625786611799300,26.63579931640625,7.302869190227985,6.0891235148191445,-2.4002172671839594
1780625786621794300,26.645794189453124,7.304169166910648,6.087926998510956,-2.3992919690325856
1780625786631789300,26.655789306640624,7.304716279399394,6.087335462358594,-2.399145546299219
1780625786641784000,26.6657841796875,7.304540922832489,6.087429570382833,-2.3994440908543764
1780625786651779000,26.675779052734374,7.304167413344979,6.087744043159485,-2.3997696695469317
1780625786661774000,26.685774169921874,7.303984457993507,6.087762747859954,-2.400293108899146
1780625786671769000,26.69576904296875,7.303541390401125,6.08810703125298,-2.400749766625464
1780625786681764000,26.70576416015625,7.303077280020713,6.088488724046945,-2.40120394013375
1780625786691759400,26.71575927734375,7.302777420291304,6.088543084582686,-2.4019709789834915
1780625786701755400,26.72575537109375,7.302198159098625,6.088840021702647,-2.4029861473754046
1780625786711750100,26.735750244140625,7.301350602358579,6.089471305343508,-2.4039615682788193
1780625786721745200,26.7457451171875,7.300968909564614,6.089871702837944,-2.404106383576989
1780625786731740200,26.755740234375,7.300814595785736,6.090246381369233,-2.403613193232566
1780625786741735200,26.765735107421875,7.300179805013537,6.09092208867371,-2.4038299047231675
1780625786751730200,26.775730224609376,7.2988500177145,6.0924687335938215,-2.4039520697981116
1780625786761725200,26.78572509765625,7.297753454649448,6.093785661411285,-2.403948416536301
1780625786771720200,26.79572021484375,7.29741326290965,6.094183720818162,-2.4039637602359054
1780625786781715200,26.805715087890626,7.297753454649448,6.093916009792685,-2.4036231301046906
1780625786791711200,26.815711181640626,7.298209381723404,6.093747082966566,-2.4026690442502496
1780625786801706200,26.825706298828123,7.298437345260381,6.0933677282601595,-2.4029344171881672
1780625786811701200,26.835701171875,7.297642395490407,6.094021808254719,-2.403689765600115
1780625786821696300,26.8456962890625,7.296247726261615,6.095339320594072,-2.4045862760484216
1780625786831691300,26.855691162109373,7.294926706790924,6.096321901890635,-2.406097703524679
1780625786841686300,26.865686279296874,7.294271457752585,6.0966124092698095,-2.407354425587505
1780625786851681300,26.875681396484374,7.29405693821907,6.096735158866643,-2.4076782507143912
1780625786861676300,26.88567626953125,7.293835988944768,6.097044955468178,-2.407574936470389
1780625786871671300,26.89567138671875,7.293018827342987,6.097952717962861,-2.4077552614733575
1780625786881667000,26.9056669921875,7.29178080998063,6.099326928925514,-2.408009820756316
1780625786891662300,26.915662353515625,7.290067576321959,6.101337684226036,-2.4081105046518148
1780625786901657300,26.9256572265625,7.288213472887874,6.103116384336352,-2.4092159816756844
1780625786911652400,26.93565234375,7.286795422783493,6.1038213177353144,-2.4117227037996054
1780625786921647400,26.9456474609375,7.285415366601944,6.104024731352925,-2.4153715816959735
1780625786931642400,26.955642333984375,7.283778705310821,6.1040925358921285,-2.420134119922668
1780625786941637400,26.965637451171876,7.2818211415022605,6.104423959803581,-2.4251819048315286
1780625786951632400,26.97563232421875,7.279437461236119,6.105293728375434,-2.430134266541898
1780625786961627100,26.985627197265625,7.2757035354048005,6.107706050214171,-2.435256577991694
1780625786971623200,26.995623046875,7.267699677169323,6.113846452665329,-2.443726446303725
1780625786981618200,27.0056181640625,7.254198975083232,6.123870418551564,-2.458705111987889
1780625786991613200,27.01561328125,7.237832946693897,6.134050451782345,-2.4814547039344905
1780625787001608200,27.025608154296876,7.221250060683489,6.14271365070939,-2.508186351254582
1780625787011603500,27.035603515625,7.204440380179881,6.151146548011899,-2.535709148952365
1780625787021598500,27.045598388671873,7.1864961426883935,6.160794081801176,-2.5630633120849726
1780625787031593200,27.05559326171875,7.167280570086836,6.17132190555632,-2.591383105379343
1780625787041588200,27.065588134765626,7.147384614005684,6.181800044950842,-2.6211890455782414
1780625787051583200,27.075583251953127,7.126559268119931,6.192748139944673,-2.6518749834820627
1780625787061578200,27.085578125,7.105198500183224,6.203943487697839,-2.682844414502382
1780625787071574300,27.09557421875,7.085380870035291,6.214677063158154,-2.710275442263484
1780625787081569300,27.1055693359375,7.068019400867819,6.22443857871592,-2.733101606577635
1780625787091564300,27.115564208984374,7.053002448999881,6.23380145034492,-2.7505039922773835
1780625787101559000,27.12555908203125,7.039155709955096,6.24314503275156,-2.7647403151616454
1780625787111554000,27.135553955078127,7.025051196756959,6.252967923107743,-2.7783894858077165
1780625787121549000,27.145549072265624,7.007664593148231,6.265185015124082,-2.794717228013277
1780625787131544300,27.15554443359375,6.9859279776364565,6.280455649492144,-2.8147970162287352
1780625787141539300,27.165539306640625,6.959963515296578,6.298560045981406,-2.838563384002447
1780625787151534300,27.175534423828125,6.930703518542647,6.318278307408094,-2.8661949027717113
1780625787161530400,27.1855302734375,6.898827786332369,6.338727805718779,-2.8977763282105324
1780625787171525000,27.195525146484375,6.865232390722632,6.3600394738167525,-2.9306790653809904
1780625787181520100,27.20552001953125,6.83091978675425,6.381624698159098,-2.9637367008522153
1780625787191515100,27.21551513671875,6.7972840591341255,6.402362950283289,-2.9961709437280892
1780625787201510100,27.22551025390625,6.765974144113064,6.420478452688455,-3.0281118501290676
1780625787211505200,27.235505126953125,6.738461867809296,6.434530943438411,-3.059471449510753
1780625787221500200,27.245500244140626,6.714907973742485,6.444424560943245,-3.090280137011409
1780625787231495200,27.2554951171875,6.694790483865141,6.45096126923561,-3.120134592527151
1780625787241490200,27.265490234375,6.677007574415207,6.454250958430767,-3.1512887324646113
1780625787251486200,27.275486328125,6.6591860865205525,6.45663230060935,-3.1839430478319524
1780625787261481200,27.285481201171876,6.6385121318042275,6.461759142103791,-3.216555569884181
1780625787271476200,27.295476318359373,6.614157442748546,6.4702545832484955,-3.249472920101881
1780625787281471200,27.30547119140625,6.587848112493753,6.478664684197306,-3.2859605300217867
1780625787291466200,27.31546630859375,6.563603313553333,6.482322037661075,-3.327012086856365
1780625787301461200,27.325461181640627,6.5436623492866755,6.479564263385534,-3.3713723298475142
1780625787311456300,27.335456298828124,6.527680936300754,6.472192273312807,-3.4162145111367104
1780625787321451300,27.345451171875,6.513803217595815,6.462619558325409,-3.4605309149861334
1780625787331446300,27.3554462890625,6.5009694549858565,6.451613595664501,-3.5049218453764914
1780625787341441300,27.365441162109374,6.492354186853766,6.435215418571233,-3.5507428085699675
1780625787351437300,27.375437255859374,6.491912288305163,6.407707233920693,-3.6009357032373543
1780625787361432300,27.385432373046875,6.501838639035821,6.366731664931773,-3.6552994538486003
1780625787371427300,27.39542724609375,6.516420706617832,6.3175950013190505,-3.714111123779416
1780625787381422300,27.40542236328125,6.526479159295558,6.266496682244539,-3.782385034060478
1780625787391417300,27.415417236328125,6.52625294932425,6.217849847975373,-3.862220787319541
1780625787401412400,27.425412353515625,6.519910302299261,6.168962775209546,-3.9503216800987717
1780625787411407400,27.435407470703126,6.51573389339745,6.11294862704277,-4.043196655412018
1780625787421402000,27.445402099609375,6.5198226240158075,6.043901978823542,-4.139267211896181
1780625787431397000,27.455397216796875,6.531914628347754,5.962987198156118,-4.23642790170461
1780625787441393200,27.46539306640625,6.547119211742282,5.876868419104814,-4.33221350376755
1780625787451388400,27.475388427734377,6.557742897087335,5.796031964370608,-4.424071995514631
1780625787461383400,27.485383544921874,6.56226475842595,5.72588641499877,-4.507917568936944
1780625787471378400,27.49537841796875,6.565906329798698,5.664169086754321,-4.580005484548211
1780625787481373200,27.505373291015626,6.569447363406419,5.613466488999128,-4.636994322966039
1780625787491368200,27.5153681640625,6.576036094146967,5.573640090045332,-4.675539742198586
1780625787501363200,27.52536328125,6.586087532562017,5.540097301405668,-4.701189731761813
1780625787511358200,27.535358154296876,6.6030994576394555,5.506677262362837,-4.716559442590177
1780625787521353200,27.545353271484377,6.629391252237558,5.471046561533212,-4.721145893597603
1780625787531349200,27.555349365234374,6.66288377199471,5.435449178451299,-4.715109536042809
1780625787541344500,27.565344482421875,6.692195206674933,5.41081158080101,-4.701916584731638
1780625787551339300,27.57533935546875,6.712382839179039,5.403627222254872,-4.681358073088527
1780625787561334300,27.585334228515624,6.724729110532999,5.4143444311022755,-4.651161380006372
1780625787571329300,27.595329345703124,6.731247114124894,5.441908145332336,-4.609375079156458
1780625787581324300,27.60532421875,6.729031191641092,5.484630265727639,-4.561730699928105
1780625787591319300,27.6153193359375,6.719200702500343,5.5323693375021215,-4.518359467974305
1780625787601314300,27.625314208984374,6.705546271157265,5.577817667990923,-4.482631151989102
1780625787611309600,27.6353095703125,6.69371204097867,5.619799783673882,-4.4477454243078824
1780625787621304600,27.6453046875,6.688727822825312,5.6584536317169665,-4.406038618434965
1780625787631300400,27.65530029296875,6.689186087986826,5.697922303274273,-4.35417428342402
1780625787641295400,27.66529541015625,6.690401308995485,5.742101636740565,-4.293852501191199
1780625787651290400,27.675290283203125,6.688217535215616,5.797619525822997,-4.222055677480995
1780625787661285400,27.685285400390626,6.680708767020702,5.871008002638816,-4.131562628868222
1780625787671280400,27.6952802734375,6.66325552791655,5.96305909434855,-4.026582789741457
1780625787681275400,27.705275390625,6.63768795593977,6.066703593218326,-3.9123578601464626
1780625787691270400,27.7152705078125,6.616703620100021,6.167700792449712,-3.7880242089912293
1780625787701265400,27.725265380859376,6.608664106029272,6.256121418702602,-3.6547117170885204
1780625787711260400,27.735260498046873,6.616130204126239,6.332403278872371,-3.5068273867368696
1780625787721256400,27.74525634765625,6.638013534632325,6.4021355712682,-3.3346365903854367
1780625787731251500,27.75525146484375,6.669888682320714,6.471539946883916,-3.1308374805882573
1780625787741246500,27.76524658203125,6.702410311219095,6.548985005614161,-2.891177368336916
1780625787751241500,27.775241455078124,6.723531425181031,6.64188365406394,-2.617235339516401
1780625787761236500,27.785236572265624,6.725885879352688,6.742541830599308,-2.3390160717681048
1780625787771231500,27.7952314453125,6.718707950547337,6.833789789232611,-2.0805347930602727
1780625787781226500,27.8052265625,6.718017045673728,6.904892785459756,-1.8333247038207947
1780625787791221500,27.815221435546874,6.728778678184748,6.955121920484304,-1.5875287191629408
1780625787801216300,27.82521630859375,6.742192871031165,6.992647056758403,-1.3476235461093484
1780625787811211300,27.835211181640624,6.74833678061366,7.026658631953596,-1.1208855323385447
1780625787821207600,27.84520751953125,6.744740801948309,7.060868944591284,-0.9071824297729879
1780625787831202600,27.85520263671875,6.738055625095963,7.089789918649196,-0.7098548540774733
1780625787841197600,27.865197509765625,6.734162124788761,7.108344396993518,-0.5412261706544086
1780625787851192600,27.875192626953126,6.7267007028669115,7.124418748959899,-0.40567802865412084
1780625787861187600,27.8851875,6.706454033651948,7.148354920342564,-0.30798816387243566
1780625787871182300,27.895182373046875,6.672488635686039,7.182098784512281,-0.25638110982449724
1780625787881177300,27.90517724609375,6.623229222476482,7.227783846366405,-0.2497917762957513
1780625787891172400,27.91517236328125,6.554661297684907,7.289201899403333,-0.2726711686344817
1780625787901167400,27.92516748046875,6.476991782549023,7.3568193916022775,-0.3101419443728402
1780625787911163400,27.935163330078126,6.4112108581274745,7.412285258236527,-0.35325390433594583
1780625787921158400,27.945158447265626,6.376531174412369,7.439826760634779,-0.39899551868289707
1780625787931153400,27.9551533203125,6.378081910985708,7.435773101329803,-0.4468966491512954
1780625787941148400,27.9651484375,6.401663277581334,7.412790869671106,-0.4895407724069431
1780625787951143400,27.975143310546876,6.426190400594472,7.388326875022053,-0.5358242020130157
1780625787961138400,27.985138427734373,6.431127856996655,7.378067346814275,-0.6124683196239173
1780625787971133400,27.995133544921874,6.393190048268437,7.396807118597626,-0.7647014197696
1780625787981128400,28.00512841796875,6.293653569239377,7.455064661777019,-0.9911351168315857
1780625787991123500,28.01512353515625,6.143194127702713,7.547508552196621,-1.211061112499982
1780625788001118500,28.025118408203124,5.983810205954313,7.6450974042892454,-1.384514183872193
1780625788011114200,28.0351142578125,5.850109591516852,7.718938885569572,-1.5377173711590468
1780625788021109200,28.045109130859377,5.753434347137809,7.761914103943109,-1.6796007075302302
1780625788031104300,28.055104248046874,5.681648044821619,7.79190124592781,-1.7820071890376508
1780625788041099300,28.065099365234374,5.615463215774297,7.823641369059682,-1.8513671409897505
1780625788051094300,28.07509423828125,5.551662651515007,7.852299892789125,-1.921141080570221
1780625788061089500,28.085089599609375,5.498834147647023,7.878515699541568,-1.9652514404535293
1780625788071084500,28.09508447265625,5.466383830419183,7.9008660630375145,-1.9660558887042103
1780625788081079600,28.10507958984375,5.455860098317265,7.913154466724396,-1.9457479908213018
1780625788091074600,28.115074462890625,5.465957713961601,7.911421943843364,-1.9243534667454658
1780625788101070300,28.1250703125,5.499601624888181,7.895392600062489,-1.8940945220820604
1780625788111065300,28.1350654296875,5.558433753085136,7.865886519593,-1.8444751895189284
1780625788121060400,28.145060302734375,5.6353778765559195,7.825608869740367,-1.7812123853981494
1780625788131055400,28.155055419921876,5.707165347915888,7.786807722181082,-1.7217155096821486
1780625788141050400,28.16505029296875,5.7486973817437885,7.766473959204554,-1.6747338321462273
1780625788151045400,28.17504541015625,5.7438265608370305,7.778052168795466,-1.6372954973727463
1780625788161040400,28.185040283203126,5.686003901943564,7.825349926543235,-1.6135661006085573
1780625788171035600,28.19503564453125,5.591420661407708,7.8930089197963476,-1.614557157472521
1780625788181030400,28.205030517578123,5.493708475196361,7.955092158743739,-1.6450068024024367
1780625788191025400,28.215025390625,5.416885347756743,7.999910374635458,-1.682023550762981
1780625788201021400,28.225021484375,5.364554272016883,8.029733265969156,-1.7074328634381293
1780625788211016400,28.235016357421873,5.336828060701489,8.04339763418436,-1.7298481088638304
1780625788221011500,28.245011474609374,5.3331940881133075,8.044277924150228,-1.7369510727368294
1780625788231006500,28.25500634765625,5.350044685149192,8.037278274521231,-1.717426434186101
1780625788241001500,28.26500146484375,5.378183568918705,8.023362561893462,-1.6944478557892142
1780625788250996200,28.274996337890624,5.403931758159398,8.0105176933676,-1.673168920917064
1780625788260991200,28.2849912109375,5.442645811957121,7.9964085039943456,-1.6141320639282464
1780625788270986200,28.294986328125,5.489613314837217,7.977071350839734,-1.5494614388361572
1780625788280981200,28.304981201171874,5.543261902916431,7.960003896182775,-1.4425648063026368
1780625788290977500,28.3149775390625,5.598657626923918,7.936151311430335,-1.3575535501018166
1780625788300972500,28.32497265625,5.645052882874012,7.9102078918784855,-1.3161843056201934
1780625788310967600,28.334967529296875,5.662970816880464,7.901081751614808,-1.2938558616951108
1780625788320962300,28.34496240234375,5.645166280120611,7.916308546841144,-1.2785019329577683
1780625788330957300,28.354957275390625,5.601615307685733,7.947379392409324,-1.2773029324315488
1780625788340952300,28.364952392578125,5.5489720972567795,7.981912361130118,-1.2916454921692608
1780625788350947300,28.374947265625,5.49967819725573,8.013074392113088,-1.3094314703591168
1780625788360942300,28.3849423828125,5.4593841807901855,8.039468478041886,-1.3162300444580615
1780625788370937300,28.394937255859375,5.430331689307093,8.060082811525463,-1.3103275424160064
1780625788380932400,28.404932373046876,5.413555911073089,8.073245075437427,-1.2986631158463655
1780625788390928400,28.414928466796876,5.408243191617727,8.079350406575202,-1.2827413240931926
1780625788400923400,28.42492333984375,5.413035686591267,8.07877582155764,-1.266031158441305
1780625788410918400,28.43491845703125,5.42619853502512,8.07174577679038,-1.2544836362496017
1780625788420913400,28.444913330078126,5.44333671683073,8.061045519077778,-1.2490223021037876
1780625788430908400,28.454908447265623,5.459483549511432,8.049770091825723,-1.2512504995472729
1780625788440903400,28.4649033203125,5.464079060608149,8.042963918942213,-1.2747544169925153
1780625788450898400,28.4748984375,5.440302463701367,8.051019215103983,-1.3246122344866393
1780625788460893400,28.4848935546875,5.377481558129191,8.078076733377575,-1.4134168916210532
1780625788470888400,28.494888427734374,5.28594776829183,8.110320129856467,-1.5658407650984822
1780625788480884200,28.50488427734375,5.189408132991194,8.130163478967546,-1.7722414356961846
1780625788490879200,28.514879150390627,5.108410934737324,8.139487772151828,-1.9553211442001164
1780625788500874500,28.52487451171875,5.076578457146883,8.144619289821385,-2.015913560067862
1780625788510869500,28.534869384765624,5.117905908313393,8.132254313766955,-1.9605852022081613
1780625788520864500,28.544864501953125,5.216133058309555,8.097478183940053,-1.8420495698072015
1780625788530859500,28.554859619140625,5.337530656012892,8.048269624134898,-1.704855268035084
1780625788540854300,28.564854248046874,5.448493368941545,7.9984040617257355,-1.5842352305755019
1780625788550849300,28.574849365234375,5.5211605457454915,7.962707309922576,-1.510777780176699
1780625788560844300,28.58484423828125,5.544677614933252,7.948145116084814,-1.501314663043618
1780625788570839000,28.594839111328124,5.526169313818216,7.953164990073442,-1.5424028986267744
1780625788580835000,28.6048349609375,5.482428371769189,7.970698893198371,-1.6066557366982102
1780625788590830000,28.614830078125,5.432777913415432,7.991428962016105,-1.6710475448489188
1780625788600825000,28.6248251953125,5.38953089236319,8.01016171953678,-1.720666585151106
1780625788610820000,28.634820068359375,5.359640196490288,8.0234964174062,-1.7516272483430801
1780625788620815000,28.644815185546875,5.345254528263211,8.028860574787855,-1.7708863678254185
1780625788630810000,28.65481005859375,5.342338933077454,8.027557675495743,-1.7855372628599404
1780625788640805000,28.66480517578125,5.344217586430907,8.023118231743574,-1.7998153790593145
1780625788650800000,28.674800048828125,5.346982959491014,8.018128752893208,-1.813775076959282
1780625788660795100,28.684795166015626,5.349636104348302,8.013226952326297,-1.8275607334665953
1780625788670791200,28.694791259765626,5.3494391204714775,8.010529968327283,-1.839923517563939
1780625788680786200,28.7047861328125,5.344219339996576,8.010997001317143,-1.8530112549349664
1780625788690781200,28.71478125,5.336649197003245,8.012350754013656,-1.8689004595927894
1780625788700776200,28.724776123046876,5.332724717035889,8.012376472976804,-1.8799631208769976
1780625788710771200,28.734771240234377,5.334585834732652,8.01100343105793,-1.8805425282001493
1780625788720766000,28.744765869140625,5.339104188939928,8.009301887837053,-1.8749463156282902
1780625788730761000,28.754760986328126,5.343035683169961,8.008422182393074,-1.8674987761013209
1780625788740756000,28.764755859375,5.344292989754677,8.00999337723255,-1.857122781907022
1780625788750751000,28.7747509765625,5.345025980204343,8.013497001439333,-1.8398253178864716
1780625788760746000,28.78474609375,5.347119153091311,8.017000041124223,-1.8183495452679692
1780625788770742300,28.7947421875,5.350296029561758,8.018284820237755,-1.8032893387801945
1780625788780737300,28.8047373046875,5.3535804580599065,8.018308201113342,-1.7933927986659108
1780625788790732000,28.81473193359375,5.355187893256545,8.019864782905579,-1.7815961240187286
1780625788800727000,28.82472705078125,5.354253827276826,8.023337427452207,-1.7687271439649164
1780625788810722000,28.83472216796875,5.352793107074499,8.027364198750258,-1.7548467949114739
1780625788820717000,28.844717041015624,5.354961098763346,8.029437497892975,-1.7386483781740067
1780625788830712000,28.854712158203125,5.361653289878368,8.029290782898665,-1.7185940166607498
1780625788840707000,28.86470703125,5.369841272509098,8.028224030449985,-1.6978817757606506
1780625788850702000,28.8747021484375,5.377880786579847,8.025689543536306,-1.6843655838444829
1780625788860697000,28.884697021484374,5.384107113748788,8.022633663097023,-1.6790376668199896
1780625788870693000,28.894693115234375,5.386825140535831,8.020348767030239,-1.681217056685686
1780625788880688000,28.904688232421876,5.38514814723432,8.019733850002288,-1.6894911101646721
1780625788890683100,28.91468310546875,5.377866173532605,8.021809487232565,-1.7027860605455933
1780625788900678100,28.92467822265625,5.365227056711912,8.02681825530529,-1.7189960215903817
1780625788910673200,28.934673095703126,5.35083262065649,8.032766350054741,-1.7359889497064054
1780625788920668200,28.944668212890626,5.339373069009184,8.03633193358183,-1.7546736303016541
1780625788930663200,28.9546630859375,5.334753592514992,8.035040140205622,-1.7745193175002931
1780625788940658200,28.964658203125,5.338505054003,8.028584095934033,-1.7923774841435252
1780625788950653200,28.974653076171876,5.347687308368086,8.019168032813072,-1.8070831781052052
1780625788960649000,28.98464892578125,5.357613659098744,8.009425221955775,-1.8208536370433865
1780625788970644200,28.994644287109374,5.367226706096529,7.999296626651287,-1.8369851260244845
1780625788980639200,29.00463916015625,5.383718406692147,7.984287858089804,-1.8539429828271268
1780625788990634200,29.01463427734375,5.409222850304841,7.964935507366061,-1.8629326372295616
1780625789000629200,29.024629150390624,5.43725827369988,7.945200294804573,-1.8655813981726765
1780625789010624300,29.034624267578124,5.468708473974466,7.922156688347458,-1.871651073475182
1780625789020619300,29.044619384765625,5.5069198389470575,7.893436205297708,-1.880932258170098
1780625789030614000,29.054614013671873,5.53658783197999,7.87120216165781,-1.8869890739910304
1780625789040609000,29.064609130859374,5.5432379375189536,7.862274758836627,-1.9046089018337427
1780625789050604000,29.07460400390625,5.5313277194947,7.862056732171774,-1.9397990192890167
1780625789060600000,29.08460009765625,5.518420891648531,7.8621946793377395,-1.9756756577037273
1780625789070595000,29.094594970703124,5.511967185464501,7.859206018915772,-2.0053627938285468
1780625789080590000,29.104590087890625,5.5160477327764035,7.85051768554747,-2.028051157107204
1780625789090585300,29.11458544921875,5.527365245604515,7.83988873950541,-2.0383337739296254
1780625789100580000,29.124580078125,5.537962042942643,7.834325260159373,-2.0309309503272175
1780625789110575000,29.1345751953125,5.550707542747259,7.830323623302578,-2.011501588844508
1780625789120570000,29.144570068359375,5.566347010427713,7.82446379135847,-1.9909744952529667
1780625789130565000,29.154565185546875,5.574046332758665,7.824084436652064,-1.9708194498442113
1780625789140560100,29.16456005859375,5.5703632603317494,7.831553457358479,-1.9514777666449545
1780625789150555100,29.17455517578125,5.56913225723207,7.834774757492542,-1.942018887295574
1780625789160551200,29.18455126953125,5.582289260447025,7.825273354175686,-1.9425484641276298
1780625789170546200,29.194546142578126,5.606117879801988,7.807004122513532,-1.9474447117365896
1780625789180541000,29.204541015625,5.62586536732316,7.791716537010669,-1.9517165438368915
1780625789190536000,29.214535888671875,5.627403244414925,7.790043050840497,-1.9539529245868323
1780625789200531000,29.224531005859376,5.614815565520525,7.798729630643129,-1.9555073144219814
1780625789210526200,29.234526123046876,5.6168368422150605,7.797305735319853,-1.955383103520423
1780625789220521200,29.244521240234373,5.638346663233637,7.784284925705194,-1.945330788322538
1780625789230516200,29.25451611328125,5.67440991026163,7.7647279923200605,-1.918449649529159
1780625789240511200,29.26451123046875,5.720523426660895,7.736415505549311,-1.8957531029440462
1780625789250507000,29.274507080078124,5.760840239480138,7.710414802852273,-1.8795275059387087
1780625789260502000,29.284501953125,5.786688966485857,7.693233366426825,-1.8705020495705305
1780625789270497000,29.2944970703125,5.808174822106957,7.676962615105509,-1.8707608466371892
1780625789280492000,29.304491943359373,5.83698473700583,7.655546902111173,-1.8688436148390173
1780625789290487000,29.314487060546874,5.87460047417283,7.629948934996127,-1.8556253829561173
1780625789300482000,29.32448193359375,5.917484507131576,7.601864411762357,-1.8345003234714268
1780625789310477000,29.33447705078125,5.9559308499038215,7.577498032268881,-1.810749883919209
1780625789320472000,29.34447216796875,5.982191080319881,7.56248692561984,-1.7867860938772557
1780625789330467300,29.35446728515625,5.995922084030509,7.555709978830814,-1.7693233562923967
1780625789340462000,29.364462158203125,6.000402444314957,7.55431764768958,-1.7600655524730682
1780625789350458000,29.3744580078125,5.996151216611266,7.557084189793467,-1.762685233452171
1780625789360453000,29.384453125,5.982202770757675,7.565202614319324,-1.7751979474142192
1780625789370448100,29.3944482421875,5.960448619589209,7.578442035120725,-1.7918292026109992
1780625789380443100,29.404443115234375,5.936178101685643,7.593028778877854,-1.8105574300870297
1780625789390438100,29.414438232421876,5.913871577331423,7.60597827682197,-1.8291018254287539
1780625789400433200,29.42443310546875,5.897201597559452,7.614730907598138,-1.8464285155437885
1780625789410428200,29.43442822265625,5.88679827696681,7.619101962289213,-1.8615167790822684
1780625789420423000,29.4444228515625,5.877440081512928,7.622956299629807,-1.875265464580059
1780625789430418000,29.45441796875,5.859702180248498,7.632166026523709,-1.8932389281660318
1780625789440413200,29.4644130859375,5.832353570073843,7.646169417434931,-1.920967477568984
1780625789450409200,29.4744091796875,5.800762500023842,7.662036264130473,-1.9531297716356812
1780625789460404200,29.484404296875,5.766682535767555,7.680681343367695,-1.980628019414097
1780625789470399200,29.494399169921873,5.7252282433509825,7.705079287043214,-2.0059777108564973
1780625789480394200,29.504394287109374,5.672461698803305,7.7359040488958355,-2.036997849150747
1780625789490389000,29.514388916015626,5.609966371923685,7.77133133610785,-2.0748764750376343
1780625789500384000,29.524384033203123,5.540694682776928,7.809467882278561,-2.1173725315921006
1780625789510379000,29.53437890625,5.47144111380875,7.846281655412912,-2.160922042722255
1780625789520374000,29.5443740234375,5.413147914794087,7.8765704106926915,-2.1972363419018683
1780625789530369000,29.554369140625,5.373801408311724,7.8972507951498025,-2.219471554585546
1780625789540364000,29.564364013671874,5.350699349665642,7.909507050132751,-2.2316204036712644
1780625789550360000,29.574360107421874,5.336684852838516,7.91571817973256,-2.2431176569804547
1780625789560355000,29.58435498046875,5.3296437021553515,7.917550071334839,-2.2533723628826436
1780625789570349800,29.594349853515624,5.329178422731161,7.916834032019972,-2.25698850755319
1780625789580344800,29.6043447265625,5.334083145907521,7.914577777525782,-2.253319755912572
1780625789590339800,29.61433984375,5.340659601688385,7.912115771326422,-2.246370375166088
1780625789600334800,29.6243349609375,5.356486700895428,7.903520376938581,-2.2389375948168335
1780625789610330000,29.634330078125,5.388429653123021,7.881398561501502,-2.2402651901587842
1780625789620325000,29.6443251953125,5.4183022288173435,7.855859046575427,-2.257848046991974
1780625789630320000,29.654320068359375,5.411181583157181,7.856702511662244,-2.2719491991892458
1780625789640316000,29.66431591796875,5.347161238667368,7.8997975570231675,-2.274070429126918
1780625789650311000,29.674310791015625,5.250405330267548,7.959292533043026,-2.2920114517480132
1780625789660306000,29.684305908203125,5.171695366168022,7.999591810205579,-2.3303328529663383
1780625789670301000,29.694301025390626,5.147903571692109,8.006233732438087,-2.3600160435684026
1780625789680296000,29.7042958984375,5.1725031754195685,7.989227068057656,-2.363867458299547
1780625789690291000,29.714291015625,5.204669999530911,7.96691294491887,-2.368570959815383
1780625789700286000,29.724285888671876,5.212229036608338,7.952793234151601,-2.3991914312675595
1780625789710281000,29.734281005859376,5.192166491788625,7.951406163707375,-2.4468214897096154
1780625789720276000,29.74427587890625,5.1767918125242,7.946136114349961,-2.4960206971645356
1780625789730271000,29.75427099609375,5.157213836351037,7.945681940841674,-2.5376547300621866
1780625789740267000,29.76426708984375,5.125960035431385,7.95986477997303,-2.5564564611658454
1780625789750262000,29.774261962890623,5.05957529989779,8.002002378478645,-2.557150873170793
1780625789760257000,29.784257080078124,4.922729373171925,8.080076967284082,-2.5786574793189763
1780625789770252000,29.794251953125,4.735591183057427,8.17032948513925,-2.6439178869977593
1780625789780247000,29.8042470703125,4.5089685392946,8.270178683379292,-2.7283202175199985
1780625789790242000,29.814241943359374,4.251043287034332,8.370431786245106,-2.834594480371475
1780625789800237000,29.824237060546874,4.005831970396637,8.455191551902889,-2.938268789857626
1780625789810231800,29.834231689453127,3.840972247585654,8.508739017695188,-3.0031065882101653
1780625789820226800,29.844226806640624,3.789869836857915,8.520739836612343,-3.033850101520121
1780625789830221800,29.854221923828124,3.863137902164459,8.488119423514604,-3.0328780416175722
1780625789840218000,29.864218017578125,4.0291380271822215,8.419107262086868,-3.009159604638815
1780625789850213000,29.874213134765625,4.2454777618616815,8.327004147928953,-2.9677091116145253
1780625789860208000,29.8842080078125,4.4786450049623845,8.222623736000061,-2.915580572709441
1780625789870203100,29.894203125,4.715210658329725,8.110196795737743,-2.8569083112493154
1780625789880198000,29.904197998046875,4.95421932093501,7.988972216513752,-2.7932833958178755
1780625789890193000,29.91419287109375,5.183488679814339,7.861421356877684,-2.738589974860847
1780625789900188000,29.92418798828125,5.380552051615715,7.733624998047947,-2.722336174674332
1780625789910183000,29.934182861328125,5.524737819710373,7.614815078750253,-2.7680834881097076
1780625789920178000,29.944177978515626,5.604396462836862,7.51597418076992,-2.875976876595616
1780625789930173000,29.9541728515625,5.6200750934839245,7.442589211085438,-3.031999505217373
1780625789940169200,29.964169189453123,5.58850857335329,7.390480253663658,-3.212437905432284
1780625789950164000,29.9741640625,5.537384535315632,7.355485512650013,-3.3770720027938483
1780625789960159000,29.984158935546876,5.501983551588654,7.33146867724657,-3.485414304091036
1780625789970154000,29.994154052734373,5.504935971653461,7.303667647129297,-3.538711009992659
1780625789980149000,30.00414892578125,5.550103731635213,7.269058106040954,-3.539428510612249
1780625789990144000,30.01414404296875,5.624773480433225,7.231016252416372,-3.499249060437083
1780625790000139000,30.024138916015627,5.705939020991325,7.196710662710666,-3.438019223448634
1780625790010134000,30.034134033203124,5.767607249397039,7.174817395332455,-3.380396178780496
1780625790020129000,30.04412890625,5.79444323387444,7.168456043606996,-3.347842401178181
1780625790030124000,30.0541240234375,5.795267409738898,7.170875379708409,-3.3412241520822046
1780625790040119800,30.064119873046874,5.791987657415866,7.171655131909251,-3.345236602593958
1780625790050115000,30.074114990234374,5.7914475591897965,7.169056347587704,-3.3517379473119973
1780625790060110000,30.084110107421875,5.792595560181141,7.165254032695293,-3.357874258109927
1780625790070105000,30.09410498046875,5.80208936471343,7.159658404645324,-3.3534272155731912
1780625790080100000,30.10410009765625,5.832828201848268,7.148601588580012,-3.323547041094303
1780625790090095000,30.11409521484375,5.890443355470896,7.130043018582463,-3.2612264862596985
1780625790100090000,30.124090087890625,5.966354628762603,7.10539197692871,-3.175916685503721
1780625790110085000,30.134085205078126,6.0429731735408305,7.077583932548761,-3.0920293187662957
1780625790120080000,30.144079833984375,6.106095107886195,7.046990056842565,-3.037410716611147
1780625790130076000,30.154075927734375,6.151297354659437,7.015111402022838,-3.0199472483739256
1780625790140071000,30.16407080078125,6.175972946232557,6.98776571445763,-3.0329665966838597
1780625790150066000,30.17406591796875,6.182146666431427,6.970165760359167,-3.0607594434946774
1780625790160061000,30.18406103515625,6.168181853964924,6.966938615006208,-3.0960750870257616
1780625790170056200,30.19405615234375,6.1335927711427205,6.971574458113312,-3.1538106521576643
1780625790180051200,30.20405126953125,6.082489775893092,6.9752668828904625,-3.2433529759168622
1780625790190046000,30.2140458984375,6.019405835470557,6.979518695116043,-3.3501465864673254
1780625790200041000,30.224041015625,5.952309736797213,6.989188440737128,-3.4484196214318272
1780625790210036000,30.234035888671876,5.888766946691274,7.006275769138336,-3.522067333705723
1780625790220031000,30.244031005859377,5.8318099647164345,7.0283648513495915,-3.572467149122059
1780625790230027000,30.254027099609374,5.783408629640936,7.049510515230894,-3.6092899823457
1780625790240022000,30.26402197265625,5.755101988089084,7.064464923256636,-3.6252611661985514
1780625790250017000,30.27401708984375,5.7594210203319784,7.073095973479747,-3.601498305556178
1780625790260012000,30.284011962890624,5.792333109852671,7.077130343562364,-3.5402649614363906
1780625790270006800,30.2940068359375,5.832589716917276,7.078489941477775,-3.470768231362104
1780625790280001800,30.304001708984377,5.8661798518300055,7.076360528233647,-3.4181022245794535
1780625790289997000,30.3139970703125,5.8885652866393325,7.0711226275801655,-3.3903406496897337
1780625790299992000,30.323991943359374,5.901808214572072,7.067647060424089,-3.3745275790080425
1780625790309987000,30.333987060546875,5.920869473394752,7.062189964061975,-3.352486135330796
1780625790319982000,30.343982177734375,5.956523555099964,7.047356552067399,-3.3203868234977123
1780625790329978000,30.35397802734375,6.012337796780467,7.022501512274146,-3.272093332710862
1780625790339972900,30.363972900390625,6.088534901276231,6.988883320310712,-3.202437612682581
1780625790349968000,30.3739677734375,6.167770935076475,6.952364146208763,-3.129470576149225
1780625790359963000,30.383962890625,6.229284849703312,6.923717897439003,-3.0705858409821984
1780625790369958000,30.3939580078125,6.266646319848299,6.910252266666292,-3.0245486046895382
1780625790379953000,30.403952880859375,6.289331029865146,6.908574688842892,-2.980984480512142
1780625790389948000,30.413947998046876,6.318030470126867,6.9025313170254226,-2.9339272535219787
1780625790399943000,30.42394287109375,6.366021470835805,6.881145999169349,-2.8799276600480077
1780625790409938200,30.433938232421873,6.431767323943972,6.847739404129982,-2.8126833850756285
1780625790419933200,30.44393310546875,6.50086950174272,6.8132222175002095,-2.736614583134651
1780625790429929000,30.453928955078126,6.563450168818235,6.780606480577588,-2.6673785498231646
1780625790439924000,30.463924072265623,6.615360388797521,6.751186324825882,-2.613214705698192
1780625790449919000,30.4739189453125,6.654066259288787,6.7271297419339415,-2.576737032650411
1780625790459914000,30.4839140625,6.678301705878972,6.709456722599268,-2.560057992789149
1780625790469909000,30.493908935546877,6.695472036388516,6.696320762172341,-2.5495669939130545
1780625790479904000,30.503904052734374,6.721458710560202,6.6849132329732175,-2.5108374502852557
1780625790489899000,30.51389892578125,6.776690768438577,6.665670187842846,-2.4115786191537976
1780625790499894000,30.52389404296875,6.859142841675877,6.627742315986752,-2.2793713120140136
1780625790509888800,30.533888671875,6.947368237617612,6.573858750107884,-2.165380337305367
1780625790519884000,30.543884033203124,7.009985729572176,6.528354305517673,-2.100262406837195
1780625790529880000,30.553880126953125,7.032917107826471,6.511391480278968,-2.0761193147055805
1780625790539875300,30.563875244140625,7.025318323260545,6.520575488209724,-2.0730117040790614
1780625790549870300,30.573870361328126,7.001447618329524,6.544258561614155,-2.0791358860477804
1780625790559865600,30.583865478515627,6.974399452406168,6.56771133339405,-2.096013371090591
1780625790569860400,30.5938603515625,6.954382500293851,6.57850979078412,-2.1284118120007216
1780625790579855400,30.60385546875,6.946219652104378,6.575023702234029,-2.1655155079923567
1780625790589850400,30.613850341796876,6.948204688441753,6.565621083116531,-2.187567911455035
1780625790599845400,30.623845458984373,6.953486428236961,6.558476472058892,-2.192218221478909
1780625790609840400,30.63384033203125,6.961857366219163,6.552127395293116,-2.184618560130149
1780625790619835400,30.64383544921875,6.9794310168325895,6.53628626756072,-2.175979618861526
1780625790629831400,30.65383154296875,7.004656058982015,6.504297138103842,-2.1907240373983976
1780625790639826200,30.663826171875,7.034418160039186,6.458672282004356,-2.2299968941226602
1780625790649821200,30.6738212890625,7.072581594216823,6.407687944698333,-2.2562223454862833
1780625790659816200,30.683816162109373,7.124712763470411,6.356665613469481,-2.2364506003066897
1780625790669811500,30.6938115234375,7.191065934821963,6.296462781441211,-2.193970910365134
1780625790679806500,30.703806396484374,7.2633169320404525,6.217842833712696,-2.180155443241447
1780625790689801500,30.713801513671875,7.329260938069224,6.133943484276533,-2.197050902332365
1780625790699796500,30.72379638671875,7.384524560129642,6.055232935655117,-2.230105615194142
1780625790709791500,30.73379150390625,7.425843827989697,5.97883709371686,-2.2979827812425793
1780625790719786500,30.743786376953125,7.457320916271209,5.904175528225302,-2.3873626079164443
1780625790729782300,30.7537822265625,7.482258373650908,5.8446513261109585,-2.45485106690824
1780625790739777300,30.76377734375,7.477079509708285,5.820675991761684,-2.526549983201921
1780625790749772300,30.773772216796875,7.398492879727482,5.850959486344457,-2.683079684562981
1780625790759767300,30.783767333984375,7.252863927087187,5.920712821528316,-2.9174527963221073
1780625790769762300,30.79376220703125,7.107390457269549,5.969999122744798,-3.1645731614515182
1780625790779757300,30.80375732421875,7.0492235149830575,5.940582474124431,-3.344894365027547
1780625790789752600,30.813752685546874,7.1144929827511305,5.816415996229648,-3.4239950820103284
1780625790799747600,30.82374755859375,7.262432550421357,5.626800602346658,-3.430241575184464
1780625790809742300,30.833742431640626,7.426847452074289,5.412943916654586,-3.4223335785388946
1780625790819737300,30.8437373046875,7.550148837572336,5.222317299902439,-3.4486282957464454
1780625790829733400,30.8537333984375,7.616848045882582,5.086681333488226,-3.504229186937213
1780625790839728400,30.863728271484376,7.6524360766142605,4.994968679952621,-3.5582179667562244
1780625790849723400,30.873723388671873,7.671956769642233,4.928665777483582,-3.608286650522053
1780625790859718400,30.883718505859374,7.663027028733492,4.888531627754867,-3.681125092239678
1780625790869713400,30.89371337890625,7.609389546570181,4.8768584333568805,-3.805766786430776
1780625790879708400,30.90370849609375,7.533744230738281,4.8773576150506734,-3.952782809515297
1780625790889703200,30.913703125,7.481480375015735,4.867609835757315,-4.062537607958912
1780625790899698200,30.9236982421875,7.47054221689403,4.832479485665261,-4.124133940172195
1780625790909693400,30.933693359375,7.48779379594624,4.766083936476707,-4.16986371795088
1780625790919688400,30.9436884765625,7.51047266074419,4.683761627098917,-4.222029666256905
1780625790929684500,30.9536845703125,7.5214236783474675,4.601379404227435,-4.29253352754712
1780625790939679500,30.963679443359375,7.521001069021224,4.526585736788809,-4.372063575857878
1780625790949674200,30.97367431640625,7.518151524809002,4.460538854907453,-4.4442555363655085
1780625790959669200,30.983669189453124,7.510987624529004,4.399329476185143,-4.516782135654986
1780625790969664300,30.993664306640625,7.493707988426089,4.340103380234539,-4.6019837998613715
1780625790979659300,31.0036591796875,7.470384395983815,4.28474857275933,-4.690909160766005
1780625790989654300,31.013654296875,7.451940976798534,4.224145343236625,-4.774469195245206
1780625790999649300,31.023649169921875,7.443738381120562,4.144307544150949,-4.856526131685078
1780625791009644300,31.033644287109375,7.44381670705378,4.053405037954449,-4.93253063621819
1780625791019639300,31.043639404296876,7.446794261559844,3.976625749656558,-4.990201319420337
1780625791029635300,31.05363525390625,7.421733470061421,3.940964945949614,-5.055399475517869
1780625791039630300,31.06363037109375,7.343290632465481,3.951575187291205,-5.160573083651066
1780625791049625300,31.073625244140626,7.228529111775756,3.988294852401316,-5.29266275576055
1780625791059620400,31.083620361328126,7.111116199794411,4.0137218468636275,-5.430698184531927
1780625791069615400,31.093615478515623,7.026686689004301,3.9943095826461907,-5.553515001383423
1780625791079610400,31.1036103515625,6.9957754179120055,3.9143174697816367,-5.648688024505972
1780625791089605400,31.11360546875,7.007935226783156,3.758756613452732,-5.738551835304499
1780625791099600400,31.123600341796877,7.040544533964991,3.635151861093938,-5.7781339041084046
1780625791109595400,31.133595458984374,7.067429033759236,3.502110002826154,-5.827265891546011
1780625791119590400,31.14359033203125,7.083643086457252,3.361775357201695,-5.889897412025928
1780625791129585200,31.153585205078127,7.094639696767926,3.2195304940417406,-5.95576543020904
1780625791139581400,31.16358154296875,7.106261160978675,3.083083795766532,-6.013817806205153
1780625791149576400,31.173576416015624,7.114125318482518,2.964294042474031,-6.064044018620252
1780625791159571500,31.183571533203125,7.097680964159965,2.866868564249575,-6.1297927943378685
1780625791169566500,31.19356640625,7.046433007481694,2.7884944079756737,-6.224342717126011
1780625791179561500,31.2035615234375,6.959360288706422,2.73311037440598,-6.345694137600064
1780625791189556500,31.213556396484375,6.837625421872735,2.704083017364144,-6.488854069778323
1780625791199551200,31.22355126953125,6.683160251826047,2.7023817664042116,-6.648525576296448
1780625791209546200,31.233546142578124,6.493669361105561,2.7266172129943964,-6.8240896484732625
1780625791219541200,31.243541259765625,6.307925255697965,2.755074076671898,-6.9849868973940605
1780625791229536300,31.253536376953125,6.181082252070308,2.7457135431304573,-7.101104508867859
1780625791239532500,31.263532470703126,6.148171331593394,2.6600869315102695,-7.162005260032415
1780625791249527600,31.273527587890626,6.181239488458633,2.4922476083666085,-7.193841829276084
1780625791259522600,31.2835224609375,6.234677064135671,2.279516711834073,-7.218243280082941
1780625791269517300,31.293517333984376,6.266300867411494,2.0810427425824103,-7.25073334479928
1780625791279512300,31.30351220703125,6.250038299396634,1.9281509593322872,-7.306821727246046
1780625791289507300,31.31350732421875,6.1884174172639845,1.805119476816803,-7.390225402119755
1780625791299502300,31.32350244140625,6.098757020083069,1.689581564927101,-7.491386852002144
1780625791309497300,31.333497314453126,6.001043080306053,1.5752251179069279,-7.59450995734632
1780625791319492400,31.343492431640627,5.909459021586179,1.4649965644717216,-7.687811341378092
1780625791329487400,31.3534873046875,5.824752447420359,1.3627961269304156,-7.77080818901658
1780625791339483100,31.363483154296876,5.74768849696219,1.2752268568098544,-7.842718994495272
1780625791349478400,31.373478515625,5.650975258660316,1.2101661364216356,-7.922900784713029
1780625791359473400,31.383473388671874,5.51758268725872,1.1664879574105143,-8.022839414802194
1780625791369468400,31.393468505859374,5.364181347051263,1.133586827675253,-8.130862567147613
1780625791379463400,31.40346337890625,5.222774396020173,1.1004366916149855,-8.226911204060912
1780625791389458400,31.41345849609375,5.119780470013618,1.0575948903627692,-8.296967906105518
1780625791399453400,31.423453369140624,5.070028304851055,0.9998810256060212,-8.334592411100864
1780625791409448400,31.433448486328125,5.066390240609645,0.9326564051821827,-8.344594749677182
1780625791419443500,31.443443359375,5.0865825492888685,0.8690172420296818,-8.339176816281675
1780625791429438500,31.4534384765625,5.1057718184053895,0.8193434028003365,-8.332478779947758
1780625791439434200,31.463434326171875,5.107844533026218,0.7845020257174968,-8.334559093353151
1780625791449429200,31.47342919921875,5.100356223097443,0.759655023100227,-8.34144300764799
1780625791459424300,31.48342431640625,5.092672682857513,0.7340782449036837,-8.348425706142187
1780625791469419500,31.49341943359375,5.090954773023724,0.6944331208009272,-8.352865149894356
1780625791479414500,31.50341455078125,5.091759659665823,0.6335450829874724,-8.357211654666065
1780625791489409500,31.513409423828126,5.0915883947521445,0.5557364881744608,-8.362848783770204
1780625791499404500,31.523404541015626,5.079256736445426,0.46995651262346655,-8.375601882359385
1780625791509399300,31.5333994140625,5.048551217058301,0.3846390400176868,-8.398487667906284
1780625791519394300,31.543394287109376,5.015312379801273,0.3059089647118933,-8.421604924121498
1780625791529389300,31.553389404296876,4.993691499623656,0.24088548932783305,-8.436549979797006
1780625791539385300,31.56338525390625,4.988313898238539,0.19407071105772628,-8.440940323710441
1780625791549379800,31.5733798828125,5.009537888053059,0.16520090093147008,-8.428975160628557
1780625791559374800,31.583374755859374,5.029167886674404,0.1497333192192018,-8.417568215951324
1780625791569369900,31.593369873046875,5.0297050622910255,0.14600411522877402,-8.41731336440742
1780625791579364900,31.60336474609375,5.06703438373208,0.16560179161624983,-8.394528116625548
1780625791589359900,31.61335986328125,5.063931157019734,0.232103011402674,-8.394824469223618
1780625791599355000,31.62335498046875,4.948258951225877,0.35777430436983704,-8.459145842486619
1780625791609350000,31.633349853515625,4.772222000840306,0.5198776776773855,-8.551377551460266
1780625791619345000,31.643344970703126,4.605101639620959,0.673696987568587,-8.631891934633254
1780625791629340000,31.65333984375,4.49724624505788,0.7896109662290662,-8.67880799958706
1780625791639336000,31.6633359375,4.4551349500373005,0.8593871708318591,-8.693881650078296
1780625791649331000,31.6733310546875,4.522252091498673,0.8772356197986751,-8.657373581892251
1780625791659326000,31.683325927734376,4.72077822932899,0.8429855596724897,-8.554182087486982
1780625791669320700,31.69332080078125,5.003910111299157,0.775786512081325,-8.398181962957977
1780625791679315700,31.703315673828126,5.303707296866178,0.6900947262704372,-8.219785297703742
1780625791689310700,31.713310791015626,5.570365013897419,0.5954531796760857,-8.0490289180696
1780625791699305700,31.7233056640625,5.782164767059683,0.5139675403181463,-7.903975134968757
1780625791709300700,31.73330078125,5.928136834049225,0.4793167173713445,-7.797295213925838
1780625791719296000,31.7432958984375,6.024952363681793,0.4903311921322718,-7.722042112281918
1780625791729291000,31.753291015625,6.096096860963105,0.5322908767877146,-7.66319887816906
1780625791739286800,31.763286865234374,6.152210962373018,0.5889640368524939,-7.6140499395966525
1780625791749281800,31.77328173828125,6.2039265365630385,0.6504239562697708,-7.56694507407248
1780625791759276800,31.78327685546875,6.258868671584129,0.7151836478848009,-7.515684842434525
1780625791769271800,31.793271728515624,6.313243820372223,0.7844106941722333,-7.463114697241783
1780625791779266800,31.803266845703124,6.362007559019327,0.8582126471597701,-7.41341747713685
1780625791789261800,31.81326171875,6.402910062772035,0.9414622274503112,-7.367957456210255
1780625791799256800,31.8232568359375,6.433678710523247,1.0362504159737378,-7.328328041133284
1780625791809251800,31.833251953125,6.452178243809938,1.1423036564856768,-7.296229021561145
1780625791819246800,31.843246826171875,6.459696364355087,1.2594215310432015,-7.270252284261584
1780625791829241900,31.853241943359375,6.462238450053333,1.3836083210736512,-7.24538029333353
1780625791839236900,31.86323681640625,6.468712614503502,1.509105170789361,-7.214482466244697
1780625791849233000,31.87323291015625,6.485793513163924,1.6290104841083288,-7.172951016938686
1780625791859228000,31.883227783203125,6.514554912745952,1.7403990212336182,-7.120534601002931
1780625791869223000,31.893222900390626,6.553899665662646,1.8470783577546477,-7.057271212360263
1780625791879218000,31.903218017578126,6.600333500057459,1.9559120958305893,-6.98429774608612
1780625791889213000,31.913212890625,6.643488751173019,2.0738563382096586,-6.90895170546174
1780625791899208000,31.9232080078125,6.677664577019215,2.2009121078051623,-6.83631024762094
1780625791909202700,31.93320263671875,6.711486182600259,2.3303889670677482,-6.759855953493714
1780625791919197700,31.94319775390625,6.7486021535515786,2.4540298136532304,-6.678657679709792
1780625791929192700,31.953192626953125,6.7868304696589705,2.5723890665739773,-6.594859452560543
1780625791939187700,31.963187744140626,6.822176508328318,2.690750657582283,-6.5106181578189135
1780625791949184000,31.97318408203125,6.85466131234765,2.8093828822255134,-6.425833842241763
1780625791959179000,31.983178955078124,6.888480579841136,2.925925733374059,-6.337049643373489
1780625791969174000,31.993174072265624,6.928411608213186,3.0405571979433295,-6.238786837542056
1780625791979168800,32.00316870117187,6.975269220978022,3.1531606638163328,-6.129730250495672
1780625791989163800,32.013163818359374,7.028980352899432,3.264616420958936,-6.008834172573685
1780625791999158800,32.02315869140625,7.0859975406289095,3.3752143922284246,-5.879363158529997
1780625792009153800,32.03315380859375,7.143002453398704,3.485907056044042,-5.744243324944376
1780625792019148800,32.04314868164062,7.1983531692206855,3.602284487497806,-5.601577898284792
1780625792029143800,32.053143798828124,7.246544076415896,3.734911335223913,-5.4505415336430065
1780625792039138800,32.063138916015625,7.28167384198606,3.8758766799673436,-5.303318005287647
1780625792049134800,32.073134765625,7.3067813952356575,4.026139429888129,-5.1547617670238015
1780625792059129900,32.0831298828125,7.335020232248306,4.169649198417365,-4.998189395564794
1780625792069124900,32.09312475585938,7.374484227630496,4.292372199505567,-4.833526072108746
1780625792079120000,32.10311987304687,7.423381237268448,4.393099057362973,-4.665237836153805
1780625792089115000,32.11311499023437,7.473771700334549,4.479313405743241,-4.499876593561471
1780625792099110000,32.12310986328125,7.507501535978913,4.567831354890764,-4.352322810338437
1780625792109105000,32.13310498046875,7.517306890678405,4.669980354505777,-4.22513406201303
1780625792119100000,32.14309985351562,7.512149069523811,4.771914542326331,-4.119077241304517
1780625792129095000,32.15309497070312,7.507946357136964,4.837647243691981,-4.049484649640322
1780625792139090000,32.16308984375,7.531095762056112,4.843356853510439,-3.9993580982074137
1780625792149085700,32.173085693359376,7.578181922879815,4.811230945931375,-3.9488773265093564
1780625792159081000,32.1830810546875,7.607110495722293,4.782981003002822,-3.9275148050069806
1780625792169076000,32.19307592773438,7.5826804033428425,4.787130816158652,-3.9694761701628565
1780625792179071000,32.20307104492188,7.49603555459082,4.831097968178987,-4.079256687569618
1780625792189066000,32.21306591796875,7.349474874058365,4.910881698989868,-4.247219344832003
1780625792199061000,32.22306103515625,7.155122514781356,5.008496854567528,-4.45977050088346
1780625792209056000,32.23305590820313,6.946205039057135,5.096709975549579,-4.684464514671266
1780625792219051000,32.24305102539063,6.768934747484326,5.159320453241468,-4.871683076545596
1780625792229045800,32.253045654296876,6.663028733423352,5.1934980326533315,-4.980160402399301
1780625792239040800,32.26304077148438,6.646070584359765,5.201814025577902,-4.994123461300134
1780625792249036800,32.273036865234374,6.703252607262134,5.18346705250442,-4.936445179313421
1780625792259031800,32.28303173828125,6.794775291183591,5.137379255068302,-4.858886138814688
1780625792269026800,32.29302685546875,6.8776575725316995,5.080079158744216,-4.802187807776034
1780625792279022000,32.30302197265625,6.917037981283665,5.046614111515879,-4.780861526630819
1780625792289017000,32.31301708984375,6.903630218178034,5.0517824540644884,-4.794765256559849
1780625792299011800,32.32301171875,6.86376290269196,5.0757203790128225,-4.826621115025878
1780625792309006800,32.3330068359375,6.829751912018656,5.098029241454601,-4.851281509029865
1780625792319001900,32.343001953125,6.811801244786381,5.110230551379919,-4.863674834395945
1780625792328996900,32.352996826171875,6.807606131184101,5.111345234623551,-4.868370883257687
1780625792338991900,32.362991943359376,6.817036222830414,5.103243761232495,-4.863674834395945
1780625792348987000,32.37298681640625,6.836293296486139,5.088832374042272,-4.851730714102089
1780625792358983000,32.38298291015625,6.858869869953393,5.073121010169387,-4.836299336214363
1780625792368977700,32.39297778320312,6.883075505927205,5.0590702729851005,-4.8165763986125585
1780625792378972700,32.40297265625,6.909659561470151,5.0455783387273545,-4.7926124624401325
1780625792388967700,32.4129677734375,6.936612450325488,5.032331319141387,-4.767537934677303
1780625792398963000,32.422962890625,6.957644132438301,5.021342892137169,-4.7484360515832895
1780625792408958000,32.4329580078125,6.962001158604026,5.019292973870039,-4.744214342235028
1780625792418953000,32.44295288085937,6.950851403558254,5.027967278712987,-4.7513826264292
1780625792428948000,32.452947998046874,6.9354901682972905,5.038242589011788,-4.762928979577124
1780625792438943000,32.46294287109375,6.924610462364554,5.045577754205465,-4.77098339895606
1780625792448938000,32.47293798828125,6.920573754194378,5.052721196219324,-4.769283609300851
1780625792458933800,32.48293383789063,6.9175628819406025,5.059333892357349,-4.766641862620413
1780625792468928800,32.4929287109375,6.909300665029883,5.0634839977741235,-4.77420995978713
1780625792478923800,32.502923828125,6.8935308489680285,5.066988791024684,-4.7932510526046155
1780625792488918800,32.51291870117188,6.871683174297213,5.070188463848829,-4.8211555430963635
1780625792498913800,32.52291381835938,6.850900498509406,5.070815071314573,-4.849992638263106
1780625792508909000,32.53290893554688,6.839634423607587,5.067903567782044,-4.868899875567853
1780625792518904000,32.54290405273437,6.841864374616741,5.0602697119027376,-4.873704353240132
1780625792528899000,32.55289916992187,6.855117239421606,5.047875509753823,-4.867925477577746
1780625792538893800,32.56289379882813,6.872295753237605,5.030599965304136,-4.861581953769922
1780625792548888800,32.57288891601563,6.889506415757537,5.008592716157436,-4.859947630566358
1780625792558884900,32.582884765625,6.9066954509675496,4.984679341128468,-4.860138769224286
1780625792568879900,32.5928798828125,6.924415816575288,4.961918643265962,-4.85820926246643
1780625792578875000,32.602875,6.940400736692547,4.943970314121246,-4.853699676087499
1780625792588870000,32.612869873046876,6.948525006437301,4.931219553619623,-4.855047291304171
1780625792598865000,32.622864990234376,6.949075626057386,4.923265379744768,-4.8623196203947066
1780625792608860000,32.63285986328125,6.94518972453475,4.918406833797693,-4.872778178305924
1780625792618855000,32.64285498046875,6.940868938726187,4.91348866661787,-4.883889354906976
1780625792628850000,32.652849853515626,6.941510159239172,4.906507721689343,-4.889988548564911
1780625792638845000,32.66284497070313,6.948486427992582,4.897767658133804,-4.888843470183015
1780625792648840000,32.67283984375,6.9599284439831965,4.890313542735576,-4.880017189648747
1780625792658836000,32.6828359375,6.971282197168469,4.8877302482441065,-4.8663832165718075
1780625792668831000,32.6928310546875,6.977687972557544,4.889604809944331,-4.855313541024923
1780625792678825700,32.70282568359375,6.977891970697045,4.8913455161318184,-4.853262453714013
1780625792688820700,32.71282080078125,6.974593513673543,4.891314536471665,-4.8580353672042484
1780625792698815700,32.72281567382812,6.969703403544425,4.893257779493927,-4.8630879744187
1780625792708810800,32.73281079101562,6.964862393254041,4.8969975505441425,-4.8662622205406425
1780625792718806000,32.742805908203124,6.961088135412335,4.898750823952257,-4.869899407999217
1780625792728801000,32.752801025390625,6.956392671072483,4.8985696221664545,-4.8767774770751595
1780625792738796000,32.762796142578125,6.948488766080141,4.899609194347262,-4.886993750663102
1780625792748791000,32.772791015625,6.937996013638377,4.902328097917139,-4.8991637886673205
1780625792758786000,32.7827861328125,6.92998981731534,4.905533323699236,-4.907274029886723
1780625792768781800,32.79278173828125,6.927181189635395,4.907605453798174,-4.909168465331197
1780625792778776800,32.80277685546875,6.9293585336744785,4.908016372686625,-4.905689391043782
1780625792788771800,32.81277172851563,6.932891383975744,4.909322779110074,-4.899386783768237
1780625792798766800,32.82276684570313,6.936779623585939,4.91044798374772,-4.8927436924919485
1780625792808761900,32.83276196289062,6.945512380617856,4.907937462231517,-4.882870825514197
1780625792818756900,32.8427568359375,6.954557856860757,4.905160398733615,-4.872774086652695
1780625792828752000,32.852751953125,6.957402724897861,4.90569348269701,-4.8681692232057445
1780625792838747100,32.8627470703125,6.95410485239625,4.9088849722146985,-4.869667645069956
1780625792848742000,32.87274194335937,6.949621569502353,4.910474871754646,-4.874459263260662
1780625792858737000,32.88273681640625,6.948330945169925,4.908346043032408,-4.878448040635884
1780625792868733000,32.89273291015625,6.950845558339357,4.903727151060104,-4.8795033949077125
1780625792878728000,32.90272802734375,6.956832231533527,4.894516839644313,-4.88022615622431
1780625792888723000,32.91272290039063,6.96581457941234,4.878992815037072,-4.882952074056863
1780625792898718000,32.92271801757813,6.97476711667478,4.860641165788471,-4.888472298783063
1780625792908713000,32.932712890625,6.977347780817746,4.844218731036782,-4.901079851421714
1780625792918708000,32.9427080078125,6.972393373280763,4.831949032050371,-4.9202030695647
1780625792928702700,32.95270263671875,6.967090590697526,4.819925709040462,-4.939470080092549
1780625792938697700,32.96269775390625,6.9682643106520175,4.801072247749567,-4.956147658649087
1780625792948692700,32.972692626953126,6.973909038540721,4.775073883140087,-4.973298115414381
1780625792958688000,32.98268798828125,6.9779410705357785,4.747370760439336,-4.994115277993679
1780625792968684000,32.99268408203125,6.975498353558779,4.7237189589560025,-5.019893277850747
1780625792978679000,33.002678955078125,6.9691989611536265,4.70372217284888,-5.047342425790429
1780625792988674000,33.012674072265625,6.962019278782606,4.683932015229761,-5.075578340193629
1780625792998668800,33.022668701171874,6.955117828831076,4.661959545135498,-5.105181451296806
1780625793008663800,33.032663818359374,6.949171487647295,4.63242336178869,-5.140047597494721
1780625793018658800,33.042658935546875,6.93981796836853,4.594420671130717,-5.186575539913774
1780625793028653800,33.05265380859375,6.922851051476598,4.549687503173947,-5.248322678774595
1780625793038648800,33.06264892578125,6.90016751050353,4.4949116646304725,-5.3248301643937825
1780625793048643800,33.072643798828125,6.86922701331675,4.43410706731677,-5.415056963285804
1780625793058638800,33.082638916015625,6.829975199380517,4.37256275755167,-5.513845838817954
1780625793068635000,33.092634765625,6.782533649247885,4.314744774833321,-5.616990571472049
1780625793078630000,33.1026298828125,6.729775288006663,4.261051178568601,-5.720483679172396
1780625793088625000,33.112625,6.6793216965764755,4.209236527918279,-5.817160092595219
1780625793098620000,33.12261987304687,6.636857350334525,4.157513062682748,-5.902340129491686
1780625793108615000,33.13261499023437,6.596743366611004,4.106038311511278,-5.982794306910038
1780625793118610000,33.14260986328125,6.555275630190968,4.059348456528783,-6.05974135299027
1780625793128605000,33.15260498046875,6.528008268558978,4.021553563402593,-6.114132868391275
1780625793138600000,33.16259985351562,6.520410068514943,3.9810263227030633,-6.148668175199628
1780625793148595000,33.17259497070312,6.520107286176085,3.9313013378083705,-6.180893451499939
1780625793158590000,33.18258984375,6.513631952682137,3.8792560932725664,-6.220479611957073
1780625793168584700,33.19258471679687,6.495717525807023,3.8342911623865366,-6.2669151999175545
1780625793178581000,33.2025810546875,6.478021710118651,3.803470784448087,-6.303904914140701
1780625793188576000,33.21257592773438,6.476123183020949,3.786396607789397,-6.3161202525913716
1780625793198571000,33.22257104492188,6.4930678880810735,3.781550044541061,-6.301614757376909
1780625793208566000,33.23256591796875,6.508275978606939,3.7871602856382727,-6.282529533156752
1780625793218561000,33.24256103515625,6.493589866128564,3.802821965150535,-6.28825960124135
1780625793228556000,33.25255615234375,6.433700922355055,3.8246187864169476,-6.3364136835575104
1780625793238550800,33.26255078125,6.343839449644088,3.8407325936108827,-6.416760308948159
1780625793248545800,33.2725458984375,6.246929811987281,3.8475434426695108,-6.5071227169185875
1780625793258540800,33.28254077148438,6.17686141950488,3.8437338212534784,-6.575902823156118
1780625793268535800,33.29253588867188,6.147154848027229,3.8284681553214788,-6.612541239723563
1780625793278530800,33.30253076171875,6.159398828050493,3.808171801745891,-6.612871494591236
1780625793288527000,33.312527099609376,6.204761233821511,3.786181795994937,-6.583022299772501
1780625793298522000,33.32252221679688,6.26144056789875,3.763113931879401,-6.542453558018803
1780625793308516900,33.332516845703125,6.308945246395468,3.7448175199493763,-6.507220332074165
1780625793318511900,33.342511962890626,6.345009077945352,3.7392321210324764,-6.475288485762476
1780625793328507000,33.3525068359375,6.368499259126186,3.745836633864045,-6.448360146826506
1780625793338502000,33.362501953125,6.38803807233274,3.756600896723568,-6.422718340569734
1780625793348497000,33.372496826171876,6.414608683872222,3.7656507568806408,-6.390856052362919
1780625793358492000,33.382491943359376,6.450321217766404,3.7698324264794585,-6.352329045569896
1780625793368487000,33.39248681640625,6.487785563763976,3.7687528145492073,-6.314708047705889
1780625793378482000,33.40248193359375,6.5196133651793,3.7673379793152213,-6.282689692154526
1780625793388477700,33.41247778320312,6.539052225142717,3.768888423627615,-6.261521231919526
1780625793398473000,33.42247290039062,6.538247923022508,3.774561500827968,-6.258944659429789
1780625793408468000,33.432468017578124,6.511767327854037,3.7849659904643893,-6.280231193086505
1780625793418463000,33.442462890625,6.461858510825038,3.798851015692949,-6.3232502506017685
1780625793428458000,33.4524580078125,6.396116749370098,3.8140763496145604,-6.380663744172454
1780625793438453000,33.462452880859374,6.321477980232238,3.8281291326254605,-6.446297369077802
1780625793448448000,33.472447998046874,6.251806478112935,3.8340406947568058,-6.510411237069964
1780625793458443000,33.482443115234375,6.205486040964722,3.8227149986222386,-6.561189238148927
1780625793468438000,33.49243798828125,6.192228499984741,3.792245333817601,-6.591326017737388
1780625793478432800,33.502432861328124,6.2035775769948955,3.7498385629817843,-6.604902123147249
1780625793488428800,33.5124287109375,6.210194949308037,3.7182524613678454,-6.616527094489336
1780625793498423800,33.522423828125,6.199584123444557,3.713997142010927,-6.628861090883612
1780625793508418800,33.53241870117188,6.184969322636723,3.719174252387881,-6.639597588953375
1780625793518414000,33.5424140625,6.185830323380231,3.708549397999048,-6.64473553636372
1780625793528409000,33.5524091796875,6.198222771963477,3.6826328664541244,-6.647601447188854
1780625793538404000,33.56240405273437,6.205392517462372,3.65389163287729,-6.65676558137536
1780625793548399400,33.5723994140625,6.202663969281315,3.627949090108275,-6.673484076464176
1780625793558394400,33.58239428710937,6.198463010460138,3.5998081605121492,-6.692595604169369
1780625793568389400,33.592389404296874,6.195749075326323,3.5669127298653125,-6.712694389346241
1780625793578384400,33.60238427734375,6.191430627605318,3.53598596894294,-6.7330041869252915
1780625793588380400,33.61238037109375,6.184157421731949,3.51869756501168,-6.748727241235971
1780625793598375400,33.62237548828125,6.173783327233791,3.5134742774054404,-6.760939657077193
1780625793608370400,33.63237036132813,6.162142573800683,3.513486552365124,-6.771542299634218
1780625793618365200,33.642365234375,6.153668175444007,3.5156659422308203,-6.778111741152405
1780625793628360200,33.65236010742188,6.143246734672784,3.5187072096228595,-6.785985251006483
1780625793638355200,33.66235522460938,6.125316525706649,3.5217829638063907,-6.800583685201406
1780625793648350500,33.6723505859375,6.105922673928737,3.524846150769293,-6.8164160451054565
1780625793658345500,33.68234545898437,6.091736912187933,3.5290330810651183,-6.826934516510367
1780625793668340500,33.69234057617187,6.0856064466089,3.5353190294668075,-6.82914810090661
1780625793678335500,33.70233544921875,6.087727092024684,3.541420853473246,-6.824100754389167
1780625793688330500,33.71233056640625,6.106614747846126,3.5406247346594926,-6.807616652578115
1780625793698326300,33.722326171875,6.1368871365129944,3.532229831279814,-6.784712162330746
1780625793708321300,33.7323212890625,6.145449213153124,3.527746840646863,-6.779293059891462
1780625793718316300,33.74231640625,6.12497750301063,3.5269808247104284,-6.798192406150698
1780625793728311300,33.752311279296876,6.084184304851293,3.5237960571944713,-6.836369868853688
1780625793738306300,33.76230639648438,6.042520753598213,3.5225025102525946,-6.873887406343221
1780625793748301300,33.77230126953125,6.016229543522,3.5285716010332107,-6.89380791234374
1780625793758296300,33.78229638671875,6.007541794675588,3.5328161067351695,-6.899205387473106
1780625793768291600,33.79229150390625,6.0057104875952,3.5328853725790976,-6.900767814484238
1780625793778286300,33.80228637695313,6.0108753230124705,3.534809034118056,-6.895278569418191
1780625793788281300,33.81228125,6.020747313207387,3.5360727704435586,-6.886016235554218
1780625793798276400,33.8222763671875,6.034695174539089,3.528667170362174,-6.877595613211393
1780625793808272400,33.8322724609375,6.053265434974431,3.519579608543217,-6.865928556293249
1780625793818267400,33.842267333984374,6.061627020606398,3.516626019434631,-6.860057033911347
1780625793828262400,33.852262451171875,6.0436149785757065,3.5209769081205127,-6.87370269742608
1780625793838257400,33.86225732421875,6.026576165491342,3.530516597621143,-6.883766995322704
1780625793848252400,33.87225244140625,6.024197161400318,3.5380420246899127,-6.881980111905932
1780625793858247200,33.8822470703125,6.033300505310296,3.5364190996631977,-6.8748419305890796
1780625793868242200,33.8922421875,6.043242638131976,3.5228424097314477,-6.873079012569785
1780625793878237400,33.902237548828126,6.05207534840703,3.5048937883257865,-6.8744830341488115
1780625793888232400,33.912232421875,6.061001582184433,3.49035906701684,-6.874011909505724
1780625793898227500,33.9222275390625,6.065645024076104,3.4796643622621892,-6.875336436107754
1780625793908223500,33.93222338867187,6.062288699385523,3.4720641163915396,-6.882135010206699
1780625793918218500,33.94221850585937,6.051051266056299,3.4675632978409525,-6.894283128640056
1780625793928213200,33.95221313476563,6.036705929839611,3.4649244737699627,-6.908173706826568
1780625793938208300,33.96220825195312,6.024556642362475,3.463388350243866,-6.9195379814058535
1780625793948203300,33.97220336914062,6.014710371130705,3.461630400660634,-6.928978009924292
1780625793958198300,33.9821982421875,6.008197043713927,3.458209486301243,-6.936335971471667
1780625793968193300,33.992193359375,6.006856735020875,3.451451536473632,-6.940858417332172
1780625793978188300,34.00218823242187,6.010702889055013,3.4413881153598425,-6.942528980892896
1780625793988183300,34.01218334960937,6.015191432645916,3.430088722710311,-6.944227601504325
1780625793998178600,34.02217846679687,6.013887364310026,3.4223818015947938,-6.94916271981895
1780625794008174300,34.03217431640625,6.00541179690957,3.4193601156860587,-6.957973218262195
1780625794018169300,34.04216943359375,5.992019815894961,3.4164345836281775,-6.970943174472451
1780625794028164400,34.05216430664063,5.979874620071053,3.4079639846637844,-6.985507121875882
1780625794038159400,34.06215942382813,5.973554184877872,3.396298681311309,-6.996589656904339
1780625794048154400,34.072154296875,5.972668634214997,3.3865190455749627,-7.002078901970386
1780625794058149400,34.0821494140625,5.972112753897905,3.3792850026682015,-7.006048974645138
1780625794068144400,34.09214428710938,5.970960076731443,3.373766239246726,-7.009687623408436
1780625794078139400,34.10213940429688,5.971582592543959,3.369140917533636,-7.011382152366638
1780625794088134400,34.11213452148438,5.973881517136096,3.363377823962271,-7.012191130661964
1780625794098129200,34.12212915039063,5.97751256711483,3.356383727291226,-7.012449489337206
1780625794108124200,34.13212426757813,5.985470248121023,3.349522609350085,-7.0089400199115275
1780625794118120400,34.142120361328125,5.9960869192034005,3.3426743508905172,-7.003130456849933
1780625794128115500,34.152115478515626,6.005481939536333,3.335549905838072,-6.9984788316518065
1780625794138110500,34.1621103515625,6.013362463653087,3.331236718814075,-6.993764662611484
1780625794148105500,34.17210546875,6.017877310729027,3.3300764428630467,-6.990431134274601
1780625794158100500,34.1821005859375,6.017931671264767,3.330671486146748,-6.99009912584126
1780625794168095200,34.19209521484375,6.014656010594964,3.33121772185266,-6.992661085283756
1780625794178090200,34.20209033203125,6.009248598593473,3.330859117673337,-6.997479883742332
1780625794188085200,34.212085205078125,6.004081425088644,3.3287586382627485,-7.002908923053741
1780625794198080300,34.222080322265626,6.000559096181393,3.3238927857920526,-7.008241516253352
1780625794208075300,34.2320751953125,5.994274316823482,3.3225039617821572,-7.014276120242476
1780625794218070300,34.2420703125,5.981748012727499,3.328586204305291,-7.022077149382233
1780625794228066600,34.252066650390624,5.961893557700514,3.3368688794821497,-7.035019048541784
1780625794238061300,34.26206127929687,5.936632859715819,3.344964799915254,-7.052519049397111
1780625794248056300,34.27205639648437,5.907913545709848,3.3528362639427183,-7.072862749245762
1780625794258051300,34.28205126953125,5.8705655195683235,3.3643706343919035,-7.098440842616558
1780625794268046300,34.29204638671875,5.819734326997399,3.381836440716684,-7.131919918370246
1780625794278041300,34.30204125976562,5.76070346135795,3.3958243417978284,-7.173077858188748
1780625794288036400,34.312036376953124,5.706217837932706,3.3996529601752754,-7.214695816734433
1780625794298031400,34.32203125,5.6603013054102655,3.395452293615043,-7.252744100099801
1780625794308026400,34.3320263671875,5.605008457255363,3.3981428478732703,-7.294307698109746
1780625794318021400,34.342021484375,5.528315093675255,3.439423245027661,-7.333380063825845
1780625794328017400,34.35201733398438,5.452376347854734,3.5254292113542554,-7.349376089859009
1780625794338012400,34.36201245117188,5.379816723078489,3.6284576241523023,-7.352706111064553
1780625794348007400,34.37200732421875,5.311092146420479,3.7283383865743875,-7.352699681323767
1780625794358002400,34.38200244140625,5.263472317111492,3.8204301025554535,-7.3396549063116305
1780625794367997400,34.39199755859375,5.237810052588582,3.9014071348041295,-7.315376205101609
1780625794377992400,34.40199243164062,5.22498155067563,3.965281056560576,-7.290165191477537
1780625794387987500,34.41198754882812,5.219973367124796,4.002144221794605,-7.273589904251694
1780625794397982500,34.421982421875,5.220390715754032,4.003464656743407,-7.2725658219009635
1780625794407977200,34.43197729492187,5.224613301885127,3.9707276315286752,-7.287466453912854
1780625794417972200,34.44197216796875,5.20592087637484,3.935996509887278,-7.319614573323726
1780625794427968300,34.45196826171875,5.147968453621864,3.9208921719968317,-7.368541978099942
1780625794437963500,34.46196362304688,5.052049580568075,3.9279143257185813,-7.430926830342411
1780625794447958500,34.47195849609375,4.945803374767303,3.957230728834867,-7.48663761164844
1780625794457953500,34.48195361328125,4.836624914906919,4.008980497555434,-7.530307242026924
1780625794467948500,34.49194848632813,4.708184412954747,4.078625696189701,-7.57418087054491
1780625794477943300,34.501943359375,4.568103742091357,4.150281357863546,-7.620890014749765
1780625794487938300,34.511938232421876,4.454963977384567,4.217532647098601,-7.65088884717226
1780625794497933300,34.52193334960938,4.388081813722849,4.280634123177826,-7.654495931753516
1780625794507928300,34.53192822265625,4.359520612888038,4.340765935796499,-7.636932802534103
1780625794517923300,34.54192333984375,4.35643842896372,4.382015937812626,-7.615102078998088
1780625794527918300,34.55191845703125,4.344878631812334,4.350357063223421,-7.639819756147265
1780625794537914400,34.561914306640624,4.324866648136079,4.2238261942848565,-7.7217346537679425
1780625794547909400,34.571909423828124,4.4104365611329674,4.113542403531074,-7.732865119591355
1780625794557904400,34.581904296875,4.565808032369613,4.06444431836307,-7.668379495677351
1780625794567899400,34.5918994140625,4.659597784440219,4.050805376850068,-7.619023636355996
1780625794577894400,34.601894287109374,4.690936048772931,4.055490612056851,-7.597271823275089
1780625794587889400,34.611889404296875,4.717921670854091,4.072699813272059,-7.57130911450088
1780625794597884400,34.621884521484375,4.761534602609276,4.096090625731647,-7.531282809060811
1780625794607879700,34.631879638671876,4.804484102019667,4.106205484771729,-7.4984268336415285
1780625794617874700,34.64187475585938,4.83263087683469,4.075802455462515,-7.4969292885601515
1780625794627869700,34.65186962890625,4.85607488078624,3.9927638145089146,-7.526402051281929
1780625794637864700,34.66186474609375,4.903062549671531,3.861111949294805,-7.564535674843191
1780625794647860500,34.67186059570312,4.9787604724735015,3.6891394718691704,-7.600828054451942
1780625794657855500,34.68185546875,5.061483179345727,3.486493916021287,-7.641735818901657
1780625794667850500,34.6918505859375,5.139185427707433,3.264028391937911,-7.687993712207675
1780625794677845500,34.70184545898437,5.218005866444111,3.0320579574063418,-7.7297724142730235
1780625794687840500,34.71184057617187,5.3044999085485935,2.7940312915757297,-7.760545738199353
1780625794697835500,34.72183544921875,5.3839960545897485,2.547240596792102,-7.790668489262461
1780625794707830500,34.73183056640625,5.416232436805963,2.30296056965515,-7.844179130175709
1780625794717825500,34.74182543945312,5.443697951358557,2.0812531704626975,-7.887008802598714
1780625794727820500,34.751820556640624,5.482755119505525,1.8903769628636538,-7.907985539653897
1780625794737815600,34.761815673828124,5.511536977353692,1.7264385926812886,-7.925451053717732
1780625794747811600,34.7718115234375,5.533129800480604,1.587120430622995,-7.939515234905481
1780625794757806600,34.781806640625,5.550165690955519,1.4752664679430425,-7.949191410267352
1780625794767801600,34.79180151367188,5.570104317134619,1.3814827072218059,-7.952098237624764
1780625794777796600,34.80179663085938,5.587917037200928,1.2970993736609815,-7.953810302239656
1780625794787791600,34.81179150390625,5.606061765700578,1.2273491072170435,-7.952111681628227
1780625794797786400,34.82178637695313,5.63127453289032,1.1753883260942994,-7.942140907233953
1780625794807781400,34.83178149414063,5.653524358621239,1.1368841887202112,-7.931931647908687
1780625794817776400,34.8417763671875,5.645526345604658,1.1029936095561832,-7.94240861825943
1780625794827771400,34.851771484375,5.567443573492765,1.0672571102645247,-8.00218241122067
1780625794837766700,34.8617666015625,5.492576256296038,1.0478633315518497,-8.056300370377302
1780625794847761700,34.87176171875,5.612142546918988,1.051661481725797,-7.972970929783582
1780625794857757700,34.8817578125,5.734778746506572,1.061380327185616,-7.88392135797739
1780625794867752400,34.89175244140625,5.844774660229683,1.0689922634940594,-7.801683219751715
1780625794877747500,34.90174755859375,5.9440001736134285,1.07244846836254,-7.725874822312593
1780625794887742500,34.911742431640626,6.027486850595474,1.0729131632648408,-7.660854360869527
1780625794897737500,34.921737548828126,6.11402999253869,1.055706373202428,-7.594373763746023
1780625794907732500,34.931732421875,6.197497964820266,1.018604796102643,-7.531524216601252
1780625794917727500,34.9417275390625,6.2602756157726045,0.9855739755731076,-7.483845935103297
1780625794927722500,34.951722412109376,6.316835707384348,0.9591174188673496,-7.4396303612798445
1780625794937717500,34.96171752929688,6.366015041095018,0.9307611660201102,-7.4012097374707455
1780625794947712500,34.97171240234375,6.38760844874382,0.898360825413838,-7.38659785927236
1780625794957708500,34.98170849609375,6.38546266888678,0.8644066064290702,-7.3925021148800845
1780625794967703600,34.99170361328125,6.36720454314053,0.82940770069696,-7.412229144135117
1780625794977698600,35.001698486328124,6.349481839445233,0.802076041657105,-7.430419465342164
1780625794987693600,35.011693603515624,6.3433805999606845,0.7939720840480178,-7.436499662038684
1780625794997688600,35.0216884765625,6.33253421177566,0.8120189051311463,-7.443792741656303
1780625795007683600,35.03168359375,6.285047068935632,0.849858514181897,-7.479728562912345
1780625795017678600,35.0416787109375,6.198975051635504,0.8905237751126289,-7.546530062553286
1780625795027673600,35.051673583984375,6.126693074756861,0.9360353800959884,-7.599861255246401
1780625795037668400,35.06166845703125,6.123419752174615,0.9859233735326677,-7.59618695064783
1780625795047663400,35.071663330078124,6.169770584461093,1.0251612320087848,-7.553364292487502
1780625795057658400,35.081658447265625,6.220248725810647,1.0415034411311148,-7.509602892172336
1780625795067654700,35.09165454101562,6.272768602120876,1.0456014510344713,-7.465219560566544
1780625795077649700,35.10164965820312,6.344126449891925,1.0407580295912922,-7.405354582190514
1780625795087644700,35.11164477539062,6.438300525104999,1.0191098230153322,-7.326667998966574
1780625795097639700,35.1216396484375,6.54533115928173,0.9908803383529186,-7.235132455563545
1780625795107634400,35.13163452148437,6.645857818391919,0.9689770610373467,-7.145908111712336
1780625795117629400,35.14162939453125,6.728709120079874,0.9447582733210176,-7.071231933173537
1780625795127624400,35.15162451171875,6.780519971337914,0.912974018786475,-7.025766067028045
1780625795137619500,35.16161938476562,6.800374426364899,0.8680481047365813,-7.012257181635499
1780625795147614500,35.17161450195312,6.796059485775232,0.8034520061854272,-7.024132328346371
1780625795157609500,35.181609375,6.769250973826646,0.7295845867462456,-7.057996604025363
1780625795167605800,35.19160571289063,6.726835727423429,0.6504702796295285,-7.1061214602470395
1780625795177600500,35.2016005859375,6.6773693934649225,0.5637358894305303,-7.159978722640871
1780625795187595500,35.21159545898438,6.618063802537321,0.4574317428974434,-7.222350130879879
1780625795197590500,35.22159057617188,6.542223256394267,0.31867198190689083,-7.298499304580688
1780625795207585500,35.23158544921875,6.438355470162629,0.13692549476809798,-7.395891757318377
1780625795217580500,35.24158056640625,6.299937764075398,-0.09011273492514155,-7.514853067785501
1780625795227575600,35.25157543945313,6.143743578279018,-0.33865309552084655,-7.636106873103976
1780625795237570600,35.26157055664063,5.931901739540696,-0.5816431924451142,-7.787467062872648
1780625795247565600,35.27156567382813,5.614458422645926,-0.8090246186859905,-7.99960817681849
1780625795257560600,35.281560546875,5.264752420049906,-1.0021825805466622,-8.212696216225623
1780625795267555600,35.2915556640625,5.037815303510428,-1.1233164127472788,-8.338401155734061
1780625795277551600,35.301551513671875,4.922857967987657,-1.1805706971682608,-8.398933073586225
1780625795287546600,35.311546630859375,4.806463877660036,-1.2341542571872473,-8.45843506386876
1780625795297541600,35.321541748046876,4.682561895920336,-1.3086315521530807,-8.516540631356834
1780625795307536600,35.33153662109375,4.564417747054994,-1.3935019385784864,-8.567067872545122
1780625795317531600,35.34153173828125,4.461465322102606,-1.4747582261599599,-8.60760037394166
1780625795327526700,35.351526611328126,4.389841809132695,-1.5518898350268602,-8.630835119056702
1780625795337521700,35.361521728515626,4.353358290866017,-1.62729198975265,-8.63542536945641
1780625795347516400,35.371516357421875,4.33530854717344,-1.70164112829417,-8.630175193843245
1780625795357511400,35.381511474609376,4.3297389303475615,-1.7791161437712608,-8.617337924101948
1780625795367506400,35.39150634765625,4.358396285033225,-1.8618059712871908,-8.585361069604755
1780625795377501400,35.40150146484375,4.418377875526249,-1.9411274914138017,-8.536998312973976
1780625795387497500,35.41149755859375,4.491333221621811,-2.0072579599253833,-8.4834666292727
1780625795397492700,35.42149267578125,4.581288802357018,-2.0577248492285607,-8.423062137192487
1780625795407487700,35.43148779296875,4.682108014672995,-2.0950538784086703,-8.358167932477594
1780625795417482500,35.441482421875,4.783351589880883,-2.135435865418613,-8.290346442139148
1780625795427477500,35.4514775390625,4.887976916481554,-2.1925511066950856,-8.214057567706703
1780625795437472500,35.46147241210937,5.000093767881393,-2.2561808444321154,-8.128903249773384
1780625795447467500,35.47146752929687,5.121462139490246,-2.311711446865648,-8.0372233294636
1780625795457462500,35.481462646484374,5.251411292439699,-2.353199203160405,-7.940750914180279
1780625795467457500,35.49145751953125,5.379586421453952,-2.382735386507213,-7.845574383926391
1780625795477452500,35.50145263671875,5.496483200606703,-2.399811755122989,-7.758866991332173
1780625795487447600,35.511447509765624,5.595924987089633,-2.4038462713360786,-7.68619280026555
1780625795497443300,35.521443359375,5.684855900952219,-2.4023605628229676,-7.621116809242963
1780625795507438300,35.53143823242188,5.773284125989675,-2.394754617863893,-7.556766794407367
1780625795517433600,35.54143359375,5.857313239285349,-2.374154605166614,-7.4983771492809055
1780625795527428600,35.5514287109375,5.933129820030928,-2.336408227357268,-7.4504749958992
1780625795537423600,35.56142358398437,6.011065877148509,-2.282905185228586,-7.404449742305278
1780625795547418400,35.57141845703125,6.101155313396453,-2.2163325259074567,-7.350795309007167
1780625795557413400,35.58141333007813,6.204937759432196,-2.133610549687594,-7.288128132691979
1780625795567408400,35.59140844726563,6.311439985820651,-2.038817319662869,-7.223525604400038
1780625795577403400,35.6014033203125,6.407000546956062,-1.9368745101444422,-7.167232054769992
1780625795587398400,35.6113984375,6.495710511544346,-1.8334468688957393,-7.114391860464215
1780625795597394400,35.62139453125,6.581263473406434,-1.7370463498048483,-7.059747831606865
1780625795607389400,35.631389404296876,6.667809537959099,-1.64819434639737,-6.999578901848197
1780625795617384400,35.641384521484376,6.753809659066796,-1.5592106794342397,-6.937243149444461
1780625795627379500,35.65137939453125,6.827020441228151,-1.465683962213993,-6.8857795041888945
1780625795637374500,35.66137451171875,6.858076673749089,-1.3497734176196157,-6.878607420602441
1780625795647369500,35.671369384765626,6.849137580490112,-1.2078213999263943,-6.91381960375905
1780625795657364500,35.68136450195313,6.811566266986727,-1.0301337597243487,-6.979383670559525
1780625795667359200,35.691359130859375,6.827422592288255,-0.9063609573222696,-6.981058910295367
1780625795677354200,35.701354248046876,6.909281960329413,-0.8376410568393766,-6.908730756187438
1780625795687349200,35.711349365234376,7.002521385040879,-0.7626783895093947,-6.823003606802224
1780625795697345300,35.72134521484375,7.097927047875523,-0.6335781084742397,-6.737094086587429
1780625795707340500,35.731340576171874,7.200655016422271,-0.4394848385248333,-6.642875587710738
1780625795717335600,35.74133544921875,7.309059277039766,-0.21299727411745115,-6.534726178637147
1780625795727330600,35.75133056640625,7.409944832590222,0.030187970919581128,-6.4235682353973385
1780625795737325300,35.7613251953125,7.487631298860907,0.2940888726565055,-6.326076413938403
1780625795747320300,35.7713203125,7.519131183496117,0.5607775510815903,-6.270452141872048
1780625795757315300,35.7813154296875,7.484630363479257,0.8121144013948738,-6.284201265761256
1780625795767310300,35.791310302734374,7.3825769331932065,1.0632881335683166,-6.366895915582775
1780625795777305300,35.801305419921874,7.226830491164327,1.330893068321794,-6.494000785017013
1780625795787300400,35.81130029296875,7.034991576012969,1.6302230747684836,-6.634885758000612
1780625795797295400,35.82129541015625,6.8333730251252645,1.9881481857858596,-6.747047325325012
1780625795807291400,35.83129150390625,6.6423769905388355,2.4085534261137247,-6.80059420659542
1780625795817286100,35.8412861328125,6.468565314987301,2.897139783872664,-6.777510852649807
1780625795827281400,35.85128149414062,6.2934127462208265,3.460191892290115,-6.677604371264577
1780625795837276400,35.8612763671875,6.086043668982386,4.086580454586446,-6.513853486478328
1780625795847271400,35.871271484375,5.853169563609361,4.732886015751958,-6.285743819028139
1780625795857266400,35.88126635742187,5.61726646580398,5.375808071959018,-5.9764048981338735
1780625795867261400,35.89126147460937,5.350574261981248,5.9632747829258435,-5.655181478178501
1780625795877256400,35.90125634765625,5.046476748871803,6.488575837358832,-5.348068416640162
1780625795887251500,35.91125146484375,4.703961242301762,6.956966671568155,-5.063964474767446
1780625795897246500,35.92124658203125,4.302443803925812,7.377636554181575,-4.819738077513874
1780625795907241500,35.93124145507812,3.8743040238231417,7.740247046536207,-4.609635191397369
1780625795917237200,35.9412373046875,3.43800753301084,8.032610867232084,-4.452824627268314
1780625795927232300,35.951232177734376,3.006158669257164,8.273608073306082,-4.322128747604787
1780625795937227500,35.9612275390625,2.5982132436603305,8.484112525960802,-4.176061403547227
1780625795947222500,35.97122241210938,2.231090680708736,8.669822144576907,-4.003349213670194
1780625795957217500,35.98121752929688,1.902074853311479,8.839241722649335,-3.7974101692348716
1780625795967212500,35.99121264648438,1.6257823158420621,8.996931699961424,-3.547170795302093
1780625795977207300,36.00120727539063,1.4196724448844789,9.133134652608632,-3.2773131131857633
1780625795987202300,36.01120239257813,1.294727237702161,9.236991332924365,-3.0285438118055463
1780625795997197300,36.021197265625,1.2567425210922956,9.302851167801022,-2.8368852216571567
1780625796007192300,36.0311923828125,1.276234572547674,9.33603506000042,-2.7166195505931974
1780625796017188400,36.041188232421874,1.3175098551355302,9.348051076486707,-2.6548984229564665
1780625796027183400,36.051183349609374,1.3544123294666408,9.348756009885669,-2.633767372122407
1780625796037178400,36.061178466796875,1.3735485532216727,9.341129168269038,-2.650859961220622
1780625796047173400,36.07117333984375,1.3696414627805351,9.324473217022419,-2.7108447665840387
1780625796057168400,36.08116845703125,1.3390383808545767,9.301711934638023,-2.8027710628703235
1780625796067163400,36.091163330078125,1.275876845151186,9.278008987489342,-2.908795734874904
1780625796077158400,36.101158447265625,1.1732654156561941,9.25593159571588,-3.020194208872318
1780625796087153400,36.1111533203125,1.0249150021627544,9.232667039984465,-3.1428961671724913
1780625796097148400,36.1211484375,0.8294009056299925,9.20309432401955,-3.284133606855571
1780625796107143400,36.131143310546875,0.595218676800467,9.160993550392984,-3.4485245431110263
1780625796117138400,36.141138427734376,0.3291138078790158,9.096424339848756,-3.649264557598531
1780625796127134200,36.15113427734375,0.04072208741819486,8.9998858735919,-3.8949706720158455
1780625796137129200,36.16112915039062,-0.2519604073054157,8.860845651692152,-4.194319529293478
1780625796147124200,36.17112426757812,-0.5360499735929072,8.667488148671389,-4.556062591163814
1780625796157119200,36.181119140625,-0.8068952785070985,8.414182080644368,-4.9720074910819525
1780625796167114200,36.1911142578125,-1.0716114330165087,8.105885362279414,-5.414487638965249
1780625796177109500,36.201109619140624,-1.349616473492235,7.756121492016315,-5.847350063675641
1780625796187104500,36.2111044921875,-1.665628296279162,7.383032275745272,-6.2359378778517245
1780625796197099500,36.221099609375,-2.039553232721984,7.0058753716439,-6.551969574382901
1780625796207094500,36.231094482421874,-2.479378189921379,6.633002428472042,-6.784272601869702
1780625796217089500,36.241089599609374,-2.9499864079192277,6.25853198697567,-6.9497308750957245
1780625796227084300,36.25108422851562,-3.4208342798918485,5.861472112530469,-7.078943530464172
1780625796237080300,36.26108032226563,-3.888231719149649,5.432741088536382,-7.178953472223878
1780625796247075300,36.27107543945313,-4.370288967400789,4.985373168611527,-7.226134910115599
1780625796257070300,36.2810703125,-4.885387484510242,4.543398924423754,-7.1875517892211676
1780625796267065300,36.2910654296875,-5.428570524853468,4.118020717988908,-7.052866255399584
1780625796277060400,36.30106030273438,-5.976413081440329,3.7011461360052227,-6.837718360853195
1780625796287055400,36.31105541992188,-6.483889725369215,3.287048617519438,-6.582162468072772
1780625796297050400,36.32105029296875,-6.9135337725549935,2.877741255919635,-6.3318281093329185
1780625796307045400,36.33104541015625,-7.26585784869492,2.4793922184467316,-6.101663847440481
1780625796317040400,36.34104028320313,-7.539597048419713,2.1018761256441474,-5.908212236395478
1780625796327035400,36.35103540039062,-7.749451512733101,1.7449281890958546,-5.750792308196425
1780625796337031400,36.361031494140626,-7.913205904650687,1.4049645589657127,-5.619397632613778
1780625796347026400,36.3710263671875,-8.035334739238023,1.0940490364044904,-5.514239806571602
1780625796357021400,36.381021484375,-8.137405705180763,0.82788071032539,-5.409955840754509
1780625796367016200,36.39101611328125,-8.248054529854654,0.6185986390724778,-5.268520832672715
1780625796377011200,36.40101123046875,-8.374729191178083,0.4737226967565715,-5.080342193594575
1780625796387006200,36.411006103515625,-8.515572078585624,0.39623138773180544,-4.847516603538394
1780625796397001200,36.421001220703126,-8.666108092489837,0.3803161718498915,-4.574310195516049
1780625796406996200,36.430996337890626,-8.819159888607263,0.41334505615066736,-4.268717183151841
1780625796416991500,36.44099145507813,-8.961695551407336,0.486093043105863,-3.9524823652639984
1780625796426986500,36.45098657226563,-9.079863081148266,0.5936379834802821,-3.6570571111708876
1780625796436981500,36.4609814453125,-9.166908327394724,0.7319730893179773,-3.4062276623904704
1780625796446977300,36.47097729492187,-9.232772253924608,0.8885342817958444,-3.18383549580425
1780625796456972300,36.48097216796875,-9.29123671785295,1.0488232626251877,-2.956903347700834
1780625796466967300,36.49096728515625,-9.345555752539633,1.2055328505977987,-2.7161846663072704
1780625796476962300,36.50096240234375,-9.394555053508281,1.3523594885900616,-2.4665438427895308
1780625796486957300,36.51095727539062,-9.434313647922872,1.4819193499609826,-2.2289054456241426
1780625796496952300,36.520952392578124,-9.45990576981902,1.5909198229059576,-2.0370428573362527
1780625796506947300,36.530947265625,-9.470622394144534,1.6844253512077032,-1.9079855386599898
1780625796516942300,36.5409423828125,-9.476271798208355,1.7664440014638005,-1.8028681907586752
1780625796526937600,36.5509375,-9.487278345391154,1.84006175699085,-1.6661669332005082
1780625796536932400,36.560932373046874,-9.50356604784727,1.911692576484382,-1.482581028740108
1780625796546927000,36.57092700195312,-9.518021274179219,1.9848845078147948,-1.279798987030983
1780625796556923400,36.58092333984375,-9.524723402166366,2.058671044037491,-1.1008648538991808
1780625796566918400,36.59091845703125,-9.525334227541089,2.1200809137679637,-0.9714151749044656
1780625796576913400,36.60091333007812,-9.523060437390207,2.1576710781022905,-0.9089301502231508
1780625796586908400,36.61090844726562,-9.519611173719166,2.167385978039354,-0.9218613818582146
1780625796596903400,36.6209033203125,-9.516712529668212,2.1488331071302293,-0.9925126157298684
1780625796606898400,36.6308984375,-9.515137243175506,2.112206673261523,-1.0821859454575926
1780625796616893200,36.64089306640625,-9.513259174343943,2.0822190928854045,-1.1544058168854563
1780625796626888200,36.65088818359375,-9.517326277652382,2.063316531755775,-1.1548185624048113
1780625796636883200,36.66088330078125,-9.569939677464962,1.9812511197485028,-0.8131926250856369
1780625796646878200,36.67087817382812,-9.618669513842462,1.8455229450061916,-0.49560197214204815
1780625796656873200,36.68087329101562,-9.666742932137847,1.615808326577395,-0.33708613846506924
1780625796666869500,36.69086938476563,-9.71673767388463,1.2335635978177188,-0.48344278432540594
1780625796676864500,36.70086450195313,-9.749648009839653,0.7112576335474848,-0.7802926643941551
1780625796686859300,36.710859375,-9.748003749763965,0.09936978982579894,-1.066271241032332
1780625796696854300,36.72085424804688,-9.709916887953877,-0.5491697500700131,-1.2594893355824053
1780625796706849300,36.73084936523438,-9.651438395500183,-1.1540330380503088,-1.299358112373203
1780625796716844300,36.74084423828125,-9.597202362921834,-1.6214279200248418,-1.197939545924589
1780625796726839300,36.75083935546875,-9.55440600824654,-1.9338040166579187,-1.0696323880285024
1780625796736834300,36.76083422851563,-9.52482686254084,-2.133781814601272,-0.9460635107006877
1780625796746829300,36.77082934570313,-9.510508998852968,-2.2475231984630226,-0.8180751364301889
1780625796756824300,36.78082421875,-9.508861816167832,-2.2909300862520934,-0.7096266713447869
1780625796766820000,36.79082006835937,-9.517303481298685,-2.2734211714379486,-0.6502854245819151
1780625796776815000,36.800815185546874,-9.531883795315027,-2.2035855647981166,-0.6765979697071015
1780625796786810400,36.810810302734374,-9.545420153236389,-2.1074144705489277,-0.7836735390041023
1780625796796805400,36.820805419921875,-9.551932311609386,-2.0031421951696275,-0.9583269991420209
1780625796806800400,36.83080029296875,-9.552517418020964,-1.88059747325778,-1.1760744086623192
1780625796816795400,36.84079541015625,-9.554916880378126,-1.7201124583996832,-1.3838928371034562
1780625796826790400,36.850790283203125,-9.563351531246305,-1.5134376470357178,-1.556340092433989
1780625796836785400,36.860785400390625,-9.572170797517895,-1.2712491853505372,-1.7110975234255195
1780625796846780400,36.870780517578126,-9.574816928112506,-1.0116714166428893,-1.86273521496132
1780625796856775200,36.880775146484375,-9.56686509232521,-0.7616714774891734,-2.0162671958111225
1780625796866770200,36.890770263671875,-9.551501518976687,-0.5416877968167886,-2.1554059096492826
1780625796876766200,36.90076611328125,-9.534995205333828,-0.3545648042714223,-2.264627624129504
1780625796886761200,36.91076123046875,-9.518128241685032,-0.20045759908324107,-2.35275175165385
1780625796896756200,36.92075610351562,-9.499364504504204,-0.0818763100428041,-2.4342870023071765
1780625796906751500,36.93075146484375,-9.479307220381498,-0.0018025031088895046,-2.51259189273715
1780625796916746500,36.94074658203125,-9.46277869490683,0.037346480355120726,-2.573870537303388
1780625796926741200,36.9507412109375,-9.452936515328288,0.03337112643376458,-2.6098399685680866
1780625796936736300,36.960736328125,-9.448854798972606,-0.016505071533843875,-2.6247394315361974
1780625796946731300,36.97073120117187,-9.447026414501666,-0.11289466737192123,-2.6289412671402097
1780625796956726300,36.98072631835937,-9.44584626480639,-0.24924517526365816,-2.6237863685950633
1780625796966721300,36.99072119140625,-9.45558089235723,-0.4045089118095115,-2.568803317041695
1780625796976717300,37.00071728515625,-9.491212177708745,-0.5421756533989682,-2.406932985305041
1780625796986712300,37.01071240234375,-9.540742224553227,-0.6511315930824726,-2.1727062962792814
1780625796996707300,37.02070727539063,-9.567777530995011,-0.7244403557255864,-2.0256360587894915
1780625797006702000,37.0307021484375,-9.588533318775891,-0.781084545424208,-1.902712566693127
1780625797016697000,37.04069702148438,-9.602063246956467,-0.8475690150052309,-1.8034395609058438
1780625797026692400,37.0506923828125,-9.609485505911707,-0.9244888808175921,-1.724380491107702
1780625797036687400,37.06068725585938,-9.633994508746266,-0.969746218778938,-1.5543905658014119
1780625797046682400,37.07068237304688,-9.674665541830658,-0.963724912662804,-1.2815879162743686
1780625797056677400,37.08067749023437,-9.707960493189097,-0.9489275948949157,-1.012634416456148
1780625797066672400,37.09067236328125,-9.728096103245019,-0.9545559561707079,-0.7895250415112823
1780625797076667400,37.10066748046875,-9.740151282697916,-0.987818539629504,-0.5692573927983642
1780625797086663200,37.1106630859375,-9.74407926979661,-1.0519264893375337,-0.34168983286824073
1780625797096658200,37.120658203125,-9.738116561999917,-1.1496922323670238,-0.13297679367493836
1780625797106653200,37.130653076171875,-9.725607209038733,-1.2559485942356288,0.07444828350048047
1780625797116648200,37.140648193359375,-9.70855027577579,-1.355646547436714,0.2768731686352752
1780625797126643200,37.150643310546876,-9.690362292656301,-1.4336907411038875,0.4602142497554421
1780625797136638500,37.160638427734376,-9.676948099809884,-1.4766450628198682,0.5887089295802638
1780625797146633500,37.17063354492188,-9.668756610047817,-1.5091877345062792,0.6386550464123487
1780625797156628500,37.18062841796875,-9.664492522862552,-1.5295869639344513,0.6544732316605746
1780625797166623200,37.190623291015626,-9.661313308304548,-1.5364366836987435,0.6846709476560354
1780625797176618200,37.2006181640625,-9.659614687693118,-1.5215867589607834,0.7395922590848057
1780625797186614300,37.2106142578125,-9.663488314256071,-1.4830220505058764,0.76682520699054
1780625797196609300,37.220609375,-9.6739717143476,-1.4419450669690965,0.7109529515124857
1780625797206604300,37.23060424804687,-9.687777536860107,-1.4126399158991871,0.5672694703841582
1780625797216599300,37.240599365234374,-9.699078683075308,-1.4023219355024397,0.36296712377257645
1780625797226594300,37.25059423828125,-9.702253805980085,-1.4202496602505446,0.13982544486015103
1780625797236589300,37.26058935546875,-9.695895376864074,-1.4692441389136015,-0.03627776427821954
1780625797246584000,37.270583984375,-9.684450438264012,-1.5398917925886808,-0.10262740338225848
1780625797256579300,37.280579345703124,-9.670116207963227,-1.6270239864662288,-0.10969462008844129
1780625797266574300,37.29057421875,-9.654249945789575,-1.718529280861467,-0.11181865390455349
1780625797276569300,37.3005693359375,-9.640088733968138,-1.7958479367330669,-0.11834737981986254
1780625797286564400,37.310564453125,-9.629853171157837,-1.849034898649901,-0.13184051965400576
1780625797296560400,37.32056030273438,-9.624374447485804,-1.8758777512595057,-0.15126275727618485
1780625797306555400,37.33055541992187,-9.622873979794978,-1.881227587854862,-0.17794442797470836
1780625797316550100,37.34055004882813,-9.623605801200867,-1.8729595257252454,-0.2205079785411246
1780625797326545200,37.35054516601563,-9.624518824392556,-1.8596581456035375,-0.28406313493829216
1780625797336540200,37.3605400390625,-9.622639586517215,-1.8538960749454796,-0.3718361474700272
1780625797346535200,37.37053515625,-9.615331893852353,-1.8663740098550914,-0.48209896850101647
1780625797356530200,37.3805302734375,-9.603246319261192,-1.8942020741097627,-0.6000356120955198
1780625797366525200,37.39052514648437,-9.588357377687096,-1.9318951142966747,-0.7082140280678868
1780625797376520400,37.4005205078125,-9.571414426192641,-1.977725429840386,-0.8043708015307783
1780625797386515500,37.41051538085937,-9.55112391783595,-2.036038940990716,-0.89496511856094
1780625797396511200,37.42051123046875,-9.526662261274456,-2.110993936470896,-0.9781573426410555
1780625797406506200,37.43050634765625,-9.499612341785431,-2.2040846003614365,-1.0342900756862015
1780625797416501200,37.440501220703126,-9.471400977301597,-2.3253151709347963,-1.0275469581015408
1780625797426496300,37.45049633789063,-9.4484584931314,-2.4554428953215477,-0.9315686830107122
1780625797436491300,37.4604912109375,-9.428253909492492,-2.5736568945527076,-0.8091383812587708
1780625797446486300,37.470486328125,-9.410197443798184,-2.6697812270507213,-0.7005954428229481
1780625797456481300,37.48048120117188,-9.396109881734848,-2.741430166722834,-0.6066845120580867
