time,seconds_elapsed,z,y,x
1780626033312857600,0.055857666015625,-0.15291498601436615,-0.32226353883743286,-0.06160983443260193
1780626033322853600,0.065853515625,-0.28527435660362244,-0.473517507314682,0.22182294726371765
1780626033332849000,0.075848876953125,-0.41910111904144287,-0.5928665399551392,0.4705163836479187
1780626033342843600,0.08584375,-0.5590611696243286,-0.638455867767334,0.6632741093635559
1780626033352839700,0.095839599609375,-0.7196444272994995,-0.6377021670341492,0.7843030691146851
1780626033362834700,0.105834716796875,-0.8557857871055603,-0.6242020726203918,0.8123445510864258
1780626033372830700,0.115830810546875,-0.8959276080131531,-0.4470115900039673,0.7525688409805298
1780626033382825700,0.12582568359375,-0.7374522089958191,0.03099546581506729,0.6195799112319946
1780626033392820500,0.135820556640625,-0.46792298555374146,0.5028652548789978,0.45182791352272034
1780626033402816800,0.145816650390625,-0.26583433151245117,0.5885916352272034,0.31653666496276855
1780626033412811800,0.155811767578125,-0.275897353887558,0.2310207039117813,0.2941370904445648
1780626033422806800,0.165806884765625,-0.4408514201641083,-0.38926199078559875,0.3962048590183258
1780626033432802600,0.175802490234375,-0.43360522389411926,-1.034390926361084,0.5583003163337708
1780626033442797000,0.185797119140625,-0.24744655191898346,-1.3797632455825806,0.7430893182754517
1780626033452793000,0.19579296875,-0.16365018486976624,-1.412394404411316,0.8666107058525085
1780626033462788000,0.2057880859375,-0.10756614059209824,-1.251529335975647,0.9635460376739502
1780626033472783000,0.215783203125,-0.03826456516981125,-0.9007026553153992,1.0071516036987305
1780626033482779100,0.225779052734375,0.11638972908258438,-0.3837559223175049,0.9481114149093628
1780626033492774000,0.23577392578125,0.335632860660553,0.1270407736301422,0.7973480224609375
1780626033502770000,0.24577001953125,0.543724000453949,0.5030479431152344,0.5839260220527649
1780626033512765000,0.255764892578125,0.6183596253395081,0.6279712319374084,0.39561229944229126
1780626033522760000,0.265760009765625,0.6752876043319702,0.5561953186988831,0.2116137146949768
1780626033532756000,0.275755859375,0.8813896775245667,0.4127814471721649,0.043164514005184174
1780626033542751000,0.2857509765625,1.2401363849639893,0.26591238379478455,-0.08777938783168793
1780626033552746000,0.29574609375,1.613732099533081,0.042578887194395065,-0.22712743282318115
1780626033562742000,0.305741943359375,1.8917850255966187,-0.0326242558658123,-0.3104950189590454
1780626033572737000,0.315737060546875,2.049038887023926,0.21402306854724884,-0.20799793303012848
1780626033582732800,0.32573291015625,1.9942584037780762,0.474793940782547,-0.019117502495646477
1780626033592727800,0.335727783203125,1.6577030420303345,0.502780020236969,0.13025707006454468
1780626033602723000,0.34572314453125,1.0990955829620361,0.45072829723358154,0.25335636734962463
1780626033612719000,0.355718994140625,0.47033074498176575,0.38065385818481445,0.36254358291625977
1780626033622714000,0.365714111328125,-0.0263607669621706,0.3060310184955597,0.43710756301879883
1780626033632710000,0.3757099609375,-0.2975222170352936,0.2599354386329651,0.44689786434173584
1780626033642705000,0.385704833984375,-0.39693349599838257,0.28295475244522095,0.3898470997810364
1780626033652700000,0.395699951171875,-0.38970568776130676,0.3791406452655792,0.24856427311897278
1780626033662696200,0.4056962890625,-0.3218904137611389,0.4873534142971039,0.0326804481446743
1780626033672691200,0.415691162109375,-0.22490128874778748,0.6006181836128235,-0.18996115028858185
1780626033682686200,0.425686279296875,-0.1445651650428772,0.7900805473327637,-0.3254508078098297
1780626033692682000,0.435681884765625,-0.1162315309047699,0.9755233526229858,-0.3604194223880768
1780626033702677000,0.445677001953125,-0.16674716770648956,1.0662630796432495,-0.30861854553222656
1780626033712673000,0.455673095703125,-0.2937229573726654,1.0219500064849854,-0.24505209922790527
1780626033722668000,0.46566796875,-0.48166462779045105,0.875244677066803,-0.18072476983070374
1780626033732663000,0.4756630859375,-0.6644898653030396,0.6313116550445557,-0.07349099218845367
1780626033742659000,0.4856591796875,-0.7752355337142944,0.3621768653392792,0.04993506893515587
1780626033752654000,0.495654052734375,-0.8009963035583496,0.15927141904830933,0.1608477383852005
1780626033762650000,0.505650146484375,-0.7702327966690063,0.009645170532166958,0.21612749993801117
1780626033772645000,0.51564501953125,-0.7419926524162292,-0.1802496612071991,0.25867947936058044
1780626033782639900,0.525639892578125,-0.7260400056838989,-0.3383844494819641,0.29586654901504517
1780626033792636000,0.535635986328125,-0.7706751227378845,-0.25500139594078064,0.3313177525997162
1780626033802631000,0.545630859375,-0.7372940182685852,-0.20043562352657318,0.4644555449485779
1780626033812626200,0.555626220703125,-0.6171334981918335,-0.2622092366218567,0.5726850628852844
1780626033822622000,0.5656220703125,-0.50173020362854,-0.4832926392555237,0.5612135529518127
1780626033832617000,0.575616943359375,-0.4176478385925293,-0.6895230412483215,0.44994479417800903
1780626033842613000,0.585613037109375,-0.28316619992256165,-0.7041221857070923,0.3889344334602356
1780626033852608000,0.59560791015625,-0.1367274820804596,-0.7690607309341431,0.41347840428352356
1780626033862603000,0.60560302734375,-0.01973029598593712,-1.1416587829589844,0.5263165235519409
1780626033872599000,0.61559912109375,0.11721371114253998,-1.4593476057052612,0.7037408351898193
1780626033882594000,0.625593994140625,0.023251792415976524,-1.285516381263733,0.889729380607605
1780626033892589000,0.635589111328125,-0.016924921423196793,-0.9332936406135559,0.9834129810333252
1780626033902585000,0.645585205078125,-0.03779185190796852,-0.5557466149330139,0.9544196724891663
1780626033912580000,0.655580078125,0.005071990191936493,-0.2938004732131958,0.8174477219581604
1780626033922576000,0.665575927734375,0.039500005543231964,-0.19916556775569916,0.5853065848350525
1780626033932571000,0.67557080078125,0.04258793964982033,-0.12406895309686661,0.3298833668231964
1780626033942566000,0.68556591796875,-0.001127582392655313,0.003117230022326112,0.0932612344622612
1780626033952562200,0.695562255859375,-0.05639669671654701,0.1588253378868103,-0.10704522579908371
1780626033962557200,0.70555712890625,-0.09565462172031403,0.37476587295532227,-0.2593490183353424
1780626033972553000,0.715552978515625,-0.08498679846525192,0.6314535737037659,-0.35965031385421753
1780626033982548000,0.7255478515625,-0.002055161399766803,0.9073570966720581,-0.42605623602867126
1780626033992543000,0.73554296875,0.12368278950452805,1.111876130104065,-0.5172367691993713
1780626034002539000,0.7455390625,0.259644091129303,1.135048270225525,-0.6594311594963074
1780626034012534000,0.755533935546875,0.4427182972431183,1.2140352725982666,-0.7848945260047913
1780626034022529000,0.765529052734375,0.6501702666282654,1.22455632686615,-0.8842576146125793
1780626034032525000,0.775525146484375,0.8193635940551758,0.9697280526161194,-0.962365984916687
1780626034042520000,0.78552001953125,0.8649036288261414,0.48389342427253723,-0.9991471767425537
1780626034052516000,0.79551611328125,0.8322844505310059,-0.12144946306943893,-1.0566322803497314
1780626034062510800,0.8055107421875,0.8334000110626221,-0.9157441854476929,-0.8846874833106995
1780626034072505900,0.815505859375,1.0100480318069458,-1.5927356481552124,-0.3862590193748474
1780626034082502100,0.825502197265625,1.1854158639907837,-1.779266119003296,0.19764862954616547
1780626034092497200,0.8354970703125,1.0346966981887817,-1.5672292709350586,0.6264132857322693
1780626034102493000,0.845492919921875,0.740516185760498,-1.4452378749847412,1.0070184469223022
1780626034112488000,0.855488037109375,0.4581390619277954,-1.356776475906372,1.2900315523147583
1780626034122483000,0.86548291015625,0.2365504950284958,-1.486200213432312,1.4313915967941284
1780626034132479000,0.87547900390625,0.10470004379749298,-1.706921935081482,1.4476016759872437
1780626034142474000,0.885473876953125,0.03110385686159134,-1.6826705932617188,1.3432406187057495
1780626034152469000,0.895468994140625,0.0972655639052391,-1.5994343757629395,1.1399413347244263
1780626034162465000,0.905465087890625,0.2799978256225586,-1.5443543195724487,0.8850792050361633
1780626034172460000,0.9154599609375,0.4774344861507416,-1.301661491394043,0.6459960341453552
1780626034182456000,0.9254560546875,0.6830744743347168,-0.9916229844093323,0.4761604070663452
1780626034192451000,0.935451171875,0.7878866195678711,-0.6116982698440552,0.3196163475513458
1780626034202446000,0.945446044921875,0.7361917495727539,-0.4103603661060333,0.12847888469696045
1780626034212441900,0.95544189453125,0.8251935243606567,-0.4491804540157318,-0.059056393802165985
1780626034222436900,0.965436767578125,1.1310874223709106,-0.5720757842063904,-0.22273747622966766
1780626034232433200,0.97543310546875,1.1966277360916138,-0.7188540101051331,-0.4134698808193207
1780626034242428200,0.98542822265625,1.1944783926010132,-0.871732771396637,-0.6326967477798462
1780626034252423200,0.995423095703125,1.1851754188537598,-0.9436975121498108,-0.8189737200737
1780626034262419000,1.0054189453125,1.1028355360031128,-0.8588329553604126,-0.8341825008392334
1780626034272414000,1.0154140625,0.9354989528656006,-0.5411548614501953,-0.7139657735824585
1780626034282409000,1.025408935546875,0.782967746257782,-0.22181814908981323,-0.5302708148956299
1780626034292405000,1.035405029296875,0.6700771450996399,0.006085323169827461,-0.30807873606681824
1780626034302400000,1.04539990234375,0.5137125849723816,0.20867730677127838,-0.1258157193660736
1780626034312396000,1.05539599609375,0.31970396637916565,0.36958789825439453,0.017525730654597282
1780626034322391000,1.06539111328125,0.12051043659448624,0.4934920072555542,0.12245800346136093
1780626034332386000,1.075385986328125,-0.05504753813147545,0.5487073063850403,0.19908113777637482
1780626034342382000,1.085382080078125,-0.18055540323257446,0.577943742275238,0.25930479168891907
1780626034352376800,1.095376953125,-0.25045591592788696,0.6289723515510559,0.29290884733200073
1780626034362371800,1.105371826171875,-0.17736519873142242,0.6547008752822876,0.2833544909954071
1780626034372368100,1.1153681640625,0.17476621270179749,0.6881789565086365,0.17462852597236633
1780626034382363100,1.125363037109375,0.7798593044281006,0.5657310485839844,-0.09531959146261215
1780626034392359000,1.13535888671875,1.2148650884628296,0.3164311945438385,-0.49612879753112793
1780626034402354000,1.14535400390625,1.4159705638885498,0.16651441156864166,-0.9822960495948792
1780626034412349000,1.155348876953125,1.451317310333252,0.06013870611786842,-1.5376168489456177
1780626034422345000,1.165344970703125,1.438095211982727,-0.018126806244254112,-2.0191609859466553
1780626034432340000,1.175340087890625,1.3714594841003418,0.06617289781570435,-2.3381519317626953
1780626034442336300,1.185336181640625,1.1701935529708862,0.2962809205055237,-2.414154529571533
1780626034452331300,1.195331298828125,0.8600137829780579,0.662743866443634,-2.2779455184936523
1780626034462326300,1.205326171875,0.4960443675518036,1.0900968313217163,-1.9490549564361572
1780626034472322300,1.215322265625,0.14188283681869507,1.4718647003173828,-1.4875563383102417
1780626034482317300,1.2253173828125,-0.1878439337015152,1.6335763931274414,-0.976704478263855
1780626034492312300,1.235312255859375,-0.42275843024253845,1.5108381509780884,-0.5246933102607727
1780626034502308400,1.245308349609375,-0.3877362906932831,1.0383342504501343,-0.17652709782123566
1780626034512303400,1.255303466796875,-0.1785351186990738,0.5106342434883118,0.004914064891636372
1780626034522299400,1.26529931640625,0.04685911908745766,0.05919727683067322,0.05614423006772995
1780626034532294400,1.27529443359375,0.2122773677110672,-0.2442491501569748,0.02112286165356636
1780626034542289200,1.2852890625,0.3066464960575104,-0.5486234426498413,-0.05968223884701729
1780626034552285200,1.29528515625,0.36635294556617737,-0.9029596447944641,-0.17872820794582367
1780626034562280200,1.3052802734375,0.4675559997558594,-1.1695013046264648,-0.34922271966934204
1780626034572276500,1.3152763671875,0.669761061668396,-1.328190565109253,-0.5775376558303833
1780626034582271200,1.325271240234375,0.9080764055252075,-1.4047436714172363,-0.8080313205718994
1780626034592266200,1.335266357421875,1.0959570407867432,-1.4670182466506958,-0.9690939784049988
1780626034602262300,1.34526220703125,1.2442381381988525,-1.564787745475769,-1.0204874277114868
1780626034612257300,1.35525732421875,1.3817707300186157,-1.7466741800308228,-0.9709914326667786
1780626034622252300,1.365252197265625,1.4878945350646973,-1.981372356414795,-0.8198333382606506
1780626034632248000,1.375248046875,1.6394195556640625,-2.3057117462158203,-0.5953709483146667
1780626034642243000,1.3852431640625,1.8318899869918823,-2.7214794158935547,-0.33272841572761536
1780626034652239400,1.3952392578125,1.9197628498077393,-3.0087366104125977,-0.09499042481184006
1780626034662234400,1.405234375,1.7767313718795776,-3.0502870082855225,0.030475351959466934
1780626034672229400,1.4152294921875,1.400408387184143,-3.063957452774048,-0.04940882697701454
1780626034682225200,1.42522509765625,0.9799793362617493,-3.187504768371582,-0.37710893154144287
1780626034692220200,1.43522021484375,0.6741195917129517,-3.131044626235962,-0.7891052961349487
1780626034702216200,1.44521630859375,0.6378193497657776,-2.7297682762145996,-1.0269277095794678
1780626034712211500,1.45521142578125,0.42358773946762085,-1.682399034500122,-1.4710758924484253
1780626034722206500,1.46520654296875,0.9361461400985718,-2.226390838623047,-1.5808337926864624
1780626034732202200,1.4752021484375,1.6574922800064087,-2.634212017059326,-1.3161789178848267
1780626034742197200,1.485197265625,1.9589751958847046,-2.585458278656006,-1.0593218803405762
1780626034752192300,1.495192138671875,1.824082374572754,-2.9344046115875244,-0.8640136122703552
1780626034762188300,1.505188232421875,1.55344557762146,-3.439612627029419,-0.7049360871315002
1780626034772183300,1.515183349609375,1.4077093601226807,-3.736015558242798,-0.5877093076705933
1780626034782179300,1.525179443359375,1.4986659288406372,-3.927548885345459,-0.5668516755104065
1780626034792174300,1.53517431640625,1.7466230392456055,-4.135721206665039,-0.6194278001785278
1780626034802169300,1.54516943359375,2.0430288314819336,-4.407670974731445,-0.6659671068191528
1780626034812165400,1.555165283203125,2.333512783050537,-4.774354457855225,-0.6820595264434814
1780626034822160100,1.56516015625,2.6147077083587646,-5.149080753326416,-0.6069309711456299
1780626034832156200,1.57515625,2.836024284362793,-5.530307292938232,-0.46828997135162354
1780626034842151200,1.585151123046875,2.927018165588379,-5.905208110809326,-0.2814473807811737
1780626034852146200,1.595146240234375,2.9082906246185303,-6.192122936248779,-0.02852431870996952
1780626034862142200,1.60514208984375,2.888303756713867,-6.27867317199707,0.2602161467075348
1780626034872137200,1.61513720703125,2.9275870323181152,-6.15329647064209,0.4940893352031708
1780626034882132200,1.62513232421875,3.007082223892212,-5.955008029937744,0.6603840589523315
1780626034892128300,1.635128173828125,3.1137516498565674,-5.72573709487915,0.802014172077179
1780626034902123300,1.645123291015625,3.287724494934082,-5.3584794998168945,0.9464672207832336
1780626034912119000,1.655119140625,3.48966121673584,-4.7920613288879395,1.059262752532959
1780626034922114300,1.6651142578125,3.6335701942443848,-4.153565406799316,1.1161465644836426
1780626034932109300,1.675109375,3.6325700283050537,-3.5387277603149414,1.1595048904418945
1780626034942105300,1.685105224609375,3.429748773574829,-2.993417501449585,1.216831088066101
1780626034952100400,1.695100341796875,3.063565492630005,-2.5135135650634766,1.2761002779006958
1780626034962095400,1.705095458984375,2.655494213104248,-1.9014887809753418,1.2959612607955933
1780626034972091100,1.715091064453125,2.2858710289001465,-1.075047254562378,1.2324858903884888
1780626034982086100,1.725086181640625,2.064479351043701,-0.2295149564743042,1.055666446685791
1780626034992082400,1.73508251953125,1.9756993055343628,0.4828073978424072,0.7999299764633179
1780626035002077400,1.745077392578125,1.9395469427108765,0.8501409292221069,0.6041224002838135
1780626035012072400,1.755072509765625,1.8532298803329468,0.8021464943885803,0.6925020217895508
1780626035022068200,1.765068115234375,1.6036101579666138,0.7443298101425171,0.9709813594818115
1780626035032063200,1.775063232421875,1.1978685855865479,0.8471957445144653,1.1863101720809937
1780626035042059300,1.785059326171875,0.7913375496864319,0.9458853006362915,1.2449841499328613
1780626035052054300,1.79505419921875,0.40486574172973633,1.127874493598938,1.1569600105285645
1780626035062049000,1.805049072265625,0.05842149630188942,1.2196177244186401,1.013161540031433
1780626035072045300,1.81504541015625,-0.21546943485736847,1.36598801612854,0.9303513765335083
1780626035082040300,1.825040283203125,-0.38034626841545105,1.5947221517562866,0.8676336407661438
1780626035092035300,1.835035400390625,-0.447858989238739,1.8987302780151367,0.7528465986251831
1780626035102031000,1.845031005859375,-0.4932560324668884,2.2049083709716797,0.6421776413917542
1780626035112026000,1.855026123046875,-0.5306074023246765,2.503413438796997,0.5845353603363037
1780626035122022100,1.865022216796875,-0.5644998550415039,2.704411506652832,0.5673893690109253
1780626035132017400,1.875017333984375,-0.6263448596000671,2.854992389678955,0.5709303617477417
1780626035142012400,1.885012451171875,-0.7453101277351379,2.8652138710021973,0.5731314420700073
1780626035152008200,1.89500830078125,-0.9313811659812927,2.7013449668884277,0.5617621541023254
1780626035162003200,1.905003173828125,-1.092134714126587,2.2359557151794434,0.589744508266449
1780626035171999200,1.914999267578125,-1.323459506034851,1.7063344717025757,0.8243029713630676
1780626035181994200,1.924994140625,-1.6535090208053589,1.3280677795410156,1.3115818500518799
1780626035191989200,1.9349892578125,-1.882222056388855,1.2184944152832031,1.8028857707977295
1780626035201985300,1.9449853515625,-1.7963991165161133,1.2612597942352295,1.9886646270751953
1780626035211980300,1.954980224609375,-1.4914439916610718,1.282293438911438,1.798841953277588
1780626035221975300,1.964975341796875,-1.2720133066177368,1.2680928707122803,1.5067648887634277
1780626035231971300,1.974971435546875,-1.3049947023391724,1.0806907415390015,1.3681800365447998
1780626035241966300,1.98496630859375,-1.5529522895812988,0.8104827404022217,1.4495519399642944
1780626035251962000,1.994962158203125,-1.8552781343460083,0.53445965051651,1.680174469947815
1780626035261957000,2.00495703125,-2.0083208084106445,0.26758962869644165,1.8869894742965698
1780626035271952100,2.0149521484375,-1.8432011604309082,0.3228731155395508,1.9109214544296265
1780626035281948400,2.024948486328125,-1.3668988943099976,0.5868996977806091,1.6834301948547363
1780626035291943400,2.034943359375,-0.9491956233978271,0.6249560117721558,1.4103296995162964
1780626035301939200,2.044939208984375,-1.0160130262374878,0.7160470485687256,1.4577749967575073
1780626035311934200,2.054934326171875,-1.2799367904663086,0.6115986704826355,1.6619408130645752
1780626035321929200,2.06492919921875,-1.3818775415420532,0.3265211284160614,1.716320514678955
1780626035331925200,2.07492529296875,-1.0964223146438599,-0.09668739140033722,1.2321021556854248
1780626035341920300,2.084920166015625,-0.42367297410964966,-0.4261457324028015,-0.06550151109695435
1780626035351916300,2.094916259765625,0.14871491491794586,-0.4675253927707672,-1.281989336013794
1780626035361911300,2.104911376953125,0.17207029461860657,-0.4698631167411804,-1.2059805393218994
1780626035371906300,2.11490625,-0.0982554629445076,-0.9705885052680969,-0.329872190952301
1780626035381902300,2.12490234375,-0.40189018845558167,-1.6928149461746216,0.5051694512367249
1780626035391897000,2.13489697265625,-0.5722028017044067,-2.122704267501831,0.8849114179611206
1780626035401892000,2.14489208984375,-0.5903647541999817,-2.273191452026367,0.8887884616851807
1780626035411888400,2.154888427734375,-0.589140772819519,-2.301391124725342,0.8126468062400818
1780626035421883400,2.16488330078125,-0.651755690574646,-2.3410301208496094,0.7827908992767334
1780626035431879200,2.174879150390625,-0.6992464661598206,-2.1947574615478516,0.7314704656600952
1780626035441873700,2.184873779296875,-0.6172453761100769,-1.7259265184402466,0.4806555509567261
1780626035451868700,2.19486865234375,-0.3856305181980133,-1.092220425605774,0.08450343459844589
1780626035461864700,2.20486474609375,-0.1726548671722412,-0.4888642132282257,-0.3170509338378906
1780626035471859700,2.214859619140625,-0.1227341741323471,-0.06891222298145294,-0.5888901352882385
1780626035481855700,2.224855712890625,-0.16864414513111115,-0.005402222275733948,-0.5893388986587524
1780626035491850800,2.234850830078125,-0.2425180971622467,-0.3145211935043335,-0.41603583097457886
1780626035501845800,2.244845703125,-0.28273501992225647,-0.5359430313110352,-0.22487199306488037
1780626035511841800,2.254841796875,-0.33008575439453125,-0.5845761299133301,-0.141774982213974
1780626035521836800,2.2648369140625,-0.32305288314819336,-0.6063530445098877,-0.1757848709821701
1780626035531831800,2.274831787109375,-0.28374409675598145,-0.5158223509788513,-0.22772637009620667
1780626035541827600,2.28482763671875,-0.23265694081783295,-0.45636194944381714,-0.46674028038978577
1780626035551822600,2.294822509765625,-0.48802879452705383,-0.6345902681350708,-0.5874709486961365
1780626035561819000,2.30481884765625,-0.47671034932136536,-0.353269100189209,-0.31253206729888916
1780626035571814000,2.31481396484375,-0.30798178911209106,-0.16697274148464203,-0.06793989986181259
1780626035581809000,2.324808837890625,-0.2409239262342453,-0.08329089730978012,-0.020005665719509125
1780626035591804700,2.3348046875,-0.18881012499332428,0.02875388413667679,-0.08625472337007523
1780626035601799700,2.344799560546875,-0.12131417542695999,0.09765598922967911,-0.11845926940441132
1780626035611795700,2.354795654296875,-0.06359761953353882,0.20436565577983856,-0.09006331115961075
1780626035621790700,2.364790771484375,0.018619490787386894,0.2208239883184433,-0.09271129220724106
1780626035631786000,2.374785888671875,0.13169197738170624,0.21899360418319702,-0.10566624253988266
1780626035641781800,2.38478173828125,0.29113489389419556,0.16909874975681305,-0.17998574674129486
1780626035651776800,2.39477685546875,0.4192340075969696,0.14367488026618958,-0.2746070623397827
1780626035661771800,2.404771728515625,0.5426605939865112,-0.023755662143230438,-0.38304832577705383
1780626035671767800,2.414767822265625,0.6117725968360901,-0.3113144636154175,-0.38748806715011597
1780626035681762800,2.4247626953125,0.5794681906700134,-0.47675269842147827,-0.27289626002311707
1780626035691758800,2.4347587890625,0.5983957648277283,-0.5687332153320312,-0.11937087029218674
1780626035701753900,2.44475390625,0.756289541721344,-0.8643068075180054,0.06311265379190445
1780626035711748900,2.454748779296875,0.9191474318504333,-1.3301048278808594,0.3211532533168793
1780626035721745000,2.464744873046875,1.0233838558197021,-1.750622272491455,0.629490852355957
1780626035731739600,2.47473974609375,1.1359130144119263,-2.0472891330718994,0.9536651968955994
1780626035741735700,2.484735595703125,1.3481075763702393,-2.1916871070861816,1.0895620584487915
1780626035751730700,2.494730712890625,1.5362071990966797,-2.2332863807678223,1.0573047399520874
1780626035761725700,2.5047255859375,1.6160820722579956,-2.1462390422821045,0.9728516936302185
1780626035771721700,2.5147216796875,1.6123919486999512,-1.9816709756851196,0.8612668514251709
1780626035781716700,2.524716796875,1.6394389867782593,-1.7228000164031982,0.6353937387466431
1780626035791712800,2.534712646484375,1.4978033304214478,-1.2812832593917847,0.38585981726646423
1780626035801707800,2.544707763671875,1.1553367376327515,-0.6268106698989868,0.23465432226657867
1780626035811702800,2.554702880859375,0.9369168281555176,-0.2133737951517105,0.11496413499116898
1780626035821698600,2.564698486328125,0.843933641910553,0.0913967564702034,-0.04797178506851196
1780626035831693600,2.574693603515625,0.7531493902206421,0.2517709732055664,-0.20210783183574677
1780626035841688800,2.584688720703125,0.5881343483924866,0.10712458938360214,-0.21865271031856537
1780626035851684900,2.594684814453125,0.4287188649177551,-0.23989275097846985,-0.12140046060085297
1780626035861679900,2.604679931640625,0.29542312026023865,-0.6124266386032104,0.009826265275478363
1780626035871675600,2.614675537109375,0.12178502231836319,-0.8155294060707092,0.10390349477529526
1780626035881670700,2.624670654296875,0.010685667395591736,-0.7088205814361572,0.09093762934207916
1780626035891665700,2.634665771484375,0.07670756429433823,-0.7466920614242554,-0.09212753176689148
1780626035901662000,2.644661865234375,0.5154191255569458,-1.4846808910369873,-0.3872840702533722
1780626035911657000,2.654656982421875,1.002920389175415,-1.6359177827835083,-0.5808199644088745
1780626035921652700,2.66465283203125,1.7097443342208862,-2.057008743286133,-0.6468051075935364
1780626035931647700,2.674647705078125,2.0552525520324707,-2.1412837505340576,-0.4412383735179901
1780626035941642800,2.684642822265625,1.8790827989578247,-1.844077706336975,0.007721303030848503
1780626035951638800,2.694638671875,1.2676185369491577,-1.443442940711975,0.48448705673217773
1780626035961633800,2.7046337890625,0.6271651387214661,-1.4773467779159546,0.8104579448699951
1780626035971629800,2.7146298828125,0.31892046332359314,-1.6992424726486206,1.0327738523483276
1780626035981624800,2.724624755859375,0.3234049677848816,-1.7901880741119385,1.180179238319397
1780626035991619800,2.734619873046875,0.3583850562572479,-1.9111261367797852,1.096408724784851
1780626036001616000,2.744615966796875,0.3340142071247101,-1.640276312828064,0.8659614324569702
1780626036011610600,2.754610595703125,0.26573261618614197,-1.2019256353378296,0.5708171725273132
1780626036021605600,2.764605712890625,0.3711775541305542,-0.8513619899749756,0.29116764664649963
1780626036031601700,2.7746015625,0.40805938839912415,-0.7760600447654724,0.05281607806682587
1780626036041596700,2.7845966796875,0.49670642614364624,-0.5582113265991211,-0.09662774205207825
1780626036051592700,2.7945927734375,0.6916716694831848,-0.3555607795715332,-0.22158671915531158
1780626036061587700,2.804587646484375,0.9602503776550293,-0.30888885259628296,-0.33547255396842957
1780626036071582700,2.814582763671875,1.2026667594909668,-0.23607350885868073,-0.3668650984764099
1780626036081578800,2.824578857421875,1.3773640394210815,-0.1449792981147766,-0.2830226421356201
1780626036091573800,2.83457373046875,1.4669474363327026,-0.19787447154521942,-0.10633736103773117
1780626036101569500,2.844569580078125,1.5204490423202515,-0.27079129219055176,0.15009894967079163
1780626036111564800,2.854564697265625,1.5256065130233765,-0.5104544758796692,0.3810650706291199
1780626036121559800,2.864559814453125,1.584015965461731,-0.5926132798194885,0.6131459474563599
1780626036131555800,2.874555908203125,1.7755662202835083,-0.7274286150932312,0.8690685629844666
1780626036141550800,2.88455078125,2.091761827468872,-0.9717558026313782,1.1414233446121216
1780626036151546600,2.894546630859375,2.468306541442871,-1.1956267356872559,1.4323893785476685
1780626036161541600,2.904541748046875,2.791476011276245,-1.1062004566192627,1.82892906665802
1780626036171536600,2.91453662109375,2.958573341369629,-0.7450786828994751,2.2996559143066406
1780626036181533000,2.924532958984375,3.0967702865600586,-0.2713468074798584,2.7751598358154297
1780626036191528000,2.93452783203125,3.244431972503662,-0.23082202672958374,2.9640371799468994
1780626036201523000,2.94452294921875,3.3358750343322754,-0.6446865797042847,2.5344512462615967
1780626036211518700,2.954518798828125,2.774498462677002,-1.007557988166809,1.7336875200271606
1780626036221513700,2.964513671875,2.1165478229522705,-1.3853780031204224,1.110060691833496
1780626036231509800,2.974509765625,1.590366244316101,-1.1634453535079956,0.6226766109466553
1780626036241504800,2.9845048828125,1.1241722106933594,-0.28053924441337585,-0.04863571375608444
1780626036251499800,2.994499755859375,0.7541438341140747,0.1990281492471695,-0.45534008741378784
1780626036261495800,3.004495849609375,0.4281952977180481,0.5167339444160461,-0.5000545382499695
1780626036271490800,3.01449072265625,0.20880940556526184,0.718860924243927,-0.42887040972709656
1780626036281486800,3.02448681640625,0.06258481740951538,0.5823811292648315,-0.2864978015422821
1780626036291481900,3.03448193359375,0.10587476938962936,0.30581530928611755,-0.2099662870168686
1780626036301476600,3.0444765625,0.14859133958816528,0.04748576134443283,-0.13530829548835754
1780626036311472600,3.05447265625,0.12748099863529205,-0.1601041853427887,-0.11730238795280457
1780626036321468000,3.064468017578125,0.13665024936199188,-0.22450900077819824,-0.18559063971042633
1780626036331464000,3.0744638671875,0.2568906545639038,-0.43216127157211304,-0.327524870634079
1780626036341458700,3.084458740234375,0.4546002745628357,-1.0380215644836426,-0.5883309245109558
1780626036351453700,3.09445361328125,0.660196840763092,-1.8757295608520508,-0.9211541414260864
1780626036361449700,3.10444970703125,0.9296472072601318,-2.382347583770752,-0.9315276741981506
1780626036371444700,3.11444482421875,1.4945188760757446,-2.788367748260498,-0.8415266871452332
1780626036381439700,3.124439697265625,2.00360107421875,-2.307516574859619,-0.3917219638824463
1780626036391435800,3.134435791015625,2.149390935897827,-0.8092161417007446,0.5665121674537659
1780626036401430800,3.1444306640625,2.321756362915039,-0.3047447204589844,0.9504142999649048
1780626036411426800,3.1544267578125,2.444246292114258,-0.5925368070602417,1.0711671113967896
1780626036421421800,3.164421875,2.45630145072937,-0.8832807540893555,1.3088408708572388
1780626036431416800,3.174416748046875,2.5573244094848633,-1.071842908859253,1.6409826278686523
1780626036441412600,3.18441259765625,2.820117235183716,-1.2516982555389404,1.9655841588974
1780626036451408600,3.19440869140625,3.1479227542877197,-1.6143035888671875,2.1925952434539795
1780626036461404700,3.20440478515625,3.3740580081939697,-2.2072560787200928,2.312410831451416
1780626036471399700,3.214399658203125,3.3887088298797607,-2.607727527618408,2.133026123046875
1780626036481394700,3.224394775390625,3.193814516067505,-2.8395144939422607,1.5408258438110352
1780626036491390700,3.234390625,3.105329751968384,-2.710402250289917,0.9395251274108887
1780626036501385700,3.2443857421875,3.209954023361206,-2.123382091522217,0.48628655076026917
1780626036511381500,3.254381591796875,3.370455265045166,-1.252560019493103,0.13036653399467468
1780626036521376500,3.26437646484375,3.4753854274749756,-0.42086440324783325,-0.18256928026676178
1780626036531371500,3.27437158203125,3.6354074478149414,0.07907777279615402,-0.4032273590564728
1780626036541367800,3.284367919921875,3.764260768890381,0.19538919627666473,-0.46672138571739197
1780626036551362800,3.29436279296875,3.8639934062957764,0.04568839073181152,-0.3695833683013916
1780626036561358600,3.304358642578125,3.9443442821502686,-0.2661925256252289,-0.17092673480510712
1780626036571353600,3.314353515625,4.017714500427246,-0.6795125007629395,0.07419859617948532
1780626036581348600,3.3243486328125,4.039624214172363,-1.1884502172470093,0.31447404623031616
1780626036591344600,3.3343447265625,4.040008544921875,-1.7705280780792236,0.49873417615890503
1780626036601339600,3.344339599609375,3.939906120300293,-2.342888355255127,0.6690771579742432
1780626036611334700,3.354334716796875,3.8024115562438965,-2.687014102935791,0.847289502620697
1780626036621330700,3.36433056640625,3.545931100845337,-2.8550784587860107,1.0087246894836426
1780626036631325700,3.37432568359375,3.1751956939697266,-2.9647107124328613,1.2314739227294922
1780626036641321700,3.38432177734375,2.6217658519744873,-2.7599124908447266,1.4620893001556396
1780626036651316700,3.394316650390625,1.750714659690857,-2.5022048950195312,1.680902361869812
1780626036661311700,3.404311767578125,0.5028564929962158,-2.326680898666382,1.7301769256591797
1780626036671307500,3.4143076171875,-1.1276782751083374,-2.223344326019287,1.2489980459213257
1780626036681302800,3.424302734375,-2.5479493141174316,-1.8404152393341064,0.1679338812828064
1780626036691298800,3.434298828125,-2.942711114883423,-1.2634835243225098,-0.890099287033081
1780626036701293800,3.4442939453125,-1.9198925495147705,-0.6492522954940796,-1.2846181392669678
1780626036711288600,3.45428857421875,-0.16747741401195526,-0.2622571885585785,-0.9581627249717712
1780626036721284600,3.46428466796875,1.393757939338684,-0.4077792167663574,-0.3027060627937317
1780626036731279600,3.474279541015625,2.7939605712890625,-1.1445475816726685,0.24289600551128387
1780626036741276000,3.48427587890625,2.36159610748291,-1.4705491065979004,0.26304787397384644
1780626036751270700,3.494270751953125,0.7205808162689209,-1.4446862936019897,0.020241089165210724
1780626036761265700,3.504265625,-0.31085002422332764,-1.2763625383377075,-0.16708806157112122
1780626036771261700,3.51426171875,-0.6772232055664062,-0.8900918364524841,-0.12841789424419403
1780626036781256700,3.524256591796875,-0.8207108974456787,-0.1981074959039688,0.0357862263917923
1780626036791252700,3.534252685546875,-0.7133817672729492,0.5092488527297974,0.27966707944869995
1780626036801247500,3.54424755859375,-0.46042460203170776,0.9706279635429382,0.476317822933197
1780626036811242500,3.554242431640625,-0.25355449318885803,1.1307851076126099,0.5093711018562317
1780626036821238800,3.56423876953125,-0.14803527295589447,1.1587531566619873,0.4235028028488159
1780626036831233800,3.57423388671875,-0.12498321384191513,1.1740760803222656,0.33227676153182983
1780626036841229600,3.5842294921875,-0.1614546775817871,1.2159452438354492,0.2788049876689911
1780626036851224600,3.594224609375,-0.21729157865047455,1.2699251174926758,0.27640843391418457
1780626036861219600,3.604219482421875,-0.25544801354408264,1.2885379791259766,0.3109104633331299
1780626036871215600,3.614215576171875,-0.27046212553977966,1.2520114183425903,0.36697453260421753
1780626036881210600,3.624210693359375,-0.25680461525917053,1.1996374130249023,0.41325920820236206
1780626036891206000,3.634205810546875,-0.21313650906085968,1.1441349983215332,0.4203791618347168
1780626036901201700,3.64420166015625,-0.1671450436115265,1.0736690759658813,0.3877125680446625
1780626036911196700,3.65419677734375,-0.1235634833574295,0.9840931296348572,0.3325987160205841
1780626036921192700,3.664192626953125,-0.06876841187477112,0.9183945655822754,0.2757737934589386
1780626036931187700,3.674187744140625,-0.010219081304967403,0.9014469981193542,0.24924790859222412
1780626036941182700,3.6841826171875,0.043113913387060165,0.8773118257522583,0.2705337405204773
1780626036951178800,3.6941787109375,0.07993291318416595,0.8295256495475769,0.3354339301586151
1780626036961173800,3.704173828125,0.11197100579738617,0.7677350044250488,0.4369744062423706
1780626036971169800,3.714169677734375,0.13536635041236877,0.7313120365142822,0.5398411154747009
1780626036981164800,3.724164794921875,0.1360158920288086,0.7484883666038513,0.5675598382949829
1780626036991159600,3.73415966796875,0.17429403960704803,0.7458944320678711,0.5198714137077332
1780626037001155600,3.744155517578125,0.2320239096879959,0.6999783515930176,0.4284786581993103
1780626037011150600,3.754150634765625,0.28589779138565063,0.6708114147186279,0.3142431378364563
1780626037021147000,3.76414697265625,0.3206658959388733,0.6661039590835571,0.20612066984176636
1780626037031141600,3.7741416015625,0.32793205976486206,0.6924290657043457,0.12621599435806274
1780626037041136600,3.78413671875,0.3222656548023224,0.6929289698600769,0.09456086158752441
1780626037051132700,3.794132568359375,0.3040166199207306,0.7973394989967346,0.12300395220518112
1780626037061127700,3.804127685546875,0.18946526944637299,1.0635684728622437,0.22043010592460632
1780626037071123700,3.814123779296875,0.07630888372659683,1.4490749835968018,0.42007264494895935
1780626037081118500,3.824118408203125,0.09127026051282883,1.9108731746673584,0.6562439203262329
1780626037091113500,3.834113525390625,0.1564790904521942,2.2402150630950928,0.7967442870140076
1780626037101109800,3.84410986328125,0.20013868808746338,2.298787832260132,0.7939274907112122
1780626037111104800,3.854104736328125,0.2414959818124771,2.1389565467834473,0.6688028573989868
1780626037121100500,3.8641005859375,0.3077056109905243,1.7937955856323242,0.49435940384864807
1780626037131095600,3.874095458984375,0.39369696378707886,1.3360588550567627,0.3303869664669037
1780626037141090600,3.884090576171875,0.49004507064819336,0.8731698393821716,0.22960735857486725
1780626037151086600,3.894086669921875,0.564188539981842,0.4731278717517853,0.2001381516456604
1780626037161081900,3.904081787109375,0.6038853526115417,0.17246843874454498,0.20121008157730103
1780626037171076900,3.914076904296875,0.607671856880188,0.02154577150940895,0.1720130443572998
1780626037181072600,3.92407275390625,0.5586510300636292,0.05975281074643135,0.08422193676233292
1780626037191067600,3.934067626953125,0.4327298402786255,0.27717167139053345,-0.05500013381242752
1780626037201063700,3.944063720703125,0.2623964548110962,0.5891266465187073,-0.2019573599100113
1780626037211058700,3.95405859375,0.13063204288482666,0.9264863133430481,-0.3347090184688568
1780626037221054700,3.9640546875,0.08132122457027435,1.211445927619934,-0.483158677816391
1780626037231049700,3.9740498046875,0.10884898900985718,1.3971811532974243,-0.6857799291610718
1780626037241044700,3.984044677734375,0.20302315056324005,1.4693807363510132,-0.958173930644989
1780626037251040800,3.994040771484375,0.3414025902748108,1.4177439212799072,-1.2071036100387573
1780626037261035800,4.004035888671875,0.4588780999183655,1.289708137512207,-1.3208516836166382
1780626037271030800,4.01403076171875,0.48679494857788086,1.1192965507507324,-1.2536723613739014
1780626037281026600,4.024026611328125,0.4300379157066345,0.9554926753044128,-1.0360090732574463
1780626037291021600,4.034021484375,0.35995951294898987,0.8632508516311646,-0.7527515292167664
1780626037301017900,4.044017822265625,0.29256555438041687,0.8623395562171936,-0.48431819677352905
1780626037311012900,4.054012939453125,0.2036287635564804,0.8989614844322205,-0.2829270362854004
1780626037321007600,4.064007568359375,0.09206095337867737,0.9129065871238708,-0.16907957196235657
1780626037331003600,4.074003662109375,-0.023696541786193848,0.8733416199684143,-0.15444868803024292
1780626037340998700,4.08399853515625,-0.11343894153833389,0.7890844941139221,-0.23375816643238068
1780626037350994700,4.09399462890625,-0.16260941326618195,0.6830092072486877,-0.3859575390815735
1780626037360989700,4.10398974609375,-0.16352981328964233,0.5520263910293579,-0.5289701223373413
1780626037370984700,4.113984619140625,-0.12231632322072983,0.38465020060539246,-0.5830565094947815
1780626037380980700,4.123980712890625,-0.0558994859457016,0.20014241337776184,-0.5329582095146179
1780626037390975700,4.133975830078125,0.01750495843589306,0.04815101623535156,-0.402876615524292
1780626037400971800,4.1439716796875,0.08141656219959259,-0.010067014954984188,-0.24574372172355652
1780626037410966500,4.153966552734375,0.13321930170059204,0.025962091982364655,-0.11728641390800476
1780626037420961500,4.16396142578125,0.16862790286540985,0.12982749938964844,-0.045577604323625565
1780626037430957600,4.17395751953125,0.18754033744335175,0.266328364610672,-0.05041550472378731
1780626037440952800,4.183952880859375,0.2001512050628662,0.362898051738739,-0.12018020451068878
1780626037450948000,4.193947998046875,0.20581281185150146,0.36946114897727966,-0.2174590826034546
1780626037460943000,4.203943115234375,0.2076788991689682,0.2813757359981537,-0.3062579333782196
1780626037470937900,4.213937744140625,0.18784287571907043,0.13532906770706177,-0.3691104054450989
1780626037480934100,4.22393408203125,0.15159644186496735,0.002731071785092354,-0.40805140137672424
1780626037490929200,4.23392919921875,0.116111159324646,-0.04969831556081772,-0.4381544589996338
1780626037500925200,4.24392529296875,0.06663628667593002,-0.0005962817813269794,-0.45965734124183655
1780626037510920000,4.253919921875,0.007934089750051498,0.12083294242620468,-0.46281424164772034
1780626037520915000,4.2639150390625,-0.06668075919151306,0.2793869078159332,-0.44255104660987854
1780626037530911000,4.273910888671875,-0.13154710829257965,0.4606403112411499,-0.40718162059783936
1780626037540906000,4.283906005859375,-0.17944486439228058,0.6373570561408997,-0.37256452441215515
1780626037550902000,4.293902099609375,-0.1816803216934204,0.6898795962333679,-0.3295573890209198
1780626037560897000,4.30389697265625,-0.1860031634569168,0.7052378058433533,-0.29389554262161255
1780626037570892000,4.31389208984375,-0.22237661480903625,0.7670327425003052,-0.29862985014915466
1780626037580888000,4.32388818359375,-0.267229825258255,0.8040986061096191,-0.33646324276924133
1780626037590883000,4.333883056640625,-0.3021606504917145,0.7245774269104004,-0.3967241942882538
1780626037600878800,4.34387890625,-0.3072611391544342,0.4256588816642761,-0.49060142040252686
1780626037610873900,4.353873779296875,-0.2875998318195343,-0.12832894921302795,-0.6028898358345032
1780626037620869000,4.363869140625,-0.2619841992855072,-0.789914608001709,-0.6843135952949524
1780626037630865200,4.373865234375,-0.24775759875774384,-1.2411882877349854,-0.712200403213501
1780626037640860200,4.383860107421875,-0.26334241032600403,-1.3053433895111084,-0.7036049962043762
1780626037650855200,4.393855224609375,-0.29027682542800903,-1.010327696800232,-0.6673561930656433
1780626037660851000,4.403850830078125,-0.3184690475463867,-0.5313512086868286,-0.5961949229240417
1780626037670846000,4.413845947265625,-0.32663244009017944,-0.08771839737892151,-0.49823057651519775
1780626037680842200,4.42384228515625,-0.3232787251472473,0.1794017106294632,-0.3907211422920227
1780626037690837200,4.433837158203125,-0.31760644912719727,0.3034301996231079,-0.2856543958187103
1780626037700832300,4.443832275390625,-0.32320070266723633,0.3796836733818054,-0.1873674988746643
1780626037710828000,4.453828125,-0.3274551033973694,0.43008771538734436,-0.1174858808517456
1780626037720823000,4.463822998046875,-0.32827481627464294,0.43118762969970703,-0.0908510759472847
1780626037730819000,4.473819091796875,-0.3271152675151825,0.33813491463661194,-0.09862697124481201
1780626037740814000,4.48381396484375,-0.31894150376319885,0.18206168711185455,-0.16312819719314575
1780626037750808800,4.493808837890625,-0.2895090579986572,0.012721387669444084,-0.27378520369529724
1780626037760805000,4.50380517578125,-0.2539558410644531,-0.1423446238040924,-0.3906753361225128
1780626037770800000,4.513800048828125,-0.22429968416690826,-0.24394981563091278,-0.4820747673511505
1780626037780796200,4.523796142578125,-0.217895045876503,-0.26826873421669006,-0.5486881732940674
1780626037790791000,4.533791015625,-0.22494922578334808,-0.25640061497688293,-0.5919189453125
1780626037800786000,4.543785888671875,-0.25072088837623596,-0.24137720465660095,-0.6080127358436584
1780626037810782000,4.553781982421875,-0.28116828203201294,-0.25839000940322876,-0.5961262583732605
1780626037820777000,4.56377685546875,-0.2883537709712982,-0.3177233636379242,-0.5672093629837036
1780626037830773000,4.57377294921875,-0.28902968764305115,-0.34159356355667114,-0.5581626296043396
1780626037840768000,4.58376806640625,-0.2884688079357147,-0.3011521100997925,-0.5828847289085388
1780626037850763000,4.593762939453125,-0.284751832485199,-0.26874518394470215,-0.6258529424667358
1780626037860759000,4.603759033203125,-0.2838543653488159,-0.29292187094688416,-0.6422508358955383
1780626037870754000,4.613754150390625,-0.2879532277584076,-0.3230496942996979,-0.6241757273674011
1780626037880749800,4.623749755859375,-0.28083619475364685,-0.35726892948150635,-0.5761147141456604
1780626037890745000,4.6337451171875,-0.28447940945625305,-0.36622777581214905,-0.4934885501861572
1780626037900740000,4.643739990234375,-0.3133448660373688,-0.31615370512008667,-0.3924631178379059
1780626037910736100,4.653736083984375,-0.35752299427986145,-0.23417441546916962,-0.2962273955345154
1780626037920731100,4.663731201171875,-0.4008411467075348,-0.1664624810218811,-0.2161663919687271
1780626037930727000,4.673726806640625,-0.44241949915885925,-0.18594643473625183,-0.16339105367660522
1780626037940722000,4.683721923828125,-0.4837760031223297,-0.33066099882125854,-0.1196419820189476
1780626037950717000,4.693717041015625,-0.50919109582901,-0.5379319190979004,-0.08645153790712357
1780626037960713200,4.703713134765625,-0.5117599368095398,-0.7297436594963074,-0.07621114701032639
1780626037970708200,4.713708251953125,-0.5102019906044006,-0.8582150936126709,-0.12156504392623901
1780626037980704000,4.7237041015625,-0.5163105130195618,-0.9585286378860474,-0.22639399766921997
1780626037990699000,4.733698974609375,-0.5290592908859253,-1.0804142951965332,-0.3686171770095825
1780626038000694000,4.743694091796875,-0.5329185128211975,-1.2407432794570923,-0.4865081310272217
1780626038010690000,4.75368994140625,-0.5157621502876282,-1.3828381299972534,-0.5400938391685486
1780626038020685000,4.76368505859375,-0.4863629937171936,-1.4340394735336304,-0.5302183032035828
1780626038030681000,4.77368115234375,-0.46474823355674744,-1.3883135318756104,-0.4589846134185791
1780626038040676000,4.783676025390625,-0.45760083198547363,-1.2742434740066528,-0.34077197313308716
1780626038050671000,4.793671142578125,-0.4785572588443756,-1.0868914127349854,-0.17398031055927277
1780626038060667100,4.803667236328125,-0.5272504687309265,-0.8064802885055542,0.013552294112741947
1780626038070662100,4.813662109375,-0.5827563405036926,-0.50359708070755,0.21256738901138306
1780626038080658000,4.823657958984375,-0.5739370584487915,-0.21414850652217865,0.37790894508361816
1780626038090653000,4.83365283203125,-0.4461918771266937,0.06700939685106277,0.4272584021091461
1780626038100648200,4.843648193359375,-0.24425740540027618,0.3886888921260834,0.23733478784561157
1780626038110644200,4.853644287109375,-0.1122375950217247,0.800073504447937,-0.1786709427833557
1780626038120639000,4.863638916015625,-0.1610589325428009,1.1604796648025513,-0.5224165916442871
1780626038130635000,4.873635009765625,-0.3347899615764618,1.261143445968628,-0.5927882194519043
1780626038140630000,4.883630126953125,-0.41985905170440674,0.9906117916107178,-0.4410106837749481
1780626038150625000,4.893625,-0.3537450134754181,0.3437059819698334,-0.1691565364599228
1780626038160621000,4.90362109375,-0.19741666316986084,-0.2512325048446655,0.1617758423089981
1780626038170616000,4.913615966796875,-0.05048953741788864,-0.3746580183506012,0.47497716546058655
1780626038180612000,4.923612060546875,-0.014466291293501854,-0.19714662432670593,0.6513255834579468
1780626038190607000,4.933607177734375,-0.08092787116765976,-0.052144695073366165,0.651838481426239
1780626038200602000,4.94360205078125,-0.17311052978038788,-0.06903739273548126,0.5327752232551575
1780626038210598000,4.953597900390625,-0.2342335432767868,-0.2121812403202057,0.3815612196922302
1780626038220593000,4.963593017578125,-0.26172614097595215,-0.40330591797828674,0.2753426134586334
1780626038230589200,4.973589111328125,-0.24739913642406464,-0.6131494045257568,0.24758875370025635
1780626038240584200,4.983584228515625,-0.17567461729049683,-0.8790096044540405,0.26847487688064575
1780626038250579200,4.9935791015625,-0.07204356789588928,-1.1847079992294312,0.2817555069923401
1780626038260575000,5.003574951171875,-0.0033212280832231045,-1.399744987487793,0.23540133237838745
1780626038270570000,5.013570068359375,0.04202255234122276,-1.407151699066162,0.14086657762527466
1780626038280565000,5.02356494140625,0.07619783282279968,-1.2153346538543701,0.07476504892110825
1780626038290561000,5.03356103515625,0.06185351312160492,-0.9186896085739136,0.10297298431396484
1780626038300556000,5.04355615234375,0.002442385070025921,-0.5795179605484009,0.23910152912139893
1780626038310552000,5.053552001953125,-0.05540866404771805,-0.2620587646961212,0.4022044241428375
1780626038320547000,5.063547119140625,-0.09798222035169601,-0.003980360459536314,0.5154849290847778
1780626038330542000,5.0735419921875,-0.10896056890487671,0.17824430763721466,0.5403851866722107
1780626038340538000,5.0835380859375,-0.08896422386169434,0.28573426604270935,0.4961381256580353
1780626038350533000,5.093533203125,-0.06503865122795105,0.3207947909832001,0.43220147490501404
1780626038360529000,5.10352880859375,-0.0612013041973114,0.24214179813861847,0.37100470066070557
1780626038370524200,5.113524169921875,-0.09388042241334915,0.06982435286045074,0.3162200152873993
1780626038380519200,5.123519287109375,-0.14188788831233978,-0.11715272068977356,0.30305469036102295
1780626038390515200,5.13351513671875,-0.17529432475566864,-0.21708384156227112,0.35698288679122925
1780626038400510000,5.143510009765625,-0.1712268739938736,-0.17888878285884857,0.43443986773490906
1780626038410506000,5.153506103515625,-0.15709401667118073,-0.04291391000151634,0.4825650453567505
1780626038420501000,5.1635009765625,-0.13340386748313904,0.11988086253404617,0.49594664573669434
1780626038430496000,5.17349609375,-0.0843910500407219,0.2618294656276703,0.49128130078315735
1780626038440492000,5.183491943359375,-0.026927754282951355,0.33972135186195374,0.46122995018959045
1780626038450487300,5.1934873046875,0.019934825599193573,0.31954389810562134,0.39941078424453735
1780626038460483300,5.2034833984375,0.04320286586880684,0.18481485545635223,0.3139858841896057
1780626038470478300,5.213478271484375,0.05554262176156044,0.038780417293310165,0.22572633624076843
1780626038480473300,5.223473388671875,0.056591372936964035,0.010833472944796085,0.16616687178611755
1780626038490469400,5.233469482421875,0.0522480234503746,0.1284799426794052,0.15515443682670593
1780626038500464400,5.24346435546875,0.029441777616739273,0.30087727308273315,0.18056152760982513
1780626038510460400,5.25346044921875,-0.00532552320510149,0.434516042470932,0.22027137875556946
1780626038520455400,5.263455322265625,-0.03364451229572296,0.4784286320209503,0.24679113924503326
1780626038530450400,5.273450439453125,-0.05590534210205078,0.46893152594566345,0.2437383532524109
1780626038540446200,5.2834462890625,-0.07483083009719849,0.4725765883922577,0.19643449783325195
1780626038550441200,5.293441162109375,-0.09937053173780441,0.5330266356468201,0.11716417223215103
1780626038560437500,5.3034375,-0.12048380076885223,0.648622453212738,0.02941940724849701
1780626038570432500,5.3134326171875,-0.09219064563512802,0.800142228603363,-0.03129586949944496
1780626038580427500,5.323427490234375,-0.028835376724600792,0.9058468341827393,-0.0479707196354866
1780626038590423300,5.33342333984375,0.02400200627744198,0.8953302502632141,-0.030046582221984863
1780626038600418300,5.343418212890625,0.05997705087065697,0.7637280225753784,-0.0020764668006449938
1780626038610414300,5.353414306640625,0.1029687225818634,0.5849340558052063,0.014844193123281002
1780626038620409600,5.36340966796875,0.13301397860050201,0.3979282081127167,0.022889869287610054
1780626038630404400,5.373404296875,0.1424168050289154,0.21931611001491547,0.042985282838344574
1780626038640400400,5.383400390625,0.13134311139583588,0.044316865503787994,0.07561646401882172
1780626038650395400,5.3933955078125,0.09403035789728165,-0.08840709179639816,0.10371467471122742
1780626038660391400,5.403391357421875,0.054966844618320465,-0.10484092682600021,0.12197037786245346
1780626038670386400,5.413386474609375,0.025731995701789856,-0.012658271007239819,0.12345722317695618
1780626038680381200,5.423381103515625,0.0006735134520567954,0.11515907943248749,0.11355426162481308
1780626038690377500,5.43337744140625,-0.01372060552239418,0.2428765594959259,0.08471328765153885
1780626038700372500,5.44337255859375,-0.005079447291791439,0.3821604251861572,0.02352157048881054
1780626038710368500,5.453368408203125,0.028804218396544456,0.5060431957244873,-0.05628058314323425
1780626038720363300,5.46336328125,0.07046884298324585,0.5539242029190063,-0.12367480248212814
1780626038730358300,5.473358154296875,0.12073148041963577,0.48993080854415894,-0.14336462318897247
1780626038740354300,5.483354248046875,0.16225920617580414,0.31859874725341797,-0.12932921946048737
1780626038750349300,5.493349365234375,-0.04622155800461769,-0.3677457869052887,-0.42726796865463257
1780626038760345300,5.503345458984375,-0.4123185873031616,-1.4961402416229248,-1.0679081678390503
1780626038770340400,5.51334033203125,-0.2385326772928238,-1.5208386182785034,-1.078616976737976
1780626038780335400,5.52333544921875,-0.008623582310974598,-0.9085027575492859,-0.8162442445755005
1780626038790331400,5.533331298828125,0.05519294738769531,-0.3608737587928772,-0.6280391812324524
1780626038800326400,5.543326416015625,-0.09467963874340057,-0.17321492731571198,-0.5515041947364807
1780626038810322200,5.553322265625,-0.3355873227119446,-0.3514893352985382,-0.5127807259559631
1780626038820317200,5.563317138671875,-0.5197350382804871,-0.7582594752311707,-0.4960273206233978
1780626038830312400,5.5733125,-0.6075527667999268,-1.1065237522125244,-0.4948962926864624
1780626038840308500,5.58330859375,-0.6205431818962097,-1.2025234699249268,-0.5142838358879089
1780626038850303500,5.593303466796875,-0.5630055665969849,-1.151403546333313,-0.5337371826171875
1780626038860299300,5.60329931640625,-0.4427979290485382,-1.1131395101547241,-0.5111154913902283
1780626038870294300,5.613294189453125,-0.3318740725517273,-1.1756527423858643,-0.4493626356124878
1780626038880289300,5.623289306640625,-0.21574294567108154,-1.3370198011398315,-0.35404568910598755
1780626038890285600,5.63328564453125,-0.0555839017033577,-1.4358690977096558,-0.2579402029514313
1780626038900280600,5.643280517578125,0.10635226964950562,-1.1570167541503906,-0.12172537297010422
1780626038910276400,5.6532763671875,0.20802722871303558,-0.5335094332695007,0.0980416089296341
1780626038920271400,5.663271240234375,0.2933621108531952,0.09229157865047455,0.38781991600990295
1780626038930266400,5.673266357421875,0.4051448404788971,0.6932240128517151,0.5920931696891785
1780626038940262400,5.683262451171875,0.5022258162498474,1.1609574556350708,0.7009591460227966
1780626038950257400,5.69325732421875,0.5767903327941895,1.4201329946517944,0.7676085233688354
1780626038960253400,5.70325341796875,0.6307710409164429,1.4816012382507324,0.8263285756111145
1780626038970248400,5.71324853515625,0.6621891260147095,1.4886900186538696,0.9437622427940369
1780626038980243500,5.723243408203125,0.6646022200584412,1.4745206832885742,1.1496365070343018
1780626038990239500,5.733239501953125,0.6971527338027954,1.2713773250579834,1.292680263519287
1780626039000234200,5.743234130859375,0.8169845938682556,0.9743648767471313,1.2365217208862305
1780626039010230300,5.753230224609375,0.9907494187355042,0.6644808053970337,1.0027014017105103
1780626039020225300,5.763225341796875,0.8667467832565308,0.6112492680549622,0.8115581274032593
1780626039030220300,5.77322021484375,0.5275277495384216,1.0346449613571167,0.8298974633216858
1780626039040216300,5.78321630859375,0.30919405817985535,1.601932406425476,0.9178555607795715
1780626039050211300,5.79321142578125,0.12332166731357574,1.6979715824127197,0.8254081606864929
1780626039060207400,5.803207275390625,0.028972528874874115,1.4550433158874512,0.649372398853302
1780626039070202400,5.813202392578125,0.01395629532635212,0.9323239326477051,0.4415702223777771
1780626039080197400,5.823197265625,0.04234053194522858,0.2245742529630661,0.23570813238620758
1780626039090193200,5.833193115234375,0.06619153916835785,-0.2705838084220886,0.06373610347509384
1780626039100188400,5.8431884765625,0.08046554774045944,-0.3779643476009369,-0.05318492278456688
1780626039110184400,5.853184326171875,0.08903399854898453,-0.26794809103012085,-0.11312122642993927
1780626039120179500,5.863179443359375,0.08383258432149887,-0.13414129614830017,-0.14078322052955627
1780626039130174500,5.873174560546875,0.08483899384737015,-0.008518652990460396,-0.15256983041763306
1780626039140170200,5.883170166015625,0.10230400413274765,0.13155455887317657,-0.1647021323442459
1780626039150165200,5.893165283203125,0.12179088592529297,0.27851417660713196,-0.1779915690422058
1780626039160161500,5.90316162109375,0.1142493411898613,0.373553603887558,-0.20177093148231506
1780626039170156500,5.913156494140625,0.09003747999668121,0.36214515566825867,-0.24204964935779572
1780626039180151600,5.923151611328125,0.07168803364038467,0.27831605076789856,-0.28569671511650085
1780626039190147300,5.933147216796875,0.07724445313215256,0.19504138827323914,-0.3128646910190582
1780626039200142300,5.943142333984375,0.0988331064581871,0.133929044008255,-0.311726450920105
1780626039210138400,5.953138427734375,0.11750159412622452,0.10642657428979874,-0.26540130376815796
1780626039220133400,5.96313330078125,0.12201432138681412,0.13633733987808228,-0.18538397550582886
1780626039230128400,5.97312841796875,0.11727602779865265,0.24108877778053284,-0.10821249336004257
1780626039240124400,5.98312451171875,0.08781800419092178,0.3528185188770294,-0.03816922381520271
1780626039250119400,5.993119384765625,0.02201874926686287,0.405860960483551,0.015387478284537792
1780626039260115500,6.003115478515625,-0.02905375510454178,0.39196404814720154,0.038415830582380295
1780626039270110500,6.0131103515625,-0.0405583456158638,0.3542398512363434,0.01672678254544735
1780626039280105500,6.02310546875,-0.008280300535261631,0.3373865485191345,-0.042823631316423416
1780626039290101200,6.033101318359375,0.04344334825873375,0.337312251329422,-0.12614168226718903
1780626039300096300,6.04309619140625,0.09351823478937149,0.30079472064971924,-0.2203661948442459
1780626039310092500,6.053092529296875,0.12532676756381989,0.20543305575847626,-0.30783745646476746
1780626039320087600,6.063087646484375,0.14349618554115295,0.07372801750898361,-0.3831159472465515
1780626039330082300,6.073082275390625,0.15052159130573273,-0.0561375729739666,-0.4349762201309204
1780626039340078300,6.083078369140625,0.14527596533298492,-0.15094158053398132,-0.4440147280693054
1780626039350073300,6.0930732421875,0.13635997474193573,-0.1640901416540146,-0.4163508713245392
1780626039360068400,6.103068359375,0.1317359209060669,-0.09489215910434723,-0.35917094349861145
1780626039370064400,6.113064453125,0.11887871474027634,0.02280731126666069,-0.2796715795993805
1780626039380059400,6.123059326171875,0.09914522618055344,0.14795270562171936,-0.19518733024597168
1780626039390055400,6.133055419921875,0.08774955570697784,0.24108345806598663,-0.1378082036972046
1780626039400050400,6.143050537109375,0.09004253894090652,0.31208544969558716,-0.11990723013877869
1780626039410045400,6.15304541015625,0.10395515710115433,0.3536917567253113,-0.11910855025053024
1780626039420041200,6.163041259765625,0.11715645343065262,0.3856031000614166,-0.11640969663858414
1780626039430036200,6.1730361328125,0.1325252801179886,0.4084886908531189,-0.12396721541881561
1780626039440032500,6.183032470703125,0.14238697290420532,0.43826550245285034,-0.15591156482696533
1780626039450027300,6.19302734375,0.15735286474227905,0.475614458322525,-0.21054871380329132
1780626039460022300,6.203022216796875,0.1724623143672943,0.5426832437515259,-0.26577523350715637
1780626039470018000,6.21301806640625,0.16675809025764465,0.6798192858695984,-0.32633817195892334
1780626039480013000,6.223012939453125,0.14956125617027283,0.8342961668968201,-0.3981231451034546
1780626039490009000,6.233009033203125,0.12352380156517029,0.9178997278213501,-0.47875407338142395
1780626039500004000,6.243004150390625,0.09314725548028946,0.8465794920921326,-0.5283530354499817
1780626039509999000,6.2529990234375,0.06889118254184723,0.6513753533363342,-0.5201569199562073
1780626039519995100,6.2629951171875,0.06987815350294113,0.4542290270328522,-0.4401049315929413
1780626039529990100,6.272990234375,0.09728021174669266,0.33553460240364075,-0.3393405079841614
1780626039539986200,6.282986083984375,0.13065308332443237,0.30784890055656433,-0.2796953022480011
1780626039549981200,6.292981201171875,0.14132064580917358,0.3368033170700073,-0.26123347878456116
1780626039559976200,6.30297607421875,0.10320495069026947,0.401790589094162,-0.2748696506023407
1780626039569972000,6.312971923828125,0.022646456956863403,0.46955764293670654,-0.31658193469047546
1780626039579967000,6.322967041015625,-0.06872154027223587,0.5182900428771973,-0.38730698823928833
1780626039589963300,6.33296337890625,-0.11589410901069641,0.5094429850578308,-0.4493330717086792
1780626039599958300,6.342958251953125,-0.08078592270612717,0.43580126762390137,-0.49212127923965454
1780626039609953300,6.352953369140625,0.017313210293650627,0.30025115609169006,-0.5302239060401917
1780626039619949000,6.362948974609375,0.12405084073543549,0.1417107880115509,-0.5696938037872314
1780626039629944000,6.372944091796875,0.1908024400472641,0.01452887523919344,-0.6009164452552795
1780626039639940000,6.382940185546875,0.20701895654201508,-0.055026501417160034,-0.6080390810966492
1780626039649935400,6.392935302734375,0.19382911920547485,-0.1078585535287857,-0.5970703363418579
1780626039659930000,6.40293017578125,0.16123948991298676,-0.14970986545085907,-0.5816322565078735
1780626039669926100,6.412926025390625,0.1180880218744278,-0.17349189519882202,-0.5688762664794922
1780626039679921200,6.422921142578125,0.08821108192205429,-0.1937585473060608,-0.5316681265830994
1780626039689917200,6.432917236328125,0.09550947695970535,-0.17578141391277313,-0.4628904163837433
1780626039699912200,6.442912109375,0.14321228861808777,-0.11386425048112869,-0.3854401111602783
1780626039709907000,6.452906982421875,0.20135068893432617,-0.058989018201828,-0.33690398931503296
1780626039719903200,6.4629033203125,0.2316494733095169,-0.04755260422825813,-0.33774101734161377
1780626039729898200,6.472898193359375,0.2317570596933365,-0.04987408220767975,-0.37203508615493774
1780626039739894300,6.482894287109375,0.21215806901454926,-0.04333841800689697,-0.39923128485679626
1780626039749889000,6.492888916015625,0.1822531670331955,-0.023195866495370865,-0.4064851999282837
1780626039759884000,6.502884033203125,0.15682929754257202,-0.008020908571779728,-0.4006888270378113
1780626039769880000,6.512880126953125,0.13421691954135895,-0.007388407830148935,-0.3822605609893799
1780626039779875000,6.522875,0.11672874540090561,-0.013701431453227997,-0.34823495149612427
1780626039789871000,6.53287109375,0.1009436547756195,-0.02123311720788479,-0.30319875478744507
1780626039799866000,6.5428662109375,0.08378437906503677,-0.019931629300117493,-0.2628327012062073
1780626039809861000,6.552861083984375,0.06418697535991669,-0.0067226174287498,-0.24610164761543274
1780626039819857200,6.562857177734375,0.04966209456324577,0.003939347807317972,-0.26464763283729553
1780626039829852200,6.57285205078125,0.04951322451233864,0.00041625206358730793,-0.32117030024528503
1780626039839848000,6.582847900390625,0.07100626826286316,-0.015984559431672096,-0.4015817940235138
1780626039849843000,6.592843017578125,0.10088453441858292,-0.030519559979438782,-0.48104944825172424
1780626039859838200,6.602838134765625,0.12034505605697632,-0.010074738413095474,-0.5355387926101685
1780626039869834200,6.612834228515625,0.1265116035938263,0.037281058728694916,-0.5517811179161072
1780626039879829200,6.622829345703125,0.12000789493322372,0.0945424810051918,-0.5325115919113159
1780626039889825000,6.632824951171875,0.09014693647623062,0.14649036526679993,-0.48563966155052185
1780626039899820000,6.642820068359375,0.05284350737929344,0.18098708987236023,-0.42628633975982666
1780626039909815000,6.65281494140625,0.012675048783421516,0.1887451559305191,-0.3687756359577179
1780626039919811300,6.662811279296875,-0.010783405043184757,0.17682990431785583,-0.34531211853027344
1780626039929806300,6.672806396484375,-0.01732972078025341,0.13800740242004395,-0.3491223156452179
1780626039939802000,6.682802001953125,0.001276453142054379,0.07040732353925705,-0.35984206199645996
1780626039949797000,6.692797119140625,0.03296993300318718,-0.013654559850692749,-0.36713460087776184
1780626039959792000,6.702792236328125,0.06483358889818192,-0.10785190016031265,-0.36828935146331787
1780626039969788200,6.7127880859375,0.0789739117026329,-0.21306459605693817,-0.3733062148094177
1780626039979783200,6.722783203125,0.07400418817996979,-0.32208696007728577,-0.38904044032096863
1780626039989779200,6.732779296875,0.06789329648017883,-0.43635040521621704,-0.40320152044296265
1780626039999774200,6.742774169921875,0.05952431261539459,-0.5579218864440918,-0.3933289051055908
1780626040009769200,6.752769287109375,0.035599540919065475,-0.663713812828064,-0.35436952114105225
1780626040019765200,6.76276513671875,0.010220146737992764,-0.6934767365455627,-0.2941695749759674
1780626040029760000,6.772760009765625,0.003736148588359356,-0.6515705585479736,-0.2098696082830429
1780626040039756000,6.782756103515625,0.003442135639488697,-0.5589330792427063,-0.09871991723775864
1780626040049751000,6.7927509765625,0.006828344892710447,-0.377212792634964,0.003594468580558896
1780626040059746000,6.80274609375,0.026747457683086395,-0.09301596134901047,0.057689130306243896
1780626040069742000,6.8127421875,0.05450079217553139,0.19335508346557617,0.05119447782635689
1780626040079737000,6.822737060546875,0.07409952580928802,0.3362269997596741,-0.0025268071331083775
1780626040089733000,6.832733154296875,0.074576236307621,0.2698056399822235,-0.07415945082902908
1780626040099728100,6.84272802734375,0.06793510913848877,0.11959563940763474,-0.13624918460845947
1780626040109723100,6.85272314453125,0.0645049586892128,0.04002464935183525,-0.1654890924692154
1780626040119719000,6.862718994140625,0.04563193395733833,0.026969298720359802,-0.13340039551258087
1780626040129714200,6.872714111328125,0.016049273312091827,0.051895420998334885,-0.06120077148079872
1780626040139710200,6.882710205078125,-0.016149409115314484,0.08646830916404724,-0.00023329291434492916
1780626040149705200,6.892705322265625,-0.06221676990389824,0.1545693427324295,0.013294766657054424
1780626040159700200,6.9027001953125,-0.11219631135463715,0.22425201535224915,0.003865045728161931
1780626040169696000,6.912696044921875,-0.13915309309959412,0.26051759719848633,0.015693210065364838
1780626040179691000,6.92269091796875,-0.1519589126110077,0.2328452318906784,0.07844100892543793
1780626040189687300,6.932687255859375,-0.18197326362133026,0.27872830629348755,0.170579195022583
1780626040199682300,6.942682373046875,-0.24938826262950897,0.49132099747657776,0.2658010423183441
1780626040209677300,6.95267724609375,-0.33247676491737366,0.7309887409210205,0.3626146912574768
1780626040219673000,6.962673095703125,-0.3915768265724182,0.8376262187957764,0.44804808497428894
1780626040229668000,6.972668212890625,-0.3903682827949524,0.7489903569221497,0.5041113495826721
1780626040239664000,6.9826640625,-0.32922396063804626,0.4606371223926544,0.510239839553833
1780626040249659100,6.9926591796875,-0.23496749997138977,0.07852889597415924,0.42878252267837524
1780626040259654100,7.002654052734375,-0.11132679134607315,-0.29507264494895935,0.26720401644706726
1780626040269650200,7.012650146484375,0.013493970967829227,-0.6017258167266846,0.11118137836456299
1780626040279645200,7.022645263671875,0.0904766395688057,-0.7086855173110962,0.03790077567100525
1780626040289641200,7.03264111328125,0.08934798836708069,-0.4805122911930084,0.04168938845396042
1780626040299636200,7.04263623046875,0.047558996826410294,-0.08142082393169403,0.13426139950752258
1780626040309631200,7.05263134765625,0.016646089032292366,0.2194274216890335,0.3299185037612915
1780626040319627000,7.062626953125,-0.003888747887685895,0.39066895842552185,0.5617395043373108
1780626040329622000,7.0726220703125,-0.013080115430057049,0.4503205716609955,0.7539473176002502
1780626040339618300,7.082618408203125,-0.009133577346801758,0.3637832701206207,0.8580057621002197
1780626040349613300,7.09261328125,0.013925403356552124,0.1399107575416565,0.8567032217979431
1780626040359608000,7.102608154296875,0.0586574524641037,-0.17227908968925476,0.7797120213508606
1780626040369604000,7.11260400390625,0.11180029809474945,-0.45945706963539124,0.6724410057067871
1780626040379599000,7.12259912109375,0.15086062252521515,-0.6601723432540894,0.5694067478179932
1780626040389595100,7.13259521484375,0.1762959361076355,-0.7736040949821472,0.471918523311615
1780626040399590000,7.14258984375,0.18117831647396088,-0.8279170989990234,0.34105318784713745
1780626040409585200,7.152585205078125,0.18032556772232056,-0.8412070870399475,0.15151256322860718
1780626040419581200,7.162581298828125,0.18569210171699524,-0.8118681311607361,-0.09891699254512787
1780626040429576200,7.172576171875,0.17158401012420654,-0.729083776473999,-0.3810408115386963
1780626040439572000,7.182572021484375,0.12259861826896667,-0.5660309195518494,-0.6647061109542847
1780626040449567000,7.19256689453125,0.04344840720295906,-0.33705204725265503,-0.8680775761604309
1780626040459562000,7.20256201171875,-0.011692608706653118,-0.06358376890420914,-0.9043237566947937
1780626040469558000,7.21255810546875,0.004762797150760889,0.2079119235277176,-0.7606281042098999
1780626040479553000,7.222552978515625,0.06433717906475067,0.42842352390289307,-0.48845648765563965
1780626040489548000,7.232548095703125,0.09651189297437668,0.6156868934631348,-0.14839665591716766
1780626040499543800,7.242543701171875,0.061230067163705826,0.8074776530265808,0.2530261278152466
1780626040509539000,7.2525390625,-0.049135588109493256,1.0691473484039307,0.6793569326400757
1780626040519535000,7.26253515625,-0.21573282778263092,1.4654337167739868,1.0478825569152832
1780626040529530000,7.272530029296875,-0.42085081338882446,1.8619349002838135,1.3001503944396973
1780626040539525000,7.282525146484375,-0.5612103343009949,1.9027905464172363,1.3562557697296143
1780626040549521000,7.29252099609375,-0.4914807975292206,1.3552461862564087,1.1096683740615845
1780626040559516000,7.302515869140625,-0.25932103395462036,0.4266189634799957,0.48039084672927856
1780626040569512000,7.312511962890625,-0.07221294194459915,-0.4520673453807831,-0.3391684889793396
1780626040579507200,7.322507080078125,-0.1163439229130745,-0.681265652179718,-0.863957941532135
1780626040589502200,7.332502197265625,-0.3759041130542755,-0.4547770917415619,-0.834887683391571
1780626040599498000,7.342498046875,-0.5795571208000183,-0.3057447373867035,-0.4318036139011383
1780626040609493000,7.352492919921875,-0.5818554162979126,-0.3990075886249542,-0.08575112372636795
1780626040619489000,7.362489013671875,-0.46627530455589294,-0.5604017972946167,-0.022850187495350838
1780626040629484000,7.372484130859375,-0.30975067615509033,-0.6174333691596985,-0.10195912420749664
1780626040639479000,7.38247900390625,-0.2179136872291565,-0.628064751625061,-0.11633379757404327
1780626040649475000,7.39247509765625,-0.2309410721063614,-0.6149792671203613,-0.009614810347557068
1780626040659470000,7.402469970703125,-0.3018301725387573,-0.5049291849136353,0.1306176632642746
1780626040669466000,7.412466064453125,-0.3660096824169159,-0.29233863949775696,0.20255017280578613
1780626040679461000,7.422461181640625,-0.39370521903038025,-0.030057767406105995,0.17762619256973267
1780626040689455900,7.432455810546875,-0.4021093547344208,0.08185651898384094,0.1713576316833496
1780626040699452000,7.442451904296875,-0.410791277885437,-0.053217947483062744,0.21830064058303833
1780626040709447000,7.452447021484375,-0.39740779995918274,-0.216024711728096,0.24784468114376068
1780626040719443200,7.462443115234375,-0.37846875190734863,-0.2772121727466583,0.22619132697582245
1780626040729438000,7.47243798828125,-0.3786969780921936,-0.28500083088874817,0.2157309651374817
1780626040739433000,7.482432861328125,-0.40669745206832886,-0.26958194375038147,0.2645784020423889
1780626040749429000,7.492428955078125,-0.44931814074516296,-0.21985167264938354,0.34224921464920044
1780626040759424000,7.502424072265625,-0.4818577170372009,-0.1407637745141983,0.38316017389297485
1780626040769420000,7.512419921875,-0.5209712982177734,-0.023797208443284035,0.33288875222206116
1780626040779414800,7.522414794921875,-0.5594435930252075,0.0825183093547821,0.26623088121414185
1780626040789410000,7.53241015625,-0.5851992964744568,0.1585044264793396,0.2651784121990204
1780626040799406000,7.542406005859375,-0.6107637882232666,0.2704906165599823,0.32671019434928894
1780626040809401000,7.552401123046875,-0.6355833411216736,0.4285143315792084,0.4030534625053406
1780626040819396900,7.56239697265625,-0.6570897102355957,0.5776162147521973,0.4536404609680176
1780626040829392000,7.572391845703125,-0.6744716167449951,0.6314210891723633,0.4190302789211273
1780626040839387000,7.582386962890625,-0.6727815866470337,0.5530394911766052,0.29941466450691223
1780626040849383200,7.592383056640625,-0.6396856904029846,0.3822208642959595,0.16786757111549377
1780626040859378200,7.602378173828125,-0.5986796617507935,0.06181356683373451,0.10231305658817291
1780626040869374000,7.6123740234375,-0.5599828958511353,-0.1916048526763916,0.14665016531944275
1780626040879369000,7.622368896484375,-0.5343014597892761,-0.25221946835517883,0.23415523767471313
1780626040889364000,7.632364013671875,-0.5162891745567322,-0.18329791724681854,0.2856549322605133
1780626040899360000,7.642360107421875,-0.4853525757789612,-0.0655776783823967,0.26566281914711
1780626040909355000,7.65235498046875,-0.418012410402298,0.03177604079246521,0.18587106466293335
1780626040919351000,7.66235107421875,-0.32740557193756104,0.09898117184638977,0.08104424923658371
1780626040929346000,7.672345947265625,-0.2278645932674408,0.08992509543895721,0.012535233050584793
1780626040939341000,7.682341064453125,-0.16429679095745087,0.007501325570046902,0.04427611827850342
1780626040949337000,7.692337158203125,-0.16655835509300232,-0.08050736039876938,0.16586565971374512
1780626040959332000,7.70233203125,-0.21309016644954681,-0.13207094371318817,0.3064371645450592
1780626040969327900,7.712327880859375,-0.2493578940629959,-0.14385810494422913,0.3854856491088867
1780626040979323000,7.722322998046875,-0.26405107975006104,-0.14134301245212555,0.3724689185619354
1780626040989318000,7.73231787109375,-0.2587207853794098,-0.14403466880321503,0.3036978244781494
1780626040999314200,7.742314208984375,-0.2554088532924652,-0.10728837549686432,0.2264203578233719
1780626041009309000,7.752308837890625,-0.27139583230018616,-0.011168498545885086,0.20204897224903107
1780626041019305000,7.762304931640625,-0.31573984026908875,0.11322961747646332,0.2702306807041168
1780626041029300000,7.772300048828125,-0.3829633593559265,0.22401179373264313,0.3644208312034607
1780626041039295000,7.782294921875,-0.4466446042060852,0.2494836002588272,0.3935108184814453
1780626041049291000,7.792291015625,-0.4827786386013031,0.24370241165161133,0.32132238149642944
1780626041059286000,7.8022861328125,-0.46956801414489746,0.20220689475536346,0.19231830537319183
1780626041069282000,7.812281982421875,-0.4205147325992584,0.14321094751358032,0.07155913859605789
1780626041079277000,7.822277099609375,-0.37102067470550537,0.09683253616094589,0.012561864219605923
1780626041089272000,7.83227197265625,-0.33250710368156433,0.08895410597324371,0.019337212666869164
1780626041099267800,7.842267822265625,-0.2836000323295593,0.11652128398418427,0.035343609750270844
1780626041109262800,7.852262939453125,-0.19036808609962463,0.12618562579154968,-0.024216389283537865
1780626041119259100,7.862259033203125,-0.04370487108826637,0.07076098769903183,-0.16994349658489227
1780626041129254100,7.872254150390625,0.14670023322105408,0.000027430558475316502,-0.401714950799942
1780626041139249200,7.882249267578125,0.34977051615715027,-0.01101749762892723,-0.5968692302703857
1780626041149245000,7.892244873046875,0.5146886110305786,0.2111407369375229,-0.6149153709411621
1780626041159240000,7.902239990234375,0.6126689910888672,0.6844406723976135,-0.4862402081489563
1780626041169235000,7.91223486328125,0.6308272480964661,1.1912574768066406,-0.35595276951789856
1780626041179231000,7.92223095703125,0.5847201943397522,1.4830925464630127,-0.30862361192703247
1780626041189226000,7.93222607421875,0.5136345624923706,1.5874141454696655,-0.3076568841934204
1780626041199222000,7.942221923828125,0.4111611843109131,1.4932078123092651,-0.3139480650424957
1780626041209217000,7.952217041015625,0.23254109919071198,1.2903289794921875,-0.32644015550613403
1780626041219212000,7.9622119140625,-0.025587385520339012,1.2000645399093628,-0.35619673132896423
1780626041229208000,7.9722080078125,-0.32410112023353577,1.177757978439331,-0.462612122297287
1780626041239203000,7.982203125,-0.5521385073661804,0.8598787784576416,-0.5589469075202942
1780626041249198800,7.99219873046875,-0.6280593872070312,0.30134493112564087,-0.6240044832229614
1780626041259193900,8.00219384765625,-0.5192564725875854,-0.13356418907642365,-0.6358925700187683
1780626041269189000,8.012189208984376,-0.30381980538368225,-0.32275593280792236,-0.6169806718826294
1780626041279185200,8.02218505859375,-0.06693562120199203,-0.447216659784317,-0.611036479473114
1780626041289180200,8.03218017578125,0.13433463871479034,-0.5676764845848083,-0.6535738110542297
1780626041299176000,8.042176025390624,0.24339507520198822,-0.43807268142700195,-0.7093113660812378
1780626041309171000,8.0521708984375,0.22511674463748932,-0.14613111317157745,-0.7634212374687195
1780626041319166000,8.062166015625,0.10118014365434647,-0.05143842473626137,-0.7570543885231018
1780626041329162200,8.072162353515624,-0.05880605801939964,-0.06917454302310944,-0.6336922645568848
1780626041339157000,8.082156982421875,-0.1805788278579712,-0.002651176881045103,-0.4607921242713928
1780626041349153000,8.092153076171876,-0.23680615425109863,0.07968390733003616,-0.3350605368614197
1780626041359148000,8.10214794921875,-0.2541193664073944,0.03343891724944115,-0.3661034107208252
1780626041369143000,8.11214306640625,-0.2121170461177826,-0.09252167493104935,-0.49575915932655334
1780626041379139000,8.12213916015625,-0.11920468509197235,-0.0976911410689354,-0.5026788711547852
1780626041389133800,8.1321337890625,0.01107475534081459,0.09465061128139496,-0.33258727192878723
1780626041399130000,8.142130126953125,0.09223778545856476,0.3624657988548279,-0.12005610018968582
1780626041409125000,8.152125,0.07589662820100784,0.3245692849159241,0.0389908067882061
1780626041419120000,8.1621201171875,0.026511767879128456,0.06520110368728638,0.10222330689430237
1780626041429116000,8.172115966796875,-0.003563842037692666,-0.18512378633022308,0.003575559938326478
1780626041439111000,8.18211083984375,0.007151918951421976,-0.39422985911369324,-0.22287090122699738
1780626041449107700,8.192107666015625,0.09035945683717728,-0.4780033230781555,-0.4738144278526306
1780626041459102700,8.202102783203125,0.22420673072338104,-0.5337635278701782,-0.6211287975311279
1780626041469097700,8.21209765625,0.33731570839881897,-0.36223918199539185,-0.5097237229347229
1780626041479093500,8.222093505859375,0.35588592290878296,0.07740744203329086,-0.2073124349117279
1780626041489088500,8.232088623046875,0.24442492425441742,0.571893572807312,0.05439426749944687
1780626041499084800,8.242084716796874,0.1051676943898201,0.8508450984954834,0.20232567191123962
1780626041509079800,8.252079833984375,0.04956568777561188,0.763680636882782,0.16877970099449158
1780626041519074600,8.262074462890626,0.07579515874385834,0.4628762900829315,0.08472154289484024
1780626041529070600,8.272070556640625,0.11569171398878098,0.20700670778751373,0.06101488322019577
1780626041539065600,8.282065673828125,0.13512186706066132,0.08484724909067154,0.07535707205533981
1780626041549061600,8.2920615234375,0.13869263231754303,0.08776047825813293,0.02738608419895172
1780626041559056600,8.302056640625,0.13009728491306305,0.1413842886686325,-0.06865895539522171
1780626041569051600,8.3120517578125,0.11487172544002533,0.21065203845500946,-0.08033531904220581
1780626041579047700,8.322047607421876,0.11467918008565903,0.20833349227905273,-0.06318935751914978
1780626041589042700,8.332042724609375,0.1457337737083435,0.23830364644527435,-0.006608367897570133
1780626041599037700,8.34203759765625,0.21179747581481934,0.2638814449310303,0.10615945607423782
1780626041609033500,8.352033447265624,0.2805946469306946,0.23867595195770264,0.23646819591522217
1780626041619028500,8.362028564453125,0.3113536238670349,0.20235364139080048,0.34355178475379944
1780626041629024800,8.372024658203125,0.281869500875473,-0.014279603026807308,0.29098817706108093
1780626041639019800,8.382019775390624,0.24034230411052704,-0.21766415238380432,0.1562817543745041
1780626041649014800,8.392014892578125,0.22979165613651276,-0.20498137176036835,0.02539004571735859
1780626041659010600,8.402010498046875,0.23974229395389557,-0.24598820507526398,-0.047092944383621216
1780626041669005600,8.412005615234374,0.2612270712852478,-0.2944082021713257,-0.03218802809715271
1780626041679001600,8.422001708984375,0.2739492654800415,-0.31750500202178955,0.05048474669456482
1780626041688996600,8.43199658203125,0.2723985016345978,-0.2640646696090698,0.19129805266857147
1780626041698991600,8.44199169921875,0.21956723928451538,-0.03509407117962837,0.3889261782169342
1780626041708987600,8.451987548828125,0.18117591738700867,-0.03280108794569969,0.4844124913215637
1780626041718982700,8.461982666015626,0.22249272465705872,-0.1778983622789383,0.42953911423683167
1780626041728978700,8.471978759765625,0.2746161222457886,-0.14099040627479553,0.32571685314178467
1780626041738973700,8.4819736328125,0.30882254242897034,-0.17833298444747925,0.15787911415100098
1780626041748968700,8.49196875,0.3337145745754242,-0.2931796908378601,0.049786463379859924
1780626041758964500,8.501964599609375,0.28334009647369385,-0.16358253359794617,0.02875734493136406
1780626041768959500,8.51195947265625,0.1659407615661621,0.016385098919272423,0.055268846452236176
1780626041778955800,8.521955810546874,0.10497861355543137,0.049000032246112823,0.15864238142967224
1780626041788950800,8.53195068359375,0.11763449013233185,-0.08968141674995422,0.21248136460781097
1780626041798945800,8.54194580078125,0.17258988320827484,-0.20455633103847504,0.17979639768600464
1780626041808941600,8.551941650390624,0.28209561109542847,-0.24629312753677368,0.1278786063194275
1780626041818936600,8.5619365234375,0.42934125661849976,-0.3250609040260315,0.11098750680685043
1780626041828932600,8.5719326171875,0.5935363173484802,-0.4182033836841583,0.14258457720279694
1780626041838928000,8.581927978515624,0.7409135103225708,-0.4355115294456482,0.23613956570625305
1780626041848922600,8.591922607421875,0.7861931324005127,-0.2501291334629059,0.38492265343666077
1780626041858918700,8.601918701171876,0.6242031455039978,0.0450737364590168,0.5256126523017883
1780626041868913700,8.61191357421875,0.29083874821662903,0.2364484965801239,0.602218747138977
1780626041878909700,8.62190966796875,0.050983820110559464,0.29294586181640625,0.6186589598655701
1780626041888904400,8.631904541015626,0.009159144014120102,0.2330383062362671,0.5741402506828308
1780626041898899500,8.6418994140625,0.07491738349199295,0.08107061684131622,0.44830402731895447
1780626041908895700,8.651895751953125,0.1454530656337738,-0.10880663990974426,0.26638028025627136
1780626041918890800,8.661890869140626,0.16100220382213593,-0.25482162833213806,0.11141414195299149
1780626041928886500,8.671886474609375,0.1348496973514557,-0.3202592432498932,0.04111281409859657
1780626041938881500,8.681881591796875,0.09631641954183578,-0.23043666779994965,0.06827253103256226
1780626041948876500,8.69187646484375,0.04861866682767868,-0.062380287796258926,0.145193412899971
1780626041958872600,8.70187255859375,-0.001127582392655313,0.0008458199445158243,0.2055121511220932
1780626041968867600,8.71186767578125,-0.01338664535433054,-0.02359081245958805,0.2287045568227768
1780626041978863600,8.721863525390624,0.025790851563215256,-0.024020381271839142,0.24223127961158752
1780626041988858600,8.731858642578125,0.11903531104326248,0.005886651109904051,0.2386770248413086
1780626041998853600,8.741853515625,0.21198415756225586,0.03531378135085106,0.21430830657482147
1780626042008849700,8.751849609375,0.23949967324733734,-0.017913220450282097,0.16054227948188782
1780626042018844700,8.7618447265625,0.18178071081638336,-0.09987812489271164,0.11314067244529724
1780626042028840400,8.77184033203125,0.0962596908211708,-0.09559310227632523,0.08314681798219681
1780626042038835500,8.78183544921875,0.04313388839364052,-0.019336946308612823,0.07761729508638382
1780626042048830700,8.791830810546875,0.024652082473039627,0.039439551532268524,0.08008205145597458
1780626042058826800,8.80182666015625,0.03074832446873188,0.005930593237280846,0.061477210372686386
1780626042068821800,8.81182177734375,0.04139670729637146,-0.12714144587516785,0.01830097660422325
1780626042078816800,8.821816650390625,0.03678304702043533,-0.22281257808208466,-0.03554973751306534
1780626042088812500,8.8318125,0.03383519500494003,-0.1880471408367157,-0.06120743229985237
1780626042098807600,8.8418076171875,0.029859894886612892,-0.07946419715881348,-0.009893377311527729
1780626042108803800,8.851803955078125,0.030765103176236153,0.056348495185375214,0.06756759434938431
1780626042118798800,8.861798828125,0.024049144238233566,0.23395444452762604,0.14733858406543732
1780626042128793600,8.871793701171875,0.0050687943585217,0.3662213981151581,0.19346827268600464
1780626042138789600,8.88178955078125,0.0005448827287182212,0.35812512040138245,0.18728014826774597
1780626042148784600,8.89178466796875,0.013653228059411049,0.20530495047569275,0.1067834347486496
1780626042158780700,8.90178076171875,0.02797730639576912,0.10501536726951599,0.02793229930102825
1780626042168775700,8.911775634765625,0.018668493255972862,0.12513688206672668,-0.017943046987056732
1780626042178770400,8.9217705078125,0.0003424825263209641,0.19153694808483124,-0.01495125237852335
1780626042188766700,8.9317666015625,-0.010057427920401096,0.26652809977531433,0.07672407478094101
1780626042198761700,8.94176171875,-0.03332093730568886,0.3064403533935547,0.17655132710933685
1780626042208757800,8.9517578125,-0.07861864566802979,0.24551628530025482,0.2094978392124176
1780626042218752500,8.96175244140625,-0.13218547403812408,0.18917711079120636,0.17344795167446136
1780626042228747500,8.97174755859375,-0.1728663146495819,0.14518915116786957,0.10071942210197449
1780626042238743600,8.98174365234375,-0.15070481598377228,0.09208092093467712,0.05655115842819214
1780626042248738600,8.991738525390625,-0.10131889581680298,0.06553826481103897,0.027122963219881058
1780626042258734600,9.001734619140626,-0.06246071308851242,0.10564573854207993,0.009810552932322025
1780626042268729600,9.0117294921875,-0.05469014123082161,0.19847899675369263,0.019779030233621597
1780626042278724600,9.021724609375,-0.07226061820983887,0.22269858419895172,0.02990436926484108
1780626042288720600,9.031720703125,-0.09384340792894363,0.18996381759643555,0.07282653450965881
1780626042298715600,9.041715576171875,-0.11680597811937332,0.2477424293756485,0.11545442044734955
1780626042308711400,9.05171142578125,-0.15147820115089417,0.3073655366897583,0.13933312892913818
1780626042318706700,9.061706787109374,-0.19172602891921997,0.2644718587398529,0.15658801794052124
1780626042328701700,9.07170166015625,-0.21775390207767487,0.12650839984416962,0.14732927083969116
1780626042338697700,9.08169775390625,-0.21680714190006256,0.1150171309709549,0.12625594437122345
1780626042348692700,9.091692626953124,-0.20754200220108032,0.17379975318908691,0.09051524847745895
1780626042358688500,9.1016884765625,-0.16341130435466766,0.035947881639003754,0.043110717087984085
1780626042368683500,9.11168359375,-0.07958457618951797,-0.1776549518108368,0.03734284266829491
1780626042378678500,9.121678466796874,-0.027340278029441833,-0.17639634013175964,0.07547931373119354
1780626042388674800,9.1316748046875,-0.05239236727356911,-0.04270405322313309,0.11829335242509842
1780626042398669800,9.141669921875,-0.130903422832489,0.13307815790176392,0.1680625081062317
1780626042408664600,9.15166455078125,-0.2047126591205597,0.10956057906150818,0.17914658784866333
1780626042418660600,9.16166064453125,-0.20947785675525665,-0.04698348790407181,0.15059377253055573
1780626042428655600,9.171655517578126,-0.1523013859987259,-0.15400394797325134,0.08410076051950455
1780626042438651600,9.181651611328125,-0.11371564865112305,-0.2568355202674866,0.02792191132903099
1780626042448646700,9.191646728515625,-0.1270226687192917,-0.30977383255958557,0.0400179885327816
1780626042458641400,9.201641357421876,-0.13800287246704102,-0.36192598938941956,0.06533746421337128
1780626042468637700,9.2116376953125,-0.10333810746669769,-0.46353036165237427,0.02684652805328369
1780626042478632700,9.2216328125,-0.04801493138074875,-0.3982480466365814,-0.0020788635592907667
1780626042488628700,9.231628662109374,0.01865304633975029,-0.36873647570610046,-0.010220413096249104
1780626042498623500,9.24162353515625,0.08733996748924255,-0.3930372893810272,-0.00824035331606865
1780626042508618500,9.251618408203125,0.12753959000110626,-0.27031803131103516,0.04968792945146561
1780626042518614500,9.261614501953124,0.1380244493484497,-0.13395141065120697,0.1398194134235382
1780626042528609500,9.271609619140625,0.1427861750125885,0.04145822674036026,0.2558189928531647
1780626042538605600,9.28160546875,0.13361318409442902,0.2488716095685959,0.32244250178337097
1780626042548600600,9.2916005859375,0.10882847756147385,0.31641337275505066,0.35419324040412903
1780626042558595600,9.301595703125,0.11012836545705795,0.32484492659568787,0.38127145171165466
1780626042568591600,9.311591552734376,0.15421833097934723,0.2527206838130951,0.354606032371521
1780626042578586600,9.321586669921874,0.2229481339454651,0.14516331255435944,0.2704266905784607
1780626042588582400,9.33158251953125,0.287701278924942,0.10906044393777847,0.16707554459571838
1780626042598577700,9.34157763671875,0.3642221689224243,0.11991255730390549,0.08850749582052231
1780626042608572700,9.35157275390625,0.4372684061527252,0.164884552359581,0.041904572397470474
1780626042618568700,9.361568603515625,0.4792238473892212,0.36757534742355347,0.0977606475353241
1780626042628563700,9.371563720703126,0.47490206360816956,0.7031080722808838,0.2078232318162918
1780626042638559500,9.3815595703125,0.4604687988758087,0.9022358059883118,0.26947808265686035
1780626042648554500,9.391554443359375,0.4222460389137268,0.9267419576644897,0.23705968260765076
1780626042658549500,9.401549560546876,0.34408333897590637,0.7340002059936523,0.1637077033519745
1780626042668545800,9.4115458984375,0.2891359329223633,0.42263728380203247,0.14365889132022858
1780626042678540800,9.421540771484375,0.3316466510295868,0.26154398918151855,0.13045388460159302
1780626042688536600,9.43153662109375,0.4775679111480713,0.2349616438150406,0.14271853864192963
1780626042698531600,9.441531494140625,0.6320517659187317,0.25979188084602356,0.20499442517757416
1780626042708526600,9.451526611328125,0.749419629573822,0.29162731766700745,0.2786007225513458
1780626042718522600,9.461522705078124,0.8061343431472778,0.621054470539093,0.30980074405670166
1780626042728517600,9.471517578125,0.7380775213241577,0.787077784538269,0.2374194711446762
1780626042738512600,9.4815126953125,0.5916401147842407,0.49142804741859436,0.17643707990646362
1780626042748508700,9.4915087890625,0.4655919373035431,0.0916774570941925,0.09090780466794968
1780626042758503700,9.501503662109375,0.42144283652305603,-0.13590030372142792,-0.0052472264505922794
1780626042768499700,9.511499755859376,0.44490742683410645,-0.093536876142025,-0.06247509643435478
1780626042778494700,9.52149462890625,0.565229594707489,-0.037884797900915146,0.04176821932196617
1780626042788489500,9.531489501953125,0.7623863220214844,0.02971555106341839,0.30308130383491516
1780626042798485500,9.541485595703126,0.9326110482215881,0.19189566373825073,0.48559120297431946
1780626042808480800,9.551480712890625,1.0881567001342773,0.06768263876438141,0.4814886152744293
1780626042818476800,9.561476806640625,1.235838770866394,-0.26724740862846375,0.3182661235332489
1780626042828471600,9.571471435546876,1.3263535499572754,-0.5439165830612183,0.15061107277870178
1780626042838466600,9.581466552734375,1.2266738414764404,-0.519069254398346,0.12620240449905396
1780626042848462600,9.591462646484375,0.9389176964759827,-0.17265646159648895,0.17153926193714142
1780626042858457600,9.60145751953125,0.6324152946472168,0.14122183620929718,0.22450260818004608
1780626042868453600,9.61145361328125,0.3654150068759918,0.2103268802165985,0.31193897128105164
1780626042878448600,9.62144873046875,0.14572924375534058,0.11480541527271271,0.29502418637275696
1780626042888443600,9.631443603515624,-0.09972206503152847,0.22866247594356537,0.11817564070224762
1780626042898439700,9.641439697265625,-0.3092081844806671,0.5840439796447754,-0.05438707396388054
1780626042908434700,9.6514345703125,-0.4096812605857849,0.9568101167678833,-0.30693623423576355
1780626042918430500,9.661430419921874,-0.4574860632419586,1.101938247680664,-0.8706446290016174
1780626042928425500,9.671425537109375,-0.49783188104629517,1.0031403303146362,-1.6836339235305786
1780626042938420500,9.68142041015625,-0.5349971055984497,0.8024503588676453,-2.3446431159973145
1780626042948416800,9.691416748046874,-0.5765104293823242,0.6803622841835022,-2.5607292652130127
1780626042958411800,9.701411865234375,-0.6352752447128296,0.7173618674278259,-2.4210681915283203
1780626042968407600,9.711407470703126,-0.7238003015518188,0.9043197631835938,-2.13311767578125
1780626042978402600,9.721402587890625,-0.8569588661193848,1.2378425598144531,-1.8798021078109741
1780626042988397600,9.7313974609375,-1.0397753715515137,1.6718816757202148,-1.792015552520752
1780626042998393600,9.7413935546875,-1.2256284952163696,2.0112061500549316,-1.8301341533660889
1780626043008388600,9.751388671875,-1.3774467706680298,2.17769455909729,-1.9272377490997314
1780626043018384600,9.761384521484375,-1.4686782360076904,2.171156644821167,-2.00040602684021
1780626043028379600,9.771379638671876,-1.5111665725708008,2.11249041557312,-1.9537529945373535
1780626043038374700,9.781374755859375,-1.5500234365463257,2.1195476055145264,-1.7798384428024292
1780626043048370700,9.79137060546875,-1.6452484130859375,2.381030321121216,-1.6207183599472046
1780626043058365700,9.80136572265625,-1.7870337963104248,2.5632431507110596,-1.483206868171692
1780626043068360400,9.8113603515625,-1.959970474243164,2.4063751697540283,-1.2916533946990967
1780626043078356700,9.821356689453125,-2.1490886211395264,2.210881233215332,-1.084465503692627
1780626043088351700,9.831351806640624,-2.3335390090942383,2.1945137977600098,-0.9722630977630615
1780626043098347800,9.84134765625,-2.4761853218078613,2.253368854522705,-0.9512203931808472
1780626043108342500,9.851342529296875,-2.5762388706207275,2.3599979877471924,-1.0608446598052979
1780626043118337500,9.861337646484374,-2.61261248588562,2.6201846599578857,-1.3088326454162598
1780626043128333600,9.87133349609375,-2.5961577892303467,2.565682888031006,-1.5255039930343628
1780626043138328600,9.88132861328125,-2.568233013153076,2.2271385192871094,-1.43778657913208
1780626043148324600,9.89132470703125,-2.655254602432251,2.1159205436706543,-0.9704156517982483
1780626043158319600,9.901319580078125,-2.926328182220459,2.2380285263061523,-0.3690512776374817
1780626043168314600,9.911314697265626,-3.2473325729370117,2.2642648220062256,0.04740133881568909
1780626043178310700,9.921310546875,-3.4958763122558594,2.16054105758667,0.15118499100208282
1780626043188305700,9.9313056640625,-3.6176915168762207,1.722834587097168,0.011344533413648605
1780626043198301400,9.941301513671876,-3.628528118133545,0.9931321740150452,-0.09683413803577423
1780626043208296400,9.95129638671875,-3.6280641555786133,0.36165621876716614,-0.0886790007352829
1780626043218291500,9.96129150390625,-3.5832676887512207,-0.005423527676612139,-0.0852922573685646
1780626043228287700,9.971287841796874,-3.467235803604126,-0.16020192205905914,-0.31684958934783936
1780626043238282800,9.98128271484375,-3.2029292583465576,-0.3244459927082062,-0.6862193942070007
1780626043248278500,9.991278564453125,-2.839416265487671,-0.5494647026062012,-0.9530161619186401
1780626043258273500,10.0012734375,-2.6466078758239746,-0.6879997253417969,-1.0752475261688232
1780626043268268500,10.0112685546875,-2.6915812492370605,-0.6827567219734192,-1.0539214611053467
1780626043278264600,10.0212646484375,-2.793210744857788,-0.5547233819961548,-0.9054156541824341
1780626043288259800,10.031259765625,-2.8248913288116455,-0.30724382400512695,-0.803955078125
1780626043298254800,10.0412548828125,-2.7660231590270996,-0.07794486731290817,-0.8076246380805969
1780626043308250600,10.051250732421876,-2.5789599418640137,0.10741753876209259,-0.9152003526687622
1780626043318245600,10.06124560546875,-2.261336326599121,0.295918732881546,-1.0703026056289673
1780626043328241700,10.07124169921875,-2.047684669494629,0.5229809284210205,-1.2303316593170166
1780626043338236700,10.081236572265626,-2.027254104614258,0.7104059457778931,-1.3953871726989746
1780626043348231700,10.091231689453124,-1.987335205078125,0.6944836974143982,-1.456527829170227
1780626043358227700,10.101227783203125,-1.915832757949829,0.5578067898750305,-1.379447102546692
1780626043368222700,10.11122265625,-1.931742548942566,0.5749714374542236,-1.3885931968688965
1780626043378218800,10.12121875,-1.9271142482757568,0.6250468492507935,-1.568529725074768
1780626043388213800,10.1312138671875,-1.8084959983825684,0.4344502389431,-1.6785690784454346
1780626043398208500,10.14120849609375,-1.6407802104949951,0.37162309885025024,-1.6998370885849
1780626043408204500,10.15120458984375,-1.506174921989441,0.5435146689414978,-1.6712191104888916
1780626043418199600,10.161199462890625,-1.451743721961975,0.642949640750885,-1.550538420677185
1780626043428195800,10.17119580078125,-1.4390718936920166,0.7273862361907959,-1.4251469373703003
1780626043438190600,10.181190673828125,-1.4618282318115234,0.7807093858718872,-1.3210128545761108
1780626043448185600,10.191185546875,-1.4474762678146362,0.7520884275436401,-1.241721510887146
1780626043458181400,10.201181396484374,-1.3850972652435303,0.663563072681427,-1.1419490575790405
1780626043468176400,10.21117626953125,-1.3107879161834717,0.5390610694885254,-1.0879324674606323
1780626043478171400,10.22117138671875,-1.210646152496338,0.38680949807167053,-1.1424598693847656
1780626043488167400,10.23116748046875,-1.1320821046829224,0.32728278636932373,-1.241363525390625
1780626043498162400,10.241162353515625,-1.0871851444244385,0.2999739348888397,-1.3075740337371826
1780626043508158500,10.251158447265626,-1.0734474658966064,0.3023345470428467,-1.3070597648620605
1780626043518153500,10.261153564453124,-1.0493744611740112,0.44773009419441223,-1.2998833656311035
1780626043528148500,10.2711484375,-1.0218391418457031,0.5427466630935669,-1.2911289930343628
1780626043538144300,10.281144287109376,-1.0266664028167725,0.581744909286499,-1.3214136362075806
1780626043548139300,10.29113916015625,-0.9778240323066711,0.3406292200088501,-1.3606319427490234
1780626043558135600,10.301135498046875,-0.8363960981369019,0.19906729459762573,-1.3985744714736938
1780626043568130600,10.311130615234376,-0.6658011674880981,0.250454306602478,-1.5164164304733276
1780626043578125600,10.32112548828125,-0.5737029314041138,0.16036491096019745,-1.6868501901626587
1780626043588121300,10.331121337890625,-0.6168954372406006,-0.04655152186751366,-1.7480864524841309
1780626043598116400,10.341116455078126,-0.6785297393798828,-0.17831994593143463,-1.6336019039154053
1780626043608112400,10.3511123046875,-0.651610791683197,-0.15492673218250275,-1.431501030921936
1780626043618107400,10.361107421875,-0.5458031296730042,-0.10699515789747238,-1.2183085680007935
1780626043628102700,10.3711025390625,-0.39636731147766113,-0.15577548742294312,-0.99007248878479
1780626043638098400,10.381098388671875,-0.2569604218006134,-0.12279915809631348,-0.7755897641181946
1780626043648093400,10.391093505859375,-0.13890674710273743,-0.15715312957763672,-0.6019191145896912
1780626043658088400,10.40108837890625,-0.13300545513629913,-0.2367212027311325,-0.45838621258735657
1780626043668084500,10.41108447265625,-0.19181470572948456,-0.4136914312839508,-0.3134703040122986
1780626043678079500,10.42107958984375,-0.2557992935180664,-0.5806751251220703,-0.1838665008544922
1780626043688075500,10.431075439453124,-0.23749618232250214,-0.7555693984031677,-0.044309407472610474
1780626043698070500,10.441070556640625,-0.13267415761947632,-0.8680419325828552,0.15927141904830933
1780626043708065500,10.4510654296875,-0.012349876575171947,-0.7271265983581543,0.38848623633384705
1780626043718061600,10.4610615234375,0.11097179353237152,-0.45983123779296875,0.5935069918632507
1780626043728056300,10.471056396484375,0.2025054395198822,-0.2634737193584442,0.7572051286697388
1780626043738052400,10.48105224609375,0.20653346180915833,-0.23369237780570984,0.8644213080406189
1780626043748047400,10.49104736328125,0.1518326699733734,-0.28550204634666443,0.8678964972496033
1780626043758042400,10.50104248046875,0.10086056590080261,-0.4012020230293274,0.8140934705734253
1780626043768038400,10.511038330078126,0.08021094650030136,-0.5810838937759399,0.6937398910522461
1780626043778033400,10.521033447265625,0.0692504420876503,-0.7421095371246338,0.5513830184936523
1780626043788029400,10.531029541015625,0.08900390565395355,-0.8642958998680115,0.44889336824417114
1780626043798024400,10.5410244140625,0.20304712653160095,-0.894137442111969,0.4196910262107849
1780626043808019500,10.55101953125,0.3779800534248352,-0.8455685377120972,0.4891420006752014
1780626043818015200,10.56101513671875,0.5551918745040894,-0.7390884757041931,0.5801752209663391
1780626043828010200,10.57101025390625,0.7799304127693176,-0.3686651289463043,0.608948826789856
1780626043838005500,10.581005615234375,1.014816403388977,0.10534346848726273,0.4890117645263672
1780626043848001500,10.59100146484375,1.1705429553985596,0.44668933749198914,0.12276133894920349
1780626043857996500,10.60099658203125,1.2526867389678955,0.5721058249473572,-0.22046633064746857
1780626043867992300,10.610992431640625,1.2368515729904175,0.6749006509780884,-0.41117796301841736
1780626043877987300,10.6209873046875,1.113978385925293,0.7653639912605286,-0.6328213810920715
1780626043887982300,10.630982421875,0.9503322243690491,0.7681674957275391,-0.8892862200737
1780626043897978400,10.640978271484375,0.7728189826011658,0.7932084202766418,-1.0995912551879883
1780626043907973600,10.6509736328125,0.6110572218894958,0.7966545224189758,-1.232988953590393
1780626043917969400,10.660969482421875,0.4967442452907562,0.6705474853515625,-1.3249967098236084
1780626043927964400,10.67096435546875,0.39066123962402344,0.6335633397102356,-1.420082926750183
1780626043937959400,10.68095947265625,0.25702008605003357,0.729464054107666,-1.488818645477295
1780626043947955500,10.69095556640625,0.1321479231119156,0.8094270825386047,-1.4839125871658325
1780626043957950500,10.700950439453125,0.08099924772977829,0.7663746476173401,-1.4107613563537598
1780626043967945200,10.7109453125,0.1197114884853363,0.7358822822570801,-1.337216854095459
1780626043977941500,10.72094140625,0.22192732989788055,0.7556655406951904,-1.2819280624389648
1780626043987936500,10.7309365234375,0.34316322207450867,0.8549324870109558,-1.2321265935897827
1780626043997932500,10.7409326171875,0.45999637246131897,1.0177592039108276,-1.1419405937194824
1780626044007927300,10.75092724609375,0.552308201789856,1.2243191003799438,-1.0048282146453857
1780626044017922300,10.76092236328125,0.645409107208252,1.3827686309814453,-0.8649113774299622
1780626044027918300,10.77091845703125,0.7038436532020569,1.449144959449768,-0.7546564936637878
1780626044037913300,10.780913330078125,0.6850241422653198,1.4753097295761108,-0.7570136785507202
1780626044047909400,10.790909423828126,0.5772071480751038,1.3634204864501953,-0.8808833956718445
1780626044057904400,10.800904296875,0.4890000522136688,1.1472437381744385,-0.9901241660118103
1780626044067899400,10.8108994140625,0.4867534041404724,1.060892105102539,-0.9867198467254639
1780626044077895400,10.8208955078125,0.5573322176933289,1.0964065790176392,-0.8921086192131042
1780626044087890400,10.830890380859374,0.6293686032295227,1.0849661827087402,-0.817190945148468
1780626044097885400,10.840885498046875,0.6545352339744568,1.050660490989685,-0.776901364326477
1780626044107881200,10.850881103515626,0.6805636286735535,1.0348889827728271,-0.7064769864082336
1780626044117876500,10.86087646484375,0.7241406440734863,1.0017352104187012,-0.6211870908737183
1780626044127872500,10.87087255859375,0.7649006247520447,0.8988277912139893,-0.5588821768760681
1780626044137867500,10.880867431640626,0.7709201574325562,0.7445673942565918,-0.5110126733779907
1780626044147862500,10.890862548828125,0.778783917427063,0.6659711003303528,-0.461899995803833
1780626044157858300,10.9008583984375,0.8102563619613647,0.5874046683311462,-0.37144890427589417
1780626044167853300,10.910853271484376,0.8637153506278992,0.5033726096153259,-0.2872621417045593
1780626044177849600,10.920849609375,0.9161532521247864,0.43818721175193787,-0.2775575816631317
1780626044187844600,10.9308447265625,0.9122802019119263,0.39173075556755066,-0.30482780933380127
1780626044197839600,10.940839599609374,0.9024973511695862,0.3316114842891693,-0.30312579870224
1780626044207835400,10.95083544921875,0.9249770641326904,0.28589195013046265,-0.21951131522655487
1780626044217830400,10.960830322265625,0.907597541809082,0.23459306359291077,-0.08908060938119888
1780626044227825400,10.970825439453124,0.7735934257507324,0.19422593712806702,0.05404992029070854
1780626044237821400,10.980821533203125,0.5907370448112488,0.17884404957294464,0.19675806164741516
1780626044247816400,10.99081640625,0.443149209022522,0.08333829790353775,0.3456684648990631
1780626044257812500,11.0008125,0.36551299691200256,-0.020807543769478798,0.4209698736667633
1780626044267807500,11.010807373046875,0.2775048315525055,0.09420852363109589,0.3148985505104065
1780626044277802500,11.020802490234376,0.15802878141403198,0.46682125329971313,0.09500560909509659
1780626044287798500,11.030798583984375,0.055935703217983246,0.6722587943077087,-0.05212631821632385
1780626044297793300,11.040793212890625,-0.04613340646028519,0.4660678207874298,-0.08905397355556488
1780626044307789300,11.050789306640626,-0.15318316221237183,0.28360506892204285,-0.10826309025287628
1780626044317784300,11.060784423828125,-0.24147041141986847,0.2803506851196289,-0.12871190905570984
1780626044327779600,11.070779541015625,-0.2795666754245758,0.28850555419921875,-0.11666536331176758
1780626044337775400,11.080775390625,-0.33840706944465637,0.22215929627418518,-0.10966844111680984
1780626044347770400,11.090770263671875,-0.3967137932777405,0.16418202221393585,-0.1574133187532425
1780626044357765400,11.100765380859375,-0.41911524534225464,0.225047767162323,-0.21742074191570282
1780626044367761400,11.110761474609374,-0.4780217111110687,0.30132415890693665,-0.19855836033821106
1780626044377756400,11.12075634765625,-0.5352104306221008,0.27680763602256775,-0.11661955714225769
1780626044387752400,11.13075244140625,-0.5061582326889038,0.2015424370765686,-0.06598913669586182
1780626044397747500,11.14074755859375,-0.4238945543766022,0.13557326793670654,-0.059845756739377975
1780626044407742500,11.150742431640625,-0.403812438249588,0.08599160611629486,-0.06529644876718521
1780626044417738500,11.160738525390625,-0.42782163619995117,0.08193694055080414,-0.11751251667737961
1780626044427733500,11.1707333984375,-0.47515109181404114,0.09831298887729645,-0.2068045735359192
1780626044437729300,11.180729248046875,-0.5235337615013123,0.08161523193120956,-0.2329954355955124
1780626044447724300,11.190724365234376,-0.5831838250160217,0.005549761466681957,-0.21355782449245453
1780626044457719300,11.20071923828125,-0.5858035683631897,-0.10644388198852539,-0.18634644150733948
1780626044467715300,11.21071533203125,-0.5403079986572266,-0.20381997525691986,-0.1569747030735016
1780626044477710300,11.22071044921875,-0.5362352132797241,-0.16574236750602722,-0.1536577343940735
1780626044487705300,11.230705322265624,-0.5610742568969727,-0.07670356333255768,-0.20169156789779663
1780626044497701000,11.240701171875,-0.6126301288604736,-0.04261217638850212,-0.2939157783985138
1780626044507696000,11.250696044921876,-0.6632269620895386,-0.08777911961078644,-0.35973232984542847
1780626044517692400,11.2606923828125,-0.693824291229248,-0.2719641327857971,-0.36163249611854553
1780626044527687400,11.2706875,-0.6748625636100769,-0.4983072578907013,-0.37418079376220703
1780626044537682200,11.28068212890625,-0.6557778716087341,-0.6196906566619873,-0.4327476918697357
1780626044547678200,11.29067822265625,-0.6717544198036194,-0.5831851363182068,-0.485402375459671
1780626044557673200,11.300673095703125,-0.6847003102302551,-0.5116925835609436,-0.4601324498653412
1780626044567668200,11.310668212890626,-0.6848976612091064,-0.4825117886066437,-0.38906732201576233
1780626044577664300,11.320664306640625,-0.6784796714782715,-0.4640883207321167,-0.32508063316345215
1780626044587659300,11.3306591796875,-0.6455805897712708,-0.55007004737854,-0.28102368116378784
1780626044597655300,11.3406552734375,-0.58287513256073,-0.7076277136802673,-0.2816939949989319
1780626044607650300,11.350650390625,-0.5237862467765808,-0.7665570974349976,-0.3722582459449768
1780626044617645300,11.360645263671875,-0.4737747609615326,-0.760847806930542,-0.47674551606178284
1780626044627641000,11.37064111328125,-0.4569920599460602,-0.7439900040626526,-0.4962182939052582
1780626044637636000,11.380635986328125,-0.5000761151313782,-0.7024662494659424,-0.42426472902297974
1780626044647632400,11.39063232421875,-0.5654375553131104,-0.6045495271682739,-0.3466666042804718
1780626044657627400,11.40062744140625,-0.6096332669258118,-0.5017834901809692,-0.32311227917671204
1780626044667622400,11.410622314453125,-0.5997409224510193,-0.4923495054244995,-0.3200110197067261
1780626044677618200,11.4206181640625,-0.5745013952255249,-0.5327808260917664,-0.3358381986618042
1780626044687613200,11.43061328125,-0.5804135799407959,-0.6057665944099426,-0.3525702953338623
1780626044697608200,11.440608154296875,-0.6317686438560486,-0.6692254543304443,-0.3589365780353546
1780626044707604200,11.450604248046876,-0.7124747037887573,-0.7328747510910034,-0.34776967763900757
1780626044717599200,11.46059912109375,-0.795288622379303,-0.7305202484130859,-0.3023976683616638
1780626044727595300,11.47059521484375,-0.880548357963562,-0.6498799920082092,-0.19810935854911804
1780626044737590300,11.48059033203125,-0.9432682394981384,-0.5169110298156738,-0.058154381811618805
1780626044747585300,11.490585205078125,-0.9598298668861389,-0.41103440523147583,0.06529724597930908
1780626044757581300,11.500581298828125,-0.9302365779876709,-0.34180182218551636,0.14131425321102142
1780626044767576300,11.510576416015626,-0.8516112565994263,-0.30849260091781616,0.15350966155529022
1780626044777571300,11.5205712890625,-0.7484833002090454,-0.3086180090904236,0.1169242188334465
1780626044787567400,11.5305673828125,-0.6524792313575745,-0.4325479567050934,0.0619797483086586
1780626044797562400,11.540562255859374,-0.5503912568092346,-0.6949700117111206,-0.004739627707749605
1780626044807558400,11.550558349609375,-0.46001100540161133,-0.9898818135261536,-0.10922183096408844
1780626044817553400,11.560553466796875,-0.44604939222335815,-1.1851940155029297,-0.18706709146499634
1780626044827548200,11.570548095703124,-0.549393892288208,-1.2115446329116821,-0.19459424912929535
1780626044837544200,11.580544189453125,-0.7075278759002686,-1.0492963790893555,-0.12856969237327576
1780626044847539200,11.590539306640625,-0.824433445930481,-0.6976970434188843,-0.010311493650078773
1780626044857535500,11.600535400390624,-0.8959867358207703,-0.3553839325904846,0.08435776084661484
1780626044867530200,11.6105302734375,-0.9281206727027893,-0.16604755818843842,0.10821542143821716
1780626044877525200,11.620525146484376,-0.9191256165504456,-0.1590770035982132,0.04470968246459961
1780626044887521300,11.630521240234375,-0.8642202615737915,-0.28073498606681824,-0.08775781840085983
1780626044897516300,11.640516357421875,-0.7915931940078735,-0.44551169872283936,-0.2253180742263794
1780626044907511300,11.65051123046875,-0.7047813534736633,-0.6246705055236816,-0.2955717444419861
1780626044917507000,11.660507080078125,-0.636889636516571,-0.7593007683753967,-0.30903640389442444
1780626044927502000,11.670502197265625,-0.6079509258270264,-0.7716772556304932,-0.31595903635025024
1780626044937498400,11.680498291015626,-0.6175566911697388,-0.6268159747123718,-0.31302395462989807
1780626044947493400,11.690493408203125,-0.6409472227096558,-0.4222990572452545,-0.26294589042663574
1780626044957488400,11.70048828125,-0.6575954556465149,-0.2523307800292969,-0.18909722566604614
1780626044967484200,11.710484130859374,-0.6571187376976013,-0.16567204892635345,-0.11606188863515854
1780626044977479200,11.720479248046875,-0.638306736946106,-0.16803693771362305,-0.04857286065816879
1780626044987474200,11.73047412109375,-0.6290298700332642,-0.26567214727401733,0.002122006844729185
1780626044997470200,11.74047021484375,-0.6578010320663452,-0.36835697293281555,0.030358171090483665
1780626045007465500,11.750465576171875,-0.7260006070137024,-0.38366085290908813,0.05367973819375038
1780626045017461200,11.760461181640625,-0.8240193128585815,-0.31528472900390625,0.09276722371578217
1780626045027456300,11.770456298828124,-0.9271488785743713,-0.20718327164649963,0.16637566685676575
1780626045037451300,11.780451171875,-1.037218451499939,-0.005401156842708588,0.2642790675163269
1780626045047447300,11.790447265625,-1.1209758520126343,0.21840929985046387,0.36115047335624695
1780626045057442300,11.8004423828125,-1.2032992839813232,0.3752383291721344,0.474791020154953
1780626045067437000,11.81043701171875,-1.3181928396224976,0.5175174474716187,0.642942488193512
1780626045077433300,11.820433349609376,-1.4836654663085938,0.6488272547721863,0.8618956208229065
1780626045087428400,11.830428466796874,-1.7526766061782837,0.9776453375816345,1.186278223991394
1780626045097424400,11.84042431640625,-1.9496972560882568,1.036848783493042,1.3641773462295532
1780626045107419100,11.850419189453126,-1.9426971673965454,0.7860682010650635,1.2525898218154907
1780626045117414100,11.8604140625,-1.7300418615341187,0.41182032227516174,0.9771633148193359
1780626045127410200,11.87041015625,-1.543805480003357,0.16906411945819855,0.7661618590354919
1780626045137405200,11.8804052734375,-1.4551680088043213,0.06980171799659729,0.6717110276222229
1780626045147401200,11.890401123046875,-1.4002299308776855,-0.04814036563038826,0.6482304334640503
1780626045157396200,11.900396240234375,-1.3337703943252563,-0.22604218125343323,0.6350477933883667
1780626045167391200,11.91039111328125,-1.2916600704193115,-0.32419830560684204,0.606185257434845
1780626045177387300,11.92038720703125,-1.2778855562210083,-0.2426200956106186,0.5509529113769531
1780626045187382300,11.93038232421875,-1.2567055225372314,-0.03224369138479233,0.4664550721645355
1780626045197377300,11.940377197265626,-1.1995368003845215,0.130304217338562,0.43517065048217773
1780626045207373000,11.950373046875,-1.1342270374298096,0.10443346202373505,0.48896703124046326
1780626045217368300,11.960368408203125,-1.102604627609253,0.027148529887199402,0.5476247668266296
1780626045227364400,11.9703642578125,-1.1084667444229126,0.05656048282980919,0.5601674318313599
1780626045237359400,11.980359375,-1.1208927631378174,0.13961967825889587,0.5438984632492065
1780626045247354400,11.990354248046875,-1.0992852449417114,0.1832909882068634,0.5198615789413452
1780626045257350100,12.00035009765625,-1.0579655170440674,0.12990553677082062,0.5154340267181396
1780626045267345200,12.01034521484375,-1.0079233646392822,0.01312352530658245,0.5399771928787231
1780626045277340200,12.020340087890625,-0.9422908425331116,-0.09552891552448273,0.5704451203346252
1780626045287336400,12.03033642578125,-0.8817084431648254,-0.1441933959722519,0.571430504322052
1780626045297331500,12.04033154296875,-0.8053665161132812,-0.12359277904033661,0.5320822596549988
1780626045307327200,12.0503271484375,-0.7091577053070068,-0.08896209299564362,0.4575299918651581
1780626045317322200,12.060322265625,-0.6039657592773438,-0.08003038913011551,0.37402740120887756
1780626045327317200,12.070317138671875,-0.5037036538124084,-0.11951760947704315,0.31004947423934937
1780626045337313300,12.080313232421876,-0.424621045589447,-0.12959687411785126,0.2833379805088043
1780626045347308000,12.09030810546875,-0.3798922002315521,-0.05775997042655945,0.2592070698738098
1780626045357303000,12.100302978515625,-0.34848448634147644,0.06453505158424377,0.22530636191368103
1780626045367299300,12.11029931640625,-0.3183113932609558,0.196580171585083,0.19354335963726044
1780626045377294300,12.12029443359375,-0.2985347509384155,0.25884541869163513,0.17263728380203247
1780626045387290000,12.1302900390625,-0.2775258719921112,0.2281455546617508,0.15730680525302887
1780626045397285000,12.14028515625,-0.25374093651771545,0.1508270651102066,0.13165682554244995
1780626045407280000,12.150280029296875,-0.23740962147712708,0.05236174166202545,0.1138695776462555
1780626045417276200,12.160276123046875,-0.2508476674556732,-0.012025503441691399,0.08942148834466934
1780626045427271400,12.170271484375,-0.31529057025909424,-0.012238556519150734,0.03801902011036873
1780626045437266400,12.180266357421875,-0.4116751551628113,0.027116572484374046,-0.002828276949003339
1780626045447262200,12.19026220703125,-0.5119005441665649,0.01949806697666645,-0.003090864745900035
1780626045457257200,12.20025732421875,-0.5738579630851746,-0.034687940031290054,0.04212374985218048
1780626045467253500,12.21025341796875,-0.5976887345314026,-0.09095467627048492,0.10243342816829681
1780626045477248500,12.22024853515625,-0.5907253623008728,-0.09973618388175964,0.15063798427581787
1780626045487243500,12.230243408203124,-0.5492042899131775,-0.06555690616369247,0.2013046145439148
1780626045497239300,12.2402392578125,-0.4558735191822052,-0.1018105149269104,0.29083874821662903
1780626045507234300,12.250234375,-0.3687117099761963,-0.21900585293769836,0.36834606528282166
1780626045517229300,12.260229248046874,-0.3631846010684967,-0.2824186384677887,0.3211689591407776
1780626045527225600,12.2702255859375,-0.40385985374450684,-0.24994485080242157,0.1710156798362732
1780626045537220400,12.280220458984376,-0.4180164337158203,-0.2636297643184662,0.10415755957365036
1780626045547216400,12.29021630859375,-0.34091097116470337,-0.4998263418674469,0.23879659175872803
1780626045557211400,12.30021142578125,-0.20265111327171326,-0.8688288927078247,0.4966382682323456
1780626045567206400,12.310206298828126,-0.11783236265182495,-0.9926256537437439,0.6757289171218872
1780626045577202400,12.320202392578125,-0.14837509393692017,-0.7791147232055664,0.6991234421730042
1780626045587197200,12.330197265625,-0.26909539103507996,-0.4285665452480316,0.6016512513160706
1780626045597193500,12.340193359375,-0.4018954932689667,-0.19157849252223969,0.45441144704818726
1780626045607188500,12.3501884765625,-0.4663943350315094,-0.2375129610300064,0.3512629568576813
1780626045617183500,12.36018359375,-0.41733065247535706,-0.5333235859870911,0.3565234839916229
1780626045627179300,12.37017919921875,-0.26715314388275146,-0.8856448531150818,0.3614623248577118
1780626045637174300,12.38017431640625,-0.05367867276072502,-1.0868206024169922,0.30960577726364136
1780626045647169300,12.390169189453125,0.18081718683242798,-1.063590407371521,0.3324495851993561
1780626045657165300,12.400165283203124,0.3629467785358429,-0.8025009632110596,0.4738679528236389
1780626045667160300,12.410160400390625,0.4510718286037445,-0.4029597043991089,0.6776402592658997
1780626045677155600,12.420155517578126,0.4717704653739929,-0.008566856384277344,0.8724566102027893
1780626045687151400,12.4301513671875,0.4673925042152405,0.2825872302055359,0.9972595572471619
1780626045697146400,12.440146484375,0.46934619545936584,0.46084830164909363,1.1006858348846436
1780626045707142400,12.450142333984376,0.48023077845573425,0.5412118434906006,1.236959457397461
1780626045717137400,12.460137451171875,0.5116111040115356,0.6140618324279785,1.351417899131775
1780626045727132400,12.47013232421875,0.5584304928779602,0.6526219844818115,1.4304165840148926
1780626045737128400,12.48012841796875,0.5995494723320007,0.5979273319244385,1.5765178203582764
1780626045747123500,12.49012353515625,0.6089240312576294,0.5528839826583862,1.7441856861114502
1780626045757118500,12.500118408203125,0.5955044031143188,0.6631068587303162,1.7200508117675781
1780626045767114500,12.510114501953124,0.5760374665260315,0.7803570628166199,1.558769702911377
1780626045777109500,12.520109619140625,0.5586662292480469,0.8142462968826294,1.3519604206085205
1780626045787105300,12.530105224609375,0.5586142539978027,0.6991061568260193,1.2096173763275146
1780626045797100300,12.540100341796874,0.5787445902824402,0.48355069756507874,1.2784347534179688
1780626045807095300,12.55009521484375,0.6155380010604858,0.34353765845298767,1.5943211317062378
1780626045817091600,12.560091552734375,0.6421991586685181,0.4987237751483917,1.9344016313552856
1780626045827086300,12.57008642578125,0.6142855286598206,0.897140383720398,2.0353288650512695
1780626045837081300,12.580081298828125,0.519659161567688,1.339829921722412,1.916659951210022
1780626045847077400,12.590077392578126,0.3720848858356476,1.695648193359375,1.7131925821304321
1780626045857072400,12.600072265625,0.22703129053115845,1.8238275051116943,1.5960105657577515
1780626045867068400,12.610068359375,0.12094666063785553,1.7827253341674805,1.715897560119629
1780626045877063200,12.620063232421876,0.0663132444024086,1.666032314300537,2.1195759773254395
1780626045887058400,12.630058349609374,0.03967604041099548,1.629817247390747,2.6229021549224854
1780626045897054500,12.640054443359375,0.0024855281226336956,1.7795718908309937,3.05009388923645
1780626045907049500,12.650049560546876,-0.09519468992948532,2.195157051086426,3.1883254051208496
1780626045917044500,12.66004443359375,-0.32276472449302673,2.9173879623413086,2.9117226600646973
1780626045927040300,12.670040283203125,-0.6474352478981018,3.549962043762207,2.439304828643799
1780626045937035300,12.68003515625,-0.9632472395896912,3.5953428745269775,2.0860049724578857
1780626045947031600,12.690031494140625,-1.1417016983032227,3.148141622543335,1.9174845218658447
1780626045957026600,12.700026611328125,-1.0622265338897705,2.673975944519043,1.8645541667938232
1780626045967021600,12.710021484375,-0.7381805777549744,2.4039838314056396,1.884310007095337
1780626045977017300,12.720017333984375,-0.29022517800331116,2.1132707595825195,1.7437028884887695
1780626045987012400,12.730012451171875,0.1961279660463333,1.477464199066162,1.2891499996185303
1780626045997007400,12.74000732421875,0.7026875615119934,0.702948272228241,0.8570694327354431
1780626046007003400,12.75000341796875,1.2682044506072998,0.18000757694244385,0.8482306599617004
1780626046016998400,12.759998291015625,1.7193617820739746,-0.011347196996212006,1.0884144306182861
1780626046026994400,12.769994384765624,1.8825129270553589,-0.0321507453918457,1.3015481233596802
1780626046036989400,12.779989501953125,1.7985440492630005,-0.2026660293340683,1.2275731563568115
1780626046046984400,12.789984375,1.5994056463241577,-0.3986424505710602,0.93777996301651
1780626046056980500,12.79998046875,1.401837706565857,-0.30788084864616394,0.8070049285888672
1780626046066975200,12.809975341796875,1.2650105953216553,0.13069330155849457,0.8075647354125977
1780626046076970200,12.81997021484375,1.160121202468872,0.4997304677963257,0.6494587063789368
1780626046086966300,12.82996630859375,1.0392959117889404,0.4536215364933014,0.3654850423336029
1780626046096961500,12.83996142578125,0.922539472579956,0.266106516122818,0.2637682557106018
1780626046106957300,12.849957275390626,0.8143283128738403,0.11720705032348633,0.2864868938922882
1780626046116952300,12.859952392578125,0.6814494132995605,0.07655283063650131,0.26934704184532166
1780626046126947300,12.869947265625,0.5323845148086548,0.2130827158689499,0.16094307601451874
1780626046136943400,12.879943359375,0.39314356446266174,0.49001818895339966,0.030187729746103287
1780626046146938400,12.8899384765625,0.2891348600387573,0.6563626527786255,-0.06408337503671646
1780626046156933400,12.899933349609375,0.2051403671503067,0.6438232064247131,-0.14083781838417053
1780626046166929400,12.909929443359376,0.12633024156093597,0.5007664561271667,-0.21560978889465332
1780626046176924400,12.91992431640625,0.05588243901729584,0.3978741466999054,-0.24175217747688293
1780626046186919400,12.92991943359375,-0.02177826687693596,0.32832568883895874,-0.23374192416667938
1780626046196915500,12.93991552734375,-0.0974368080496788,0.33405840396881104,-0.25657105445861816
1780626046206910500,12.949910400390625,-0.1718769520521164,0.4587548077106476,-0.3008067011833191
1780626046216906200,12.95990625,-0.2508809566497803,0.7006846070289612,-0.3633616864681244
1780626046226901200,12.9699013671875,-0.32155540585517883,0.9985325336456299,-0.49990782141685486
1780626046236896300,12.979896240234375,-0.3357958495616913,1.0690181255340576,-0.731786847114563
1780626046246892500,12.989892578125,-0.25135287642478943,0.8983880877494812,-0.8209061026573181
1780626046256887600,12.999887451171874,-0.09535101801156998,0.6765598058700562,-0.7243025898933411
1780626046266882300,13.00988232421875,0.0844818577170372,0.5348594188690186,-0.5927490592002869
1780626046276878300,13.01987841796875,0.2338995784521103,0.6214678287506104,-0.4313277006149292
1780626046286873300,13.029873291015624,0.3367396593093872,0.9578327536582947,-0.27361130714416504
1780626046296869400,13.039869384765625,0.41649654507637024,1.1923457384109497,-0.298010915517807
1780626046306864400,13.049864501953126,0.473748117685318,1.1974600553512573,-0.5466822385787964
1780626046316859400,13.059859375,0.48925119638442993,1.0802040100097656,-0.873601496219635
1780626046326855400,13.06985546875,0.4342025816440582,0.7994921207427979,-1.0565454959869385
1780626046336850400,13.079850341796876,0.32374051213264465,0.4475897550582886,-1.1432079076766968
1780626046346845400,13.089845458984374,0.20363062620162964,-0.0094520915299654,-1.0920848846435547
1780626046356841200,13.09984130859375,0.12075944244861603,-0.4671919643878937,-0.8715381026268005
1780626046366836200,13.109836181640626,0.09581680595874786,-0.7878077626228333,-0.5575351715087891
1780626046376831200,13.119831298828124,0.1557408571243286,-0.9017793536186218,-0.25774046778678894
1780626046386827500,13.12982763671875,0.24573786556720734,-0.8607778549194336,-0.07072556763887405
1780626046396822500,13.139822509765626,0.36791864037513733,-0.5609474778175354,-0.08421767503023148
1780626046406818300,13.149818359375,0.5600478649139404,0.774747371673584,-0.36357900500297546
1780626046416813300,13.159813232421875,0.5762593150138855,2.0317189693450928,-0.6254428625106812
1780626046426808300,13.169808349609376,0.31734174489974976,2.7752904891967773,-0.6671154499053955
1780626046436804400,13.179804443359375,-0.059119779616594315,2.520272731781006,-0.5326420664787292
1780626046446799400,13.18979931640625,-0.1954813450574875,1.9455395936965942,-0.3132186233997345
1780626046456794600,13.199794677734374,0.007412642706185579,2.0704615116119385,-0.266440749168396
1780626046466790400,13.209790283203125,0.23001216351985931,1.8268413543701172,-0.30076169967651367
1780626046476785400,13.219785400390625,0.2609389126300812,0.7114898562431335,-0.1622014194726944
1780626046486780400,13.229780517578124,0.1779300570487976,0.04669959470629692,-0.11799854040145874
1780626046496776700,13.239776611328125,0.016708139330148697,-0.7424048781394958,-0.11457158625125885
1780626046506771500,13.249771484375,-0.11075793951749802,-1.2413771152496338,-0.1211373433470726
1780626046516767500,13.259767578125,-0.09689405560493469,-1.0638870000839233,-0.0782998651266098
1780626046526762500,13.269762451171875,-0.06502427160739899,-0.7794406414031982,-0.035718049854040146
1780626046536757500,13.279757568359376,-0.038788940757513046,-0.2966223359107971,0.049553971737623215
1780626046546753300,13.289753173828124,-0.05223550647497177,0.06273981183767319,0.0832594707608223
1780626046556748300,13.299748291015625,-0.027662521228194237,0.8040117621421814,-0.15026193857192993
1780626046566743600,13.30974365234375,-0.048180047422647476,1.3089550733566284,-0.3405945897102356
1780626046576739600,13.319739501953125,-0.10390349477529526,1.051061749458313,-0.41743478178977966
1780626046586734600,13.329734619140625,-0.16851471364498138,0.7851715087890625,-0.4194566607475281
1780626046596730400,13.33973046875,-0.24021074175834656,0.6876915693283081,-0.40176156163215637
1780626046606725400,13.349725341796875,-0.2748219668865204,0.7548056244850159,-0.33306238055229187
1780626046616720400,13.359720458984375,-0.05265788361430168,1.2426373958587646,-0.24638554453849792
1780626046626716700,13.369716552734374,0.17431853711605072,1.2308510541915894,0.00589597225189209
1780626046636711700,13.379711669921875,0.2518436908721924,1.3120217323303223,0.1348733901977539
1780626046646706700,13.389706787109375,0.15140709280967712,1.0690972805023193,0.23881177604198456
1780626046656702500,13.399702392578124,-0.04457785561680794,0.6552260518074036,0.35482093691825867
1780626046666697500,13.409697509765625,-0.31434914469718933,0.2930923402309418,0.47756922245025635
1780626046676692500,13.4196923828125,-0.6079080700874329,0.20993351936340332,0.5218400359153748
1780626046686688500,13.4296884765625,-0.674918532371521,-1.0199315547943115,0.9568104147911072
1780626046696683500,13.43968359375,-0.5093391537666321,-2.46683406829834,1.089766025543213
1780626046706679600,13.449679443359376,-0.29264864325523376,-2.2020184993743896,0.7575835585594177
1780626046716674600,13.459674560546874,-0.06759075820446014,-0.888085663318634,0.5505739450454712
1780626046726669600,13.469669677734375,0.25142771005630493,0.6849639415740967,0.5004428625106812
1780626046736665600,13.47966552734375,0.5798726677894592,1.428141713142395,0.702857494354248
1780626046746660400,13.489660400390624,0.9421520829200745,1.3093812465667725,0.8070235848426819
1780626046756655400,13.4996552734375,1.4316165447235107,0.5261746048927307,0.702937126159668
1780626046766651400,13.5096513671875,1.7305757999420166,-0.4951854944229126,0.6703911423683167
1780626046776646700,13.519646728515625,1.6066768169403076,-1.6950093507766724,0.771672248840332
1780626046786641700,13.5296416015625,1.7976281642913818,-2.430940866470337,0.5646263360977173
1780626046796637400,13.539637451171876,2.230336904525757,-3.082723379135132,0.36016589403152466
1780626046806632400,13.549632568359375,2.8111653327941895,-3.2466771602630615,0.2534959018230438
1780626046816628500,13.55962841796875,3.438969612121582,-2.571579694747925,0.1464184671640396
1780626046826623500,13.56962353515625,3.9312593936920166,-2.4946980476379395,0.3780599534511566
1780626046836618500,13.579618408203125,4.4846110343933105,-2.5093398094177246,0.3712582290172577
1780626046846614500,13.589614501953125,5.3013997077941895,-2.752514362335205,0.11039841175079346
1780626046856609500,13.599609619140624,6.331077575683594,-4.13762903213501,-0.014087056741118431
1780626046866604500,13.6096044921875,7.56699275970459,-5.0736212730407715,-0.46035295724868774
1780626046876600600,13.6196005859375,8.379536628723145,-5.676906108856201,-1.0771093368530273
1780626046886595600,13.629595703125,8.731019973754883,-6.109184741973877,-1.511462688446045
1780626046896590600,13.639590576171875,8.48738956451416,-6.105990409851074,-1.8541263341903687
1780626046906586400,13.64958642578125,7.6240129470825195,-5.049679756164551,-2.4025156497955322
1780626046916581400,13.659581298828124,6.404252052307129,-3.399716377258301,-2.871849298477173
1780626046926577700,13.66957763671875,5.056910991668701,-1.5871007442474365,-3.236572742462158
1780626046936572700,13.67957275390625,3.788923501968384,0.4002877473831177,-3.5163488388061523
1780626046946567400,13.6895673828125,2.576341152191162,2.3408477306365967,-3.6525657176971436
1780626046956563500,13.6995634765625,1.431056261062622,-0.08587602525949478,-2.3768632411956787
1780626046966558500,13.709558349609376,0.7366282343864441,-1.4994704723358154,-1.0973176956176758
1780626046976553500,13.719553466796874,0.34688231348991394,-0.6382710337638855,-0.3281320631504059
1780626046986549500,13.729549560546875,0.1414490044116974,0.2716629207134247,0.2850426435470581
1780626046996544500,13.73954443359375,0.05824226886034012,0.6927095055580139,0.6979032158851624
1780626047006539500,13.74953955078125,0.1960161179304123,0.5891266465187073,0.8904390931129456
1780626047016535600,13.75953564453125,0.4509000778198242,0.08582223206758499,0.883009672164917
1780626047026530600,13.769530517578126,0.6488072872161865,-0.3036743998527527,0.6544371843338013
1780626047036526300,13.7795263671875,0.6778488159179688,-0.3411296308040619,0.2628214955329895
1780626047046521300,13.789521240234375,0.6124048233032227,-0.3292956054210663,-0.10374476760625839
1780626047056516400,13.799516357421876,0.5550581812858582,-0.43953874707221985,-0.3527098596096039
1780626047066512600,13.8095126953125,0.5776692032814026,-0.6790517568588257,-0.4679624140262604
1780626047076507600,13.819507568359375,0.6791628003120422,-0.8335782289505005,-0.5336040258407593
1780626047086502700,13.829502685546874,0.7879960536956787,-0.5812279582023621,-0.7005948424339294
1780626047096498400,13.83949853515625,0.8235468864440918,-0.33648133277893066,-0.9220049977302551
1780626047106493400,13.849493408203125,0.7991195917129517,-0.29055407643318176,-1.1210850477218628
1780626047116488400,13.859488525390624,0.6700481176376343,-0.3715999126434326,-1.2334561347961426
1780626047126484500,13.869484375,0.5215507745742798,-0.38686835765838623,-1.262281894683838
1780626047136479700,13.879479736328125,0.39991649985313416,-0.40777817368507385,-1.198912501335144
1780626047146475500,13.8894755859375,0.28231266140937805,-0.4386836290359497,-1.0807595252990723
1780626047156470500,13.899470458984375,0.18851718306541443,-0.3709660768508911,-0.9918445348739624
1780626047166465500,13.909465576171876,0.1552412509918213,-0.08886595815420151,-1.000842809677124
1780626047176461600,13.919461669921875,0.20333661139011383,0.3754226267337799,-1.0768593549728394
1780626047186456300,13.929456298828125,0.25297126173973083,0.5783589482307434,-1.0572710037231445
1780626047196451300,13.939451416015626,0.21661673486232758,0.5243881344795227,-0.9238596558570862
1780626047206447600,13.949447509765625,0.14331534504890442,0.2995142638683319,-0.734759509563446
1780626047216442600,13.959442626953125,0.011669705621898174,-0.1102394238114357,-0.5186045169830322
1780626047226437600,13.969437744140626,-0.12229049205780029,-0.3163084387779236,-0.41733598709106445
1780626047236433400,13.979433349609375,-0.2681318521499634,-0.42455899715423584,-0.4789561927318573
1780626047246428400,13.989428466796875,-0.3246406614780426,-0.6480813026428223,-0.7239097356796265
1780626047256424400,13.999424560546874,-0.19341181218624115,-1.1062097549438477,-1.123382806777954
1780626047266419500,14.00941943359375,0.25392016768455505,-1.661638617515564,-1.64118230342865
1780626047276414500,14.01941455078125,0.6167443990707397,-2.4531795978546143,-2.0547497272491455
1780626047286410500,14.029410400390624,0.6877725124359131,-3.0090222358703613,-2.245438575744629
1780626047296405500,14.039405517578125,0.5231612324714661,-2.7881295680999756,-2.320183753967285
1780626047306400500,14.049400390625,0.300137460231781,-2.274310827255249,-2.17897629737854
1780626047316396500,14.059396484375,0.16865506768226624,-1.8985345363616943,-1.7634118795394897
1780626047326391600,14.0693916015625,0.0929453894495964,-1.6314159631729126,-1.1286934614181519
1780626047336386600,14.079386474609375,0.11944916844367981,-1.172853946685791,-0.43807828426361084
1780626047346382600,14.089382568359374,0.05751149728894234,-0.3618902862071991,0.1261446177959442
1780626047356377600,14.099377685546875,-0.014946725219488144,0.3521577715873718,0.4610309898853302
1780626047366372600,14.10937255859375,-0.09459681063890457,0.6501337885856628,0.5416725873947144
1780626047376368600,14.11936865234375,-0.19990618526935577,0.5495923161506653,0.38237640261650085
1780626047386363400,14.12936328125,-0.27835598587989807,0.24414528906345367,0.04918006435036659
1780626047396359400,14.139359375,-0.27686434984207153,-0.029573071748018265,-0.24523799121379852
1780626047406354400,14.1493544921875,-0.3160194754600525,-0.08385521918535233,-0.3891453444957733
1780626047416349400,14.159349365234375,-0.0671585276722908,-0.07733606547117233,-0.4111049771308899
1780626047426345500,14.169345458984376,-0.06675586104393005,-0.3808458745479584,-0.0741053894162178
1780626047436340500,14.179340576171874,-0.16587738692760468,0.22727257013320923,0.2188444584608078
1780626047446335500,14.18933544921875,-0.3491936922073364,1.0180481672286987,0.6012155413627625
1780626047456331300,14.199331298828126,-0.40280604362487793,1.4229328632354736,1.080575704574585
1780626047466326300,14.209326171875,-0.3718915283679962,1.6289786100387573,1.4588623046875
1780626047476321300,14.2193212890625,-0.3387189209461212,1.7852190732955933,1.6540731191635132
1780626047486317300,14.2293173828125,-0.3344211280345917,1.8415931463241577,1.7079293727874756
1780626047496312300,14.239312255859375,-0.3701232075691223,1.577046275138855,1.6966320276260376
1780626047506308400,14.249308349609375,-0.46984606981277466,1.2866405248641968,1.6016719341278076
1780626047516303400,14.259303466796876,-0.5496420860290527,1.336329460144043,1.4327447414398193
1780626047526298400,14.26929833984375,-0.6552667617797852,1.2996047735214233,1.4233397245407104
1780626047536294100,14.279294189453125,-0.8609341979026794,1.1111160516738892,1.665002465248108
1780626047546289200,14.2892890625,-1.0977197885513306,1.167458415031433,1.9673748016357422
1780626047556284200,14.2992841796875,-1.3793286085128784,1.4598546028137207,2.267195701599121
1780626047566280400,14.309280517578125,-1.509749174118042,1.5396069288253784,2.450632333755493
1780626047576275500,14.319275390625,-1.4555234909057617,1.6507641077041626,2.4481558799743652
1780626047586270200,14.329270263671875,-1.3107671737670898,1.7930150032043457,2.3340351581573486
1780626047596266200,14.339266357421875,-1.1124849319458008,1.8565257787704468,2.1435182094573975
1780626047606261200,14.34926123046875,-0.9139358997344971,1.724115252494812,1.8496849536895752
1780626047616256300,14.35925634765625,-0.7531867027282715,1.3360477685928345,1.451830506324768
1780626047626252300,14.369252197265626,-0.6597012281417847,0.9422053694725037,0.9566471576690674
1780626047636247300,14.379247314453124,-0.5451517105102539,0.6273544430732727,0.5104965567588806
1780626047646243300,14.389243408203125,-0.47633805871009827,0.39480724930763245,0.20987413823604584
1780626047656238300,14.39923828125,-0.5067787766456604,0.46749502420425415,0.32859891653060913
1780626047666233300,14.4092333984375,-0.5870065093040466,0.7274467349052429,0.5955773591995239
1780626047676229000,14.41922900390625,-0.59975266456604,1.001219630241394,0.7920323610305786
1780626047686224100,14.42922412109375,-0.4861525893211365,1.1109991073608398,0.8621536493301392
1780626047696219100,14.43921923828125,-0.3980073034763336,1.1514546871185303,0.8018953800201416
1780626047706215400,14.44921533203125,-0.3202224671840668,1.012930154800415,0.6986419558525085
1780626047716210400,14.45921044921875,-0.28528767824172974,0.7118880152702332,0.6183982491493225
1780626047726205400,14.469205322265625,-0.2865521311759949,0.5383007526397705,0.5215803384780884
1780626047736201200,14.479201171875,-0.2879532277584076,0.55327969789505,0.4059682786464691
1780626047746196200,14.4891962890625,-0.28352677822113037,0.49270182847976685,0.3368091881275177
1780626047756191200,14.499191162109375,-0.28720301389694214,0.3372962772846222,0.3107360303401947
1780626047766187300,14.509187255859375,-0.28559738397598267,0.2287791222333908,0.3050991892814636
1780626047776182500,14.5191826171875,-0.25331535935401917,0.30089378356933594,0.2848184108734131
1780626047786178300,14.52917822265625,-0.19922229647636414,0.38361796736717224,0.29646310210227966
1780626047796173300,14.53917333984375,-0.17629539966583252,0.3330370783805847,0.5053883194923401
1780626047806168300,14.549168212890624,-0.7156992554664612,0.4602528214454651,2.791959762573242
1780626047816164400,14.559164306640625,-1.511960744857788,4.523102283477783,4.189611434936523
1780626047826159400,14.569159423828125,-1.4264918565750122,4.800086498260498,3.5805115699768066
1780626047836154000,14.579154052734374,-0.5940143465995789,1.267208218574524,1.9536994695663452
1780626047846150400,14.589150390625,0.1093994602560997,-0.38988199830055237,-0.03080744668841362
1780626047856145400,14.5991455078125,0.47690504789352417,-0.5023869872093201,-0.8939417004585266
1780626047866140400,14.609140380859374,0.6393237709999084,-0.005688512232154608,-0.7059201002120972
1780626047876136200,14.61913623046875,0.4654638171195984,0.4146419167518616,-0.0744478702545166
1780626047886131200,14.629131103515626,0.05560360848903656,0.46479830145835876,0.18149735033512115
1780626047896126200,14.639126220703124,-0.32274237275123596,0.22252148389816284,0.09453476220369339
1780626047906122200,14.649122314453125,-0.4337972402572632,0.054185207933187485,0.10179693251848221
1780626047916117200,14.6591171875,-0.3810703754425049,0.08047913014888763,0.2390461415052414
1780626047926113300,14.66911328125,-0.2897615134716034,0.2836218476295471,0.40488356351852417
1780626047936108300,14.6791083984375,-0.19227011501789093,0.47893595695495605,0.6195394396781921
1780626047946103300,14.689103271484376,-0.11962759494781494,0.7079313397407532,0.8692454099655151
1780626047956099300,14.699099365234375,-0.08535803854465485,1.0616912841796875,1.149956464767456
1780626047966094300,14.70909423828125,-0.05752268061041832,1.4466674327850342,1.320547103881836
1780626047976089300,14.71908935546875,-0.025073396041989326,1.4974267482757568,1.2362748384475708
1780626047986085400,14.72908544921875,0.005930859595537186,1.0564919710159302,0.8751783967018127
1780626047996080400,14.739080322265625,0.054720502346754074,0.37661492824554443,0.3213471472263336
1780626048006075400,14.749075439453126,0.10589447617530823,-0.22963479161262512,-0.15212082862854004
1780626048016071400,14.759071533203125,0.0763123482465744,-0.4950494170188904,-0.39079198241233826
1780626048026066200,14.769066162109375,-0.032638102769851685,-0.44551461935043335,-0.38270023465156555
1780626048036061200,14.779061279296876,-0.13603560626506805,-0.28762751817703247,-0.2815017104148865
1780626048046057200,14.78905712890625,-0.1907784789800644,-0.18030665814876556,-0.23051096498966217
1780626048056052200,14.79905224609375,-0.14070545136928558,-0.13745799660682678,-0.2831270396709442
1780626048066047200,14.809047119140626,-0.041429463773965836,-0.12274003028869629,-0.38160914182662964
1780626048076043300,14.819043212890625,0.035894617438316345,-0.11282268911600113,-0.44748082756996155
1780626048086038300,14.829038330078125,0.08145864307880402,-0.10511709749698639,-0.4584099054336548
1780626048096034300,14.839034423828124,0.10765056312084198,-0.09886585921049118,-0.4431406855583191
1780626048106029300,14.849029296875,0.15440528094768524,-0.09611188620328903,-0.5111154913902283
1780626048116024300,14.8590244140625,0.16437801718711853,-0.24670778214931488,-0.6162099242210388
1780626048126020000,14.86902001953125,0.10839065909385681,-0.6707562804222107,-0.7268804907798767
1780626048136015400,14.879015380859375,0.03399711474776268,-1.142870306968689,-0.8371905088424683
1780626048146010400,14.88901025390625,-0.002171807922422886,-1.4312556982040405,-0.880768358707428
1780626048156006400,14.89900634765625,0.0031039142049849033,-1.5125300884246826,-0.769670844078064
1780626048166001400,14.90900146484375,0.012909939512610435,-1.3028274774551392,-0.519588828086853
1780626048175996400,14.918996337890626,-0.046906787902116776,-0.8460755944252014,-0.3027438819408417
1780626048185992200,14.9289921875,-0.1659729927778244,-0.39461416006088257,-0.18049973249435425
1780626048195987200,14.9389873046875,-0.2479352355003357,-0.18920934200286865,-0.1567629873752594
1780626048205982200,14.948982177734376,-0.21428486704826355,-0.24851979315280914,-0.206461563706398
1780626048215978500,14.958978515625,-0.11519023776054382,-0.443894624710083,-0.31132885813713074
1780626048225973200,14.96897314453125,-0.012092615477740765,-0.6290969848632812,-0.42602694034576416
1780626048235968300,14.97896826171875,0.04378902539610863,-0.7428267002105713,-0.4989115297794342
1780626048245964300,14.98896435546875,0.05126824602484703,-0.7730631828308105,-0.539617657661438
1780626048255959300,14.998959228515625,0.035702336579561234,-0.7206050753593445,-0.5525079369544983
1780626048265955300,15.008955322265624,0.005376389715820551,-0.6379256248474121,-0.555366575717926
1780626048275950000,15.0189501953125,-0.014941665343940258,-0.5759629011154175,-0.538715660572052
1780626048285945300,15.0289453125,0.0008471515611745417,-0.5430598258972168,-0.5118609070777893
1780626048295941400,15.03894140625,0.030712105333805084,-0.5159997344017029,-0.49125707149505615
1780626048305936400,15.048936279296875,0.07671661674976349,-0.5053166747093201,-0.4570083022117615
1780626048315931400,15.058931396484375,0.11082372069358826,-0.48286065459251404,-0.393350213766098
1780626048325927200,15.06892724609375,0.10240919888019562,-0.40694406628608704,-0.33859801292419434
1780626048335922200,15.078922119140625,0.12671878933906555,-0.06251424551010132,-0.1726388782262802
1780626048345917200,15.088917236328125,0.10567263513803482,0.10248296707868576,-0.0369364470243454
1780626048355913500,15.09891357421875,0.14872848987579346,0.1474831998348236,-0.04746072739362717
1780626048365908500,15.108908447265625,0.1626078188419342,0.0570845901966095,-0.09195096045732498
1780626048375903500,15.118903564453126,0.18023714423179626,-0.1360531747341156,-0.19867314398288727
1780626048385899300,15.128899169921874,0.31214722990989685,0.29955342411994934,0.06611829996109009
1780626048395894300,15.138894287109375,0.44870561361312866,0.35303768515586853,0.2824820280075073
1780626048405889300,15.14888916015625,0.5251404643058777,0.29845860600471497,0.2536253333091736
1780626048415885300,15.15888525390625,0.47064208984375,0.12163668870925903,0.10400016605854034
1780626048425880300,15.16888037109375,0.38802042603492737,-0.19903400540351868,-0.11960469186306
1780626048435875300,15.178875244140626,0.31192195415496826,-0.4544026553630829,-0.33507439494132996
1780626048445871400,15.188871337890625,0.22599318623542786,-0.677228569984436,-0.4796867072582245
1780626048455866000,15.1988662109375,0.09338480979204178,-0.8195281624794006,-0.5919626355171204
1780626048465862100,15.208862060546876,-0.12781041860580444,-0.82920902967453,-0.662519097328186
1780626048475857000,15.21885693359375,-0.31753215193748474,-0.7140896320343018,-0.6063764691352844
1780626048485852000,15.228851806640625,-0.3405413329601288,-0.4757116734981537,-0.3851410150527954
1780626048495848000,15.238847900390626,-0.2590600550174713,-0.10337911546230316,-0.07585694640874863
1780626048505843000,15.248843017578125,-0.20352302491664886,0.3145371675491333,0.2137756645679474
1780626048515838000,15.258837890625,-0.10748118907213211,0.406572550535202,0.42200955748558044
1780626048525834000,15.268833984375,-0.01007793378084898,0.38703054189682007,0.4994630813598633
1780626048535829000,15.2788291015625,0.04940882697701454,0.4036465287208557,0.45117783546447754
1780626048545824000,15.288823974609375,0.060691844671964645,0.3752407133579254,0.3445773422718048
1780626048555820000,15.298820068359374,0.027005251497030258,0.2566200792789459,0.23438747227191925
1780626048565815000,15.30881494140625,0.008287491276860237,0.041790325194597244,0.1182669848203659
1780626048575810000,15.31881005859375,0.024099210277199745,-0.15423351526260376,-0.01077008992433548
1780626048585805800,15.328805908203124,0.04808230698108673,-0.27891045808792114,-0.12409664690494537
1780626048595801000,15.338801025390625,0.0412323921918869,-0.32462388277053833,-0.1887856274843216
1780626048605796000,15.348796142578125,0.05121338739991188,-0.27269864082336426,-0.21326753497123718
1780626048615792000,15.358792236328124,0.14572258293628693,-0.21645374596118927,-0.1983242779970169
1780626048625787100,15.368787109375,0.38747715950012207,-0.12342313677072525,-0.21216684579849243
1780626048635782000,15.378781982421875,0.7435047626495361,-0.00974317453801632,-0.29615548253059387
1780626048645778000,15.38877783203125,0.9471609592437744,0.00962892547249794,-0.4004504680633545
1780626048655773000,15.39877294921875,0.8634370565414429,-0.11964890360832214,-0.458200067281723
1780626048665768000,15.408767822265625,0.65736323595047,-0.23178289830684662,-0.4811442494392395
1780626048675764000,15.418763916015624,0.4968619644641876,-0.27656927704811096,-0.47603604197502136
1780626048685759000,15.428759033203125,0.41067060828208923,-0.2533760666847229,-0.4135931730270386
1780626048695755000,15.438755126953126,0.39253687858581543,-0.069001704454422,-0.36603230237960815
1780626048705750000,15.44875,0.4239347577095032,-0.014789598993957043,-0.30782413482666016
1780626048715745000,15.4587451171875,0.4505714476108551,-0.07150587439537048,-0.25344160199165344
1780626048725740800,15.46874072265625,0.4647250771522522,-0.11035367101430893,-0.24509896337985992
1780626048735735800,15.47873583984375,0.44528958201408386,-0.08687417954206467,-0.2855910062789917
1780626048745731000,15.48873095703125,0.41715914011001587,-0.08534818887710571,-0.3440932035446167
1780626048755727000,15.49872705078125,0.42822885513305664,-0.16299238801002502,-0.3804762363433838
1780626048765722000,15.50872216796875,0.47059306502342224,-0.28902995586395264,-0.36681076884269714
1780626048775717000,15.518717041015625,0.50486159324646,-0.3985620141029358,-0.3132772147655487
1780626048785713000,15.528712890625,0.42812737822532654,-0.308876097202301,-0.26694434881210327
1780626048795708000,15.5387080078125,0.21995526552200317,-0.033002156764268875,-0.20295284688472748
1780626048805703000,15.548702880859375,0.03657958284020424,0.11110761016607285,-0.08819137513637543
1780626048815699200,15.55869921875,-0.0795811116695404,0.17458166182041168,0.02889423258602619
1780626048825694200,15.568694091796875,-0.16112443804740906,0.27986228466033936,0.15868684649467468
1780626048835689000,15.57868896484375,-0.18403588235378265,0.2719915807247162,0.2552434802055359
1780626048845685000,15.58868505859375,-0.17567382752895355,0.2035248875617981,0.26305559277534485
1780626048855680000,15.598679931640625,-0.18893051147460938,0.18329419195652008,0.24944818019866943
1780626048865675000,15.608675048828125,-0.2114161103963852,0.13409309089183807,0.30050045251846313
1780626048875670800,15.6186708984375,-0.26406732201576233,-0.011414041742682457,0.3367316722869873
1780626048885665800,15.628665771484375,-0.356700599193573,-0.20772071182727814,0.22800201177597046
1780626048895661000,15.6386611328125,-0.4321892261505127,-0.3687482178211212,0.047144610434770584
1780626048905657000,15.648656982421874,-0.4815479815006256,-0.4038689136505127,-0.11300697922706604
1780626048915652000,15.658652099609375,-0.4814739525318146,-0.32954248785972595,-0.15411873161792755
1780626048925648000,15.66864794921875,-0.4018230736255646,-0.14572763442993164,-0.0706067904829979
1780626048935643000,15.678642822265624,-0.30798497796058655,0.10013538599014282,0.09119116514921188
1780626048945638000,15.688637939453125,-0.363497257232666,0.19802840054035187,0.3081514239311218
1780626048955634200,15.69863427734375,-0.4636744558811188,0.3300767242908478,0.5208682417869568
1780626048965629200,15.708629150390625,-0.34665781259536743,0.5659939050674438,0.5837007164955139
1780626048975624200,15.718624267578125,-0.13602334260940552,0.4705462157726288,0.36092305183410645
1780626048985620000,15.728619873046876,0.029860693961381912,-0.010483001358807087,-0.09002869576215744
1780626048995615000,15.738614990234375,0.06115256994962692,-0.5556209087371826,-0.5437296032905579
1780626049005610000,15.74860986328125,-0.02089090086519718,-0.7375296950340271,-0.7305370569229126
1780626049015606000,15.75860595703125,-0.0601259209215641,-0.6581408977508545,-0.664466142654419
1780626049025601000,15.76860107421875,-0.026758110150694847,-0.5178554058074951,-0.48472273349761963
1780626049035595800,15.778595703125,0.030548587441444397,-0.32284435629844666,-0.2740400731563568
1780626049045592000,15.788592041015624,0.0692158192396164,-0.12787701189517975,-0.08467493951320648
1780626049055587000,15.798587158203125,0.07533443719148636,-0.005251487251371145,0.0063037024810910225
1780626049065582000,15.80858203125,0.03501257672905922,-0.001019990653730929,-0.015387478284537792
1780626049075577900,15.818577880859374,-0.017956895753741264,-0.08271565288305283,-0.10298656672239304
1780626049085572900,15.82857275390625,-0.033740654587745667,-0.15444256365299225,-0.1882026642560959
1780626049095568000,15.83856787109375,-0.03711221367120743,-0.1739901751279831,-0.20892365276813507
1780626049105564200,15.848564208984374,-0.04800108075141907,-0.10096762329339981,-0.11871732771396637
1780626049115559200,15.85855908203125,-0.10236658155918121,0.14376302063465118,0.11492392420768738
1780626049125554200,15.86855419921875,-0.16119235754013062,0.4054276645183563,0.3555698096752167
1780626049135550000,15.878550048828124,-0.22025060653686523,0.5185489058494568,0.46834245324134827
1780626049145545000,15.888544921875,-0.22221629321575165,0.515478253364563,0.45191845297813416
1780626049155540000,15.8985400390625,-0.1732673943042755,0.40647614002227783,0.35215669870376587
1780626049165536000,15.908535888671874,-0.09502345323562622,0.28140902519226074,0.22566188871860504
1780626049175531000,15.918531005859375,-0.030542995780706406,0.13924923539161682,0.11071453243494034
1780626049185526000,15.928526123046876,0.019543340429663658,0.0491584911942482,0.0249631404876709
1780626049195522000,15.93852197265625,0.05474979802966118,-0.015488944947719574,-0.009726663120090961
1780626049205517000,15.94851708984375,0.08491861820220947,-0.006117014680057764,-0.015124091878533363
1780626049215512000,15.958511962890626,0.1143430843949318,0.04219379276037216,-0.019714849069714546
1780626049225508000,15.968508056640625,0.12494752556085587,0.03864459693431854,-0.03110039420425892
1780626049235502800,15.9785029296875,0.10878613591194153,-0.008026501163840294,-0.05281927064061165
1780626049245499000,15.988498779296876,0.07824526727199554,-0.034575819969177246,-0.09139249473810196
1780626049255494100,15.998494140625,0.07883569598197937,-0.02616875246167183,-0.1320057064294815
1780626049265489200,16.0084892578125,0.11967314034700394,-0.02694612927734852,-0.17282317578792572
1780626049275485000,16.01848486328125,0.18556639552116394,-0.07110613584518433,-0.18704019486904144
1780626049285480000,16.02847998046875,0.27620309591293335,-0.1300613284111023,-0.18263453245162964
1780626049295475000,16.038474853515623,0.39930930733680725,-0.18170668184757233,-0.18759359419345856
1780626049305471000,16.048470947265624,0.5924808979034424,-0.2522554099559784,-0.19133827090263367
1780626049315466000,16.058466064453125,0.8680410981178284,-0.25197312235832214,-0.21564148366451263
1780626049325461000,16.0684609375,1.111358642578125,-0.25989097356796265,-0.24173380434513092
1780626049335457000,16.07845703125,1.2523977756500244,-0.2455572932958603,-0.24879729747772217
1780626049345452000,16.0884521484375,1.3190735578536987,-0.18951107561588287,-0.24973712861537933
1780626049355447000,16.098447021484375,1.3245612382888794,-0.14874526858329773,-0.23777633905410767
1780626049365443000,16.108443115234376,1.3347680568695068,-0.1380031406879425,-0.2316524088382721
1780626049375438000,16.11843798828125,1.2908775806427002,-0.15374109148979187,-0.23899181187152863
1780626049385432800,16.128432861328125,1.2471314668655396,-0.13895443081855774,-0.28088200092315674
1780626049395428900,16.138428955078126,1.2944166660308838,-0.1337846964597702,-0.33799323439598083
1780626049405424000,16.148424072265627,1.3367388248443604,-0.15287290513515472,-0.3901922404766083
1780626049415419100,16.158419189453124,1.3184828758239746,-0.12692731618881226,-0.46773043274879456
1780626049425415000,16.168414794921876,1.347144365310669,-0.07910706847906113,-0.6098164916038513
1780626049435410000,16.178409912109377,1.4427618980407715,-0.1288575828075409,-0.8166801929473877
1780626049445405000,16.188405029296874,1.5322725772857666,-0.30467548966407776,-1.053825855255127
1780626049455401000,16.19840087890625,1.516621708869934,-0.4666745066642761,-1.3061233758926392
1780626049465396700,16.208396728515623,1.3982131481170654,-0.5631960034370422,-1.5608206987380981
1780626049475391700,16.218391845703124,1.2797703742980957,-0.6928533315658569,-1.755466341972351
1780626049485387800,16.2283876953125,1.199891209602356,-0.8211612105369568,-1.8314228057861328
1780626049495382800,16.2383828125,1.131433367729187,-0.8572518229484558,-1.7710644006729126
1780626049505377800,16.248377685546874,1.0388685464859009,-0.7614424824714661,-1.615996241569519
1780626049515373800,16.258373779296875,0.9144043326377869,-0.5493331551551819,-1.406492829322815
1780626049525368600,16.26836865234375,0.8287909030914307,-0.37737205624580383,-1.1758297681808472
1780626049535363600,16.278363525390624,0.7536391615867615,-0.26810336112976074,-0.9712167382240295
1780626049545360000,16.28835986328125,0.706672191619873,-0.23736195266246796,-0.8549373149871826
1780626049555355000,16.29835498046875,0.5151680111885071,-0.353297621011734,-0.7421870231628418
1780626049565350000,16.308349853515626,0.42431026697158813,-0.35715600848197937,-0.7747218012809753
1780626049575345700,16.318345703125,0.31436672806739807,-0.3927763104438782,-0.9067836999893188
1780626049585340700,16.328340576171875,0.25501924753189087,-0.479905366897583,-1.0978492498397827
1780626049595335700,16.338335693359376,0.17216190695762634,-0.7397468090057373,-1.0988080501556396
1780626049605331700,16.348331787109377,0.12140978127717972,-0.7058879137039185,-0.972228467464447
1780626049615326700,16.35832666015625,0.07486465573310852,-0.49100327491760254,-0.72274249792099
1780626049625322000,16.368322021484374,0.04532993212342262,-0.2686072289943695,-0.4387592375278473
1780626049635317800,16.37831787109375,-0.047272175550460815,-0.13494449853897095,-0.23038101196289062
1780626049645312800,16.388312744140624,-0.022039521485567093,-0.10071542859077454,-0.16956479847431183
1780626049655308800,16.398308837890625,-0.044918473809957504,-0.1307830512523651,-0.17594200372695923
1780626049665303800,16.4083037109375,-0.05505739152431488,-0.11257368326187134,-0.15149284899234772
1780626049675298800,16.418298828125,-0.06083964928984642,-0.026939205825328827,-0.08140351623296738
1780626049685294800,16.428294921875,-0.07498876005411148,0.06964219361543655,0.033784862607717514
1780626049695289900,16.438289794921875,-0.09499681740999222,0.2166537493467331,0.18303853273391724
1780626049705284900,16.448284912109376,-0.15495815873146057,0.39104604721069336,0.3241825997829437
1780626049715281000,16.458281005859376,-0.24812325835227966,0.49530428647994995,0.41537269949913025
1780626049725275600,16.468275634765625,-0.34373340010643005,0.48776674270629883,0.4935433864593506
1780626049735270700,16.478270751953126,-0.41363525390625,0.40986475348472595,0.5746806263923645
1780626049745266700,16.4882666015625,-0.46577194333076477,0.35777518153190613,0.694865345954895
1780626049755261700,16.49826171875,-0.517716646194458,0.3583536148071289,0.8656101822853088
1780626049765256700,16.508256591796876,-0.54737788438797,0.3283557891845703,1.0578664541244507
1780626049775252700,16.518252685546877,-0.593106746673584,0.28564614057540894,1.2499897480010986
1780626049785247700,16.528247802734374,-0.6393355131149292,0.2841443717479706,1.3723289966583252
1780626049795242800,16.53824267578125,-0.6816981434822083,0.27646034955978394,1.4023247957229614
1780626049805238800,16.54823876953125,-0.6802701354026794,0.26222389936447144,1.3741205930709839
1780626049815233800,16.55823388671875,-0.6328115463256836,0.32372719049453735,1.3144135475158691
1780626049825228800,16.568228759765624,-0.5654489994049072,0.40381911396980286,1.22709059715271
1780626049835224800,16.578224853515625,-0.5173949599266052,0.4263337254524231,1.090489387512207
1780626049845219800,16.5882197265625,-0.5113221406936646,0.3544129431247711,0.9228710532188416
1780626049855214800,16.59821484375,-0.5185848474502563,0.3361079692840576,0.742314338684082
1780626049865211000,16.6082109375,-0.46101075410842896,0.29498210549354553,0.5714677572250366
1780626049875205600,16.61820556640625,-0.36160507798194885,0.22813357412815094,0.4192787706851959
1780626049885200600,16.62820068359375,-0.30731838941574097,0.18725724518299103,0.29099908471107483
1780626049895196700,16.63819677734375,-0.3112761378288269,0.15539225935935974,0.2288515567779541
1780626049905191700,16.648191650390626,-0.3030695915222168,0.16387814283370972,0.24393783509731293
1780626049915186700,16.658186767578126,-0.2748126685619354,0.20540934801101685,0.3001803159713745
1780626049925182700,16.6681826171875,-0.22845740616321564,0.2143530398607254,0.3681924045085907
1780626049935177700,16.678177734375,-0.18545401096343994,0.20867331326007843,0.413707971572876
1780626049945172700,16.6881728515625,-0.175399512052536,0.20846877992153168,0.42018768191337585
1780626049955168800,16.698168701171873,-0.1770932823419571,0.21112369000911713,0.3964746296405792
1780626049965163800,16.708163818359374,-0.16814880073070526,0.21193009614944458,0.3734138011932373
1780626049975158800,16.71815869140625,-0.1554284691810608,0.2057209312915802,0.3792104423046112
1780626049985154800,16.72815478515625,-0.1524856835603714,0.22841906547546387,0.4027751386165619
1780626049995149800,16.73814990234375,-0.1675269454717636,0.24612614512443542,0.45600056648254395
1780626050005144800,16.748144775390625,-0.18735924363136292,0.253665566444397,0.5250584483146667
1780626050015140900,16.758140869140625,-0.21549206972122192,0.3111259341239929,0.5972551703453064
1780626050025135900,16.768135986328126,-0.25455212593078613,0.35030022263526917,0.6441256999969482
1780626050035130600,16.778130615234375,-0.3043423295021057,0.3807140588760376,0.6496102213859558
1780626050045126700,16.788126708984375,-0.3669673502445221,0.38101711869239807,0.6120394468307495
1780626050055121700,16.79812158203125,-0.4282887578010559,0.33863478899002075,0.5619440078735352
1780626050065116700,16.80811669921875,-0.42289453744888306,0.2859981954097748,0.42971327900886536
1780626050075112700,16.81811279296875,-0.31480586528778076,0.15232296288013458,0.24907560646533966
1780626050085107700,16.828107666015626,-0.22470873594284058,-0.030062029138207436,0.11312176287174225
1780626050095102700,16.838102783203126,-0.21748997271060944,-0.17359495162963867,0.07721782475709915
1780626050105098800,16.8480986328125,-0.2558605372905731,-0.20669139921665192,0.1705176830291748
1780626050115093800,16.85809375,-0.29519861936569214,-0.104100301861763,0.3142056167125702
1780626050125088800,16.8680888671875,-0.2609066963195801,0.12195466458797455,0.3335998058319092
1780626050135084800,16.878084716796874,-0.1557890623807907,0.15673741698265076,0.1942744106054306
1780626050145079800,16.888079833984374,-0.03894766420125961,-0.06247589364647865,-0.0015430354978889227
1780626050155074800,16.89807470703125,0.02136574313044548,-0.24677249789237976,-0.12918195128440857
1780626050165070800,16.90807080078125,-0.01665966957807541,-0.26422393321990967,-0.12232005596160889
1780626050175065900,16.91806591796875,-0.19825103878974915,0.1761063188314438,0.15184305608272552
1780626050185060900,16.928060791015625,-0.46455222368240356,1.0540437698364258,0.7652127146720886
1780626050195056600,16.938056640625,-0.6834669709205627,1.8702597618103027,1.4644770622253418
1780626050205051600,16.9480517578125,-0.6750136017799377,2.0352447032928467,1.6695019006729126
1780626050215046700,16.958046630859375,-0.47981321811676025,1.6773024797439575,1.2205810546875
1780626050225043000,16.96804296875,-0.2409532219171524,1.0407553911209106,0.40307527780532837
1780626050235037700,16.97803759765625,-0.10480417311191559,0.22273534536361694,-0.37118101119995117
1780626050245032700,16.98803271484375,-0.020142287015914917,-0.41681134700775146,-0.8439959287643433
1780626050255028700,16.99802880859375,0.03496623784303665,-0.687103807926178,-0.972964346408844
1780626050265023700,17.008023681640626,0.0782545879483223,-0.5569908022880554,-0.8191561102867126
1780626050275018800,17.018018798828123,0.14065271615982056,-0.3251975476741791,-0.5125067234039307
1780626050285014800,17.028014892578124,0.1607273668050766,0.013068930245935917,-0.19320647418498993
1780626050295009800,17.038009765625,0.09982006996870041,0.25648051500320435,0.06198347732424736
1780626050305004800,17.0480048828125,0.03639848902821541,0.33833569288253784,0.2144254744052887
1780626050315000800,17.058000732421874,0.024060862138867378,0.2376096248626709,0.21745190024375916
1780626050324995800,17.067995849609375,0.05763187259435654,0.15502740442752838,0.09548524022102356
1780626050334990800,17.077990966796875,0.14465917646884918,0.03200560435652733,-0.10304169356822968
1780626050344986600,17.087986572265624,0.2745490074157715,-0.006403304636478424,-0.3509306013584137
1780626050354981600,17.097981689453125,0.321804940700531,-0.06869890540838242,-0.5436717867851257
1780626050364976600,17.1079765625,0.27450984716415405,-0.12419252097606659,-0.599685549736023
1780626050374973000,17.117972900390626,0.23604954779148102,-0.1676960587501526,-0.5310753583908081
1780626050384967700,17.1279677734375,0.21489952504634857,-0.10032660514116287,-0.4012768566608429
1780626050394962700,17.137962646484375,0.18363001942634583,0.021754298359155655,-0.2483767867088318
1780626050404958700,17.147958740234376,0.14344824850559235,0.03265434876084328,-0.10950705409049988
1780626050414953700,17.15795361328125,0.09606155008077621,0.003982224967330694,-0.02912326343357563
1780626050424948700,17.16794873046875,0.05974961817264557,-0.03645920753479004,-0.018211228772997856
1780626050434944800,17.17794482421875,0.0361098013818264,0.014460698701441288,-0.06516728550195694
1780626050444939800,17.187939697265627,-0.030886011198163033,-0.2926070988178253,-0.08769736438989639
1780626050454934800,17.197934814453124,-0.0314553938806057,-0.4277617335319519,-0.10445263981819153
1780626050464929800,17.2079296875,0.012674516066908836,-0.3516333997249603,-0.09202313423156738
1780626050474925000,17.217925048828125,0.021024325862526894,-0.2217680811882019,-0.04838164895772934
1780626050484920000,17.227920166015625,-0.006305832881480455,-0.20011498034000397,0.005450425669550896
1780626050494915800,17.237915771484374,-0.03437954559922218,-0.18154636025428772,0.023619841784238815
1780626050504910800,17.247910888671875,-0.027833495289087296,-0.19527122378349304,-0.04132187366485596
1780626050514905900,17.25790576171875,-0.00884861871600151,-0.2812045216560364,-0.20669113099575043
1780626050524902000,17.26790185546875,-0.0038400120101869106,-0.41933387517929077,-0.4162962734699249
1780626050534897000,17.27789697265625,-0.011118165217339993,-0.5791746973991394,-0.6103917360305786
1780626050544892000,17.287891845703125,-0.01685434766113758,-0.7060873508453369,-0.7514628171920776
1780626050554888000,17.297887939453126,-0.027039073407649994,-0.814651370048523,-0.8285701274871826
1780626050564883000,17.307883056640627,-0.04183852672576904,-0.8906196355819702,-0.8502093553543091
1780626050574878000,17.3178779296875,-0.07170481234788895,-0.9503122568130493,-0.8392712473869324
1780626050584874000,17.3278740234375,-0.09852177649736404,-1.023842453956604,-0.8265852928161621
1780626050594869000,17.337868896484373,-0.11611488461494446,-1.0852974653244019,-0.8284284472465515
1780626050604864000,17.347864013671874,-0.12408147007226944,-1.0816847085952759,-0.8225199580192566
1780626050614859800,17.35785986328125,-0.11390739679336548,-0.9966901540756226,-0.7418501377105713
1780626050624855000,17.36785498046875,-0.09026704728603363,-0.8203433752059937,-0.5729852318763733
1780626050634850000,17.37785009765625,-0.06512627005577087,-0.5979601144790649,-0.35723111033439636
1780626050644846000,17.38784619140625,-0.04700133204460144,-0.3642759621143341,-0.1267603486776352
1780626050654840800,17.3978408203125,-0.04586575925350189,-0.12715928256511688,0.07138337194919586
1780626050664835800,17.4078359375,-0.03344077989459038,0.04962854087352753,0.22284692525863647
1780626050674832000,17.417831787109375,-0.007500260602682829,0.1748591661453247,0.3221612572669983
1780626050684827000,17.427826904296875,0.012197543866932392,0.2653552293777466,0.3679617643356323
1780626050694822000,17.43782177734375,0.029157087206840515,0.2934931218624115,0.37191256880760193
1780626050704818000,17.44781787109375,0.037032321095466614,0.27931445837020874,0.34536510705947876
1780626050714813000,17.45781298828125,0.04217967763543129,0.276004433631897,0.31255656480789185
1780626050724808000,17.467807861328126,0.05019685626029968,0.2911101281642914,0.31779447197914124
1780626050734804000,17.477803955078127,0.03966165706515312,0.3108859658241272,0.35213062167167664
1780626050744799000,17.487799072265624,0.0015606123488396406,0.33563873171806335,0.37307238578796387
1780626050754794000,17.4977939453125,-0.016685502603650093,0.3437054455280304,0.35479670763015747
1780626050764789800,17.507789794921877,0.004816060420125723,0.34201911091804504,0.2889114320278168
1780626050774785000,17.517784912109374,0.025053687393665314,0.26757150888442993,0.18243426084518433
1780626050784780000,17.527780029296874,0.019154518842697144,0.21580259501934052,0.08880310505628586
1780626050794776000,17.537776123046875,-0.005316734779626131,0.22381311655044556,0.07286275178194046
1780626050804771000,17.54777099609375,-0.032164860516786575,0.20756012201309204,0.11038829386234283
1780626050814765800,17.557765869140624,-0.046483345329761505,0.1621990203857422,0.1177561953663826
1780626050824761900,17.567761962890625,-0.03958496078848839,0.09852337837219238,0.05621267110109329
1780626050834756900,17.5777568359375,-0.015497732907533646,0.01623702608048916,-0.031267642974853516
1780626050844752000,17.587751953125,-0.00011984224693151191,-0.03774311766028404,-0.0951390340924263
1780626050854748000,17.597747802734375,0.010639594867825508,-0.06175364553928375,-0.1375615894794464
1780626050864743000,17.607742919921876,0.0062517705373466015,-0.066077820956707,-0.15591450035572052
1780626050874738000,17.617738037109376,-0.004816593136638403,-0.06120716407895088,-0.16025598347187042
1780626050884734000,17.62773388671875,0.004484763368964195,-0.04687909036874771,-0.1492890864610672
1780626050894729000,17.63772900390625,0.008192682638764381,0.00509968725964427,-0.12345988303422928
1780626050904724000,17.647723876953126,-0.0003254382754676044,0.059661999344825745,-0.06643947958946228
1780626050914719700,17.6577197265625,-0.002805640222504735,0.10508913546800613,0.009100553579628468
1780626050924715000,17.667715087890624,-0.015353656373918056,0.13350506126880646,0.07911239564418793
1780626050934710000,17.6777099609375,-0.0412779301404953,0.1506052166223526,0.11591462045907974
1780626050944706000,17.6877060546875,-0.07125154137611389,0.13563399016857147,0.12077328562736511
1780626050954701000,17.697701171875,-0.08745262026786804,0.0662224292755127,0.10730515420436859
1780626050964695800,17.70769580078125,-0.09539788961410522,0.005082110408693552,0.06052938848733902
1780626050974691800,17.71769189453125,-0.098440021276474,-0.07655017077922821,-0.009040100499987602
1780626050984686800,17.727686767578124,-0.10170399397611618,-0.12831749022006989,-0.0685202032327652
1780626050994681900,17.737681884765625,-0.11437717825174332,-0.17833884060382843,-0.0910729169845581
1780626051004678000,17.747677978515625,-0.1316341906785965,-0.24635225534439087,-0.09403514862060547
1780626051014673000,17.7576728515625,-0.1422804445028305,-0.3089194893836975,-0.11070813983678818
1780626051024668000,17.76766796875,-0.14167670905590057,-0.3431704044342041,-0.15894916653633118
1780626051034664000,17.777663818359375,-0.11298620700836182,-0.3523556590080261,-0.20224738121032715
1780626051044659000,17.787658935546876,-0.059658803045749664,-0.2656356692314148,-0.16833947598934174
1780626051054654000,17.797654052734377,-0.0035095135681331158,-0.09998385608196259,-0.03923182561993599
1780626051064649700,17.807649658203125,0.007536479737609625,0.0762721374630928,0.1338861584663391
1780626051074645000,17.81764501953125,-0.011002317070960999,0.20249105989933014,0.2685081660747528
1780626051084640000,17.827639892578127,-0.015389875508844852,0.25030064582824707,0.3014317452907562
1780626051094635000,17.837635009765624,0.0022357236593961716,0.2061137557029724,0.23683758080005646
1780626051104631000,17.847631103515624,0.03997005149722099,0.13557939231395721,0.12918302416801453
1780626051114626000,17.8576259765625,0.06572867929935455,0.07884182035923004,0.024036627262830734
1780626051124620800,17.867620849609374,0.0718424990773201,0.03152090683579445,-0.04506068676710129
1780626051134616800,17.877616943359374,0.04639945551753044,0.01190885715186596,-0.06945604085922241
1780626051144611800,17.88761181640625,0.03749970346689224,-0.00037976677413098514,-0.0724363848567009
1780626051154606800,17.89760693359375,0.044487304985523224,-0.03909653425216675,-0.10010529309511185
1780626051164603000,17.907602783203124,0.07028108835220337,-0.11285863816738129,-0.18546466529369354
1780626051174598000,17.917597900390625,0.09648259729146957,-0.19759909808635712,-0.30934879183769226
1780626051184593000,17.927593017578126,0.1090892031788826,-0.2781325578689575,-0.4364561438560486
1780626051194589000,17.9375888671875,0.10971717536449432,-0.3587150275707245,-0.5333440899848938
1780626051204584000,17.947583984375,0.11970242857933044,-0.4009258449077606,-0.582648515701294
1780626051214579000,17.957578857421876,0.11533164978027344,-0.3878249526023865,-0.5387300252914429
1780626051224575000,17.967574951171876,0.0997827872633934,-0.29868975281715393,-0.40056872367858887
1780626051234570000,17.977570068359373,0.08054304867982864,-0.17474065721035004,-0.22135210037231445
1780626051244565000,17.98756494140625,0.06232888624072075,-0.06565970182418823,-0.05567125231027603
1780626051254561000,17.99756103515625,0.039808932691812515,0.0035033884923905134,0.06989466398954391
1780626051264556000,18.00755615234375,0.0253375805914402,0.04211895912885666,0.13497832417488098
1780626051274551000,18.017551025390624,0.016584036871790886,0.0854102373123169,0.15584126114845276
1780626051284546800,18.027546875,-0.006530337035655975,0.13037052750587463,0.144466370344162
1780626051294541800,18.037541748046873,-0.02070101723074913,0.13542014360427856,0.11126819998025894
1780626051304536800,18.047536865234374,-0.02653147652745247,0.09886399656534195,0.05467922240495682
1780626051314533000,18.057533203125,-0.011993546038866043,0.043472375720739365,-0.0285328421741724
1780626051324527900,18.06752783203125,0.013466540724039078,0.001321194227784872,-0.10165871679782867
1780626051334523000,18.07752294921875,0.04405827075242996,-0.01956065185368061,-0.1371610462665558
1780626051344519000,18.087518798828125,0.06119491532444954,-0.04368436336517334,-0.1425779163837433
1780626051354514000,18.097513916015625,0.07171919196844101,-0.05678312107920647,-0.1406058520078659
1780626051364509000,18.107509033203126,0.07519035786390305,-0.06533293426036835,-0.1490219682455063
1780626051374505000,18.1175048828125,0.07092210650444031,-0.07967326045036316,-0.1658177226781845
1780626051384500000,18.1275,0.05157637596130371,-0.09418082982301712,-0.16151060163974762
1780626051394495000,18.137494873046876,0.036793701350688934,-0.0880718007683754,-0.10567955672740936
1780626051404491000,18.147490966796877,0.023380422964692116,-0.05010684207081795,-0.025837456807494164
1780626051414486000,18.157486083984374,0.011123225092887878,-0.0101389205083251,0.055992696434259415
1780626051424481000,18.16748095703125,0.004123106133192778,0.0060357884503901005,0.11491726338863373
1780626051434476800,18.177476806640627,0.012819924391806126,0.03516517952084541,0.12597870826721191
1780626051444471800,18.187471923828124,0.032590433955192566,0.05500306561589241,0.10991078615188599
1780626051454466800,18.197466796875,0.0411040261387825,0.06275951862335205,0.08796048164367676
1780626051464463400,18.20746337890625,0.048056475818157196,0.05844786390662193,0.06974738836288452
1780626051474458000,18.2174580078125,0.05052708834409714,0.049798447638750076,0.05576366186141968
1780626051484453000,18.227453125,0.04825674369931221,0.03800863400101662,0.04348782077431679
1780626051494449400,18.237449462890623,0.03784272074699402,0.021102622151374817,0.035946015268564224
1780626051504444400,18.2474443359375,0.027767715975642204,0.014157630503177643,0.02370160073041916
1780626051514439400,18.257439453125,0.03278378024697304,0.006010488141328096,0.01654675230383873
1780626051524435200,18.267435302734373,0.03067641891539097,0.011624165810644627,0.0018399780383333564
1780626051534430200,18.27743017578125,0.01961897499859333,0.011922439560294151,-0.010977815836668015
1780626051544425200,18.28742529296875,0.005101284943521023,-0.00024341292737517506,-0.023013973608613014
1780626051554420200,18.297420166015623,-0.008213188499212265,-0.009890447370707989,-0.03549966961145401
1780626051564416300,18.307416259765624,-0.009505621157586575,-0.01155811920762062,-0.05002854764461517
1780626051574411300,18.317411376953125,-0.004381965380162001,-0.02647874504327774,-0.0556158572435379
1780626051584406300,18.32740625,-0.0019014970166608691,-0.022164691239595413,-0.05423074960708618
1780626051594402300,18.33740234375,0.00401604687795043,-0.021381720900535583,-0.03273078054189682
1780626051604397300,18.347397216796875,0.009285910055041313,-0.036128442734479904,-0.01506896410137415
1780626051614392300,18.357392333984375,0.01624448411166668,-0.052018195390701294,-0.013527260161936283
1780626051624388000,18.36738818359375,0.019781693816184998,-0.06395581364631653,-0.028742432594299316
1780626051634383000,18.377383056640625,0.019902868196368217,-0.06260692328214645,-0.04735925793647766
1780626051644378000,18.387378173828125,0.030131803825497627,-0.05775357782840729,-0.0468231663107872
1780626051654374400,18.39737451171875,0.03315422311425209,-0.04265851527452469,-0.02515568770468235
1780626051664369400,18.407369384765627,0.03584295138716698,-0.032039426267147064,0.0046573360450565815
1780626051674364400,18.417364501953124,0.03376062586903572,-0.026513099670410156,0.008797752670943737
1780626051684360200,18.427360107421876,0.03411349654197693,-0.035655733197927475,-0.011144530028104782
1780626051694355200,18.437355224609377,0.03189374879002571,-0.04792012274265289,-0.03346022218465805
1780626051704350200,18.44735009765625,0.035536155104637146,-0.056837715208530426,-0.032174982130527496
1780626051714346200,18.45734619140625,0.02918984368443489,-0.06816121190786362,-0.01678217574954033
1780626051724341200,18.46734130859375,0.01895025558769703,-0.0536283403635025,-0.006922887172549963
1780626051734336300,18.477336181640624,0.02028396539390087,-0.04837578907608986,-0.01073706615716219
1780626051744332300,18.487332275390624,0.0252787247300148,-0.04075329005718231,-0.019054651260375977
1780626051754327300,18.497327392578125,0.02040700428187847,-0.022843264043331146,-0.01907169446349144
1780626051764322300,18.507322265625,0.014699051156640053,-0.006164685357362032,0.008978048339486122
1780626051774318300,18.517318359375,0.000018375811123405583,0.0026501116808503866,0.03712819516658783
1780626051784313000,18.52731298828125,-0.00443869037553668,0.006931409239768982,0.051366519182920456
1780626051794308000,18.53730810546875,-0.007201986387372017,0.0007845672662369907,0.046846866607666016
1780626051804304400,18.547304443359376,-0.004664793144911528,-0.0007321029552258551,0.014154168777167797
1780626051814299400,18.55729931640625,-0.0038421424105763435,-0.013049488887190819,-0.024760473519563675
1780626051824294400,18.56729443359375,-0.005648564547300339,-0.014594921842217445,-0.04832971468567848
1780626051834289400,18.577289306640626,-0.004542287439107895,-0.01914333365857601,-0.041667550802230835
1780626051844285200,18.58728515625,-0.011039068922400475,-0.01823652721941471,-0.026384202763438225
1780626051854280200,18.5972802734375,-0.016657806932926178,-0.019601397216320038,-0.013884922489523888
1780626051864275200,18.607275146484376,-0.008932242169976234,-0.016816264018416405,-0.00649704784154892
1780626051874271200,18.617271240234373,0.0010061422362923622,-0.021587051451206207,-0.0033665020018815994
1780626051884266500,18.6272666015625,0.013577860780060291,-0.013890515081584454,-0.008828112855553627
1780626051894261200,18.63726123046875,0.015532620251178741,-0.003320162883028388,-0.016645023599267006
1780626051904257300,18.64725732421875,0.008927981369197369,0.0023393207229673862,-0.015247396193444729
1780626051914252300,18.657252197265624,-0.0015560849569737911,0.006113552488386631,-0.012717126868665218
1780626051924247300,18.667247314453125,0.0007129282457754016,0.004821653012186289,-0.00809308048337698
1780626051934243300,18.677243408203125,0.006413690745830536,0.000544350128620863,-0.008643821813166142
1780626051944238000,18.687238037109374,0.007964981719851494,-0.009074721485376358,-0.02299373224377632
1780626051954233000,18.697233154296875,0.016173377633094788,-0.02413702756166458,-0.04164411500096321
1780626051964229400,18.7072294921875,0.016687100753188133,-0.028715001419186592,-0.05915439873933792
1780626051974224400,18.717224365234376,0.019906330853700638,-0.034445591270923615,-0.06281384825706482
1780626051984219400,18.727219482421877,0.027109116315841675,-0.04161908105015755,-0.06112487241625786
1780626051994215200,18.737215087890625,0.026741866022348404,-0.043831903487443924,-0.05907450616359711
1780626052004210200,18.747210205078126,0.02514982782304287,-0.04093464836478233,-0.05163869261741638
1780626052014205200,18.757205078125,0.01697232574224472,-0.0429658442735672,-0.04381539300084114
1780626052024201200,18.767201171875,0.016773387789726257,-0.04081613942980766,-0.03450311720371246
1780626052034196500,18.777196533203124,0.012412195093929768,-0.028371986001729965,-0.014040451496839523
1780626052044191500,18.78719140625,-0.0008410262526012957,-0.011090201325714588,-0.0013667342718690634
1780626052054187300,18.797187255859374,-0.010833739303052425,-0.0038775624707341194,-0.00030892668291926384
1780626052064182300,18.807182373046874,-0.014335263520479202,-0.008254733867943287,-0.013413011096417904
1780626052074177300,18.81717724609375,-0.011951734311878681,-0.023986293002963066,-0.02652774751186371
1780626052084173300,18.82717333984375,-0.0011297129094600677,-0.028774123638868332,-0.028751486912369728
1780626052094168000,18.83716796875,-0.002294047037139535,-0.035174500197172165,-0.0169113390147686
1780626052104163000,18.8471630859375,-0.010786068625748158,-0.023861391469836235,0.000036485307646216825
1780626052114158000,18.857157958984374,-0.012013519182801247,-0.020320184528827667,0.025373533368110657
1780626052124154400,18.867154296875,-0.002939597237855196,-0.015605857595801353,0.040718935430049896
1780626052134149400,18.8771494140625,0.00646775308996439,-0.026881681755185127,0.03850877657532692
1780626052144144400,18.887144287109376,0.01101536676287651,-0.034868769347667694,0.0036464000586420298
1780626052154140200,18.89714013671875,0.016329437494277954,-0.05404192954301834,-0.029499301686882973
1780626052164135200,18.90713525390625,0.0133301867172122,-0.0618111677467823,-0.04089709743857384
1780626052174130200,18.917130126953126,0.00830746442079544,-0.055258993059396744,-0.03948855400085449
1780626052184126500,18.92712646484375,0.013733655214309692,-0.05133189633488655,-0.03447461873292923
1780626052194121500,18.93712158203125,0.02250237949192524,-0.04640025645494461,-0.0319448821246624
1780626052204116200,18.9471162109375,0.02672562003135681,-0.035885296761989594,-0.02684040181338787
1780626052214112300,18.9571123046875,0.01378239132463932,-0.013035374693572521,-0.02340678870677948
1780626052224107300,18.967107177734373,0.007959655486047268,0.005360410548746586,-0.015519571490585804
1780626052234102300,18.977102294921874,0.008276039734482765,0.011439608410000801,0.007159642409533262
1780626052244098300,18.987098388671875,0.006198773626238108,0.02015959657728672,0.03572896867990494
1780626052254093000,18.997093017578123,-0.0004988100845366716,0.037808097898960114,0.052922602742910385
1780626052264088000,19.007088134765624,-0.004315119702368975,0.05440545082092285,0.053586795926094055
1780626052274084400,19.01708447265625,-0.012374111451208591,0.06653188914060593,0.048403751105070114
1780626052284079400,19.027079345703125,-0.010211092419922352,0.06369908154010773,0.04938272759318352
1780626052294074400,19.037074462890626,-0.00535348616540432,0.05583210662007332,0.057194046676158905
1780626052304070100,19.047070068359375,0.00031878036679700017,0.05206506699323654,0.06839051097631454
1780626052314065200,19.057065185546875,0.004029628820717335,0.0547732338309288,0.0795704573392868
1780626052324060200,19.06706005859375,0.0020362529903650284,0.06808557361364365,0.07951666414737701
1780626052334055200,19.07705517578125,0.004299673717468977,0.062017299234867096,0.06683016568422318
1780626052344051500,19.087051513671874,0.008474178612232208,0.06191050633788109,0.049551840871572495
1780626052354046500,19.09704638671875,0.008342085406184196,0.05915599688887596,0.042867038398981094
1780626052364041200,19.107041259765627,0.007525294087827206,0.04820481315255165,0.04556908458471298
1780626052374037200,19.117037353515624,-0.0006844323943369091,0.037998247891664505,0.04663621261715889
1780626052384032300,19.1270322265625,-0.005935387220233679,0.028739502653479576,0.04890495911240578
1780626052394027300,19.13702734375,-0.003326288191601634,0.03212597966194153,0.047214917838573456
1780626052404023300,19.147023193359374,-0.0006719155353493989,0.039689887315034866,0.04848071560263634
1780626052414018000,19.15701806640625,-0.0005387574783526361,0.04361645132303238,0.05860712006688118
1780626052424013300,19.167013427734375,0.0002055960358120501,0.039562322199344635,0.07348726689815521
1780626052434009300,19.17700927734375,-0.0008631304954178631,0.04236530140042305,0.07760504633188248
1780626052444004400,19.18700439453125,-0.005981726106256247,0.04638081416487694,0.061286259442567825
1780626052453999400,19.196999267578125,-0.004506867378950119,0.02749181166291237,0.03875938057899475
1780626052463995600,19.20699560546875,-0.0017694041598588228,0.02238280326128006,0.0313107855618
1780626052473990700,19.21699072265625,-0.004014182835817337,0.02863777056336403,0.03566611930727959
1780626052483985700,19.226985595703123,-0.007875766605138779,0.03254010155797005,0.04616190120577812
1780626052493981700,19.236981689453124,-0.014643391594290733,0.04060707986354828,0.04947381094098091
1780626052503976700,19.246976806640625,-0.011475028470158577,0.03581152856349945,0.043960534036159515
1780626052513971500,19.256971435546873,-0.0011475561186671257,0.017961157485842705,0.030186664313077927
1780626052523966500,19.266966552734374,0.006292783189564943,0.0009914948605000973,0.018125474452972412
1780626052533962800,19.276962646484375,0.0046299053356051445,-0.013381851837038994,0.011188206262886524
1780626052543957800,19.286957763671875,0.003281813347712159,-0.017648767679929733,0.017544372007250786
1780626052553952800,19.296952880859376,0.0006322344415821135,-0.01654009521007538,0.025982597842812538
1780626052563948500,19.306948486328125,0.0057436395436525345,-0.015097459778189659,0.021372400224208832
1780626052573943600,19.316943603515625,0.014679876156151295,-0.034628283232450485,0.013220463879406452
1780626052583938600,19.3269384765625,0.015787219628691673,-0.06226310878992081,-0.007646468002349138
1780626052593934600,19.3369345703125,0.016690829768776894,-0.0627904161810875,-0.03675322234630585
1780626052603929600,19.3469296875,0.021817414090037346,-0.06292277574539185,-0.04454243555665016
1780626052613924900,19.3569248046875,0.028562402352690697,-0.054000116884708405,-0.029019134119153023
1780626052623920600,19.366920654296877,0.02858344092965126,-0.025367408990859985,-0.008708536624908447
1780626052633915600,19.37691552734375,0.027772508561611176,0.006677077617496252,0.01233150064945221
1780626052643910700,19.38691064453125,0.025717347860336304,0.02887825295329094,0.028435103595256805
1780626052653906700,19.39690673828125,0.02617860771715641,0.032775525003671646,0.03627678006887436
1780626052663901400,19.4069013671875,0.034385938197374344,0.027219636365771294,0.03923209011554718
1780626052673896400,19.416896484375,0.036621395498514175,0.02785773016512394,0.030960045754909515
1780626052683891500,19.426891357421876,0.02708514779806137,0.03165912628173828,0.019086075946688652
1780626052693887700,19.4368876953125,0.019353725016117096,0.03045644238591194,0.008833439089357853
1780626052703882800,19.4468828125,0.017890850082039833,0.031571242958307266,0.0041183121502399445
1780626052713877800,19.456877685546875,0.014285461977124214,0.04294373840093613,0.0067750816233456135
1780626052723873500,19.46687353515625,0.01266892347484827,0.05880099907517433,0.03015444055199623
1780626052733868500,19.47686865234375,0.0028072381392121315,0.07863249629735947,0.07136446237564087
1780626052743863600,19.486863525390625,-0.00968431867659092,0.08977808803319931,0.11208419501781464
1780626052753859600,19.496859619140626,-0.013964285142719746,0.10933367908000946,0.14283491671085358
1780626052763854800,19.506854736328126,-0.01685301586985588,0.11136487126350403,0.15828551352024078
1780626052773849600,19.516849609375,-0.020007263869047165,0.123143769800663,0.1468256562948227
1780626052783845600,19.526845703125,-0.02827771008014679,0.13213327527046204,0.13319826126098633
1780626052793840600,19.536840576171876,-0.03591246157884598,0.13373994827270508,0.12160898745059967
1780626052803835600,19.546835693359377,-0.040881119668483734,0.13367630541324615,0.10958322137594223
1780626052813831700,19.556831787109374,-0.03748692199587822,0.1293766349554062,0.11179497092962265
1780626052823826400,19.566826416015626,-0.04172001779079437,0.11959164589643478,0.1254521906375885
1780626052833821400,19.576821533203123,-0.05752880498766899,0.12674783170223236,0.1407288908958435
1780626052843817700,19.586817626953124,-0.055097874253988266,0.1231301873922348,0.15378902852535248
1780626052853812700,19.596812744140625,-0.04315359517931938,0.10052287578582764,0.15350887179374695
1780626052863807700,19.606807861328125,-0.03260667994618416,0.08943826705217361,0.13610431551933289
1780626052873802800,19.616802734375,-0.028414065018296242,0.07790758460760117,0.11106766760349274
1780626052883798500,19.626798583984375,-0.023669643327593803,0.0682632103562355,0.07838428765535355
1780626052893793500,19.63679345703125,-0.01847834326326847,0.0488535575568676,0.05404645577073097
1780626052903788500,19.64678857421875,-0.012803412973880768,0.01757233589887619,0.040880054235458374
1780626052913784800,19.656784912109377,-0.009735452011227608,-0.002356364857405424,0.028211398050189018
1780626052923779800,19.66677978515625,-0.010507768020033836,-0.02039262279868126,0.008817726746201515
1780626052933774600,19.676774658203126,-0.005600893869996071,-0.03557024523615837,-0.013973605819046497
1780626052943770600,19.6867705078125,0.007345264777541161,-0.03563496097922325,-0.022493857890367508
1780626052953765600,19.696765625,0.015592275187373161,-0.032464198768138885,-0.019389942288398743
1780626052963760600,19.7067607421875,0.013837252743542194,-0.02791951596736908,-0.025742914527654648
1780626052973756700,19.716756591796877,0.01386841107159853,-0.023743679746985435,-0.026342391967773438
1780626052983751400,19.72675146484375,0.005149488337337971,-0.01619015447795391,-0.02208080142736435
1780626052993746400,19.736746337890626,-0.004028830211609602,-0.00233825552277267,-0.017535584047436714
1780626053003741700,19.74674169921875,-0.012841762974858284,-0.0020988371688872576,-0.008255000226199627
1780626053013737700,19.75673779296875,-0.010543188080191612,-0.005100752227008343,-0.004165982827544212
1780626053023732700,19.766732666015624,-0.007963118143379688,0.005515406373888254,0.004920190200209618
1780626053033727700,19.776727783203125,-0.0052142031490802765,0.02015107497572899,0.020861605182290077
1780626053043723500,19.7867236328125,-0.0005081311101093888,0.039556995034217834,0.03506424278020859
1780626053053718500,19.796718505859374,-0.006439256947487593,0.05805930867791176,0.050335872918367386
1780626053063713500,19.806713623046875,-0.009132245555520058,0.072727732360363,0.06088625267148018
1780626053073709800,19.816709716796876,-0.0070587084628641605,0.07377009093761444,0.06537181884050369
1780626053083704800,19.826704833984376,-0.0036823528353124857,0.05985081568360329,0.06758490204811096
1780626053093699600,19.836699462890625,-0.0038131140172481537,0.049612559378147125,0.056707486510276794
1780626053103695600,19.846695556640626,-0.004044010303914547,0.04538692161440849,0.04747217893600464
1780626053113690600,19.856690673828126,-0.0025750105269253254,0.043533895164728165,0.04842425882816315
1780626053123685600,19.866685546875,-0.0034916705917567015,0.036989975720644,0.0393010675907135
1780626053133681400,19.876681396484376,-0.0073652383871376514,0.014451377093791962,0.028713136911392212
1780626053143676400,19.886676513671876,-0.012951484881341457,0.021689316257834435,0.019513780251145363
1780626053153671700,19.896671630859377,-0.039140213280916214,0.04190057888627052,0.017918812111020088
1780626053163666700,19.906666748046874,-0.05915040522813797,0.047625310719013214,0.04723329097032547
1780626053173662700,19.916662841796875,-0.061888400465250015,0.070066437125206,0.09997586905956268
1780626053183657700,19.92665771484375,-0.05886038765311241,0.1430751383304596,0.0803355872631073
1780626053193652700,19.93665283203125,-0.03952290862798691,0.16156598925590515,0.021102888509631157
1780626053203648500,19.9466484375,-0.006479470990598202,0.17791913449764252,-0.04999366030097008
1780626053213643500,19.9566435546875,0.02273460663855076,0.1561235636472702,-0.06904032081365585
1780626053223638500,19.966638427734374,0.04391312971711159,0.11721024662256241,0.004486094694584608
1780626053233634800,19.976634765625,0.045091044157743454,0.06419043987989426,0.12634782493114471
1780626053243629600,19.986629638671875,0.005886917468160391,0.07664204388856888,0.20544449985027313
1780626053253624600,19.99662451171875,-0.024472054094076157,0.09232193976640701,0.23029258847236633
1780626053263620600,20.00662060546875,-0.02323022112250328,0.09797396510839462,0.20054934918880463
1780626053273615600,20.01661572265625,-0.0049284459091722965,0.059786632657051086,0.13310399651527405
1780626053283610600,20.026610595703126,0.0179947130382061,0.016399746760725975,0.0652620941400528
1780626053293605600,20.036605712890626,0.03995141014456749,-0.028913140296936035,0.032518260180950165
1780626053303601700,20.0466015625,0.044252682477235794,-0.03469965606927872,0.03371055796742439
1780626053313596700,20.0565966796875,0.04500981792807579,-0.04707110673189163,0.054434213787317276
1780626053323591700,20.066591796875,0.038235802203416824,-0.04963626340031624,0.07740876823663712
1780626053333587700,20.076587646484374,0.024115456268191338,-0.0415935143828392,0.0827244371175766
1780626053343582700,20.086582763671874,0.02395140565931797,-0.027040937915444374,0.0838237926363945
1780626053353577700,20.09657763671875,0.03020370937883854,0.01727432757616043,0.09175122529268265
1780626053363573500,20.106573486328124,0.02881726622581482,0.07711662352085114,0.11931094527244568
1780626053373568500,20.116568603515624,0.014709703624248505,0.1484440714120865,0.1538335084915161
1780626053383563500,20.1265634765625,0.007044593803584576,0.15843544900417328,0.18593232333660126
1780626053393559800,20.136559814453125,0.0013827132061123848,0.14152197539806366,0.19258995354175568
1780626053403554600,20.146554443359374,0.0011768508702516556,0.13010233640670776,0.16047409176826477
1780626053413549600,20.156549560546875,0.009824400767683983,0.11308634281158447,0.14908215403556824
1780626053423544600,20.166544677734375,0.014546718448400497,0.10832007974386215,0.16807875037193298
1780626053433540600,20.17654052734375,-0.00005885586142539978,0.13444915413856506,0.21576984226703644
1780626053443535600,20.18653564453125,-0.032157137989997864,0.1629473716020584,0.28993460536003113
1780626053453530600,20.196530517578125,-0.06907840073108673,0.13615943491458893,0.3518661558628082
1780626053463526400,20.2065263671875,-0.10123101621866226,0.13164937496185303,0.3584766685962677
1780626053473521400,20.216521484375,-0.10261079668998718,0.13662496209144592,0.33616867661476135
1780626053483516400,20.226516357421875,-0.08695486932992935,0.1497090607881546,0.3209652304649353
1780626053493512400,20.236512451171876,-0.07625935226678848,0.14313718676567078,0.33705419301986694
1780626053503507700,20.2465078125,-0.07339219003915787,0.0969662293791771,0.36017921566963196
1780626053513502700,20.256502685546874,-0.06931755691766739,0.11145861446857452,0.32027068734169006
1780626053523498500,20.26649853515625,-0.05543342977762222,0.18691129982471466,0.2215006947517395
1780626053533493500,20.276493408203127,-0.040408410131931305,0.2815757393836975,0.13250690698623657
1780626053543488500,20.286488525390624,-0.026252375915646553,0.3146143853664398,0.11813143640756607
1780626053553483500,20.2964833984375,-0.03863793984055519,0.32821330428123474,0.14738385379314423
1780626053563479300,20.306479248046877,-0.06918253004550934,0.33854955434799194,0.14355184137821198
1780626053573474300,20.316474365234374,-0.08263921737670898,0.33711889386177063,0.10413013398647308
1780626053583469300,20.32646923828125,-0.09535101801156998,0.3562001883983612,0.04909217730164528
1780626053593465600,20.336465576171875,-0.12155652791261673,0.3463853895664215,0.028414065018296242
1780626053603460600,20.346460693359376,-0.13821566104888916,0.3211441934108734,0.013786385767161846
1780626053613455600,20.35645556640625,-0.1399429887533188,0.2846461236476898,-0.024147147312760353
1780626053623451400,20.366451416015625,-0.1414221078157425,0.274208128452301,-0.06734707951545715
1780626053633446400,20.3764462890625,-0.1565600484609604,0.26411473751068115,-0.1193690076470375
1780626053643441400,20.38644140625,-0.1689610630273819,0.23218503594398499,-0.16955627501010895
1780626053653437700,20.396437744140623,-0.17532122135162354,0.20314939320087433,-0.2031286209821701
1780626053663432700,20.4064326171875,-0.167066752910614,0.20350386202335358,-0.1596282720565796
1780626053673427500,20.416427490234376,-0.1495833694934845,0.2502681612968445,-0.04681757092475891
1780626053683422500,20.42642236328125,-0.14367833733558655,0.28164899349212646,0.07805325835943222
1780626053693418500,20.43641845703125,-0.17254461348056793,0.29260843992233276,0.16390904784202576
1780626053703413500,20.44641357421875,-0.2047709822654724,0.28397074341773987,0.1766919493675232
1780626053713408500,20.456408447265623,-0.22000427544116974,0.22167353332042694,0.1261747181415558
1780626053723404300,20.466404296875,-0.22682435810565948,0.21260175108909607,0.01146783772855997
1780626053733399300,20.4763994140625,-0.22197633981704712,0.21699249744415283,-0.12848393619060516
1780626053743394600,20.48639453125,-0.22037310898303986,0.1633380651473999,-0.24589897692203522
1780626053753390600,20.496390625,-0.25057148933410645,0.10763325542211533,-0.304326593875885
1780626053763385600,20.506385498046875,-0.3040837347507477,0.14196352660655975,-0.29940107464790344
1780626053773380600,20.516380615234375,-0.39670342206954956,0.2288542240858078,-0.26252031326293945
1780626053783376400,20.52637646484375,-0.5233359336853027,0.308395653963089,-0.2630159258842468
1780626053793371400,20.536371337890625,-0.660643994808197,0.43179187178611755,-0.33873093128204346
1780626053803366400,20.546366455078125,-0.7714352011680603,0.49261021614074707,-0.4103555679321289
1780626053813361400,20.556361328125,-0.8371375203132629,0.5190247893333435,-0.42691749334335327
1780626053823357700,20.566357666015627,-0.8858949542045593,0.5681878328323364,-0.3953379988670349
1780626053833352400,20.5763525390625,-0.9708689451217651,0.632185161113739,-0.37354108691215515
1780626053843347500,20.586347412109376,-1.0516319274902344,0.6988571286201477,-0.45019805431365967
1780626053853343500,20.596343505859377,-1.1000642776489258,0.7028084993362427,-0.6025500297546387
1780626053863338500,20.60633837890625,-1.0859955549240112,0.72625333070755,-0.659231424331665
1780626053873333500,20.61633349609375,-1.066217303276062,0.6592903137207031,-0.6275784373283386
1780626053883329300,20.626329345703127,-1.0274730920791626,0.5680506825447083,-0.584813117980957
1780626053893324500,20.636324462890624,-0.9185439348220825,0.4475897550582886,-0.5445786118507385
1780626053903319600,20.646319580078124,-0.7521824240684509,0.3902241885662079,-0.3948679566383362
1780626053913314600,20.656314453125,-0.6362552642822266,0.31178000569343567,-0.2840365171432495
1780626053923310600,20.666310546875,-0.5665553212165833,0.24056680500507355,-0.3426995575428009
1780626053933305600,20.6763056640625,-0.41781747341156006,0.23347853124141693,-0.38491758704185486
1780626053943300600,20.686300537109375,-0.25728026032447815,0.1964624524116516,-0.36605069041252136
1780626053953296400,20.69629638671875,-0.11621635407209396,0.1330307573080063,-0.33821505308151245
1780626053963291400,20.70629150390625,-0.005363340023905039,-0.04893584921956062,-0.31307241320610046
1780626053973286400,20.716286376953125,0.06964725255966187,-0.15838804841041565,-0.24557194113731384
1780626053983282700,20.72628271484375,0.10552535951137543,-0.18323932588100433,-0.2427993267774582
1780626053993277400,20.73627734375,0.1635228842496872,-0.1221751794219017,-0.30876076221466064
1780626054003272400,20.7462724609375,0.24791765213012695,-0.039864592254161835,-0.34286466240882874
1780626054013267500,20.756267333984376,0.2859460115432739,-0.04908818379044533,-0.3809944987297058
1780626054023263500,20.766263427734376,0.3562675714492798,-0.0387527234852314,-0.2963091731071472
1780626054033258500,20.776258544921873,0.37449076771736145,-0.06650099903345108,-0.1482967883348465
1780626054043253500,20.78625341796875,0.350309818983078,-0.1128740906715393,0.01441009808331728
1780626054053249500,20.79624951171875,0.32954514026641846,-0.16002614796161652,0.16303445398807526
1780626054063244500,20.80624462890625,0.3425530791282654,-0.2721460461616516,0.3087599575519562
1780626054073239600,20.816239501953124,0.333987295627594,-0.4245305061340332,0.44442299008369446
1780626054083235600,20.826235595703125,0.2883465886116028,-0.2733052968978882,0.5760728716850281
1780626054093230600,20.836230712890625,0.2771884500980377,0.20248094201087952,0.7671485543251038
1780626054103225300,20.846225341796874,0.2888656258583069,0.4048982262611389,0.9595521092414856
1780626054113220400,20.856220458984374,0.19110843539237976,-0.07796777039766312,0.7499309778213501
1780626054123216400,20.86621630859375,0.19476895034313202,-0.46954724192619324,0.21992917358875275
1780626054133211600,20.876211669921876,0.26334455609321594,-0.5310380458831787,-0.23499174416065216
1780626054143206700,20.88620654296875,0.25046098232269287,-0.42221248149871826,-0.46835628151893616
1780626054153202400,20.896202392578125,0.25928670167922974,-0.3188837170600891,-0.34875932335853577
1780626054163197400,20.906197509765626,0.23327293992042542,-0.19389969110488892,0.22901107370853424
1780626054173192400,20.9161923828125,0.035232022404670715,-0.5387580394744873,0.756740391254425
1780626054183188500,20.9261884765625,-0.005930859595537186,-0.6090055704116821,1.227524757385254
1780626054193183500,20.93618359375,0.05277959257364273,-0.6085043549537659,1.2118802070617676
1780626054203178500,20.946178466796876,0.16181260347366333,-0.6115507483482361,0.6087440252304077
1780626054213173500,20.956173583984373,0.3908820152282715,-0.5536554455757141,0.040709879249334335
1780626054223169500,20.96616943359375,0.6249067783355713,-0.5684384107589722,-0.02383768931031227
1780626054233164500,20.97616455078125,0.81307053565979,-0.8519987463951111,0.5080773234367371
1780626054243159600,20.98615966796875,0.8418547511100769,-1.1719943284988403,1.0422680377960205
1780626054253155600,20.996155517578124,0.7808883786201477,-1.1329281330108643,1.239845871925354
1780626054263150300,21.006150390625,0.7680372595787048,-1.0051792860031128,1.170896053314209
1780626054273145300,21.016145263671874,0.8615805506706238,-1.1111037731170654,1.0120062828063965
1780626054283141600,21.0261416015625,0.9909625053405762,-1.2723417282104492,0.854249119758606
1780626054293136600,21.03613671875,1.112775206565857,-1.2766107320785522,0.66505366563797
1780626054303131600,21.046131591796875,1.2385976314544678,-1.3256161212921143,0.4000400900840759
1780626054313127400,21.05612744140625,1.3737578392028809,-1.420672059059143,0.24843430519104004
1780626054323122400,21.066122314453125,1.3938615322113037,-1.5389779806137085,0.19061122834682465
1780626054333117400,21.076117431640625,1.3250765800476074,-1.6170538663864136,0.22227728366851807
1780626054343112400,21.086112548828126,1.234336018562317,-1.6283533573150635,0.34755849838256836
1780626054353108500,21.0961083984375,1.1347707509994507,-1.5633682012557983,0.6490901112556458
1780626054363103500,21.106103515625,0.9928219318389893,-1.4159092903137207,1.065086841583252
1780626054373098500,21.116098388671876,0.8156881332397461,-1.054166555404663,1.3823989629745483
1780626054383094500,21.126094482421873,0.6934115290641785,-0.5977049469947815,1.4151177406311035
1780626054393089500,21.136089599609374,0.6716060638427734,-0.3735589385032654,1.2004014253616333
1780626054403084500,21.14608447265625,0.6668382287025452,-0.4202665388584137,0.86634361743927
1780626054413080600,21.15608056640625,0.6170728206634521,-0.5575380921363831,0.6053003072738647
1780626054423075300,21.166075439453124,0.48839816451072693,-0.5990695357322693,0.5961065292358398
1780626054433070300,21.1760703125,0.3177987337112427,-0.42916175723075867,0.7675690650939941
1780626054443065300,21.1860654296875,0.15171442925930023,-0.19072388112545013,0.9779753088951111
1780626054453061600,21.1960615234375,0.004133225884288549,0.058287542313337326,1.0519301891326904
1780626054463056400,21.206056396484374,-0.06994925439357758,0.14090971648693085,0.9295926094055176
1780626054473051400,21.216051513671875,-0.05226773023605347,0.04278208315372467,0.6861459016799927
1780626054483047200,21.226047119140624,-0.00833675917237997,-0.08766620606184006,0.3913288712501526
1780626054493042200,21.236042236328124,0.022765500470995903,-0.14384345710277557,0.12131258100271225
1780626054503037200,21.246037109375,0.03981851786375046,-0.2759879231452942,-0.061046842485666275
1780626054513032200,21.2560322265625,0.04388143867254257,-0.39324235916137695,-0.16153216361999512
1780626054523028500,21.266028564453126,0.019787553697824478,-0.39478060603141785,-0.2129700630903244
1780626054533023200,21.276023193359375,0.006706106010824442,-0.3537423610687256,-0.19923241436481476
1780626054543018200,21.286018310546876,0.01992310769855976,-0.3443043828010559,-0.11928191781044006
1780626054553014300,21.29601416015625,0.02545902132987976,-0.268644243478775,-0.05871258303523064
1780626054563009300,21.30600927734375,0.01695821061730385,-0.23862242698669434,-0.013796505518257618
1780626054573004300,21.31600439453125,0.0038927425630390644,-0.2981427311897278,0.013335512951016426
1780626054583000000,21.326,0.003540938952937722,-0.33086341619491577,-0.000639691308606416
1780626054592995000,21.3359951171875,0.007673632353544235,-0.35615357756614685,-0.030523287132382393
1780626054602990000,21.345989990234376,0.004479703027755022,-0.3718891441822052,-0.07562205940485
1780626054612985300,21.3559853515625,0.01846369542181492,-0.3842350244522095,-0.09811165183782578
1780626054622981400,21.3659814453125,0.054730888456106186,-0.33828243613243103,-0.10586464405059814
1780626054632976400,21.375976318359374,0.0775027796626091,-0.31798890233039856,-0.11491939425468445
1780626054642971400,21.385971435546875,0.07719705253839493,-0.34255096316337585,-0.1175849512219429
1780626054652967200,21.39596728515625,0.0586119145154953,-0.3646432161331177,-0.09816917777061462
1780626054662962200,21.405962158203124,0.042516835033893585,-0.34879153966903687,-0.07848948240280151
1780626054672957200,21.415957275390625,0.05114680901169777,-0.33025169372558594,-0.042093656957149506
1780626054682953500,21.425953369140625,0.07999549806118011,-0.24918904900550842,-0.0020642161834985018
1780626054692948200,21.4359482421875,0.1121385246515274,-0.18143077194690704,0.05519241467118263
1780626054702943200,21.445943115234375,0.12173282355070114,-0.12036209553480148,0.09883923083543777
1780626054712938200,21.455938232421875,0.10840317606925964,-0.07611127942800522,0.11796817928552628
1780626054722934300,21.465934326171876,0.08578148484230042,-0.06314461678266525,0.12528309226036072
1780626054732929300,21.47592919921875,0.07168563455343246,-0.0735250860452652,0.13416659832000732
1780626054742924300,21.48592431640625,0.06465303152799606,-0.1008368656039238,0.14879533648490906
1780626054752920000,21.495920166015626,0.0491209402680397,-0.09910953789949417,0.1668744683265686
1780626054762915300,21.505915283203127,0.0469515286386013,-0.10622577369213104,0.19624674320220947
1780626054772910300,21.515910400390624,0.06150730326771736,-0.09966906905174255,0.23424792289733887
1780626054782906400,21.52590625,0.07599729299545288,-0.0436934195458889,0.2431279569864273
1780626054792901400,21.5359013671875,0.07177778333425522,-0.01703118160367012,0.2394818365573883
1780626054802896400,21.545896484375,0.05763480067253113,-0.003638144349679351,0.23557551205158234
1780626054812891100,21.55589111328125,0.04428251087665558,0.03491963446140289,0.24819782376289368
1780626054822887200,21.56588720703125,0.015920110046863556,0.12463673949241638,0.2573183476924896
1780626054832882200,21.575882080078124,-0.016085758805274963,0.14486877620220184,0.2871825098991394
1780626054842877200,21.585877197265624,-0.05868355184793472,0.17472520470619202,0.30000749230384827
1780626054852873200,21.595873291015625,-0.11028655618429184,0.2142995148897171,0.2525246739387512
1780626054862868200,21.6058681640625,-0.15147128701210022,0.17718543112277985,0.18232400715351105
1780626054872863200,21.61586328125,-0.15389235317707062,0.1269425004720688,0.110292948782444
1780626054882858200,21.625858154296875,-0.12170752882957458,0.10851901769638062,0.05335483327507973
1780626054892854300,21.635854248046876,-0.08866382390260696,0.12256453186273575,0.011590076610445976
1780626054902849300,21.645849365234376,-0.0526307187974453,0.08726246654987335,0.004748948849737644
1780626054912844300,21.65584423828125,-0.02576075680553913,0.07103130221366882,0.012205533683300018
1780626054922840300,21.66584033203125,-0.03959321603178978,0.09405219554901123,0.010632936842739582
1780626054932835300,21.67583544921875,-0.07239856570959091,0.1308581531047821,0.013435647822916508
1780626054942830300,21.685830322265623,-0.09124042838811874,0.20007982850074768,0.027573304250836372
1780626054952826400,21.695826416015624,-0.09616594761610031,0.21804791688919067,0.0789257064461708
1780626054962821000,21.705821044921876,-0.08146210014820099,0.202802374958992,0.13636529445648193
1780626054972816100,21.715816162109373,-0.06216030940413475,0.22861532866954803,0.13346298038959503
1780626054982811100,21.72581103515625,-0.051295146346092224,0.16170553863048553,0.10043765604496002
1780626054992807200,21.73580712890625,-0.040334105491638184,0.06745067983865738,0.057377271354198456
1780626055002802400,21.745802490234375,-0.026825489476323128,0.034139327704906464,0.012824985198676586
1780626055012797400,21.75579736328125,-0.02346804179251194,0.036614470183849335,0.008492820896208286
1780626055022793200,21.765793212890625,-0.031627167016267776,0.04009202495217323,0.03893248364329338
1780626055032788200,21.775788330078125,-0.02220889925956726,0.03761634975671768,0.1162126287817955
1780626055042783200,21.785783203125,-0.018940668553113937,0.15419675409793854,0.14916737377643585
1780626055052778200,21.7957783203125,-0.028418591246008873,0.20953218638896942,0.16463634371757507
1780626055062774300,21.805774169921875,-0.029920348897576332,0.17167454957962036,0.1759990006685257
1780626055072769300,21.815769287109376,-0.032586704939603806,0.1417163908481598,0.14069479703903198
1780626055082764000,21.825763916015624,-0.05601346865296364,0.06519205123186111,0.06441813707351685
1780626055092760300,21.83576025390625,-0.0725005641579628,-0.004147074185311794,-0.02111593820154667
1780626055102755300,21.84575537109375,-0.06447113305330276,-0.01896223984658718,-0.048470064997673035
1780626055112750300,21.855750244140626,-0.06339149177074432,0.06966909021139145,-0.0038250982761383057
1780626055122746000,21.86574609375,-0.07060199975967407,0.13987641036510468,0.12004917860031128
1780626055132741000,21.8757412109375,-0.06514944136142731,0.1830102950334549,0.2431173175573349
1780626055142736100,21.885736083984376,-0.07376237213611603,0.22807550430297852,0.26869139075279236
1780626055152731100,21.895731201171873,-0.04507320374250412,0.24749980866909027,0.22847072780132294
1780626055162727400,21.9057275390625,-0.022273346781730652,0.23463168740272522,0.13857492804527283
1780626055172722400,21.915722412109375,-0.03049958497285843,0.17597928643226624,0.004685565363615751
1780626055182717400,21.925717529296875,-0.05499773845076561,0.09782110154628754,-0.14357075095176697
1780626055192713200,21.935713134765624,-0.07493762671947479,-0.0314553938806057,-0.20977240800857544
1780626055202708200,21.945708251953125,-0.061893727630376816,-0.02268107794225216,-0.15841680765151978
1780626055212703200,21.955703125,-0.04601409658789635,0.097030408680439,-0.06113792210817337
1780626055222698200,21.9656982421875,-0.058759719133377075,0.18487530946731567,0.04501354694366455
1780626055232694300,21.9756943359375,-0.09999344497919083,0.2132081538438797,0.15263055264949799
1780626055242689300,21.985689208984375,-0.09634064882993698,0.1625732034444809,0.24729260802268982
1780626055252684300,21.995684326171876,-0.012371182441711426,0.10853339731693268,0.22846299409866333
1780626055262680300,22.005680419921877,0.04325586184859276,0.06363117694854736,0.10121290385723114
1780626055272675300,22.01567529296875,0.06085163354873657,-0.08986517786979675,-0.031123297289013863
1780626055282670300,22.02567041015625,0.06987788528203964,-0.1398087590932846,-0.1103893592953682
1780626055292666000,22.035666015625,0.07480686157941818,-0.12704582512378693,-0.07955767959356308
1780626055302661000,22.0456611328125,0.051727376878261566,-0.050394199788570404,0.010247045196592808
1780626055312656100,22.05565625,-0.0275645162910223,0.1302083432674408,0.0556693859398365
1780626055322651100,22.065651123046877,-0.1195964366197586,0.26103079319000244,0.10265154391527176
1780626055332647400,22.0756474609375,-0.1501636654138565,0.3602231740951538,0.1534726470708847
1780626055342642400,22.085642333984374,-0.15703143179416656,0.2773977816104889,0.22388635575771332
1780626055352637200,22.09563720703125,-0.09207799285650253,0.09508363902568817,0.24205337464809418
1780626055362633200,22.10563330078125,0.024518392980098724,-0.026760241016745567,0.08427786082029343
1780626055372628200,22.115628173828124,0.05409758910536766,-0.03779318556189537,-0.14086897671222687
1780626055382623200,22.125623291015625,-0.018426677212119102,-0.1247674971818924,-0.137459859251976
1780626055392618200,22.1356181640625,-0.05144508183002472,0.046301186084747314,-0.11608745902776718
1780626055402614300,22.1456142578125,-0.17528367042541504,0.3505476415157318,0.030045516788959503
1780626055412609300,22.155609375,-0.3089897930622101,0.283437043428421,0.3148554265499115
1780626055422604300,22.165604248046876,-0.23513981699943542,0.19478467106819153,0.4367070198059082
1780626055432600300,22.175600341796876,-0.10334715992212296,0.17043405771255493,0.29395920038223267
1780626055442595300,22.18559521484375,-0.009850766509771347,0.012138155288994312,-0.04086620733141899
1780626055452590300,22.19559033203125,0.046125151216983795,-0.186961367726326,-0.35442227125167847
1780626055462585300,22.20558544921875,0.03265061974525452,-0.18663325905799866,-0.46822527050971985
1780626055472581400,22.215581298828123,-0.02377670258283615,-0.08499212563037872,-0.366598516702652
1780626055482576400,22.225576416015624,-0.0493001714348793,0.025493375957012177,-0.13920502364635468
1780626055492571400,22.2355712890625,-0.038480013608932495,0.10490670800209045,0.09057251363992691
1780626055502567200,22.245567138671873,-0.023558055981993675,0.17941395938396454,0.18256475031375885
1780626055512562200,22.255562255859374,-0.02779434621334076,0.17309588193893433,0.14398354291915894
1780626055522557400,22.265557373046875,-0.027725903317332268,0.06239733099937439,0.055391885340213776
1780626055532552400,22.275552490234375,-0.003370496677234769,-0.04843384400010109,-0.017952103167772293
1780626055542548500,22.285548583984376,0.04175570234656334,-0.1018398106098175,-0.03838494047522545
1780626055552543500,22.29554345703125,0.05332500487565994,-0.09400319308042526,-0.02383662387728691
1780626055562538500,22.30553857421875,0.031676169484853745,-0.08934585750102997,0.03267432376742363
1780626055572534300,22.3155341796875,-0.0009986853692680597,-0.07398661226034164,0.09002123773097992
1780626055582529300,22.325529296875,-0.01353365182876587,-0.03352547064423561,0.09857158362865448
1780626055592524300,22.335524169921875,0.01805969327688217,-0.0651792660355568,0.06226257607340813
1780626055602520600,22.3455205078125,0.040109600871801376,-0.03789385408163071,-0.01720322109758854
1780626055612515300,22.355515380859377,0.04455069079995155,-0.07363853603601456,-0.05416310206055641
1780626055622510300,22.36551025390625,0.07022809237241745,-0.20349480211734772,-0.015536615625023842
1780626055632505300,22.37550537109375,0.08478999137878418,-0.15218767523765564,0.008177502080798149
1780626055642501400,22.38550146484375,0.06644054502248764,-0.04247875139117241,0.0004988100845366716
1780626055652496400,22.395496337890624,0.037701573222875595,-0.019418705254793167,0.020535634830594063
1780626055662491400,22.405491455078124,0.02568911761045456,0.033299632370471954,0.06048278510570526
1780626055672487400,22.4154873046875,0.0156474020332098,0.13204112648963928,0.10771448165178299
1780626055682482400,22.425482421875,0.01324123702943325,0.2389231026172638,0.14801503717899323
1780626055692477400,22.4354775390625,0.012520851567387581,0.30109912157058716,0.20030805468559265
1780626055702472400,22.445472412109375,0.012591425329446793,0.2852083146572113,0.23988422751426697
1780626055712468500,22.455468505859375,0.0033422671258449554,0.23228783905506134,0.23155200481414795
1780626055722463500,22.46546337890625,-0.012329903431236744,0.13034522533416748,0.19090257585048676
1780626055732458200,22.475458251953125,-0.017763817682862282,0.0027289411518722773,0.14033420383930206
1780626055742454300,22.485454345703126,-0.015589878894388676,-0.031138744205236435,0.07023261487483978
1780626055752449300,22.49544921875,-0.06419363617897034,-0.05559082329273224,-0.07951906323432922
1780626055762444500,22.505444580078127,-0.1565304845571518,-0.004930043593049049,-0.31044256687164307
1780626055772439600,22.515439453125,-0.2496955841779709,0.1719520539045334,-0.42993032932281494
1780626055782435300,22.525435302734376,-0.22483152151107788,0.10599647462368011,-0.1913643628358841
1780626055792430300,22.535430419921877,-0.025379657745361328,-0.222396582365036,0.38389307260513306
1780626055802425300,22.54542529296875,0.29025179147720337,-0.2517257034778595,0.752703845500946
1780626055812421400,22.55542138671875,0.3959803581237793,-0.16075319051742554,0.38656315207481384
1780626055822416400,22.56541650390625,0.142933189868927,-0.264875590801239,-0.2540285587310791
1780626055832411400,22.575411376953124,-0.21461109817028046,-0.12250780314207077,-0.3384084105491638
1780626055842406400,22.585406494140624,-0.35576555132865906,0.10945991426706314,0.1290389448404312
1780626055852402400,22.59540234375,-0.2930441200733185,0.5248525738716125,0.6796437501907349
1780626055862397400,22.6053974609375,-0.18369312584400177,0.704889714717865,0.8707740306854248
1780626055872392400,22.615392333984374,-0.12719842791557312,0.5165097117424011,0.5983206629753113
1780626055882388500,22.625388427734375,-0.11847018450498581,0.19130897521972656,0.11672608554363251
1780626055892383200,22.63538330078125,-0.09659498184919357,-0.20203165709972382,-0.32164913415908813
1780626055902378200,22.645378173828124,-0.04923811927437782,-0.3721280097961426,-0.6372417211532593
1780626055912373200,22.655373291015625,-0.06590338051319122,-0.18235942721366882,-0.8126841187477112
1780626055922369500,22.66536962890625,-0.19201791286468506,0.0015792545164003968,-0.7531909346580505
1780626055932364500,22.675364501953126,-0.25536757707595825,-0.03885845094919205,-0.46116867661476135
1780626055942359600,22.685359619140623,-0.15170563757419586,-0.02442704513669014,-0.02792537398636341
1780626055952355300,22.695355224609376,0.06822406500577927,0.173382967710495,0.3557570278644562
1780626055962350300,22.705350341796876,0.21465903520584106,0.307203084230423,0.4461974501609802
1780626055972345300,22.715345458984373,0.14732660353183746,0.29789987206459045,0.2694503664970398
1780626055982340400,22.72534033203125,-0.02316151186823845,0.21155831217765808,0.029701968654990196
1780626055992336400,22.73533642578125,-0.10511256754398346,0.08201577514410019,-0.08189219981431961
1780626056002331400,22.745331298828123,-0.06101088970899582,-0.03488341346383095,-0.04597015306353569
1780626056012326400,22.755326416015624,0.057606037706136703,-0.02805027738213539,-0.006776413414627314
1780626056022322400,22.765322509765625,0.14852742850780487,0.00800199992954731,-0.019586751237511635
1780626056032317400,22.7753173828125,0.13008077442646027,0.07948444038629532,-0.03561978042125702
1780626056042312400,22.7853125,0.05004372447729111,0.10317166149616241,-0.03806962072849274
1780626056052307500,22.795307373046874,-0.03286100924015045,0.19985266029834747,-0.0653848648071289
1780626056062303200,22.80530322265625,-0.0978035256266594,0.33801400661468506,-0.05808354169130325
1780626056072298200,22.81529833984375,-0.15197861194610596,0.33598199486732483,0.01136717014014721
1780626056082293200,22.825293212890625,-0.14406795799732208,0.14201918244361877,0.1133958026766777
1780626056092289500,22.83528955078125,-0.041918423026800156,-0.06482160836458206,0.1398439258337021
1780626056102284500,22.845284423828126,0.040595896542072296,-0.16342781484127045,0.05049673095345497
1780626056112279300,22.855279296875,0.030880151316523552,-0.2099204808473587,-0.05247332900762558
1780626056122274300,22.8652744140625,-0.03997324779629707,-0.1424466222524643,-0.08224480599164963
1780626056132270300,22.875270263671876,-0.11419901251792908,0.04514563828706741,0.015631424263119698
1780626056142265300,22.885265380859376,-0.1786392480134964,0.2248871773481369,0.19662117958068848
1780626056152260400,22.89526025390625,-0.20717795193195343,0.31746822595596313,0.37909483909606934
1780626056162256400,22.90525634765625,-0.1694638580083847,0.31087931990623474,0.4023202657699585
1780626056172251400,22.91525146484375,-0.09704745560884476,0.19785848259925842,0.23191924393177032
1780626056182246400,22.925246337890623,-0.025645175948739052,0.08293616026639938,0.024688301607966423
1780626056192241400,22.935241455078124,-0.01817048154771328,-0.010153568349778652,-0.1245453879237175
1780626056202237400,22.945237548828125,-0.07106538861989975,-0.0634993463754654,-0.21013885736465454
1780626056212232400,22.955232421875,-0.11666962504386902,-0.016874853521585464,-0.2669629752635956
1780626056222227500,22.9652275390625,-0.13905616104602814,0.06117786839604378,-0.2311844825744629
1780626056232223200,22.97522314453125,-0.12044572085142136,0.059956811368465424,-0.03146231919527054
1780626056242218500,22.985218505859375,-0.03593456372618675,0.0013992248568683863,0.1857251226902008
1780626056252213500,22.995213623046876,0.05507177487015724,-0.0889037698507309,0.1677602380514145
1780626056262208500,23.00520849609375,0.06048331782221794,-0.15082626044750214,-0.1245025172829628
1780626056272204300,23.015204345703125,-0.007418235298246145,-0.194357231259346,-0.2745532691478729
1780626056282199300,23.02519921875,-0.07993078231811523,-0.2564102113246918,-0.22717562317848206
1780626056292194300,23.0351943359375,-0.09838622808456421,-0.2048570066690445,-0.10369603335857391
1780626056302190300,23.0451904296875,-0.010714962147176266,-0.3053005337715149,-0.03412254899740219
1780626056312185300,23.055185302734376,0.19019150733947754,-0.4311758875846863,-0.1056867465376854
1780626056322180400,23.065180419921877,0.2685512900352478,-0.28497129678726196,-0.3344251215457916
1780626056332175600,23.075175537109374,0.0871008113026619,-0.23654143512248993,-0.4428176283836365
1780626056342171400,23.08517138671875,-0.0808117613196373,-0.3227114677429199,-0.2931455969810486
1780626056352166400,23.09516650390625,-0.042210303246974945,-0.2647155523300171,-0.03419232368469238
1780626056362161400,23.105161376953124,0.07369711995124817,-0.1590660810470581,0.14985261857509613
1780626056372157400,23.115157470703124,0.1394772082567215,-0.14562857151031494,0.08856768161058426
1780626056382152200,23.125152099609377,0.13272929191589355,-0.15583433210849762,-0.13964737951755524
1780626056392147200,23.135147216796874,0.06952022016048431,-0.2137969732284546,-0.25414547324180603
1780626056402142200,23.14514208984375,0.04024382680654526,-0.4089829623699188,-0.1657937616109848
1780626056412138500,23.155138427734375,0.09381517767906189,-0.4106208086013794,-0.040347423404455185
1780626056422133500,23.165133544921876,0.12586365640163422,-0.2762206792831421,-0.040638506412506104
1780626056432128500,23.17512841796875,0.044625259935855865,-0.15867699682712555,-0.11979058384895325
1780626056442124300,23.185124267578125,-0.034569695591926575,-0.0477086678147316,-0.07269284874200821
1780626056452119300,23.195119384765626,-0.015065502375364304,0.0013403689954429865,0.11320006102323532
1780626056462114300,23.2051142578125,0.027232686057686806,0.010536796413362026,0.2895774841308594
1780626056472109600,23.215109619140627,0.07559596002101898,0.015719041228294373,0.268720418214798
1780626056482105900,23.22510595703125,0.13410507142543793,-0.09894229471683502,0.09192166477441788
1780626056492100600,23.2351005859375,0.16356229782104492,-0.18511658906936646,-0.06239946186542511
1780626056502095600,23.245095703125,0.12909939885139465,-0.095291368663311,-0.11560036242008209
1780626056512091600,23.255091552734374,0.08319049328565598,-0.020410999655723572,-0.04343162849545479
1780626056522086700,23.265086669921875,0.0507153756916523,0.04192294925451279,0.10704655945301056
1780626056532081700,23.27508154296875,0.05077263340353966,0.13438816368579865,0.2576453983783722
1780626056542076700,23.28507666015625,0.04625431448221207,0.25101810693740845,0.2718413770198822
1780626056552072400,23.295072509765625,-0.002436259761452675,0.2840240001678467,0.22065967321395874
1780626056562067700,23.305067626953125,0.0344298779964447,0.018804047256708145,0.2287389039993286
1780626056572062700,23.315062744140626,0.11013049632310867,-0.17783445119857788,0.120677150785923
1780626056582058800,23.325058837890627,0.0381535105407238,-0.039808664470911026,-0.07070692628622055
1780626056592053800,23.3350537109375,-0.08529438823461533,-0.014943795278668404,-0.15256904065608978
1780626056602048500,23.345048583984376,-0.10045363754034042,-0.010341853834688663,-0.15121987462043762
1780626056612043500,23.35504345703125,-0.13357670605182648,0.17161250114440918,-0.21575652062892914
1780626056622039600,23.36503955078125,-0.21521005034446716,0.33719614148139954,-0.2145458608865738
1780626056632034600,23.37503466796875,-0.16848275065422058,0.10012660175561905,0.06624160706996918
1780626056642029600,23.385029541015626,0.0819699689745903,-0.02593412809073925,0.31080901622772217
1780626056652024800,23.39502490234375,0.2710637152194977,0.2323584109544754,0.17689913511276245
1780626056662020600,23.4050205078125,0.17976310849189758,0.13458950817584991,-0.06853325664997101
1780626056672015600,23.415015625,-0.0226158294826746,-0.07762954384088516,-0.1319495141506195
1780626056682010600,23.4250107421875,-0.07421963661909103,-0.11825074255466461,0.017912687733769417
1780626056692006700,23.435006591796874,0.0026551715563982725,-0.06354594975709915,0.21413706243038177
1780626056702001700,23.445001708984375,0.07261721044778824,-0.02954750508069992,0.2812231481075287
1780626056711996700,23.45499658203125,0.09201061725616455,0.01366095058619976,0.18851850926876068
1780626056721991400,23.464991455078124,0.05968490242958069,0.032951559871435165,0.06845442205667496
1780626056731987700,23.47498779296875,0.03116218000650406,-0.014342720620334148,0.04133785143494606
1780626056741982700,23.484982666015625,0.04430727660655975,-0.10563535243272781,0.032596293836832047
1780626056751977700,23.494977783203126,0.09639444947242737,-0.05522970110177994,-0.005905027035623789
1780626056761973500,23.504973388671875,0.08917408436536789,0.06944059580564499,-0.04047631844878197
1780626056771968500,23.514968505859375,-0.050093259662389755,0.13042964041233063,-0.07696136087179184
1780626056781963500,23.524963623046876,-0.3036368489265442,0.3229586184024811,-0.2289663404226303
1780626056791958500,23.53495849609375,-0.5712070465087891,0.6556846499443054,-0.3063969612121582
1780626056801954800,23.544954833984374,-0.6964759826660156,0.8089790940284729,-0.01979714073240757
1780626056811949800,23.55494970703125,-0.6330674886703491,0.9921119213104248,0.28474438190460205
1780626056821944800,23.56494482421875,-0.4936773478984833,1.2832119464874268,0.1695573329925537
1780626056831940600,23.574940673828124,-0.5166229009628296,1.2673195600509644,-0.28359922766685486
1780626056841935600,23.584935546875,-0.6515631079673767,0.8985210061073303,-0.541181206703186
1780626056851930600,23.5949306640625,-0.8413431644439697,0.434775173664093,-0.5907729864120483
1780626056861925600,23.604925537109374,-1.0965964794158936,0.33374786376953125,-1.012407660484314
1780626056871921700,23.614921630859374,-1.2767423391342163,0.33111801743507385,-1.0682148933410645
1780626056881916400,23.62491650390625,-1.127275824546814,0.012484366074204445,-0.2695619761943817
1780626056891911700,23.63491162109375,-0.7322933673858643,-0.16230767965316772,0.372692346572876
1780626056901907700,23.64490771484375,-0.747391402721405,0.6877893209457397,-0.3706986904144287
1780626056911902700,23.65490283203125,-1.1715916395187378,1.3196815252304077,-0.5115045309066772
1780626056921897700,23.664897705078126,-1.6041069030761719,1.5308171510696411,-0.3019513189792633
1780626056931892700,23.674892822265626,-1.7530840635299683,1.3301358222961426,-0.444722056388855
1780626056941888500,23.684888427734375,-1.5270233154296875,0.907377302646637,-0.9074167609214783
1780626056951883500,23.694883544921876,-1.0975544452667236,0.4683685302734375,-1.3958293199539185
1780626056961878500,23.70487841796875,-0.770031213760376,-0.09644078463315964,-1.5816655158996582
1780626056971873500,23.71487353515625,-0.6449227929115295,-0.21618396043777466,-1.4668762683868408
1780626056981869800,23.724869873046874,-0.6818166375160217,-0.4373176693916321,-0.9343386292457581
1780626056991864600,23.734864501953126,-0.6129555702209473,-0.10444917529821396,-0.49579697847366333
1780626057001859600,23.744859619140627,-0.4812246859073639,0.3722228407859802,-0.33069562911987305
1780626057011855600,23.754855712890624,-0.4708988070487976,0.7656159400939941,-0.23912575840950012
1780626057021850600,23.7648505859375,-0.6777212023735046,1.1010583639144897,-0.08205971866846085
1780626057031845600,23.774845703125,-0.8427895307540894,1.3876947164535522,0.16911205649375916
1780626057041840600,23.784840576171874,-0.7913439273834229,1.2599577903747559,0.29022809863090515
1780626057051836700,23.794836669921875,-0.5509353280067444,1.1632999181747437,-0.13394315540790558
1780626057061831700,23.804831787109375,-0.5464739799499512,0.9163833260536194,-0.5265977382659912
1780626057071826700,23.81482666015625,-0.7587465643882751,0.5227550864219666,-0.6474908590316772
1780626057081821700,23.82482177734375,-0.8470982909202576,0.2344449907541275,-0.7665658593177795
1780626057091817700,23.834817626953125,-0.8133389949798584,0.14435504376888275,-0.876200258731842
1780626057101812500,23.8448125,-0.8106324076652527,0.10168028622865677,-0.7284046411514282
1780626057111807500,23.854807373046874,-0.8056714534759521,0.2235577255487442,-0.6458951234817505
1780626057121803500,23.864803466796875,-0.8854725360870361,0.34922829270362854,-0.7403899431228638
1780626057131798800,23.874798828125,-0.9579156041145325,0.37282416224479675,-0.593629002571106
1780626057141793800,23.884793701171876,-0.8315712213516235,0.4688524305820465,-0.48109686374664307
1780626057151788800,23.894788818359373,-0.6894234418869019,0.6165662407875061,-0.6637585163116455
1780626057161784600,23.90478466796875,-0.7788729071617126,0.6611401438713074,-0.5686299204826355
1780626057171779600,23.914779541015626,-0.7301871180534363,0.4472835063934326,-0.10475517064332962
1780626057181774600,23.924774658203123,-0.4865480661392212,0.5119280219078064,-0.10488194227218628
1780626057191770600,23.9347705078125,-0.5418853759765625,0.7945418357849121,-0.35867372155189514
1780626057201765600,23.944765625,-0.8496317267417908,1.0773082971572876,-0.09850712865591049
1780626057211760600,23.9547607421875,-1.0237915515899658,1.0684772729873657,0.39671459794044495
1780626057221755600,23.964755615234374,-0.9128836989402771,1.055071234703064,0.0987289771437645
1780626057231751700,23.974751708984375,-0.847070038318634,0.5405612587928772,-0.5089671015739441
1780626057241746700,23.98474658203125,-0.8912995457649231,-0.03116963803768158,-0.9408441781997681
1780626057251741700,23.99474169921875,-0.8934745788574219,-0.2251148819923401,-1.1273863315582275
1780626057261736700,24.00473681640625,-0.8871846795082092,0.012731241062283516,-1.235217571258545
1780626057271732500,24.014732421875,-0.8877748847007751,0.19680148363113403,-1.2405757904052734
1780626057281727500,24.0247275390625,-0.9088250398635864,0.42285698652267456,-1.1377394199371338
1780626057291722500,24.034722412109375,-0.9158850312232971,0.550074577331543,-0.8660019040107727
1780626057301718800,24.04471875,-0.7817637324333191,0.48846501111984253,-0.5734925866127014
1780626057311713800,24.0547138671875,-0.5463331341743469,0.6859616041183472,-0.6318184733390808
1780626057321708800,24.064708740234376,-0.5941115617752075,0.7407185435295105,-0.41462674736976624
1780626057331703600,24.07470361328125,-0.7543206810951233,0.7227584719657898,0.07492803782224655
1780626057341699600,24.084699462890626,-0.7548894882202148,0.7603884339332581,0.1417669951915741
1780626057351694600,24.094694580078126,-0.7177032828330994,0.5543920993804932,0.09359200298786163
1780626057361689600,24.104689697265623,-0.807178795337677,0.7494276165962219,-0.26570063829421997
1780626057371685600,24.114685546875,-1.0126382112503052,1.0603601932525635,-0.439598947763443
1780626057381680600,24.1246806640625,-1.2013367414474487,1.2457714080810547,-0.20879635214805603
1780626057391675600,24.134675537109374,-1.1974141597747803,1.0068697929382324,-0.1584801822900772
1780626057401670700,24.144670654296874,-1.1270707845687866,0.49741989374160767,-0.7544887065887451
1780626057411666700,24.154666748046875,-1.1080281734466553,-0.1333537995815277,-1.4035841226577759
1780626057421661700,24.16466162109375,-1.0755325555801392,-0.453988254070282,-1.5567771196365356
1780626057431656700,24.17465673828125,-1.0193365812301636,-0.39651724696159363,-1.2548061609268188
1780626057441651500,24.1846513671875,-0.9838302731513977,0.07091491669416428,-0.9310032725334167
1780626057451647500,24.1946474609375,-1.0101878643035889,0.48009976744651794,-0.6760287880897522
1780626057461642800,24.204642822265626,-1.0550717115402222,0.7754198312759399,-0.5392224788665771
1780626057471637800,24.2146376953125,-1.08236563205719,0.9645761847496033,-0.4922325909137726
1780626057481633500,24.224633544921875,-1.0585758686065674,0.9894983172416687,-0.42114830017089844
1780626057491628500,24.234628662109376,-0.8874611258506775,0.7815282940864563,-0.1775425672531128
1780626057501623800,24.244623779296877,-0.5998839735984802,0.7225379943847656,-0.1642981320619583
1780626057511618800,24.254618896484374,-0.5080962181091309,0.639660120010376,-0.37482181191444397
1780626057521614800,24.26461474609375,-0.719674289226532,0.6722934246063232,-0.38516658544540405
1780626057531609900,24.27460986328125,-0.8740705251693726,0.9138078093528748,-0.12092242389917374
1780626057541604900,24.28460498046875,-0.8064531087875366,1.0781652927398682,0.0842168778181076
1780626057551600600,24.2946005859375,-0.7062048316001892,0.8225513696670532,-0.02316524088382721
1780626057561595600,24.304595703125,-0.6748697757720947,0.27234604954719543,-0.368355393409729
1780626057571590700,24.314590576171874,-0.6204824447631836,-0.22212228178977966,-0.623078465461731
1780626057581585700,24.324585693359374,-0.5490080118179321,-0.372648149728775,-0.6994153261184692
1780626057591581700,24.334581787109375,-0.5054889917373657,-0.32520684599876404,-0.6659868359565735
1780626057601576700,24.34457666015625,-0.5048200488090515,-0.19367998838424683,-0.5351467728614807
1780626057611571700,24.35457177734375,-0.5229886174201965,0.0028796761762350798,-0.3980962336063385
1780626057621566700,24.364566650390625,-0.5273133516311646,0.11860654503107071,-0.40996408462524414
1780626057631562800,24.374562744140626,-0.5243431329727173,0.058817777782678604,-0.5623940825462341
1780626057641557800,24.384557861328126,-0.5103050470352173,0.05880073085427284,-0.7073488831520081
1780626057651552800,24.394552734375,-0.505160927772522,0.11870747804641724,-0.8300439119338989
1780626057661548800,24.404548828125,-0.5100321173667908,0.19503366947174072,-0.9007295370101929
1780626057671543800,24.414543701171876,-0.5368794202804565,0.2639749348163605,-0.8753024935722351
1780626057681538800,24.424538818359373,-0.5216479897499084,0.1456136554479599,-0.6041396856307983
1780626057691533800,24.434533935546874,-0.40075966715812683,0.24124324321746826,-0.23736727237701416
1780626057701529900,24.44452978515625,-0.21750888228416443,0.4692510962486267,0.17963340878486633
1780626057711524600,24.454524658203123,-0.1153486967086792,0.3862108290195465,0.30385148525238037
1780626057721519600,24.46451953125,-0.12481436878442764,0.15960989892482758,-0.0967869982123375
1780626057731514600,24.4745146484375,-0.24818849563598633,-0.09011764079332352,0.1872820109128952
1780626057741511000,24.484510986328125,-0.05800924077630043,-0.7181874513626099,0.9740029573440552
1780626057751506000,24.494505859375,0.39201945066452026,-0.7985019683837891,0.16151592135429382
1780626057761501000,24.5045009765625,0.4753689169883728,-0.5289053916931152,-0.28267723321914673
1780626057771496000,24.514495849609375,0.2568882405757904,0.1679072380065918,0.28230491280555725
1780626057781491700,24.52449169921875,0.1315321922302246,0.6194882988929749,1.0547137260437012
1780626057791486700,24.53448681640625,0.20851698517799377,0.6852278709411621,0.910514235496521
1780626057801481700,24.544481689453125,0.348367303609848,0.07498928904533386,0.18491366505622864
1780626057811477800,24.554477783203126,0.3985244631767273,-0.8495148420333862,-0.37401673197746277
1780626057821472800,24.56447265625,0.3568241596221924,-1.541490912437439,-0.7073789834976196
1780626057831467800,24.5744677734375,0.34269291162490845,-1.8013243675231934,-0.9671404957771301
1780626057841462800,24.584462890625,0.45356297492980957,-1.7811253070831299,-1.114696979522705
1780626057851458800,24.594458740234376,0.6057599782943726,-1.7994861602783203,-0.9185133576393127
1780626057861453800,24.604453857421873,0.7491725087165833,-1.8459208011627197,-0.5114709734916687
1780626057871448800,24.61444873046875,0.8524237871170044,-1.850451946258545,-0.1271936446428299
1780626057881443800,24.62444384765625,0.8854789733886719,-1.691819429397583,0.1837322860956192
1780626057891439600,24.634439697265623,0.875990092754364,-1.406765341758728,0.4290972948074341
1780626057901434600,24.6444345703125,0.8545335531234741,-1.06233811378479,0.5731610059738159
1780626057911429600,24.6544296875,0.8827382922172546,-0.707434892654419,0.6291771531105042
1780626057921426000,24.664426025390625,0.902803897857666,-0.43361854553222656,0.6127257347106934
1780626057931421000,24.6744208984375,0.8940298557281494,-0.3320746123790741,0.6755558252334595
1780626057941415700,24.684415771484375,0.8775203824043274,-0.24957521259784698,0.8322902917861938
1780626057951410700,24.69441064453125,0.8868707418441772,-0.12066729366779327,0.9970914721488953
1780626057961406700,24.70440673828125,0.925663411617279,-0.054429154843091965,1.135183572769165
1780626057971401700,24.714401611328125,0.9583765864372253,-0.0037939392495900393,1.2334867715835571
1780626057981396700,24.724396728515625,0.9531165957450867,0.10449125617742538,1.2799711227416992
1780626057991392800,24.734392822265626,0.9077783823013306,0.1267683357000351,1.315101981163025
1780626058001387800,24.7443876953125,0.8193857073783875,0.038907185196876526,1.324000358581543
1780626058011382800,24.7543828125,0.7162966132164001,-0.1359517127275467,1.3325797319412231
1780626058021377800,24.764377685546876,0.6519391536712646,-0.28132542967796326,1.2963520288467407
1780626058031373800,24.774373779296877,0.6663774847984314,-0.3863905966281891,1.1709564924240112
1780626058041368800,24.784368896484374,0.7591689229011536,-0.46418631076812744,1.0262088775634766
1780626058051363600,24.794363525390626,0.8775928020477295,-0.6073450446128845,0.9212859272956848
1780626058061358600,24.804358642578126,0.9554071426391602,-0.6979021430015564,0.857232928276062
1780626058071355000,24.81435498046875,0.9789236783981323,-0.687547504901886,0.8198336362838745
1780626058081350000,24.824349853515624,0.9551160931587219,-0.6182693243026733,0.8138638734817505
1780626058091345000,24.834344970703125,0.9272027015686035,-0.5840384364128113,0.8545612692832947
1780626058101340000,24.84433984375,0.9563448429107666,-0.6249358057975769,0.9307766556739807
1780626058111335700,24.854335693359374,1.031614065170288,-0.6666483283042908,0.98507159948349
1780626058121330700,24.86433056640625,1.1011433601379395,-0.7147256135940552,0.955258846282959
1780626058131325700,24.87432568359375,1.1362462043762207,-0.8105860948562622,0.886297881603241
1780626058141321700,24.88432177734375,1.1516789197921753,-0.9186379909515381,0.8400771021842957
1780626058151316700,24.894316650390625,1.1628426313400269,-0.974905252456665,0.8165731430053711
1780626058161311700,24.904311767578125,1.1676599979400635,-0.9615087509155273,0.8059513568878174
1780626058171306800,24.914306640625,1.1744897365570068,-0.9585089683532715,0.8463568687438965
1780626058181302800,24.924302734375,1.1920868158340454,-0.9660432934761047,0.900643527507782
1780626058191297800,24.9342978515625,1.2164301872253418,-0.9623300433158875,0.9428042769432068
1780626058201292800,24.944292724609376,1.2336292266845703,-0.9227672219276428,0.957956850528717
1780626058211287800,24.954287841796877,1.2388525009155273,-0.8982277512550354,0.9301108717918396
1780626058221283600,24.96428369140625,1.2314687967300415,-0.9223672151565552,0.917600691318512
1780626058231278600,24.974278564453126,1.2293782234191895,-0.9657791256904602,0.9315889477729797
1780626058241273600,24.984273681640627,1.2378966808319092,-0.9502808451652527,0.9595614075660706
1780626058251270000,24.994269775390624,1.2581545114517212,-0.8924944996833801,1.0416616201400757
1780626058261265000,25.004264892578124,1.292523980140686,-0.8884592652320862,1.2024505138397217
1780626058271260000,25.014260009765625,1.3663848638534546,-0.84220951795578,1.4217772483825684
1780626058281254700,25.024254638671874,1.4020723104476929,-0.5394454002380371,1.526755928993225
1780626058291250700,25.034250732421874,1.300376057624817,0.14532044529914856,1.240163803100586
1780626058301245700,25.04424560546875,1.0878808498382568,0.7150105237960815,0.5887458324432373
1780626058311240700,25.05424072265625,0.8263959288597107,-0.20741043984889984,-0.22436758875846863
1780626058321235700,25.064235595703124,0.643156886100769,-1.571528434753418,-0.9123656749725342
1780626058331231700,25.074231689453125,0.6762274503707886,-1.478293538093567,-1.1252704858779907
1780626058341226800,25.084226806640626,0.7720456123352051,-0.7486004829406738,-0.7243207097053528
1780626058351221800,25.0942216796875,0.665953516960144,0.25746747851371765,0.048766739666461945
1780626058361217800,25.1042177734375,0.34122711420059204,1.432189702987671,0.7984796166419983
1780626058371212800,25.114212890625,-0.011506454087793827,2.2820398807525635,1.3586281538009644
1780626058381207800,25.124207763671876,-0.31163138151168823,2.697211980819702,1.6662858724594116
1780626058391202800,25.134202880859377,-0.6030845642089844,2.691045045852661,1.709925651550293
1780626058401198800,25.14419873046875,-0.8792799115180969,2.273597002029419,1.5267670154571533
1780626058411193900,25.15419384765625,-1.0385068655014038,1.4776434898376465,1.0907349586486816
1780626058421188900,25.16418896484375,-1.0057483911514282,0.5633573532104492,0.41265228390693665
1780626058431184000,25.174183837890624,-0.8082025647163391,-0.38886865973472595,-0.3184349536895752
1780626058441179600,25.1841796875,-0.5911114811897278,-1.0381824970245361,-0.7847161293029785
1780626058451174700,25.194174560546877,-0.451475590467453,-1.0209609270095825,-0.8003872036933899
1780626058461169700,25.204169677734374,-0.36269378662109375,-0.42122021317481995,-0.43094927072525024
1780626058471164700,25.21416455078125,-0.34476563334465027,0.26778644323349,-0.05789073184132576
1780626058481160700,25.22416064453125,-0.36801424622535706,0.5333464741706848,0.06788104772567749
1780626058491155700,25.23415576171875,-0.3581538796424866,0.42344793677330017,-0.03299630060791969
1780626058501150700,25.244150634765624,-0.2425210326910019,0.17289534211158752,-0.20132538676261902
1780626058511146500,25.254146484375,-0.05756768956780434,-0.05956985428929329,-0.342317670583725
1780626058521141500,25.2641416015625,0.09015679359436035,-0.22857831418514252,-0.3999796211719513
1780626058531136800,25.27413671875,0.1539674550294876,-0.29946500062942505,-0.4180361330509186
1780626058541131800,25.2841318359375,0.1477937251329422,-0.3645566701889038,-0.4297199547290802
1780626058551127600,25.29412744140625,0.10529366880655289,-0.38916799426078796,-0.4357490837574005
1780626058561122600,25.30412255859375,0.05897543579339981,-0.2894669771194458,-0.41320034861564636
1780626058571117600,25.31411767578125,0.02684333175420761,-0.15663407742977142,-0.29472991824150085
1780626058581112600,25.324112548828126,0.010298177599906921,0.04842985048890114,-0.11796978116035461
1780626058591108600,25.334108642578126,-0.0022711437195539474,0.24173033237457275,0.04123532027006149
1780626058601103600,25.344103515625,-0.016202937811613083,0.36246076226234436,0.09838276356458664
1780626058611098600,25.3540986328125,-0.009147425182163715,0.36544135212898254,0.08813811093568802
1780626058621093600,25.36409375,-0.024474449455738068,0.28024551272392273,0.03278617560863495
1780626058631089700,25.374089599609373,-0.07990122586488724,0.1834164261817932,-0.02418469823896885
1780626058641084700,25.384084716796874,-0.12481729686260223,0.17770715057849884,-0.06671591103076935
1780626058651079700,25.39407958984375,-0.1515599638223648,0.22532713413238525,-0.05092283710837364
1780626058661075700,25.40407568359375,-0.18598425388336182,0.27779993414878845,-0.011914449743926525
1780626058671070500,25.414070556640624,-0.21576665341854095,0.28336673974990845,0.006851247977465391
1780626058681065500,25.4240654296875,-0.22449728846549988,0.2663421928882599,-0.01836356148123741
1780626058691060500,25.434060546875,-0.2093667984008789,0.20085027813911438,-0.058633483946323395
1780626058701056800,25.444056884765626,-0.18227100372314453,0.12714730203151703,-0.10164646804332733
1780626058711051800,25.4540517578125,-0.16862763464450836,0.11166900396347046,-0.1298040747642517
1780626058721046800,25.464046875,-0.14117710292339325,0.12051708996295929,-0.11616335809230804
1780626058731041800,25.474041748046876,-0.12190646678209305,0.17064471542835236,-0.08258675783872604
1780626058741037600,25.48403759765625,-0.13079796731472015,0.19270767271518707,-0.05961858853697777
1780626058751032600,25.494032470703125,-0.14134886860847473,0.18300017714500427,-0.05638844147324562
1780626058761027600,25.504027587890626,-0.13812750577926636,0.14037096500396729,-0.03838866949081421
1780626058771024000,25.51402392578125,-0.13380999863147736,0.153676375746727,-0.030349383130669594
1780626058781018600,25.5240185546875,-0.1364678293466568,0.19290579855442047,-0.030899858102202415
1780626058791013600,25.534013671875,-0.1397152841091156,0.16826757788658142,-0.01956011913716793
1780626058801008600,25.544008544921876,-0.13140222430229187,0.10844551771879196,-0.004332430195063353
1780626058811004700,25.554004638671874,-0.122255340218544,0.05703132972121239,-0.046846069395542145
1780626058820999700,25.563999755859374,-0.12048939615488052,-0.03817348554730415,-0.11182533204555511
1780626058830994700,25.57399462890625,-0.08995146304368973,-0.10119453072547913,-0.17098931968212128
1780626058840989700,25.58398974609375,-0.05933656170964241,-0.08933254331350327,-0.21023792028427124
1780626058850985500,25.5939853515625,-0.04891055077314377,-0.09173258394002914,-0.19555698335170746
1780626058860980700,25.603980712890625,-0.047092944383621216,-0.05269517004489899,-0.15716512501239777
1780626058870975700,25.613975830078125,-0.04944344982504845,-0.01919366791844368,-0.09769406914710999
1780626058880970800,25.623970703125,-0.023431023582816124,-0.018684204667806625,-0.0307544507086277
1780626058890966500,25.633966552734375,0.019172895699739456,0.026309102773666382,-0.032349683344364166
1780626058900961500,25.64396142578125,0.05646141245961189,0.044134438037872314,-0.053878411650657654
1780626058910956500,25.65395654296875,0.07150641083717346,0.04700665548443794,-0.04379568248987198
1780626058920951600,25.66395166015625,0.07376343756914139,0.06367111951112747,-0.010938667692244053
1780626058930947600,25.673947509765625,0.055033158510923386,0.050516169518232346,0.026694195345044136
1780626058940942600,25.683942626953126,0.04030507802963257,0.025421736761927605,0.044081173837184906
1780626058950937900,25.693937744140626,0.02690618298947811,0.006146043073385954,0.028676385059952736
1780626058960933600,25.70393359375,0.01756594330072403,-0.03857642039656639,0.008127701468765736
1780626058970928600,25.7139287109375,-0.00683233980089426,-0.08897727727890015,-0.034869033843278885
1780626058980923600,25.723923583984377,-0.01858992874622345,-0.12674570083618164,-0.0717756524682045
1780626058990918700,25.733918701171874,-0.009282181970775127,-0.13961036503314972,-0.04007098823785782
1780626059000914700,25.743914794921874,-0.0026706180069595575,-0.06393983215093613,-0.002531068166717887
1780626059010909400,25.753909423828127,-0.033484723418951035,0.032637570053339005,0.005420598201453686
1780626059020904400,25.763904541015624,-0.06926882266998291,0.06679687649011612,0.046966176480054855
1780626059030899500,25.7738994140625,-0.1141020730137825,0.10171783715486526,0.07460366189479828
1780626059040895700,25.783895751953125,-0.146033376455307,0.1301524043083191,0.04314028099179268
1780626059050890800,25.793890869140625,-0.17259760200977325,0.11102744936943054,-0.035713523626327515
1780626059060885800,25.8038857421875,-0.1990973949432373,0.07775098830461502,-0.13250504434108734
1780626059070880800,25.813880859375,-0.2078394740819931,0.07300975918769836,-0.1758919358253479
1780626059080876500,25.82387646484375,-0.19893333315849304,0.08010229468345642,-0.16612878441810608
1780626059090871600,25.83387158203125,-0.18722128868103027,0.08626990765333176,-0.149286687374115
1780626059100866600,25.843866455078125,-0.21777653694152832,0.11110574752092361,-0.1988941878080368
1780626059110862800,25.85386279296875,-0.29420074820518494,0.15438850224018097,-0.3050709664821625
1780626059120857600,25.863857666015626,-0.35089436173439026,0.18076738715171814,-0.34678858518600464
1780626059130852600,25.8738525390625,-0.35658130049705505,0.21854671835899353,-0.3012418746948242
1780626059140847600,25.88384765625,-0.3345644176006317,0.31697502732276917,-0.22035634517669678
1780626059150843600,25.89384375,-0.32240599393844604,0.4312360882759094,-0.15722423791885376
1780626059160838700,25.903838623046877,-0.33980655670166016,0.45903709530830383,-0.12459519505500793
1780626059170833700,25.913833740234374,-0.3814091384410858,0.4793394207954407,-0.17971517145633698
1780626059180828700,25.92382861328125,-0.48565539717674255,0.43602046370506287,-0.3319036364555359
1780626059190824700,25.93382470703125,-0.6298764944076538,0.3058387339115143,-0.5011819005012512
1780626059200819700,25.94381982421875,-0.775034487247467,0.20512065291404724,-0.636961817741394
1780626059210814700,25.953814697265624,-0.9162368774414062,0.2120153158903122,-0.7654356360435486
1780626059220809700,25.963809814453125,-0.9612085819244385,0.3346664011478424,-0.792294442653656
1780626059230805800,25.9738056640625,-0.9033450484275818,0.5407143831253052,-0.6793502569198608
1780626059240800500,25.983800537109374,-0.8064331412315369,0.7697872519493103,-0.42639926075935364
1780626059250795500,25.99379541015625,-0.759645402431488,0.9160208702087402,-0.19081468880176544
1780626059260790500,26.00379052734375,-0.781772792339325,0.9644352793693542,-0.19422459602355957
1780626059270786600,26.01378662109375,-0.8440332412719727,0.9600176215171814,-0.371868371963501
1780626059280781800,26.02378173828125,-0.8992565274238586,0.8803645968437195,-0.48413097858428955
1780626059290776800,26.03377685546875,-0.928818941116333,0.6346941590309143,-0.25245702266693115
1780626059300771800,26.043771728515626,-0.761443555355072,0.39185938239097595,0.01435017678886652
1780626059310767600,26.053767578125,-0.5755714178085327,0.32611098885536194,-0.2788628041744232
1780626059320762600,26.0637626953125,-0.5761573314666748,0.04392671212553978,-0.8281581401824951
1780626059330757600,26.073757568359376,-0.5923056602478027,-0.13009169697761536,-1.0347265005111694
1780626059340753700,26.083753662109373,-0.5850133895874023,-0.07056311517953873,-0.7221739292144775
1780626059350748400,26.09374853515625,-0.5591519474983215,0.10305207967758179,-0.10943222045898438
1780626059360743400,26.103743408203126,-0.25375130772590637,0.49525555968284607,0.24393649399280548
1780626059370738700,26.11373876953125,0.036122582852840424,0.4371592104434967,0.3135049343109131
1780626059380734700,26.123734619140624,0.10009197890758514,-0.07281295210123062,0.0961206704378128
1780626059390729700,26.133729736328124,0.01401754841208458,-0.4216958284378052,-0.30778470635414124
1780626059400724700,26.143724853515625,-0.0505414716899395,-0.2727854549884796,-0.533102810382843
1780626059410719700,26.1537197265625,-0.15051068365573883,0.2713114023208618,-0.28901156783103943
1780626059420715500,26.163715576171874,-0.27652454376220703,0.8692307472229004,0.15218181908130646
1780626059430710500,26.17371044921875,-0.29891452193260193,1.437265396118164,0.39322423934936523
1780626059440705500,26.18370556640625,-0.2602326571941376,1.6112726926803589,0.4164446294307709
1780626059450700500,26.193700439453124,-0.16831471025943756,1.2035847902297974,0.3102896809577942
1780626059460696600,26.203696533203125,-0.015223161317408085,0.44772982597351074,0.11223839223384857
1780626059470691300,26.21369140625,0.1078665480017662,-0.1464030146598816,-0.19921483099460602
1780626059480686000,26.22368603515625,0.09544316679239273,-0.4849030375480652,-0.39234408736228943
1780626059490681000,26.23368115234375,0.03301360830664635,-0.5313408374786377,-0.35270291566848755
1780626059500677000,26.243677001953124,0.0008974852971732616,-0.3289949297904968,-0.1928892880678177
1780626059510672100,26.253672119140624,0.016713732853531837,-0.07776030898094177,-0.022593459114432335
1780626059520667100,26.263667236328125,0.0484977625310421,0.06921635568141937,0.0875580757856369
1780626059530663200,26.2736630859375,0.05692959576845169,0.07546786218881607,0.1155894473195076
1780626059540658200,26.283658203125,0.06548526883125305,0.07768920063972473,0.04309846833348274
1780626059550653200,26.293653076171875,0.06560084968805313,0.13375221192836761,-0.04110429435968399
1780626059560648200,26.303648193359376,0.03971465677022934,0.13650591671466827,-0.07879601418972015
1780626059570644200,26.313644287109376,-0.01684742234647274,0.11054275929927826,-0.08883693069219589
1780626059580639200,26.32363916015625,-0.0832754522562027,0.12030297517776489,-0.07386090606451035
1780626059590634000,26.333634033203126,-0.153488889336586,0.16236147284507751,-0.04519597440958023
1780626059600629000,26.34362890625,-0.20230036973953247,0.18063075840473175,-0.037931136786937714
1780626059610625000,26.353625,-0.22936154901981354,0.18211707472801208,-0.04782131686806679
1780626059620620300,26.363620361328124,-0.2563478946685791,0.13624465465545654,-0.105929896235466
1780626059630615300,26.373615234375,-0.27381929755210876,0.03815937042236328,-0.1920541226863861
1780626059640610300,26.3836103515625,-0.26449450850486755,-0.028387699276208878,-0.23602505028247833
1780626059650606000,26.393606201171874,-0.24321797490119934,0.020736437290906906,-0.21368752419948578
1780626059660601000,26.40360107421875,-0.20662134885787964,0.14413879811763763,-0.14744271337985992
1780626059670596000,26.41359619140625,-0.1790352612733841,0.22096620500087738,-0.04592354968190193
1780626059680591000,26.423591064453124,-0.15572701394557953,0.19376280903816223,0.11232361197471619
1780626059690587100,26.433587158203125,-0.16438494622707367,0.25698307156562805,0.16525579988956451
1780626059700582100,26.44358203125,-0.207173153758049,0.4001138508319855,0.07556319981813431
1780626059710577200,26.4535771484375,-0.23878487944602966,0.37222814559936523,0.0038743666373193264
1780626059720572200,26.463572265625,-0.22336943447589874,0.23483647406101227,-0.0452582910656929
1780626059730568200,26.473568115234375,-0.18728946149349213,0.0681564137339592,-0.10544893145561218
1780626059740563200,26.483563232421876,-0.15307104587554932,-0.04518239200115204,-0.15269553661346436
1780626059750558200,26.49355810546875,-0.1439206898212433,-0.03771195933222771,-0.16809499263763428
1780626059760553200,26.50355322265625,-0.17268255352973938,-0.07618771493434906,-0.18722528219223022
1780626059770549000,26.513549072265626,-0.21805456280708313,0.012378105893731117,-0.16641587018966675
1780626059780544000,26.5235439453125,-0.2564621567726135,0.17404583096504211,-0.14543814957141876
1780626059790539000,26.5335390625,-0.27684465050697327,0.26914066076278687,-0.13225604593753815
1780626059800535300,26.543535400390624,-0.2557785212993622,0.24809183180332184,-0.11840547621250153
1780626059810530300,26.5535302734375,-0.25070732831954956,0.19558574259281158,-0.12369877099990845
1780626059820525000,26.563525146484373,-0.27030712366104126,0.21264728903770447,-0.17181836068630219
1780626059830520000,26.57352001953125,-0.30948036909103394,0.17418883740901947,-0.20005373656749725
1780626059840516000,26.58351611328125,-0.3368864059448242,0.13621270656585693,-0.16058488190174103
1780626059850511000,26.593510986328123,-0.3635411858558655,0.14111290872097015,-0.04884956404566765
1780626059860506000,26.603506103515624,-0.3608734905719757,0.13886255025863647,0.12072508782148361
1780626059870501000,26.613501220703125,-0.3191329836845398,-0.021215006709098816,0.2088051438331604
1780626059880497200,26.6234970703125,-0.22912852466106415,0.28251105546951294,0.16539694368839264
1780626059890492200,26.6334921875,-0.2032756209373474,0.5848642587661743,0.08992988616228104
1780626059900487200,26.643487060546875,-0.3090968728065491,0.2794220447540283,-0.06175417825579643
1780626059910482200,26.653482177734375,-0.46167922019958496,0.13302010297775269,-0.18665750324726105
1780626059920478200,26.663478271484376,-0.5715596675872803,0.2553207278251648,-0.14562217891216278
1780626059930473200,26.67347314453125,-0.6598564982414246,0.5130190849304199,-0.07289311289787292
1780626059940468000,26.683468017578125,-0.6871874332427979,0.6145284175872803,0.05902070924639702
1780626059950463000,26.693462890625,-0.5095441937446594,0.46245819330215454,0.2242317646741867
1780626059960459300,26.703459228515626,-0.15624046325683594,0.25691142678260803,0.202018603682518
1780626059970454300,26.713454345703123,0.04321910813450813,0.18126726150512695,-0.05239849165081978
1780626059980449300,26.72344921875,-0.04030028358101845,0.026818830519914627,-0.2656385898590088
1780626059990444300,26.7334443359375,-0.2635919451713562,-0.17437180876731873,-0.2835153341293335
1780626060000440000,26.743440185546874,-0.36551913619041443,-0.026394588872790337,-0.06770075112581253
1780626060010435000,26.75343505859375,-0.2533941864967346,-0.08184985816478729,0.09532545506954193
1780626060020430000,26.76343017578125,-0.026019616052508354,-0.02768142893910408,0.006472812965512276
1780626060030425000,26.773425048828123,0.1091906726360321,-0.020363861694931984,-0.024759940803050995
1780626060040421000,26.783421142578124,0.10212104022502899,-0.3347233831882477,0.01883574016392231
1780626060050416000,26.793416015625,0.0708366259932518,-0.33511221408843994,-0.037760693579912186
1780626060060411100,26.8034111328125,0.03310442343354225,-0.2006492167711258,-0.04860402271151543
1780626060070406100,26.81340625,-0.016214922070503235,-0.03280961140990257,-0.03259602561593056
1780626060080402200,26.823402099609375,-0.04039296135306358,0.01209660992026329,0.014706241898238659
1780626060090397200,26.833397216796875,-0.014956045895814896,0.03380696475505829,0.021018998697400093
1780626060100392200,26.84339208984375,0.009149023331701756,0.03833700343966484,-0.016586700454354286
1780626060110388000,26.853387939453125,-0.008771919645369053,-0.018812570720911026,-0.06500083953142166
1780626060120383000,26.863383056640625,-0.08284427970647812,-0.07830306142568588,-0.0820288211107254
1780626060130378200,26.873378173828126,-0.11573618650436401,-0.06114804372191429,-0.02539270743727684
1780626060140373200,26.883373291015626,-0.04785327613353729,0.04965011030435562,0.00857404712587595
1780626060150369300,26.893369384765624,-0.015919577330350876,0.02089010179042816,0.049259159713983536
1780626060160364000,26.903364013671876,-0.02877039462327957,-0.06429296731948853,0.06007292494177818
1780626060170359000,26.913359130859376,-0.07614057511091232,-0.0765746682882309,0.014504374004900455
1780626060180354000,26.92335400390625,-0.10776587575674057,-0.005321261938661337,-0.02617594413459301
1780626060190350000,26.93335009765625,-0.06776998937129974,0.08385415375232697,-0.04451287165284157
1780626060200345000,26.943344970703127,-0.00956660695374012,0.045528069138526917,-0.060683321207761765
1780626060210340000,26.953340087890624,0.04661836847662926,-0.11468476802110672,-0.053581736981868744
1780626060220335400,26.96333544921875,0.128137469291687,-0.2520069479942322,-0.028714202344417572
1780626060230331100,26.9733310546875,0.2452092170715332,-0.3329305648803711,-0.018867697566747665
1780626060240326100,26.983326171875,0.35845109820365906,-0.3547990918159485,-0.011275557801127434
1780626060250321200,26.993321044921874,0.48624688386917114,-0.32373759150505066,0.014831144362688065
1780626060260316200,27.003316162109375,0.6767014861106873,-0.19693143665790558,0.00968858040869236
1780626060270312200,27.013312255859375,0.9074242115020752,-0.05632612109184265,0.0007060039788484573
1780626060280307000,27.023306884765624,1.0644303560256958,0.04447558894753456,-0.034936945885419846
1780626060290302000,27.033302001953125,1.0833872556686401,-0.030785342678427696,-0.03237125650048256
1780626060300297000,27.043296875,1.0808207988739014,-0.13647103309631348,-0.06408151239156723
1780626060310293200,27.053293212890626,1.0747541189193726,-0.18294452130794525,-0.1626562923192978
1780626060320288300,27.063288330078127,0.899079442024231,-0.2308659702539444,-0.26106196641921997
1780626060330283300,27.073283203125,0.587282657623291,-0.4304075837135315,-0.2448507696390152
1780626060340278300,27.0832783203125,0.3158873915672302,-0.38277027010917664,-0.2693638205528259
1780626060350274000,27.093274169921877,0.1747654229402542,-0.39258721470832825,-0.20381703972816467
1780626060360269000,27.10326904296875,0.8448702692985535,-0.1842832863330841,-0.20327669382095337
1780626060370264000,27.11326416015625,1.4471635818481445,-0.005667473189532757,-0.2126651257276535
1780626060380259000,27.123259033203126,1.4585624933242798,-0.1504957675933838,-0.1910644918680191
1780626060390255000,27.133255126953124,1.0802745819091797,-0.08288422971963882,-0.2777903378009796
1780626060400250000,27.14325,0.6141155958175659,0.07844234257936478,-0.41440942883491516
1780626060410245000,27.1532451171875,0.26322364807128906,0.14879587292671204,-0.5397148728370667
1780626060420240100,27.163240234375,0.030071882531046867,0.09726929664611816,-0.6230670213699341
1780626060430236200,27.173236083984374,-0.15854117274284363,-0.2639429569244385,-0.46202462911605835
1780626060440231200,27.183231201171875,-0.2433042675256729,-0.5148670673370361,-0.17006786167621613
1780626060450226200,27.19322607421875,-0.19583554565906525,-0.11191455274820328,-0.09985043108463287
1780626060460221000,27.203220947265624,-0.12737233936786652,0.4542865455150604,-0.2668015956878662
1780626060470217200,27.21321728515625,-0.07163290679454803,0.7371296882629395,-0.5225947499275208
1780626060480212200,27.223212158203125,-0.03237631544470787,0.7354875802993774,-0.7634435892105103
1780626060490207200,27.233207275390626,0.0375971756875515,0.620611310005188,-0.9343434572219849
1780626060500203300,27.243203369140623,0.018185129389166832,0.6031085252761841,-0.9790557622909546
1780626060510198300,27.2531982421875,-0.20673346519470215,0.6718636155128479,-0.8469510078430176
1780626060520193300,27.263193359375,-0.6181841492652893,0.8551197052001953,-0.5376277565956116
1780626060530188300,27.273188232421877,-1.1856385469436646,1.431356430053711,-0.19547948241233826
1780626060540184300,27.283184326171874,-1.7551875114440918,2.382262706756592,0.025542911142110825
1780626060550179300,27.293179443359374,-2.1545114517211914,2.824531078338623,0.19540758430957794
1780626060560174300,27.30317431640625,-2.2866170406341553,2.3791074752807617,0.3110138177871704
1780626060570169000,27.313169189453124,-2.2873239517211914,1.7718201875686646,0.3352658748626709
1780626060580165000,27.3231650390625,-2.3898348808288574,1.9443475008010864,0.2539973855018616
1780626060590160400,27.333160400390625,-2.6350181102752686,2.45493745803833,0.20561574399471283
1780626060600155400,27.3431552734375,-2.748197555541992,1.8388460874557495,0.37164759635925293
1780626060610150400,27.353150390625,-2.58268666267395,0.7872839570045471,0.5238783955574036
1780626060620146200,27.363146240234375,-2.280278205871582,0.7997504472732544,0.2679097354412079
1780626060630141200,27.37314111328125,-1.8355486392974854,0.8182029724121094,-0.4196806252002716
1780626060640136200,27.38313623046875,-1.464853048324585,0.20206202566623688,-0.8724691271781921
1780626060650131200,27.393131103515625,-1.3460707664489746,-0.38602307438850403,-0.7588054537773132
1780626060660127200,27.403127197265626,-1.294569730758667,-0.30959007143974304,-0.3205183446407318
1780626060670122200,27.413122314453126,-1.1144397258758545,-0.2989872395992279,0.13054229319095612
1780626060680117200,27.4231171875,-0.8253032565116882,-0.283852756023407,0.17988668382167816
1780626060690112300,27.4331123046875,-0.6194579005241394,-0.26785486936569214,-0.04597415030002594
1780626060700108300,27.4431083984375,-0.463176965713501,-0.45878249406814575,-0.14968962967395782
1780626060710103300,27.453103271484373,-0.22331272065639496,-0.384085088968277,-0.2509765625
1780626060720098300,27.463098388671874,-0.011523498222231865,-0.3413972854614258,-0.3930242359638214
1780626060730093300,27.47309326171875,0.03376169130206108,-0.3620721995830536,-0.4781375527381897
1780626060740089000,27.483089111328123,-0.04325160011649132,-0.3886857032775879,-0.44368717074394226
1780626060750084000,27.493083984375,-0.14193743467330933,-0.41425976157188416,-0.2797413766384125
1780626060760079000,27.5030791015625,-0.14015604555606842,-0.4325532913208008,-0.02660205028951168
1780626060770074400,27.513074462890625,-0.08725874125957489,-0.4401198625564575,0.1721171736717224
1780626060780070400,27.5230703125,-0.1069064736366272,-0.5407665967941284,0.30400168895721436
1780626060790065400,27.5330654296875,-0.20995482802391052,-0.6972075700759888,0.4041930139064789
1780626060800060200,27.54306005859375,-0.33231881260871887,-0.7069427371025085,0.44523391127586365
1780626060810055200,27.55305517578125,-0.4544607102870941,-0.8351398706436157,0.4968228042125702
1780626060820051200,27.56305126953125,-0.562395453453064,-0.9114077687263489,0.5490524768829346
1780626060830046200,27.573046142578125,-0.6513479351997375,-0.8568662405014038,0.5652071833610535
1780626060840041200,27.583041259765626,-0.6894791126251221,-0.8476710915565491,0.5360040664672852
1780626060850036200,27.5930361328125,-0.7187727689743042,-0.9170685410499573,0.4790656566619873
1780626060860032300,27.6030322265625,-0.776615560054779,-0.9578575491905212,0.3522978723049164
1780626060870027300,27.61302734375,-0.7354175448417664,-0.8773738741874695,0.19034650921821594
1780626060880022300,27.623022216796876,-0.6301425099372864,-0.9331141114234924,0.052435509860515594
1780626060890017300,27.633017333984377,-0.5098970532417297,-1.1063668727874756,-0.0021877868566662073
1780626060900013300,27.643013427734374,-0.42977213859558105,-1.1787164211273193,-0.047499340027570724
1780626060910008300,27.65300830078125,-0.41275668144226074,-1.0555840730667114,-0.1003606915473938
1780626060920003000,27.663003173828123,-0.4011293053627014,-1.0189653635025024,-0.11351191252470016
1780626060929998000,27.672998046875,-0.35352370142936707,-1.101346492767334,-0.04577707499265671
1780626060939994400,27.682994384765625,-0.33911067247390747,-1.167467474937439,0.028670793399214745
1780626060949989400,27.6929892578125,-0.34559789299964905,-1.1600340604782104,0.0028431906830519438
1780626060959984400,27.702984375,-0.3401399850845337,-1.1391048431396484,-0.08846940845251083
1780626060969979400,27.7129794921875,-0.3100510835647583,-1.1016576290130615,-0.14794765412807465
1780626060979975200,27.72297509765625,-0.3058219850063324,-0.9739238619804382,-0.24645158648490906
1780626060989970200,27.73297021484375,-0.2823757529258728,-1.1960394382476807,-0.18007203936576843
1780626060999965200,27.742965087890624,-0.3082510530948639,-1.1177393198013306,-0.1469188779592514
1780626061009960200,27.752960205078125,-0.37565645575523376,-1.0256110429763794,-0.08181736618280411
1780626061019956200,27.762956298828126,-0.4210292398929596,-0.9531919360160828,-0.03695029392838478
1780626061029951200,27.772951171875,-0.4146310091018677,-0.9337825775146484,-0.016756076365709305
1780626061039946200,27.7829462890625,-0.3845072090625763,-1.0816982984542847,0.07571286708116531
1780626061049941200,27.792941162109376,-0.42626795172691345,-1.3943696022033691,0.3287339508533478
1780626061059937300,27.802937255859376,-0.4560253322124481,-1.1671791076660156,0.42512068152427673
1780626061069932300,27.812932373046873,-0.45565009117126465,-1.0151746273040771,0.46030503511428833
1780626061079927300,27.82292724609375,-0.4240093231201172,-0.8661760687828064,0.48701438307762146
1780626061089922300,27.83292236328125,-0.4032609164714813,-0.659462571144104,0.4615425765514374
1780626061099918300,27.84291845703125,-0.44470128417015076,-0.540137529373169,0.39120903611183167
1780626061109913300,27.852913330078124,-0.5003142356872559,-0.6479595899581909,0.36467888951301575
1780626061119908400,27.862908447265625,-0.49899035692214966,-0.6474088430404663,0.1612381637096405
1780626061129903400,27.8729033203125,-0.3274063467979431,-0.93687903881073,-0.018438927829265594
1780626061139899100,27.882899169921874,-0.11644325405359268,-1.168352484703064,0.0726558268070221
1780626061149894100,27.89289404296875,-0.008442486636340618,-1.168054461479187,0.22867605090141296
1780626061159889200,27.90288916015625,0.011322163045406342,-0.9907990097999573,0.28764668107032776
1780626061169884200,27.91288427734375,-0.005231780000030994,-0.9880846738815308,0.19094625115394592
1780626061179880200,27.922880126953125,-0.06343676149845123,-1.129726529121399,-0.01931457594037056
1780626061189875500,27.93287548828125,-0.1413600593805313,-1.3522120714187622,-0.2998218834400177
1780626061199870500,27.942870361328126,-0.2150324136018753,-1.5210649967193604,-0.44092094898223877
1780626061209865200,27.952865234375,-0.3004138767719269,-1.4584444761276245,-0.49723002314567566
1780626061219861200,27.962861328125,-0.3942650258541107,-1.2136895656585693,-0.4916810393333435
1780626061229856300,27.972856201171876,-0.4821639657020569,-0.9356755614280701,-0.5324311256408691
1780626061239851300,27.982851318359376,-0.4684881269931793,-0.687179446220398,-0.6277968287467957
1780626061249846300,27.99284619140625,-0.23092669248580933,-0.35295113921165466,-0.9936858415603638
1780626061259842000,28.002842041015626,0.1453942060470581,-0.197198286652565,-1.4705687761306763
1780626061269837000,28.012837158203126,0.3841809630393982,-0.24541668593883514,-1.5971735715866089
1780626061279832300,28.022832275390623,0.4305764138698578,-0.20483091473579407,-1.271742820739746
1780626061289827300,28.032827392578124,0.39898785948753357,0.3544968366622925,-0.9014749526977539
1780626061299823400,28.0428232421875,0.44129377603530884,0.6251919865608215,-0.7773833870887756
1780626061309818400,28.052818359375,0.5403711199760437,0.3545077443122864,-0.6789202094078064
1780626061319813400,28.0628134765625,0.6802235245704651,0.3254145681858063,-0.49696317315101624
1780626061329808100,28.07280810546875,0.8677217960357666,0.44170522689819336,-0.4653085768222809
1780626061339804200,28.08280419921875,1.0630854368209839,0.3266574740409851,-0.5451171398162842
1780626061349799200,28.092799072265624,1.2531938552856445,0.02576075680553913,-0.6136104464530945
1780626061359794200,28.102794189453125,1.2228015661239624,-0.20635157823562622,-0.6034299731254578
1780626061369789400,28.11278955078125,0.9635308980941772,-0.25004899501800537,-0.49923697113990784
1780626061379785200,28.12278515625,0.7582794427871704,-0.4810233414173126,-0.17860595881938934
1780626061389780200,28.1327802734375,0.7591434121131897,-0.671867847442627,0.09772416204214096
1780626061399775200,28.142775146484375,0.8711609840393066,-0.8774202466011047,0.10112901777029037
1780626061409770200,28.152770263671876,0.9854667782783508,-0.9773194193840027,0.0557950884103775
1780626061419766300,28.162766357421877,1.1518683433532715,-0.8975973725318909,-0.008874984458088875
1780626061429761300,28.17276123046875,1.4252114295959473,-0.910664975643158,0.05341635271906853
1780626061439756000,28.182756103515626,1.5993709564208984,-1.048200249671936,0.3018820881843567
1780626061449751300,28.192751220703126,1.5662652254104614,-1.0604712963104248,0.6279755234718323
1780626061459747300,28.202747314453124,1.3506882190704346,-1.2177668809890747,0.9066271185874939
1780626061469742800,28.212742919921876,1.2141423225402832,-1.4612975120544434,1.0259242057800293
1780626061479737900,28.22273779296875,1.2522056102752686,-1.745613932609558,0.974250078201294
1780626061489732900,28.23273291015625,1.342000961303711,-1.9151201248168945,0.982164740562439
1780626061499728600,28.242728759765626,1.2685946226119995,-2.0500245094299316,1.0792005062103271
1780626061509723600,28.2527236328125,1.0391182899475098,-2.1610019207000732,1.1446564197540283
1780626061519718700,28.26271875,0.7476758360862732,-2.175119400024414,1.0393118858337402
1780626061529714000,28.2727138671875,0.5073196887969971,-2.290754556655884,0.7804002165794373
1780626061539709700,28.282709716796877,0.3865671455860138,-2.623657703399658,0.5576699376106262
1780626061549704700,28.29270458984375,0.3257099390029907,-2.965987205505371,0.4499969780445099
1780626061559699700,28.30269970703125,0.20242340862751007,-3.0714504718780518,0.418078750371933
1780626061569694700,28.31269482421875,-0.037768151611089706,-3.0866281986236572,0.3749126195907593
1780626061579690800,28.322690673828124,-0.40633898973464966,-3.236057996749878,0.3156373202800751
1780626061589685800,28.332685791015624,-0.7652776837348938,-3.1142220497131348,0.1931058019399643
1780626061599680800,28.3426806640625,-0.8063175678253174,-2.9545278549194336,0.10562815517187119
1780626061609675500,28.352675537109373,-0.4733220040798187,-3.0143885612487793,0.10796082019805908
1780626061619671800,28.362671875,-0.11846299469470978,-3.0776121616363525,0.2905234396457672
1780626061629666800,28.372666748046875,0.08897115290164948,-2.8704304695129395,0.4424232244491577
1780626061639661800,28.382661865234375,0.21889425814151764,-2.7589285373687744,0.39314010739326477
1780626061649656800,28.39265673828125,0.37373578548431396,-2.6833014488220215,0.25361043214797974
1780626061659652600,28.402652587890625,0.4862830936908722,-2.717466115951538,0.1256980001926422
1780626061669647600,28.412647705078125,0.424357146024704,-2.8606185913085938,0.08119712024927139
1780626061679642600,28.422642578125,0.18189683556556702,-3.221608877182007,0.060266803950071335
1780626061689637600,28.4326376953125,-0.13436952233314514,-3.659153699874878,0.04640265181660652
1780626061699634000,28.442634033203124,-0.4749390780925751,-3.8501596450805664,0.16053694486618042
1780626061709629000,28.45262890625,-0.7789072394371033,-3.7869036197662354,0.3384193181991577
1780626061719623700,28.462623779296877,-0.9290211200714111,-3.8191258907318115,0.5157850384712219
1780626061729618700,28.47261865234375,-0.7743992805480957,-3.7954535484313965,0.5543769001960754
1780626061739614700,28.48261474609375,-0.406757652759552,-3.7803752422332764,0.3055548667907715
1780626061749609700,28.492609619140627,0.03765736520290375,-4.048898696899414,-0.16797807812690735
1780626061759604700,28.502604736328124,0.24229519069194794,-4.758163928985596,-0.6841152310371399
1780626061769599700,28.512599853515624,0.10622816532850266,-5.487857818603516,-1.6626613140106201
1780626061779595800,28.522595703125,-0.6166709065437317,-5.131153106689453,-1.8581660985946655
1780626061789590800,28.5325908203125,-1.4751025438308716,-4.962918758392334,-1.5061938762664795
1780626061799585800,28.542585693359374,-2.0736021995544434,-5.049590110778809,-1.2018723487854004
1780626061809580800,28.552580810546875,-2.2914321422576904,-4.965655326843262,-1.0560178756713867
1780626061819576800,28.562576904296876,-2.293876886367798,-4.790397644042969,-0.9430384039878845
1780626061829571800,28.57257177734375,-2.097412109375,-4.315719127655029,-0.765109121799469
1780626061839566600,28.582566650390625,-1.8505629301071167,-3.7741103172302246,-0.4288688004016876
1780626061849561600,28.5925615234375,-1.6548970937728882,-3.2222955226898193,-0.040650222450494766
1780626061859558000,28.602557861328126,-1.5242027044296265,-2.7917885780334473,0.3121480345726013
1780626061869553000,28.612552978515627,-1.4133816957473755,-2.627725124359131,0.658861517906189
1780626061879548000,28.6225478515625,-1.3345774412155151,-2.5844099521636963,0.8530664443969727
1780626061889543000,28.63254296875,-1.2952877283096313,-2.7059547901153564,0.8537508249282837
1780626061899538700,28.64253857421875,-1.2749394178390503,-2.7336292266845703,0.6906554102897644
1780626061909533700,28.65253369140625,-1.3199728727340698,-2.814913749694824,0.6171178221702576
1780626061919528700,28.66252880859375,-1.3590360879898071,-2.4729325771331787,0.7663560509681702
1780626061929523700,28.672523681640627,-1.4516265392303467,-1.6555095911026,1.039529800415039
1780626061939519700,28.682519775390624,-1.5694271326065063,-0.6842289566993713,1.2862612009048462
1780626061949514800,28.6925146484375,-1.7342209815979004,0.1326294094324112,1.4355831146240234
1780626061959509800,28.702509765625,-1.9671950340270996,0.5267069339752197,1.3681299686431885
1780626061969504800,28.7125048828125,-2.1945488452911377,0.698239803314209,0.9592152237892151
1780626061979500800,28.722500732421874,-2.4324328899383545,1.0398945808410645,0.8480862975120544
1780626061989495800,28.732495849609375,-2.741626501083374,1.859718918800354,0.8158397078514099
1780626061999490800,28.74249072265625,-3.068971633911133,1.8593724966049194,1.0844870805740356
1780626062009485800,28.75248583984375,-3.4531078338623047,0.9626733660697937,1.3419990539550781
1780626062019481600,28.762481689453125,-3.7963643074035645,0.1199522390961647,1.4627550840377808
1780626062029476600,28.7724765625,-4.099365711212158,-0.1529938131570816,1.4585169553756714
1780626062039471900,28.782471923828126,-4.1966023445129395,0.2665070593357086,1.3185616731643677
1780626062049467000,28.792466796875,-4.068788528442383,0.6477928757667542,0.8046187162399292
1780626062059463000,28.802462890625,-3.9213593006134033,0.5628700256347656,-0.15322843194007874
1780626062069457700,28.812457763671876,-3.7734017372131348,0.5711513757705688,-1.1313531398773193
1780626062079452700,28.82245263671875,-3.606066942214966,0.8816496133804321,-1.5024971961975098
1780626062089447700,28.83244775390625,-3.5041301250457764,0.8675316572189331,-1.2398133277893066
1780626062099443700,28.842443603515626,-3.454591751098633,0.21327978372573853,-0.8761554956436157
1780626062109438700,28.852438720703127,-3.3975818157196045,-0.630768895149231,-0.6901898980140686
1780626062119433700,28.862433837890624,-3.2904129028320312,-1.2760554552078247,-0.746281087398529
1780626062129428700,28.8724287109375,-3.1315016746520996,-1.3982336521148682,-0.9171758890151978
1780626062139424800,28.8824248046875,-2.950834035873413,-1.3163690567016602,-0.9476720094680786
1780626062149419800,28.892419677734374,-2.8789117336273193,-0.987237274646759,-1.1666666269302368
1780626062159414800,28.902414794921874,-3.102281093597412,-0.4347514510154724,-1.294093370437622
1780626062169409800,28.912409912109375,-3.3675410747528076,-0.3820062279701233,-1.220345377922058
1780626062179405600,28.922405517578124,-3.6302080154418945,-0.8649374842643738,-1.1323987245559692
1780626062189400600,28.932400634765624,-3.894497871398926,-1.1128239631652832,-1.131288766860962
1780626062199395600,28.9423955078125,-3.9980521202087402,-0.7092911601066589,-1.2478160858154297
1780626062209390600,28.952390625,-3.7795424461364746,-0.23782427608966827,-1.1210798025131226
1780626062219387000,28.962386962890626,-3.411802291870117,-0.20179995894432068,-0.9225965142250061
1780626062229382000,28.9723818359375,-3.178570032119751,-0.5686293840408325,-0.9242691993713379
1780626062239377000,28.982376953125,-3.1173081398010254,-0.8235505819320679,-0.9621649384498596
1780626062249371600,28.99237158203125,-3.1485066413879395,-0.9327404499053955,-0.7339237928390503
1780626062259367700,29.00236767578125,-3.276963472366333,-1.0855638980865479,-0.2749820351600647
1780626062269362700,29.01236279296875,-3.4185047149658203,-1.3081843852996826,-0.001969141187146306
1780626062279357700,29.022357666015626,-3.4764654636383057,-1.298003077507019,-0.14628051221370697
1780626062289352700,29.032352783203127,-3.528071641921997,-0.9615657329559326,-0.4483591318130493
1780626062299348700,29.0423486328125,-3.398427724838257,-0.7533369064331055,-0.7461338639259338
1780626062309343700,29.05234375,-3.0879087448120117,-0.742536187171936,-0.9189814925193787
1780626062319338800,29.0623388671875,-2.906132936477661,-0.3422364294528961,-0.7944984436035156
1780626062329333800,29.072333740234374,-2.880985975265503,0.02209251932799816,-0.3227729797363281
1780626062339329800,29.082329833984375,-2.8605148792266846,-0.05209595710039139,0.061688132584095
1780626062349324800,29.09232470703125,-2.7092339992523193,-0.028549086302518845,0.02532612904906273
1780626062359319800,29.10231982421875,-2.324043035507202,0.4494936466217041,-0.4248322546482086
1780626062369314600,29.112314453125,-1.8507579565048218,0.8443520069122314,-1.0202606916427612
1780626062379310800,29.122310791015625,-1.5298304557800293,0.3056429922580719,-1.607171893119812
1780626062389305900,29.132305908203126,-1.491422176361084,-0.4674084782600403,-1.7044142484664917
1780626062399300900,29.14230078125,-1.6994024515151978,-0.475128710269928,-1.3602638244628906
1780626062409296000,29.1522958984375,-2.0615692138671875,-0.08265546709299088,-0.620602548122406
1780626062419291000,29.162290771484376,-2.487856388092041,0.4126618802547455,0.2275090515613556
1780626062429286700,29.17228662109375,-2.718040943145752,0.8977212309837341,0.9114905595779419
1780626062439281700,29.18228173828125,-2.6912126541137695,1.5046367645263672,0.7829509973526001
1780626062449276700,29.192276611328126,-2.658102035522461,1.7059134244918823,-0.07737521827220917
1780626062459271700,29.202271728515626,-2.7216155529022217,1.4027215242385864,-0.9982278943061829
1780626062469267500,29.212267333984375,-2.8836588859558105,1.0226527452468872,-1.5927729606628418
1780626062479262500,29.222262451171876,-3.100215196609497,0.9791878461837769,-1.8056836128234863
1780626062489257200,29.23225732421875,-3.26347279548645,1.3037468194961548,-1.6705602407455444
1780626062499252200,29.242252197265625,-3.3403565883636475,1.9524757862091064,-1.2841451168060303
1780626062509248300,29.252248291015626,-3.1997859477996826,2.1900672912597656,-0.5533007383346558
1780626062519243300,29.2622431640625,-2.8147451877593994,1.917643427848816,0.45213550329208374
1780626062529238300,29.27223828125,-2.0846831798553467,1.5399779081344604,1.2735166549682617
1780626062539233300,29.2822333984375,-1.0826034545898438,1.3255975246429443,1.3764369487762451
1780626062549229000,29.29222900390625,-0.2881114184856415,0.9752447605133057,0.7078357338905334
1780626062559224300,29.302224365234373,0.22448983788490295,0.38445791602134705,-0.03249455988407135
1780626062569219300,29.31221923828125,0.5506855249404907,-0.09996228665113449,-0.1389850527048111
1780626062579214300,29.32221435546875,0.7366684079170227,-0.046780556440353394,0.02424275502562523
1780626062589210400,29.33221044921875,0.787135899066925,-0.045336056500673294,0.3993047773838043
1780626062599205400,29.342205322265624,0.8693556189537048,0.038361236453056335,0.9895864725112915
1780626062609200000,29.3522001953125,1.0417609214782715,0.5075942277908325,1.3787944316864014
1780626062619195100,29.362195068359377,1.1568151712417603,1.0052032470703125,1.4932464361190796
1780626062629191200,29.372191162109374,1.1292599439620972,1.3844411373138428,1.4834401607513428
1780626062639186200,29.382186279296874,0.9998105764389038,1.5942827463150024,1.3561029434204102
1780626062649181400,29.392181396484375,0.821660578250885,1.5369811058044434,1.1600199937820435
1780626062659176400,29.402176513671876,0.6658360958099365,1.253244400024414,1.0480263233184814
1780626062669172200,29.412172119140624,0.570698618888855,1.1350760459899902,0.9782315492630005
1780626062679167200,29.422167236328125,0.44843772053718567,1.1412055492401123,0.9961519241333008
1780626062689162200,29.432162353515626,0.6411504149436951,1.120667815208435,0.9481385946273804
1780626062699157200,29.4421572265625,1.0225129127502441,0.9034499526023865,0.8227564692497253
1780626062709153300,29.4521533203125,1.24517023563385,0.7591761350631714,0.6480706334114075
1780626062719148000,29.46214794921875,1.2911792993545532,0.9286951422691345,0.3583616018295288
1780626062729143000,29.47214306640625,1.1992815732955933,1.0027393102645874,-0.00205223192460835
1780626062739138300,29.48213818359375,1.0723077058792114,0.21754804253578186,-0.1486099809408188
1780626062749134300,29.49213427734375,0.961907684803009,-0.5580768585205078,0.011967979371547699
1780626062759129300,29.50212939453125,0.6172509789466858,-0.6406012773513794,0.15087179839611053
1780626062769124400,29.512124267578123,0.11130042374134064,-0.3337723910808563,0.039382826536893845
1780626062779119400,29.522119384765624,-0.42170408368110657,-0.13088983297348022,-0.3424473702907562
1780626062789115100,29.532115234375,-0.803214430809021,-0.08571889996528625,-0.6563626527786255
1780626062799110100,29.542110107421873,-0.9373623728752136,-0.132939413189888,-0.6550715565681458
1780626062809105200,29.552105224609374,-0.8600063323974609,-0.17731992900371552,-0.5161960124969482
1780626062819100200,29.56210009765625,-0.7249297499656677,-0.30202215909957886,-0.474722295999527
1780626062829096200,29.57209619140625,-0.6559941172599792,-0.6273022890090942,-0.6028797626495361
1780626062839091200,29.58209130859375,-0.6321824789047241,-0.9442355036735535,-0.8576571941375732
1780626062849086200,29.592086181640624,-0.6225572824478149,-0.8275749087333679,-1.1326861381530762
1780626062859081200,29.602081298828125,-0.5847947597503662,-0.22801239788532257,-1.0542269945144653
1780626062869076200,29.612076171875,-0.40178364515304565,0.2554834187030792,-0.813075065612793
1780626062879072300,29.622072265625,0.014230601489543915,0.41064852476119995,-0.8988075256347656
1780626062889067300,29.6320673828125,0.5858885049819946,0.2959480285644531,-1.2762962579727173
1780626062899062300,29.642062255859376,1.1334277391433716,0.3296431601047516,-1.3549984693527222
1780626062909057000,29.65205712890625,1.316372275352478,0.2703036665916443,-1.206169605255127
1780626062919053300,29.66205322265625,1.0213632583618164,-0.30100536346435547,-1.2397874593734741
1780626062929048300,29.67204833984375,0.5592523813247681,-0.9681360125541687,-1.347136378288269
1780626062939043300,29.682043212890626,0.21279989182949066,-1.0843135118484497,-1.35476815700531
1780626062949038300,29.692038330078127,0.12437867373228073,-0.6027023792266846,-1.3212730884552002
1780626062959034000,29.7020341796875,0.20415286719799042,-0.04450621455907822,-1.4978219270706177
1780626062969029000,29.712029052734376,0.3314064145088196,0.1901736706495285,-1.913673758506775
1780626062979024100,29.722024169921873,0.5001605749130249,0.12934467196464539,-2.3645589351654053
1780626062989019100,29.73201904296875,0.7125583291053772,0.009729326702654362,-2.7102513313293457
1780626062999015400,29.742015380859375,0.9196845889091492,-0.02551041916012764,-2.902325391769409
1780626063009010400,29.752010498046875,1.1024583578109741,0.252434641122818,-2.834226608276367
1780626063019005200,29.762005126953124,1.2550092935562134,0.4862218499183655,-2.6104135513305664
1780626063029000200,29.772000244140624,1.3199409246444702,0.41699910163879395,-2.4242970943450928
1780626063038996200,29.781996337890625,1.2083768844604492,0.2958902418613434,-2.20025634765625
1780626063048991200,29.7919912109375,0.9750453233718872,0.18208777904510498,-1.8236743211746216
1780626063058986200,29.801986328125,0.7012808918952942,-0.1453486680984497,-1.4789636135101318
1780626063068981200,29.811981201171875,0.4281771779060364,-0.5267421007156372,-1.3421770334243774
1780626063078977300,29.821977294921876,0.2057582139968872,-0.8670355081558228,-1.5159474611282349
1780626063088972300,29.83197216796875,0.11749014258384705,-0.9249155521392822,-1.7704521417617798
1780626063098967300,29.84196728515625,0.11650637537240982,-0.8628945350646973,-1.9435222148895264
1780626063108962300,29.85196240234375,0.1721872091293335,-0.8353449702262878,-1.9585394859313965
1780626063118958300,29.861958251953126,0.2470790296792984,-0.676720142364502,-1.7382545471191406
1780626063128953300,29.871953369140623,0.24886147677898407,-0.5158287286758423,-1.434519648551941
1780626063138948000,29.881947998046876,0.28894633054733276,-0.23459573090076447,-1.4302881956100464
1780626063148943000,29.891943115234376,-0.02605983056128025,-0.8938990831375122,-1.3043817281723022
1780626063158939400,29.901939453125,-0.34527990221977234,-1.1089152097702026,-0.9997634291648865
1780626063168934400,29.911934326171874,-0.500015139579773,-0.97745680809021,-1.024359107017517
1780626063178929400,29.921929443359375,-0.48034584522247314,-0.679484486579895,-1.2634880542755127
1780626063188924400,29.93192431640625,-0.38012921810150146,-0.4297409951686859,-1.5025768280029297
1780626063198920200,29.941920166015624,-0.2830367684364319,-0.1551768034696579,-1.5480880737304688
1780626063208915200,29.951915283203125,-0.14260642230510712,0.15946795046329498,-1.4147270917892456
1780626063218910200,29.96191015625,0.027950141578912735,0.3691974878311157,-1.2303282022476196
1780626063228905200,29.9719052734375,0.25486716628074646,0.35492080450057983,-1.1024287939071655
1780626063238901500,29.981901611328126,0.5212602615356445,0.4240673780441284,-0.8719149231910706
1780626063248896300,29.991896240234375,0.6700321435928345,0.3325486481189728,-0.7655368447303772
1780626063258891300,30.001891357421876,0.6060411930084229,0.39521071314811707,-0.5606305599212646
1780626063268886300,30.01188623046875,0.2999851107597351,0.1976662129163742,-0.47499847412109375
1780626063278881300,30.02188134765625,-0.10703644156455994,-0.07371523231267929,-0.5381262898445129
1780626063288877300,30.031877197265626,-0.36524349451065063,-0.16464300453662872,-0.5752733945846558
1780626063298872300,30.041872314453126,-0.41096755862236023,-0.08874718099832535,-0.610662579536438
1780626063308867300,30.051867431640623,-0.24574318528175354,0.10818959027528763,-0.641818642616272
1780626063318862000,30.061862060546876,0.12768925726413727,0.4902818202972412,-0.47963690757751465
1780626063328858400,30.0718583984375,0.5537606477737427,0.8267213702201843,-0.27219104766845703
1780626063338853400,30.081853271484373,0.8579280376434326,0.9953449964523315,-0.13745853304862976
1780626063348848400,30.091848388671874,1.0352519750595093,1.079004168510437,-0.0019803266040980816
1780626063358843400,30.101843505859375,1.1674273014068604,1.1245349645614624,0.1943947821855545
1780626063368839200,30.111839111328123,1.2594256401062012,1.0117818117141724,0.41601690649986267
1780626063378834200,30.121834228515624,1.2714399099349976,0.706082820892334,0.5092461705207825
1780626063388829200,30.1318291015625,1.2596733570098877,0.4558173418045044,0.43343213200569153
1780626063398824200,30.14182421875,1.265046238899231,0.5203595757484436,0.2446928322315216
1780626063408820200,30.1518203125,1.2963535785675049,0.6252366900444031,0.02154683694243431
1780626063418815500,30.1618154296875,1.2547425031661987,0.540589451789856,-0.3234859108924866
1780626063428810200,30.171810302734375,0.8370791673660278,0.03846004232764244,-1.0523207187652588
1780626063438805200,30.18180517578125,-0.05149248614907265,-0.5193364024162292,-2.0878782272338867
1780626063448801300,30.19180126953125,-0.9516089558601379,-0.3202885389328003,-2.588300943374634
1780626063458796300,30.20179638671875,-1.378614068031311,0.39884111285209656,-2.3011457920074463
1780626063468791300,30.211791259765626,-1.1904460191726685,0.8386893272399902,-1.6496669054031372
1780626063478786300,30.221786376953126,-0.7476065754890442,1.0046887397766113,-1.0369187593460083
1780626063488782000,30.231781982421875,-0.3861945867538452,1.0568495988845825,-0.5671995282173157
1780626063498777000,30.241777099609376,-0.051248274743556976,0.9957247376441956,-0.15768150985240936
1780626063508772000,30.251772216796876,0.24291890859603882,0.8061705231666565,0.16179528832435608
1780626063518767000,30.26176708984375,0.31717076897621155,0.27117982506752014,0.3270835876464844
1780626063528763100,30.27176318359375,0.2143527716398239,-0.21997284889221191,0.3598806858062744
1780626063538758400,30.28175830078125,0.1172371432185173,-0.45476725697517395,0.2775426506996155
1780626063548753200,30.291753173828123,0.10563614964485168,-0.4984457492828369,0.11638200283050537
1780626063558748200,30.301748046875,0.25476545095443726,-0.486629843711853,-0.13317322731018066
1780626063568743200,30.3117431640625,0.5206035375595093,-0.3985985219478607,-0.32159188389778137
1780626063578739200,30.3217392578125,0.8112334609031677,-0.38515275716781616,-0.381583034992218
1780626063588734200,30.331734130859374,1.1066560745239258,-0.21589581668376923,-0.18525055050849915
1780626063598729200,30.341729248046875,1.3160489797592163,-0.10737545788288116,0.22199179232120514
1780626063608724200,30.35172412109375,1.371217131614685,-0.3500552177429199,0.6176680326461792
1780626063618720300,30.36172021484375,1.225685477256775,-0.8821254968643188,0.7650995254516602
1780626063628715300,30.37171533203125,1.0618646144866943,-1.297390341758728,0.5896888375282288
1780626063638710300,30.381710205078125,0.896755039691925,-1.277147889137268,0.3325047194957733
1780626063648705300,30.391705322265626,0.6777563691139221,-1.206437587738037,0.10772912949323654
1780626063658701000,30.401701171875,0.520624577999115,-1.193832278251648,-0.04728122800588608
1780626063668696000,30.411696044921875,0.31993380188941956,-1.0323219299316406,-0.04643487557768822
1780626063678691000,30.421691162109376,-0.02834775112569332,-0.9561560750007629,0.010289122350513935
1780626063688686000,30.43168603515625,-0.5784987807273865,-1.0113548040390015,-0.022459769621491432
1780626063698682000,30.44168212890625,-0.8746510744094849,-0.8725855350494385,0.06609566509723663
1780626063708677400,30.451677490234374,-0.8658458590507507,-0.49329572916030884,0.2964489758014679
1780626063718672400,30.46167236328125,-0.718112587928772,-0.20835986733436584,0.38689419627189636
1780626063728667100,30.471667236328123,-0.4647948443889618,0.3593997061252594,0.5265862941741943
1780626063738663200,30.4816630859375,-0.21562710404396057,0.6462019085884094,0.650646984577179
1780626063748658200,30.491658203125,-0.11032970249652863,0.7416262030601501,0.7083715200424194
1780626063758653200,30.501653076171873,0.09185295552015305,0.7042891979217529,0.8137270212173462
1780626063768648200,30.511648193359374,0.30965080857276917,0.4717020094394684,0.7239989638328552
1780626063778644000,30.52164404296875,0.5110422372817993,0.3030581474304199,0.47362402081489563
1780626063788639000,30.531638916015623,0.747321367263794,0.22714047133922577,0.22574551403522491
1780626063798634200,30.54163427734375,0.8344735503196716,0.26155757904052734,-0.019300993531942368
1780626063808629200,30.551629150390625,0.8529404401779175,0.30328530073165894,-0.2384818196296692
1780626063818625300,30.561625244140625,0.794329047203064,0.17632070183753967,-0.5712331533432007
1780626063828620300,30.571620361328126,0.5824894905090332,-0.04951508715748787,-0.8602330088615417
1780626063838615300,30.581615234375,0.2865457534790039,-0.3901483118534088,-1.022567868232727
1780626063848610000,30.591610107421875,0.08084451407194138,-0.6971333026885986,-1.0157924890518188
1780626063858605000,30.60160498046875,0.020245617255568504,-0.9010288715362549,-0.8530043363571167
1780626063868601000,30.61160107421875,0.04645511507987976,-0.8884432911872864,-0.5181968212127686
1780626063878596000,30.62159619140625,0.10720182210206985,-0.9237523078918457,-0.22058643400669098
1780626063888591400,30.63159130859375,0.05915093794465065,-0.7639445066452026,-0.017110010609030724
1780626063898586400,30.64158642578125,-0.08284641057252884,-0.7406690120697021,-0.022901320829987526
1780626063908582100,30.65158203125,-0.2562711834907532,-0.8047041893005371,-0.1573701798915863
1780626063918577200,30.6615771484375,-0.34673210978507996,-0.6966059803962708,-0.2803610861301422
1780626063928572200,30.671572265625,-0.2863742411136627,-0.4651319980621338,-0.32946550846099854
1780626063938567200,30.681567138671873,-0.20308014750480652,-0.3315108120441437,-0.39342665672302246
1780626063948563200,30.691563232421874,-0.17772099375724792,-0.21593043208122253,-0.37914279103279114
1780626063958558200,30.70155810546875,-0.16150526702404022,-0.024473650380969048,-0.26100337505340576
1780626063968553000,30.711552978515623,-0.1971234530210495,0.2594483494758606,-0.14002901315689087
1780626063978548200,30.72154833984375,-0.21590885519981384,0.6728372573852539,-0.08657617121934891
1780626063988544300,30.731544189453125,-0.155877485871315,1.138761043548584,-0.15026913583278656
1780626063998539300,30.741539306640625,-0.055450741201639175,1.417311429977417,-0.22272388637065887
1780626064008534300,30.7515341796875,0.09186680614948273,1.43816077709198,-0.19538041949272156
1780626064018529300,30.761529296875,0.22613060474395752,1.3027441501617432,0.014223144389688969
1780626064028525000,30.771525146484375,0.2625139057636261,1.2995195388793945,0.3467944264411926
1780626064038520000,30.78152001953125,0.22016219794750214,1.35140061378479,0.5874137282371521
1780626064048515000,30.79151513671875,0.20261675119400024,1.490844488143921,0.6344538927078247
1780626064058510000,30.801510009765625,0.1872154325246811,1.7299505472183228,0.5355627536773682
1780626064068505300,30.81150537109375,0.20729699730873108,1.9159939289093018,0.3693021535873413
1780626064078501000,30.821501220703126,0.21535038948059082,1.931199550628662,0.13626809418201447
1780626064088496000,30.83149609375,0.19559507071971893,1.793607234954834,-0.07994037121534348
1780626064098491100,30.8414912109375,0.2793099284172058,1.5017578601837158,-0.20827171206474304
1780626064108486100,30.851486083984376,0.5126598477363586,1.273174524307251,-0.1816108077764511
1780626064118482200,30.861482177734374,0.7660191059112549,1.4291014671325684,0.02978825569152832
1780626064128477200,30.871477294921874,0.9698628187179565,1.9023090600967407,0.3491443991661072
1780626064138472200,30.88147216796875,1.095887303352356,2.3405797481536865,0.5969683527946472
1780626064148467000,30.891467041015623,1.1119006872177124,2.4246952533721924,0.6054619550704956
1780626064158463200,30.901463134765624,1.00517737865448,2.355241298675537,0.3779321312904358
1780626064168458200,30.911458251953125,0.8401487469673157,2.0716066360473633,-0.028630046173930168
1780626064178453200,30.921453369140625,0.6528190970420837,1.4952589273452759,-0.5609109997749329
1780626064188448300,30.9314482421875,0.3200027644634247,0.8909488320350647,-1.043821930885315
1780626064198444000,30.941444091796875,-0.192305788397789,0.44307464361190796,-1.340747356414795
1780626064208439000,30.95143896484375,-0.7063068151473999,0.18490193784236908,-1.4866422414779663
1780626064218434000,30.96143408203125,-1.1164109706878662,0.12546205520629883,-1.5281212329864502
1780626064228429000,30.971428955078125,-1.2236602306365967,0.34457284212112427,-1.372162103652954
1780626064238425300,30.98142529296875,-0.8677995800971985,0.7256360054016113,-0.9476496577262878
1780626064248420400,30.99142041015625,-0.336306631565094,0.8470958471298218,-0.39053258299827576
1780626064258415000,31.0014150390625,-0.046417564153671265,0.7186843752861023,0.040346890687942505
1780626064268410000,31.01141015625,-0.013911021873354912,0.47116193175315857,0.24687770009040833
1780626064278406100,31.02140625,-0.12113015353679657,0.15543194115161896,0.24231863021850586
1780626064288401200,31.031401123046876,-0.22688613831996918,0.023628097027540207,0.18658478558063507
1780626064298396200,31.041396240234373,-0.25760170817375183,0.13196389377117157,0.19424377381801605
1780626064308391200,31.05139111328125,-0.21926471590995789,0.34191739559173584,0.22129377722740173
1780626064318386200,31.06138623046875,-0.17419017851352692,0.4414362609386444,0.2137218713760376
1780626064328382200,31.07138232421875,-0.19253136217594147,0.39969706535339355,0.2016172707080841
1780626064338377200,31.081377197265624,-0.2649371325969696,0.21612191200256348,0.21056869626045227
1780626064348372200,31.091372314453125,-0.36112332344055176,-0.040821198374032974,0.2620167136192322
1780626064358367200,31.1013671875,-0.43776029348373413,-0.1639828085899353,0.3587877154350281
1780626064368363300,31.11136328125,-0.47175687551498413,-0.06580351293087006,0.44619399309158325
1780626064378358000,31.12135791015625,-0.4795442223548889,0.05824919044971466,0.4616171717643738
1780626064388353000,31.13135302734375,-0.5143522620201111,0.09479894489049911,0.37912654876708984
1780626064398348000,31.14134814453125,-0.5871114134788513,-0.0246688611805439,0.17280159890651703
1780626064408344300,31.15134423828125,-0.6626213788986206,-0.1517525166273117,-0.01714196801185608
1780626064418339300,31.16133935546875,-0.7027394771575928,-0.28074777126312256,-0.16618923842906952
1780626064428334300,31.171334228515626,-0.710557222366333,-0.4082269072532654,-0.26813530921936035
1780626064438329300,31.181329345703126,-0.8154007792472839,-0.6002274751663208,-0.4408482313156128
1780626064448325000,31.1913251953125,-0.8767509460449219,-0.6442024111747742,-0.5725048184394836
1780626064458320100,31.201320068359376,-0.837352991104126,-0.42837879061698914,-0.5019861459732056
1780626064468315100,31.211315185546876,-0.8403924107551575,-0.15868444740772247,-0.3834714889526367
1780626064478311000,31.221310791015625,-0.8866528868675232,0.03532363474369049,-0.3463939130306244
1780626064488307000,31.231306884765626,-0.8067787885665894,0.13133752346038818,-0.32267817854881287
1780626064498302000,31.241302001953127,-0.6928903460502625,0.3122119605541229,-0.23906850814819336
1780626064508297000,31.251296875,-0.6820496916770935,0.34480932354927063,-0.2676761746406555
1780626064518292000,31.2612919921875,-0.6829506158828735,0.3171209692955017,-0.39537155628204346
1780626064528287000,31.271286865234377,-0.5591024160385132,0.42142900824546814,-0.5386608242988586
1780626064538282800,31.28128271484375,-0.3580138087272644,0.49992141127586365,-0.8182613253593445
1780626064548277800,31.29127783203125,-0.23536618053913116,0.559181809425354,-1.1213465929031372
1780626064558272800,31.301272705078127,-0.13939598202705383,0.6212001442909241,-1.2732315063476562
1780626064568267800,31.311267822265624,-0.03392920643091202,0.6710841059684753,-1.3383097648620605
1780626064578264000,31.32126416015625,0.06926722079515457,0.7209102511405945,-1.3985188007354736
1780626064588259000,31.331259033203125,0.12953482568264008,0.8158588409423828,-1.5439367294311523
1780626064598254000,31.341254150390625,0.1818462312221527,0.8637645840644836,-1.7264248132705688
1780626064608248800,31.351248779296874,0.21921411156654358,0.8409495949745178,-1.873757004737854
1780626064618244900,31.361244873046875,0.22900602221488953,0.9070891737937927,-1.889297366142273
1780626064628240000,31.371239990234375,0.2634665369987488,0.9880551099777222,-1.7583260536193848
1780626064638235000,31.38123486328125,0.33561235666275024,1.1370360851287842,-1.493385910987854
1780626064648230000,31.39122998046875,0.45378240942955017,1.1261935234069824,-1.1459424495697021
1780626064658226000,31.401225830078126,0.5693238973617554,1.1001720428466797,-0.8097237348556519
1780626064668221000,31.411220947265626,0.6721624135971069,1.2101407051086426,-0.6110321879386902
1780626064678216000,31.4212158203125,0.7973216772079468,1.3829950094223022,-0.5592761039733887
1780626064688211000,31.4312109375,0.9384204745292664,1.5894299745559692,-0.5945352911949158
1780626064698206000,31.4412060546875,1.1259129047393799,1.7487928867340088,-0.6305595636367798
1780626064708202000,31.451201904296877,1.3866959810256958,1.8166511058807373,-0.5870376825332642
1780626064718197000,31.461197021484374,1.577657699584961,1.6947678327560425,-0.508683443069458
1780626064728191700,31.471191650390626,1.6804327964782715,1.5495003461837769,-0.44373056292533875
1780626064738186800,31.481186767578127,1.6669100522994995,1.4427109956741333,-0.3948756754398346
1780626064748183000,31.49118310546875,1.6000550985336304,1.3617949485778809,-0.4108743667602539
1780626064758178000,31.501177978515624,1.4311436414718628,1.338856816291809,-0.48287904262542725
1780626064768173000,31.511173095703125,1.3029206991195679,1.0581958293914795,-0.655947208404541
1780626064778168000,31.52116796875,1.2163809537887573,0.775198757648468,-0.830714225769043
1780626064788163800,31.531163818359374,1.1708589792251587,0.7000052332878113,-0.8831140398979187
1780626064798158800,31.541158935546875,1.1088923215866089,0.6164301633834839,-0.851329505443573
1780626064808153900,31.55115380859375,1.039338231086731,0.5229060649871826,-0.7439210414886475
1780626064818148900,31.56114892578125,0.9417456984519958,0.33718761801719666,-0.6670427322387695
1780626064828145200,31.571145263671873,0.7981839776039124,0.12287825345993042,-0.6587994694709778
