time,seconds_elapsed,z,y,x
1780625218807826000,0.051825927734375,-0.7309722900390625,-0.4154205322265625,-0.3449249267578125
1780625218817855000,0.06185498046875,-0.78814697265625,-0.4129486083984375,-0.346435546875
1780625218827883800,0.0718837890625,-0.8507537841796875,-0.38507080078125,-0.3337860107421875
1780625218837913900,0.081913818359375,-0.91339111328125,-0.3566131591796875,-0.336273193359375
1780625218847943000,0.09194287109375,-0.95281982421875,-0.3259735107421875,-0.3462066650390625
1780625218857971700,0.1019716796875,-0.9459228515625,-0.3123931884765625,-0.3484954833984375
1780625218868000800,0.112000732421875,-0.90557861328125,-0.327178955078125,-0.342071533203125
1780625218878030800,0.12203076171875,-0.85272216796875,-0.345306396484375,-0.3205718994140625
1780625218888060000,0.132059814453125,-0.7881927490234375,-0.3760986328125,-0.29766845703125
1780625218898088700,0.142088623046875,-0.7271728515625,-0.40631103515625,-0.2812957763671875
1780625218908117800,0.15211767578125,-0.6735382080078125,-0.4372711181640625,-0.2529754638671875
1780625218918147800,0.16214794921875,-0.6341094970703125,-0.45721435546875,-0.2112274169921875
1780625218928177000,0.172177001953125,-0.664215087890625,-0.405670166015625,-0.20721435546875
1780625218938205700,0.182205810546875,-0.8311614990234375,-0.269134521484375,-0.250396728515625
1780625218948235800,0.19223583984375,-0.996246337890625,-0.23291015625,-0.2103271484375
1780625218958264800,0.202264892578125,-0.958740234375,-0.2288970947265625,-0.1966400146484375
1780625218968293600,0.212293701171875,-0.88385009765625,-0.2670135498046875,-0.1904449462890625
1780625218978322700,0.22232275390625,-0.8306732177734375,-0.310211181640625,-0.171539306640625
1780625218988352800,0.232352783203125,-0.7595672607421875,-0.3656463623046875,-0.14422607421875
1780625218998381800,0.2423818359375,-0.673248291015625,-0.4139251708984375,-0.1241607666015625
1780625219008410600,0.25241064453125,-0.6011810302734375,-0.467132568359375,-0.098480224609375
1780625219018440700,0.262440673828125,-0.596038818359375,-0.514801025390625,-0.06524658203125
1780625219028469800,0.2724697265625,-0.6527099609375,-0.4615478515625,-0.063385009765625
1780625219038498800,0.282498779296875,-0.81805419921875,-0.4385528564453125,-0.0831451416015625
1780625219048527600,0.292527587890625,-0.9621734619140625,-0.4065704345703125,-0.11767578125
1780625219058557700,0.3025576171875,-1.079315185546875,-0.33514404296875,-0.1577301025390625
1780625219068586800,0.312586669921875,-1.1565399169921875,-0.264434814453125,-0.190887451171875
1780625219078615600,0.322615478515625,-1.1706085205078125,-0.2152252197265625,-0.199066162109375
1780625219088645600,0.332645751953125,-1.1415863037109375,-0.199493408203125,-0.1787567138671875
1780625219098674700,0.3426748046875,-1.0654754638671875,-0.2155609130859375,-0.13958740234375
1780625219108703700,0.352703857421875,-0.9922027587890625,-0.240692138671875,-0.0971832275390625
1780625219118732800,0.36273291015625,-0.9574432373046875,-0.27191162109375,-0.072174072265625
1780625219128762600,0.3727626953125,-0.9602203369140625,-0.3129425048828125,-0.0572052001953125
1780625219138791700,0.382791748046875,-1.014862060546875,-0.338531494140625,-0.06854248046875
1780625219148821000,0.392821044921875,-1.118255615234375,-0.37115478515625,-0.08551025390625
1780625219158849800,0.402849853515625,-1.2485809326171875,-0.3596343994140625,-0.1132965087890625
1780625219168879900,0.4128798828125,-1.3491058349609375,-0.321136474609375,-0.1475830078125
1780625219178909000,0.422908935546875,-1.339202880859375,-0.2626800537109375,-0.1925811767578125
1780625219188937700,0.432937744140625,-1.32818603515625,-0.2089080810546875,-0.25177001953125
1780625219198967800,0.4429677734375,-1.3091888427734375,-0.1940460205078125,-0.28875732421875
1780625219208996900,0.452996826171875,-1.2564849853515625,-0.250823974609375,-0.2812957763671875
1780625219219026000,0.46302587890625,-1.1647186279296875,-0.263763427734375,-0.2837677001953125
1780625219229054700,0.4730546875,-1.0897216796875,-0.2500457763671875,-0.2773284912109375
1780625219239084800,0.483084716796875,-1.0598602294921875,-0.27008056640625,-0.242279052734375
1780625219249113900,0.49311376953125,-1.03277587890625,-0.2698974609375,-0.2222442626953125
1780625219259143000,0.503142822265625,-1.037994384765625,-0.270721435546875,-0.1866607666015625
1780625219269172700,0.5131728515625,-1.0011749267578125,-0.2820587158203125,-0.089447021484375
1780625219279201800,0.523201904296875,-0.98651123046875,-0.257904052734375,-0.0682220458984375
1780625219289230800,0.53323095703125,-1.013275146484375,-0.2198944091796875,-0.131103515625
1780625219299260000,0.543260009765625,-1.045684814453125,-0.204345703125,-0.2024078369140625
1780625219309289700,0.553289794921875,-1.0464630126953125,-0.2292938232421875,-0.2482757568359375
1780625219319318800,0.56331884765625,-1.016265869140625,-0.3218536376953125,-0.2482452392578125
1780625219329349000,0.57334912109375,-0.980377197265625,-0.3722076416015625,-0.20611572265625
1780625219339379000,0.58337890625,-0.9425048828125,-0.3238677978515625,-0.1717681884765625
1780625219349408000,0.593407958984375,-0.9296722412109375,-0.2648162841796875,-0.1565093994140625
1780625219359437000,0.60343701171875,-0.8761749267578125,-0.2196197509765625,-0.1431732177734375
1780625219369466000,0.613466064453125,-0.7850189208984375,-0.1981048583984375,-0.129302978515625
1780625219379496000,0.623495849609375,-0.7010955810546875,-0.2036590576171875,-0.1179046630859375
1780625219389525000,0.63352490234375,-0.64849853515625,-0.2538299560546875,-0.117279052734375
1780625219399554000,0.643553955078125,-0.6147308349609375,-0.3236541748046875,-0.0968475341796875
1780625219409584000,0.653584228515625,-0.6665802001953125,-0.370452880859375,-0.078338623046875
1780625219419613000,0.663613037109375,-0.7317657470703125,-0.3617401123046875,-0.082183837890625
1780625219429642000,0.67364208984375,-0.7893829345703125,-0.343841552734375,-0.051300048828125
1780625219439671000,0.683671142578125,-0.85528564453125,-0.3299407958984375,-0.0330810546875
1780625219449700900,0.693700927734375,-0.8643951416015625,-0.28729248046875,-0.0421905517578125
1780625219459730000,0.70372998046875,-0.8858795166015625,-0.218414306640625,-0.08837890625
1780625219469759000,0.713759033203125,-0.939605712890625,-0.21795654296875,-0.135833740234375
1780625219479789000,0.7237890625,-0.92974853515625,-0.203338623046875,-0.221160888671875
1780625219489817900,0.73381787109375,-0.95147705078125,-0.242706298828125,-0.277099609375
1780625219499847000,0.743846923828125,-0.97137451171875,-0.288177490234375,-0.2925262451171875
1780625219509876000,0.7538759765625,-0.970794677734375,-0.292022705078125,-0.300994873046875
1780625219519906000,0.763906005859375,-0.9478912353515625,-0.29754638671875,-0.296905517578125
1780625219529934800,0.773934814453125,-0.87518310546875,-0.3211517333984375,-0.272369384765625
1780625219539964000,0.7839638671875,-0.821502685546875,-0.345947265625,-0.2210540771484375
1780625219549994000,0.793993896484375,-0.798095703125,-0.365936279296875,-0.179046630859375
1780625219560022800,0.804022705078125,-0.8212127685546875,-0.350830078125,-0.1706390380859375
1780625219570051800,0.8140517578125,-0.8340606689453125,-0.3145751953125,-0.186004638671875
1780625219580081000,0.824080810546875,-0.8839263916015625,-0.307403564453125,-0.2189788818359375
1780625219590111000,0.834111083984375,-0.9571533203125,-0.330780029296875,-0.2665863037109375
1780625219600139800,0.844139892578125,-1.0262603759765625,-0.353240966796875,-0.3125457763671875
1780625219610168800,0.8541689453125,-1.074249267578125,-0.34814453125,-0.354217529296875
1780625219620199000,0.864198974609375,-1.0793914794921875,-0.3283843994140625,-0.3782196044921875
1780625219630228000,0.87422802734375,-1.0241241455078125,-0.29656982421875,-0.3777008056640625
1780625219640256800,0.8842568359375,-0.9262847900390625,-0.2639923095703125,-0.3545684814453125
1780625219650286800,0.894286865234375,-0.82708740234375,-0.2505950927734375,-0.307525634765625
1780625219660316000,0.90431591796875,-0.752349853515625,-0.2508392333984375,-0.25494384765625
1780625219670345000,0.914344970703125,-0.73162841796875,-0.2569732666015625,-0.1941375732421875
1780625219680374000,0.9243740234375,-0.7581329345703125,-0.239501953125,-0.17938232421875
1780625219690403800,0.93440380859375,-0.814361572265625,-0.1767578125,-0.220428466796875
1780625219700433000,0.944432861328125,-0.8705902099609375,-0.154693603515625,-0.2655792236328125
1780625219710462000,0.9544619140625,-0.919403076171875,-0.1639556884765625,-0.298309326171875
1780625219720491800,0.96449169921875,-0.9686737060546875,-0.1684417724609375,-0.319305419921875
1780625219730521000,0.97452099609375,-0.9986114501953125,-0.1819305419921875,-0.3279266357421875
1780625219740550100,0.984550048828125,-0.994384765625,-0.1955413818359375,-0.3196258544921875
1780625219750579000,0.994578857421875,-0.9625701904296875,-0.2078094482421875,-0.2879638671875
1780625219760609000,1.004609130859375,-0.917877197265625,-0.214111328125,-0.2495880126953125
1780625219770638000,1.01463818359375,-0.884124755859375,-0.2017059326171875,-0.2295379638671875
1780625219780667100,1.024667236328125,-0.8709259033203125,-0.1855621337890625,-0.2237396240234375
1780625219790697000,1.034697021484375,-0.861328125,-0.1758575439453125,-0.219818115234375
1780625219800726000,1.04472607421875,-0.8569183349609375,-0.146636962890625,-0.227508544921875
1780625219810755000,1.054755126953125,-0.861175537109375,-0.114013671875,-0.250732421875
1780625219820783900,1.064783935546875,-0.8847198486328125,-0.0981292724609375,-0.2806549072265625
1780625219830814000,1.07481396484375,-0.928985595703125,-0.1259002685546875,-0.318695068359375
1780625219840843000,1.084843017578125,-0.9710235595703125,-0.1713714599609375,-0.344818115234375
1780625219850872000,1.0948720703125,-1.0029296875,-0.2154998779296875,-0.357086181640625
1780625219860902000,1.10490185546875,-1.0067291259765625,-0.238616943359375,-0.346893310546875
1780625219870931000,1.114930908203125,-0.97821044921875,-0.2355194091796875,-0.3174285888671875
1780625219880960000,1.1249599609375,-0.92987060546875,-0.223541259765625,-0.2879638671875
1780625219890990000,1.134989990234375,-0.8856201171875,-0.219940185546875,-0.277923583984375
1780625219901019000,1.145018798828125,-0.8495025634765625,-0.2211761474609375,-0.2787322998046875
1780625219911048000,1.1550478515625,-0.8259429931640625,-0.2219390869140625,-0.3058929443359375
1780625219921077000,1.165076904296875,-0.876953125,-0.2393341064453125,-0.33489990234375
1780625219931107000,1.175107177734375,-0.946868896484375,-0.248748779296875,-0.332000732421875
1780625219941136000,1.185135986328125,-0.972564697265625,-0.25103759765625,-0.304718017578125
1780625219951165000,1.1951650390625,-0.9494476318359375,-0.2492828369140625,-0.2527313232421875
1780625219961195000,1.205195068359375,-0.900848388671875,-0.2238311767578125,-0.21063232421875
1780625219971223800,1.215223876953125,-0.8577117919921875,-0.203277587890625,-0.1827392578125
1780625219981252900,1.2252529296875,-0.8324432373046875,-0.1919097900390625,-0.1768646240234375
1780625219991282000,1.235281982421875,-0.834991455078125,-0.171051025390625,-0.1840057373046875
1780625220001312000,1.24531201171875,-0.8675384521484375,-0.1534271240234375,-0.2034759521484375
1780625220011340800,1.2553408203125,-0.934417724609375,-0.16937255859375,-0.2431640625
1780625220021369900,1.265369873046875,-1.00408935546875,-0.1879119873046875,-0.25347900390625
1780625220031400000,1.27539990234375,-1.01800537109375,-0.186553955078125,-0.245391845703125
1780625220041429000,1.285428955078125,-1.01544189453125,-0.1939697265625,-0.22015380859375
1780625220051457800,1.295457763671875,-0.9836578369140625,-0.1773834228515625,-0.19757080078125
1780625220061487900,1.30548779296875,-0.9405364990234375,-0.152862548828125,-0.1715545654296875
1780625220071517000,1.315516845703125,-0.9087677001953125,-0.13031005859375,-0.1504974365234375
1780625220081546000,1.3255458984375,-0.88336181640625,-0.11114501953125,-0.1455078125
1780625220091574800,1.33557470703125,-0.8679962158203125,-0.09283447265625,-0.1517486572265625
1780625220101604900,1.34560498046875,-0.8822021484375,-0.08514404296875,-0.1766204833984375
1780625220111634000,1.355634033203125,-0.909027099609375,-0.08514404296875,-0.2025299072265625
1780625220121663000,1.3656630859375,-0.939910888671875,-0.0763092041015625,-0.2455596923828125
1780625220131692800,1.37569287109375,-1.006134033203125,-0.1035003662109375,-0.287811279296875
1780625220141721900,1.385721923828125,-1.052978515625,-0.1330718994140625,-0.30108642578125
1780625220151751200,1.395751220703125,-1.0694122314453125,-0.140716552734375,-0.29901123046875
1780625220161780700,1.40578076171875,-1.09674072265625,-0.123626708984375,-0.290863037109375
1780625220171809800,1.415809814453125,-1.113372802734375,-0.064300537109375,-0.2774200439453125
1780625220181839000,1.425839111328125,-1.0970916748046875,0.0169219970703125,-0.2563629150390625
1780625220191868200,1.4358681640625,-1.05084228515625,0.0912933349609375,-0.2534332275390625
1780625220201898000,1.44589794921875,-1.01800537109375,0.1255645751953125,-0.26116943359375
1780625220211927000,1.455927001953125,-0.979278564453125,0.1346435546875,-0.2899169921875
1780625220221956000,1.4659560546875,-0.9048309326171875,0.110321044921875,-0.305633544921875
1780625220231986000,1.47598583984375,-0.838043212890625,0.1095123291015625,-0.287109375
1780625220242015000,1.486014892578125,-0.8270111083984375,0.18109130859375,-0.3043670654296875
1780625220252044000,1.4960439453125,-0.811798095703125,0.1992340087890625,-0.3048858642578125
1780625220262073000,1.506072998046875,-0.7636260986328125,0.1802978515625,-0.2716064453125
1780625220272103000,1.51610302734375,-0.6656494140625,0.1875762939453125,-0.2807464599609375
1780625220282132000,1.526132080078125,-0.6256561279296875,0.146209716796875,-0.2660064697265625
1780625220292161000,1.5361611328125,-0.6703338623046875,0.2012939453125,-0.2717132568359375
1780625220302191000,1.546191162109375,-0.7414703369140625,0.2943267822265625,-0.3198699951171875
1780625220312220000,1.556219970703125,-0.8574676513671875,0.3462066650390625,-0.385345458984375
1780625220322249000,1.5662490234375,-0.8982391357421875,0.3897857666015625,-0.423675537109375
1780625220332277800,1.57627783203125,-0.8716583251953125,0.3780364990234375,-0.4396209716796875
1780625220342306600,1.586306640625,-0.8408050537109375,0.3377227783203125,-0.4547882080078125
1780625220352335600,1.596335693359375,-0.7964019775390625,0.3228912353515625,-0.4769439697265625
1780625220362364700,1.60636474609375,-0.753997802734375,0.318572998046875,-0.52545166015625
1780625220372394500,1.61639453125,-0.748870849609375,0.361236572265625,-0.561279296875
1780625220382423600,1.626423583984375,-0.7762908935546875,0.4652252197265625,-0.628326416015625
1780625220392452600,1.63645263671875,-0.766571044921875,0.5579681396484375,-0.7032928466796875
1780625220402482700,1.646482666015625,-0.7268524169921875,0.643157958984375,-0.7527008056640625
1780625220412511500,1.656511474609375,-0.5677337646484375,0.8757171630859375,-0.7601776123046875
1780625220422540500,1.66654052734375,-0.1903228759765625,0.9899139404296875,-0.7104644775390625
1780625220432570600,1.676570556640625,-0.60113525390625,0.575164794921875,-0.8395233154296875
1780625220442599700,1.686599609375,-0.599029541015625,0.596832275390625,-0.986328125
1780625220452628700,1.696628662109375,-0.5811309814453125,0.7347412109375,-1.0796966552734375
1780625220462657800,1.70665771484375,-0.54840087890625,0.789825439453125,-1.1023101806640625
1780625220472687600,1.7166875,-0.487762451171875,0.879730224609375,-1.004791259765625
1780625220482716700,1.726716552734375,-0.4052581787109375,1.025482177734375,-0.9087066650390625
1780625220492745700,1.736745849609375,-0.24981689453125,1.1716156005859375,-0.7848663330078125
1780625220502775600,1.746775634765625,-0.0781707763671875,1.2695770263671875,-0.669281005859375
1780625220512804900,1.756804931640625,0.015594482421875,1.336822509765625,-0.615081787109375
1780625220522833700,1.766833740234375,-0.0454559326171875,1.471954345703125,-0.6546173095703125
1780625220532863700,1.77686376953125,-0.152679443359375,1.62310791015625,-0.7505950927734375
1780625220542892800,1.786892822265625,-0.19317626953125,1.704254150390625,-0.7734832763671875
1780625220552921900,1.796921875,-0.23822021484375,1.7051849365234375,-0.7619171142578125
1780625220562951700,1.80695166015625,-0.3454742431640625,1.699249267578125,-0.7948455810546875
1780625220572980700,1.816980712890625,-0.4693450927734375,1.6745452880859375,-0.863189697265625
1780625220583009800,1.827009765625,-0.489166259765625,1.594268798828125,-0.9730987548828125
1780625220593038600,1.83703857421875,-0.449615478515625,1.4420013427734375,-1.1287994384765625
1780625220603068700,1.847068603515625,-0.452545166015625,1.2558135986328125,-1.3004913330078125
1780625220613097700,1.85709765625,-0.53314208984375,1.1345977783203125,-1.64093017578125
1780625220623126800,1.867126708984375,-0.6680450439453125,1.0102081298828125,-2.19342041015625
1780625220633156900,1.877156982421875,-0.87823486328125,0.645751953125,-2.90289306640625
1780625220643185700,1.887185546875,-0.9832000732421875,0.1407928466796875,-3.5864105224609375
1780625220653214700,1.897214599609375,-0.77972412109375,-0.3500518798828125,-4.0798492431640625
1780625220663244800,1.907244873046875,-0.4191741943359375,-0.8000946044921875,-4.2100830078125
1780625220673273600,1.917273681640625,-0.003387451171875,-0.9844207763671875,-4.0679779052734375
1780625220683302700,1.927302734375,0.380584716796875,-0.8579559326171875,-3.7474212646484375
1780625220693331700,1.937331787109375,0.7314605712890625,-0.6744842529296875,-3.373504638671875
1780625220703361800,1.94736181640625,1.0604248046875,-0.5289306640625,-3.0089263916015625
1780625220713390600,1.957390625,1.239654541015625,-0.42327880859375,-2.6097259521484375
1780625220723419600,1.967419677734375,1.3012237548828125,-0.328094482421875,-2.2373504638671875
1780625220733449700,1.97744970703125,1.2027740478515625,-0.2625579833984375,-1.971588134765625
1780625220743478800,1.987478759765625,0.9796905517578125,-0.167022705078125,-1.754669189453125
1780625220753507600,1.997507568359375,0.74322509765625,-0.0071563720703125,-1.5697021484375
1780625220763537700,2.00753759765625,0.5423583984375,0.2068939208984375,-1.421356201171875
1780625220773566700,2.017566650390625,0.381622314453125,0.572845458984375,-1.1293487548828125
1780625220783595500,2.027595458984375,0.2042388916015625,1.237396240234375,-0.338165283203125
1780625220793625600,2.03762548828125,0.017791748046875,1.3307647705078125,0.0933380126953125
1780625220803654700,2.047654541015625,-0.100677490234375,1.1009521484375,-0.082366943359375
1780625220813683700,2.05768359375,-0.2366485595703125,0.84625244140625,-0.4390106201171875
1780625220823712500,2.06771240234375,-0.3673858642578125,0.86431884765625,-0.5250701904296875
1780625220833742600,2.07774267578125,-0.3636322021484375,1.334503173828125,-0.2234039306640625
1780625220843771600,2.087771728515625,-0.2924346923828125,1.7284393310546875,0.34881591796875
1780625220853800700,2.09780078125,-0.1437530517578125,1.6088714599609375,0.444488525390625
1780625220863830500,2.10783056640625,-0.1287994384765625,1.85906982421875,0.4979400634765625
1780625220873859600,2.117859619140625,-0.06109619140625,1.6259918212890625,0.5068817138671875
1780625220883888600,2.127888671875,0.1750030517578125,1.3107452392578125,0.29254150390625
1780625220893918700,2.137918701171875,0.5928802490234375,0.821319580078125,0.048797607421875
1780625220903947500,2.147947509765625,0.893096923828125,0.483612060546875,-0.2415008544921875
1780625220913976600,2.1579765625,1.0115509033203125,0.493499755859375,-0.3604888916015625
1780625220924006700,2.168006591796875,0.99505615234375,0.57745361328125,-0.38006591796875
1780625220934035500,2.178035400390625,0.79864501953125,0.7432403564453125,-0.5162506103515625
1780625220944064500,2.188064453125,0.53363037109375,0.8506927490234375,-0.7105865478515625
1780625220954093600,2.198093505859375,0.267425537109375,0.823455810546875,-0.9423980712890625
1780625220964123600,2.20812353515625,0.085906982421875,0.728424072265625,-1.149200439453125
1780625220974152400,2.21815234375,-0.1359710693359375,0.68017578125,-1.3151702880859375
1780625220984181800,2.228181640625,-0.4021148681640625,0.700225830078125,-1.3928375244140625
1780625220994211600,2.238211669921875,-0.59234619140625,0.6994171142578125,-1.472412109375
1780625221004240600,2.24824072265625,-0.7720794677734375,0.52386474609375,-1.506103515625
1780625221014269700,2.258269775390625,-0.509674072265625,0.7479248046875,-1.3985748291015625
1780625221024299500,2.268299560546875,-0.0599822998046875,1.098175048828125,-1.342987060546875
1780625221034328600,2.27832861328125,0.0133514404296875,1.005462646484375,-1.170989990234375
1780625221044358000,2.28835791015625,0.1306915283203125,0.9842681884765625,-0.965911865234375
1780625221054387500,2.298387451171875,0.0202178955078125,0.834136962890625,-0.891998291015625
1780625221064416800,2.308416748046875,0.00885009765625,0.7030029296875,-0.81622314453125
1780625221074445800,2.31844580078125,-0.0887451171875,0.7845916748046875,-0.7642822265625
1780625221084474600,2.328474609375,-0.2513427734375,0.863372802734375,-0.7567596435546875
1780625221094504700,2.338504638671875,-0.2789154052734375,1.0203399658203125,-0.700225830078125
1780625221104533800,2.34853369140625,-0.263427734375,1.081756591796875,-0.5891876220703125
1780625221114562800,2.358562744140625,-0.1945953369140625,1.0460052490234375,-0.524993896484375
1780625221124592600,2.368592529296875,-0.0497283935546875,0.96337890625,-0.5037689208984375
1780625221134621700,2.37862158203125,0.142333984375,0.81878662109375,-0.5183563232421875
1780625221144650800,2.388650634765625,0.108978271484375,0.7448272705078125,-0.6097412109375
1780625221154680800,2.398680908203125,0.0264129638671875,0.7586669921875,-0.711212158203125
1780625221164709600,2.408709716796875,0.014678955078125,0.7413330078125,-0.7667083740234375
1780625221174738700,2.41873876953125,-0.0045013427734375,0.67095947265625,-0.7394866943359375
1780625221184768800,2.428768798828125,-0.0302886962890625,0.5778656005859375,-0.683624267578125
1780625221194797800,2.4387978515625,-0.08392333984375,0.4312286376953125,-0.5749359130859375
1780625221204826600,2.44882666015625,-0.222503662109375,0.256317138671875,-0.496612548828125
1780625221214856700,2.458856689453125,-0.2435760498046875,0.213226318359375,-0.436004638671875
1780625221224885800,2.4688857421875,-0.1949462890625,0.20904541015625,-0.4025421142578125
1780625221234914600,2.47891455078125,-0.09661865234375,0.230926513671875,-0.3680877685546875
1780625221244943600,2.488943603515625,0.005401611328125,0.2867431640625,-0.36083984375
1780625221254973700,2.4989736328125,0.0919342041015625,0.31622314453125,-0.342041015625
1780625221265002800,2.509002685546875,0.1005401611328125,0.308837890625,-0.263092041015625
1780625221275031600,2.519031494140625,0.02740478515625,0.281036376953125,-0.1931915283203125
1780625221285061600,2.5290615234375,-0.0708770751953125,0.3801422119140625,-0.1874542236328125
1780625221295090700,2.539090576171875,-0.06268310546875,0.4954681396484375,-0.16412353515625
1780625221305119700,2.54911962890625,0.0202178955078125,0.6945953369140625,-0.1373748779296875
1780625221315149600,2.559149658203125,-0.0371246337890625,1.2079010009765625,-0.1653900146484375
1780625221325179100,2.56917919921875,-0.247467041015625,1.7588958740234375,-0.2490386962890625
1780625221335208200,2.579208251953125,-0.1667938232421875,1.64312744140625,-0.0308380126953125
1780625221345238300,2.58923828125,0.00323486328125,1.560028076171875,0.127655029296875
1780625221355267000,2.59926708984375,0.1946868896484375,1.648193359375,0.2135162353515625
1780625221365296000,2.609296142578125,0.21014404296875,1.4272613525390625,0.335479736328125
1780625221375325200,2.6193251953125,0.2055206298828125,1.1384124755859375,0.4645843505859375
1780625221385355300,2.629355224609375,0.183502197265625,0.9042510986328125,0.559844970703125
1780625221395384000,2.639384033203125,0.0908660888671875,0.8191680908203125,0.549774169921875
1780625221405413000,2.6494130859375,0.04290771484375,0.882354736328125,0.470245361328125
1780625221415443200,2.659443115234375,0.0203857421875,1.02789306640625,0.376739501953125
1780625221425472300,2.66947216796875,0.008636474609375,1.156951904296875,0.2530059814453125
1780625221435501000,2.6795009765625,0.095062255859375,1.3082122802734375,0.1967010498046875
1780625221445531100,2.68953125,0.2137908935546875,1.4563751220703125,0.168121337890625
1780625221455560200,2.699560302734375,0.1322021484375,1.465179443359375,0.1171875
1780625221465589000,2.709589111328125,-0.0534210205078125,1.3629150390625,0.0460205078125
1780625221475619000,2.719619140625,-0.1452789306640625,1.2478790283203125,-0.0084991455078125
1780625221485648100,2.729648193359375,-0.1736297607421875,1.175750732421875,-0.050994873046875
1780625221495677200,2.73967724609375,-0.1823883056640625,1.134124755859375,-0.106536865234375
1780625221505707300,2.749707275390625,-0.1731414794921875,1.0697021484375,-0.1573944091796875
1780625221515736000,2.759736083984375,-0.147430419921875,0.9938201904296875,-0.1977691650390625
1780625221525765000,2.76976513671875,-0.1362152099609375,0.91192626953125,-0.240966796875
1780625221535795200,2.779795166015625,-0.15435791015625,0.7880859375,-0.2923583984375
1780625221545824000,2.789823974609375,-0.2422943115234375,0.840179443359375,-0.312896728515625
1780625221555853000,2.79985302734375,-0.202911376953125,0.9296112060546875,-0.3440093994140625
1780625221565882000,2.809882080078125,-0.10858154296875,1.01824951171875,-0.3665618896484375
1780625221575912200,2.819912109375,-0.05084228515625,1.1690216064453125,-0.3317108154296875
1780625221585941000,2.82994091796875,-0.0980682373046875,1.3512725830078125,-0.221221923828125
1780625221595970000,2.839969970703125,-0.1735382080078125,1.3637847900390625,-0.0776824951171875
1780625221606000000,2.850000244140625,-0.174163818359375,1.229034423828125,0.0465087890625
1780625221616029200,2.860029296875,-0.18280029296875,1.104583740234375,0.1368560791015625
1780625221626058000,2.87005810546875,-0.19659423828125,0.9974822998046875,0.2429656982421875
1780625221636088000,2.880088134765625,-0.22174072265625,0.9148712158203125,0.3249359130859375
1780625221646117000,2.8901171875,-0.2143096923828125,0.8413848876953125,0.369598388671875
1780625221656146200,2.900146240234375,-0.031829833984375,0.7640228271484375,0.357086181640625
1780625221666176000,2.910176025390625,0.2148284912109375,0.7565765380859375,0.286651611328125
1780625221676205000,2.920205078125,0.33209228515625,0.8454132080078125,0.18707275390625
1780625221686234000,2.930234130859375,0.2986602783203125,0.9478759765625,0.0909576416015625
1780625221696264200,2.94026416015625,0.2467803955078125,1.0101776123046875,0.0560760498046875
1780625221706293000,2.95029296875,0.1638031005859375,1.0448150634765625,0.063690185546875
1780625221716322300,2.960322265625,0.05828857421875,1.0758056640625,0.1101837158203125
1780625221726352100,2.97035205078125,0.0731658935546875,1.105987548828125,0.1696929931640625
1780625221736381000,2.980380859375,0.150238037109375,1.068939208984375,0.204833984375
1780625221746410200,2.99041015625,0.250396728515625,1.02618408203125,0.226409912109375
1780625221756439300,3.000439208984375,0.357208251953125,0.955474853515625,0.2216949462890625
1780625221766469000,3.01046923828125,0.3708648681640625,0.8753814697265625,0.19512939453125
1780625221776498200,3.020498291015625,0.305145263671875,0.8053436279296875,0.1670684814453125
1780625221786527200,3.03052734375,0.2601776123046875,0.7155914306640625,0.152130126953125
1780625221796557300,3.040557373046875,0.2493438720703125,0.6802215576171875,0.1389617919921875
1780625221806586400,3.05058642578125,0.2831573486328125,0.6764068603515625,0.095611572265625
1780625221816615200,3.060615234375,0.3142242431640625,0.662017822265625,0.048095703125
1780625221826645200,3.070645263671875,0.310821533203125,0.6891632080078125,0.0075531005859375
1780625221836674300,3.08067431640625,0.2832489013671875,0.7476654052734375,-0.0080718994140625
1780625221846703000,3.090703125,0.2485504150390625,0.8119659423828125,-0.0233154296875
1780625221856733200,3.100733154296875,0.2559051513671875,0.82037353515625,-0.0791168212890625
1780625221866762200,3.11076220703125,0.2856292724609375,0.8037567138671875,-0.142852783203125
1780625221876791300,3.120791259765625,0.286041259765625,0.8054046630859375,-0.1578369140625
1780625221886821400,3.1308212890625,0.2613983154296875,0.8322296142578125,-0.144256591796875
1780625221896850200,3.14085009765625,0.2441253662109375,0.8634033203125,-0.1235198974609375
1780625221906879200,3.150879150390625,0.223968505859375,0.90643310546875,-0.0790557861328125
1780625221916909300,3.160909423828125,0.22918701171875,0.92205810546875,-0.0391387939453125
1780625221926938000,3.170938232421875,0.2658538818359375,0.9168853759765625,-0.0166778564453125
1780625221936967200,3.18096728515625,0.2878265380859375,0.9197235107421875,-0.0199127197265625
1780625221946997200,3.190997314453125,0.2815093994140625,0.9477386474609375,-0.0366058349609375
1780625221957026300,3.2010263671875,0.29608154296875,1.0156402587890625,-0.067596435546875
1780625221967055000,3.21105517578125,0.3159332275390625,1.1146392822265625,-0.094818115234375
1780625221977084200,3.221084228515625,0.248931884765625,1.215667724609375,-0.0913238525390625
1780625221987114200,3.2311142578125,0.1255340576171875,1.272003173828125,-0.055877685546875
1780625221997143300,3.241143310546875,0.015167236328125,1.3390655517578125,0.0036468505859375
1780625222007172000,3.251172119140625,-0.0748291015625,1.4187164306640625,0.07818603515625
1780625222017202200,3.2612021484375,-0.038818359375,1.418914794921875,0.1347198486328125
1780625222027231200,3.271231201171875,0.206298828125,1.4057464599609375,0.20831298828125
1780625222037260000,3.281260009765625,0.4555206298828125,1.38873291015625,0.2587127685546875
1780625222047290000,3.2912900390625,0.334136962890625,1.3150482177734375,0.2494354248046875
1780625222057319200,3.301319091796875,-0.021331787109375,1.1690216064453125,0.23309326171875
1780625222067348200,3.31134814453125,-0.16864013671875,1.0610504150390625,0.265167236328125
1780625222077378300,3.32137841796875,-0.048309326171875,0.994537353515625,0.3354644775390625
1780625222087407000,3.331406982421875,0.1034393310546875,0.883575439453125,0.4056854248046875
1780625222097436200,3.341436279296875,0.123931884765625,0.8376007080078125,0.4422149658203125
1780625222107466200,3.35146630859375,0.0804290771484375,0.805450439453125,0.4428253173828125
1780625222117495000,3.3614951171875,0.019073486328125,0.821380615234375,0.434814453125
1780625222127524000,3.371524169921875,-0.00433349609375,0.8712005615234375,0.385711669921875
1780625222137554200,3.38155419921875,0.0084381103515625,0.94879150390625,0.2889404296875
1780625222147583200,3.391583251953125,0.053253173828125,1.0383758544921875,0.20428466796875
1780625222157612000,3.401612060546875,0.080963134765625,1.0494232177734375,0.1567535400390625
1780625222167641000,3.41164111328125,0.04327392578125,0.977783203125,0.135650634765625
1780625222177671200,3.421671142578125,-0.0735626220703125,0.9423065185546875,0.145233154296875
1780625222187700200,3.4317001953125,-0.1689453125,0.939056396484375,0.159027099609375
1780625222197729000,3.44172900390625,-0.1661224365234375,0.9514007568359375,0.14697265625
1780625222207759000,3.451759033203125,-0.1289825439453125,0.9652099609375,0.14215087890625
1780625222217788200,3.4617880859375,-0.1331787109375,0.93798828125,0.139495849609375
1780625222227817000,3.47181689453125,-0.164764404296875,0.910919189453125,0.145416259765625
1780625222237847000,3.481846923828125,-0.2011260986328125,0.9026336669921875,0.1527557373046875
1780625222247876000,3.4918759765625,-0.220001220703125,0.86712646484375,0.148681640625
1780625222257905200,3.5019052734375,-0.2520904541015625,0.8542022705078125,0.147308349609375
1780625222267935200,3.511935302734375,-0.317535400390625,0.8658599853515625,0.154632568359375
1780625222277964000,3.521964111328125,-0.3921661376953125,0.9075469970703125,0.1584320068359375
1780625222287993000,3.5319931640625,-0.4691009521484375,0.9817047119140625,0.1576385498046875
1780625222298023200,3.542023193359375,-0.4861907958984375,1.0069427490234375,0.1433563232421875
1780625222308052000,3.552052001953125,-0.4436798095703125,1.0088958740234375,0.1252899169921875
1780625222318081000,3.5620810546875,-0.4360504150390625,1.0172576904296875,0.1012420654296875
1780625222328111600,3.572111572265625,-0.4300689697265625,1.0031585693359375,0.0866851806640625
1780625222338140700,3.582140625,-0.4226226806640625,0.974365234375,0.0934295654296875
1780625222348169500,3.59216943359375,-0.3986358642578125,0.939544677734375,0.121246337890625
1780625222358199600,3.602199462890625,-0.38360595703125,0.9340057373046875,0.1429901123046875
1780625222368228600,3.612228515625,-0.428253173828125,0.937652587890625,0.167633056640625
1780625222378257700,3.622257568359375,-0.276580810546875,0.8398284912109375,0.166900634765625
1780625222388287500,3.63228759765625,-0.208740234375,0.8272705078125,0.1948699951171875
1780625222398316500,3.642316650390625,-0.24462890625,0.889312744140625,0.20928955078125
1780625222408345600,3.652345703125,-0.226165771484375,0.9044189453125,0.216888427734375
1780625222418374700,3.662374755859375,-0.2316436767578125,0.9256591796875,0.2290191650390625
1780625222428404500,3.672404541015625,-0.260467529296875,0.9539794921875,0.2378082275390625
1780625222438433500,3.68243359375,-0.27056884765625,0.9618072509765625,0.238739013671875
1780625222448462800,3.692462890625,-0.2570648193359375,0.9311065673828125,0.2333221435546875
1780625222458492700,3.70249267578125,-0.2299957275390625,0.8720703125,0.2189178466796875
1780625222468521500,3.712521484375,-0.221893310546875,0.828369140625,0.2028045654296875
1780625222478550800,3.72255078125,-0.221343994140625,0.78131103515625,0.1902008056640625
1780625222488580600,3.73258056640625,-0.2345733642578125,0.7884979248046875,0.1947174072265625
1780625222498609700,3.742609619140625,-0.2048187255859375,0.825836181640625,0.20343017578125
1780625222508638700,3.752638671875,-0.1754913330078125,0.884765625,0.2046661376953125
1780625222518668500,3.76266845703125,-0.1943206787109375,0.949066162109375,0.1987457275390625
1780625222528697900,3.77269775390625,-0.21392822265625,0.9707489013671875,0.1779937744140625
1780625222538726700,3.7827265625,-0.246063232421875,0.9880523681640625,0.15118408203125
1780625222548756500,3.792756591796875,-0.307037353515625,0.994293212890625,0.13079833984375
1780625222558785800,3.802785888671875,-0.3152923583984375,0.8977813720703125,0.1168670654296875
1780625222568814800,3.81281494140625,-0.3855133056640625,0.8925628662109375,0.124114990234375
1780625222578844700,3.8228447265625,-0.37139892578125,0.9461669921875,0.1488494873046875
1780625222588873700,3.832873779296875,-0.2865753173828125,0.9738006591796875,0.157562255859375
1780625222598902800,3.84290283203125,-0.2354888916015625,0.9340972900390625,0.132354736328125
1780625222608932600,3.8529326171875,-0.3127593994140625,0.9965667724609375,0.1093292236328125
1780625222618961700,3.862961669921875,-0.2785797119140625,0.9926300048828125,0.0854339599609375
1780625222628990700,3.87299072265625,-0.23583984375,0.985443115234375,0.0583648681640625
1780625222639020800,3.883020751953125,-0.1733856201171875,0.9586334228515625,0.031982421875
1780625222649049900,3.8930498046875,-0.1703033447265625,1.01287841796875,0.0235137939453125
1780625222659078700,3.90307861328125,-0.1611480712890625,1.0202789306640625,0.0308990478515625
1780625222669108700,3.913108642578125,-0.161224365234375,0.9893798828125,0.0451202392578125
1780625222679137800,3.9231376953125,-0.16119384765625,0.94915771484375,0.056976318359375
1780625222689166600,3.93316650390625,-0.1954803466796875,0.9718017578125,0.0858306884765625
1780625222699196700,3.94319677734375,-0.22393798828125,0.984710693359375,0.1178131103515625
1780625222709225700,3.953225830078125,-0.225494384765625,0.99920654296875,0.150390625
1780625222719254800,3.9632548828125,-0.1914215087890625,0.968109130859375,0.1788482666015625
1780625222729284900,3.973284912109375,-0.1641998291015625,0.938262939453125,0.2039947509765625
1780625222739313700,3.983313720703125,-0.1543121337890625,0.9644927978515625,0.2274322509765625
1780625222749342700,3.9933427734375,-0.18115234375,1.0276641845703125,0.2356719970703125
1780625222759371800,4.003371826171875,-0.1724853515625,1.0500640869140625,0.2304840087890625
1780625222769401600,4.013401611328125,-0.0877685546875,1.055908203125,0.197906494140625
1780625222779430700,4.0234306640625,-0.0278167724609375,1.0473785400390625,0.1416778564453125
1780625222789459700,4.033459716796875,-0.1156005859375,1.04351806640625,0.095733642578125
1780625222799489800,4.04348974609375,-0.2077178955078125,1.0218658447265625,0.0797576904296875
1780625222809518600,4.0535185546875,-0.23907470703125,0.9839630126953125,0.0981597900390625
1780625222819547600,4.063547607421875,-0.131683349609375,0.873199462890625,0.1260528564453125
1780625222829577700,4.07357763671875,0.033966064453125,0.735687255859375,0.170928955078125
1780625222839606800,4.083606689453125,0.093231201171875,0.9310455322265625,0.3104705810546875
1780625222849635600,4.093635498046875,0.17657470703125,0.946502685546875,0.377899169921875
1780625222859665700,4.103665771484375,0.1850433349609375,0.92041015625,0.39532470703125
1780625222869694700,4.11369482421875,0.2491912841796875,0.794189453125,0.3448486328125
1780625222879723500,4.1237236328125,0.2053985595703125,0.755126953125,0.3090057373046875
1780625222889753600,4.133753662109375,0.1417388916015625,0.7316131591796875,0.2891693115234375
1780625222899782700,4.14378271484375,0.137237548828125,0.6806488037109375,0.300506591796875
1780625222909811700,4.153811767578125,0.1405181884765625,0.7231903076171875,0.326385498046875
1780625222919841800,4.163841796875,0.1559295654296875,0.8291015625,0.3650665283203125
1780625222929870600,4.17387060546875,0.2254180908203125,0.9498138427734375,0.4022674560546875
1780625222939899600,4.183899658203125,0.2726287841796875,1.0872039794921875,0.4503021240234375
1780625222949929700,4.1939296875,0.3253173828125,1.13702392578125,0.444000244140625
1780625222959958500,4.20395849609375,0.4855804443359375,1.0735321044921875,0.3369293212890625
1780625222969987600,4.213987548828125,0.6109619140625,1.0275115966796875,0.2757110595703125
1780625222980017700,4.224017578125,0.662933349609375,1.05517578125,0.2773895263671875
1780625222990046700,4.234046630859375,0.6334075927734375,1.0137939453125,0.24542236328125
1780625223000075500,4.244075439453125,0.5712890625,0.84918212890625,0.1973419189453125
1780625223010105600,4.254105712890625,0.4665374755859375,0.6856842041015625,0.1540069580078125
1780625223020134700,4.264134765625,0.346343994140625,0.6224822998046875,0.1489410400390625
1780625223030163700,4.274163818359375,0.2761383056640625,0.5532379150390625,0.1639404296875
1780625223040193500,4.284193603515625,0.279388427734375,0.556671142578125,0.1649017333984375
1780625223050222600,4.29422265625,0.356414794921875,0.5484771728515625,0.131927490234375
1780625223060251600,4.304251708984375,0.478302001953125,0.5796356201171875,0.09844970703125
1780625223070281700,4.31428173828125,0.548187255859375,0.67352294921875,0.0795745849609375
1780625223080310500,4.324310546875,0.5832977294921875,0.7511444091796875,0.0477294921875
1780625223090339600,4.334339599609375,0.591644287109375,0.8191986083984375,0.0242767333984375
1780625223100369700,4.34436962890625,0.54266357421875,0.88592529296875,0.0063018798828125
1780625223110398700,4.354398681640625,0.4568634033203125,0.9713287353515625,0.0025177001953125
1780625223120427500,4.364427490234375,0.4029083251953125,0.9863128662109375,-0.0033721923828125
1780625223130457600,4.37445751953125,0.4074249267578125,1.07586669921875,-0.0032958984375
1780625223140486700,4.384486572265625,0.4100799560546875,1.1766357421875,0.0113372802734375
1780625223150515500,4.394515380859375,0.3609771728515625,1.2385406494140625,0.0706329345703125
1780625223160545500,4.404545654296875,0.272247314453125,1.2250823974609375,0.17901611328125
1780625223170574600,4.41457470703125,0.1823272705078125,1.3412628173828125,0.3043975830078125
1780625223180603600,4.424603759765625,0.1318206787109375,1.5090484619140625,0.3946533203125
1780625223190633700,4.4346337890625,0.1050262451171875,1.5888671875,0.49005126953125
1780625223200662500,4.44466259765625,0.071136474609375,1.4840240478515625,0.62481689453125
1780625223210691600,4.454691650390625,0.1199188232421875,1.3028411865234375,0.75482177734375
1780625223220721700,4.4647216796875,0.2548828125,1.0586395263671875,0.827362060546875
1780625223230750500,4.47475048828125,0.347412109375,0.9215087890625,0.8197479248046875
1780625223240779500,4.484779541015625,0.2704925537109375,0.90960693359375,0.6211090087890625
1780625223250809600,4.4948095703125,0.2210235595703125,0.8821868896484375,0.392059326171875
1780625223260838700,4.504838623046875,0.2573394775390625,0.8320159912109375,0.26190185546875
1780625223270867700,4.51486767578125,0.272369384765625,0.8730010986328125,0.1964263916015625
1780625223280897500,4.5248974609375,0.254425048828125,0.8443450927734375,0.153839111328125
1780625223290926600,4.534926513671875,0.1580963134765625,0.782806396484375,0.131500244140625
1780625223300955600,4.54495556640625,0.0462493896484375,0.7759857177734375,0.1484832763671875
1780625223310985500,4.5549853515625,-0.038238525390625,0.88311767578125,0.1789093017578125
1780625223321014500,4.5650146484375,-0.0306549072265625,0.7872467041015625,0.18359375
1780625223331043000,4.57504296875,-0.0096893310546875,0.6543121337890625,0.1938934326171875
1780625223341073200,4.5850732421875,-0.042633056640625,0.6395263671875,0.219482421875
1780625223351102200,4.595102294921875,-0.039703369140625,0.589752197265625,0.21905517578125
1780625223361131000,4.605131103515625,-0.0428924560546875,0.517578125,0.20428466796875
1780625223371161000,4.6151611328125,-0.024627685546875,0.4439849853515625,0.1744537353515625
1780625223381190100,4.625190185546875,-0.048675537109375,0.4658203125,0.1707000732421875
1780625223391219200,4.63521923828125,-0.1648406982421875,0.7402496337890625,0.2398223876953125
1780625223401249000,4.6452490234375,-0.2011260986328125,1.04400634765625,0.2981719970703125
1780625223411278000,4.655278076171875,-0.13165283203125,1.1484832763671875,0.3411712646484375
1780625223421307100,4.66530712890625,-0.096954345703125,1.2325897216796875,0.384979248046875
1780625223431337200,4.675337158203125,-0.1007232666015625,1.3055267333984375,0.432403564453125
1780625223441366000,4.685365966796875,-0.11285400390625,1.2953643798828125,0.4683380126953125
1780625223451395000,4.69539501953125,-0.136474609375,1.293670654296875,0.478240966796875
1780625223461425200,4.705425048828125,-0.1912078857421875,1.37506103515625,0.4642333984375
1780625223471454200,4.7154541015625,-0.2392730712890625,1.42742919921875,0.4232635498046875
1780625223481483000,4.72548291015625,-0.2704925537109375,1.4356689453125,0.369354248046875
1780625223491513000,4.73551318359375,-0.292999267578125,1.4129638671875,0.3147735595703125
1780625223501542100,4.745542236328125,-0.29010009765625,1.3235931396484375,0.2740325927734375
1780625223511571000,4.755571044921875,-0.3119659423828125,1.245330810546875,0.2652587890625
1780625223521601000,4.76560107421875,-0.27001953125,1.0025787353515625,0.2243194580078125
1780625223531630000,4.775630126953125,-0.2076263427734375,0.739593505859375,0.1499481201171875
1780625223541659100,4.7856591796875,-0.1229095458984375,0.5883331298828125,0.083282470703125
1780625223551689200,4.795689208984375,-0.10406494140625,0.5818328857421875,0.034942626953125
1780625223561718000,4.805718017578125,-0.1573638916015625,0.66839599609375,0.0288848876953125
1780625223571747000,4.8157470703125,-0.20166015625,0.9232330322265625,0.0572357177734375
1780625223581777200,4.825777099609375,0.06134033203125,0.9402313232421875,0.023590087890625
1780625223591806000,4.835805908203125,0.334381103515625,0.69287109375,0.006439208984375
1780625223601835000,4.8458349609375,0.382843017578125,0.5686187744140625,0.0429534912109375
1780625223611865000,4.855864990234375,0.2892913818359375,0.5611419677734375,0.1087799072265625
1780625223621894100,4.86589404296875,0.143829345703125,0.66888427734375,0.2028350830078125
1780625223631923000,4.8759228515625,0.0865631103515625,0.778228759765625,0.269683837890625
1780625223641953000,4.885953125,0.083038330078125,0.8198089599609375,0.291290283203125
1780625223651982000,4.895982177734375,0.1231536865234375,0.84033203125,0.304412841796875
1780625223662011100,4.90601123046875,0.15008544921875,0.85601806640625,0.3277130126953125
1780625223672040000,4.9160400390625,0.1483154296875,0.8803558349609375,0.337860107421875
1780625223682070000,4.926070068359375,0.115386962890625,0.9828033447265625,0.3404388427734375
1780625223692099000,4.93609912109375,0.1220550537109375,0.96942138671875,0.3178253173828125
1780625223702127900,4.9461279296875,0.1685638427734375,0.852020263671875,0.270477294921875
1780625223712158000,4.956157958984375,0.162811279296875,0.8170318603515625,0.24658203125
1780625223722187000,4.96618701171875,0.137054443359375,0.7887420654296875,0.22296142578125
1780625223732216000,4.976216064453125,0.060211181640625,0.8672637939453125,0.2093353271484375
1780625223742246100,4.98624609375,0.0589599609375,0.8571014404296875,0.1983795166015625
1780625223752275000,4.99627490234375,0.0267486572265625,0.9874114990234375,0.2066497802734375
1780625223762304000,5.006303955078125,0.004425048828125,1.100372314453125,0.2198486328125
1780625223772334000,5.016333984375,0.0168304443359375,1.1735992431640625,0.2382659912109375
1780625223782363000,5.02636279296875,0.0496063232421875,1.2024078369140625,0.2381134033203125
1780625223792392000,5.036391845703125,0.0546112060546875,1.1553192138671875,0.2069091796875
1780625223802422000,5.046422119140625,0.059234619140625,1.1580657958984375,0.174774169921875
1780625223812451000,5.056451171875,0.0727996826171875,1.2217254638671875,0.1546478271484375
1780625223822480000,5.06647998046875,0.1043548583984375,1.2170562744140625,0.1231536865234375
1780625223832510000,5.076510009765625,0.12176513671875,1.2279510498046875,0.104034423828125
1780625223842539000,5.0865390625,0.1011810302734375,1.238739013671875,0.1027679443359375
1780625223852568000,5.096568115234375,0.058319091796875,1.2373046875,0.113922119140625
1780625223862598000,5.106597900390625,0.0201873779296875,1.1808013916015625,0.1273651123046875
1780625223872627000,5.116626953125,0.015289306640625,1.1181182861328125,0.148651123046875
1780625223882656000,5.126656005859375,0.0962677001953125,1.0713043212890625,0.172882080078125
1780625223892686000,5.13668603515625,0.020599365234375,1.0622100830078125,0.216827392578125
1780625223902715000,5.14671484375,-0.1021270751953125,0.9249420166015625,0.2121124267578125
1780625223912744000,5.156743896484375,-0.060028076171875,0.898193359375,0.275054931640625
1780625223922774000,5.16677392578125,-0.082183837890625,0.9868621826171875,0.356536865234375
1780625223932802800,5.176802734375,-0.1407470703125,1.00616455078125,0.433013916015625
1780625223942831900,5.186831787109375,-0.14471435546875,1.0154876708984375,0.53143310546875
1780625223952862000,5.196862060546875,-0.0576629638671875,0.9343414306640625,0.6092529296875
1780625223962891000,5.20689111328125,0.117523193359375,0.7504119873046875,0.6375885009765625
1780625223972920000,5.216920166015625,0.279388427734375,0.623931884765625,0.6346435546875
1780625223982950000,5.226949951171875,0.3365936279296875,0.66253662109375,0.559814453125
1780625223992979000,5.23697900390625,0.258453369140625,0.81451416015625,0.4325408935546875
1780625224003008000,5.247008056640625,0.1463470458984375,0.9394073486328125,0.353790283203125
1780625224013037800,5.257037841796875,0.1188201904296875,1.02655029296875,0.30853271484375
1780625224023067000,5.26706689453125,0.1468353271484375,1.10986328125,0.2536163330078125
1780625224033096200,5.27709619140625,0.1863861083984375,1.1859283447265625,0.20501708984375
1780625224043126000,5.2871259765625,0.188385009765625,1.198944091796875,0.199371337890625
1780625224053155000,5.297155029296875,0.183319091796875,1.0925445556640625,0.2305755615234375
1780625224063184100,5.30718408203125,0.1869354248046875,0.917755126953125,0.2733306884765625
1780625224073214000,5.3172138671875,0.2188873291015625,0.7372283935546875,0.3016815185546875
1780625224083243000,5.327242919921875,0.247314453125,0.575164794921875,0.288604736328125
1780625224093272000,5.33727197265625,0.2567901611328125,0.468658447265625,0.264007568359375
1780625224103302000,5.347302001953125,0.248779296875,0.40093994140625,0.2363433837890625
1780625224113331200,5.357331298828125,0.2379150390625,0.360504150390625,0.19146728515625
1780625224123360000,5.367360107421875,0.237152099609375,0.336151123046875,0.1348419189453125
1780625224133389800,5.377389892578125,0.242401123046875,0.34112548828125,0.09228515625
1780625224143419100,5.387419189453125,0.2456512451171875,0.38653564453125,0.0661163330078125
1780625224153448200,5.3974482421875,0.2176513671875,0.4574432373046875,0.072509765625
1780625224163478000,5.40747802734375,0.182525634765625,0.544952392578125,0.11224365234375
1780625224173507000,5.417507080078125,0.1433868408203125,0.5967559814453125,0.124542236328125
1780625224183536000,5.4275361328125,0.1075439453125,0.6250152587890625,0.1746063232421875
1780625224193566200,5.437566162109375,0.14801025390625,0.688079833984375,0.2248382568359375
1780625224203595000,5.447594970703125,0.1971435546875,0.7550201416015625,0.250701904296875
1780625224213624000,5.4576240234375,0.2051544189453125,0.792266845703125,0.26446533203125
1780625224223654100,5.467654052734375,0.18505859375,0.8136138916015625,0.2756805419921875
1780625224233683200,5.47768310546875,0.1660003662109375,0.8324432373046875,0.3067169189453125
1780625224243712000,5.4877119140625,0.1565093994140625,0.8360748291015625,0.337921142578125
1780625224253742000,5.4977421875,0.1513824462890625,0.8377685546875,0.3590850830078125
1780625224263771100,5.507771240234375,0.19207763671875,0.89178466796875,0.381011962890625
1780625224273800200,5.51780029296875,0.3042449951171875,1.012908935546875,0.38983154296875
1780625224283830000,5.527830078125,0.417938232421875,1.213653564453125,0.3833465576171875
1780625224293859000,5.537859130859375,0.4108123779296875,1.374176025390625,0.3629608154296875
1780625224303888100,5.54788818359375,0.2970123291015625,1.4107513427734375,0.302032470703125
1780625224313918200,5.557918212890625,0.2097930908203125,1.359100341796875,0.19769287109375
1780625224323947000,5.567947021484375,0.1050262451171875,1.22064208984375,0.0859222412109375
1780625224333975800,5.577975830078125,0.02203369140625,1.1306610107421875,0.0450592041015625
1780625224344005600,5.588005615234375,0.1014404296875,1.1036224365234375,0.09716796875
1780625224354034700,5.59803466796875,0.2312469482421875,1.14105224609375,0.2220001220703125
1780625224364063700,5.608063720703125,0.249603271484375,1.18304443359375,0.4140167236328125
1780625224374093800,5.61809375,0.168792724609375,1.259124755859375,0.5493316650390625
1780625224384122600,5.62812255859375,0.2043304443359375,1.4536285400390625,0.6041412353515625
1780625224394151700,5.638151611328125,0.2857818603515625,1.5639801025390625,0.5498809814453125
1780625224404181800,5.648181640625,0.411041259765625,1.7488250732421875,0.579803466796875
1780625224414210800,5.6582109375,0.7299041748046875,1.4462738037109375,0.8284149169921875
1780625224424239600,5.668239501953125,0.6329345703125,0.7732086181640625,0.8074188232421875
1780625224434269700,5.678269775390625,0.2353515625,0.599884033203125,0.7175445556640625
1780625224444298800,5.688298828125,-0.151947021484375,0.5846099853515625,0.6217803955078125
1780625224454327600,5.69832763671875,-0.4766693115234375,0.6517181396484375,0.4967041015625
1780625224464357600,5.708357666015625,-0.60223388671875,0.769744873046875,0.42626953125
1780625224474386700,5.71838671875,-0.4022979736328125,0.82867431640625,0.4464111328125
1780625224484415700,5.728415771484375,-0.0991363525390625,0.907806396484375,0.4530181884765625
1780625224494445800,5.73844580078125,0.093475341796875,1.065155029296875,0.4221038818359375
1780625224504474600,5.748474609375,0.2549285888671875,1.203369140625,0.3816986083984375
1780625224514503700,5.758503662109375,0.31915283203125,1.3341064453125,0.33966064453125
1780625224524533800,5.76853369140625,0.3360137939453125,1.3734588623046875,0.301055908203125
1780625224534562600,5.7785625,0.33038330078125,1.2937164306640625,0.3000640869140625
1780625224544591600,5.788591552734375,0.184417724609375,1.111358642578125,0.2819671630859375
1780625224554621700,5.79862158203125,0.02276611328125,0.9823760986328125,0.255706787109375
1780625224564650800,5.808650634765625,-0.066192626953125,0.9276580810546875,0.2479095458984375
1780625224574679600,5.818679443359375,-0.0829925537109375,0.89630126953125,0.2502288818359375
1780625224584709600,5.828709716796875,-0.0454559326171875,0.8754425048828125,0.2527313232421875
1780625224594738700,5.83873876953125,-0.017303466796875,0.856658935546875,0.265167236328125
1780625224604767700,5.848767822265625,-0.044097900390625,0.8052520751953125,0.2673492431640625
1780625224614797600,5.858797607421875,-0.075347900390625,0.740203857421875,0.2493438720703125
1780625224624826600,5.86882666015625,-0.064605712890625,0.7120513916015625,0.2441558837890625
1780625224634855700,5.878855712890625,-0.026824951171875,0.7068328857421875,0.2447509765625
1780625224644885800,5.8888857421875,-0.0056304931640625,0.7072601318359375,0.2314453125
1780625224654914600,5.89891455078125,0.004974365234375,0.7191314697265625,0.2167816162109375
1780625224664943600,5.908943603515625,0.021942138671875,0.7183685302734375,0.199737548828125
1780625224674973700,5.9189736328125,0.0390472412109375,0.7134246826171875,0.1819305419921875
1780625224685002800,5.929002685546875,0.083099365234375,0.7256927490234375,0.1576385498046875
1780625224695031600,5.939031494140625,0.1273193359375,0.77008056640625,0.143798828125
1780625224705061600,5.9490615234375,0.1381988525390625,0.83642578125,0.1360015869140625
1780625224715090700,5.959090576171875,0.116485595703125,0.914825439453125,0.1341705322265625
1780625224725119500,5.969119384765625,0.0948486328125,0.9852142333984375,0.134796142578125
1780625224735149600,5.979149658203125,0.091033935546875,1.03302001953125,0.1246795654296875
1780625224745178600,5.9891787109375,0.098114013671875,1.0680084228515625,0.111846923828125
1780625224755207700,5.999207763671875,0.0961761474609375,1.0835418701171875,0.0988006591796875
1780625224765237800,6.00923779296875,0.1119537353515625,1.0843505859375,0.093780517578125
1780625224775266600,6.0192666015625,0.1190032958984375,1.08489990234375,0.092254638671875
1780625224785295600,6.029295654296875,0.1122894287109375,1.087310791015625,0.1046295166015625
1780625224795325700,6.03932568359375,0.10760498046875,1.073333740234375,0.128814697265625
1780625224805354500,6.0493544921875,0.084869384765625,1.049652099609375,0.1481475830078125
1780625224815383600,6.059383544921875,0.074951171875,1.0162506103515625,0.1485748291015625
1780625224825413600,6.06941357421875,0.0724029541015625,0.975494384765625,0.1282196044921875
1780625224835442700,6.079442626953125,0.0778350830078125,0.9195709228515625,0.1103363037109375
1780625224845471700,6.0894716796875,0.1051025390625,0.8408966064453125,0.1007232666015625
1780625224855501600,6.09950146484375,0.12884521484375,0.7517547607421875,0.084991455078125
1780625224865530600,6.109530517578125,0.1312408447265625,0.6795501708984375,0.07763671875
1780625224875559700,6.1195595703125,0.1128082275390625,0.6576995849609375,0.0915679931640625
1780625224885589500,6.129589599609375,0.0761566162109375,0.7087860107421875,0.1231842041015625
1780625224895618600,6.13961865234375,-0.018585205078125,0.8442230224609375,0.179046630859375
1780625224905647900,6.14964794921875,-0.1323699951171875,1.0458526611328125,0.297760009765625
1780625224915677700,6.159677734375,0.089599609375,1.4549713134765625,0.5361175537109375
1780625224925706800,6.169706787109375,0.2339019775390625,1.83685302734375,0.7628021240234375
1780625224935735800,6.17973583984375,0.013885498046875,1.745208740234375,0.8429412841796875
1780625224945765600,6.189765625,0.0653228759765625,1.358673095703125,0.8026885986328125
1780625224955794700,6.199794677734375,0.324310302734375,1.0872344970703125,0.7447509765625
1780625224965823700,6.20982373046875,0.1190948486328125,1.0102386474609375,0.7444915771484375
1780625224975853600,6.219853515625,-0.1214599609375,0.890838623046875,0.6766204833984375
1780625224985883000,6.2298828125,-0.096771240234375,0.8055572509765625,0.5809783935546875
1780625224995911700,6.23991162109375,0.0096893310546875,0.8240966796875,0.5338134765625
1780625225005941500,6.24994140625,0.0672149658203125,0.8378448486328125,0.5410614013671875
1780625225015970800,6.259970703125,0.0757904052734375,0.7946624755859375,0.55517578125
1780625225026000000,6.269999755859375,0.1001434326171875,0.7591552734375,0.5659637451171875
1780625225036029700,6.28002978515625,0.12158203125,0.71307373046875,0.5613250732421875
1780625225046058800,6.290058837890625,0.1577301025390625,0.6384429931640625,0.5395050048828125
1780625225056087800,6.300087890625,0.2088165283203125,0.6254119873046875,0.523651123046875
1780625225066118000,6.310117919921875,0.249298095703125,0.6513519287109375,0.516204833984375
1780625225076146700,6.320146728515625,0.3078765869140625,0.644989013671875,0.5081787109375
1780625225086175700,6.33017578125,0.3970947265625,0.617828369140625,0.5028839111328125
1780625225096205800,6.340205810546875,0.482421875,0.5887603759765625,0.485565185546875
1780625225106235000,6.35023486328125,0.519561767578125,0.5494537353515625,0.44354248046875
1780625225116263700,6.360263671875,0.5327911376953125,0.51873779296875,0.3912200927734375
1780625225126293800,6.370293701171875,0.5196533203125,0.5152740478515625,0.3252410888671875
1780625225136322800,6.38032275390625,0.535125732421875,0.535797119140625,0.2698974609375
1780625225146351900,6.390351806640625,0.5671234130859375,0.56561279296875,0.24176025390625
1780625225156381700,6.400381591796875,0.5735015869140625,0.6279754638671875,0.2434234619140625
1780625225166410800,6.41041064453125,0.5508880615234375,0.727752685546875,0.2570648193359375
1780625225176439800,6.420439697265625,0.49139404296875,0.8328857421875,0.2536163330078125
1780625225186470000,6.430469970703125,0.4209747314453125,0.9022369384765625,0.2471923828125
1780625225196498700,6.440498779296875,0.371734619140625,0.90435791015625,0.255584716796875
1780625225206527700,6.45052783203125,0.319580078125,0.89630126953125,0.2576141357421875
1780625225216557800,6.460557861328125,0.257415771484375,0.8638916015625,0.2339324951171875
1780625225226586600,6.470586669921875,0.214630126953125,0.80975341796875,0.211578369140625
1780625225236615700,6.48061572265625,0.2321929931640625,0.769744873046875,0.201690673828125
1780625225246645800,6.490645751953125,0.319244384765625,0.8026275634765625,0.1851348876953125
1780625225256674800,6.5006748046875,0.396697998046875,0.9090118408203125,0.1735992431640625
1780625225266703600,6.51070361328125,0.4189910888671875,1.028350830078125,0.1759033203125
1780625225276733700,6.520733642578125,0.395172119140625,1.0954132080078125,0.1982421875
1780625225286762800,6.5307626953125,0.323028564453125,1.1066436767578125,0.281768798828125
1780625225296791800,6.540791748046875,0.145843505859375,1.0412750244140625,0.4382781982421875
1780625225306821600,6.550821533203125,-0.01507568359375,0.926513671875,0.60577392578125
1780625225316850700,6.5608505859375,-0.07794189453125,0.888031005859375,0.716033935546875
1780625225326879700,6.570879638671875,-0.0227508544921875,0.969451904296875,0.87353515625
1780625225336910300,6.580910400390625,0.354339599609375,1.1882171630859375,1.1196441650390625
1780625225346939100,6.590939208984375,0.91693115234375,1.300537109375,1.23291015625
1780625225356968200,6.60096826171875,0.412445068359375,1.0142059326171875,1.0977935791015625
1780625225366998300,6.610998291015625,-0.1722564697265625,0.789031982421875,0.9063568115234375
1780625225377027300,6.62102734375,-0.2275848388671875,0.73724365234375,0.512725830078125
1780625225387056000,6.63105615234375,-0.05609130859375,0.6514892578125,0.2718963623046875
1780625225397086200,6.641086181640625,0.044830322265625,0.5711669921875,0.2067108154296875
1780625225407115300,6.651115234375,0.0558929443359375,0.5965728759765625,0.175201416015625
1780625225417144000,6.66114404296875,0.057403564453125,0.707550048828125,0.213348388671875
1780625225427174100,6.671174072265625,-0.01910400390625,0.8585968017578125,0.2946624755859375
1780625225437203200,6.681203125,-0.088165283203125,0.9940032958984375,0.36480712890625
1780625225447232300,6.691232177734375,-0.114837646484375,1.1306915283203125,0.4162139892578125
1780625225457262000,6.701261962890625,-0.1241302490234375,1.2279205322265625,0.438018798828125
1780625225467291100,6.711291015625,-0.1102294921875,1.2617645263671875,0.44635009765625
1780625225477320200,6.7213203125,-0.056671142578125,1.210235595703125,0.4475555419921875
1780625225487350300,6.731350341796875,-0.0204010009765625,1.071533203125,0.4373626708984375
1780625225497379000,6.741379150390625,-0.032470703125,0.9248199462890625,0.4357147216796875
1780625225507408100,6.751408203125,-0.057098388671875,0.8118133544921875,0.4630126953125
1780625225517438200,6.761438232421875,-0.0772705078125,0.7305450439453125,0.5013275146484375
1780625225527467300,6.77146728515625,-0.074249267578125,0.67529296875,0.5250701904296875
1780625225537496000,6.78149609375,-0.07183837890625,0.678802490234375,0.52227783203125
1780625225547526100,6.791526123046875,-0.072479248046875,0.7472686767578125,0.5015869140625
1780625225557555200,6.80155517578125,-0.050567626953125,0.8122406005859375,0.465606689453125
1780625225567584300,6.811584228515625,-0.004852294921875,0.868072509765625,0.4321136474609375
1780625225577613000,6.821613037109375,0.050018310546875,0.9204864501953125,0.40728759765625
1780625225587643100,6.83164306640625,0.0999298095703125,0.9462127685546875,0.3805389404296875
1780625225597672200,6.841672119140625,0.1183624267578125,0.95062255859375,0.3452911376953125
1780625225607701000,6.851700927734375,0.11004638671875,0.942047119140625,0.3150177001953125
1780625225617731000,6.86173095703125,0.0858917236328125,0.938690185546875,0.310333251953125
1780625225627760000,6.871760009765625,0.0528717041015625,0.9371490478515625,0.3511962890625
1780625225637789200,6.8817890625,0.03131103515625,0.9293060302734375,0.4149627685546875
1780625225647819000,6.891819091796875,0.0146026611328125,0.935546875,0.4715423583984375
1780625225657848000,6.90184814453125,-0.0013427734375,0.923492431640625,0.5058746337890625
1780625225667877000,6.911877197265625,-0.011260986328125,0.8966827392578125,0.5132904052734375
1780625225677907200,6.9219072265625,-0.010101318359375,0.8698577880859375,0.49139404296875
1780625225687936000,6.93193603515625,-0.0087127685546875,0.854522705078125,0.454681396484375
1780625225697965000,6.941965087890625,0.001220703125,0.846649169921875,0.4268646240234375
1780625225707995100,6.9519951171875,0.0215606689453125,0.84100341796875,0.401275634765625
1780625225718024200,6.962024169921875,0.024017333984375,0.86376953125,0.37451171875
1780625225728053000,6.972052978515625,0.044219970703125,0.903045654296875,0.3657989501953125
1780625225738083000,6.9820830078125,0.065673828125,0.9542388916015625,0.37322998046875
1780625225748112100,6.992112060546875,0.0715789794921875,1.00390625,0.37933349609375
1780625225758141000,7.002140869140625,0.0614776611328125,1.02960205078125,0.38201904296875
1780625225768171000,7.0121708984375,0.0200347900390625,1.0191802978515625,0.38818359375
1780625225778200000,7.022199951171875,-0.0079345703125,0.9881439208984375,0.402435302734375
1780625225788229000,7.03222900390625,-0.0067901611328125,0.935150146484375,0.4152679443359375
1780625225798259200,7.04225927734375,0.00341796875,0.8916015625,0.4119110107421875
1780625225808288000,7.0522880859375,0.0081634521484375,0.8685302734375,0.3952484130859375
1780625225818317000,7.062317138671875,0.00213623046875,0.849365234375,0.376495361328125
1780625225828347100,7.07234716796875,-0.0069122314453125,0.8432159423828125,0.3531494140625
1780625225838376000,7.0823759765625,-0.0006866455078125,0.862152099609375,0.330078125
1780625225848405200,7.0924052734375,0.022247314453125,0.9195404052734375,0.3330535888671875
1780625225858435000,7.10243505859375,0.032135009765625,0.9739227294921875,0.36651611328125
1780625225868464000,7.112464111328125,0.0127105712890625,0.986358642578125,0.3884429931640625
1780625225878493200,7.1224931640625,-0.0135650634765625,0.970428466796875,0.3957061767578125
1780625225888523000,7.13252294921875,-0.016448974609375,0.932525634765625,0.399993896484375
1780625225898552000,7.142552001953125,-0.0067138671875,0.886077880859375,0.4189453125
1780625225908581400,7.152581298828125,0.0164794921875,0.849456787109375,0.444091796875
1780625225918611000,7.16261083984375,0.0280609130859375,0.8320465087890625,0.4391632080078125
1780625225928640000,7.172639892578125,0.018310546875,0.832244873046875,0.3939056396484375
1780625225938669300,7.18266943359375,0.022308349609375,0.8393707275390625,0.342437744140625
1780625225948699100,7.19269921875,0.0282745361328125,0.8550567626953125,0.3132476806640625
1780625225958728200,7.202728271484375,0.0271453857421875,0.8999176025390625,0.3304443359375
1780625225968757200,7.21275732421875,0.06280517578125,0.978302001953125,0.4027252197265625
1780625225978787000,7.222787109375,0.1534576416015625,1.05218505859375,0.4888916015625
1780625225988816400,7.23281640625,0.2430267333984375,1.0774688720703125,0.500946044921875
1780625225998845200,7.24284521484375,0.2525177001953125,1.0440521240234375,0.42071533203125
1780625226008875000,7.252875,0.1899261474609375,0.9573516845703125,0.35809326171875
1780625226018904300,7.262904296875,0.2236175537109375,0.8719024658203125,0.38458251953125
1780625226028933000,7.27293310546875,0.3434295654296875,0.8478546142578125,0.4537811279296875
1780625226038963200,7.282963134765625,0.421783447265625,0.84381103515625,0.5205078125
1780625226048992300,7.2929921875,0.4380035400390625,0.844024658203125,0.5664520263671875
1780625226059021300,7.303021240234375,0.4268798828125,0.835418701171875,0.6040496826171875
1780625226069051400,7.313051513671875,0.409149169921875,0.784088134765625,0.6171722412109375
1780625226079080200,7.323080078125,0.393310546875,0.7496490478515625,0.6108856201171875
1780625226089109200,7.333109130859375,0.393280029296875,0.7282867431640625,0.604766845703125
1780625226099139300,7.343139404296875,0.3965301513671875,0.70135498046875,0.611358642578125
1780625226109168000,7.353168212890625,0.40045166015625,0.6897735595703125,0.607940673828125
1780625226119197200,7.363197265625,0.399169921875,0.70654296875,0.586151123046875
1780625226129227300,7.373227294921875,0.4022064208984375,0.7513275146484375,0.5434722900390625
1780625226139256300,7.38325634765625,0.3939971923828125,0.8039398193359375,0.48516845703125
1780625226149285000,7.39328515625,0.3828887939453125,0.8362274169921875,0.424072265625
1780625226159315200,7.403315185546875,0.364044189453125,0.86767578125,0.365875244140625
1780625226169344300,7.41334423828125,0.337158203125,0.8891448974609375,0.318817138671875
1780625226179373300,7.423373291015625,0.323974609375,0.890594482421875,0.289398193359375
1780625226189403100,7.433403076171875,0.329803466796875,0.888641357421875,0.27484130859375
1780625226199432200,7.44343212890625,0.34222412109375,0.88934326171875,0.273590087890625
1780625226209461200,7.453461181640625,0.3654327392578125,0.889068603515625,0.2911834716796875
1780625226219491300,7.4634912109375,0.3856201171875,0.88470458984375,0.3159332275390625
1780625226229520100,7.47352001953125,0.3954620361328125,0.87548828125,0.3336639404296875
1780625226239549200,7.483549072265625,0.4032745361328125,0.859283447265625,0.333282470703125
1780625226249579300,7.493579345703125,0.412017822265625,0.8472747802734375,0.3213958740234375
1780625226259608300,7.5036083984375,0.4022216796875,0.8392791748046875,0.305328369140625
1780625226269637000,7.51363720703125,0.383544921875,0.8345489501953125,0.2938995361328125
1780625226279667200,7.523667236328125,0.3621826171875,0.8351898193359375,0.2927093505859375
1780625226289696300,7.5336962890625,0.3415679931640625,0.8322296142578125,0.3007049560546875
1780625226299725000,7.54372509765625,0.326019287109375,0.8204193115234375,0.3230133056640625
1780625226309755100,7.553755126953125,0.315216064453125,0.80963134765625,0.352081298828125
1780625226319784200,7.5637841796875,0.312164306640625,0.8013763427734375,0.3871307373046875
1780625226329812500,7.5738125,0.3209686279296875,0.7976226806640625,0.4229583740234375
1780625226339842600,7.583842529296875,0.3455810546875,0.795867919921875,0.4573516845703125
1780625226349871600,7.59387158203125,0.3815460205078125,0.7903289794921875,0.481414794921875
1780625226359900400,7.603900390625,0.416656494140625,0.7706146240234375,0.4975433349609375
1780625226369930500,7.613930419921875,0.43023681640625,0.756927490234375,0.4965667724609375
1780625226379959600,7.62395947265625,0.41851806640625,0.77618408203125,0.470733642578125
1780625226389988600,7.633988525390625,0.3874359130859375,0.8057861328125,0.437347412109375
1780625226400018700,7.644018798828125,0.358245849609375,0.8278961181640625,0.40875244140625
1780625226410047500,7.654047607421875,0.341339111328125,0.839813232421875,0.3774566650390625
1780625226420076500,7.66407666015625,0.329803466796875,0.851043701171875,0.3472900390625
1780625226430106600,7.674106689453125,0.3195343017578125,0.8586578369140625,0.3187103271484375
1780625226440135400,7.684135498046875,0.3114776611328125,0.86871337890625,0.2906494140625
1780625226450164500,7.69416455078125,0.30621337890625,0.8854522705078125,0.2680511474609375
1780625226460193500,7.704193603515625,0.302642822265625,0.8928680419921875,0.2560577392578125
1780625226470223600,7.7142236328125,0.295440673828125,0.8833160400390625,0.2590789794921875
1780625226480252400,7.72425244140625,0.287139892578125,0.86590576171875,0.2806854248046875
1780625226490281500,7.734281494140625,0.293182373046875,0.853607177734375,0.309906005859375
1780625226500311600,7.7443115234375,0.3122100830078125,0.8523406982421875,0.341705322265625
1780625226510340600,7.754340576171875,0.33026123046875,0.8521575927734375,0.373077392578125
1780625226520369400,7.764369384765625,0.34967041015625,0.8511505126953125,0.399688720703125
1780625226530399500,7.7743994140625,0.3712615966796875,0.837738037109375,0.4229278564453125
1780625226540428500,7.784428466796875,0.3881988525390625,0.8153839111328125,0.4391937255859375
1780625226550457600,7.79445751953125,0.391143798828125,0.801025390625,0.4452972412109375
1780625226560487400,7.8044873046875,0.3921051025390625,0.792816162109375,0.4486236572265625
1780625226570516500,7.8145166015625,0.3970947265625,0.794647216796875,0.4457550048828125
1780625226580545500,7.824545654296875,0.4062347412109375,0.8163909912109375,0.437896728515625
1780625226590575400,7.834575439453125,0.4120330810546875,0.84149169921875,0.427459716796875
1780625226600604400,7.8446044921875,0.411712646484375,0.8593292236328125,0.4071197509765625
1780625226610633700,7.8546337890625,0.38720703125,0.88116455078125,0.381439208984375
1780625226620663600,7.86466357421875,0.353057861328125,0.909515380859375,0.360137939453125
1780625226630692600,7.874692626953125,0.3226470947265625,0.931060791015625,0.34075927734375
1780625226640721700,7.8847216796875,0.2904052734375,0.93988037109375,0.326263427734375
1780625226650751500,7.89475146484375,0.2751312255859375,0.9337005615234375,0.3187408447265625
1780625226660780500,7.904780517578125,0.2810516357421875,0.93267822265625,0.3347625732421875
1780625226670809600,7.9148095703125,0.30194091796875,0.93890380859375,0.3639068603515625
1780625226680839400,7.92483935546875,0.329254150390625,0.9393463134765625,0.398345947265625
1780625226690868700,7.93486865234375,0.3514862060546875,0.9356231689453125,0.433929443359375
1780625226700897500,7.9448974609375,0.37188720703125,0.9258880615234375,0.45574951171875
1780625226710927400,7.95492724609375,0.386962890625,0.9190826416015625,0.465789794921875
1780625226720956700,7.964956787109375,0.387451171875,0.908355712890625,0.46636962890625
1780625226730985700,7.97498583984375,0.373199462890625,0.8983612060546875,0.460601806640625
1780625226741015600,7.985015625,0.36578369140625,0.8832550048828125,0.4503631591796875
1780625226751044600,7.995044677734375,0.3729248046875,0.8633880615234375,0.434051513671875
1780625226761073700,8.00507373046875,0.378753662109375,0.851470947265625,0.424560546875
1780625226771103700,8.015103759765625,0.366607666015625,0.8366546630859375,0.4171600341796875
1780625226781132500,8.025132568359375,0.3533172607421875,0.80126953125,0.40521240234375
1780625226791161600,8.03516162109375,0.3308868408203125,0.7469329833984375,0.3802032470703125
1780625226801191700,8.045191650390626,0.3069915771484375,0.685760498046875,0.3491668701171875
1780625226811220700,8.055220703125,0.28173828125,0.633270263671875,0.32586669921875
1780625226821249500,8.06524951171875,0.2611846923828125,0.5943603515625,0.301422119140625
1780625226831279600,8.075279541015625,0.26806640625,0.61090087890625,0.2862548828125
1780625226841308700,8.08530859375,0.336151123046875,0.6573333740234375,0.3027496337890625
1780625226851337700,8.095337646484374,0.41778564453125,0.7045745849609375,0.3253021240234375
1780625226861367600,8.105367431640625,0.47552490234375,0.755157470703125,0.3247528076171875
1780625226871396600,8.115396728515625,0.487091064453125,0.8011016845703125,0.2978363037109375
1780625226881425700,8.12542578125,0.4572906494140625,0.8295745849609375,0.2628173828125
1780625226891455700,8.135455810546874,0.3960723876953125,0.83349609375,0.230255126953125
1780625226901484500,8.145484619140625,0.328125,0.824188232421875,0.204833984375
1780625226911513600,8.155513671875,0.288848876953125,0.8289947509765625,0.193389892578125
1780625226921543700,8.165543701171876,0.2757568359375,0.8422393798828125,0.199249267578125
1780625226931572700,8.17557275390625,0.289886474609375,0.853424072265625,0.2202301025390625
1780625226941601500,8.1856015625,0.3197784423828125,0.863861083984375,0.2376556396484375
1780625226951631600,8.195631591796875,0.3502349853515625,0.869354248046875,0.24810791015625
1780625226961660700,8.20566064453125,0.3777313232421875,0.8791961669921875,0.2537841796875
1780625226971689500,8.215689453125,0.417083740234375,0.899261474609375,0.2601470947265625
1780625226981719600,8.225719482421875,0.4384613037109375,0.9276580810546875,0.281280517578125
1780625226991748600,8.23574853515625,0.419891357421875,0.9504547119140625,0.31378173828125
1780625227001777700,8.245777587890625,0.387939453125,0.976165771484375,0.3608856201171875
1780625227011807700,8.255807861328124,0.3781280517578125,1.03271484375,0.411895751953125
1780625227021836500,8.26583642578125,0.3972625732421875,1.09442138671875,0.4701080322265625
1780625227031865600,8.275865478515625,0.3531036376953125,1.0689239501953125,0.5457916259765625
1780625227041895700,8.285895751953126,0.2916107177734375,0.9699554443359375,0.598876953125
1780625227051924500,8.295924560546876,0.3463897705078125,0.866424560546875,0.6201171875
1780625227061953500,8.30595361328125,0.5079803466796875,0.7546234130859375,0.60638427734375
1780625227071983600,8.315983642578125,0.540863037109375,0.7421722412109375,0.5325469970703125
1780625227082012700,8.3260126953125,0.371002197265625,0.78887939453125,0.41949462890625
1780625227092041500,8.33604150390625,0.2191925048828125,0.82550048828125,0.3460235595703125
1780625227102070500,8.346070556640624,0.1519317626953125,0.8490142822265625,0.3061065673828125
1780625227112100600,8.3561005859375,0.1476898193359375,0.8828277587890625,0.29376220703125
1780625227122129700,8.366129638671875,0.1678466796875,0.9268951416015625,0.301605224609375
1780625227132158500,8.376158447265626,0.1863250732421875,0.9569091796875,0.2964324951171875
1780625227142188500,8.3861884765625,0.228668212890625,0.9832611083984375,0.2911224365234375
1780625227152217600,8.396217529296875,0.2727813720703125,0.9907379150390625,0.3089447021484375
1780625227162246400,8.406246337890625,0.2772216796875,0.9699249267578125,0.3424224853515625
1780625227172276500,8.4162763671875,0.2336883544921875,0.931793212890625,0.38299560546875
1780625227182305500,8.426305419921874,0.180145263671875,0.902862548828125,0.4148712158203125
1780625227192334600,8.43633447265625,0.1407318115234375,0.8944091796875,0.4365692138671875
1780625227202364700,8.44636474609375,0.1338348388671875,0.8837890625,0.447296142578125
1780625227212393500,8.4563935546875,0.136505126953125,0.8720550537109375,0.45843505859375
1780625227222422500,8.466422607421874,0.1374053955078125,0.8558807373046875,0.4613494873046875
1780625227232452600,8.47645263671875,0.1441802978515625,0.85003662109375,0.4506378173828125
1780625227242481400,8.4864814453125,0.1420135498046875,0.8561248779296875,0.431427001953125
1780625227252510500,8.496510498046876,0.1199493408203125,0.87744140625,0.3940582275390625
1780625227262540500,8.50654052734375,0.0978240966796875,0.901336669921875,0.3455352783203125
1780625227272569600,8.516569580078125,0.0889434814453125,0.922027587890625,0.3066253662109375
1780625227282598400,8.526598388671875,0.1024017333984375,0.93670654296875,0.2881622314453125
1780625227292628500,8.53662841796875,0.11749267578125,0.93878173828125,0.2890625
1780625227302657500,8.546657470703124,0.125762939453125,0.9379119873046875,0.296234130859375
1780625227312686600,8.5566865234375,0.1266326904296875,0.941131591796875,0.3053436279296875
1780625227322716400,8.56671630859375,0.1204986572265625,0.945953369140625,0.313201904296875
1780625227332746500,8.57674658203125,0.116302490234375,0.947113037109375,0.3225250244140625
1780625227342775600,8.586775634765624,0.123016357421875,0.9401397705078125,0.338104248046875
1780625227352805600,8.5968056640625,0.1392059326171875,0.922393798828125,0.3512420654296875
1780625227362834700,8.606834716796875,0.14501953125,0.9206085205078125,0.3602142333984375
1780625227372863500,8.616863525390626,0.1459197998046875,0.91998291015625,0.366119384765625
1780625227382893600,8.6268935546875,0.1570281982421875,0.9126434326171875,0.3581695556640625
1780625227392922600,8.636922607421875,0.1469879150390625,0.9074554443359375,0.3460235595703125
1780625227402951400,8.646951416015625,0.13580322265625,0.9053497314453125,0.3395233154296875
1780625227412981500,8.6569814453125,0.1287689208984375,0.9120330810546875,0.334075927734375
1780625227423010600,8.667010498046874,0.154937744140625,0.9223785400390625,0.3300933837890625
1780625227433039600,8.67703955078125,0.1824493408203125,0.9377593994140625,0.33001708984375
1780625227443069400,8.6870693359375,0.1837921142578125,0.943084716796875,0.3289947509765625
1780625227453098500,8.697098388671876,0.18634033203125,0.93994140625,0.3280181884765625
1780625227463127600,8.70712744140625,0.1876068115234375,0.942352294921875,0.329071044921875
1780625227473157600,8.71715771484375,0.18408203125,0.9459991455078125,0.335052490234375
1780625227483186400,8.7271865234375,0.1772003173828125,0.942626953125,0.336517333984375
1780625227493215500,8.737215576171875,0.170379638671875,0.9417266845703125,0.3331298828125
1780625227503245600,8.74724560546875,0.1538543701171875,0.9358978271484375,0.3329925537109375
1780625227513274600,8.757274658203125,0.13623046875,0.92852783203125,0.332244873046875
1780625227523303400,8.767303466796875,0.13555908203125,0.92449951171875,0.3289642333984375
1780625227533333500,8.77733349609375,0.14984130859375,0.918060302734375,0.325347900390625
1780625227543362600,8.787362548828124,0.1529388427734375,0.9171142578125,0.32666015625
1780625227553391400,8.797391357421875,0.15777587890625,0.921844482421875,0.3219451904296875
1780625227563421400,8.80742138671875,0.1722259521484375,0.9261474609375,0.3238525390625
1780625227573450500,8.817450439453125,0.179412841796875,0.928985595703125,0.3271484375
1780625227583479600,8.8274794921875,0.180938720703125,0.928680419921875,0.3322296142578125
1780625227593509600,8.837509521484375,0.1772613525390625,0.920654296875,0.33843994140625
1780625227603538400,8.847538330078125,0.177276611328125,0.9134979248046875,0.346282958984375
1780625227613567500,8.8575673828125,0.17974853515625,0.9114837646484375,0.3514251708984375
1780625227623596500,8.867596435546876,0.1771697998046875,0.9141845703125,0.3526763916015625
1780625227633626400,8.87762646484375,0.1739959716796875,0.9219207763671875,0.3420867919921875
1780625227643655400,8.887655517578125,0.16912841796875,0.9284820556640625,0.32073974609375
1780625227653684700,8.897684814453125,0.163055419921875,0.9338226318359375,0.3062896728515625
1780625227663714600,8.907714599609376,0.1595611572265625,0.93060302734375,0.2991485595703125
1780625227673743400,8.917743408203124,0.1641693115234375,0.928070068359375,0.295928955078125
1780625227683772700,8.927772705078125,0.1734466552734375,0.9294281005859375,0.2978515625
1780625227693802500,8.937802490234375,0.1764373779296875,0.930084228515625,0.3067626953125
1780625227703831600,8.94783154296875,0.167694091796875,0.9256744384765625,0.3125762939453125
1780625227713860600,8.957860595703124,0.1629180908203125,0.920623779296875,0.31951904296875
1780625227723890400,8.967890380859375,0.158721923828125,0.916778564453125,0.32513427734375
1780625227733919700,8.977919677734375,0.161407470703125,0.90869140625,0.326416015625
1780625227743948500,8.987948486328126,0.16387939453125,0.90643310546875,0.3232421875
1780625227753978400,8.997978271484374,0.1662750244140625,0.9097900390625,0.3187255859375
1780625227764007700,9.008007568359375,0.171661376953125,0.913116455078125,0.3148193359375
1780625227774036700,9.01803662109375,0.1746063232421875,0.9112548828125,0.30914306640625
1780625227784066600,9.028066650390626,0.175537109375,0.9073944091796875,0.3058624267578125
1780625227794095600,9.038095703125,0.171356201171875,0.909423828125,0.304107666015625
1780625227804124700,9.048124755859375,0.1682586669921875,0.9182891845703125,0.309478759765625
1780625227814154800,9.05815478515625,0.1575927734375,0.928558349609375,0.31317138671875
1780625227824183600,9.06818359375,0.149078369140625,0.9401702880859375,0.31414794921875
1780625227834212600,9.078212646484374,0.1525115966796875,0.946502685546875,0.3069000244140625
1780625227844242700,9.08824267578125,0.1553192138671875,0.948486328125,0.2962188720703125
1780625227854271700,9.098271728515625,0.161773681640625,0.9466094970703125,0.2887725830078125
1780625227864300500,9.108300537109375,0.1790924072265625,0.9414520263671875,0.2914886474609375
1780625227874330600,9.11833056640625,0.185577392578125,0.930084228515625,0.294921875
1780625227884359700,9.128359619140625,0.1825408935546875,0.91595458984375,0.3025970458984375
1780625227894388700,9.138388671875,0.1674346923828125,0.90673828125,0.311767578125
1780625227904418600,9.14841845703125,0.154083251953125,0.9012298583984375,0.316680908203125
1780625227914447600,9.158447509765624,0.1489715576171875,0.9032135009765625,0.3179931640625
1780625227924476700,9.1684765625,0.1527252197265625,0.9090728759765625,0.3153533935546875
1780625227934506800,9.1785068359375,0.158966064453125,0.9187469482421875,0.31011962890625
1780625227944535600,9.18853564453125,0.174407958984375,0.926971435546875,0.3099822998046875
1780625227954564600,9.198564697265626,0.1834564208984375,0.935394287109375,0.310302734375
1780625227964594700,9.2085947265625,0.181915283203125,0.9412384033203125,0.3059844970703125
1780625227974623700,9.218623779296875,0.1732177734375,0.940399169921875,0.3001861572265625
1780625227984652500,9.228652587890625,0.1637115478515625,0.9325714111328125,0.3001251220703125
1780625227994682600,9.2386826171875,0.157379150390625,0.92254638671875,0.2988433837890625
1780625228004711700,9.248711669921875,0.15911865234375,0.9216156005859375,0.2961578369140625
1780625228014740500,9.258740478515625,0.176116943359375,0.922607421875,0.2990570068359375
1780625228024770600,9.2687705078125,0.199981689453125,0.9254150390625,0.290252685546875
1780625228034799600,9.278799560546876,0.2200927734375,0.943939208984375,0.282745361328125
1780625228044828700,9.28882861328125,0.211639404296875,0.957305908203125,0.278472900390625
1780625228054858800,9.298858642578125,0.1816864013671875,0.9532470703125,0.279144287109375
1780625228064887600,9.308887451171875,0.16229248046875,0.94500732421875,0.2873687744140625
1780625228074916600,9.31891650390625,0.1539306640625,0.9371337890625,0.3024139404296875
1780625228084946700,9.32894677734375,0.1520538330078125,0.936767578125,0.3174285888671875
1780625228094975500,9.3389755859375,0.162353515625,0.9255523681640625,0.3247833251953125
1780625228105004500,9.349004638671875,0.1713104248046875,0.919891357421875,0.3289642333984375
1780625228115033600,9.35903369140625,0.1817474365234375,0.924957275390625,0.3231353759765625
1780625228125063700,9.369063720703124,0.1851654052734375,0.9300994873046875,0.3079071044921875
1780625228135092500,9.379092529296875,0.1774749755859375,0.9299163818359375,0.286102294921875
1780625228145121500,9.38912158203125,0.173675537109375,0.932830810546875,0.2691497802734375
1780625228155151600,9.399151611328126,0.177520751953125,0.949920654296875,0.25787353515625
1780625228165180700,9.4091806640625,0.187469482421875,0.9741973876953125,0.2510528564453125
1780625228175209500,9.41920947265625,0.1900177001953125,0.985992431640625,0.2471466064453125
1780625228185239600,9.429239501953125,0.1768646240234375,0.968109130859375,0.2474212646484375
1780625228195268600,9.4392685546875,0.1726226806640625,0.9390411376953125,0.26300048828125
1780625228205297400,9.44929736328125,0.1789703369140625,0.920318603515625,0.2814483642578125
1780625228215327500,9.459327392578125,0.1819305419921875,0.9188385009765625,0.291778564453125
1780625228225356500,9.4693564453125,0.1721649169921875,0.9212799072265625,0.2893524169921875
1780625228235385600,9.479385498046875,0.1569061279296875,0.92425537109375,0.2899017333984375
1780625228245415700,9.489415771484374,0.1529083251953125,0.9236907958984375,0.2837371826171875
1780625228255444500,9.499444580078125,0.1455078125,0.9240264892578125,0.2800750732421875
1780625228265473500,9.5094736328125,0.149169921875,0.91998291015625,0.2729339599609375
1780625228275503600,9.519503662109376,0.160980224609375,0.9182586669921875,0.2678375244140625
1780625228285532400,9.529532470703124,0.1688690185546875,0.9290924072265625,0.2633819580078125
1780625228295561500,9.5395615234375,0.1721343994140625,0.9417572021484375,0.26251220703125
1780625228305591600,9.549591552734375,0.1681671142578125,0.9431304931640625,0.2628631591796875
1780625228315620600,9.55962060546875,0.1596527099609375,0.9410858154296875,0.26171875
1780625228325649400,9.5696494140625,0.1600341796875,0.948883056640625,0.26715087890625
1780625228335679700,9.5796796875,0.1650390625,0.95233154296875,0.2703094482421875
1780625228345708500,9.58970849609375,0.1815032958984375,0.9615478515625,0.275909423828125
1780625228355737600,9.599737548828125,0.1878814697265625,0.9498748779296875,0.2584991455078125
1780625228365767700,9.609767578125,0.1821136474609375,0.952667236328125,0.2513275146484375
1780625228375796700,9.619796630859375,0.1683349609375,0.9486846923828125,0.2490386962890625
1780625228385825500,9.629825439453125,0.14678955078125,0.939910888671875,0.2443389892578125
1780625228395855600,9.639855712890625,0.1379852294921875,0.955078125,0.2540435791015625
1780625228405884700,9.649884765625,0.1402130126953125,0.953338623046875,0.263153076171875
1780625228415913500,9.65991357421875,0.150970458984375,0.9342803955078125,0.2640838623046875
1780625228425943600,9.669943603515625,0.16827392578125,0.933349609375,0.2563934326171875
1780625228435972600,9.67997265625,0.1923828125,0.9443817138671875,0.2512969970703125
1780625228446001700,9.690001708984376,0.1895751953125,0.95184326171875,0.25262451171875
1780625228456031700,9.70003173828125,0.170806884765625,0.9467926025390625,0.253326416015625
1780625228466060500,9.710060546875,0.1686859130859375,0.9485626220703125,0.2579803466796875
1780625228476089600,9.720089599609375,0.184783935546875,0.947509765625,0.25494384765625
1780625228486119700,9.73011962890625,0.1894378662109375,0.9409027099609375,0.2382354736328125
1780625228496148500,9.7401484375,0.1933441162109375,0.9453277587890625,0.2292938232421875
1780625228506177500,9.750177490234375,0.181854248046875,0.9454193115234375,0.2314453125
1780625228516207600,9.76020751953125,0.169769287109375,0.9410858154296875,0.232330322265625
1780625228526236700,9.770236572265626,0.1611785888671875,0.9409332275390625,0.235076904296875
1780625228536265700,9.780265625,0.143463134765625,0.947998046875,0.237213134765625
1780625228546294800,9.790294677734375,0.1322021484375,0.9514923095703125,0.2366180419921875
1780625228556324600,9.80032470703125,0.13433837890625,0.954620361328125,0.230072021484375
1780625228566354000,9.81035400390625,0.1492767333984375,0.9680328369140625,0.2310028076171875
1780625228576382700,9.8203828125,0.1636962890625,0.9725341796875,0.2276611328125
1780625228586412500,9.83041259765625,0.1652069091796875,0.9632415771484375,0.2242889404296875
1780625228596441900,9.84044189453125,0.1655426025390625,0.9556427001953125,0.22723388671875
1780625228606470700,9.850470703125,0.16351318359375,0.94256591796875,0.2277984619140625
1780625228616500700,9.860500732421874,0.1702880859375,0.94061279296875,0.234619140625
1780625228626529800,9.87052978515625,0.1742706298828125,0.9503326416015625,0.2423858642578125
1780625228636558800,9.880558837890625,0.1650848388671875,0.94488525390625,0.2394561767578125
1780625228646589000,9.8905888671875,0.1494598388671875,0.9493255615234375,0.241363525390625
1780625228656617700,9.90061767578125,0.1418609619140625,0.959320068359375,0.243896484375
1780625228666646800,9.910646728515625,0.141265869140625,0.9625396728515625,0.24285888671875
1780625228676676900,9.9206767578125,0.143585205078125,0.9601898193359375,0.2322845458984375
1780625228686705700,9.93070556640625,0.144744873046875,0.957611083984375,0.22344970703125
1780625228696734700,9.940734619140626,0.151031494140625,0.957489013671875,0.2190093994140625
1780625228706764800,9.950764892578125,0.1587371826171875,0.957122802734375,0.21685791015625
1780625228716793900,9.9607939453125,0.168609619140625,0.9647369384765625,0.21856689453125
1780625228726822700,9.97082275390625,0.1791534423828125,0.97186279296875,0.2170867919921875
1780625228736852700,9.980852783203124,0.1665191650390625,0.968597412109375,0.2205810546875
1780625228746881800,9.9908818359375,0.15130615234375,0.9670562744140625,0.229705810546875
1780625228756910800,10.000910888671875,0.1481170654296875,0.9671783447265625,0.236572265625
1780625228766940700,10.010940673828125,0.1461944580078125,0.962432861328125,0.246246337890625
1780625228776969700,10.0209697265625,0.1524505615234375,0.94610595703125,0.250885009765625
1780625228786998800,10.030998779296874,0.144317626953125,0.9432373046875,0.2553558349609375
1780625228797028900,10.04102880859375,0.1495513916015625,0.944427490234375,0.2467041015625
1780625228807057700,10.0510576171875,0.1500396728515625,0.94671630859375,0.2351531982421875
1780625228817086700,10.061086669921876,0.1487274169921875,0.9566497802734375,0.229705810546875
1780625228827116800,10.07111669921875,0.1526947021484375,0.9552764892578125,0.224456787109375
1780625228837145900,10.081145751953125,0.1593170166015625,0.95172119140625,0.2234039306640625
1780625228847174700,10.091174560546875,0.1617584228515625,0.9498291015625,0.2221221923828125
1780625228857204700,10.101204833984376,0.1572723388671875,0.9529571533203125,0.2222900390625
1780625228867233800,10.11123388671875,0.1556854248046875,0.958587646484375,0.2229461669921875
1780625228877262600,10.1212626953125,0.1596527099609375,0.9605255126953125,0.2263946533203125
1780625228887292700,10.131292724609375,0.16650390625,0.9573211669921875,0.22796630859375
1780625228897321700,10.14132177734375,0.15899658203125,0.9495391845703125,0.2257537841796875
1780625228907350800,10.151350830078124,0.1611785888671875,0.94610595703125,0.221221923828125
1780625228917380900,10.161380859375,0.17138671875,0.947509765625,0.213775634765625
1780625228927409700,10.17140966796875,0.170166015625,0.9515228271484375,0.2098846435546875
1780625228937438700,10.181438720703126,0.164642333984375,0.9557037353515625,0.2136077880859375
1780625228947468800,10.19146875,0.1620941162109375,0.95745849609375,0.2161712646484375
1780625228957497600,10.20149755859375,0.1598052978515625,0.9471282958984375,0.218109130859375
1780625228967526700,10.211526611328125,0.150360107421875,0.9365234375,0.2199249267578125
1780625228977556700,10.221556640625,0.144195556640625,0.93890380859375,0.225006103515625
1780625228987585800,10.231585693359374,0.1467742919921875,0.9426116943359375,0.2276153564453125
1780625228997614600,10.241614501953125,0.14337158203125,0.9437103271484375,0.2266693115234375
1780625229007643600,10.2516435546875,0.15179443359375,0.94818115234375,0.223419189453125
1780625229017673700,10.261673828125,0.16912841796875,0.9564056396484375,0.216339111328125
1780625229027702800,10.271702880859374,0.1766510009765625,0.9611968994140625,0.20947265625
1780625229037731600,10.281731689453125,0.175537109375,0.95916748046875,0.2064208984375
1780625229047761700,10.29176171875,0.165740966796875,0.9550323486328125,0.2076416015625
1780625229057790700,10.301790771484375,0.1601715087890625,0.9638671875,0.220062255859375
1780625229067819500,10.311819580078126,0.154449462890625,0.9638671875,0.2259979248046875
1780625229077849600,10.321849609375,0.144805908203125,0.957733154296875,0.229248046875
1780625229087878700,10.331878662109375,0.14495849609375,0.956817626953125,0.2313995361328125
1780625229097907700,10.34190771484375,0.1524810791015625,0.954315185546875,0.2264251708984375
1780625229107937800,10.351937744140624,0.1638641357421875,0.9502410888671875,0.21685791015625
1780625229117966600,10.361966552734375,0.18505859375,0.9600982666015625,0.2076416015625
1780625229127995600,10.37199560546875,0.1915283203125,0.967193603515625,0.197998046875
1780625229138025700,10.382025634765625,0.180755615234375,0.9694976806640625,0.1932525634765625
1780625229148054500,10.392054443359376,0.17840576171875,0.971710205078125,0.20147705078125
1780625229158083600,10.40208349609375,0.168853759765625,0.9728546142578125,0.2127685546875
1780625229168113700,10.41211376953125,0.1526947021484375,0.9685516357421875,0.221771240234375
1780625229178142700,10.422142822265625,0.136688232421875,0.960205078125,0.2315521240234375
1780625229188171500,10.432171630859376,0.129669189453125,0.9498138427734375,0.2289581298828125
1780625229198201600,10.44220166015625,0.1288299560546875,0.94207763671875,0.2201995849609375
1780625229208230700,10.452230712890625,0.146331787109375,0.945068359375,0.2119598388671875
1780625229218259700,10.462259765625,0.1619415283203125,0.954132080078125,0.204742431640625
1780625229228289500,10.47228955078125,0.1680145263671875,0.9596405029296875,0.2003021240234375
1780625229238318600,10.482318603515624,0.1703948974609375,0.959686279296875,0.198455810546875
1780625229248347600,10.49234765625,0.1587066650390625,0.9698486328125,0.2010040283203125
1780625229258377700,10.502377685546875,0.144134521484375,0.9730682373046875,0.19769287109375
1780625229268406500,10.512406494140626,0.14837646484375,0.9687347412109375,0.197174072265625
1780625229278435600,10.522435546875,0.149200439453125,0.9650421142578125,0.20025634765625
1780625229288465700,10.532465576171875,0.140380859375,0.9647369384765625,0.2046051025390625
1780625229298494700,10.54249462890625,0.1416473388671875,0.9598236083984375,0.2079620361328125
1780625229308523800,10.552523681640626,0.1417388916015625,0.9480743408203125,0.2094573974609375
1780625229318553600,10.5625537109375,0.1450042724609375,0.9450836181640625,0.2128448486328125
1780625229328582700,10.572582763671875,0.150390625,0.9520416259765625,0.218353271484375
1780625229338611000,10.58261083984375,0.14385986328125,0.954742431640625,0.2219390869140625
1780625229348641000,10.59264111328125,0.13531494140625,0.958343505859375,0.221435546875
1780625229358670000,10.602670166015624,0.126251220703125,0.957794189453125,0.221405029296875
1780625229368699000,10.612698974609375,0.134490966796875,0.9603729248046875,0.223602294921875
1780625229378729000,10.62272900390625,0.1393280029296875,0.96484375,0.224395751953125
1780625229388758000,10.632758056640625,0.1301116943359375,0.972564697265625,0.22357177734375
1780625229398787000,10.642787109375,0.120361328125,0.9783477783203125,0.2253265380859375
1780625229408817000,10.65281689453125,0.1097869873046875,0.9743499755859375,0.2207794189453125
1780625229418846000,10.662845947265625,0.0924224853515625,0.9703826904296875,0.2197265625
1780625229428875000,10.672875,0.0918426513671875,0.9705657958984375,0.22650146484375
1780625229438903800,10.68290380859375,0.092315673828125,0.972686767578125,0.2364349365234375
1780625229448934000,10.692933837890624,0.0995330810546875,0.9715728759765625,0.2463226318359375
1780625229458963000,10.702962890625,0.1063995361328125,0.95635986328125,0.248687744140625
1780625229468992000,10.712991943359375,0.1083984375,0.9568328857421875,0.2493743896484375
1780625229479022000,10.72302197265625,0.1090545654296875,0.95428466796875,0.2440643310546875
1780625229489051000,10.73305078125,0.11114501953125,0.951812744140625,0.2344512939453125
1780625229499080000,10.743079833984375,0.118438720703125,0.960693359375,0.235626220703125
1780625229509110000,10.753110107421875,0.1195068359375,0.967193603515625,0.24224853515625
1780625229519138800,10.763138916015626,0.1158294677734375,0.96533203125,0.246551513671875
1780625229529168000,10.77316796875,0.1025543212890625,0.9660491943359375,0.250640869140625
1780625229539198000,10.783197998046875,0.0995330810546875,0.9584808349609375,0.2480926513671875
1780625229549227000,10.79322705078125,0.095794677734375,0.9589080810546875,0.24554443359375
1780625229559255800,10.803255859375,0.08697509765625,0.9552154541015625,0.2418365478515625
1780625229569286000,10.813285888671874,0.0967559814453125,0.945556640625,0.2279052734375
1780625229579315000,10.82331494140625,0.1083831787109375,0.9453887939453125,0.2109832763671875
1780625229589344000,10.833343994140625,0.09796142578125,0.9522247314453125,0.19708251953125
1780625229599373800,10.843373779296876,0.1430816650390625,0.9562835693359375,0.1978759765625
1780625229609403000,10.85340283203125,0.163299560546875,0.9519500732421875,0.1799774169921875
1780625229619432000,10.863431884765625,0.1583404541015625,0.9662017822265625,0.166839599609375
1780625229629462000,10.8734619140625,0.141204833984375,0.9882354736328125,0.158538818359375
1780625229639490800,10.88349072265625,0.131011962890625,0.9903411865234375,0.16937255859375
1780625229649519900,10.893519775390626,0.1191253662109375,0.9866180419921875,0.19329833984375
1780625229659550000,10.903550048828125,0.1207733154296875,0.98284912109375,0.2314300537109375
1780625229669578800,10.913578857421875,0.12322998046875,0.979400634765625,0.2725067138671875
1780625229679607800,10.92360791015625,0.1191253662109375,0.97235107421875,0.3143463134765625
1780625229689638000,10.933637939453124,0.1149444580078125,0.9680938720703125,0.3471527099609375
1780625229699667000,10.9436669921875,0.1316070556640625,0.9675445556640625,0.3726959228515625
1780625229709695700,10.95369580078125,0.1539154052734375,0.9516754150390625,0.3818359375
1780625229719725800,10.963725830078126,0.174896240234375,0.9446868896484375,0.37591552734375
1780625229729755000,10.9737548828125,0.193572998046875,0.930511474609375,0.3509368896484375
1780625229739784000,10.983783935546874,0.2111663818359375,0.9286041259765625,0.3243865966796875
1780625229749813800,10.993813720703125,0.2302398681640625,0.9289703369140625,0.3054046630859375
1780625229759842800,11.0038427734375,0.2475738525390625,0.92584228515625,0.3019561767578125
1780625229769872000,11.013871826171876,0.2387847900390625,0.9208526611328125,0.3053436279296875
1780625229779902000,11.02390185546875,0.228759765625,0.912750244140625,0.3110809326171875
1780625229789930800,11.0339306640625,0.2134552001953125,0.9110565185546875,0.3226165771484375
1780625229799959800,11.043959716796875,0.2019500732421875,0.9010162353515625,0.3147125244140625
1780625229809990000,11.053989990234374,0.1795654296875,0.9092864990234375,0.3021392822265625
1780625229820019000,11.06401904296875,0.1793060302734375,0.9151153564453125,0.294525146484375
1780625229830047700,11.0740478515625,0.1902008056640625,0.9150238037109375,0.29559326171875
1780625229840077800,11.084077880859375,0.2028350830078125,0.9176483154296875,0.3024444580078125
1780625229850107000,11.09410693359375,0.2195892333984375,0.90960693359375,0.3058929443359375
1780625229860135700,11.1041357421875,0.2288665771484375,0.893585205078125,0.3050384521484375
1780625229870165000,11.1141650390625,0.2333221435546875,0.881683349609375,0.3039093017578125
1780625229880194800,11.12419482421875,0.2313385009765625,0.8842315673828125,0.312255859375
1780625229890223900,11.134223876953126,0.233154296875,0.892242431640625,0.3258819580078125
1780625229900253000,11.1442529296875,0.25115966796875,0.9045257568359375,0.347076416015625
1780625229910282800,11.15428271484375,0.269073486328125,0.918487548828125,0.3661346435546875
1780625229920311800,11.164311767578125,0.266143798828125,0.902801513671875,0.3690185546875
1780625229930341000,11.174341064453126,0.2669677734375,0.878631591796875,0.3564605712890625
1780625229940370700,11.18437060546875,0.27154541015625,0.8871612548828125,0.357940673828125
1780625229950400000,11.19439990234375,0.2999267578125,0.8943328857421875,0.3573455810546875
1780625229960429000,11.204428955078125,0.321136474609375,0.8959503173828125,0.3477783203125
1780625229970459000,11.214458984375,0.364288330078125,0.898406982421875,0.3427886962890625
1780625229980488000,11.224488037109374,0.378814697265625,0.898681640625,0.3264007568359375
1780625229990517000,11.23451708984375,0.3726806640625,0.891845703125,0.3036041259765625
1780625230000546800,11.244546875,0.380096435546875,0.890045166015625,0.3005828857421875
1780625230010576100,11.254576171875,0.374481201171875,0.868560791015625,0.311065673828125
1780625230020605000,11.26460498046875,0.3349151611328125,0.834808349609375,0.3246002197265625
1780625230030635000,11.274635009765625,0.2981414794921875,0.80767822265625,0.3487396240234375
1780625230040664000,11.2846640625,0.3080291748046875,0.8077239990234375,0.386138916015625
1780625230050692900,11.29469287109375,0.3077392578125,0.8023834228515625,0.4178009033203125
1780625230060723000,11.304722900390624,0.302154541015625,0.7900543212890625,0.4344482421875
1780625230070752000,11.314751953125,0.2934112548828125,0.7753753662109375,0.4305877685546875
1780625230080781000,11.324781005859375,0.272796630859375,0.7675018310546875,0.400482177734375
1780625230090811100,11.33481103515625,0.2125091552734375,0.7683258056640625,0.353302001953125
1780625230100840000,11.34483984375,0.1439361572265625,0.7881011962890625,0.3087615966796875
1780625230110869000,11.354868896484374,0.103668212890625,0.8325347900390625,0.293365478515625
1780625230120899000,11.364899169921875,0.0936279296875,0.8706817626953125,0.309173583984375
1780625230130927900,11.374927978515625,0.0921173095703125,0.8702850341796875,0.3341827392578125
1780625230140957000,11.38495703125,0.0969085693359375,0.8456878662109375,0.35113525390625
1780625230150987000,11.394987060546875,0.1241302490234375,0.823822021484375,0.359466552734375
1780625230161016000,11.40501611328125,0.1718597412109375,0.817138671875,0.3498382568359375
1780625230171044900,11.415044921875,0.218597412109375,0.8681182861328125,0.3187103271484375
1780625230181075000,11.425074951171876,0.3564300537109375,1.0329437255859375,0.306884765625
1780625230191104000,11.43510400390625,0.5110931396484375,1.1632843017578125,0.2993011474609375
1780625230201133000,11.445133056640625,0.530517578125,1.1721343994140625,0.29962158203125
1780625230211161900,11.455161865234375,0.453521728515625,1.0716094970703125,0.36480712890625
1780625230221192000,11.46519189453125,0.382720947265625,0.87005615234375,0.477325439453125
1780625230231221000,11.475220947265624,0.1924285888671875,0.740325927734375,0.50299072265625
1780625230241249800,11.485249755859375,-0.0254974365234375,0.79693603515625,0.4540557861328125
1780625230251280000,11.49527978515625,-0.0886077880859375,0.9355621337890625,0.400360107421875
1780625230261309000,11.505308837890626,-0.0134124755859375,1.031158447265625,0.3655548095703125
1780625230271338000,11.515337890625,0.1112823486328125,1.059661865234375,0.3308563232421875
1780625230281368000,11.5253681640625,0.188720703125,1.054840087890625,0.2939453125
1780625230291396900,11.53539697265625,0.1837615966796875,1.0240936279296875,0.2513275146484375
1780625230301426000,11.545426025390626,0.1220550537109375,0.9739837646484375,0.1884307861328125
1780625230311456000,11.5554560546875,0.1095733642578125,0.955841064453125,0.1721649169921875
1780625230321484800,11.56548486328125,0.1674957275390625,0.9414825439453125,0.2116851806640625
1780625230331513900,11.575513916015625,0.23968505859375,0.9109039306640625,0.267333984375
1780625230341544000,11.5855439453125,0.2621002197265625,0.89739990234375,0.3109893798828125
1780625230351573000,11.595572998046874,0.23968505859375,0.907867431640625,0.3389129638671875
1780625230361601800,11.605601806640625,0.187347412109375,0.928497314453125,0.3555145263671875
1780625230371631900,11.6156318359375,0.14971923828125,0.92926025390625,0.350250244140625
1780625230381661000,11.625660888671876,0.1259613037109375,0.9239654541015625,0.3403167724609375
1780625230391690000,11.63568994140625,0.1000518798828125,0.9110870361328125,0.3218231201171875
1780625230401719800,11.6457197265625,0.0850830078125,0.9013214111328125,0.2735443115234375
1780625230411748900,11.655748779296875,0.0801849365234375,0.9096527099609375,0.23114013671875
1780625230421778000,11.66577783203125,0.0995635986328125,0.9170379638671875,0.216949462890625
1780625230431808000,11.67580810546875,0.150390625,0.9243316650390625,0.215087890625
1780625230441836800,11.6858369140625,0.1894073486328125,0.93084716796875,0.2127532958984375
1780625230451865900,11.695865966796875,0.202392578125,0.9507293701171875,0.2231292724609375
1780625230461896000,11.70589599609375,0.196533203125,0.961639404296875,0.2359466552734375
1780625230471925000,11.715925048828124,0.182403564453125,0.958587646484375,0.2470855712890625
1780625230481953800,11.725953857421874,0.1556549072265625,0.964508056640625,0.2669830322265625
1780625230491984000,11.73598388671875,0.115325927734375,0.9708251953125,0.2901611328125
1780625230502013000,11.746012939453125,0.1162109375,0.9481353759765625,0.2905120849609375
1780625230512041700,11.756041748046876,0.1231231689453125,0.935577392578125,0.27325439453125
1780625230522071800,11.76607177734375,0.13458251953125,0.937042236328125,0.2581024169921875
1780625230532100900,11.776100830078125,0.1465911865234375,0.9426116943359375,0.2480926513671875
1780625230542130000,11.7861298828125,0.153717041015625,0.9488983154296875,0.2297210693359375
1780625230552160000,11.796159912109376,0.184051513671875,0.95361328125,0.20733642578125
1780625230562188800,11.806188720703124,0.1987457275390625,0.9669952392578125,0.193450927734375
1780625230572217900,11.8162177734375,0.1746368408203125,0.9799652099609375,0.2051239013671875
1780625230582248000,11.826248046875,0.170135498046875,0.9677886962890625,0.2089996337890625
1780625230592276700,11.83627685546875,0.1392059326171875,0.973480224609375,0.221771240234375
1780625230602305800,11.846305908203124,0.1435699462890625,0.957489013671875,0.223419189453125
1780625230612334800,11.8563349609375,0.14007568359375,0.9607391357421875,0.2334442138671875
1780625230622365000,11.866364990234375,0.1247100830078125,0.9673614501953125,0.2483367919921875
1780625230632393700,11.876393798828126,0.1335906982421875,0.95819091796875,0.2429046630859375
1780625230642423000,11.886423095703124,0.1340179443359375,0.9681854248046875,0.2384185791015625
1780625230652452900,11.896452880859375,0.1443328857421875,0.9716644287109375,0.2208251953125
1780625230662482000,11.90648193359375,0.143157958984375,0.98040771484375,0.204620361328125
1780625230672511000,11.916510986328126,0.1238555908203125,1.002838134765625,0.20684814453125
1780625230682540800,11.926540771484374,0.10552978515625,0.9944915771484375,0.1981048583984375
1780625230692569900,11.93656982421875,0.069976806640625,1.004547119140625,0.2089691162109375
1780625230702599000,11.946598876953125,0.0631256103515625,0.99365234375,0.212615966796875
1780625230712628700,11.956628662109376,0.089202880859375,0.9653472900390625,0.2027130126953125
1780625230722657800,11.96665771484375,0.094268798828125,0.9703521728515625,0.2221527099609375
1780625230732687000,11.97668701171875,0.1164398193359375,0.939422607421875,0.21484375
1780625230742716700,11.986716552734375,0.1161346435546875,0.9356689453125,0.2095947265625
1780625230752746000,11.99674609375,0.120758056640625,0.94256591796875,0.2017059326171875
1780625230762775000,12.006775146484374,0.14544677734375,0.9425811767578125,0.1844024658203125
1780625230772804900,12.016804931640625,0.1444244384765625,0.956756591796875,0.18109130859375
1780625230782834000,12.026833984375,0.142913818359375,0.960174560546875,0.18157958984375
1780625230792863000,12.036863037109375,0.13507080078125,0.9508819580078125,0.1740264892578125
1780625230802892800,12.046892822265624,0.1240234375,0.9507904052734375,0.1737060546875
1780625230812922000,12.056922119140625,0.1134796142578125,0.9525604248046875,0.176971435546875
1780625230822951000,12.066950927734375,0.1101531982421875,0.945556640625,0.169403076171875
1780625230832981000,12.07698095703125,0.1115264892578125,0.957794189453125,0.1685638427734375
1780625230843010000,12.087010009765624,0.10693359375,0.9670867919921875,0.1742095947265625
1780625230853039000,12.0970390625,0.101226806640625,0.97332763671875,0.182159423828125
1780625230863069000,12.10706884765625,0.1183319091796875,0.971649169921875,0.188232421875
1780625230873098000,12.117097900390625,0.1316375732421875,0.972808837890625,0.191070556640625
1780625230883127000,12.127126953125,0.13812255859375,0.9775543212890625,0.1976165771484375
1780625230893157000,12.1371572265625,0.1533050537109375,0.95538330078125,0.182342529296875
1780625230903186000,12.14718603515625,0.142242431640625,0.9593963623046875,0.165283203125
1780625230913215000,12.157215087890625,0.1213531494140625,0.968994140625,0.1606903076171875
1780625230923245000,12.1672451171875,0.1182403564453125,0.97454833984375,0.1666717529296875
1780625230933273900,12.17727392578125,0.1212158203125,0.97509765625,0.171356201171875
1780625230943303000,12.187302978515625,0.116851806640625,0.969512939453125,0.1750335693359375
1780625230953333000,12.1973330078125,0.10400390625,0.967193603515625,0.1868896484375
1780625230963362000,12.207362060546876,0.101104736328125,0.963348388671875,0.1994476318359375
1780625230973390800,12.217390869140624,0.097381591796875,0.969085693359375,0.2028656005859375
1780625230983421000,12.2274208984375,0.093353271484375,0.9720001220703125,0.1960601806640625
1780625230993450000,12.237449951171875,0.1145477294921875,0.9621429443359375,0.17364501953125
1780625231003479000,12.24747900390625,0.13427734375,0.9725494384765625,0.1660919189453125
1780625231013508900,12.2575087890625,0.1547393798828125,0.9780120849609375,0.159332275390625
1780625231023538000,12.267537841796875,0.14892578125,0.987274169921875,0.16693115234375
1780625231033567000,12.27756689453125,0.139373779296875,0.966278076171875,0.1692657470703125
1780625231043595800,12.287595703125,0.10137939453125,0.975006103515625,0.182098388671875
1780625231053625900,12.2976259765625,0.0936737060546875,0.976409912109375,0.188812255859375
1780625231063655000,12.307655029296875,0.114532470703125,0.9693603515625,0.187896728515625
1780625231073684000,12.31768408203125,0.117919921875,0.9764862060546875,0.19036865234375
1780625231083714000,12.327714111328126,0.0998382568359375,0.987060546875,0.1990966796875
1780625231093742800,12.337742919921874,0.1200103759765625,0.947052001953125,0.1930694580078125
1780625231103772000,12.34777197265625,0.124847412109375,0.9394989013671875,0.1897430419921875
1780625231113802000,12.357802001953125,0.1239776611328125,0.9431610107421875,0.189971923828125
1780625231123830800,12.367830810546875,0.12933349609375,0.9467010498046875,0.177703857421875
1780625231133859800,12.37785986328125,0.130615234375,0.962127685546875,0.17156982421875
1780625231143890000,12.387889892578125,0.1460113525390625,0.9620361328125,0.1536865234375
1780625231153919000,12.3979189453125,0.1442413330078125,0.9818267822265625,0.1488494873046875
1780625231163947800,12.40794775390625,0.1345672607421875,0.9947662353515625,0.1554718017578125
1780625231173977900,12.417977783203124,0.1368865966796875,0.977569580078125,0.1627044677734375
1780625231184007000,12.4280068359375,0.1269683837890625,0.9761810302734375,0.1760406494140625
1780625231194036000,12.438035888671875,0.1202850341796875,0.9594879150390625,0.18267822265625
1780625231204065800,12.448065673828125,0.119659423828125,0.9438018798828125,0.188446044921875
1780625231214094800,12.4580947265625,0.1318817138671875,0.9476776123046875,0.19952392578125
1780625231224124000,12.4681240234375,0.1356658935546875,0.950164794921875,0.2020416259765625
1780625231234154000,12.478154052734375,0.133026123046875,0.9502410888671875,0.1939697265625
1780625231244182800,12.488182861328125,0.1214447021484375,0.9503173828125,0.18035888671875
1780625231254211800,12.4982119140625,0.1175079345703125,0.955169677734375,0.167694091796875
1780625231264242000,12.508241943359375,0.126495361328125,0.964447021484375,0.1548004150390625
1780625231274271000,12.51827099609375,0.1359405517578125,0.9794158935546875,0.1483917236328125
1780625231284299800,12.5282998046875,0.14617919921875,0.9902801513671875,0.14556884765625
1780625231294329900,12.538329833984376,0.1519317626953125,1.00146484375,0.14776611328125
1780625231304359000,12.54835888671875,0.1480255126953125,0.9996490478515625,0.1508636474609375
1780625231314387700,12.5583876953125,0.1270904541015625,0.9902496337890625,0.1534271240234375
1780625231324417800,12.568417724609375,0.1153717041015625,0.9759674072265625,0.16217041015625
1780625231334446800,12.57844677734375,0.09942626953125,0.9620361328125,0.167083740234375
1780625231344476000,12.588475830078124,0.0886077880859375,0.9597625732421875,0.17694091796875
1780625231354506000,12.598506103515625,0.0945281982421875,0.9581451416015625,0.19146728515625
1780625231364534800,12.60853466796875,0.1082305908203125,0.95538330078125,0.2023162841796875
1780625231374563800,12.618563720703126,0.123016357421875,0.9603118896484375,0.2030181884765625
1780625231384594000,12.628593994140624,0.13629150390625,0.971893310546875,0.2000885009765625
1780625231394623000,12.638623046875,0.1437225341796875,0.978973388671875,0.1974029541015625
1780625231404651800,12.64865185546875,0.1363983154296875,0.9811248779296875,0.189666748046875
1780625231414680800,12.658680908203126,0.1260528564453125,0.98260498046875,0.18865966796875
1780625231424711000,12.6687109375,0.1206512451171875,0.976043701171875,0.1912384033203125
1780625231434740000,12.678739990234375,0.1049041748046875,0.9593963623046875,0.1969146728515625
1780625231444769000,12.68876904296875,0.0947418212890625,0.9547119140625,0.203125
1780625231454798800,12.698798828125,0.09844970703125,0.9603729248046875,0.2076416015625
1780625231464828000,12.708827880859374,0.1018524169921875,0.9642486572265625,0.2081451416015625
1780625231474857000,12.71885693359375,0.1046295166015625,0.964569091796875,0.203826904296875
1780625231484886800,12.72888671875,0.112457275390625,0.9656982421875,0.1966705322265625
1780625231494915800,12.738915771484375,0.1197509765625,0.9679718017578125,0.1921234130859375
1780625231504945200,12.748945068359374,0.121795654296875,0.9749755859375,0.1948394775390625
1780625231514974700,12.758974609375,0.1219482421875,0.9708709716796875,0.2029571533203125
1780625231525004000,12.769004150390625,0.119842529296875,0.9608154296875,0.2058258056640625
1780625231535033000,12.779033203125,0.1131591796875,0.9546661376953125,0.2107696533203125
1780625231545063000,12.78906298828125,0.106842041015625,0.9545135498046875,0.2134857177734375
1780625231555092000,12.799092041015625,0.0969390869140625,0.9514617919921875,0.212371826171875
1780625231565121000,12.80912109375,0.09149169921875,0.9459228515625,0.2109832763671875
1780625231575150800,12.81915087890625,0.0909271240234375,0.9456024169921875,0.2093658447265625
1780625231585180200,12.82918017578125,0.094329833984375,0.95263671875,0.2121429443359375
1780625231595209000,12.839208984375,0.0987701416015625,0.9591827392578125,0.2181549072265625
1780625231605239000,12.849239013671875,0.10516357421875,0.9654693603515625,0.2181243896484375
1780625231615268000,12.85926806640625,0.1137542724609375,0.967529296875,0.21435546875
1780625231625297000,12.869296875,0.1138916015625,0.9693603515625,0.209686279296875
1780625231635327000,12.879326904296875,0.1092529296875,0.9768218994140625,0.2061309814453125
1780625231645356000,12.88935595703125,0.109344482421875,0.9805755615234375,0.2065582275390625
1780625231655385000,12.899385009765625,0.10784912109375,0.972564697265625,0.204742431640625
1780625231665415200,12.909415283203124,0.1029510498046875,0.9595794677734375,0.200653076171875
1780625231675444000,12.91944384765625,0.0986175537109375,0.955902099609375,0.199859619140625
1780625231685473000,12.92947314453125,0.089202880859375,0.952239990234375,0.2008056640625
1780625231695503000,12.939503173828125,0.0891876220703125,0.9512939453125,0.2054290771484375
1780625231705532000,12.949531982421876,0.0952911376953125,0.947723388671875,0.2076263427734375
1780625231715561000,12.95956103515625,0.103485107421875,0.951812744140625,0.2083892822265625
1780625231725591000,12.969591064453125,0.1055908203125,0.9581756591796875,0.2080841064453125
1780625231735620000,12.9796201171875,0.113494873046875,0.96240234375,0.2066802978515625
1780625231745649000,12.98964892578125,0.1171875,0.9678802490234375,0.2038116455078125
1780625231755679000,12.999678955078124,0.1215972900390625,0.9706573486328125,0.203125
1780625231765708000,13.0097080078125,0.121673583984375,0.9631195068359375,0.200714111328125
1780625231775737000,13.019737060546875,0.1167755126953125,0.9585418701171875,0.1935577392578125
1780625231785766000,13.029765869140626,0.1150360107421875,0.962860107421875,0.189453125
1780625231795796000,13.0397958984375,0.1165618896484375,0.968414306640625,0.1898956298828125
1780625231805825000,13.049824951171875,0.1113433837890625,0.9731292724609375,0.1935577392578125
1780625231815853800,13.059853759765625,0.10137939453125,0.980621337890625,0.1970977783203125
1780625231825884000,13.0698837890625,0.092681884765625,0.98126220703125,0.2021484375
1780625231835913000,13.079912841796874,0.08648681640625,0.9719696044921875,0.2043609619140625
1780625231845942000,13.08994189453125,0.0863800048828125,0.9645538330078125,0.2018585205078125
1780625231855972000,13.09997216796875,0.0872650146484375,0.9622802734375,0.19830322265625
1780625231866001000,13.1100009765625,0.08941650390625,0.9607086181640625,0.195343017578125
1780625231876030000,13.120030029296874,0.091461181640625,0.9678192138671875,0.1922454833984375
1780625231886060000,13.13006005859375,0.0955657958984375,0.9719390869140625,0.191864013671875
1780625231896088800,13.1400888671875,0.0972442626953125,0.9766693115234375,0.190948486328125
1780625231906118000,13.150117919921875,0.096527099609375,0.9774169921875,0.189605712890625
1780625231916148000,13.16014794921875,0.0937957763671875,0.974884033203125,0.188720703125
1780625231926177000,13.170177001953125,0.0980072021484375,0.9766998291015625,0.1897430419921875
1780625231936205800,13.180205810546875,0.106842041015625,0.98138427734375,0.19342041015625
1780625231946236000,13.19023583984375,0.1045989990234375,0.9777374267578125,0.1902618408203125
1780625231956265000,13.200264892578126,0.0954132080078125,0.975738525390625,0.190521240234375
1780625231966294000,13.2102939453125,0.09210205078125,0.9742584228515625,0.194671630859375
1780625231976323800,13.22032373046875,0.09063720703125,0.9691314697265625,0.196380615234375
1780625231986353000,13.230352783203125,0.091461181640625,0.9661102294921875,0.19781494140625
1780625231996382000,13.2403818359375,0.09466552734375,0.9701690673828125,0.2001190185546875
1780625232006412000,13.250412109375,0.090576171875,0.9629974365234375,0.20123291015625
1780625232016440800,13.26044091796875,0.09124755859375,0.9541015625,0.2027587890625
1780625232026470000,13.270469970703125,0.09375,0.9505157470703125,0.1984710693359375
1780625232036500000,13.2805,0.0951080322265625,0.9563446044921875,0.1931304931640625
1780625232046529000,13.290529052734374,0.0946197509765625,0.95745849609375,0.1944732666015625
1780625232056557800,13.300557861328125,0.089569091796875,0.9595184326171875,0.1960601806640625
1780625232066588000,13.310587890625,0.085296630859375,0.968505859375,0.1915130615234375
1780625232076617000,13.320616943359376,0.08404541015625,0.9740447998046875,0.190032958984375
1780625232086645800,13.330645751953124,0.0871124267578125,0.9785003662109375,0.1877899169921875
1780625232096674800,13.3406748046875,0.093414306640625,0.9772491455078125,0.185394287109375
1780625232106705000,13.350704833984375,0.09722900390625,0.9726715087890625,0.187835693359375
1780625232116734000,13.36073388671875,0.0988311767578125,0.970703125,0.1914215087890625
1780625232126762800,13.3707626953125,0.095794677734375,0.9719085693359375,0.1887969970703125
1780625232136792800,13.380792724609375,0.0921630859375,0.974273681640625,0.1859893798828125
1780625232146822000,13.39082177734375,0.0908966064453125,0.978607177734375,0.1858367919921875
1780625232156851000,13.400850830078125,0.095428466796875,0.971343994140625,0.1892547607421875
1780625232166880800,13.410880859375,0.0987091064453125,0.96856689453125,0.1937713623046875
1780625232176909800,13.420909912109375,0.098175048828125,0.9701385498046875,0.196990966796875
1780625232186939000,13.43093896484375,0.0941314697265625,0.9650421142578125,0.1973419189453125
1780625232196969000,13.440968994140626,0.0921630859375,0.954559326171875,0.1972503662109375
1780625232206997800,13.450997802734374,0.092559814453125,0.9482574462890625,0.198394775390625
1780625232217027000,13.461027099609375,0.093658447265625,0.9556732177734375,0.1923675537109375
1780625232227057000,13.471056884765625,0.09564208984375,0.96429443359375,0.185516357421875
1780625232237086000,13.4810859375,0.097686767578125,0.9726104736328125,0.180908203125
1780625232247115000,13.491114990234376,0.097412109375,0.9766693115234375,0.176788330078125
1780625232257144800,13.501144775390625,0.1044921875,0.9768524169921875,0.1733856201171875
1780625232267174000,13.511173828125,0.1153717041015625,0.9750518798828125,0.1750030517578125
1780625232277203000,13.521202880859375,0.11834716796875,0.9702911376953125,0.1786956787109375
1780625232287232800,13.531232666015624,0.1138458251953125,0.9654541015625,0.185028076171875
1780625232297262000,13.541261962890625,0.110443115234375,0.9643096923828125,0.1937255859375
1780625232307291100,13.551291015625,0.1050872802734375,0.9632415771484375,0.1959075927734375
1780625232317321000,13.561321044921876,0.097412109375,0.9647674560546875,0.199493408203125
1780625232327350000,13.57135009765625,0.0924530029296875,0.964324951171875,0.200592041015625
1780625232337379300,13.58137939453125,0.0900726318359375,0.9654083251953125,0.1961669921875
1780625232347409200,13.5914091796875,0.08660888671875,0.9675750732421875,0.1903839111328125
1780625232357438200,13.601438232421875,0.0919647216796875,0.974578857421875,0.186859130859375
1780625232367467300,13.61146728515625,0.0971832275390625,0.982269287109375,0.187744140625
1780625232377496300,13.621496337890624,0.0935211181640625,0.9824676513671875,0.1880950927734375
1780625232387526400,13.6315263671875,0.0945587158203125,0.978485107421875,0.1866912841796875
1780625232397555500,13.641555419921875,0.0927886962890625,0.9723358154296875,0.185028076171875
1780625232407584300,13.651584228515626,0.0946807861328125,0.970184326171875,0.18585205078125
1780625232417614300,13.6616142578125,0.0961761474609375,0.97210693359375,0.1856689453125
1780625232427643400,13.671643310546875,0.09954833984375,0.9770050048828125,0.1847686767578125
1780625232437672400,13.68167236328125,0.1036529541015625,0.9718780517578125,0.1833648681640625
1780625232447702300,13.691702392578126,0.1064300537109375,0.9706268310546875,0.1851043701171875
1780625232457731300,13.7017314453125,0.1065216064453125,0.97650146484375,0.1847686767578125
1780625232467760400,13.711760498046875,0.101806640625,0.977996826171875,0.185791015625
1780625232477790500,13.72179052734375,0.0922698974609375,0.97613525390625,0.18658447265625
1780625232487819300,13.7318193359375,0.0860137939453125,0.9686431884765625,0.1836090087890625
1780625232497848300,13.741848388671874,0.07501220703125,0.9661712646484375,0.1809234619140625
1780625232507878400,13.75187841796875,0.0828704833984375,0.971771240234375,0.1793212890625
1780625232517907500,13.761907470703125,0.1002960205078125,0.9752349853515625,0.180938720703125
1780625232527936300,13.771936279296876,0.107208251953125,0.971405029296875,0.178802490234375
1780625232537966300,13.78196630859375,0.109771728515625,0.967071533203125,0.17388916015625
1780625232547995400,13.791995361328125,0.113311767578125,0.96942138671875,0.1779937744140625
1780625232558024200,13.802024169921875,0.116546630859375,0.970245361328125,0.1819610595703125
1780625232568054300,13.81205419921875,0.1102294921875,0.9671478271484375,0.18304443359375
1780625232578083300,13.822083251953124,0.096710205078125,0.9666748046875,0.1844635009765625
1780625232588112400,13.8321123046875,0.087310791015625,0.9626312255859375,0.1859893798828125
1780625232598142500,13.842142578125,0.083892822265625,0.960601806640625,0.1846923828125
1780625232608171300,13.852171142578126,0.086639404296875,0.9613494873046875,0.180511474609375
1780625232618200300,13.862200439453124,0.092132568359375,0.966888427734375,0.1770172119140625
1780625232628230400,13.87223046875,0.098052978515625,0.970001220703125,0.1749725341796875
1780625232638259200,13.88225927734375,0.102813720703125,0.9676361083984375,0.173553466796875
1780625232648288300,13.892288330078125,0.11224365234375,0.968231201171875,0.1731719970703125
1780625232658317300,13.9023173828125,0.120391845703125,0.9764251708984375,0.1761474609375
1780625232668347400,13.912347412109375,0.114501953125,0.9823150634765625,0.1768646240234375
1780625232678376200,13.922376220703125,0.10614013671875,0.9790802001953125,0.1782684326171875
1780625232688405200,13.9324052734375,0.0999755859375,0.97607421875,0.179290771484375
1780625232698435300,13.942435302734374,0.0990142822265625,0.973724365234375,0.17767333984375
1780625232708464400,13.95246435546875,0.097259521484375,0.969696044921875,0.178802490234375
1780625232718493200,13.9624931640625,0.09197998046875,0.96527099609375,0.1785125732421875
1780625232728523300,13.972523193359375,0.0948486328125,0.967041015625,0.180694580078125
1780625232738552300,13.98255224609375,0.09429931640625,0.9658355712890625,0.180633544921875
1780625232748581000,13.9925810546875,0.0889892578125,0.969085693359375,0.177947998046875
1780625232758611200,14.002611083984375,0.090423583984375,0.973785400390625,0.17822265625
1780625232768640300,14.01264013671875,0.0989227294921875,0.9752960205078125,0.1791839599609375
1780625232778669300,14.02266943359375,0.0991363525390625,0.9729156494140625,0.1764678955078125
1780625232788699400,14.032699462890625,0.09716796875,0.9735870361328125,0.1744384765625
1780625232798728200,14.042728271484375,0.0992889404296875,0.969818115234375,0.1723785400390625
1780625232808757200,14.05275732421875,0.112823486328125,0.97039794921875,0.1694488525390625
1780625232818787300,14.062787353515626,0.115386962890625,0.9741668701171875,0.164703369140625
1780625232828816100,14.072816162109374,0.106658935546875,0.9748992919921875,0.1621856689453125
1780625232838845200,14.08284521484375,0.1014556884765625,0.9759674072265625,0.16583251953125
1780625232848875300,14.092875244140625,0.1029052734375,0.9730682373046875,0.1706085205078125
1780625232858904300,14.102904296875,0.09564208984375,0.969818115234375,0.17181396484375
1780625232868933000,14.11293310546875,0.099334716796875,0.97357177734375,0.1748199462890625
1780625232878963200,14.122963134765625,0.1059417724609375,0.973358154296875,0.1734619140625
1780625232888992300,14.1329921875,0.09991455078125,0.9720611572265625,0.17010498046875
1780625232899021300,14.143021240234376,0.0983123779296875,0.9742279052734375,0.1741485595703125
1780625232909050000,14.153050048828124,0.1020965576171875,0.9732513427734375,0.174530029296875
1780625232919080200,14.163080078125,0.0984039306640625,0.966644287109375,0.1719512939453125
1780625232929109200,14.173109130859375,0.0988922119140625,0.9686279296875,0.171905517578125
1780625232939138000,14.183137939453125,0.0993804931640625,0.970703125,0.17413330078125
1780625232949168000,14.193168212890624,0.0952606201171875,0.965057373046875,0.1767120361328125
1780625232959197200,14.203197265625,0.0942840576171875,0.9626922607421875,0.18023681640625
1780625232969226200,14.213226318359375,0.0962066650390625,0.96221923828125,0.1806182861328125
1780625232979256300,14.22325634765625,0.100433349609375,0.9654541015625,0.1757659912109375
1780625232989285000,14.23328515625,0.102203369140625,0.9724884033203125,0.1697998046875
1780625232999314400,14.243314453125,0.1031494140625,0.981048583984375,0.165191650390625
1780625233009344300,14.25334423828125,0.104034423828125,0.9844818115234375,0.1627349853515625
1780625233019373000,14.263373046875,0.101593017578125,0.983062744140625,0.1633453369140625
1780625233029402400,14.27340234375,0.1063232421875,0.9788665771484375,0.1650543212890625
1780625233039432200,14.28343212890625,0.1024169921875,0.978851318359375,0.1638946533203125
1780625233049461200,14.293461181640625,0.0997161865234375,0.984344482421875,0.1636962890625
1780625233059490300,14.303490234375,0.0955963134765625,0.9790496826171875,0.1658477783203125
1780625233069520100,14.31352001953125,0.0928955078125,0.97100830078125,0.17010498046875
1780625233079549400,14.323549560546875,0.09149169921875,0.96453857421875,0.1702423095703125
1780625233089578500,14.33357861328125,0.086883544921875,0.9620819091796875,0.16986083984375
1780625233099608000,14.343608154296875,0.0883026123046875,0.9666290283203125,0.1684112548828125
1780625233109637400,14.353637451171876,0.0957794189453125,0.97503662109375,0.1703338623046875
1780625233119666400,14.36366650390625,0.099853515625,0.9764862060546875,0.169342041015625
1780625233129696300,14.3736962890625,0.0964813232421875,0.9776153564453125,0.170074462890625
1780625233139725300,14.383725341796875,0.094451904296875,0.9824676513671875,0.1748504638671875
1780625233149754400,14.39375439453125,0.0917510986328125,0.9785614013671875,0.1783599853515625
1780625233159783400,14.403783447265624,0.0886383056640625,0.9676971435546875,0.17791748046875
1780625233169813500,14.4138134765625,0.0888671875,0.969635009765625,0.1708221435546875
1780625233179842300,14.42384228515625,0.0944976806640625,0.9715118408203125,0.1602935791015625
1780625233189871400,14.433871337890626,0.105926513671875,0.97882080078125,0.15728759765625
1780625233199901400,14.4439013671875,0.11297607421875,0.9863128662109375,0.160919189453125
1780625233209930200,14.45393017578125,0.1055908203125,0.980682373046875,0.16229248046875
1780625233219959300,14.463959228515625,0.088958740234375,0.9779205322265625,0.1616668701171875
1780625233229989400,14.4739892578125,0.0912628173828125,0.9841766357421875,0.164459228515625
1780625233240018400,14.484018310546874,0.089996337890625,0.9819793701171875,0.1634063720703125
1780625233250047200,14.494047119140625,0.0783233642578125,0.9737548828125,0.164794921875
1780625233260077300,14.504077392578125,0.075897216796875,0.96807861328125,0.166900634765625
1780625233270106400,14.5141064453125,0.0786895751953125,0.9688568115234375,0.1694488525390625
1780625233280135400,14.524135498046874,0.081024169921875,0.9742279052734375,0.167022705078125
1780625233290165200,14.534165283203125,0.08514404296875,0.9787139892578125,0.16229248046875
1780625233300194300,14.5441943359375,0.0869903564453125,0.982757568359375,0.1553802490234375
1780625233310223400,14.554223388671875,0.093048095703125,0.985565185546875,0.1539306640625
1780625233320253400,14.56425341796875,0.0944976806640625,0.9806060791015625,0.155609130859375
1780625233330282200,14.5742822265625,0.088531494140625,0.9761810302734375,0.159393310546875
1780625233340310800,14.584310791015625,0.08453369140625,0.9730377197265625,0.1643829345703125
1780625233350340900,14.5943408203125,0.08050537109375,0.9682159423828125,0.170013427734375
1780625233360370000,14.604369873046876,0.079071044921875,0.965179443359375,0.1767120361328125
1780625233370399000,14.61439892578125,0.0795745849609375,0.9702606201171875,0.182281494140625
1780625233380427800,14.624427734375,0.07391357421875,0.978424072265625,0.184051513671875
1780625233390457900,14.634457763671875,0.071136474609375,0.9829559326171875,0.1845550537109375
1780625233400487000,14.64448681640625,0.072296142578125,0.9804840087890625,0.1850128173828125
1780625233410516000,14.654515869140624,0.073394775390625,0.97637939453125,0.178924560546875
1780625233420545800,14.6645458984375,0.0701141357421875,0.972076416015625,0.1775970458984375
1780625233430574800,14.674574951171875,0.0642242431640625,0.9613189697265625,0.1726226806640625
1780625233440604000,14.68460400390625,0.0570526123046875,0.9583740234375,0.1690521240234375
1780625233450634000,14.694634033203124,0.0570068359375,0.9676361083984375,0.1726226806640625
1780625233460662800,14.704662841796875,0.0652923583984375,0.9775848388671875,0.1783905029296875
1780625233470691800,14.71469189453125,0.0729522705078125,0.983673095703125,0.184844970703125
1780625233480722000,14.724721923828126,0.0707244873046875,0.9856414794921875,0.191925048828125
1780625233490750700,14.734750732421874,0.0714569091796875,0.981689453125,0.1976318359375
1780625233500779800,14.74477978515625,0.07159423828125,0.9821929931640625,0.20196533203125
1780625233510809900,14.754809814453125,0.065765380859375,0.980804443359375,0.2044219970703125
1780625233520839000,14.7648388671875,0.057952880859375,0.973602294921875,0.2085723876953125
1780625233530867700,14.77486767578125,0.05413818359375,0.970672607421875,0.208892822265625
1780625233540897800,14.784897705078125,0.060638427734375,0.9717559814453125,0.202911376953125
1780625233550926800,14.7949267578125,0.0701141357421875,0.9749755859375,0.1922454833984375
1780625233560956000,14.804955810546875,0.073883056640625,0.9780426025390625,0.1860809326171875
1780625233570985700,14.81498583984375,0.07147216796875,0.97381591796875,0.178558349609375
1780625233581014800,14.825014892578125,0.065277099609375,0.9732818603515625,0.1788177490234375
1780625233591043800,14.8350439453125,0.06304931640625,0.976806640625,0.18145751953125
1780625233601074000,14.845073974609376,0.0714569091796875,0.9673919677734375,0.1800994873046875
1780625233611102700,14.855102783203124,0.0781707763671875,0.9646148681640625,0.1788787841796875
1780625233621131800,14.8651318359375,0.08056640625,0.9605560302734375,0.1784515380859375
1780625233631161900,14.875161865234375,0.083251953125,0.9526519775390625,0.1792755126953125
1780625233641191000,14.88519091796875,0.0936737060546875,0.9504241943359375,0.1746673583984375
1780625233651220000,14.895219970703126,0.113372802734375,0.9578094482421875,0.1743927001953125
1780625233661249000,14.9052490234375,0.137451171875,0.9512481689453125,0.163299560546875
1780625233671278800,14.91527880859375,0.1475067138671875,0.97088623046875,0.1514434814453125
1780625233681308000,14.925307861328125,0.13323974609375,0.97393798828125,0.134979248046875
1780625233691337000,14.9353369140625,0.127410888671875,0.9861602783203125,0.1298980712890625
1780625233701366800,14.94536669921875,0.1323394775390625,0.9839019775390625,0.12701416015625
1780625233711396000,14.95539599609375,0.1353302001953125,0.9749755859375,0.1248626708984375
1780625233721425000,14.9654248046875,0.125946044921875,0.9954986572265625,0.1396942138671875
1780625233731455000,14.975455078125,0.1211700439453125,0.981964111328125,0.15032958984375
1780625233741484000,14.985484130859374,0.1055755615234375,0.970367431640625,0.1552734375
1780625233751513000,14.99551318359375,0.086761474609375,0.9739532470703125,0.158905029296875
1780625233761543000,15.00554296875,0.0737457275390625,0.9727935791015625,0.1619873046875
1780625233771572000,15.015572021484376,0.065765380859375,0.9801483154296875,0.1691131591796875
1780625233781601000,15.02560107421875,0.091552734375,0.95477294921875,0.1588287353515625
1780625233791631000,15.035631103515625,0.0860748291015625,0.96746826171875,0.152984619140625
1780625233801660000,15.045659912109375,0.0969390869140625,0.976226806640625,0.1591949462890625
1780625233811689000,15.05568896484375,0.11871337890625,0.9724578857421875,0.1621246337890625
1780625233821719000,15.065718994140624,0.1044464111328125,0.9750213623046875,0.1599578857421875
1780625233831748000,15.075748046875,0.1029510498046875,0.9458770751953125,0.143280029296875
1780625233841777000,15.08577685546875,0.1045379638671875,0.9578704833984375,0.1335906982421875
1780625233851807000,15.095806884765626,0.101226806640625,0.982269287109375,0.1371307373046875
1780625233861836000,15.1058359375,0.0939178466796875,0.9938507080078125,0.150909423828125
1780625233871864800,15.11586474609375,0.0920867919921875,0.9775238037109375,0.1643829345703125
1780625233881895000,15.12589501953125,0.0859375,0.96533203125,0.1708526611328125
1780625233891924000,15.135924072265626,0.0849456787109375,0.9686126708984375,0.173736572265625
1780625233901953000,15.145953125,0.086669921875,0.972625732421875,0.169189453125
1780625233911981800,15.15598193359375,0.0825042724609375,0.97271728515625,0.1567840576171875
1780625233922012000,15.166011962890625,0.0823211669921875,0.9722900390625,0.1483154296875
1780625233932041000,15.176041015625,0.0964813232421875,0.9727935791015625,0.1504974365234375
1780625233942070000,15.186070068359374,0.0986328125,0.974517822265625,0.1566619873046875
1780625233952099800,15.196099853515625,0.10321044921875,0.9716796875,0.156890869140625
1780625233962129000,15.20612890625,0.1222381591796875,0.9890594482421875,0.1597747802734375
1780625233972158000,15.216157958984375,0.115570068359375,0.9969329833984375,0.15655517578125
1780625233982188000,15.22618798828125,0.1017913818359375,0.993438720703125,0.1563262939453125
1780625233992216800,15.236216796875,0.0820465087890625,0.985809326171875,0.1591949462890625
1780625234002246000,15.246245849609375,0.05999755859375,0.97747802734375,0.159454345703125
1780625234012276000,15.25627587890625,0.044464111328125,0.9632720947265625,0.165679931640625
1780625234022305000,15.266304931640626,0.0413360595703125,0.9542694091796875,0.173370361328125
1780625234032333800,15.276333740234374,0.05419921875,0.9479522705078125,0.18017578125
1780625234042364000,15.286364013671875,0.0751953125,0.9467315673828125,0.1824493408203125
1780625234052393000,15.29639306640625,0.101348876953125,0.95697021484375,0.1713104248046875
1780625234062421800,15.306421875,0.12060546875,0.980194091796875,0.156890869140625
1780625234072451800,15.316451904296875,0.11834716796875,0.9908599853515625,0.148162841796875
1780625234082481000,15.32648095703125,0.10723876953125,0.985443115234375,0.1505889892578125
1780625234092510000,15.336510009765625,0.09271240234375,0.980224609375,0.15911865234375
1780625234102540000,15.3465400390625,0.0718536376953125,0.9742889404296875,0.16534423828125
1780625234112568800,15.35656884765625,0.0700225830078125,0.9700164794921875,0.172027587890625
1780625234122598000,15.366597900390625,0.072296142578125,0.968536376953125,0.176666259765625
1780625234132628000,15.3766279296875,0.0726165771484375,0.9628143310546875,0.177215576171875
1780625234142656800,15.38665673828125,0.083740234375,0.9584808349609375,0.17608642578125
1780625234152685800,15.396685791015624,0.0989990234375,0.9593658447265625,0.1726531982421875
1780625234162715000,15.40671484375,0.1104736328125,0.9630584716796875,0.1683807373046875
1780625234172745000,15.416744873046875,0.1248321533203125,0.9712677001953125,0.160980224609375
1780625234182773800,15.426773681640626,0.122161865234375,0.974700927734375,0.15985107421875
1780625234192802800,15.436802734375,0.123321533203125,0.97418212890625,0.1645050048828125
1780625234202833000,15.4468330078125,0.1131439208984375,0.9735565185546875,0.1681976318359375
1780625234212862000,15.456862060546875,0.0996856689453125,0.971649169921875,0.1693267822265625
1780625234222890800,15.466890869140625,0.0902862548828125,0.9660491943359375,0.166534423828125
1780625234232920800,15.4769208984375,0.0709228515625,0.9610137939453125,0.164337158203125
1780625234242950000,15.486949951171875,0.0697021484375,0.9695587158203125,0.164947509765625
1780625234252978700,15.496978759765625,0.0804595947265625,0.982330322265625,0.166015625
1780625234263008800,15.5070087890625,0.092559814453125,0.986175537109375,0.165863037109375
1780625234273037800,15.517037841796874,0.1024169921875,0.9870147705078125,0.1634368896484375
1780625234283067000,15.52706689453125,0.1003875732421875,0.9818572998046875,0.161773681640625
1780625234293097000,15.537096923828125,0.095855712890625,0.970916748046875,0.16168212890625
1780625234303125800,15.547125732421875,0.0816802978515625,0.9708404541015625,0.1653594970703125
1780625234313154800,15.55715478515625,0.0780029296875,0.9682159423828125,0.1688232421875
1780625234323185000,15.567184814453125,0.078216552734375,0.971282958984375,0.1734161376953125
1780625234333213700,15.577213623046875,0.076385498046875,0.9716949462890625,0.17327880859375
1780625234343243300,15.5872431640625,0.0740509033203125,0.972503662109375,0.1724395751953125
1780625234353273300,15.5972734375,0.0741729736328125,0.967437744140625,0.1737060546875
1780625234363302100,15.60730224609375,0.0745391845703125,0.95904541015625,0.1699371337890625
1780625234373331200,15.617331298828125,0.0675811767578125,0.95916748046875,0.1655731201171875
1780625234383361300,15.627361328125,0.06341552734375,0.964385986328125,0.1650848388671875
1780625234393390000,15.63739013671875,0.06207275390625,0.9696502685546875,0.1656494140625
1780625234403419100,15.647419189453124,0.0681304931640625,0.971710205078125,0.1662750244140625
1780625234413449200,15.65744921875,0.0816192626953125,0.9730072021484375,0.16217041015625
1780625234423478300,15.667478271484375,0.0937652587890625,0.9737396240234375,0.1544189453125
1780625234433507300,15.67750732421875,0.103607177734375,0.9810333251953125,0.149383544921875
1780625234443536400,15.687536376953124,0.110260009765625,0.989349365234375,0.1468353271484375
1780625234453566200,15.697566162109375,0.118499755859375,0.9951019287109375,0.14727783203125
1780625234463595300,15.70759521484375,0.1180877685546875,0.98834228515625,0.146759033203125
1780625234473624300,15.717624267578126,0.10784912109375,0.9835968017578125,0.1453399658203125
1780625234483654100,15.727654052734374,0.0993499755859375,0.9837799072265625,0.1470489501953125
1780625234493683500,15.737683349609375,0.0880584716796875,0.980712890625,0.1544036865234375
1780625234503712300,15.747712158203125,0.079376220703125,0.9744110107421875,0.15997314453125
1780625234513742300,15.757742431640626,0.075439453125,0.9683837890625,0.163299560546875
1780625234523771400,15.767771484375,0.0701751708984375,0.9709320068359375,0.165863037109375
1780625234533800400,15.777800537109375,0.0698699951171875,0.9738311767578125,0.1670074462890625
1780625234543830300,15.787830322265625,0.0716400146484375,0.9712677001953125,0.1634521484375
1780625234553859300,15.797859375,0.0727996826171875,0.9736480712890625,0.1585540771484375
1780625234563888400,15.807888427734374,0.075469970703125,0.976104736328125,0.154937744140625
1780625234573918500,15.81791845703125,0.0763397216796875,0.97955322265625,0.1534423828125
1780625234583947300,15.827947265625,0.0781097412109375,0.9804840087890625,0.1488800048828125
1780625234593976300,15.837976318359376,0.078369140625,0.979736328125,0.147735595703125
1780625234604006400,15.84800634765625,0.0783538818359375,0.983154296875,0.1494293212890625
1780625234614035500,15.858035400390625,0.07958984375,0.9838409423828125,0.151611328125
1780625234624064300,15.868064208984375,0.0853271484375,0.9826812744140625,0.15362548828125
1780625234634094300,15.87809423828125,0.089874267578125,0.978515625,0.15362548828125
1780625234644123400,15.888123291015624,0.0939483642578125,0.973663330078125,0.15325927734375
1780625234654152400,15.89815234375,0.0963897705078125,0.97161865234375,0.15692138671875
1780625234664182300,15.908182373046875,0.0971832275390625,0.9655303955078125,0.1560821533203125
1780625234674211300,15.91821142578125,0.0825958251953125,0.965362548828125,0.1510009765625
1780625234684240400,15.928240478515624,0.0712432861328125,0.97259521484375,0.14654541015625
1780625234694269200,15.938269287109375,0.0758514404296875,0.9790496826171875,0.14227294921875
1780625234704299300,15.94829931640625,0.0826568603515625,0.98736572265625,0.1384124755859375
1780625234714328300,15.958328369140625,0.0898284912109375,0.988311767578125,0.134063720703125
1780625234724357400,15.968357421875,0.0944976806640625,0.983978271484375,0.13232421875
1780625234734387500,15.978387451171875,0.09027099609375,0.977386474609375,0.13232421875
1780625234744416300,15.988416259765625,0.08251953125,0.96917724609375,0.1370849609375
1780625234754445300,15.9984453125,0.07965087890625,0.9626007080078125,0.146636962890625
1780625234764475400,16.008475341796874,0.0816650390625,0.96173095703125,0.1551666259765625
1780625234774504200,16.018504150390626,0.0797576904296875,0.964630126953125,0.157073974609375
1780625234784533200,16.028533203125,0.077117919921875,0.968170166015625,0.154296875
1780625234794563300,16.038563232421875,0.0771331787109375,0.9715423583984375,0.14697265625
1780625234804592400,16.04859228515625,0.0749664306640625,0.9742889404296875,0.142303466796875
1780625234814621200,16.05862109375,0.073577880859375,0.980712890625,0.143280029296875
1780625234824651300,16.0686513671875,0.0756378173828125,0.988861083984375,0.1416168212890625
1780625234834680300,16.078680419921874,0.07904052734375,0.991363525390625,0.1397705078125
1780625234844709400,16.08870947265625,0.081146240234375,0.9919281005859375,0.1365966796875
1780625234854739200,16.0987392578125,0.082427978515625,0.9919891357421875,0.135711669921875
1780625234864768300,16.108768310546875,0.087371826171875,0.9878387451171875,0.1371002197265625
1780625234874797300,16.11879736328125,0.090118408203125,0.9847259521484375,0.1382598876953125
1780625234884827400,16.128827392578124,0.0858001708984375,0.9862060546875,0.1390228271484375
1780625234894856200,16.138856201171876,0.0834808349609375,0.9874114990234375,0.1401214599609375
1780625234904885200,16.14888525390625,0.0809783935546875,0.9899444580078125,0.1419830322265625
1780625234914915300,16.158915283203125,0.0797882080078125,0.9843902587890625,0.142913818359375
1780625234924944400,16.1689443359375,0.073272705078125,0.974456787109375,0.1441497802734375
1780625234934973200,16.17897314453125,0.0715789794921875,0.9706573486328125,0.144012451171875
1780625234945002200,16.189002197265626,0.0673828125,0.9706878662109375,0.134796142578125
1780625234955032300,16.1990322265625,0.0709075927734375,0.9749755859375,0.1286773681640625
1780625234965061000,16.20906103515625,0.0749969482421875,0.9774627685546875,0.1273651123046875
1780625234975090200,16.219090087890624,0.073822021484375,0.9797821044921875,0.13043212890625
1780625234985120300,16.229120361328125,0.0740966796875,0.9792022705078125,0.13507080078125
1780625234995149300,16.2391494140625,0.0796051025390625,0.9802093505859375,0.1386260986328125
1780625235005178000,16.24917822265625,0.0912933349609375,0.9788970947265625,0.13916015625
1780625235015208200,16.259208251953126,0.1024322509765625,0.9781646728515625,0.13525390625
1780625235025237200,16.2692373046875,0.1048736572265625,0.983062744140625,0.133392333984375
1780625235035266300,16.279266357421875,0.1032257080078125,0.98663330078125,0.1288909912109375
1780625235045296000,16.289296142578124,0.0957489013671875,0.991668701171875,0.126556396484375
1780625235055325200,16.2993251953125,0.0894012451171875,0.99560546875,0.127349853515625
1780625235065354200,16.309354248046876,0.0855255126953125,0.9878387451171875,0.1268157958984375
1780625235075384300,16.31938427734375,0.08050537109375,0.980987548828125,0.12445068359375
1780625235085413000,16.3294130859375,0.0713653564453125,0.9755096435546875,0.13092041015625
1780625235095442200,16.339442138671874,0.0714263916015625,0.96795654296875,0.143157958984375
1780625235105472300,16.34947216796875,0.0699920654296875,0.9639129638671875,0.1529693603515625
1780625235115501000,16.3595009765625,0.067352294921875,0.9662933349609375,0.150848388671875
1780625235125530400,16.3695302734375,0.07745361328125,0.9737396240234375,0.1452484130859375
1780625235135560200,16.379560302734376,0.0847625732421875,0.9726409912109375,0.1387176513671875
1780625235145589200,16.38958935546875,0.088714599609375,0.9730377197265625,0.12957763671875
1780625235155618300,16.399618408203125,0.09033203125,0.9775543212890625,0.1240234375
1780625235165648100,16.409648193359374,0.0927276611328125,0.9833526611328125,0.1278076171875
1780625235175677200,16.41967724609375,0.091796875,0.9832611083984375,0.13165283203125
1780625235185706500,16.42970654296875,0.083587646484375,0.9832305908203125,0.134735107421875
1780625235195736000,16.439736083984375,0.075103759765625,0.9796905517578125,0.1356048583984375
1780625235205765000,16.44976513671875,0.07391357421875,0.97845458984375,0.1370086669921875
1780625235215794400,16.45979443359375,0.0753631591796875,0.97869873046875,0.1365966796875
1780625235225824300,16.46982421875,0.072479248046875,0.9797821044921875,0.1332550048828125
1780625235235853300,16.479853271484377,0.07635498046875,0.9852447509765625,0.13421630859375
1780625235245882400,16.48988232421875,0.0836181640625,0.9904327392578125,0.1329803466796875
1780625235255911400,16.499911376953126,0.087677001953125,0.990081787109375,0.1257781982421875
1780625235265941500,16.50994140625,0.0854644775390625,0.989349365234375,0.121124267578125
1780625235275970300,16.51997021484375,0.09283447265625,0.994384765625,0.123138427734375
1780625235285999400,16.529999267578123,0.09613037109375,0.9900970458984375,0.1233062744140625
1780625235296029400,16.540029541015624,0.0888671875,0.9835052490234375,0.1226348876953125
1780625235306058200,16.550058349609376,0.085418701171875,0.980560302734375,0.126312255859375
1780625235316087300,16.56008740234375,0.082000732421875,0.977142333984375,0.12811279296875
1780625235326117400,16.570117431640625,0.077423095703125,0.9768829345703125,0.125640869140625
1780625235336146400,16.580146484375,0.0753631591796875,0.9780120849609375,0.1238250732421875
1780625235346175000,16.590175048828126,0.0730133056640625,0.979888916015625,0.1269683837890625
1780625235356205000,16.600205078125,0.07757568359375,0.9767608642578125,0.1322174072265625
1780625235366233900,16.61023388671875,0.0839385986328125,0.97186279296875,0.13250732421875
1780625235376263000,16.620262939453124,0.090087890625,0.97479248046875,0.12957763671875
1780625235386293000,16.63029296875,0.1008758544921875,0.9807891845703125,0.12860107421875
1780625235396322000,16.640322021484376,0.1110382080078125,0.9830780029296875,0.1341705322265625
1780625235406350800,16.650350830078125,0.1095733642578125,0.9813690185546875,0.139801025390625
1780625235416381000,16.660380859375,0.0912933349609375,0.980010986328125,0.1414031982421875
1780625235426410000,16.670409912109374,0.0753631591796875,0.97589111328125,0.137237548828125
1780625235436438800,16.680438720703126,0.073455810546875,0.97064208984375,0.1326141357421875
1780625235446468900,16.69046875,0.076446533203125,0.9683837890625,0.1310882568359375
1780625235456498000,16.700497802734375,0.0763092041015625,0.9746246337890625,0.12744140625
1780625235466527000,16.71052685546875,0.0808258056640625,0.976959228515625,0.1222381591796875
1780625235476557000,16.72055712890625,0.0898284912109375,0.9775848388671875,0.1189422607421875
1780625235486585900,16.7305859375,0.09820556640625,0.9749603271484375,0.12298583984375
1780625235496615000,16.740614990234373,0.1039581298828125,0.97393798828125,0.1242828369140625
1780625235506645000,16.75064501953125,0.102203369140625,0.978759765625,0.1247406005859375
1780625235516673800,16.760673828125,0.095733642578125,0.9803009033203125,0.1234283447265625
1780625235526702800,16.770702880859375,0.09515380859375,0.980377197265625,0.1198272705078125
1780625235536733000,16.78073291015625,0.09234619140625,0.9847259521484375,0.1213531494140625
1780625235546762000,16.790761962890624,0.091888427734375,0.9849853515625,0.122711181640625
1780625235556790800,16.800790771484376,0.086822509765625,0.9863128662109375,0.1232757568359375
1780625235566820900,16.81082080078125,0.089996337890625,0.9876708984375,0.121368408203125
1780625235576850000,16.820849853515625,0.0937652587890625,0.9835205078125,0.121734619140625
1780625235586879000,16.83087890625,0.0983734130859375,0.9849853515625,0.124267578125
1780625235596908800,16.84090869140625,0.10009765625,0.9819793701171875,0.1290283203125
1780625235606937900,16.850937744140627,0.09320068359375,0.9786224365234375,0.1300506591796875
1780625235616967000,16.860966796875,0.0838470458984375,0.9747467041015625,0.130218505859375
1780625235626997000,16.8709970703125,0.077301025390625,0.969512939453125,0.1292266845703125
1780625235637025800,16.88102587890625,0.0776214599609375,0.96551513671875,0.130218505859375
1780625235647054800,16.891054931640625,0.079925537109375,0.9672698974609375,0.12890625
1780625235657085000,16.9010849609375,0.0808563232421875,0.974029541015625,0.1248626708984375
1780625235667114000,16.911114013671874,0.092010498046875,0.980010986328125,0.122406005859375
1780625235677142800,16.921142822265626,0.1024169921875,0.9837799072265625,0.11920166015625
1780625235687172900,16.9311728515625,0.1159210205078125,0.9898223876953125,0.116973876953125
1780625235697202000,16.941201904296875,0.117401123046875,0.9911651611328125,0.1164703369140625
1780625235707230700,16.951230712890624,0.11187744140625,0.99029541015625,0.12158203125
1780625235717260800,16.9612607421875,0.09521484375,0.982147216796875,0.123992919921875
1780625235727289900,16.971289794921876,0.08001708984375,0.9843292236328125,0.1265411376953125
1780625235737319000,16.98131884765625,0.0683441162109375,0.98590087890625,0.1307373046875
1780625235747349000,16.991348876953126,0.066162109375,0.985595703125,0.13409423828125
1780625235757377800,17.001377685546874,0.07257080078125,0.9836883544921875,0.13427734375
1780625235767406800,17.01140673828125,0.076751708984375,0.97332763671875,0.1336517333984375
1780625235777437000,17.02143701171875,0.0782012939453125,0.9635772705078125,0.130950927734375
1780625235787465700,17.0314658203125,0.07794189453125,0.974609375,0.123748779296875
1780625235797494800,17.041494873046876,0.0920867919921875,0.989654541015625,0.11676025390625
1780625235807524900,17.05152490234375,0.10711669921875,0.99713134765625,0.11431884765625
1780625235817554000,17.061553955078125,0.1033477783203125,0.994384765625,0.11407470703125
1780625235827582700,17.071582763671874,0.0973358154296875,0.984405517578125,0.118255615234375
1780625235837612800,17.08161279296875,0.0888214111328125,0.9768829345703125,0.128662109375
1780625235847641900,17.091641845703126,0.0777740478515625,0.97174072265625,0.1360931396484375
1780625235857671000,17.1016708984375,0.072509765625,0.968414306640625,0.138916015625
1780625235867700700,17.11170068359375,0.069854736328125,0.96795654296875,0.13275146484375
1780625235877729800,17.121729736328124,0.0682830810546875,0.9748687744140625,0.1256256103515625
1780625235887758800,17.1317587890625,0.077545166015625,0.9828948974609375,0.119720458984375
1780625235897789000,17.141788818359377,0.0836181640625,0.9818267822265625,0.11737060546875
1780625235907817700,17.151817626953125,0.085845947265625,0.98162841796875,0.1185455322265625
1780625235917847000,17.161846923828126,0.0861053466796875,0.9789276123046875,0.1236572265625
1780625235927876900,17.171876953125,0.0857086181640625,0.9756011962890625,0.125946044921875
1780625235937905700,17.18190576171875,0.0821990966796875,0.9757537841796875,0.1278839111328125
1780625235947935000,17.19193505859375,0.08013916015625,0.981842041015625,0.1315765380859375
1780625235957964800,17.20196484375,0.0815887451171875,0.98541259765625,0.1337432861328125
1780625235967993900,17.211993896484376,0.0813446044921875,0.9832305908203125,0.1335296630859375
1780625235978023000,17.22202294921875,0.079986572265625,0.9803924560546875,0.12890625
1780625235988052700,17.232052734375,0.0813140869140625,0.97906494140625,0.1239166259765625
1780625235998082000,17.24208203125,0.0860748291015625,0.9827423095703125,0.1229400634765625
1780625236008111000,17.252111083984374,0.08740234375,0.9865264892578125,0.124298095703125
1780625236018140700,17.262140625,0.08380126953125,0.98382568359375,0.12408447265625
1780625236028170000,17.272169921875,0.0785064697265625,0.9810943603515625,0.125946044921875
1780625236038199000,17.282198974609376,0.0761566162109375,0.9800567626953125,0.1280670166015625
1780625236048228900,17.292228759765624,0.0737457275390625,0.9767608642578125,0.128662109375
1780625236058258000,17.3022578125,0.0735931396484375,0.9761962890625,0.1255340576171875
1780625236068287000,17.312286865234373,0.07501220703125,0.976318359375,0.1248016357421875
1780625236078316800,17.32231689453125,0.0784912109375,0.9783172607421875,0.1195068359375
1780625236088346000,17.33234619140625,0.0777587890625,0.9861297607421875,0.11602783203125
1780625236098375000,17.342375,0.082489013671875,0.9971771240234375,0.1151580810546875
1780625236108405000,17.352405029296875,0.0883026123046875,1.0032958984375,0.115234375
1780625236118434000,17.36243408203125,0.09381103515625,0.9984130859375,0.1143341064453125
1780625236128462800,17.372462890625,0.09503173828125,0.9939117431640625,0.117218017578125
1780625236138493000,17.382492919921877,0.0940704345703125,0.9826812744140625,0.12939453125
1780625236148522000,17.39252197265625,0.0867767333984375,0.9668121337890625,0.141021728515625
1780625236158551000,17.402551025390625,0.0732421875,0.9621429443359375,0.145111083984375
1780625236168581000,17.4125810546875,0.0676727294921875,0.9687042236328125,0.1405792236328125
1780625236178610000,17.42260986328125,0.0770111083984375,0.97216796875,0.12896728515625
1780625236188639000,17.432638916015627,0.081085205078125,0.9814300537109375,0.11798095703125
1780625236198669000,17.4426689453125,0.08636474609375,0.9863128662109375,0.111572265625
1780625236208697900,17.45269775390625,0.0925750732421875,0.98480224609375,0.1123199462890625
1780625236218728000,17.46272802734375,0.0982818603515625,0.9834747314453125,0.119903564453125
1780625236228757000,17.472757080078125,0.0980224609375,0.9734039306640625,0.127410888671875
1780625236238786000,17.4827861328125,0.0969085693359375,0.9711151123046875,0.1346435546875
1780625236248816000,17.492816162109374,0.0916900634765625,0.9712677001953125,0.13433837890625
1780625236258845000,17.502844970703126,0.0853729248046875,0.9734954833984375,0.129852294921875
1780625236268874000,17.5128740234375,0.079620361328125,0.9765472412109375,0.1268310546875
1780625236278904000,17.522904052734376,0.08026123046875,0.9784393310546875,0.1255950927734375
1780625236288932900,17.532932861328124,0.0795135498046875,0.977630615234375,0.1210479736328125
1780625236298962000,17.5429619140625,0.0806884765625,0.98040771484375,0.1161651611328125
1780625236308992000,17.552991943359373,0.08404541015625,0.98028564453125,0.1173248291015625
1780625236319021000,17.56302099609375,0.0919952392578125,0.9788055419921875,0.120452880859375
1780625236329049900,17.5730498046875,0.0992431640625,0.9809112548828125,0.124786376953125
1780625236339080000,17.583079833984375,0.1030120849609375,0.9861907958984375,0.1273193359375
1780625236349109000,17.59310888671875,0.100799560546875,0.987335205078125,0.1267242431640625
1780625236359138000,17.603137939453124,0.09246826171875,0.985931396484375,0.1237640380859375
1780625236369168000,17.61316796875,0.08856201171875,0.9804840087890625,0.12066650390625
1780625236379197000,17.623197021484376,0.0877685546875,0.98248291015625,0.1225128173828125
1780625236389226000,17.63322607421875,0.091705322265625,0.9841766357421875,0.127838134765625
1780625236399256000,17.643256103515625,0.086273193359375,0.98004150390625,0.13104248046875
1780625236409284900,17.653284912109374,0.0829620361328125,0.976043701171875,0.1338958740234375
1780625236419314000,17.66331396484375,0.081085205078125,0.9751739501953125,0.132965087890625
1780625236429344000,17.673343994140627,0.0877227783203125,0.97698974609375,0.1331024169921875
1780625236439373000,17.683373046875,0.0959320068359375,0.98272705078125,0.133026123046875
1780625236449401900,17.69340185546875,0.0985565185546875,0.97418212890625,0.1328582763671875
1780625236459432000,17.703431884765624,0.0909423828125,0.9609375,0.1372833251953125
1780625236469461000,17.7134609375,0.0832366943359375,0.956085205078125,0.139434814453125
1780625236479489800,17.72348974609375,0.078277587890625,0.9609375,0.1320343017578125
1780625236489519900,17.733519775390626,0.0856170654296875,0.9770965576171875,0.1304931640625
1780625236499549000,17.743548828125,0.0958251953125,0.9871673583984375,0.126983642578125
1780625236509578000,17.753577880859375,0.1094512939453125,0.9941253662109375,0.1233673095703125
1780625236519608000,17.763608154296875,0.1196746826171875,0.99603271484375,0.121826171875
1780625236529636900,17.773636962890624,0.1175689697265625,0.9895477294921875,0.125640869140625
1780625236539667000,17.7836669921875,0.108642578125,0.982940673828125,0.130126953125
1780625236549696000,17.793696044921877,0.0972900390625,0.9831085205078125,0.130462646484375
1780625236559724800,17.803724853515625,0.0929718017578125,0.9854888916015625,0.1306304931640625
1780625236569755000,17.8137548828125,0.088592529296875,0.987274169921875,0.1320648193359375
1780625236579784000,17.823783935546874,0.07354736328125,0.9858856201171875,0.133453369140625
1780625236589813000,17.83381298828125,0.0664825439453125,0.983489990234375,0.1332855224609375
1780625236599843000,17.843843017578124,0.0742034912109375,0.9814300537109375,0.13739013671875
1780625236609872000,17.853871826171876,0.0825653076171875,0.9763641357421875,0.1417999267578125
1780625236619901000,17.86390087890625,0.0923309326171875,0.970001220703125,0.1446533203125
1780625236629931000,17.873930908203125,0.095062255859375,0.9668426513671875,0.1424560546875
1780625236639959800,17.883959716796873,0.0925750732421875,0.9687042236328125,0.13861083984375
1780625236649988900,17.89398876953125,0.09454345703125,0.97821044921875,0.1342315673828125
1780625236660019000,17.90401904296875,0.0975341796875,0.9810943603515625,0.133819580078125
1780625236670048000,17.914048095703127,0.097015380859375,0.9774322509765625,0.133880615234375
1780625236680076800,17.924076904296875,0.0891571044921875,0.9697265625,0.131439208984375
1780625236690107000,17.93410693359375,0.08697509765625,0.9696502685546875,0.1316070556640625
1780625236700136000,17.944135986328124,0.0926055908203125,0.9735565185546875,0.1343536376953125
1780625236710165000,17.9541650390625,0.098876953125,0.9749298095703125,0.135223388671875
1780625236720194800,17.96419482421875,0.1004638671875,0.97796630859375,0.1315765380859375
1780625236730223900,17.974223876953126,0.1015777587890625,0.98272705078125,0.1255340576171875
1780625236740254000,17.98425390625,0.1038055419921875,0.98486328125,0.1183929443359375
1780625236750283000,17.994282958984375,0.1071929931640625,0.98626708984375,0.1174468994140625
1780625236760311800,18.004311767578123,0.1036834716796875,0.982330322265625,0.1210479736328125
1780625236770342000,18.014341796875,0.099395751953125,0.9775543212890625,0.130584716796875
1780625236780371000,18.024370849609376,0.093353271484375,0.9699859619140625,0.1383514404296875
1780625236790399700,18.034399658203125,0.0908660888671875,0.9654693603515625,0.142791748046875
1780625236800429800,18.044429931640625,0.08758544921875,0.9670867919921875,0.139129638671875
1780625236810459000,18.054458984375,0.0810394287109375,0.9711456298828125,0.129302978515625
1780625236820488000,18.064488037109374,0.0866851806640625,0.9816436767578125,0.1239013671875
1780625236830518000,18.07451806640625,0.10107421875,0.98760986328125,0.1243438720703125
1780625236840546800,18.084546875,0.109771728515625,0.9818878173828125,0.1283111572265625
1780625236850576000,18.094575927734375,0.11383056640625,0.9742431640625,0.1324462890625
1780625236860606000,18.10460595703125,0.1099700927734375,0.97137451171875,0.1324310302734375
1780625236870634800,18.114634765625,0.1082916259765625,0.97760009765625,0.129638671875
1780625236880663800,18.124663818359377,0.1082916259765625,0.989776611328125,0.128662109375
1780625236890694000,18.13469384765625,0.110931396484375,0.9917755126953125,0.1311492919921875
1780625236900723000,18.144722900390626,0.11419677734375,0.98724365234375,0.1360626220703125
1780625236910753000,18.1547529296875,0.101593017578125,0.97637939453125,0.141876220703125
1780625236920781800,18.16478173828125,0.084716796875,0.9655609130859375,0.14532470703125
1780625236930811000,18.174810791015624,0.0765533447265625,0.966033935546875,0.145050048828125
1780625236940841000,18.184841064453124,0.073486328125,0.9705352783203125,0.140289306640625
1780625236950869800,18.194869873046876,0.0857391357421875,0.977447509765625,0.1323394775390625
1780625236960898800,18.20489892578125,0.0995635986328125,0.985260009765625,0.1265869140625
1780625236970929000,18.214928955078125,0.10577392578125,0.989349365234375,0.1233367919921875
1780625236980958000,18.2249580078125,0.1076202392578125,0.9862518310546875,0.1222381591796875
1780625236990986800,18.23498681640625,0.109771728515625,0.981353759765625,0.129791259765625
1780625237001016800,18.245016845703127,0.10699462890625,0.9755401611328125,0.1363525390625
1780625237011046000,18.2550458984375,0.1014862060546875,0.9683837890625,0.1433563232421875
1780625237021075000,18.265074951171876,0.0925750732421875,0.965118408203125,0.1477813720703125
1780625237031104800,18.275104736328124,0.0875396728515625,0.959686279296875,0.150238037109375
1780625237041133800,18.2851337890625,0.082763671875,0.959686279296875,0.1483917236328125
1780625237051164000,18.295163818359374,0.0811004638671875,0.9665985107421875,0.143280029296875
1780625237061193000,18.30519287109375,0.088958740234375,0.9794158935546875,0.1358489990234375
1780625237071221800,18.3152216796875,0.097808837890625,0.98907470703125,0.1309051513671875
1780625237081251800,18.325251953125,0.102325439453125,0.9906768798828125,0.1279296875
1780625237091281000,18.335281005859375,0.1033477783203125,0.98663330078125,0.1298370361328125
1780625237101310000,18.34531005859375,0.1069183349609375,0.9824676513671875,0.135101318359375
1780625237111339800,18.35533984375,0.10137939453125,0.9759979248046875,0.1411285400390625
1780625237121368800,18.365368896484377,0.1002197265625,0.969573974609375,0.1453094482421875
1780625237131398000,18.37539794921875,0.0989837646484375,0.9705810546875,0.1472320556640625
1780625237141428000,18.385427978515626,0.0920562744140625,0.9689483642578125,0.1448974609375
1780625237151456800,18.395456787109374,0.083892822265625,0.9731903076171875,0.139068603515625
1780625237161485800,18.40548583984375,0.08837890625,0.98272705078125,0.133331298828125
1780625237171516000,18.415515869140624,0.09991455078125,0.985809326171875,0.1309814453125
1780625237181545000,18.425544921875,0.1060028076171875,0.9827728271484375,0.1362762451171875
1780625237191574800,18.43557470703125,0.1076507568359375,0.97845458984375,0.1410675048828125
1780625237201603800,18.445603759765625,0.10430908203125,0.9719696044921875,0.1413116455078125
1780625237211633000,18.4556328125,0.097198486328125,0.9737091064453125,0.139862060546875
1780625237221663000,18.4656630859375,0.0931854248046875,0.979339599609375,0.134521484375
1780625237231691800,18.47569189453125,0.0929412841796875,0.9801483154296875,0.1342620849609375
1780625237241720800,18.485720947265627,0.090789794921875,0.979736328125,0.1378631591796875
1780625237251751000,18.4957509765625,0.0904693603515625,0.9795379638671875,0.1407928466796875
1780625237261780000,18.505780029296876,0.0949554443359375,0.9785919189453125,0.14410400390625
1780625237271808800,18.515808837890624,0.1026153564453125,0.9717559814453125,0.1408538818359375
1780625237281838800,18.5258388671875,0.1073455810546875,0.9727325439453125,0.1356658935546875
1780625237291868000,18.535867919921873,0.11376953125,0.978118896484375,0.135467529296875
1780625237301898000,18.54589794921875,0.1157989501953125,0.9810028076171875,0.13885498046875
1780625237311926800,18.5559267578125,0.11175537109375,0.979583740234375,0.1404876708984375
1780625237321955800,18.565955810546875,0.0974273681640625,0.9831390380859375,0.137115478515625
1780625237331986000,18.57598583984375,0.0959014892578125,0.984771728515625,0.13238525390625
1780625237342014700,18.5860146484375,0.0952911376953125,0.9778900146484375,0.1322479248046875
1780625237352043800,18.596043701171876,0.0958251953125,0.9771575927734375,0.13482666015625
1780625237362073900,18.606073974609377,0.0957794189453125,0.9787139892578125,0.13751220703125
1780625237372103000,18.61610302734375,0.0949554443359375,0.9765472412109375,0.1370697021484375
1780625237382131700,18.626131591796874,0.099700927734375,0.98040771484375,0.1407623291015625
1780625237392161800,18.636161865234374,0.107940673828125,0.9767303466796875,0.1427764892578125
1780625237402190800,18.64619091796875,0.10504150390625,0.977264404296875,0.1412353515625
1780625237412221000,18.656220947265624,0.1042022705078125,0.975616455078125,0.1396026611328125
1780625237422249700,18.666249755859376,0.0964202880859375,0.970977783203125,0.1361846923828125
1780625237432278800,18.67627880859375,0.0866241455078125,0.9700927734375,0.1355438232421875
1780625237442308900,18.686308837890625,0.0822906494140625,0.9705352783203125,0.136016845703125
1780625237452338000,18.696337890625,0.080780029296875,0.9680328369140625,0.1373443603515625
1780625237462366700,18.70636669921875,0.0858001708984375,0.9752044677734375,0.138214111328125
1780625237472396800,18.716396728515626,0.0878753662109375,0.978912353515625,0.1309967041015625
1780625237482425900,18.72642578125,0.093017578125,0.9788665771484375,0.12603759765625
1780625237492456000,18.7364560546875,0.1067962646484375,0.9817047119140625,0.1293487548828125
1780625237502484700,18.746484619140624,0.11651611328125,0.984466552734375,0.1335296630859375
1780625237512513800,18.756513671875,0.1114654541015625,0.980712890625,0.1326446533203125
1780625237522543900,18.7665439453125,0.0990753173828125,0.9744873046875,0.1319732666015625
1780625237532573000,18.776572998046873,0.0937042236328125,0.9718780517578125,0.132568359375
1780625237542601700,18.786601806640626,0.0894012451171875,0.97705078125,0.1340484619140625
1780625237552631800,18.7966318359375,0.079925537109375,0.9792938232421875,0.133331298828125
1780625237562660900,18.806660888671875,0.07806396484375,0.983612060546875,0.1327667236328125
1780625237572690000,18.81668994140625,0.0863189697265625,0.9874725341796875,0.133819580078125
1780625237582719700,18.8267197265625,0.0924072265625,0.98565673828125,0.132476806640625
1780625237592748800,18.836748779296876,0.095367431640625,0.986724853515625,0.1348419189453125
1780625237602779000,18.84677880859375,0.0977935791015625,0.9812774658203125,0.1332855224609375
1780625237612808000,18.856807861328125,0.0940704345703125,0.975067138671875,0.132049560546875
1780625237622836700,18.866836669921874,0.087615966796875,0.9718017578125,0.137451171875
1780625237632866800,18.87686669921875,0.0868072509765625,0.9736480712890625,0.1454010009765625
1780625237642896000,18.886895751953126,0.0899200439453125,0.97467041015625,0.1471710205078125
1780625237652925000,18.896925048828123,0.0937652587890625,0.976654052734375,0.14288330078125
1780625237662954800,18.906954833984376,0.1004180908203125,0.9771728515625,0.13812255859375
1780625237672983800,18.91698388671875,0.1065216064453125,0.9753875732421875,0.136932373046875
1780625237683014000,18.927013916015625,0.1051025390625,0.979736328125,0.1407928466796875
1780625237693043000,18.93704296875,0.0993499755859375,0.9803314208984375,0.141326904296875
1780625237703071700,18.94707177734375,0.0875701904296875,0.984588623046875,0.136016845703125
1780625237713101800,18.957101806640626,0.084808349609375,0.9908599853515625,0.1346282958984375
1780625237723131000,18.967130859375,0.08837890625,0.9861297607421875,0.131683349609375
1780625237733160000,18.977159912109375,0.08233642578125,0.977630615234375,0.1341094970703125
1780625237743189800,18.987189697265624,0.0740966796875,0.9687957763671875,0.1353302001953125
1780625237753218800,18.99721875,0.0789642333984375,0.9664306640625,0.1396026611328125
1780625237763249000,19.007248779296877,0.087127685546875,0.9642486572265625,0.139404296875
1780625237773278000,19.01727783203125,0.0918121337890625,0.96649169921875,0.1370086669921875
1780625237783306800,19.027306640625,0.103546142578125,0.971038818359375,0.1345977783203125
1780625237793336800,19.0373369140625,0.1160888671875,0.9775238037109375,0.130950927734375
1780625237803366000,19.047365966796875,0.11737060546875,0.981414794921875,0.1248016357421875
1780625237813395000,19.05739501953125,0.107391357421875,0.980560302734375,0.119598388671875
1780625237823424800,19.0674248046875,0.096954345703125,0.978729248046875,0.1226959228515625
1780625237833453800,19.077453857421876,0.0890655517578125,0.9783477783203125,0.13323974609375
1780625237843484000,19.08748388671875,0.0774078369140625,0.9710235595703125,0.1386260986328125
1780625237853513000,19.097512939453125,0.0655517578125,0.9658966064453125,0.1411895751953125
1780625237863541800,19.107541748046874,0.06549072265625,0.96917724609375,0.1437225341796875
1780625237873571800,19.11757177734375,0.075164794921875,0.975433349609375,0.14019775390625
1780625237883601000,19.127600830078126,0.0816802978515625,0.9796600341796875,0.13446044921875
1780625237893631000,19.137630859375,0.095062255859375,0.9881591796875,0.1317138671875
1780625237903659800,19.14765966796875,0.1143646240234375,0.991607666015625,0.129547119140625
1780625237913688800,19.157688720703124,0.11474609375,0.9888916015625,0.1263275146484375
1780625237923719000,19.167718994140625,0.11004638671875,0.986083984375,0.1286468505859375
1780625237933748000,19.177748046875,0.1005401611328125,0.97918701171875,0.131805419921875
1780625237943776800,19.18777685546875,0.0907745361328125,0.9721527099609375,0.134674072265625
1780625237953806800,19.197806884765626,0.0857696533203125,0.972137451171875,0.1391754150390625
1780625237963836000,19.2078359375,0.0811767578125,0.9747467041015625,0.136322021484375
1780625237973866000,19.217865966796875,0.0778350830078125,0.978240966796875,0.132781982421875
1780625237983894800,19.227894775390624,0.07855224609375,0.98382568359375,0.13018798828125
1780625237993923800,19.237923828125,0.0817413330078125,0.9835357666015625,0.1301727294921875
1780625238003954000,19.247953857421876,0.0829925537109375,0.9799652099609375,0.1350860595703125
1780625238013983000,19.25798291015625,0.083251953125,0.9799652099609375,0.13922119140625
1780625238024011800,19.26801171875,0.0870819091796875,0.977386474609375,0.139678955078125
1780625238034041900,19.278041748046874,0.09234619140625,0.9732666015625,0.139404296875
1780625238044071000,19.28807080078125,0.095001220703125,0.9779510498046875,0.1360321044921875
1780625238054101000,19.29810107421875,0.0955352783203125,0.98089599609375,0.13604736328125
1780625238064129800,19.3081298828125,0.0967254638671875,0.984832763671875,0.1383514404296875
1780625238074158800,19.318158935546876,0.0921173095703125,0.9888763427734375,0.1469573974609375
1780625238084189000,19.32818896484375,0.0866241455078125,0.9808197021484375,0.1495819091796875
1780625238094218000,19.338218017578125,0.0697784423828125,0.97125244140625,0.1467437744140625
1780625238104247800,19.348247802734374,0.0675506591796875,0.9812469482421875,0.145904541015625
1780625238114276900,19.35827685546875,0.0797576904296875,0.9937744140625,0.143035888671875
1780625238124306000,19.368305908203126,0.0749053955078125,0.991119384765625,0.13592529296875
1780625238134336000,19.3783359375,0.07171630859375,0.9918975830078125,0.1328125
1780625238144364800,19.38836474609375,0.08074951171875,0.98992919921875,0.1350860595703125
1780625238154395000,19.398394775390624,0.0876922607421875,0.982452392578125,0.1381378173828125
1780625238164424000,19.408423828125,0.0895843505859375,0.973968505859375,0.14178466796875
1780625238174453000,19.418452880859373,0.0903472900390625,0.96484375,0.1463623046875
1780625238184482800,19.42848291015625,0.0878753662109375,0.96160888671875,0.1490631103515625
1780625238194512000,19.438511962890626,0.08233642578125,0.9649505615234375,0.149566650390625
1780625238204541000,19.448541015625,0.0804901123046875,0.9742889404296875,0.14556884765625
1780625238214571000,19.458571044921875,0.0778350830078125,0.97796630859375,0.1399993896484375
1780625238224599800,19.468599853515624,0.07733154296875,0.97845458984375,0.137298583984375
1780625238234630000,19.4786298828125,0.08349609375,0.9820404052734375,0.1393585205078125
1780625238244659000,19.488658935546876,0.083953857421875,0.983184814453125,0.1407318115234375
1780625238254688000,19.49868798828125,0.082733154296875,0.9865264892578125,0.1437530517578125
1780625238264717800,19.5087177734375,0.08203125,0.9905548095703125,0.145538330078125
1780625238274747000,19.518746826171874,0.0793304443359375,0.99407958984375,0.1427001953125
1780625238284777000,19.52877685546875,0.07684326171875,0.9934234619140625,0.142608642578125
1780625238294806000,19.538805908203123,0.0714874267578125,0.995208740234375,0.1486663818359375
1780625238304834800,19.548834716796875,0.070098876953125,0.9924163818359375,0.1609649658203125
1780625238314865000,19.558864990234376,0.062286376953125,0.979644775390625,0.1656341552734375
1780625238324894000,19.56889404296875,0.050018310546875,0.9718170166015625,0.1628265380859375
1780625238334924000,19.578924072265625,0.049957275390625,0.9708709716796875,0.1589202880859375
1780625238344953300,19.588953369140626,0.0495147705078125,0.97589111328125,0.15087890625
1780625238354982400,19.598982421875,0.0515899658203125,0.98358154296875,0.14398193359375
1780625238365012500,19.609012451171875,0.058135986328125,0.9874420166015625,0.142974853515625
1780625238375041500,19.61904150390625,0.0654754638671875,0.9859466552734375,0.1445770263671875
1780625238385071600,19.629071533203124,0.072021484375,0.9831695556640625,0.145721435546875
1780625238395100400,19.639100341796876,0.0725555419921875,0.977813720703125,0.1488037109375
1780625238405129500,19.64912939453125,0.0718536376953125,0.973663330078125,0.1538238525390625
1780625238415159600,19.65915966796875,0.0718841552734375,0.9689178466796875,0.1590423583984375
1780625238425188400,19.669188232421874,0.0719146728515625,0.9729156494140625,0.159820556640625
1780625238435218400,19.679218505859374,0.0673675537109375,0.976898193359375,0.152801513671875
1780625238445247500,19.68924755859375,0.0617523193359375,0.9815521240234375,0.1396942138671875
1780625238455276500,19.699276611328123,0.0635528564453125,0.985870361328125,0.134613037109375
1780625238465306600,19.709306640625,0.071136474609375,0.9879302978515625,0.133575439453125
1780625238475335400,19.71933544921875,0.0727996826171875,0.985748291015625,0.139373779296875
1780625238485364500,19.729364501953125,0.061004638671875,0.9781036376953125,0.145843505859375
1780625238495394600,19.73939453125,0.0528564453125,0.9750518798828125,0.1508636474609375
1780625238505423400,19.74942333984375,0.055450439453125,0.979156494140625,0.1558380126953125
1780625238515453400,19.759453369140626,0.0481414794921875,0.9788818359375,0.1549835205078125
1780625238525482500,19.769482421875,0.043487548828125,0.9802703857421875,0.151092529296875
1780625238535511600,19.779511474609375,0.0423736572265625,0.9782257080078125,0.1466827392578125
1780625238545541600,19.789541748046876,0.042999267578125,0.9709625244140625,0.1446380615234375
1780625238555570400,19.7995703125,0.05352783203125,0.96563720703125,0.144378662109375
1780625238565600500,19.8096005859375,0.069000244140625,0.9696197509765625,0.1469268798828125
1780625238575629600,19.819629638671874,0.0704803466796875,0.97222900390625,0.152313232421875
1780625238585659400,19.829659423828126,0.0689697265625,0.973876953125,0.154205322265625
1780625238595688400,19.8396884765625,0.06744384765625,0.9806365966796875,0.1524505615234375
1780625238605717500,19.849717529296875,0.0664520263671875,0.98455810546875,0.1514892578125
1780625238615747300,19.859747314453124,0.0596923828125,0.9859771728515625,0.1480865478515625
1780625238625776400,19.8697763671875,0.0595550537109375,0.99066162109375,0.14959716796875
1780625238635806200,19.87980615234375,0.0592041015625,0.9932098388671875,0.1531524658203125
1780625238645835500,19.88983544921875,0.0508270263671875,0.9893646240234375,0.1575164794921875
1780625238655864600,19.899864501953125,0.043121337890625,0.9827728271484375,0.162261962890625
1780625238665894400,19.909894287109374,0.04052734375,0.9768829345703125,0.1695098876953125
1780625238675923500,19.91992333984375,0.0335693359375,0.9717559814453125,0.1767425537109375
1780625238685953300,19.929953369140627,0.0304107666015625,0.9738311767578125,0.1784820556640625
1780625238695982300,19.939982421875,0.026458740234375,0.98089599609375,0.1776123046875
1780625238706011400,19.950011474609376,0.0229949951171875,0.9789886474609375,0.173858642578125
1780625238716041200,19.960041259765624,0.0337066650390625,0.9741973876953125,0.1646728515625
1780625238726070500,19.970070556640625,0.03851318359375,0.9828948974609375,0.1566162109375
1780625238736100400,19.980100341796874,0.0484466552734375,0.9857025146484375,0.149658203125
1780625238746129400,19.99012939453125,0.05120849609375,0.980712890625,0.1397247314453125
1780625238756158500,20.000158447265626,0.0500946044921875,0.987060546875,0.13665771484375
1780625238766188300,20.010188232421875,0.0442657470703125,0.99652099609375,0.1376800537109375
1780625238776217300,20.02021728515625,0.03704833984375,0.99456787109375,0.140655517578125
1780625238786247400,20.030247314453124,0.03741455078125,0.99200439453125,0.1502685546875
1780625238796276200,20.040276123046876,0.03045654296875,0.98809814453125,0.16375732421875
1780625238806305500,20.050305419921877,0.0118865966796875,0.9723052978515625,0.1695404052734375
1780625238816335400,20.06033544921875,-0.0059661865234375,0.971923828125,0.171356201171875
1780625238826364400,20.070364501953126,-0.001007080078125,0.965362548828125,0.1679229736328125
1780625238836394200,20.080394287109375,0.0057525634765625,0.965057373046875,0.1671142578125
1780625238846423300,20.09042333984375,0.00408935546875,0.9599151611328125,0.16717529296875
1780625238856452400,20.100452392578124,0.0012359619140625,0.949432373046875,0.1606597900390625
1780625238866482400,20.110482421875,-0.0057220458984375,0.9532623291015625,0.1578369140625
1780625238876511200,20.12051123046875,-0.0062103271484375,0.958648681640625,0.143951416015625
1780625238886541300,20.130541259765625,-0.0032806396484375,0.958953857421875,0.126617431640625
1780625238896570400,20.1405703125,0.00994873046875,0.9733734130859375,0.116912841796875
1780625238906599400,20.150599365234374,0.0287322998046875,0.9834442138671875,0.110443115234375
1780625238916629200,20.160629150390626,0.0274810791015625,0.9818267822265625,0.106231689453125
1780625238926658300,20.170658203125,0.0276641845703125,0.9759521484375,0.107696533203125
1780625238936688400,20.1806884765625,0.03265380859375,0.9608917236328125,0.1133575439453125
1780625238946717400,20.190717529296876,0.032958984375,0.952728271484375,0.116912841796875
1780625238956746200,20.200746337890624,0.0322723388671875,0.951629638671875,0.1222076416015625
1780625238966776300,20.2107763671875,0.0229339599609375,0.9465179443359375,0.123870849609375
1780625238976805400,20.220805419921874,0.0157470703125,0.951904296875,0.1231231689453125
1780625238986835500,20.23083544921875,0.0240631103515625,0.96240234375,0.1269683837890625
1780625238996864300,20.2408642578125,0.0325469970703125,0.9538421630859375,0.119873046875
1780625239006894300,20.250894287109375,0.0318756103515625,0.9618072509765625,0.115692138671875
1780625239016923400,20.26092333984375,0.0291900634765625,0.9697723388671875,0.1101837158203125
1780625239026952400,20.270952392578124,0.0221099853515625,0.9710540771484375,0.1063079833984375
1780625239036982300,20.280982177734376,0.02081298828125,0.98095703125,0.1063385009765625
1780625239047011300,20.29101123046875,0.0225372314453125,0.9949493408203125,0.1040802001953125
1780625239057041400,20.30104150390625,0.0273284912109375,1.0063629150390625,0.098785400390625
1780625239067070500,20.311070556640626,0.03228759765625,1.0176239013671875,0.0921783447265625
1780625239077099300,20.321099365234375,0.033447265625,1.02691650390625,0.0887908935546875
1780625239087129300,20.33112939453125,0.0179290771484375,1.0187530517578125,0.08447265625
1780625239097158400,20.341158447265624,0.0007171630859375,1.001190185546875,0.0812225341796875
1780625239107188500,20.3511884765625,-0.01763916015625,0.9923553466796875,0.0802764892578125
1780625239117217300,20.36121728515625,-0.02197265625,0.979736328125,0.0724639892578125
1780625239127247400,20.371247314453125,-0.01849365234375,0.9750823974609375,0.0607757568359375
1780625239137276400,20.3812763671875,-0.015289306640625,0.97662353515625,0.049530029296875
1780625239147305500,20.391305419921874,-0.00634765625,0.9818878173828125,0.0352630615234375
1780625239157335600,20.40133544921875,0.0033111572265625,0.9956817626953125,0.0196990966796875
1780625239167364400,20.4113642578125,0.018218994140625,1.003662109375,0.001556396484375
1780625239177394400,20.42139453125,0.0277099609375,1.0155181884765625,-0.0105438232421875
1780625239187423500,20.431423583984376,0.0359954833984375,1.0421905517578125,-0.006195068359375
1780625239197452300,20.441452392578125,0.049560546875,1.057159423828125,0.00439453125
1780625239207482400,20.451482421875,0.0560760498046875,1.0551910400390625,0.016510009765625
1780625239217511400,20.461511474609374,0.0415191650390625,1.0312652587890625,0.0260009765625
1780625239227541500,20.47154150390625,0.0040740966796875,0.9952850341796875,0.029388427734375
1780625239237570600,20.481570556640627,-0.024627685546875,1.0072479248046875,0.0464935302734375
1780625239247599400,20.491599365234375,-0.03082275390625,1.0130462646484375,0.0704345703125
1780625239257629400,20.50162939453125,-0.0452423095703125,1.0218658447265625,0.091583251953125
1780625239267658500,20.511658447265624,-0.05517578125,0.9935760498046875,0.09661865234375
1780625239277688600,20.5216884765625,-0.0827789306640625,0.9781646728515625,0.092529296875
1780625239287717400,20.53171728515625,-0.09368896484375,0.9887847900390625,0.0975799560546875
1780625239297747500,20.54174755859375,-0.0899810791015625,0.993865966796875,0.10662841796875
1780625239307776500,20.551776611328126,-0.093170166015625,0.98345947265625,0.10455322265625
1780625239317805300,20.561805419921875,-0.0823974609375,0.9674072265625,0.0901947021484375
1780625239327835400,20.57183544921875,-0.07781982421875,0.968353271484375,0.076507568359375
1780625239337864400,20.581864501953124,-0.0772705078125,0.9642486572265625,0.0594329833984375
1780625239347893800,20.591893798828124,-0.0652923583984375,0.983642578125,0.0565948486328125
1780625239357922800,20.6019228515625,-0.044464111328125,0.9922332763671875,0.0592193603515625
1780625239367952000,20.611951904296873,-0.03533935546875,0.9948577880859375,0.0628814697265625
1780625239377982000,20.62198193359375,-0.03076171875,0.9871673583984375,0.064178466796875
1780625239388010800,20.6320107421875,-0.029022216796875,0.9868927001953125,0.0614471435546875
1780625239398040800,20.642040771484375,-0.0295562744140625,0.990142822265625,0.058746337890625
1780625239408070000,20.65206982421875,-0.02490234375,0.9816436767578125,0.0498809814453125
1780625239418100000,20.662099853515624,-0.0183563232421875,0.9655609130859375,0.0371856689453125
1780625239428128800,20.672128662109376,-0.0175933837890625,0.9751129150390625,0.0335693359375
1780625239438157800,20.68215771484375,-0.0153656005859375,0.985870361328125,0.0278778076171875
1780625239448188000,20.69218798828125,-0.0050048828125,1.0003509521484375,0.02459716796875
1780625239458217000,20.702217041015626,0.0059051513671875,1.0265350341796875,0.0276641845703125
1780625239468247000,20.7122470703125,0.01129150390625,1.0491180419921875,0.02606201171875
1780625239478275800,20.72227587890625,0.01324462890625,1.06201171875,0.0259552001953125
1780625239488306000,20.732305908203124,0.0163726806640625,1.0746002197265625,0.0372314453125
1780625239498335000,20.7423349609375,0.0252685546875,1.0684967041015625,0.04986572265625
1780625239508363800,20.75236376953125,0.0497589111328125,1.06219482421875,0.0687255859375
1780625239518393900,20.762393798828125,0.0578460693359375,1.0778961181640625,0.102752685546875
1780625239528423000,20.7724228515625,0.0237884521484375,1.098052978515625,0.1277313232421875
1780625239538452700,20.78245263671875,-0.0245361328125,1.127655029296875,0.1535797119140625
1780625239548482000,20.79248193359375,-0.0455322265625,1.1374969482421875,0.18121337890625
1780625239558510800,20.8025107421875,-0.034912109375,1.10675048828125,0.201904296875
1780625239568541000,20.812541015625,-0.007415771484375,1.0438385009765625,0.1984710693359375
1780625239578570000,20.822570068359376,0.022918701171875,1.0192718505859375,0.20257568359375
1780625239588599800,20.832599853515624,0.0317230224609375,0.9842071533203125,0.2013702392578125
1780625239598628900,20.84262890625,0.047393798828125,0.948211669921875,0.1821441650390625
1780625239608658700,20.85265869140625,0.052825927734375,0.921783447265625,0.1400146484375
1780625239618687700,20.862687744140626,0.056121826171875,0.9407958984375,0.0947723388671875
1780625239628716800,20.872716796875,0.0506439208984375,0.9815826416015625,0.06817626953125
1780625239638746600,20.88274658203125,0.0444793701171875,1.051239013671875,0.0569610595703125
1780625239648776000,20.89277587890625,0.04901123046875,1.117156982421875,0.072174072265625
1780625239658805800,20.9028056640625,0.0500640869140625,1.134124755859375,0.086029052734375
1780625239668834800,20.912834716796876,0.06390380859375,1.119781494140625,0.10528564453125
1780625239678864600,20.92286474609375,0.090667724609375,1.0675048828125,0.132049560546875
1780625239688893700,20.932893798828125,0.119049072265625,0.9981689453125,0.155303955078125
1780625239698922800,20.9429228515625,0.1544952392578125,0.9664154052734375,0.1702728271484375
1780625239708952800,20.952952880859375,0.174072265625,0.968536376953125,0.1666107177734375
1780625239718981600,20.962981689453127,0.1587677001953125,0.98504638671875,0.1521148681640625
1780625239729011700,20.97301171875,0.1420745849609375,0.9950103759765625,0.1452178955078125
1780625239739040800,20.983040771484376,0.1394805908203125,0.99810791015625,0.1493988037109375
1780625239749070800,20.99307080078125,0.1619110107421875,0.991790771484375,0.1598358154296875
1780625239759099600,21.003099609375,0.1949462890625,0.98358154296875,0.1731719970703125
1780625239769128700,21.013128662109374,0.2145538330078125,0.964141845703125,0.17254638671875
1780625239779158800,21.02315869140625,0.2030181884765625,0.9534149169921875,0.176361083984375
1780625239789187800,21.033187744140626,0.17816162109375,0.9353179931640625,0.1793365478515625
1780625239799218000,21.043218017578123,0.149566650390625,0.9289398193359375,0.191009521484375
1780625239809246700,21.053246826171875,0.139129638671875,0.9175262451171875,0.2061309814453125
1780625239819276800,21.06327685546875,0.129669189453125,0.9136810302734375,0.212371826171875
1780625239829305900,21.073305908203125,0.1287994384765625,0.9209442138671875,0.222900390625
1780625239839334700,21.083334716796877,0.124359130859375,0.914337158203125,0.2292633056640625
1780625239849364700,21.09336474609375,0.08636474609375,0.92156982421875,0.24493408203125
1780625239859393800,21.103393798828126,0.062469482421875,0.922271728515625,0.25347900390625
1780625239869423900,21.113423828125,0.044036865234375,0.9138946533203125,0.2677459716796875
1780625239879452700,21.12345263671875,0.023193359375,0.9224700927734375,0.2842254638671875
1780625239889482800,21.133482666015624,0.0628204345703125,0.8917388916015625,0.2830657958984375
1780625239899511800,21.14351171875,0.0679779052734375,0.884918212890625,0.3155059814453125
1780625239909540900,21.153540771484376,0.03399658203125,0.89361572265625,0.3576507568359375
1780625239919571000,21.163571044921873,0.02703857421875,0.86749267578125,0.3714752197265625
1780625239929599700,21.173599853515626,0.009429931640625,0.86090087890625,0.4024200439453125
1780625239939629800,21.1836298828125,0.0108184814453125,0.825714111328125,0.4038543701171875
1780625239949659000,21.193658935546875,0.0443878173828125,0.772216796875,0.392669677734375
1780625239959689000,21.20368896484375,0.0968170166015625,0.724945068359375,0.3713531494140625
1780625239969717800,21.2137177734375,0.2189788818359375,0.733978271484375,0.379608154296875
1780625239979746800,21.223746826171876,0.2387237548828125,0.7762908935546875,0.390655517578125
1780625239989777000,21.23377685546875,0.2419281005859375,0.7842254638671875,0.3762054443359375
1780625239999806000,21.243805908203125,0.264892578125,0.8018035888671875,0.3651275634765625
1780625240009835800,21.253835693359374,0.2704010009765625,0.8162841796875,0.347503662109375
1780625240019864800,21.26386474609375,0.2619171142578125,0.8277435302734375,0.3188934326171875
1780625240029895000,21.27389501953125,0.2464599609375,0.8357086181640625,0.30389404296875
1780625240039924000,21.283924072265624,0.2404937744140625,0.8343048095703125,0.2905731201171875
1780625240049952800,21.293952880859376,0.2389984130859375,0.826385498046875,0.278045654296875
1780625240059982800,21.30398291015625,0.2242279052734375,0.825042724609375,0.2617034912109375
1780625240070012000,21.314011962890625,0.2379913330078125,0.8231964111328125,0.2490386962890625
1780625240080042000,21.3240419921875,0.2533416748046875,0.819488525390625,0.23138427734375
1780625240090070800,21.33407080078125,0.265411376953125,0.8228759765625,0.2061004638671875
1780625240100100900,21.344100830078126,0.30657958984375,0.8289031982421875,0.19976806640625
1780625240110130000,21.3541298828125,0.333221435546875,0.843109130859375,0.2047119140625
1780625240120159700,21.36415966796875,0.307037353515625,0.86346435546875,0.2217864990234375
1780625240130189000,21.37418896484375,0.2881622314453125,0.86810302734375,0.2481842041015625
1780625240140217900,21.3842177734375,0.27960205078125,0.861175537109375,0.24945068359375
1780625240150248000,21.394248046875,0.2412872314453125,0.8693695068359375,0.2359619140625
1780625240160277000,21.404277099609374,0.201324462890625,0.90380859375,0.235107421875
1780625240170306800,21.414306884765626,0.1922607421875,0.924560546875,0.23406982421875
1780625240180335900,21.4243359375,0.2536773681640625,0.9124755859375,0.2287750244140625
1780625240190365700,21.43436572265625,0.290618896484375,0.8962860107421875,0.2165069580078125
1780625240200394800,21.444394775390624,0.31561279296875,0.876861572265625,0.2055816650390625
1780625240210423800,21.454423828125,0.3023223876953125,0.8881378173828125,0.21246337890625
1780625240220453600,21.46445361328125,0.2669219970703125,0.880462646484375,0.2137908935546875
1780625240230483000,21.47448291015625,0.2195281982421875,0.8672637939453125,0.2143707275390625
1780625240240512800,21.4845126953125,0.2041778564453125,0.913604736328125,0.21954345703125
1780625240250541800,21.494541748046874,0.219940185546875,0.98907470703125,0.2498321533203125
1780625240260571600,21.504571533203126,0.271148681640625,1.0443267822265625,0.3050537109375
1780625240270600700,21.5146005859375,0.352752685546875,1.0159912109375,0.3426055908203125
1780625240280629800,21.524629638671875,0.402679443359375,0.97705078125,0.3618927001953125
1780625240290659800,21.534659912109376,0.408966064453125,0.9300537109375,0.3756256103515625
1780625240300688600,21.544688720703125,0.3820343017578125,0.8610382080078125,0.3580322265625
1780625240310718700,21.55471875,0.3235015869140625,0.8202972412109375,0.308837890625
1780625240320747800,21.564747802734374,0.258056640625,0.804718017578125,0.248779296875
1780625240330777900,21.57477783203125,0.2319488525390625,0.8301849365234375,0.204620361328125
1780625240340806700,21.584806640625,0.2569427490234375,0.8807220458984375,0.19012451171875
1780625240350835500,21.59483544921875,0.2882843017578125,0.9859771728515625,0.2251739501953125
1780625240360865500,21.604865478515624,0.25213623046875,1.117034912109375,0.3126068115234375
1780625240370894600,21.61489453125,0.138824462890625,1.2264862060546875,0.421661376953125
1780625240380924700,21.624924560546877,0.1099853515625,1.2266845703125,0.4375457763671875
1780625240390953500,21.634953369140625,0.1632080078125,1.1977996826171875,0.4254608154296875
1780625240400983600,21.644983642578126,0.2374725341796875,1.1928558349609375,0.439208984375
1780625240411012600,21.6550126953125,0.3411865234375,1.149444580078125,0.446014404296875
1780625240421042700,21.665042724609375,0.4197235107421875,1.042633056640625,0.4295806884765625
1780625240431071700,21.67507177734375,0.4219512939453125,0.8414154052734375,0.374053955078125
1780625240441100500,21.6851005859375,0.397430419921875,0.682342529296875,0.3326568603515625
1780625240451130600,21.695130615234376,0.3276214599609375,0.632537841796875,0.2702484130859375
1780625240461159700,21.70515966796875,0.306793212890625,0.6610107421875,0.208343505859375
1780625240471189800,21.715189697265625,0.2701568603515625,0.75067138671875,0.1545867919921875
1780625240481218600,21.725218505859374,0.191925048828125,0.86993408203125,0.1119842529296875
1780625240491248600,21.73524853515625,0.1327056884765625,0.9934844970703125,0.0996246337890625
1780625240501277700,21.745277587890627,0.129669189453125,1.095428466796875,0.121337890625
1780625240511307800,21.755307861328124,0.19207763671875,1.204254150390625,0.19580078125
1780625240521336600,21.765336669921876,0.28485107421875,1.2594146728515625,0.28094482421875
1780625240531365600,21.77536572265625,0.3571929931640625,1.2268524169921875,0.3258819580078125
1780625240541395700,21.785395751953125,0.32025146484375,1.106201171875,0.3598785400390625
1780625240551424800,21.7954248046875,0.143646240234375,0.868316650390625,0.36871337890625
1780625240561454800,21.805454833984374,0.062225341796875,0.732025146484375,0.3598480224609375
1780625240571483600,21.815483642578126,0.05078125,0.7191314697265625,0.3780670166015625
1780625240581513700,21.825513671875,0.0382843017578125,0.771881103515625,0.39013671875
1780625240591542800,21.835542724609375,0.0394134521484375,0.8302154541015625,0.4023284912109375
1780625240601571600,21.845571533203124,0.0624542236328125,0.874298095703125,0.39166259765625
1780625240611601700,21.8556015625,0.0836944580078125,0.9242095947265625,0.3393402099609375
1780625240621630700,21.865630615234377,0.116973876953125,0.9289093017578125,0.289703369140625
1780625240631660800,21.875660888671874,0.1292266845703125,0.936614990234375,0.2616424560546875
1780625240641689600,21.885689697265626,0.1078948974609375,0.939727783203125,0.2345428466796875
1780625240651719700,21.8957197265625,0.099365234375,0.9386138916015625,0.21209716796875
1780625240661748700,21.905748779296875,0.096710205078125,0.9498748779296875,0.2021331787109375
1780625240671778600,21.915778564453124,0.1032257080078125,0.96075439453125,0.196044921875
1780625240681808000,21.925807861328124,0.1110076904296875,0.9680023193359375,0.2067413330078125
1780625240691836700,21.935836669921876,0.1099853515625,0.96624755859375,0.2263336181640625
1780625240701866800,21.94586669921875,0.091796875,0.9508056640625,0.234405517578125
1780625240711895800,21.955895751953125,0.0678253173828125,0.94696044921875,0.23101806640625
1780625240721925600,21.965925537109374,0.0599212646484375,0.9464874267578125,0.2305450439453125
1780625240731954700,21.97595458984375,0.07244873046875,0.9687347412109375,0.224639892578125
1780625240741984500,21.985984619140623,0.1007080078125,1.030670166015625,0.2352752685546875
1780625240752013600,21.996013671875,0.108001708984375,1.0953216552734375,0.252044677734375
1780625240762043600,22.006043701171876,0.0831451416015625,1.1014251708984375,0.238800048828125
1780625240772072400,22.016072509765625,0.0588531494140625,1.074432373046875,0.214202880859375
1780625240782101500,22.0261015625,0.0411224365234375,1.0567779541015625,0.1876373291015625
1780625240792131600,22.036131591796874,0.0455474853515625,1.0523529052734375,0.17144775390625
1780625240802160600,22.04616064453125,0.05792236328125,1.0384979248046875,0.160736083984375
1780625240812190700,22.056190673828127,0.0702667236328125,1.0358428955078125,0.1443328857421875
1780625240822219500,22.066219482421875,0.0845947265625,1.01507568359375,0.1249542236328125
1780625240832249600,22.07624951171875,0.1069488525390625,0.9893646240234375,0.1091766357421875
1780625240842278700,22.086278564453124,0.12933349609375,0.96197509765625,0.0970458984375
1780625240852308700,22.096308837890625,0.13232421875,0.9278717041015625,0.0911102294921875
1780625240862337500,22.106337646484373,0.1136627197265625,0.9511260986328125,0.09716796875
1780625240872366600,22.11636669921875,0.1151885986328125,0.997283935546875,0.1048583984375
1780625240882396700,22.126396728515626,0.101287841796875,1.005950927734375,0.1098785400390625
1780625240892425700,22.13642578125,0.0926666259765625,0.992828369140625,0.1053619384765625
1780625240902455600,22.14645556640625,0.10687255859375,0.970184326171875,0.0937957763671875
1780625240912484600,22.156484619140624,0.138885498046875,0.9473724365234375,0.0805816650390625
1780625240922514700,22.1665146484375,0.1552734375,0.92706298828125,0.0653533935546875
1780625240932543700,22.176543701171877,0.1610260009765625,0.9066314697265625,0.059478759765625
1780625240942573600,22.186573486328125,0.1662750244140625,0.908935546875,0.072662353515625
1780625240952602600,22.1966025390625,0.1781768798828125,0.93621826171875,0.0821380615234375
1780625240962632700,22.2066328125,0.1797943115234375,0.9645233154296875,0.0829315185546875
1780625240972661800,22.216661865234375,0.17864990234375,0.9792938232421875,0.0915374755859375
1780625240982690600,22.226690673828124,0.17822265625,0.9767303466796875,0.0955963134765625
1780625240992720600,22.236720703125,0.1810760498046875,0.9745941162109375,0.0928955078125
1780625241002749700,22.246749755859376,0.1922607421875,0.9560546875,0.081817626953125
1780625241012779800,22.25677978515625,0.19720458984375,0.9495391845703125,0.0673370361328125
1780625241022808600,22.26680859375,0.17633056640625,0.9781951904296875,0.0575408935546875
1780625241032838700,22.276838623046874,0.10308837890625,0.9998016357421875,0.0485382080078125
1780625241042867700,22.28686767578125,0.0659942626953125,1.0248870849609375,0.026031494140625
1780625241052897800,22.296897705078123,0.072357177734375,1.0453948974609375,0.013519287109375
1780625241062926800,22.3069267578125,0.08050537109375,1.0507965087890625,0.0040740966796875
1780625241072955600,22.31695556640625,0.08282470703125,1.055206298828125,-0.00323486328125
1780625241082985700,22.32698583984375,0.0815887451171875,1.065399169921875,-0.0037078857421875
1780625241093014800,22.337014892578125,0.094329833984375,1.062774658203125,-0.009002685546875
1780625241103044900,22.347044921875,0.1117401123046875,1.0509490966796875,-0.019683837890625
1780625241113073700,22.35707373046875,0.1328277587890625,1.06793212890625,-0.031158447265625
1780625241123103700,22.367103759765627,0.142303466796875,1.12548828125,-0.0241546630859375
1780625241133132800,22.3771328125,0.1477203369140625,1.18896484375,-0.013153076171875
1780625241143162600,22.38716259765625,0.1536712646484375,1.2186126708984375,-0.0095367431640625
1780625241153191700,22.397191650390624,0.1723480224609375,1.1905364990234375,-0.0037841796875
1780625241163221500,22.407221435546877,0.1918182373046875,1.1042938232421875,0.02197265625
1780625241173250600,22.41725048828125,0.2127838134765625,1.0003204345703125,0.056976318359375
1780625241183279900,22.42727978515625,0.24383544921875,0.9273529052734375,0.086181640625
1780625241193309400,22.437309326171874,0.2810821533203125,0.8925628662109375,0.1073760986328125
1780625241203338500,22.44733837890625,0.3271026611328125,0.87921142578125,0.1168670654296875
1780625241213368600,22.45736865234375,0.3726654052734375,0.89056396484375,0.131561279296875
1780625241223397600,22.467397705078124,0.4182586669921875,0.9131927490234375,0.1593017578125
1780625241233427700,22.477427734375,0.4517669677734375,0.9105224609375,0.19110107421875
1780625241243456500,22.48745654296875,0.4586181640625,0.88421630859375,0.214111328125
1780625241253486600,22.497486572265625,0.44952392578125,0.8426971435546875,0.2232666015625
1780625241263515600,22.507515625,0.427642822265625,0.8134918212890625,0.2274322509765625
1780625241273545700,22.517545654296875,0.406646728515625,0.795562744140625,0.2391204833984375
1780625241283574500,22.527574462890627,0.3990325927734375,0.7932281494140625,0.2527313232421875
1780625241293603600,22.537603515625,0.4055938720703125,0.8155364990234375,0.27447509765625
1780625241303633700,22.547633544921876,0.40045166015625,0.847076416015625,0.2882843017578125
1780625241313662700,22.557662841796876,0.401702880859375,0.8713531494140625,0.305419921875
1780625241323692500,22.567692626953125,0.40704345703125,0.893890380859375,0.3234405517578125
1780625241333721600,22.5777216796875,0.4050140380859375,0.9137115478515625,0.327728271484375
1780625241343752400,22.58775244140625,0.386810302734375,0.9130096435546875,0.327880859375
1780625241353781200,22.59778125,0.3663482666015625,0.91162109375,0.3259124755859375
1780625241363811300,22.607811279296875,0.364837646484375,0.895233154296875,0.32025146484375
1780625241373840400,22.61784033203125,0.366302490234375,0.884368896484375,0.3184356689453125
1780625241383870500,22.627870361328124,0.3678131103515625,0.8622283935546875,0.3208465576171875
1780625241393899500,22.6378994140625,0.3766326904296875,0.81927490234375,0.3210296630859375
1780625241403928300,22.64792822265625,0.3752288818359375,0.786773681640625,0.316986083984375
1780625241413958400,22.65795849609375,0.37396240234375,0.7688751220703125,0.3090057373046875
1780625241423987500,22.667987548828126,0.3699798583984375,0.756072998046875,0.29144287109375
1780625241434017500,22.678017578125,0.371429443359375,0.75421142578125,0.27239990234375
1780625241444046300,22.68804638671875,0.3677215576171875,0.7578125,0.2625274658203125
1780625241454076400,22.698076416015624,0.366912841796875,0.7688751220703125,0.2559814453125
1780625241464105500,22.70810546875,0.36700439453125,0.7752532958984375,0.2491912841796875
1780625241474135300,22.71813525390625,0.367156982421875,0.7711639404296875,0.2466583251953125
1780625241484164400,22.728164306640625,0.3651885986328125,0.76031494140625,0.2355804443359375
1780625241494194200,22.738194091796874,0.3591156005859375,0.7502593994140625,0.21490478515625
1780625241504223200,22.74822314453125,0.346466064453125,0.7519989013671875,0.182464599609375
1780625241514252500,22.75825244140625,0.3424072265625,0.780914306640625,0.14996337890625
1780625241524282000,22.7682822265625,0.350250244140625,0.8148193359375,0.1107177734375
1780625241534311200,22.778311279296876,0.359161376953125,0.8498077392578125,0.064483642578125
1780625241544341200,22.78834130859375,0.379547119140625,0.8710174560546875,0.024871826171875
1780625241554370300,22.798370361328125,0.4159393310546875,0.8766326904296875,-0.01885986328125
1780625241564400400,22.808400390625,0.4533538818359375,0.864990234375,-0.0596923828125
1780625241574429200,22.81842919921875,0.47698974609375,0.8379058837890625,-0.09466552734375
1780625241584459300,22.828459228515626,0.4740447998046875,0.8270721435546875,-0.105499267578125
1780625241594488300,22.83848828125,0.482086181640625,0.82220458984375,-0.083709716796875
1780625241604518400,22.848518310546876,0.4983367919921875,0.8304290771484375,-0.03582763671875
1780625241614547200,22.858547119140624,0.497100830078125,0.84588623046875,0.0445098876953125
1780625241624576300,22.868576171875,0.4640350341796875,0.835418701171875,0.1137847900390625
1780625241634606300,22.8786064453125,0.4449462890625,0.82958984375,0.1660614013671875
1780625241644635400,22.888635498046874,0.4448699951171875,0.8275146484375,0.21075439453125
1780625241654665200,22.898665283203126,0.4416656494140625,0.831695556640625,0.255126953125
1780625241664694300,22.9086943359375,0.4383087158203125,0.83441162109375,0.2946929931640625
1780625241674724400,22.918724365234375,0.4354248046875,0.8536224365234375,0.32635498046875
1780625241684753400,22.92875341796875,0.446685791015625,0.870849609375,0.3447418212890625
1780625241694783200,22.938783203125,0.4866180419921875,0.8890533447265625,0.3332672119140625
1780625241704812300,22.948812255859377,0.5020599365234375,0.9094696044921875,0.29632568359375
1780625241714842400,22.95884228515625,0.4866485595703125,0.913360595703125,0.2621612548828125
1780625241724871400,22.968871337890626,0.436676025390625,0.9182891845703125,0.241302490234375
1780625241734900200,22.978900146484374,0.3556365966796875,0.9261627197265625,0.2321624755859375
1780625241744930300,22.988930419921875,0.3004302978515625,0.939666748046875,0.242156982421875
1780625241754959400,22.99895947265625,0.29144287109375,0.954742431640625,0.2623443603515625
1780625241764989400,23.008989501953124,0.3104248046875,0.9656524658203125,0.2757415771484375
1780625241775018200,23.019018310546876,0.31915283203125,0.9623260498046875,0.2892303466796875
1780625241785048300,23.02904833984375,0.3110809326171875,0.9315032958984375,0.29498291015625
1780625241795077400,23.039077392578125,0.317291259765625,0.8699798583984375,0.30206298828125
1780625241805107500,23.049107421875,0.320159912109375,0.8521575927734375,0.317657470703125
1780625241815136500,23.059136474609375,0.3214874267578125,0.9019012451171875,0.3336944580078125
1780625241825166300,23.069166259765623,0.3373260498046875,0.9767303466796875,0.355255126953125
1780625241835195400,23.0791953125,0.357086181640625,1.0412750244140625,0.390350341796875
1780625241845224400,23.089224365234376,0.3604583740234375,1.0963134765625,0.4225921630859375
1780625241855254500,23.099254638671876,0.3570556640625,1.11260986328125,0.4388885498046875
1780625241865283300,23.109283447265625,0.3503570556640625,1.0982666015625,0.4340667724609375
1780625241875313400,23.1193134765625,0.328704833984375,1.039520263671875,0.3964691162109375
1780625241885342500,23.129342529296874,0.31439208984375,0.9746246337890625,0.31134033203125
1780625241895372300,23.139372314453126,0.320098876953125,0.950225830078125,0.1936187744140625
1780625241905401300,23.1494013671875,0.310333251953125,0.922607421875,0.1041412353515625
1780625241915431200,23.15943115234375,0.30792236328125,0.898406982421875,0.0477294921875
1780625241925460200,23.169460205078124,0.3315887451171875,0.8878631591796875,0.01654052734375
1780625241935490300,23.179490234375,0.350189208984375,0.9227447509765625,0.0140838623046875
1780625241945519000,23.18951904296875,0.3042144775390625,0.9749298095703125,0.0407562255859375
1780625241955549200,23.199549072265626,0.2510986328125,0.9789581298828125,0.0894012451171875
1780625241965578200,23.209578125,0.251312255859375,0.9620819091796875,0.1356048583984375
1780625241975607300,23.219607177734375,0.2671356201171875,0.95159912109375,0.1700897216796875
1780625241985637400,23.229637451171875,0.2721710205078125,0.947357177734375,0.196502685546875
1780625241995666200,23.239666259765624,0.26007080078125,0.952850341796875,0.2083282470703125
1780625242005696300,23.2496962890625,0.2350311279296875,0.95648193359375,0.2183074951171875
1780625242015725300,23.259725341796877,0.2062530517578125,0.942962646484375,0.22686767578125
1780625242025755400,23.26975537109375,0.18670654296875,0.92559814453125,0.2268524169921875
1780625242035784200,23.2797841796875,0.17999267578125,0.8988189697265625,0.22442626953125
1780625242045814300,23.289814208984374,0.1811065673828125,0.8919219970703125,0.2270965576171875
1780625242055843300,23.29984326171875,0.184051513671875,0.8972625732421875,0.233245849609375
1780625242065873400,23.309873291015624,0.1792144775390625,0.9039306640625,0.232940673828125
1780625242075902200,23.319902099609376,0.1833648681640625,0.9164581298828125,0.221038818359375
1780625242085931300,23.32993115234375,0.195037841796875,0.9271240234375,0.197845458984375
1780625242095961300,23.33996142578125,0.2122650146484375,0.9404449462890625,0.172332763671875
1780625242105990400,23.349990478515625,0.2264556884765625,0.9627227783203125,0.1595001220703125
1780625242116020500,23.3600205078125,0.22454833984375,0.9839324951171875,0.1610107421875
1780625242126049300,23.37004931640625,0.2139892578125,0.986785888671875,0.174896240234375
1780625242136079400,23.380079345703123,0.1985626220703125,0.9867095947265625,0.20257568359375
1780625242146108400,23.3901083984375,0.182830810546875,0.976226806640625,0.244781494140625
1780625242156138500,23.400138427734376,0.168365478515625,0.969635009765625,0.288909912109375
1780625242166167300,23.410167236328125,0.15740966796875,0.9776763916015625,0.325164794921875
1780625242176197400,23.420197265625,0.157562255859375,0.978729248046875,0.3479461669921875
1780625242186226400,23.430226318359374,0.154296875,0.95556640625,0.3523712158203125
1780625242196256500,23.440256591796874,0.142333984375,0.907684326171875,0.3384246826171875
1780625242206285300,23.450285400390626,0.1258544921875,0.8549041748046875,0.319122314453125
1780625242216314400,23.460314453125,0.10870361328125,0.8232879638671875,0.299102783203125
1780625242226344400,23.470344482421876,0.099456787109375,0.8171539306640625,0.280029296875
1780625242236373500,23.48037353515625,0.098052978515625,0.833984375,0.269012451171875
1780625242246403300,23.4904033203125,0.0958099365234375,0.873992919921875,0.26519775390625
1780625242256432400,23.500432373046873,0.0952911376953125,0.941162109375,0.2673797607421875
1780625242266462200,23.510462158203126,0.093963623046875,1.004791259765625,0.26416015625
1780625242276491500,23.520491455078126,0.09039306640625,1.0482025146484375,0.2535247802734375
1780625242286521300,23.530521240234375,0.09521484375,1.075347900390625,0.2424774169921875
1780625242296550400,23.54055029296875,0.11456298828125,1.0642242431640625,0.2404327392578125
1780625242306580200,23.550580322265624,0.126312255859375,1.0456390380859375,0.2465057373046875
1780625242316609300,23.560609375,0.1121368408203125,1.017913818359375,0.243743896484375
1780625242326639400,23.570639404296877,0.0937652587890625,0.9892578125,0.2344512939453125
1780625242336668200,23.580668212890625,0.06182861328125,0.957672119140625,0.2168731689453125
1780625242346697000,23.590697021484374,0.0056610107421875,0.9273529052734375,0.1914215087890625
1780625242356726800,23.600726806640626,-0.031097412109375,0.9123687744140625,0.180328369140625
1780625242366755800,23.610755859375,-0.069854736328125,0.9138336181640625,0.171600341796875
1780625242376785700,23.62078564453125,-0.0948486328125,0.9448089599609375,0.1746368408203125
1780625242386814700,23.630814697265624,-0.1099090576171875,0.9791107177734375,0.1865386962890625
1780625242396844800,23.6408447265625,-0.1169281005859375,1.011138916015625,0.20465087890625
1780625242406873600,23.65087353515625,-0.100921630859375,1.0221710205078125,0.22491455078125
1780625242416903700,23.660903564453125,-0.06732177734375,1.0027008056640625,0.2478179931640625
1780625242426932700,23.6709326171875,-0.031097412109375,0.9598541259765625,0.2689361572265625
1780625242436962800,23.680962890625,0.0258026123046875,0.89788818359375,0.273345947265625
1780625242446991600,23.69099169921875,0.05401611328125,0.8638763427734375,0.2724456787109375
1780625242457021700,23.701021728515624,0.053741455078125,0.8621826171875,0.2703094482421875
1780625242467050800,23.71105078125,0.0389251708984375,0.88818359375,0.266265869140625
1780625242477079800,23.721079833984376,0.0303192138671875,0.94091796875,0.2559967041015625
1780625242487110000,23.73110986328125,0.04254150390625,0.9866790771484375,0.2384796142578125
1780625242497138700,23.741138671875,0.0698699951171875,1.030487060546875,0.2136688232421875
1780625242507168800,23.751168701171874,0.0818023681640625,1.066619873046875,0.1839141845703125
1780625242517197800,23.76119775390625,0.0850830078125,1.090545654296875,0.159698486328125
1780625242527228000,23.771227783203123,0.079071044921875,1.0954132080078125,0.136993408203125
1780625242537256700,23.781256591796875,0.069305419921875,1.079986572265625,0.1197509765625
1780625242547286800,23.791286865234376,0.0540313720703125,1.0638427734375,0.10693359375
1780625242557315800,23.80131591796875,0.03765869140625,1.035888671875,0.0872955322265625
1780625242567346000,23.811345947265625,0.02490234375,1.0170745849609375,0.0702056884765625
1780625242577374700,23.821374755859374,0.02056884765625,0.9985198974609375,0.052947998046875
1780625242587404800,23.83140478515625,0.0338287353515625,0.990875244140625,0.0379486083984375
1780625242597433900,23.841433837890627,0.0623321533203125,0.9985504150390625,0.019195556640625
1780625242607463000,23.851462890625,0.065643310546875,1.0202789306640625,0.0159912109375
1780625242617492700,23.86149267578125,0.066253662109375,1.0291900634765625,0.0062103271484375
1780625242627521800,23.871521728515624,0.074249267578125,1.0397186279296875,0.0016326904296875
1780625242637551900,23.8815517578125,0.0853424072265625,1.080352783203125,0.0098876953125
1780625242647581000,23.891580810546873,0.097930908203125,1.1347808837890625,0.033050537109375
1780625242657611000,23.901611083984374,0.091064453125,1.1545867919921875,0.0642852783203125
1780625242667639800,23.911639892578126,0.08392333984375,1.1235198974609375,0.0809478759765625
1780625242677670000,23.921669921875,0.0482635498046875,1.069366455078125,0.123138427734375
1780625242687699000,23.931698974609375,-0.0070648193359375,0.9846343994140625,0.194244384765625
1780625242697728800,23.941728759765624,-0.0207366943359375,0.915924072265625,0.2483367919921875
1780625242707757800,23.9517578125,0.01055908203125,0.8894195556640625,0.2814788818359375
1780625242717787600,23.96178759765625,0.074127197265625,0.8850555419921875,0.306640625
1780625242727816700,23.971816650390625,0.10174560546875,0.9192962646484375,0.3388519287109375
1780625242737846000,23.981845947265626,0.080780029296875,0.980987548828125,0.377044677734375
1780625242747875600,23.99187548828125,0.0170440673828125,1.0150299072265625,0.39764404296875
1780625242757904600,24.001904541015627,0.007904052734375,1.01348876953125,0.3856048583984375
1780625242767934700,24.011934814453124,0.0503692626953125,1.0217742919921875,0.3590240478515625
1780625242777963800,24.0219638671875,0.0946502685546875,1.030609130859375,0.329986572265625
1780625242787993600,24.03199365234375,0.1460418701171875,1.04095458984375,0.3112640380859375
1780625242798022700,24.042022705078125,0.213836669921875,1.02874755859375,0.3103485107421875
1780625242808052700,24.052052734375,0.2762298583984375,0.9724884033203125,0.3402099609375
1780625242818081800,24.062081787109374,0.36767578125,0.8835296630859375,0.3970184326171875
1780625242828112000,24.07211181640625,0.487640380859375,0.7540283203125,0.501953125
1780625242838140700,24.082140625,0.4809722900390625,0.638671875,0.6408843994140625
1780625242848170800,24.092170654296876,0.33843994140625,0.5909881591796875,0.665252685546875
1780625242858199800,24.10219970703125,0.3028564453125,0.652587890625,0.578857421875
1780625242868230000,24.11222998046875,0.392059326171875,0.81439208984375,0.3702239990234375
1780625242878258700,24.1222587890625,0.41314697265625,0.94970703125,0.165435791015625
1780625242888287700,24.132287841796874,0.392120361328125,0.9478759765625,0.0926666259765625
1780625242898317800,24.14231787109375,0.408416748046875,0.9074859619140625,0.05078125
1780625242908347000,24.152346923828127,0.4290008544921875,0.83819580078125,0.009796142578125
1780625242918376700,24.162376708984375,0.4418792724609375,0.776031494140625,-0.00860595703125
1780625242928405800,24.17240576171875,0.422393798828125,0.737945556640625,0.00396728515625
1780625242938435800,24.182435791015624,0.3975982666015625,0.70660400390625,0.07000732421875
1780625242948465000,24.19246484375,0.3632049560546875,0.7197723388671875,0.1350555419921875
1780625242958495000,24.202494873046874,0.35107421875,0.727447509765625,0.162078857421875
1780625242968523800,24.212523681640626,0.3452911376953125,0.75799560546875,0.16961669921875
1780625242978553900,24.222553955078126,0.33734130859375,0.7985992431640625,0.1617889404296875
1780625242988583000,24.2325830078125,0.3321685791015625,0.8114776611328125,0.1553955078125
1780625242998613000,24.242613037109376,0.30792236328125,0.8334808349609375,0.1716766357421875
1780625243008641800,24.252641845703124,0.292205810546875,0.835296630859375,0.198394775390625
1780625243018670800,24.2626708984375,0.299560546875,0.831146240234375,0.2265777587890625
1780625243028701000,24.272700927734373,0.3567657470703125,0.8216705322265625,0.2355804443359375
1780625243038729700,24.282729736328125,0.419769287109375,0.8109130859375,0.2162017822265625
1780625243048759800,24.292759765625,0.44915771484375,0.81280517578125,0.1669769287109375
1780625243058788900,24.302788818359375,0.431243896484375,0.823944091796875,0.09930419921875
1780625243068818700,24.312818603515623,0.3532562255859375,0.8564910888671875,0.049560546875
1780625243078848000,24.322847900390624,0.2536163330078125,0.8950042724609375,0.04583740234375
1780625243088877600,24.332877685546876,0.2288360595703125,0.9053802490234375,0.0804595947265625
1780625243098907000,24.342906982421876,0.2582244873046875,0.9116058349609375,0.1831207275390625
1780625243108936700,24.352936767578125,0.3412628173828125,0.92657470703125,0.2710113525390625
1780625243118965800,24.3629658203125,0.43902587890625,0.9204559326171875,0.310882568359375
1780625243128995800,24.372995849609374,0.4652557373046875,0.895965576171875,0.316741943359375
1780625243139024600,24.383024658203126,0.43994140625,0.8358612060546875,0.2854156494140625
1780625243149054700,24.3930546875,0.3820343017578125,0.7808074951171875,0.256988525390625
1780625243159083800,24.403083740234376,0.370849609375,0.765777587890625,0.2302093505859375
1780625243169112600,24.413112548828124,0.410064697265625,0.88604736328125,0.2010650634765625
1780625243179142700,24.423142578125,0.34527587890625,1.0126953125,0.1112060546875
1780625243189171700,24.433171630859373,0.1689453125,0.962005615234375,0.0596771240234375
1780625243199201800,24.443201904296874,0.199676513671875,0.9775848388671875,0.037872314453125
1780625243209230800,24.45323095703125,0.3192596435546875,0.985870361328125,0.0355377197265625
1780625243219260700,24.4632607421875,0.428985595703125,1.02679443359375,0.07012939453125
1780625243229289700,24.473289794921875,0.30999755859375,0.984344482421875,0.092926025390625
1780625243239319800,24.48331982421875,0.13592529296875,0.9715728759765625,0.1619110107421875
1780625243249348900,24.493348876953124,0.17852783203125,1.1363983154296875,0.3085784912109375
1780625243259378700,24.503378662109377,0.267486572265625,1.2443695068359375,0.425506591796875
1780625243269407700,24.51340771484375,0.1562652587890625,1.30230712890625,0.5094757080078125
1780625243279437800,24.523437744140626,0.0531005859375,0.998443603515625,0.5237884521484375
1780625243289467000,24.533466796875,0.184112548828125,1.3004913330078125,0.5339813232421875
1780625243299497000,24.5434970703125,0.4997100830078125,1.5695037841796875,0.5676116943359375
1780625243309525800,24.55352587890625,0.3339080810546875,0.8736724853515625,0.45428466796875
1780625243319555800,24.563555908203124,0.164306640625,0.5892333984375,0.432159423828125
1780625243329585000,24.5735849609375,0.3257598876953125,0.83056640625,0.3847198486328125
1780625243339613700,24.58361376953125,0.48590087890625,0.8311309814453125,0.195556640625
1780625243349644300,24.593644287109374,0.3721160888671875,0.798736572265625,0.1060028076171875
1780625243359673300,24.60367333984375,0.123291015625,0.8281707763671875,0.1062164306640625
1780625243369703200,24.613703125,0.0213470458984375,0.8689117431640625,0.16131591796875
1780625243379732200,24.623732177734375,-0.0238037109375,0.8571319580078125,0.2730712890625
1780625243389762000,24.633761962890624,-0.03106689453125,0.8332061767578125,0.344207763671875
1780625243399791400,24.643791259765624,0.002166748046875,0.8155364990234375,0.366058349609375
1780625243409821200,24.6538212890625,0.0570068359375,0.818450927734375,0.3815155029296875
1780625243419850000,24.66385009765625,0.089111328125,0.8239898681640625,0.3856658935546875
1780625243429880000,24.673880126953126,0.07318115234375,0.8539581298828125,0.3958892822265625
1780625243439909000,24.6839091796875,0.053070068359375,0.884765625,0.3752899169921875
1780625243449939200,24.693939208984375,0.0391845703125,0.92193603515625,0.31097412109375
1780625243459968000,24.703968017578124,0.00836181640625,0.9446563720703125,0.216827392578125
1780625243469998000,24.713998046875,0.0238037109375,0.9877777099609375,0.13372802734375
1780625243480027100,24.724027099609376,0.0727996826171875,1.03961181640625,0.1212615966796875
1780625243490056200,24.73405615234375,0.1047515869140625,1.0616912841796875,0.14617919921875
1780625243500086000,24.7440859375,0.0858306884765625,1.08941650390625,0.16943359375
1780625243510115000,24.754114990234374,0.0519256591796875,1.1400299072265625,0.192474365234375
1780625243520145200,24.764145263671875,0.0124664306640625,1.2030029296875,0.2245025634765625
1780625243530174200,24.77417431640625,-0.0262603759765625,1.2354278564453125,0.24774169921875
1780625243540204000,24.7842041015625,-0.0555877685546875,1.2137451171875,0.275848388671875
1780625243550233000,24.794233154296876,-0.0476226806640625,1.0476531982421875,0.262542724609375
1780625243560263200,24.80426318359375,-0.0624847412109375,0.86767578125,0.2373046875
1780625243570292200,24.814292236328125,-0.0875091552734375,0.7872772216796875,0.22552490234375
1780625243580322300,24.824322265625,-0.0589447021484375,0.7802581787109375,0.227325439453125
1780625243590351000,24.83435107421875,-0.02752685546875,0.8599090576171875,0.2511138916015625
1780625243600381200,24.844381103515627,0.006011962890625,1.0035247802734375,0.262176513671875
1780625243610410200,24.85441015625,0.0189056396484375,1.05975341796875,0.22735595703125
1780625243620440300,24.8644404296875,0.035675048828125,1.03131103515625,0.188323974609375
1780625243630469000,24.87446923828125,0.04705810546875,0.9890899658203125,0.1678009033203125
1780625243640499200,24.884499267578125,0.0493316650390625,0.9793853759765625,0.1623077392578125
1780625243650528300,24.8945283203125,0.06549072265625,0.9824676513671875,0.171173095703125
1780625243660557300,24.904557373046874,0.092529296875,0.9651641845703125,0.1869964599609375
1780625243670587100,24.914587158203126,0.106536865234375,0.934295654296875,0.2021026611328125
1780625243680616200,24.9246162109375,0.1050567626953125,0.9186553955078125,0.2196807861328125
1780625243690646300,24.934646240234375,0.0920867919921875,0.8889007568359375,0.2111053466796875
1780625243700675300,24.94467529296875,0.0784454345703125,0.90838623046875,0.192108154296875
1780625243710705200,24.954705078125,0.085479736328125,0.95587158203125,0.1701202392578125
1780625243720734200,24.964734130859377,0.102203369140625,0.98406982421875,0.1470947265625
1780625243730764000,24.974763916015625,0.12274169921875,0.973663330078125,0.1280059814453125
1780625243740793300,24.98479345703125,0.138946533203125,0.96893310546875,0.12432861328125
1780625243750823200,24.9948232421875,0.139556884765625,0.9774017333984375,0.123931884765625
1780625243760852200,25.004852294921875,0.12799072265625,0.97491455078125,0.119598388671875
1780625243770882000,25.014882080078124,0.0955657958984375,1.0063629150390625,0.14111328125
1780625243780911000,25.0249111328125,0.061370849609375,1.02789306640625,0.1730194091796875
1780625243790941200,25.034941162109376,0.040496826171875,1.06463623046875,0.2158660888671875
1780625243800970000,25.044969970703125,0.0412750244140625,1.0926971435546875,0.244140625
1780625243811000000,25.055,0.0655364990234375,1.1006011962890625,0.27496337890625
1780625243821029000,25.065029052734374,0.1165618896484375,1.07098388671875,0.29730224609375
1780625243831058200,25.07505810546875,0.177093505859375,1.024261474609375,0.28662109375
1780625243841088000,25.085087890625,0.2274169921875,0.97906494140625,0.271270751953125
1780625243851117000,25.095116943359375,0.2259368896484375,0.955078125,0.258544921875
1780625243861147100,25.105147216796876,0.1790924072265625,0.956512451171875,0.249298095703125
1780625243871176200,25.11517626953125,0.1717681884765625,0.9673004150390625,0.2685546875
1780625243881206300,25.125206298828125,0.1680450439453125,0.9854736328125,0.290130615234375
1780625243891235000,25.135235107421874,0.167236328125,0.990447998046875,0.3019866943359375
1780625243901265200,25.14526513671875,0.1747589111328125,0.94439697265625,0.2849578857421875
1780625243911294200,25.155294189453127,0.18878173828125,0.8988189697265625,0.2667236328125
1780625243921324300,25.16532421875,0.2209625244140625,0.8825531005859375,0.2589263916015625
1780625243931353000,25.17535302734375,0.2918548583984375,0.8843994140625,0.2645111083984375
1780625243941383200,25.185383056640624,0.3361968994140625,0.885009765625,0.2778778076171875
1780625243951412200,25.195412109375,0.332672119140625,0.87335205078125,0.2817840576171875
1780625243961442300,25.2054423828125,0.3054656982421875,0.8685455322265625,0.283905029296875
1780625243971471000,25.21547119140625,0.276763916015625,0.877166748046875,0.292083740234375
1780625243981501200,25.225501220703126,0.26068115234375,0.878448486328125,0.29833984375
1780625243991530200,25.2355302734375,0.250457763671875,0.8687286376953125,0.30230712890625
1780625244001559300,25.245559326171875,0.2306671142578125,0.8600006103515625,0.296661376953125
1780625244011589000,25.255589111328124,0.2193603515625,0.854888916015625,0.269927978515625
1780625244021618200,25.2656181640625,0.2511138916015625,0.883514404296875,0.240081787109375
1780625244031648300,25.275648193359373,0.262481689453125,0.886871337890625,0.2122344970703125
1780625244041677300,25.28567724609375,0.245635986328125,0.849395751953125,0.18194580078125
1780625244051707400,25.295707275390626,0.2252960205078125,0.8211212158203125,0.164825439453125
1780625244061736200,25.305736083984375,0.213653564453125,0.8323974609375,0.1638946533203125
1780625244071766000,25.31576611328125,0.22479248046875,0.8751983642578125,0.20013427734375
1780625244081795300,25.32579541015625,0.230621337890625,0.9376983642578125,0.2736663818359375
1780625244091825200,25.3358251953125,0.24127197265625,0.990478515625,0.357147216796875
1780625244101854200,25.345854248046876,0.240509033203125,1.009429931640625,0.4067840576171875
1780625244111884000,25.355884033203125,0.228546142578125,0.9833526611328125,0.4091796875
1780625244121913000,25.3659130859375,0.1827850341796875,0.95501708984375,0.3819580078125
1780625244131943200,25.375943115234374,0.1704254150390625,0.900146484375,0.336944580078125
1780625244141972000,25.385971923828127,0.2091217041015625,0.8716888427734375,0.2994232177734375
1780625244152002000,25.396001953125,0.268524169921875,0.8787078857421875,0.2768707275390625
1780625244162031000,25.406031005859376,0.3340301513671875,0.869537353515625,0.2620086669921875
1780625244172060200,25.41606005859375,0.356658935546875,0.873626708984375,0.2588653564453125
1780625244182090000,25.426090087890625,0.32855224609375,0.901336669921875,0.267791748046875
1780625244192119000,25.436119140625,0.26519775390625,0.92120361328125,0.286346435546875
1780625244202149000,25.446149169921874,0.191253662109375,0.9294891357421875,0.2960205078125
1780625244212178200,25.45617822265625,0.1184539794921875,0.9283447265625,0.2869873046875
1780625244222208300,25.466208251953127,0.0729827880859375,0.919189453125,0.27490234375
1780625244232237000,25.476237060546875,0.0688018798828125,0.925567626953125,0.2832794189453125
1780625244242267100,25.48626708984375,0.098419189453125,0.934356689453125,0.305206298828125
1780625244252296200,25.496296142578124,0.146484375,0.9224395751953125,0.323089599609375
1780625244262326300,25.506326171875,0.1842498779296875,0.937652587890625,0.3438873291015625
1780625244272355000,25.51635498046875,0.212890625,0.94317626953125,0.361541748046875
1780625244282385200,25.52638525390625,0.237457275390625,0.9589691162109375,0.3784332275390625
1780625244292414200,25.536414306640626,0.2530517578125,0.952362060546875,0.390045166015625
1780625244302444300,25.5464443359375,0.2645416259765625,0.9599151611328125,0.3975067138671875
1780625244312473000,25.55647314453125,0.2864227294921875,0.9361572265625,0.3766021728515625
1780625244322503200,25.566503173828124,0.29815673828125,0.90716552734375,0.3326568603515625
1780625244332532200,25.5765322265625,0.2852935791015625,0.9072723388671875,0.2895355224609375
1780625244342561300,25.586561279296873,0.257843017578125,0.9123992919921875,0.258575439453125
1780625244352590800,25.5965908203125,0.2246856689453125,0.924957275390625,0.25823974609375
1780625244362620000,25.606619873046874,0.2009429931640625,0.94183349609375,0.279022216796875
1780625244372649700,25.616649658203126,0.1996307373046875,0.94818115234375,0.297332763671875
1780625244382678800,25.6266787109375,0.22039794921875,0.955078125,0.31536865234375
1780625244392708900,25.636708984375,0.2432708740234375,0.9569854736328125,0.32025146484375
1780625244402738000,25.646738037109376,0.224609375,0.95135498046875,0.30328369140625
1780625244412768000,25.65676806640625,0.1784820556640625,0.9346923828125,0.2822723388671875
1780625244422796800,25.666796875,0.1620025634765625,0.8899993896484375,0.2742156982421875
1780625244432827000,25.676826904296874,0.20306396484375,0.86322021484375,0.2884521484375
1780625244442856000,25.68685595703125,0.254302978515625,0.859161376953125,0.3009185791015625
1780625244452885800,25.6968857421875,0.2501220703125,0.8624420166015625,0.2996826171875
1780625244462914800,25.706914794921875,0.2066802978515625,0.874786376953125,0.2976531982421875
1780625244472944600,25.716944580078124,0.1822357177734375,0.890594482421875,0.300506591796875
1780625244482973700,25.7269736328125,0.1851348876953125,0.899017333984375,0.3058624267578125
1780625244493003800,25.737003662109377,0.194976806640625,0.9046783447265625,0.3067626953125
1780625244503032600,25.747032470703125,0.2013397216796875,0.898956298828125,0.29754638671875
1780625244513062700,25.757062744140626,0.1989593505859375,0.8787994384765625,0.2851409912109375
1780625244523091700,25.767091796875,0.1956024169921875,0.8559722900390625,0.2821197509765625
1780625244533121800,25.777121826171875,0.202484130859375,0.85186767578125,0.292724609375
1780625244543150600,25.787150634765624,0.22607421875,0.8686370849609375,0.307769775390625
1780625244553179600,25.7971796875,0.2433624267578125,0.8885040283203125,0.3214569091796875
1780625244563209700,25.807209716796876,0.2256317138671875,0.8978271484375,0.3246002197265625
1780625244573238800,25.81723876953125,0.1904449462890625,0.8946533203125,0.3188018798828125
1780625244583268900,25.827268798828126,0.159271240234375,0.8891143798828125,0.3134918212890625
1780625244593297700,25.837297607421874,0.13653564453125,0.88671875,0.30303955078125
1780625244603327700,25.84732763671875,0.128173828125,0.8946990966796875,0.2923431396484375
1780625244613356800,25.857356689453123,0.135955810546875,0.912994384765625,0.283050537109375
1780625244623387000,25.867386962890624,0.152740478515625,0.933990478515625,0.274810791015625
1780625244633415700,25.877415771484376,0.170623779296875,0.9646148681640625,0.2761993408203125
1780625244643445800,25.88744580078125,0.202392578125,0.9836578369140625,0.2855987548828125
1780625244653474800,25.897474853515625,0.242645263671875,0.9924468994140625,0.302337646484375
1780625244663505000,25.9075048828125,0.2568817138671875,0.9775238037109375,0.3130340576171875
1780625244673533700,25.91753369140625,0.2415771484375,0.935546875,0.3101654052734375
1780625244683563800,25.927563720703127,0.2164306640625,0.8736572265625,0.2936248779296875
1780625244693592800,25.9375927734375,0.2032623291015625,0.8432769775390625,0.2805328369140625
1780625244703623000,25.947622802734376,0.207305908203125,0.85009765625,0.2738800048828125
1780625244713652000,25.95765185546875,0.209625244140625,0.888763427734375,0.27838134765625
1780625244723681800,25.967681884765625,0.1941986083984375,0.934722900390625,0.281005859375
1780625244733710800,25.9777109375,0.1773223876953125,0.9772796630859375,0.2845611572265625
1780625244743740700,25.98774072265625,0.1652069091796875,1.003387451171875,0.2860565185546875
1780625244753770000,25.99777001953125,0.141754150390625,1.004913330078125,0.2846527099609375
1780625244763799600,26.007799560546875,0.126251220703125,0.9956512451171875,0.2928619384765625
1780625244773828900,26.017828857421875,0.1342010498046875,0.977752685546875,0.303314208984375
1780625244783858000,26.02785791015625,0.1306610107421875,0.9626312255859375,0.305816650390625
1780625244793887700,26.0378876953125,0.118865966796875,0.948883056640625,0.2952728271484375
1780625244803916800,26.047916748046877,0.13006591796875,0.9420928955078125,0.280242919921875
1780625244813946600,26.057946533203125,0.150054931640625,0.94451904296875,0.26190185546875
1780625244823975700,26.0679755859375,0.16357421875,0.9330902099609375,0.2310943603515625
1780625244834005800,26.078005859375,0.16278076171875,0.9466705322265625,0.22344970703125
1780625244844034600,26.08803466796875,0.1644134521484375,0.9560394287109375,0.2256927490234375
1780625244854064600,26.098064697265624,0.1571197509765625,0.957916259765625,0.233489990234375
1780625244864093700,26.10809375,0.1383514404296875,0.9439544677734375,0.2340545654296875
1780625244874123800,26.118123779296877,0.1136016845703125,0.9419708251953125,0.2399444580078125
1780625244884152800,26.12815283203125,0.10626220703125,0.9395294189453125,0.2426300048828125
1780625244894182700,26.1381826171875,0.09228515625,0.958282470703125,0.243560791015625
1780625244904211700,26.148211669921874,0.069427490234375,0.9593658447265625,0.2382354736328125
1780625244914241800,26.15824169921875,0.06195068359375,0.9442291259765625,0.2209014892578125
1780625244924270800,26.168270751953123,0.060089111328125,0.9507598876953125,0.2086944580078125
1780625244934301000,26.178301025390624,0.0633087158203125,0.9565277099609375,0.1995697021484375
1780625244944329700,26.188329833984376,0.069427490234375,0.9676971435546875,0.192291259765625
1780625244954359800,26.19835986328125,0.078094482421875,0.9827880859375,0.1984100341796875
1780625244964388900,26.208388916015625,0.072906494140625,0.993377685546875,0.2188262939453125
1780625244974419000,26.2184189453125,0.0641632080078125,0.974365234375,0.237945556640625
1780625244984447700,26.22844775390625,0.0605316162109375,0.952178955078125,0.2431488037109375
1780625244994477800,26.238477783203123,0.0572509765625,0.9492340087890625,0.24908447265625
1780625245004507000,26.2485068359375,0.0706329345703125,0.950531005859375,0.2577362060546875
1780625245014537000,26.258536865234376,0.071136474609375,0.9507904052734375,0.2551422119140625
1780625245024565800,26.268565673828125,0.071502685546875,0.95928955078125,0.2510223388671875
1780625245034595800,26.278595947265625,0.070587158203125,0.9510955810546875,0.2431182861328125
1780625245044625000,26.288625,0.0684051513671875,0.9426727294921875,0.230010986328125
1780625245054654000,26.298654052734374,0.0602569580078125,0.9476318359375,0.2299957275390625
1780625245064683800,26.308683837890626,0.049591064453125,0.956787109375,0.2262420654296875
1780625245074712800,26.318712890625,0.0348358154296875,0.94696044921875,0.216705322265625
1780625245084743000,26.328742919921876,0.015960693359375,0.9534759521484375,0.2197723388671875
1780625245094772000,26.33877197265625,0.0039520263671875,0.9689788818359375,0.2294921875
1780625245104801800,26.3488017578125,-0.00146484375,0.968658447265625,0.2264404296875
1780625245114830800,26.358830810546873,-0.0057373046875,0.967926025390625,0.2171173095703125
1780625245124860700,26.368860595703126,-0.009246826171875,0.97418212890625,0.2093048095703125
1780625245134889700,26.3788896484375,-0.0057830810546875,0.98687744140625,0.2018890380859375
1780625245144919800,26.388919921875,-0.0051727294921875,0.9931488037109375,0.1911468505859375
1780625245154948600,26.398948486328123,-0.0055694580078125,0.9831695556640625,0.1831207275390625
1780625245164978700,26.408978759765624,-0.008209228515625,0.9792327880859375,0.1805877685546875
1780625245175007700,26.4190078125,-0.0133209228515625,0.962493896484375,0.174102783203125
1780625245185037800,26.429037841796877,-0.0419769287109375,0.9522857666015625,0.1722259521484375
1780625245195066600,26.439066650390625,-0.0613250732421875,0.9500579833984375,0.1716156005859375
1780625245205096700,26.4490966796875,-0.0496978759765625,0.954620361328125,0.175445556640625
1780625245215125800,26.459125732421874,-0.0281524658203125,0.9650115966796875,0.1903533935546875
1780625245225155800,26.46915576171875,-0.0159759521484375,0.9819793701171875,0.209869384765625
1780625245235184600,26.4791845703125,-0.009307861328125,1.0023040771484375,0.224212646484375
1780625245245214700,26.489214599609376,-0.000396728515625,1.00909423828125,0.2274932861328125
1780625245255243800,26.499243896484376,0.002716064453125,1.015655517578125,0.2398223876953125
1780625245265273900,26.50927392578125,-0.0093994140625,1.0131988525390625,0.2514801025390625
1780625245275303000,26.519302978515626,-0.010498046875,0.9954071044921875,0.2580413818359375
1780625245285332700,26.529332763671874,-0.0026397705078125,0.97393798828125,0.2678680419921875
1780625245295361800,26.53936181640625,-0.0005340576171875,0.953948974609375,0.2724456787109375
1780625245305391900,26.549391845703123,-0.004730224609375,0.943359375,0.2727508544921875
1780625245315421000,26.5594208984375,-0.014862060546875,0.9477386474609375,0.271728515625
1780625245325449700,26.56944970703125,-0.0263671875,0.963958740234375,0.2681121826171875
1780625245335479800,26.579479736328125,-0.0299835205078125,0.985137939453125,0.2596893310546875
1780625245345508900,26.5895087890625,-0.0219268798828125,0.9949798583984375,0.2537841796875
1780625245355539000,26.5995390625,0.00421142578125,0.9999847412109375,0.2472991943359375
1780625245365568000,26.609568115234374,0.0262451171875,0.9940948486328125,0.2432098388671875
1780625245375598000,26.61959814453125,0.027557373046875,0.9724273681640625,0.2399139404296875
1780625245385627000,26.629626953125,0.0191802978515625,0.9561767578125,0.2337188720703125
1780625245395656700,26.63965673828125,0.0086517333984375,0.95306396484375,0.22332763671875
1780625245405686000,26.64968603515625,-0.0062408447265625,0.9657135009765625,0.2095184326171875
1780625245415715800,26.6597158203125,-0.0158538818359375,0.98065185546875,0.1989593505859375
1780625245425745000,26.669744873046874,-0.020904541015625,0.9867706298828125,0.18841552734375
1780625245435774700,26.679774658203126,-0.023529052734375,0.9856414794921875,0.1767425537109375
1780625245445803800,26.6898037109375,-0.0238494873046875,0.9832000732421875,0.166351318359375
1780625245455833900,26.699833740234375,-0.0181121826171875,0.97662353515625,0.158477783203125
1780625245465863000,26.70986279296875,-0.00787353515625,0.9810638427734375,0.1583251953125
1780625245475893000,26.71989306640625,-0.0035400390625,0.9912261962890625,0.1583404541015625
1780625245485921800,26.729921875,-0.0151214599609375,0.99163818359375,0.157989501953125
1780625245495952000,26.739951904296873,-0.03033447265625,0.9861602783203125,0.16070556640625
1780625245505981000,26.74998095703125,-0.0400238037109375,0.9862518310546875,0.1683807373046875
1780625245516011000,26.760010986328126,-0.0479583740234375,0.994354248046875,0.17425537109375
1780625245526039800,26.770039794921875,-0.0449066162109375,0.9971771240234375,0.1757049560546875
1780625245536070000,26.78006982421875,-0.0418548583984375,1.0010986328125,0.172698974609375
1780625245546099000,26.790098876953124,-0.039398193359375,1.0018157958984375,0.166748046875
1780625245556129000,26.80012890625,-0.035491943359375,1.0005645751953125,0.1612701416015625
1780625245566157800,26.81015771484375,-0.0340118408203125,0.998565673828125,0.1533203125
1780625245576188000,26.82018798828125,-0.0323944091796875,0.9974822998046875,0.144256591796875
1780625245586217000,26.830217041015626,-0.029449462890625,0.988555908203125,0.1310577392578125
1780625245596247000,26.8402470703125,-0.0278167724609375,0.979522705078125,0.1202545166015625
1780625245606275800,26.85027587890625,-0.026275634765625,0.980712890625,0.1106719970703125
1780625245616306000,26.860305908203124,-0.0247039794921875,0.991790771484375,0.1024627685546875
1780625245626335000,26.8703349609375,-0.02545166015625,1.00634765625,0.0990447998046875
1780625245636365000,26.880364990234376,-0.016632080078125,1.0240325927734375,0.0925750732421875
1780625245646394000,26.89039404296875,-0.00640869140625,1.0407562255859375,0.0902099609375
1780625245656423000,26.9004228515625,-0.0019073486328125,1.056640625,0.0895843505859375
1780625245666453000,26.910452880859374,0.0001220703125,1.058807373046875,0.0886688232421875
1780625245676482000,26.92048193359375,-0.001251220703125,1.0538177490234375,0.0906524658203125
1780625245686511900,26.930511962890623,-0.004730224609375,1.056396484375,0.096435546875
1780625245696541000,26.940541015625,-0.0049896240234375,1.05487060546875,0.1035614013671875
1780625245706570800,26.95057080078125,-0.0072021484375,1.04315185546875,0.11029052734375
1780625245716600000,26.96060009765625,-0.0012969970703125,1.0229949951171875,0.1149444580078125
1780625245726630000,26.9706298828125,0.00830078125,1.0030517578125,0.1169281005859375
1780625245736658700,26.98065869140625,0.0112762451171875,0.9858856201171875,0.1182708740234375
1780625245746688800,26.990688720703126,0.015838623046875,0.9729156494140625,0.121978759765625
1780625245756717800,27.0007177734375,0.0220794677734375,0.964141845703125,0.1278228759765625
1780625245766748000,27.010747802734375,0.02447509765625,0.964508056640625,0.1325836181640625
1780625245776776700,27.020776611328124,0.026214599609375,0.9752960205078125,0.1415863037109375
1780625245786806800,27.030806884765624,0.0212249755859375,0.9874420166015625,0.14508056640625
1780625245796835800,27.0408359375,0.017242431640625,0.999481201171875,0.14471435546875
1780625245806866000,27.050865966796874,0.0153045654296875,1.0040435791015625,0.1421661376953125
1780625245816895000,27.06089501953125,0.009063720703125,0.998260498046875,0.133880615234375
1780625245826924800,27.0709248046875,0.0015106201171875,0.98529052734375,0.1263427734375
1780625245836953900,27.080953857421875,-0.0071258544921875,0.975006103515625,0.1183319091796875
1780625245846984000,27.09098388671875,-0.0125579833984375,0.9680328369140625,0.1124267578125
1780625245857013000,27.101012939453124,-0.0098876953125,0.9670562744140625,0.10107421875
1780625245867043000,27.11104296875,-0.0118560791015625,0.9860382080078125,0.091888427734375
1780625245877072000,27.12107177734375,-0.0126495361328125,1.02349853515625,0.0893096923828125
1780625245887102000,27.13110205078125,-0.012420654296875,1.04986572265625,0.08514404296875
1780625245897131000,27.141131103515626,-0.0111083984375,1.0518646240234375,0.0802459716796875
1780625245907161000,27.1511611328125,-0.00579833984375,1.0322418212890625,0.0725860595703125
1780625245917190000,27.16118994140625,-0.0096435546875,1.0062255859375,0.064727783203125
1780625245927220000,27.171219970703124,-0.0158843994140625,0.9878082275390625,0.0612030029296875
1780625245937249000,27.1812490234375,-0.019989013671875,0.98138427734375,0.0637969970703125
1780625245947279000,27.191279052734377,-0.0253448486328125,0.991546630859375,0.0724639892578125
1780625245957308000,27.201307861328125,-0.029388427734375,1.00665283203125,0.0792999267578125
1780625245967337000,27.2113369140625,-0.0286407470703125,1.010223388671875,0.088836669921875
1780625245977367000,27.221366943359374,-0.026580810546875,1.001007080078125,0.0974273681640625
1780625245987396000,27.23139599609375,-0.0260162353515625,0.9852142333984375,0.1048736572265625
1780625245997426000,27.241426025390624,-0.02947998046875,0.9672088623046875,0.1103515625
1780625246007455000,27.251455078125,-0.035614013671875,0.963897705078125,0.1150360107421875
1780625246017484800,27.26148486328125,-0.04437255859375,1,0.126373291015625
1780625246027513900,27.271513916015625,-0.050567626953125,1.0628509521484375,0.139434814453125
1780625246037544000,27.2815439453125,-0.0405120849609375,1.10186767578125,0.143707275390625
1780625246047572700,27.29157275390625,-0.0391998291015625,1.1039276123046875,0.1470947265625
1780625246057602800,27.301602783203126,-0.052001953125,1.074310302734375,0.1567535400390625
1780625246067631900,27.3116318359375,-0.0555419921875,1.029449462890625,0.166656494140625
1780625246077662000,27.321661865234375,-0.04498291015625,0.9824066162109375,0.1676025390625
1780625246087690800,27.331690673828124,-0.0352020263671875,0.93914794921875,0.17034912109375
1780625246097720800,27.341720947265625,-0.018035888671875,0.912994384765625,0.1737823486328125
1780625246107750000,27.35175,-0.00274658203125,0.8975067138671875,0.1811981201171875
1780625246117780000,27.361780029296874,0.0159759521484375,0.8634490966796875,0.1888427734375
1780625246127808800,27.371808837890626,0.0302886962890625,0.8066558837890625,0.1955413818359375
1780625246137838800,27.3818388671875,0.0664520263671875,0.7481231689453125,0.200408935546875
1780625246147868000,27.391867919921875,0.1338958740234375,0.7404937744140625,0.2295684814453125
1780625246157898000,27.40189794921875,0.484283447265625,0.8852386474609375,0.290374755859375
1780625246167927000,27.411927001953124,0.8434295654296875,1.1852264404296875,0.3522186279296875
1780625246177956900,27.421956787109377,0.51123046875,1.16717529296875,0.3210906982421875
1780625246187986000,27.43198583984375,0.048065185546875,0.974517822265625,0.277130126953125
1780625246198016000,27.44201611328125,-0.102569580078125,0.847625732421875,0.2693634033203125
1780625246208045000,27.452045166015626,0.0195770263671875,0.8343963623046875,0.288482666015625
1780625246218075000,27.462074951171875,0.2530364990234375,0.8814544677734375,0.325469970703125
1780625246228104000,27.47210400390625,0.375640869140625,0.9484100341796875,0.35797119140625
1780625246238134000,27.482134033203124,0.350006103515625,0.9980316162109375,0.3986968994140625
1780625246248163000,27.4921630859375,0.26190185546875,0.953857421875,0.408843994140625
1780625246258193000,27.50219287109375,0.1772613525390625,0.9002227783203125,0.4214935302734375
1780625246268222000,27.512221923828125,0.173187255859375,0.8465118408203125,0.4354400634765625
1780625246278251000,27.5222509765625,0.2090301513671875,0.7866973876953125,0.4347076416015625
1780625246288281000,27.532281005859375,0.22607421875,0.7489013671875,0.44488525390625
1780625246298310000,27.542309814453127,0.222808837890625,0.704620361328125,0.4508056640625
1780625246308339700,27.552339599609375,0.238433837890625,0.6588134765625,0.4512786865234375
1780625246318369000,27.562369140625,0.2695465087890625,0.6312713623046875,0.45123291015625
1780625246328398800,27.57239892578125,0.2794647216796875,0.6352996826171875,0.4464874267578125
1780625246338428000,27.582427978515625,0.2743377685546875,0.64422607421875,0.4294891357421875
1780625246348457500,27.59245751953125,0.270355224609375,0.6463470458984375,0.3973846435546875
1780625246358486500,27.602486572265626,0.2614593505859375,0.642486572265625,0.3592987060546875
1780625246368516400,27.612516357421875,0.2447967529296875,0.64447021484375,0.31365966796875
1780625246378545400,27.62254541015625,0.2387542724609375,0.662628173828125,0.27685546875
1780625246388575500,27.632575439453124,0.2447967529296875,0.6891632080078125,0.2615509033203125
1780625246398604500,27.6426044921875,0.268524169921875,0.7282867431640625,0.2591400146484375
1780625246408634400,27.65263427734375,0.3268890380859375,0.799713134765625,0.26007080078125
1780625246418663400,27.662663330078125,0.3932342529296875,0.878997802734375,0.264434814453125
1780625246428693500,27.672693603515626,0.4432525634765625,0.942230224609375,0.2476806640625
1780625246438722600,27.68272265625,0.474365234375,0.970550537109375,0.215972900390625
1780625246448752600,27.692752685546875,0.4761199951171875,1.023040771484375,0.2161865234375
1780625246458781400,27.702781494140623,0.4579010009765625,0.9982452392578125,0.19366455078125
1780625246468811500,27.7128115234375,0.4505767822265625,0.9736785888671875,0.1617584228515625
1780625246478840600,27.722840576171876,0.470794677734375,1.0014495849609375,0.17559814453125
1780625246488870700,27.73287060546875,0.54339599609375,1.009552001953125,0.1634979248046875
1780625246498899500,27.7428994140625,0.6675872802734375,1.046844482421875,0.1378326416015625
1780625246508929500,27.752929443359374,0.7926177978515625,1.147918701171875,0.1841278076171875
1780625246518958600,27.76295849609375,0.8231201171875,1.169097900390625,0.2990570068359375
1780625246528988700,27.77298876953125,0.667694091796875,1.044921875,0.3243560791015625
1780625246539017500,27.783017578125,0.36492919921875,0.951171875,0.322357177734375
1780625246549047600,27.793047607421876,0.10528564453125,0.8743438720703125,0.3238372802734375
1780625246559076600,27.80307666015625,0.00677490234375,0.7953643798828125,0.3239898681640625
1780625246569106700,27.813106689453125,0.0182952880859375,0.8133544921875,0.355499267578125
1780625246579135500,27.823135498046874,0.12799072265625,0.88665771484375,0.4132232666015625
1780625246589165600,27.83316552734375,0.3016204833984375,1.0076446533203125,0.482666015625
1780625246599194600,27.843194580078126,0.370819091796875,1.0871429443359375,0.5356903076171875
1780625246609224400,27.853224365234375,0.34967041015625,1.0177459716796875,0.5443572998046875
1780625246619253800,27.863253662109376,0.28857421875,0.8770751953125,0.5072784423828125
1780625246629283300,27.873283447265624,0.1174468994140625,0.803619384765625,0.386962890625
1780625246639312400,27.8833125,-0.002105712890625,0.791900634765625,0.250579833984375
1780625246649342500,27.893342529296874,0.012298583984375,0.8191375732421875,0.1646728515625
1780625246659371500,27.90337158203125,0.05877685546875,0.8725433349609375,0.13995361328125
1780625246669401600,27.913401611328126,0.1522674560546875,0.9293365478515625,0.157958984375
1780625246679430400,27.923430419921875,0.265289306640625,0.9785308837890625,0.2061920166015625
1780625246689459500,27.93345947265625,0.2762298583984375,0.9871826171875,0.2749481201171875
1780625246699489500,27.943489501953124,0.171142578125,0.9698638916015625,0.3350372314453125
1780625246709518300,27.953518310546876,0.0632781982421875,0.9445343017578125,0.3977508544921875
1780625246719548400,27.96354833984375,0.0371246337890625,0.9222564697265625,0.4456939697265625
1780625246729577500,27.973577392578125,0.0601806640625,0.9033966064453125,0.4643402099609375
1780625246739607600,27.983607666015626,0.08123779296875,0.89093017578125,0.464111328125
1780625246749636600,27.99363671875,0.085479736328125,0.871337890625,0.4556427001953125
1780625246759666400,28.00366650390625,0.081024169921875,0.855682373046875,0.4356231689453125
1780625246769695500,28.013695556640624,0.0695343017578125,0.849639892578125,0.4060516357421875
1780625246779725600,28.0237255859375,0.07061767578125,0.8624267578125,0.3718719482421875
1780625246789754600,28.033754638671876,0.082275390625,0.895782470703125,0.3323822021484375
1780625246799784400,28.043784423828125,0.08270263671875,0.939727783203125,0.2953948974609375
1780625246809813500,28.0538134765625,0.066162109375,0.9820404052734375,0.2711181640625
1780625246819843600,28.063843505859374,0.050323486328125,1.023101806640625,0.2605133056640625
1780625246829872600,28.07387255859375,0.059112548828125,1.0601348876953125,0.2625274658203125
1780625246839902700,28.08390283203125,0.0771942138671875,1.0791778564453125,0.2737884521484375
1780625246849931500,28.093931640625,0.104705810546875,1.0655364990234375,0.291229248046875
1780625246859961600,28.103961669921876,0.1117401123046875,1.019287109375,0.310150146484375
1780625246869990700,28.11399072265625,0.0829925537109375,0.93719482421875,0.3117218017578125
1780625246880020700,28.124020751953125,0.0106048583984375,0.88037109375,0.3055419921875
1780625246890049500,28.134049560546874,-0.063262939453125,0.8757781982421875,0.296630859375
1780625246900079600,28.14407958984375,-0.0943450927734375,0.897979736328125,0.2886199951171875
1780625246910108700,28.154108642578127,-0.0846099853515625,0.9226531982421875,0.2762603759765625
1780625246920138500,28.164138427734375,-0.0735321044921875,0.9420013427734375,0.2650299072265625
1780625246930167600,28.17416748046875,-0.0622711181640625,0.94635009765625,0.2529449462890625
1780625246940197400,28.184197265625,-0.052215576171875,0.9648590087890625,0.253753662109375
1780625246950226400,28.194226318359377,-0.0347747802734375,0.984710693359375,0.264312744140625
1780625246960256500,28.204256591796874,-0.019317626953125,0.9883270263671875,0.2767486572265625
1780625246970285300,28.214285400390626,-0.0007171630859375,0.9875640869140625,0.2850494384765625
1780625246980315400,28.2243154296875,0.0089263916015625,0.9856414794921875,0.2885589599609375
1780625246990344400,28.234344482421875,0.0060882568359375,0.9832000732421875,0.2890472412109375
1780625247000374500,28.24437451171875,0.00030517578125,0.983856201171875,0.2872467041015625
1780625247010403600,28.254403564453124,0.0073089599609375,0.976165771484375,0.2854156494140625
1780625247020433400,28.264433349609376,0.0309295654296875,0.961669921875,0.2819976806640625
1780625247030462500,28.27446240234375,0.057281494140625,0.9415283203125,0.2696380615234375
1780625247040492500,28.284492431640626,0.0734405517578125,0.932037353515625,0.259613037109375
1780625247050521600,28.294521484375,0.0936126708984375,0.928802490234375,0.2477264404296875
1780625247060551700,28.3045517578125,0.1092681884765625,0.927093505859375,0.236175537109375
1780625247070580500,28.31458056640625,0.120880126953125,0.92620849609375,0.2276458740234375
1780625247080610600,28.324610595703124,0.120697021484375,0.9347991943359375,0.2236480712890625
1780625247090639600,28.3346396484375,0.113922119140625,0.949432373046875,0.2208709716796875
1780625247100669700,28.344669677734377,0.101165771484375,0.966705322265625,0.226043701171875
1780625247110698500,28.354698486328125,0.0906219482421875,0.9861297607421875,0.2362823486328125
1780625247120728600,28.364728515625,0.093536376953125,0.99542236328125,0.24822998046875
1780625247130757600,28.374757568359374,0.1033477783203125,0.9909515380859375,0.2605743408203125
1780625247140787700,28.38478759765625,0.1153717041015625,0.9746856689453125,0.261505126953125
1780625247150816500,28.39481640625,0.1276702880859375,0.9576568603515625,0.25103759765625
1780625247160846600,28.4048466796875,0.1385345458984375,0.943115234375,0.2324066162109375
1780625247170875600,28.414875732421876,0.146820068359375,0.9239349365234375,0.212677001953125
1780625247180904700,28.42490478515625,0.1509246826171875,0.9122161865234375,0.1959991455078125
1780625247190934500,28.4349345703125,0.1465911865234375,0.905364990234375,0.181427001953125
1780625247200963600,28.444963623046874,0.141815185546875,0.9173736572265625,0.172088623046875
1780625247210993400,28.454993408203126,0.1408233642578125,0.9422454833984375,0.1727752685546875
1780625247221022700,28.465022705078123,0.15069580078125,0.96832275390625,0.1817779541015625
1780625247231052500,28.475052490234376,0.16864013671875,0.991455078125,0.1854248046875
1780625247241081600,28.48508154296875,0.1944122314453125,1.009033203125,0.1857147216796875
1780625247251111400,28.495111328125,0.2238922119140625,1.017333984375,0.1790313720703125
1780625247261140500,28.505140380859373,0.2534637451171875,1.0266571044921875,0.1712493896484375
1780625247271170600,28.515170654296874,0.271453857421875,1.03753662109375,0.164215087890625
1780625247281199400,28.525199462890626,0.2784423828125,1.04766845703125,0.159210205078125
1780625247291229400,28.5352294921875,0.269989013671875,1.052825927734375,0.15570068359375
1780625247301258500,28.545258544921875,0.2536773681640625,1.0450592041015625,0.15191650390625
1780625247311288600,28.55528857421875,0.2357025146484375,1.0247344970703125,0.146209716796875
1780625247321317400,28.5653173828125,0.211669921875,0.996368408203125,0.1425323486328125
1780625247331347500,28.575347412109377,0.1951751708984375,0.9756011962890625,0.1479339599609375
1780625247341376500,28.58537646484375,0.1913299560546875,0.9844970703125,0.162750244140625
1780625247351407400,28.595407470703126,0.199676513671875,1.009613037109375,0.1766815185546875
1780625247361436200,28.605436279296875,0.203521728515625,1.03350830078125,0.181060791015625
1780625247371466200,28.61546630859375,0.1846771240234375,1.0357818603515625,0.1807403564453125
1780625247381495300,28.625495361328124,0.1262359619140625,1.0068511962890625,0.189361572265625
1780625247391525400,28.635525390625,0.035125732421875,0.95404052734375,0.2056884765625
1780625247401554200,28.64555419921875,-0.0344085693359375,0.909515380859375,0.2323455810546875
1780625247411584300,28.655584228515625,-0.0677490234375,0.8834075927734375,0.2659149169921875
1780625247421613300,28.66561328125,-0.018829345703125,0.8694305419921875,0.288116455078125
1780625247431643100,28.67564306640625,0.3103790283203125,0.9687347412109375,0.2901763916015625
1780625247441672200,28.685672119140627,0.64239501953125,1.1861419677734375,0.309295654296875
1780625247451702000,28.695701904296875,0.651092529296875,1.28668212890625,0.3302154541015625
1780625247461731000,28.70573095703125,0.471771240234375,1.294525146484375,0.33856201171875
1780625247471761200,28.71576123046875,0.350616455078125,1.2397003173828125,0.365875244140625
1780625247481790200,28.725790283203125,0.2870330810546875,1.0964202880859375,0.378204345703125
1780625247491820000,28.735820068359374,0.2467803955078125,0.91851806640625,0.355560302734375
1780625247501849000,28.74584912109375,0.257354736328125,0.813232421875,0.3502197265625
1780625247511879200,28.755879150390626,0.2193145751953125,0.753814697265625,0.3643035888671875
1780625247521908200,28.765908203125,0.1998748779296875,0.75152587890625,0.3949737548828125
1780625247531938300,28.775938232421876,0.2161407470703125,0.7769927978515625,0.43792724609375
1780625247541967000,28.785967041015624,0.233001708984375,0.7777862548828125,0.4736480712890625
1780625247551997200,28.7959970703125,0.234527587890625,0.792205810546875,0.517181396484375
1780625247562026200,28.806026123046873,0.242218017578125,0.7631683349609375,0.555877685546875
1780625247572056300,28.816056396484374,0.3007965087890625,0.6762542724609375,0.588470458984375
1780625247582085000,28.826085205078126,0.3705291748046875,0.6014404296875,0.62017822265625
1780625247592115200,28.836115234375,0.4512481689453125,0.533416748046875,0.6316680908203125
1780625247602144300,28.846144287109375,0.5128326416015625,0.4972076416015625,0.6323699951171875
1780625247612173000,28.856173095703124,0.542724609375,0.4753875732421875,0.611602783203125
1780625247622203100,28.866203125,0.5487823486328125,0.4755859375,0.534637451171875
1780625247632232200,28.876232177734376,0.5220184326171875,0.487823486328125,0.4127044677734375
1780625247642262300,28.88626220703125,0.493560791015625,0.486572265625,0.3251190185546875
1780625247652291300,28.896291259765626,0.4587860107421875,0.49310302734375,0.28497314453125
1780625247662321200,28.906321044921874,0.43524169921875,0.4974517822265625,0.272430419921875
1780625247672350200,28.91635009765625,0.425140380859375,0.5044708251953125,0.27783203125
1780625247682380300,28.92638037109375,0.438751220703125,0.5021820068359375,0.291534423828125
1780625247692409300,28.936409423828124,0.4612579345703125,0.4913330078125,0.3035888671875
1780625247702439400,28.946439453125,0.4896240234375,0.4770660400390625,0.30474853515625
1780625247712468200,28.95646826171875,0.533599853515625,0.4714202880859375,0.2925567626953125
1780625247722498300,28.966498291015625,0.5784149169921875,0.4815521240234375,0.2731170654296875
1780625247732527400,28.97652734375,0.6013946533203125,0.5079193115234375,0.24932861328125
1780625247742557200,28.98655712890625,0.6026153564453125,0.556060791015625,0.249420166015625
1780625247752586200,28.996586181640627,0.60113525390625,0.6313934326171875,0.2820281982421875
1780625247762616000,29.006615966796875,0.6020050048828125,0.727142333984375,0.3266143798828125
1780625247772645000,29.01664501953125,0.6116943359375,0.84796142578125,0.3671722412109375
1780625247782675200,29.02667529296875,0.62939453125,0.99468994140625,0.4130401611328125
1780625247792704000,29.0367041015625,0.6056976318359375,1.1358795166015625,0.4621429443359375
1780625247802734000,29.046734130859374,0.556549072265625,1.186859130859375,0.4915313720703125
1780625247812763100,29.05676318359375,0.501800537109375,1.13262939453125,0.4901580810546875
1780625247822793200,29.066793212890627,0.4906768798828125,1.0527801513671875,0.486480712890625
1780625247832822000,29.076822021484375,0.4803009033203125,1.07830810546875,0.5060577392578125
1780625247842852000,29.08685205078125,0.422149658203125,1.1967926025390625,0.5430450439453125
1780625247852881200,29.096881103515624,0.33294677734375,1.29083251953125,0.594940185546875
1780625247862911200,29.1069111328125,0.2032470703125,1.3061370849609375,0.6531524658203125
1780625247872940300,29.116940185546873,0.2059478759765625,1.189910888671875,0.7019500732421875
1780625247882970000,29.12697021484375,0.3101043701171875,0.9588165283203125,0.7247161865234375
1780625247892999200,29.136999267578126,0.3967742919921875,0.768951416015625,0.7481231689453125
1780625247903029200,29.147029296875,0.419219970703125,0.5874786376953125,0.7750701904296875
1780625247913058300,29.157058349609375,0.275634765625,0.2981109619140625,0.74237060546875
1780625247923088400,29.16708837890625,0.261993408203125,0.103485107421875,0.6866455078125
1780625247933117200,29.1771171875,0.3325958251953125,0.182342529296875,0.570465087890625
1780625247943146200,29.187146240234377,0.3579254150390625,0.40972900390625,0.414154052734375
1780625247953176300,29.19717626953125,0.2544097900390625,0.6119232177734375,0.34844970703125
1780625247963205000,29.207205078125,0.0853729248046875,0.824310302734375,0.3122711181640625
1780625247973235200,29.217235107421875,-0.022705078125,1.0149993896484375,0.2379608154296875
1780625247983264300,29.22726416015625,-0.017242431640625,1.1799163818359375,0.1708221435546875
1780625247993294300,29.23729443359375,0.0590667724609375,1.29974365234375,0.20074462890625
1780625248003323400,29.247323486328124,0.2054901123046875,1.326934814453125,0.28314208984375
1780625248013353200,29.257353271484376,0.3725738525390625,1.2344207763671875,0.3452606201171875
1780625248023382300,29.26738232421875,0.338104248046875,1.01568603515625,0.3774261474609375
1780625248033412000,29.277412109375,0.122039794921875,0.8543243408203125,0.389923095703125
1780625248043441400,29.28744140625,-0.0166015625,0.826202392578125,0.430450439453125
1780625248053471000,29.297470947265627,-0.0584869384765625,0.823089599609375,0.468658447265625
1780625248063500300,29.307500244140623,-0.079803466796875,0.81671142578125,0.4582672119140625
1780625248073530000,29.317530029296876,-0.07269287109375,0.8479766845703125,0.3983001708984375
1780625248083559200,29.32755908203125,-0.0296783447265625,0.868621826171875,0.3358612060546875
1780625248093589200,29.33758935546875,0.0283966064453125,0.88592529296875,0.2990264892578125
1780625248103618000,29.3476181640625,0.109161376953125,0.9183349609375,0.2913665771484375
1780625248113648000,29.357648193359374,0.1778106689453125,0.9494171142578125,0.3078155517578125
1780625248123677200,29.36767724609375,0.217376708984375,0.965179443359375,0.3239898681640625
1780625248133707300,29.377707275390627,0.2014312744140625,0.9619903564453125,0.3095855712890625
1780625248143736000,29.387736083984375,0.157012939453125,0.9469146728515625,0.2802886962890625
1780625248153766100,29.39776611328125,0.1280975341796875,0.926971435546875,0.257568359375
1780625248163795200,29.407795166015624,0.10504150390625,0.909332275390625,0.2540283203125
1780625248173825300,29.4178251953125,0.1035308837890625,0.9141845703125,0.2839813232421875
1780625248183854000,29.42785400390625,0.1244049072265625,0.936553955078125,0.3416900634765625
1780625248193884200,29.43788427734375,0.162109375,0.9752044677734375,0.4099273681640625
1780625248203913200,29.447913330078126,0.17999267578125,1.002197265625,0.4663543701171875
1780625248213943300,29.457943359375,0.15771484375,0.98138427734375,0.498504638671875
1780625248223972000,29.46797216796875,0.1226043701171875,0.9290313720703125,0.5001373291015625
1780625248234002200,29.478002197265624,0.1045684814453125,0.8848724365234375,0.4776611328125
1780625248244031200,29.48803125,0.0938568115234375,0.8550262451171875,0.4457244873046875
1780625248254061300,29.498061279296873,0.0864410400390625,0.83319091796875,0.408050537109375
1780625248264090400,29.50809033203125,0.0939788818359375,0.828033447265625,0.3762664794921875
1780625248274120200,29.5181201171875,0.114898681640625,0.851531982421875,0.352783203125
1780625248284149200,29.528149169921875,0.1366729736328125,0.8943634033203125,0.3408966064453125
1780625248294178300,29.53817822265625,0.1500701904296875,0.954833984375,0.3411407470703125
1780625248304208400,29.54820849609375,0.156707763671875,1.0233612060546875,0.34906005859375
1780625248314237200,29.5582373046875,0.15478515625,1.0822296142578125,0.368682861328125
1780625248324267300,29.568267333984377,0.151580810546875,1.1229248046875,0.3856353759765625
1780625248334296300,29.57829638671875,0.154327392578125,1.143310546875,0.3970947265625
1780625248344326100,29.588326171875,0.158111572265625,1.1269073486328125,0.3912506103515625
1780625248354355200,29.598355224609374,0.15509033203125,1.05804443359375,0.3721466064453125
1780625248364385000,29.608385009765627,0.160369873046875,0.9977569580078125,0.36236572265625
1780625248374414000,29.6184140625,0.1757354736328125,0.9407196044921875,0.3505096435546875
1780625248384444200,29.628444091796876,0.1952056884765625,0.90863037109375,0.347900390625
1780625248394473000,29.638472900390624,0.22979736328125,0.9001007080078125,0.359039306640625
1780625248404503000,29.6485029296875,0.2577362060546875,0.9103851318359375,0.3697662353515625
1780625248414532000,29.658531982421874,0.25994873046875,0.942291259765625,0.3795623779296875
1780625248424562200,29.668562255859374,0.267822265625,0.968231201171875,0.3751983642578125
1780625248434591000,29.678591064453126,0.31024169921875,0.962188720703125,0.3516387939453125
1780625248444621000,29.68862109375,0.365203857421875,0.941802978515625,0.3081512451171875
1780625248454650000,29.698650146484376,0.3945159912109375,0.939971923828125,0.259307861328125
1780625248464680200,29.70868017578125,0.4016265869140625,0.9565887451171875,0.2198333740234375
1780625248474709200,29.718709228515625,0.3755340576171875,0.9558868408203125,0.182464599609375
1780625248484739000,29.728739013671873,0.312255859375,0.9555206298828125,0.1602325439453125
1780625248494768000,29.73876806640625,0.1854095458984375,0.91156005859375,0.122772216796875
1780625248504798200,29.748798095703126,0.0645904541015625,0.84161376953125,0.099273681640625
1780625248514827300,29.7588271484375,0.0570526123046875,0.7914581298828125,0.104339599609375
1780625248524857000,29.768857177734375,0.1324615478515625,0.7973480224609375,0.147735595703125
1780625248534886100,29.77888623046875,0.232208251953125,0.8049468994140625,0.1949920654296875
1780625248544916200,29.788916259765625,0.326995849609375,0.7972412109375,0.2671661376953125
1780625248554945300,29.7989453125,0.337890625,0.82672119140625,0.328765869140625
1780625248564975400,29.808975341796874,0.3135528564453125,0.8072357177734375,0.38787841796875
1780625248575004200,29.819004150390626,0.3381500244140625,0.752227783203125,0.4453277587890625
1780625248585034200,29.8290341796875,0.40423583984375,0.6891937255859375,0.494384765625
1780625248595063300,29.839063232421875,0.5180206298828125,0.606842041015625,0.55389404296875
1780625248605092000,29.849092041015624,0.611968994140625,0.5245819091796875,0.604888916015625
1780625248615122200,29.8591220703125,0.6610565185546875,0.4485321044921875,0.62542724609375
1780625248625151200,29.869151123046876,0.65875244140625,0.4052581787109375,0.6380157470703125
1780625248635181300,29.879181396484373,0.60601806640625,0.405487060546875,0.619171142578125
1780625248645210400,29.88921044921875,0.540740966796875,0.4634246826171875,0.55230712890625
1780625248655240000,29.899239990234374,0.4818267822265625,0.5406341552734375,0.4698486328125
1780625248665269200,29.909269287109375,0.4584808349609375,0.6157684326171875,0.3968505859375
1780625248675299000,29.919299072265623,0.4886322021484375,0.7012176513671875,0.3606109619140625
1780625248685328100,29.929328125,0.5147552490234375,0.77685546875,0.35247802734375
1780625248695358200,29.939358154296876,0.519378662109375,0.816375732421875,0.3556671142578125
1780625248705387000,29.949386962890625,0.524658203125,0.823638916015625,0.351318359375
1780625248715417000,29.9594169921875,0.51873779296875,0.8203582763671875,0.336883544921875
1780625248725446100,29.969446044921874,0.5108489990234375,0.8026885986328125,0.32806396484375
1780625248735476200,29.979476318359374,0.5040740966796875,0.7638092041015625,0.3271331787109375
1780625248745505000,29.989505126953127,0.502349853515625,0.704437255859375,0.33734130859375
1780625248755535000,29.99953515625,0.508544921875,0.6428680419921875,0.3552398681640625
1780625248765564200,30.009564208984376,0.5295867919921875,0.5960540771484375,0.377410888671875
1780625248775594200,30.01959423828125,0.5630645751953125,0.578460693359375,0.3964691162109375
1780625248785623000,30.029623046875,0.603790283203125,0.5947723388671875,0.4129791259765625
1780625248795653000,30.039653076171874,0.6209564208984375,0.627166748046875,0.419677734375
1780625248805682200,30.04968212890625,0.616973876953125,0.6535797119140625,0.4199676513671875
1780625248815712300,30.059712158203126,0.612396240234375,0.6583251953125,0.4127349853515625
1780625248825741000,30.069740966796875,0.602630615234375,0.66412353515625,0.391876220703125
1780625248835771100,30.079771240234376,0.6009063720703125,0.6714935302734375,0.3615570068359375
1780625248845800200,30.08980029296875,0.625396728515625,0.68768310546875,0.330291748046875
1780625248855830300,30.099830322265625,0.6516571044921875,0.7122344970703125,0.3078460693359375
1780625248865859300,30.109859375,0.6715850830078125,0.7233123779296875,0.3008270263671875
1780625248875889200,30.11988916015625,0.7043914794921875,0.7138519287109375,0.29962158203125
1780625248885918200,30.129918212890626,0.725311279296875,0.69854736328125,0.30010986328125
1780625248895948300,30.1399482421875,0.73004150390625,0.701568603515625,0.285369873046875
1780625248905977300,30.149977294921875,0.68463134765625,0.742218017578125,0.2860107421875
1780625248916006100,30.160006103515624,0.6173858642578125,0.8019561767578125,0.3180084228515625
1780625248926036200,30.1700361328125,0.588836669921875,0.865936279296875,0.3768310546875
1780625248936065300,30.180065185546876,0.5697174072265625,0.9234619140625,0.45770263671875
1780625248946095000,30.19009521484375,0.5128173828125,0.9411468505859375,0.5474853515625
1780625248956124200,30.200124267578126,0.4504547119140625,0.8865814208984375,0.63482666015625
1780625248966154000,30.210154052734374,0.4115142822265625,0.791107177734375,0.7248077392578125
1780625248976183300,30.220183349609375,0.4178314208984375,0.6921844482421875,0.820556640625
1780625248986213000,30.230213134765624,0.4856719970703125,0.605987548828125,0.915679931640625
1780625248996242000,30.240241943359376,0.5489959716796875,0.558074951171875,0.9925384521484375
1780625249006272000,30.25027197265625,0.537017822265625,0.555877685546875,1.01885986328125
1780625249016301000,30.260301025390625,0.4873809814453125,0.5931854248046875,1.0092926025390625
1780625249026331100,30.2703310546875,0.4573822021484375,0.687652587890625,0.9686126708984375
1780625249036360200,30.280360107421874,0.4575042724609375,0.7647247314453125,0.870635986328125
1780625249046390000,30.29039013671875,0.4365386962890625,0.7579498291015625,0.702362060546875
1780625249056419000,30.300419189453127,0.4015045166015625,0.6911468505859375,0.5289764404296875
1780625249066449200,30.31044921875,0.398345947265625,0.6325225830078125,0.3874664306640625
1780625249076478200,30.320478271484376,0.4369049072265625,0.6116790771484375,0.294921875
1780625249086508300,30.33050830078125,0.4827117919921875,0.629669189453125,0.251434326171875
1780625249096537000,30.340537109375,0.508880615234375,0.6858978271484375,0.2589874267578125
1780625249106567200,30.350567138671874,0.503204345703125,0.771240234375,0.3086700439453125
1780625249116596200,30.36059619140625,0.4510955810546875,0.8642578125,0.3748779296875
1780625249126626300,30.370626220703127,0.3641357421875,0.9324493408203125,0.4362030029296875
1780625249136655000,30.380655029296875,0.2600250244140625,0.9766387939453125,0.475372314453125
1780625249146685200,30.390685302734376,0.192138671875,0.998321533203125,0.5052642822265625
1780625249156714200,30.40071435546875,0.190460205078125,0.99420166015625,0.53411865234375
1780625249166744300,30.410744384765625,0.22271728515625,0.962066650390625,0.5666351318359375
1780625249176773000,30.420773193359373,0.2677459716796875,0.916351318359375,0.5956573486328125
1780625249186803200,30.43080322265625,0.2902984619140625,0.83819580078125,0.6165771484375
1780625249196832300,30.440832275390626,0.2664642333984375,0.7298583984375,0.585693359375
1780625249206862300,30.4508623046875,0.22015380859375,0.66424560546875,0.48870849609375
1780625249216891100,30.46089111328125,0.1963653564453125,0.639434814453125,0.4102783203125
1780625249226920200,30.470920166015624,0.20111083984375,0.6387939453125,0.4075927734375
1780625249236950300,30.4809501953125,0.219024658203125,0.69195556640625,0.46746826171875
1780625249246979300,30.490979248046877,0.22784423828125,0.7953033447265625,0.5262603759765625
1780625249257009200,30.501009033203125,0.249847412109375,0.9080047607421875,0.543212890625
1780625249267038200,30.5110380859375,0.311553955078125,1.0120697021484375,0.5632781982421875
1780625249277068000,30.521068115234375,0.3259429931640625,1.046417236328125,0.5753021240234375
1780625249287097000,30.53109716796875,0.2585601806640625,0.988677978515625,0.4901123046875
1780625249297127200,30.541127197265624,0.242279052734375,0.9120635986328125,0.373291015625
1780625249307156000,30.551156005859376,0.24456787109375,0.818267822265625,0.296051025390625
1780625249317186000,30.56118603515625,0.2409515380859375,0.7092132568359375,0.269012451171875
1780625249327215000,30.571215087890625,0.2698974609375,0.6417694091796875,0.2982177734375
1780625249337245200,30.5812451171875,0.2880706787109375,0.6540374755859375,0.3586273193359375
1780625249347274000,30.59127392578125,0.3166351318359375,0.762420654296875,0.40911865234375
1780625249357303800,30.6013037109375,0.355499267578125,0.9234466552734375,0.4613189697265625
1780625249367332900,30.611332763671875,0.346343994140625,1.0182342529296875,0.4930572509765625
1780625249377363000,30.621363037109376,0.2554931640625,0.9960784912109375,0.42218017578125
1780625249387391700,30.631391845703124,0.180694580078125,0.9307098388671875,0.2948150634765625
1780625249397421800,30.641421875,0.1451416015625,0.80706787109375,0.1862945556640625
1780625249407451000,30.651450927734373,0.129791259765625,0.6376800537109375,0.12835693359375
1780625249417481000,30.66148095703125,0.1100921630859375,0.502105712890625,0.12042236328125
1780625249427510000,30.671510009765626,0.127044677734375,0.4588470458984375,0.18377685546875
1780625249437539800,30.681539794921875,0.2113800048828125,0.5691375732421875,0.295257568359375
1780625249447569000,30.69156884765625,0.35040283203125,0.81488037109375,0.434356689453125
1780625249457599000,30.701598876953124,0.491912841796875,1.0992584228515625,0.577728271484375
1780625249467628000,30.7116279296875,0.55950927734375,1.304473876953125,0.6381378173828125
1780625249477657900,30.721657958984373,0.5133514404296875,1.3443145751953125,0.5557098388671875
1780625249487687000,30.73168701171875,0.4044952392578125,1.2048492431640625,0.40484619140625
1780625249497717000,30.741717041015626,0.2709808349609375,0.9372100830078125,0.3118438720703125
1780625249507746000,30.75174609375,0.14990234375,0.6768798828125,0.28863525390625
1780625249517776100,30.761776123046875,0.0797576904296875,0.5391693115234375,0.316436767578125
1780625249527805000,30.771804931640624,0.1222381591796875,0.5326385498046875,0.4094085693359375
1780625249537835000,30.7818349609375,0.265106201171875,0.6413421630859375,0.5253448486328125
1780625249547864000,30.791864013671876,0.38092041015625,0.8249053955078125,0.62005615234375
1780625249557894000,30.801893798828125,0.469757080078125,1.0074920654296875,0.677581787109375
1780625249567923000,30.8119228515625,0.461517333984375,1.0454559326171875,0.629302978515625
1780625249577952800,30.821952880859374,0.4009857177734375,0.947540283203125,0.5057525634765625
1780625249587981800,30.83198193359375,0.37158203125,0.7725372314453125,0.3633880615234375
1780625249598011100,30.84201123046875,0.2672119140625,0.5847625732421875,0.2642364501953125
1780625249608040700,30.852040771484376,0.1765289306640625,0.4375152587890625,0.239410400390625
1780625249618069800,30.86206982421875,0.23931884765625,0.4237823486328125,0.295379638671875
1780625249628099800,30.872099853515625,0.3842010498046875,0.5496826171875,0.38104248046875
1780625249638129000,30.88212890625,0.442535400390625,0.7090911865234375,0.4354248046875
1780625249648158700,30.89215869140625,0.4638671875,0.860321044921875,0.4716796875
1780625249658187800,30.902187744140626,0.476959228515625,0.98504638671875,0.48565673828125
1780625249668217900,30.9122177734375,0.450225830078125,1.0449981689453125,0.441864013671875
1780625249678247000,30.922246826171875,0.3992156982421875,0.9874725341796875,0.393341064453125
1780625249688277000,30.932277099609376,0.328369140625,0.8907318115234375,0.3816986083984375
1780625249698305800,30.942305908203124,0.240966796875,0.777984619140625,0.4105224609375
1780625249708335900,30.9523359375,0.2641143798828125,0.712615966796875,0.4633636474609375
1780625249718365000,30.962364990234374,0.3632354736328125,0.7126007080078125,0.4818267822265625
1780625249728395000,30.97239501953125,0.38311767578125,0.7144317626953125,0.4498443603515625
1780625249738423800,30.982423828125,0.3942718505859375,0.7333526611328125,0.391021728515625
1780625249748454000,30.992453857421875,0.3729248046875,0.7776947021484375,0.332183837890625
1780625249758483000,31.00248291015625,0.323028564453125,0.8279266357421875,0.3014678955078125
1780625249768513000,31.012512939453124,0.279998779296875,0.9028778076171875,0.317108154296875
1780625249778541800,31.022541748046876,0.24322509765625,0.98486328125,0.3647308349609375
1780625249788572000,31.032572021484373,0.2025146484375,1.0670623779296875,0.4526214599609375
1780625249798601000,31.04260107421875,0.2179107666015625,1.119842529296875,0.5671844482421875
1780625249808631000,31.052631103515626,0.2797088623046875,1.1253509521484375,0.6357269287109375
1780625249818660000,31.06266015625,0.3091888427734375,1.07940673828125,0.6018218994140625
1780625249828690000,31.07268994140625,0.3002471923828125,1.00042724609375,0.4716796875
1780625249838719000,31.082718994140624,0.2761688232421875,0.889678955078125,0.3061981201171875
1780625249848748800,31.092748779296876,0.2640380859375,0.752838134765625,0.1930694580078125
1780625249858778000,31.102778076171877,0.2594757080078125,0.6459808349609375,0.1366424560546875
1780625249868807700,31.1128076171875,0.2222747802734375,0.5822906494140625,0.110015869140625
1780625249878837000,31.1228369140625,0.2031402587890625,0.6063690185546875,0.1351318359375
1780625249888866800,31.13286669921875,0.2656402587890625,0.746337890625,0.23492431640625
1780625249898896000,31.142895751953127,0.3444976806640625,0.967742919921875,0.3636627197265625
1780625249908926000,31.152926025390624,0.4037628173828125,1.170806884765625,0.481201171875
1780625249918954800,31.162954833984376,0.4432830810546875,1.26513671875,0.5346527099609375
1780625249928984800,31.17298486328125,0.446197509765625,1.206512451171875,0.503509521484375
1780625249939014000,31.183013916015625,0.4253387451171875,1.0367431640625,0.3983154296875
1780625249949044000,31.1930439453125,0.3614501953125,0.8785247802734375,0.27734375
1780625249959072800,31.20307275390625,0.28857421875,0.7600555419921875,0.1839447021484375
1780625249969102800,31.213102783203126,0.265350341796875,0.6957855224609375,0.1116943359375
1780625249979132000,31.2231318359375,0.2646942138671875,0.6851959228515625,0.0827178955078125
1780625249989162000,31.233161865234376,0.30975341796875,0.7412872314453125,0.118194580078125
1780625249999190800,31.243190673828124,0.3349456787109375,0.871490478515625,0.19512939453125
1780625250009220900,31.253220947265625,0.3429107666015625,1.0256500244140625,0.2890625
1780625250019250000,31.26325,0.3687744140625,1.13555908203125,0.371826171875
1780625250029280000,31.273280029296874,0.3988189697265625,1.1805419921875,0.4265899658203125
1780625250039309000,31.28330908203125,0.4122161865234375,1.1529541015625,0.4353790283203125
1780625250049339000,31.2933388671875,0.4218292236328125,1.0307159423828125,0.394378662109375
1780625250059368000,31.303367919921875,0.411285400390625,0.9124908447265625,0.29425048828125
1780625250069398000,31.31339794921875,0.370330810546875,0.8680572509765625,0.1802825927734375
1780625250079427000,31.323427001953124,0.33673095703125,0.842559814453125,0.1027069091796875
1780625250089457000,31.333456787109377,0.3235626220703125,0.833587646484375,0.077178955078125
1780625250099486000,31.34348583984375,0.30810546875,0.8510589599609375,0.104156494140625
1780625250109515000,31.353514892578126,0.3300323486328125,0.8897857666015625,0.1712493896484375
1780625250119545000,31.363545166015626,0.3633575439453125,0.946929931640625,0.2535858154296875
1780625250129574000,31.373573974609375,0.4049072265625,1.005401611328125,0.318389892578125
1780625250139604000,31.38360400390625,0.4373779296875,1.0313720703125,0.351409912109375
1780625250149633000,31.393633056640624,0.4694061279296875,1.0175628662109375,0.3513641357421875
1780625250159662800,31.403662841796876,0.4950714111328125,0.9635467529296875,0.3404083251953125
1780625250169692000,31.41369189453125,0.4863433837890625,0.8971099853515625,0.315216064453125
1780625250179721700,31.4237216796875,0.4683685302734375,0.8304595947265625,0.278717041015625
1780625250189750800,31.433750732421874,0.4476776123046875,0.7803955078125,0.2391815185546875
1780625250199780900,31.44378076171875,0.42950439453125,0.7582550048828125,0.2140960693359375
1780625250209810000,31.453809814453123,0.4229736328125,0.7678070068359375,0.209259033203125
1780625250219839700,31.46383984375,0.438873291015625,0.806121826171875,0.2097625732421875
1780625250229868800,31.473868896484376,0.46173095703125,0.885467529296875,0.232757568359375
1780625250239899000,31.48389892578125,0.4819793701171875,0.9862213134765625,0.2685699462890625
1780625250249928000,31.493927978515625,0.506134033203125,1.0633544921875,0.3072662353515625
1780625250259957800,31.503957763671874,0.5195159912109375,1.096160888671875,0.3390350341796875
1780625250269986800,31.51398681640625,0.512939453125,1.078338623046875,0.3648223876953125
1780625250280017000,31.524016845703127,0.49310302734375,1.01220703125,0.3748626708984375
1780625250290046000,31.5340458984375,0.458221435546875,0.925262451171875,0.3576202392578125
1780625250300076000,31.544075927734376,0.4161529541015625,0.860687255859375,0.3331298828125
1780625250310104800,31.554104736328124,0.388092041015625,0.82940673828125,0.331329345703125
1780625250320135000,31.564135009765625,0.3777313232421875,0.831329345703125,0.3569793701171875
1780625250330164000,31.5741640625,0.409210205078125,0.85430908203125,0.4114532470703125
1780625250340194000,31.584194091796874,0.449951171875,0.891845703125,0.4747467041015625
1780625250350222800,31.594222900390626,0.50201416015625,0.8986663818359375,0.539154052734375
1780625250360252700,31.604252685546875,0.5521087646484375,0.8708953857421875,0.588470458984375
1780625250370281700,31.61428173828125,0.5765228271484375,0.807373046875,0.6087188720703125
1780625250380311800,31.624311767578124,0.5652618408203125,0.7362213134765625,0.581207275390625
1780625250390340600,31.634340576171876,0.53076171875,0.6925048828125,0.508941650390625
1780625250400370700,31.64437060546875,0.4943389892578125,0.6661376953125,0.41827392578125
1780625250410399700,31.654399658203126,0.4888458251953125,0.6504364013671875,0.346832275390625
1780625250420429800,31.664429931640626,0.4909515380859375,0.6529541015625,0.3054962158203125
1780625250430458600,31.674458740234375,0.4848175048828125,0.6692657470703125,0.290924072265625
1780625250440488700,31.68448876953125,0.463531494140625,0.6943817138671875,0.298736572265625
1780625250450517800,31.694517822265624,0.44207763671875,0.731781005859375,0.3246307373046875
1780625250460547600,31.704547607421876,0.4234619140625,0.7723541259765625,0.3665924072265625
1780625250470576600,31.71457666015625,0.4094696044921875,0.8032073974609375,0.4164276123046875
1780625250480606500,31.7246064453125,0.3976898193359375,0.8267364501953125,0.457427978515625
1780625250490635500,31.734635498046874,0.393585205078125,0.8445892333984375,0.494659423828125
1780625250500665600,31.74466552734375,0.3921661376953125,0.8545989990234375,0.5191497802734375
1780625250510694700,31.754694580078127,0.37689208984375,0.84478759765625,0.5263824462890625
1780625250520724700,31.764724853515624,0.346435546875,0.8260650634765625,0.520416259765625
1780625250530753500,31.77475341796875,0.3248138427734375,0.801605224609375,0.51422119140625
1780625250540783600,31.78478369140625,0.322601318359375,0.7913970947265625,0.5187835693359375
1780625250550812700,31.794812744140625,0.3017120361328125,0.8746490478515625,0.592987060546875
1780625250560842800,31.8048427734375,0.2849273681640625,0.88507080078125,0.645294189453125
1780625250570871600,31.81487158203125,0.2345733642578125,1.008514404296875,0.76092529296875
1780625250580901600,31.824901611328126,0.172088623046875,1.486053466796875,1.0297698974609375
1780625250590930700,31.8349306640625,-0.277069091796875,1.472930908203125,0.929779052734375
1780625250600960800,31.844960693359376,-0.0023193359375,0.5716705322265625,0.513671875
1780625250610989600,31.854989501953124,0.601104736328125,0.2922515869140625,0.4733734130859375
1780625250621019600,31.86501953125,0.5880279541015625,0.3563690185546875,0.43939208984375
1780625250631048700,31.875048583984373,0.3447418212890625,0.477935791015625,0.4507293701171875
1780625250641078800,31.885078857421874,0.0604705810546875,0.6444549560546875,0.533416748046875
1780625250651107600,31.895107666015626,0.0172119140625,0.7511138916015625,0.5788726806640625
1780625250661137700,31.9051376953125,0.1435089111328125,0.780181884765625,0.60430908203125
1780625250671166700,31.915166748046875,0.270904541015625,0.70672607421875,0.5982208251953125
1780625250681196800,31.92519677734375,0.3526458740234375,0.653045654296875,0.575897216796875
1780625250691225900,31.935225830078124,0.4347076416015625,0.6260833740234375,0.53936767578125
1780625250701255700,31.945255615234377,0.4622039794921875,0.5721282958984375,0.4713897705078125
1780625250711284700,31.95528466796875,0.4434051513671875,0.574951171875,0.3874664306640625
1780625250721314600,31.965314453125,0.391082763671875,0.5970001220703125,0.3381500244140625
1780625250731344000,31.97534375,0.3460235595703125,0.61456298828125,0.3656005859375
1780625250741373400,31.98537353515625,0.2749176025390625,0.5885467529296875,0.3986053466796875
1780625250751402500,31.995402587890624,0.2303314208984375,0.5646514892578125,0.3891754150390625
1780625250761432600,32.0054326171875,0.228851318359375,0.5780181884765625,0.3830108642578125
1780625250771461600,32.015461669921876,0.226226806640625,0.574310302734375,0.382293701171875
1780625250781491700,32.02549169921875,0.2300567626953125,0.55963134765625,0.4167938232421875
1780625250791520500,32.0355205078125,0.2526397705078125,0.56121826171875,0.46514892578125
1780625250801550600,32.04555053710938,0.3661346435546875,0.607818603515625,0.52166748046875
1780625250811579600,32.05557958984375,0.47027587890625,0.660400390625,0.5602264404296875
1780625250821609700,32.06560961914062,0.4999542236328125,0.6704254150390625,0.5119476318359375
1780625250831638500,32.075638427734376,0.482940673828125,0.692657470703125,0.42950439453125
1780625250841668600,32.085668701171876,0.4647064208984375,0.73895263671875,0.34271240234375
1780625250851697700,32.09569775390625,0.4423828125,0.7649078369140625,0.2628173828125
1780625250861727700,32.10572778320312,0.4080352783203125,0.7790374755859375,0.21295166015625
1780625250871756500,32.115756591796874,0.3701019287109375,0.7947235107421875,0.2036285400390625
1780625250881786600,32.12578662109375,0.322174072265625,0.8284759521484375,0.218719482421875
1780625250891815700,32.13581567382813,0.270782470703125,0.891204833984375,0.251129150390625
1780625250901845800,32.145845703125,0.259918212890625,0.9315643310546875,0.2790374755859375
1780625250911874800,32.15587475585937,0.23468017578125,0.93048095703125,0.3063812255859375
1780625250921904600,32.16590454101563,0.202606201171875,0.902099609375,0.3424224853515625
1780625250931933700,32.17593359375,0.2479095458984375,0.9034576416015625,0.3748321533203125
1780625250941963800,32.1859638671875,0.3092193603515625,0.928314208984375,0.41497802734375
1780625250951992800,32.19599291992188,0.376251220703125,0.9784088134765625,0.48138427734375
1780625250962022700,32.20602270507813,0.3955078125,1.0558929443359375,0.550811767578125
1780625250972051700,32.2160517578125,0.3747100830078125,1.1302490234375,0.5894622802734375
1780625250982081500,32.22608154296875,0.3657684326171875,1.091278076171875,0.6030120849609375
1780625250992110800,32.23611083984375,0.33831787109375,0.9620819091796875,0.5717926025390625
1780625251002140700,32.246140625,0.297821044921875,0.801116943359375,0.4815521240234375
1780625251012169500,32.25616943359375,0.223114013671875,0.68927001953125,0.394287109375
1780625251022199600,32.266199462890626,0.169281005859375,0.7219390869140625,0.364471435546875
1780625251032228600,32.276228515625,0.1740875244140625,0.9155426025390625,0.3820648193359375
1780625251042258700,32.2862587890625,0.198394775390625,1.0592498779296875,0.4009246826171875
1780625251052287500,32.29628759765625,0.1877288818359375,1.124237060546875,0.4004364013671875
1780625251062317600,32.306317626953124,0.152862548828125,1.15740966796875,0.4085235595703125
1780625251072346600,32.3163466796875,0.13043212890625,1.1165618896484375,0.410125732421875
1780625251082376700,32.32637670898438,0.150482177734375,1.032470703125,0.3737640380859375
1780625251092405500,32.33640551757812,0.144683837890625,0.9669647216796875,0.361663818359375
1780625251102435600,32.346435546875,0.1467742919921875,0.9007720947265625,0.3816986083984375
1780625251112464600,32.356464599609374,0.1538543701171875,0.8391265869140625,0.4162445068359375
1780625251122494700,32.36649462890625,0.1522064208984375,0.7839508056640625,0.443878173828125
1780625251132523800,32.37652368164063,0.1457366943359375,0.759185791015625,0.463470458984375
1780625251142553600,32.3865537109375,0.1322174072265625,0.7762298583984375,0.48187255859375
1780625251152582700,32.39658276367187,0.1137542724609375,0.8096923828125,0.498199462890625
1780625251162612700,32.40661279296875,0.106903076171875,0.8564453125,0.514556884765625
1780625251172641800,32.416641845703126,0.113494873046875,0.8896636962890625,0.5292205810546875
1780625251182671600,32.426671630859374,0.1247100830078125,0.8829193115234375,0.5293426513671875
1780625251192700700,32.43670068359375,0.1761627197265625,0.852142333984375,0.5099029541015625
1780625251202730800,32.44673071289063,0.2231292724609375,0.8480377197265625,0.4699249267578125
1780625251212759800,32.456759765625,0.2012176513671875,0.8839874267578125,0.4516448974609375
1780625251222790000,32.46678979492187,0.16339111328125,0.901641845703125,0.437957763671875
1780625251232818700,32.476818603515625,0.1412353515625,0.9000244140625,0.4277191162109375
1780625251242848500,32.4868486328125,0.114288330078125,0.8958892822265625,0.416015625
1780625251252877800,32.4968779296875,0.0720062255859375,0.8810272216796875,0.382171630859375
1780625251262907600,32.50690771484375,0.064483642578125,0.8804779052734375,0.3517608642578125
1780625251272936700,32.51693676757812,0.1048736572265625,0.8858795166015625,0.3263397216796875
1780625251282966500,32.52696655273437,0.14276123046875,0.899627685546875,0.3050994873046875
1780625251292995600,32.53699560546875,0.17578125,0.9286651611328125,0.307952880859375
1780625251303025700,32.547025634765625,0.2101287841796875,0.9467010498046875,0.318634033203125
1780625251313054500,32.55705444335938,0.2126007080078125,0.939605712890625,0.3063812255859375
1780625251323084500,32.56708447265625,0.20281982421875,0.936004638671875,0.293975830078125
1780625251333113600,32.57711352539062,0.172760009765625,0.94122314453125,0.297393798828125
1780625251343143700,32.58714379882812,0.136444091796875,0.9347381591796875,0.3038787841796875
1780625251353173000,32.59717309570313,0.1034393310546875,0.9218597412109375,0.306793212890625
1780625251363203000,32.607203125,0.08807373046875,0.9162750244140625,0.3052215576171875
1780625251373232000,32.61723217773437,0.0721435546875,0.919403076171875,0.3073577880859375
1780625251383262000,32.62726196289063,0.0717010498046875,0.9118804931640625,0.3067474365234375
1780625251393291000,32.637291015625,0.0592193603515625,0.912139892578125,0.3106536865234375
1780625251403321000,32.647321044921874,0.033538818359375,0.90740966796875,0.31451416015625
1780625251413350100,32.65735009765625,0.022430419921875,0.9071807861328125,0.30816650390625
1780625251423380200,32.66738012695313,0.0127410888671875,0.9235382080078125,0.298126220703125
1780625251433409000,32.67740893554687,0.0110931396484375,0.940673828125,0.2877655029296875
1780625251443439000,32.68743920898437,0.0154571533203125,0.956878662109375,0.278961181640625
1780625251453468200,32.69746826171875,0.0032501220703125,0.996124267578125,0.2868194580078125
1780625251463498200,32.707498291015625,-0.029266357421875,1.0305328369140625,0.333251953125
1780625251473527000,32.71752709960938,-0.103271484375,1.0089111328125,0.3418121337890625
1780625251483556900,32.727556884765626,-0.0927886962890625,0.9689483642578125,0.316619873046875
1780625251493586200,32.73758618164062,-0.0620269775390625,0.9898681640625,0.3387908935546875
1780625251503616000,32.74761596679687,0.0076751708984375,0.988372802734375,0.384124755859375
1780625251513646000,32.75764599609375,0.2402191162109375,0.9260406494140625,0.421112060546875
1780625251523675000,32.7676748046875,0.58251953125,0.795623779296875,0.3709259033203125
1780625251533704000,32.777703857421876,0.5033721923828125,0.8078155517578125,0.3360443115234375
1780625251543734000,32.78773413085938,0.4788818359375,0.7508087158203125,0.2446746826171875
1780625251553764000,32.79776416015625,0.5299224853515625,0.742156982421875,0.1606597900390625
1780625251563793000,32.80779296875,0.352569580078125,0.864501953125,0.1424560546875
1780625251573823000,32.81782299804688,0.0805816650390625,0.9938201904296875,0.18096923828125
1780625251583852000,32.82785205078125,0.0014495849609375,1.047637939453125,0.240234375
1780625251593882000,32.837882080078124,0.058380126953125,1.0467376708984375,0.31085205078125
1780625251603911000,32.847910888671876,0.0971221923828125,1.0132904052734375,0.3785552978515625
1780625251613941000,32.85794091796875,0.09759521484375,0.9610748291015625,0.40142822265625
1780625251623970000,32.86796997070312,0.065155029296875,0.93206787109375,0.388458251953125
1780625251634000100,32.87800024414062,0.059356689453125,0.9240875244140625,0.3726654052734375
1780625251644029200,32.888029296875,0.0888214111328125,0.9210357666015625,0.368988037109375
1780625251654059000,32.89805908203125,0.1137847900390625,0.9083404541015625,0.3731231689453125
1780625251664088000,32.90808813476563,0.1445770263671875,0.8917388916015625,0.378143310546875
1780625251674118100,32.9181181640625,0.178863525390625,0.872467041015625,0.3716278076171875
1780625251684147200,32.92814721679687,0.1915740966796875,0.8639068603515625,0.351593017578125
1780625251694177000,32.93817700195312,0.1923828125,0.8831329345703125,0.3255767822265625
1780625251704206000,32.9482060546875,0.1453857421875,0.9078826904296875,0.3141326904296875
1780625251714236000,32.95823583984375,0.0791778564453125,0.9243927001953125,0.32012939453125
1780625251724265200,32.96826513671875,0.0890350341796875,0.939697265625,0.327667236328125
1780625251734295000,32.978294921875,0.14385986328125,0.9601287841796875,0.346649169921875
1780625251744324000,32.98832397460937,0.198944091796875,0.9617767333984375,0.3582611083984375
1780625251754354000,32.99835400390625,0.22509765625,0.9582977294921875,0.3573455810546875
1780625251764383000,33.008383056640625,0.2173309326171875,0.958526611328125,0.346405029296875
1780625251774413000,33.0184130859375,0.176422119140625,0.94317626953125,0.3338775634765625
1780625251784441900,33.02844189453125,0.155792236328125,0.9215850830078125,0.32342529296875
1780625251794472000,33.038471923828126,0.145294189453125,0.9059600830078125,0.3205413818359375
1780625251804501000,33.0485009765625,0.126953125,0.90106201171875,0.3292388916015625
1780625251814531000,33.05853100585937,0.096832275390625,0.8780364990234375,0.3437652587890625
1780625251824559900,33.068559814453124,0.0489654541015625,0.901092529296875,0.3755035400390625
1780625251834590000,33.07858984375,0.0074615478515625,0.918182373046875,0.425323486328125
1780625251844619000,33.08861889648438,0.0869140625,0.910064697265625,0.443511962890625
1780625251854649000,33.09864916992188,0.0826568603515625,0.9318389892578125,0.4222564697265625
1780625251864678100,33.10867822265625,0.050140380859375,0.939849853515625,0.412506103515625
1780625251874708000,33.1187080078125,0.3052825927734375,0.8052825927734375,0.3768310546875
1780625251884737000,33.128737060546875,0.40869140625,0.7827911376953125,0.25018310546875
1780625251894767000,33.13876708984375,0.23699951171875,1.0171966552734375,0.214019775390625
1780625251904796200,33.14879614257813,0.09765625,1.0871429443359375,0.202239990234375
1780625251914826000,33.15882592773438,0.000457763671875,1.078125,0.1958465576171875
1780625251924855000,33.16885498046875,-0.0399322509765625,1.0296630859375,0.2028350830078125
1780625251934885000,33.17888500976562,-0.028839111328125,0.978118896484375,0.2430572509765625
1780625251944914200,33.1889140625,0.0308990478515625,0.9385223388671875,0.3065185546875
1780625251954944300,33.1989443359375,0.087738037109375,0.942962646484375,0.34930419921875
1780625251964973000,33.20897314453125,0.13226318359375,0.9326019287109375,0.3708953857421875
1780625251975003000,33.2190029296875,0.1402130126953125,0.9121246337890625,0.3833465576171875
1780625251985032200,33.2290322265625,0.13348388671875,0.8910064697265625,0.38836669921875
1780625251995062000,33.23906201171875,0.1385955810546875,0.8682861328125,0.392120361328125
1780625252005091000,33.249091064453125,0.1434173583984375,0.8582000732421875,0.3958282470703125
1780625252015121000,33.259120849609374,0.154541015625,0.8557281494140625,0.3963470458984375
1780625252025150000,33.26914990234375,0.17242431640625,0.8669586181640625,0.3920440673828125
1780625252035180000,33.27917993164063,0.1917724609375,0.8941497802734375,0.38970947265625
1780625252045208800,33.28920874023437,0.1988677978515625,0.913421630859375,0.3772735595703125
1780625252055239000,33.29923901367187,0.18597412109375,0.9266204833984375,0.35650634765625
1780625252065268000,33.30926806640625,0.1616668701171875,0.9319915771484375,0.330718994140625
1780625252075298000,33.319298095703125,0.13348388671875,0.944091796875,0.3066558837890625
1780625252085327000,33.3293271484375,0.1227874755859375,0.9586334228515625,0.292449951171875
1780625252095357000,33.33935693359375,0.116851806640625,0.978790283203125,0.2862396240234375
1780625252105386000,33.34938598632812,0.1072540283203125,0.9975433349609375,0.293243408203125
1780625252115416000,33.359416015625,0.1104888916015625,0.9942626953125,0.3095703125
1780625252125446100,33.36944604492187,0.1149139404296875,0.9651947021484375,0.323333740234375
1780625252135475000,33.379474853515624,0.1156768798828125,0.93572998046875,0.3273468017578125
1780625252145505000,33.389505126953125,0.117828369140625,0.9228057861328125,0.336639404296875
1780625252155534000,33.3995341796875,0.1190643310546875,0.910675048828125,0.35430908203125
1780625252165564200,33.40956420898438,0.10498046875,0.8902130126953125,0.366302490234375
1780625252175593200,33.41959326171875,0.1433258056640625,0.87158203125,0.3785400390625
1780625252185623000,33.429623046875,0.21173095703125,0.8734130859375,0.3777008056640625
1780625252195652000,33.439652099609376,0.14862060546875,0.9195709228515625,0.36480712890625
1780625252205682000,33.449681884765624,0.139556884765625,0.9302978515625,0.3316802978515625
1780625252215711200,33.45971118164063,0.1475677490234375,0.9534912109375,0.3065338134765625
1780625252225741000,33.46974096679688,0.15093994140625,0.9741973876953125,0.2934722900390625
1780625252235770000,33.47977001953125,0.1264190673828125,0.977996826171875,0.2947235107421875
1780625252245800000,33.48980004882812,0.086883544921875,0.9714202880859375,0.3127899169921875
1780625252255829000,33.4998291015625,0.0620880126953125,0.9468841552734375,0.3286590576171875
1780625252265859000,33.509859130859375,0.0441436767578125,0.924468994140625,0.337646484375
1780625252275887900,33.51988793945313,0.0554351806640625,0.91021728515625,0.3471527099609375
1780625252285918000,33.52991796875,0.0931549072265625,0.9060516357421875,0.3548431396484375
1780625252295947000,33.53994702148437,0.1278076171875,0.9124298095703125,0.36236572265625
1780625252305977000,33.54997705078125,0.1348724365234375,0.91326904296875,0.3647308349609375
1780625252316006000,33.560005859375,0.1256561279296875,0.9062347412109375,0.361663818359375
1780625252326036000,33.570035888671875,0.119842529296875,0.8922576904296875,0.361663818359375
1780625252336065000,33.58006494140625,0.118408203125,0.9062652587890625,0.3761138916015625
1780625252346095000,33.59009521484375,0.128326416015625,0.9241790771484375,0.3941192626953125
1780625252356124200,33.600124267578124,0.1317291259765625,0.9261474609375,0.3985748291015625
1780625252366154200,33.610154296875,0.117095947265625,0.9261627197265625,0.386810302734375
1780625252376183300,33.62018334960938,0.111175537109375,0.9195709228515625,0.36920166015625
1780625252386213000,33.630213134765626,0.1118621826171875,0.9123992919921875,0.3551483154296875
1780625252396242200,33.6402421875,0.12005615234375,0.908721923828125,0.3385467529296875
1780625252406272300,33.65027221679688,0.122802734375,0.90838623046875,0.3242034912109375
1780625252416301300,33.66030126953125,0.1209259033203125,0.9097747802734375,0.311676025390625
1780625252426331100,33.6703310546875,0.121429443359375,0.9145355224609375,0.306182861328125
1780625252436360200,33.680360107421876,0.11724853515625,0.920684814453125,0.3072357177734375
1780625252446390300,33.69039038085938,0.11279296875,0.922760009765625,0.31866455078125
1780625252456419300,33.70041943359375,0.1090850830078125,0.917694091796875,0.33392333984375
1780625252466449200,33.71044921875,0.1073455810546875,0.9136810302734375,0.3426666259765625
1780625252476478200,33.720478271484374,0.1052093505859375,0.9185028076171875,0.3453521728515625
1780625252486508000,33.73050805664062,0.111114501953125,0.929168701171875,0.346282958984375
1780625252496537000,33.740537109375,0.124176025390625,0.9344482421875,0.34716796875
1780625252506567200,33.750567138671876,0.1337890625,0.931671142578125,0.3453369140625
1780625252516596000,33.76059594726563,0.140411376953125,0.9276580810546875,0.3444671630859375
1780625252526626000,33.7706259765625,0.1394195556640625,0.92559814453125,0.3452301025390625
1780625252536655000,33.780655029296874,0.1331939697265625,0.923828125,0.3462982177734375
1780625252546685200,33.790685302734374,0.12249755859375,0.9199371337890625,0.3506011962890625
1780625252556714000,33.8007138671875,0.1126556396484375,0.9208221435546875,0.3564910888671875
1780625252566744000,33.810744140625,0.1050872802734375,0.9191741943359375,0.3623504638671875
1780625252576773000,33.82077319335937,0.0979766845703125,0.9152679443359375,0.3634490966796875
1780625252586803200,33.83080322265625,0.0946807861328125,0.9167022705078125,0.3638763427734375
1780625252596832300,33.840832275390625,0.0973358154296875,0.923309326171875,0.3661041259765625
1780625252606862000,33.85086206054687,0.103790283203125,0.9274139404296875,0.3665618896484375
1780625252616891100,33.86089111328125,0.1127471923828125,0.931884765625,0.3563079833984375
1780625252626921200,33.870921142578126,0.1236724853515625,0.9338226318359375,0.3460235595703125
1780625252636950300,33.8809501953125,0.1318359375,0.9352264404296875,0.3364105224609375
1780625252646980000,33.89097998046875,0.14349365234375,0.936676025390625,0.326751708984375
1780625252657009200,33.901009033203124,0.1559295654296875,0.9403533935546875,0.3236236572265625
1780625252667039200,33.911039306640625,0.1169586181640625,0.9305877685546875,0.324188232421875
1780625252677068300,33.921068359375,0.0977783203125,0.9134521484375,0.3297882080078125
1780625252687098400,33.93109838867188,0.1085205078125,0.9082489013671875,0.337646484375
1780625252697127200,33.94112719726562,0.1077728271484375,0.907257080078125,0.348114013671875
1780625252707157200,33.9511572265625,0.10284423828125,0.914459228515625,0.362548828125
1780625252717186300,33.961186279296875,0.104400634765625,0.92010498046875,0.3690185546875
1780625252727216000,33.971216064453124,0.1052093505859375,0.9181060791015625,0.3721160888671875
1780625252737246200,33.98124609375,0.1011962890625,0.9128265380859375,0.3740386962890625
1780625252747275000,33.99127490234375,0.104766845703125,0.9142608642578125,0.3747711181640625
1780625252757304000,34.00130395507812,0.11334228515625,0.9151458740234375,0.372528076171875
1780625252767334100,34.01133422851562,0.1090087890625,0.9128570556640625,0.3707122802734375
1780625252777364200,34.0213642578125,0.0982818603515625,0.910980224609375,0.361785888671875
1780625252787393000,34.03139306640625,0.0998077392578125,0.912689208984375,0.3563995361328125
1780625252797423000,34.041423095703124,0.1024169921875,0.9144744873046875,0.355010986328125
1780625252807452200,34.0514521484375,0.1008758544921875,0.917449951171875,0.3579864501953125
1780625252817482200,34.061482177734376,0.09698486328125,0.916900634765625,0.3637237548828125
1780625252827511000,34.07151098632813,0.087310791015625,0.9103851318359375,0.3690032958984375
1780625252837541000,34.081541015625,0.0954437255859375,0.9098968505859375,0.378509521484375
1780625252847570200,34.091570068359374,0.1038665771484375,0.9059906005859375,0.38629150390625
1780625252857600300,34.101600341796875,0.1118011474609375,0.8970947265625,0.3875579833984375
1780625252867629000,34.11162915039063,0.107086181640625,0.8990020751953125,0.3863067626953125
1780625252877659100,34.1216591796875,0.1067352294921875,0.901123046875,0.3799896240234375
1780625252887688200,34.13168823242187,0.1151275634765625,0.9002685546875,0.36614990234375
1780625252897718300,34.14171826171875,0.1175994873046875,0.9101104736328125,0.3596954345703125
1780625252907747300,34.151747314453125,0.1180419921875,0.9202728271484375,0.3536376953125
1780625252917777200,34.161777099609374,0.1139678955078125,0.9231109619140625,0.3459625244140625
1780625252927806200,34.17180615234375,0.1089019775390625,0.92694091796875,0.3388519287109375
1780625252937836300,34.18183618164063,0.1073760986328125,0.930816650390625,0.33819580078125
1780625252947865300,34.191865234375,0.106689453125,0.9281463623046875,0.339874267578125
1780625252957895200,34.20189526367187,0.1042938232421875,0.921905517578125,0.3439788818359375
1780625252967924200,34.21192431640625,0.10333251953125,0.914947509765625,0.348907470703125
1780625252977954000,34.2219541015625,0.111114501953125,0.912261962890625,0.3537750244140625
1780625252987983000,34.23198315429688,0.1174774169921875,0.91424560546875,0.3624725341796875
1780625252998013200,34.24201318359375,0.12457275390625,0.923309326171875,0.3704071044921875
1780625253008042000,34.2520419921875,0.1304473876953125,0.932861328125,0.3749237060546875
1780625253018072000,34.26207202148437,0.13232421875,0.935333251953125,0.377532958984375
1780625253028101000,34.27210107421875,0.1287994384765625,0.928375244140625,0.3730316162109375
1780625253038131200,34.282131103515624,0.115203857421875,0.92303466796875,0.37078857421875
1780625253048160000,34.292159912109376,0.1030120849609375,0.9193267822265625,0.370330810546875
1780625253058190000,34.30219018554688,0.0986785888671875,0.9170379638671875,0.37054443359375
1780625253068219100,34.31221923828125,0.100067138671875,0.9093780517578125,0.36846923828125
1780625253078249200,34.32224926757812,0.102203369140625,0.9036102294921875,0.367095947265625
1780625253088278000,34.332278076171875,0.103302001953125,0.9011383056640625,0.3664398193359375
1780625253098308000,34.34230810546875,0.1087188720703125,0.9051513671875,0.367156982421875
1780625253108337200,34.35233715820313,0.11468505859375,0.9121246337890625,0.370361328125
1780625253118367200,34.3623671875,0.1216888427734375,0.912139892578125,0.374176025390625
1780625253128396300,34.37239624023437,0.1234893798828125,0.9090118408203125,0.3757171630859375
1780625253138426000,34.38242602539062,0.1209564208984375,0.9095611572265625,0.37060546875
1780625253148455200,34.392455078125,0.117156982421875,0.90985107421875,0.371856689453125
1780625253158485200,34.4024853515625,0.1095123291015625,0.90625,0.3776092529296875
1780625253168514300,34.41251440429688,0.11126708984375,0.9058837890625,0.385467529296875
1780625253178544000,34.42254418945313,0.107635498046875,0.9067535400390625,0.385498046875
1780625253188573200,34.4325732421875,0.0955352783203125,0.9057464599609375,0.3795013427734375
1780625253198603300,34.44260327148437,0.0954132080078125,0.9030914306640625,0.3712158203125
1780625253208632300,34.45263232421875,0.1008148193359375,0.903167724609375,0.3661651611328125
1780625253218662100,34.462662109375,0.1046600341796875,0.900421142578125,0.3650970458984375
1780625253228691200,34.47269116210938,0.1067962646484375,0.8965301513671875,0.363922119140625
1780625253238721000,34.482720947265626,0.1021881103515625,0.8969268798828125,0.365142822265625
1780625253248750300,34.49275024414062,0.0980377197265625,0.897796630859375,0.3717041015625
1780625253258780200,34.5027802734375,0.0924530029296875,0.8949737548828125,0.38262939453125
1780625253268809000,34.51280908203125,0.0889739990234375,0.8902435302734375,0.390960693359375
1780625253278839000,34.522839111328125,0.077301025390625,0.876861572265625,0.4065399169921875
1780625253288868000,34.5328681640625,0.068511962890625,0.8685302734375,0.421722412109375
1780625253298898200,34.54289819335938,0.07440185546875,0.86444091796875,0.435638427734375
1780625253308927000,34.55292700195312,0.0852813720703125,0.8571929931640625,0.445831298828125
1780625253318957000,34.56295703125,0.0812225341796875,0.849273681640625,0.4501953125
1780625253328986000,34.572986083984375,0.07635498046875,0.8462982177734375,0.4517059326171875
1780625253339016200,34.58301611328125,0.0859832763671875,0.8533477783203125,0.45611572265625
1780625253349045200,34.59304516601563,0.0943450927734375,0.858123779296875,0.4611663818359375
1780625253359075600,34.60307568359375,0.086578369140625,0.850677490234375,0.456573486328125
1780625253369104600,34.613104736328125,0.068634033203125,0.8443145751953125,0.4460601806640625
1780625253379134500,34.623134521484374,0.05596923828125,0.84271240234375,0.4351806640625
1780625253389163500,34.63316357421875,0.0563507080078125,0.8422088623046875,0.4288330078125
1780625253399193600,34.64319360351563,0.068450927734375,0.847869873046875,0.4232635498046875
1780625253409222700,34.65322265625,0.08978271484375,0.859405517578125,0.4235076904296875
1780625253419252700,34.66325268554687,0.121734619140625,0.861724853515625,0.4217071533203125
1780625253429282300,34.6732822265625,0.1549835205078125,0.85577392578125,0.40869140625
1780625253439311600,34.6833115234375,0.1568603515625,0.85028076171875,0.3841552734375
1780625253449340700,34.69334057617188,0.1253814697265625,0.8623809814453125,0.3601837158203125
1780625253459370500,34.70337060546875,0.092742919921875,0.8928375244140625,0.3570404052734375
1780625253469400600,34.71340063476563,0.085693359375,0.933013916015625,0.373138427734375
1780625253479429400,34.72342944335937,0.112548828125,0.9540863037109375,0.3870849609375
1780625253489459500,34.73345947265625,0.1300048828125,0.970489501953125,0.417083740234375
1780625253499488500,34.743488525390624,0.16253662109375,0.99481201171875,0.470703125
1780625253509518600,34.7535185546875,0.200408935546875,0.9634246826171875,0.4965972900390625
1780625253519547400,34.76354736328125,0.218597412109375,0.9111328125,0.4828338623046875
1780625253529577500,34.773577392578126,0.2318115234375,0.861602783203125,0.4423065185546875
1780625253539606500,34.7836064453125,0.217132568359375,0.832763671875,0.402252197265625
1780625253549636600,34.79363671875,0.1739654541015625,0.8217010498046875,0.378143310546875
1780625253559665400,34.80366552734375,0.1659393310546875,0.8348846435546875,0.38568115234375
1780625253569695500,34.813695556640624,0.2098388671875,0.8533477783203125,0.423004150390625
1780625253579724500,34.823724609375,0.29339599609375,0.886199951171875,0.4869537353515625
1780625253589754600,34.83375463867188,0.40948486328125,0.9274749755859375,0.5700225830078125
1780625253599783400,34.84378344726562,0.4458160400390625,0.8695526123046875,0.5638885498046875
1780625253609813500,34.8538134765625,0.39239501953125,0.765899658203125,0.4713287353515625
1780625253619842600,34.863842529296875,0.3567047119140625,0.71923828125,0.3537750244140625
1780625253629872600,34.87387255859375,0.326080322265625,0.76519775390625,0.276885986328125
1780625253639901700,34.88390161132813,0.2521209716796875,0.8268585205078125,0.275970458984375
1780625253649931500,34.893931640625,0.2187957763671875,0.8561553955078125,0.3434295654296875
1780625253659960600,34.90396069335937,0.24273681640625,0.8681793212890625,0.4342041015625
1780625253669990700,34.91399072265625,0.2440032958984375,0.851318359375,0.481475830078125
1780625253680019700,34.924019775390626,0.24566650390625,0.8065948486328125,0.5078125
1780625253690049500,34.934049560546875,0.29669189453125,0.783477783203125,0.5436248779296875
1780625253700078600,34.94407861328125,0.2994384765625,0.74127197265625,0.5536041259765625
1780625253710108400,34.9541083984375,0.2548065185546875,0.6820831298828125,0.509490966796875
1780625253720137500,34.96413745117187,0.2626953125,0.6989288330078125,0.460784912109375
1780625253730167600,34.97416748046875,0.2646331787109375,0.80694580078125,0.414703369140625
1780625253740196400,34.9841962890625,0.2537384033203125,0.89617919921875,0.3847198486328125
1780625253750226400,34.994226318359374,0.277130126953125,0.882110595703125,0.408416748046875
1780625253760255500,35.00425537109375,0.2806549072265625,0.8295440673828125,0.45379638671875
1780625253770285600,35.01428564453125,0.280792236328125,0.8035888671875,0.4992218017578125
1780625253780314400,35.024314453125,0.294281005859375,0.7817535400390625,0.5253753662109375
1780625253790344400,35.03434448242187,0.3336944580078125,0.759185791015625,0.522247314453125
1780625253800373500,35.04437353515625,0.3891754150390625,0.761138916015625,0.5091705322265625
1780625253810403600,35.054403564453125,0.409271240234375,0.793060302734375,0.4711151123046875
1780625253820432400,35.06443237304688,0.398406982421875,0.8534393310546875,0.4228363037109375
1780625253830462500,35.07446240234375,0.3843231201171875,0.9257049560546875,0.392364501953125
1780625253840491500,35.08449145507812,0.3323516845703125,0.9438629150390625,0.3831939697265625
1780625253850521600,35.094521484375,0.298736572265625,0.915985107421875,0.40386962890625
1780625253860550700,35.104550537109375,0.2772064208984375,0.8618316650390625,0.45233154296875
1780625253870580500,35.11458056640625,0.26458740234375,0.798919677734375,0.503021240234375
1780625253880609500,35.12460961914063,0.2933349609375,0.7450103759765625,0.54217529296875
1780625253890639600,35.1346396484375,0.34271240234375,0.7087554931640625,0.5358428955078125
1780625253900668700,35.144668701171874,0.4242401123046875,0.653289794921875,0.4910736083984375
1780625253910698500,35.15469848632812,0.52734375,0.6328277587890625,0.4168548583984375
1780625253920727600,35.1647275390625,0.5456390380859375,0.6826171875,0.3270416259765625
1780625253930757600,35.174757568359375,0.51953125,0.7688140869140625,0.2515716552734375
1780625253940786700,35.18478662109375,0.56927490234375,0.8320159912109375,0.2039947509765625
1780625253950816500,35.19481640625,0.547210693359375,0.863006591796875,0.1876983642578125
1780625253960845600,35.20484545898437,0.5094757080078125,0.8556060791015625,0.2128448486328125
1780625253970875400,35.21487548828125,0.50579833984375,0.8440704345703125,0.264862060546875
1780625253980904700,35.22490478515625,0.49261474609375,0.8584747314453125,0.32965087890625
1780625253990934500,35.2349345703125,0.5176544189453125,0.869537353515625,0.382049560546875
1780625254000963300,35.24496337890625,0.532928466796875,0.88671875,0.3862457275390625
1780625254010993400,35.25499340820313,0.5157470703125,0.9093780517578125,0.3420562744140625
1780625254021022500,35.2650224609375,0.489715576171875,0.9240875244140625,0.285858154296875
1780625254031052500,35.27505249023437,0.461334228515625,0.9255218505859375,0.2503509521484375
1780625254041081300,35.285081298828125,0.466094970703125,0.8955230712890625,0.2625885009765625
1780625254051111400,35.295111328125,0.4400634765625,0.8514251708984375,0.3009033203125
1780625254061140500,35.30514038085938,0.4423828125,0.821929931640625,0.3613739013671875
1780625254071170600,35.31517065429688,0.46173095703125,0.826812744140625,0.4041595458984375
1780625254081199600,35.32519970703125,0.462677001953125,0.849456787109375,0.4084930419921875
1780625254091229400,35.3352294921875,0.4815826416015625,0.85101318359375,0.3952484130859375
1780625254101258500,35.345258544921876,0.4644317626953125,0.854949951171875,0.3658294677734375
1780625254111288600,35.35528857421875,0.4593048095703125,0.8617706298828125,0.3353118896484375
1780625254121317600,35.36531762695312,0.462646484375,0.8620452880859375,0.3141632080078125
1780625254131347500,35.37534741210938,0.4839019775390625,0.85205078125,0.30328369140625
1780625254141376500,35.38537646484375,0.50213623046875,0.8370819091796875,0.2943878173828125
1780625254151406600,35.39540649414062,0.5318756103515625,0.8031768798828125,0.262481689453125
1780625254161435600,35.405435546875,0.5462646484375,0.7799224853515625,0.215057373046875
1780625254171465700,35.4154658203125,0.558929443359375,0.7744140625,0.170440673828125
1780625254181494500,35.42549462890625,0.5556488037109375,0.7843170166015625,0.1527862548828125
1780625254191524600,35.43552465820313,0.534637451171875,0.79241943359375,0.1692047119140625
1780625254201553700,35.4455537109375,0.523193359375,0.787139892578125,0.2063446044921875
1780625254211583500,35.45558349609375,0.5023956298828125,0.79486083984375,0.253021240234375
1780625254221612500,35.465612548828126,0.47991943359375,0.8094635009765625,0.3032379150390625
1780625254231642400,35.475642333984375,0.4784698486328125,0.818756103515625,0.347930908203125
1780625254241671700,35.48567163085937,0.4866943359375,0.8385162353515625,0.37139892578125
1780625254251701500,35.49570141601563,0.50616455078125,0.88299560546875,0.3863677978515625
1780625254261730600,35.50573046875,0.545684814453125,0.89337158203125,0.3797149658203125
1780625254271760400,35.51576049804687,0.5611114501953125,0.876678466796875,0.33148193359375
1780625254281789400,35.52578955078125,0.5542449951171875,0.862152099609375,0.2815399169921875
1780625254291819500,35.535819580078126,0.545928955078125,0.842071533203125,0.2729339599609375
1780625254301849600,35.545849609375,0.5130767822265625,0.83685302734375,0.3122711181640625
1780625254311878400,35.55587841796875,0.474822998046875,0.8196258544921875,0.379913330078125
1780625254321907500,35.565907470703124,0.477386474609375,0.8070831298828125,0.448760986328125
1780625254331937500,35.5759375,0.490814208984375,0.8224334716796875,0.5138702392578125
1780625254341967600,35.58596752929687,0.513763427734375,0.8334503173828125,0.5578460693359375
1780625254351996400,35.595996337890625,0.54742431640625,0.8171539306640625,0.57611083984375
1780625254362025500,35.606025390625,0.5910186767578125,0.7778778076171875,0.54913330078125
1780625254372054500,35.616054443359374,0.6056365966796875,0.74688720703125,0.4659423828125
1780625254382084600,35.626084716796875,0.578704833984375,0.734954833984375,0.3759918212890625
1780625254392113400,35.63611352539063,0.5446929931640625,0.734161376953125,0.33197021484375
1780625254402143500,35.6461435546875,0.525421142578125,0.742431640625,0.337158203125
1780625254412172500,35.65617260742187,0.518280029296875,0.7585906982421875,0.3613739013671875
1780625254422202600,35.66620263671875,0.5283203125,0.7694854736328125,0.383148193359375
1780625254432231400,35.6762314453125,0.534942626953125,0.7614898681640625,0.391265869140625
1780625254442261500,35.686261474609374,0.527496337890625,0.7574462890625,0.395172119140625
1780625254452290600,35.69629052734375,0.509674072265625,0.76031494140625,0.3921661376953125
1780625254462320600,35.70632055664063,0.492889404296875,0.75201416015625,0.3970184326171875
1780625254472349700,35.716349609375,0.4840087890625,0.73419189453125,0.4128875732421875
1780625254482379500,35.72637963867187,0.4768218994140625,0.7133941650390625,0.4368438720703125
1780625254492408600,35.73640869140625,0.49462890625,0.69439697265625,0.4571990966796875
1780625254502438700,35.746438720703125,0.516204833984375,0.6907196044921875,0.468109130859375
1780625254512467700,35.7564677734375,0.5282440185546875,0.7028656005859375,0.46441650390625
1780625254522497500,35.76649755859375,0.5438995361328125,0.7145538330078125,0.4296722412109375
1780625254532526600,35.77652661132812,0.548431396484375,0.7242431640625,0.3770904541015625
1780625254542556400,35.78655639648437,0.5388336181640625,0.7360076904296875,0.338134765625
1780625254552585700,35.796585693359376,0.5290985107421875,0.743499755859375,0.3223724365234375
1780625254562615600,35.806615478515624,0.5189361572265625,0.7393951416015625,0.3227691650390625
1780625254572644400,35.816644287109376,0.5068359375,0.72637939453125,0.335540771484375
1780625254582674400,35.82667431640625,0.4913330078125,0.7153472900390625,0.352142333984375
1780625254592703500,35.83670336914062,0.488037109375,0.70867919921875,0.3673858642578125
1780625254602733600,35.84673364257812,0.4903564453125,0.69732666015625,0.3818206787109375
1780625254612762400,35.856762451171875,0.4901275634765625,0.6945037841796875,0.3951263427734375
1780625254622792400,35.86679248046875,0.495330810546875,0.6952362060546875,0.4091796875
1780625254632821500,35.87682153320313,0.5049591064453125,0.7076873779296875,0.4207611083984375
1780625254642851600,35.8868515625,0.507354736328125,0.7261810302734375,0.4212646484375
1780625254652880400,35.89688037109375,0.5222930908203125,0.743011474609375,0.4083709716796875
1780625254662910500,35.90691040039062,0.524078369140625,0.75286865234375,0.391693115234375
1780625254672939500,35.916939453125,0.5189361572265625,0.7459259033203125,0.3786468505859375
1780625254682969600,35.926969482421875,0.503936767578125,0.7366180419921875,0.390106201171875
1780625254692998700,35.93699853515625,0.4932708740234375,0.735198974609375,0.4131927490234375
1780625254703028500,35.94702856445313,0.5138397216796875,0.740081787109375,0.430938720703125
1780625254713057500,35.9570576171875,0.53741455078125,0.7410430908203125,0.4282989501953125
1780625254723087600,35.96708764648437,0.55145263671875,0.7333984375,0.408050537109375
1780625254733116700,35.97711669921875,0.5556488037109375,0.7345733642578125,0.391265869140625
1780625254743146500,35.987146484375,0.534698486328125,0.7436981201171875,0.3873443603515625
1780625254753175600,35.99717553710938,0.5273590087890625,0.74359130859375,0.3958282470703125
1780625254763205600,36.00720556640625,0.532073974609375,0.7492828369140625,0.4072723388671875
1780625254773234700,36.01723461914062,0.5352325439453125,0.750701904296875,0.4197845458984375
1780625254783264500,36.02726440429687,0.53643798828125,0.745880126953125,0.4292755126953125
1780625254793293600,36.03729345703125,0.528717041015625,0.73956298828125,0.4344482421875
1780625254803323400,36.047323486328125,0.5237274169921875,0.7343292236328125,0.4389801025390625
1780625254813352700,36.05735278320312,0.51861572265625,0.73785400390625,0.4425048828125
1780625254823382500,36.06738256835938,0.5192718505859375,0.74298095703125,0.445343017578125
1780625254833411300,36.07741137695312,0.5274200439453125,0.7469940185546875,0.437103271484375
1780625254843441400,36.08744140625,0.5247344970703125,0.753753662109375,0.420684814453125
1780625254853470500,36.097470458984375,0.5156707763671875,0.755615234375,0.412841796875
1780625254863500500,36.10750048828125,0.510009765625,0.7547760009765625,0.41558837890625
1780625254873529300,36.117529296875,0.4980621337890625,0.7595367431640625,0.4239959716796875
1780625254883559400,36.12755932617188,0.485076904296875,0.7627410888671875,0.4306793212890625
1780625254893588500,36.13758837890625,0.49151611328125,0.7554473876953125,0.4381256103515625
1780625254903618600,36.14761865234375,0.49481201171875,0.745086669921875,0.441680908203125
1780625254913647600,36.157647705078126,0.492095947265625,0.739532470703125,0.4445037841796875
1780625254923677400,36.167677490234375,0.495147705078125,0.7434844970703125,0.4430694580078125
1780625254933706500,36.17770654296875,0.508880615234375,0.74920654296875,0.437347412109375
1780625254943736600,36.18773657226563,0.522003173828125,0.74847412109375,0.4276885986328125
1780625254953765600,36.197765625,0.530029296875,0.745941162109375,0.4254150390625
1780625254963795500,36.20779541015625,0.532135009765625,0.75164794921875,0.4317169189453125
1780625254973824500,36.217824462890626,0.5230865478515625,0.75390625,0.4293670654296875
1780625254983854600,36.2278544921875,0.506256103515625,0.750762939453125,0.412994384765625
1780625254993883600,36.23788354492188,0.4931182861328125,0.7486724853515625,0.393096923828125
1780625255003913700,36.24791381835937,0.4775390625,0.741668701171875,0.3857421875
1780625255013942500,36.257942626953124,0.4825439453125,0.7247467041015625,0.3984222412109375
1780625255023972600,36.26797265625,0.50018310546875,0.70904541015625,0.4200286865234375
1780625255034001700,36.27800170898438,0.532440185546875,0.70501708984375,0.4358978271484375
1780625255044031700,36.28803173828125,0.551025390625,0.7121429443359375,0.438446044921875
1780625255054060500,36.298060546875,0.5428466796875,0.7331085205078125,0.4266815185546875
1780625255064090400,36.30809033203125,0.529327392578125,0.75927734375,0.4062347412109375
1780625255074119700,36.31811962890625,0.5170745849609375,0.7642669677734375,0.3885498046875
1780625255084149500,36.3281494140625,0.49700927734375,0.7624053955078125,0.37738037109375
1780625255094178600,36.338178466796876,0.479583740234375,0.7568359375,0.3754730224609375
1780625255104208400,36.34820849609375,0.476531982421875,0.740631103515625,0.3799591064453125
1780625255114237400,36.35823754882812,0.4929656982421875,0.728424072265625,0.384918212890625
1780625255124267500,36.368267578125,0.5084075927734375,0.7286529541015625,0.3899383544921875
1780625255134297600,36.37829760742188,0.5168914794921875,0.726287841796875,0.403533935546875
1780625255144326400,36.38832641601562,0.5220184326171875,0.721771240234375,0.4165191650390625
1780625255154356500,36.3983564453125,0.514312744140625,0.720855712890625,0.4217071533203125
1780625255164385500,36.408385498046876,0.510345458984375,0.7140045166015625,0.423583984375
1780625255174415600,36.41841552734375,0.5125732421875,0.7100982666015625,0.4234161376953125
1780625255184444400,36.4284443359375,0.5226593017578125,0.7147216796875,0.4208984375
1780625255194474500,36.438474609375,0.5420989990234375,0.7239532470703125,0.4148101806640625
1780625255204503600,36.448503662109374,0.54638671875,0.71630859375,0.4061431884765625
1780625255214533600,36.45853369140625,0.5616302490234375,0.6941680908203125,0.3992156982421875
1780625255224562700,36.46856274414063,0.5757904052734375,0.6964569091796875,0.3922882080078125
1780625255234592500,36.478592529296876,0.5661163330078125,0.7201690673828125,0.38372802734375
1780625255244621600,36.48862158203125,0.547027587890625,0.7499542236328125,0.37762451171875
1780625255254651600,36.49865161132813,0.514739990234375,0.7613372802734375,0.374725341796875
1780625255264680700,36.5086806640625,0.4995880126953125,0.7609100341796875,0.3794097900390625
1780625255274710500,36.51871044921875,0.4998779296875,0.7559967041015625,0.3907470703125
1780625255284739600,36.528739501953126,0.4973602294921875,0.748138427734375,0.3966064453125
1780625255294769400,36.538769287109375,0.5104827880859375,0.738677978515625,0.399993896484375
1780625255304798700,36.548798828125,0.531280517578125,0.730194091796875,0.408782958984375
1780625255314828500,36.55882861328125,0.55401611328125,0.729095458984375,0.4219970703125
1780625255324857600,36.568857666015624,0.548797607421875,0.737396240234375,0.43780517578125
1780625255334887400,36.57888745117187,0.54217529296875,0.7513580322265625,0.4481353759765625
1780625255344916500,36.58891650390625,0.53338623046875,0.7574310302734375,0.450439453125
1780625255354946600,36.598946533203126,0.5261077880859375,0.7660980224609375,0.4453277587890625
1780625255364976000,36.60897607421875,0.51513671875,0.779998779296875,0.4455718994140625
1780625255375006000,36.619005859375,0.506622314453125,0.78619384765625,0.45025634765625
1780625255385035000,36.629034912109375,0.498687744140625,0.76904296875,0.451141357421875
1780625255395065000,36.639065185546876,0.4905548095703125,0.741302490234375,0.4424285888671875
1780625255405094100,36.64909423828125,0.493896484375,0.72418212890625,0.4345550537109375
1780625255415124200,36.65912426757812,0.49517822265625,0.720733642578125,0.42901611328125
1780625255425153000,36.669153076171874,0.5053253173828125,0.7248077392578125,0.43115234375
1780625255435183000,36.67918310546875,0.51446533203125,0.734405517578125,0.4322662353515625
1780625255445212200,36.68921215820313,0.5251007080078125,0.7432098388671875,0.4318389892578125
1780625255455242200,36.6992421875,0.53656005859375,0.7582244873046875,0.4312286376953125
1780625255465271000,36.70927099609375,0.534210205078125,0.76361083984375,0.437896728515625
1780625255475301000,36.71930102539063,0.5163726806640625,0.7600555419921875,0.446807861328125
1780625255485330200,36.729330078125,0.500701904296875,0.7558441162109375,0.45062255859375
1780625255495360300,36.7393603515625,0.4769439697265625,0.740325927734375,0.4475250244140625
1780625255505389000,36.74938916015625,0.4754486083984375,0.7255096435546875,0.4344024658203125
1780625255515419000,36.7594189453125,0.5036468505859375,0.7382659912109375,0.4200439453125
1780625255525448200,36.7694482421875,0.5549163818359375,0.7589569091796875,0.4147796630859375
1780625255535478000,36.77947802734375,0.5943603515625,0.755096435546875,0.407867431640625
1780625255545507000,36.789507080078124,0.6004486083984375,0.7436981201171875,0.3991241455078125
1780625255555537000,36.79953686523437,0.5744781494140625,0.75457763671875,0.4010162353515625
1780625255565566000,36.80956591796875,0.5511474609375,0.7709808349609375,0.4172515869140625
1780625255575596000,36.819595947265626,0.5366668701171875,0.7760467529296875,0.4348297119140625
1780625255585625000,36.829625,0.5251312255859375,0.7732391357421875,0.4424591064453125
1780625255595655000,36.83965502929688,0.514129638671875,0.766937255859375,0.43853759765625
1780625255605684000,36.84968408203125,0.5115203857421875,0.74786376953125,0.42449951171875
1780625255615714000,36.859714111328124,0.51544189453125,0.7282257080078125,0.4102325439453125
1780625255625743000,36.8697431640625,0.514434814453125,0.710845947265625,0.392364501953125
1780625255635773200,36.87977319335938,0.504180908203125,0.708892822265625,0.3807373046875
1780625255645802000,36.88980200195312,0.4934539794921875,0.7116546630859375,0.3782196044921875
1780625255655832000,36.89983203125,0.495086669921875,0.71209716796875,0.384063720703125
1780625255665861000,36.909861083984374,0.5053558349609375,0.7291107177734375,0.405731201171875
1780625255675891200,36.91989111328125,0.500335693359375,0.767791748046875,0.4392547607421875
1780625255685920000,36.929919921875,0.4998016357421875,0.80010986328125,0.47174072265625
1780625255695950000,36.9399501953125,0.50079345703125,0.80108642578125,0.4839935302734375
1780625255705979100,36.94997924804687,0.504669189453125,0.7842559814453125,0.470458984375
1780625255716009200,36.96000927734375,0.4937286376953125,0.7595672607421875,0.430572509765625
1780625255726038000,36.9700380859375,0.4856719970703125,0.7305145263671875,0.40118408203125
1780625255736068000,36.980068115234374,0.4754791259765625,0.7100982666015625,0.3931884765625
1780625255746097200,36.99009716796875,0.4542999267578125,0.700042724609375,0.4004974365234375
1780625255756127200,37.00012719726563,0.44244384765625,0.69635009765625,0.41644287109375
1780625255766156000,37.01015600585937,0.4397735595703125,0.7058868408203125,0.4332275390625
1780625255776186000,37.02018603515625,0.44927978515625,0.7275848388671875,0.4484405517578125
1780625255786215200,37.030215087890625,0.4766387939453125,0.75103759765625,0.4626007080078125
1780625255796245000,37.04024487304687,0.5,0.770751953125,0.460723876953125
1780625255806274000,37.05027416992188,0.5177459716796875,0.77764892578125,0.438934326171875
1780625255816303900,37.060303955078126,0.5316314697265625,0.764404296875,0.4010162353515625
1780625255826333000,37.0703330078125,0.5412750244140625,0.748291015625,0.3648834228515625
1780625255836363000,37.08036303710937,0.541473388671875,0.7457122802734375,0.3474273681640625
1780625255846392000,37.09039208984375,0.5435333251953125,0.7492828369140625,0.35791015625
1780625255856422100,37.100422119140624,0.5310211181640625,0.7545013427734375,0.391632080078125
1780625255866451000,37.11045092773438,0.522552490234375,0.7555389404296875,0.4345855712890625
1780625255876481000,37.12048095703125,0.5256195068359375,0.74078369140625,0.4649658203125
1780625255886510000,37.13051000976562,0.5418548583984375,0.724151611328125,0.4729461669921875
1780625255896540200,37.1405400390625,0.5437774658203125,0.7116546630859375,0.4604034423828125
1780625255906570000,37.15057006835937,0.543487548828125,0.70977783203125,0.4339141845703125
1780625255916599000,37.16059912109375,0.5471954345703125,0.72528076171875,0.4159698486328125
1780625255926629000,37.170629150390624,0.554443359375,0.7327423095703125,0.410614013671875
1780625255936658200,37.180658203125,0.5617218017578125,0.732421875,0.400238037109375
1780625255946688300,37.19068823242188,0.5523834228515625,0.740631103515625,0.38580322265625
1780625255956717000,37.20071704101562,0.550140380859375,0.751068115234375,0.3833465576171875
1780625255966747100,37.2107470703125,0.5626068115234375,0.747833251953125,0.386810302734375
1780625255976776200,37.220776123046875,0.563232421875,0.73565673828125,0.3814544677734375
1780625255986806300,37.23080615234375,0.5415496826171875,0.7217559814453125,0.3799285888671875
1780625255996835000,37.2408349609375,0.523529052734375,0.7104644775390625,0.39080810546875
1780625256006865200,37.250865234375,0.5030364990234375,0.70672607421875,0.4105377197265625
1780625256016894200,37.26089428710937,0.4819183349609375,0.7140350341796875,0.4348297119140625
1780625256026924000,37.27092407226562,0.465911865234375,0.7220458984375,0.45428466796875
1780625256036953000,37.280953125,0.456024169921875,0.7256927490234375,0.4648590087890625
1780625256046983000,37.29098291015625,0.4586334228515625,0.72174072265625,0.475433349609375
1780625256057012000,37.30101196289063,0.477264404296875,0.71795654296875,0.475799560546875
1780625256067042000,37.3110419921875,0.4983062744140625,0.72406005859375,0.4650726318359375
1780625256077071000,37.32107104492187,0.51446533203125,0.7384033203125,0.44915771484375
1780625256087101000,37.33110083007813,0.5206451416015625,0.7563323974609375,0.4285888671875
1780625256097130000,37.3411298828125,0.519622802734375,0.7618865966796875,0.4114990234375
1780625256107160000,37.35116015625,0.514923095703125,0.7567901611328125,0.4115447998046875
1780625256117189000,37.36118920898438,0.505126953125,0.742706298828125,0.433746337890625
1780625256127219000,37.37121899414063,0.4938812255859375,0.7268524169921875,0.4651947021484375
1780625256137248000,37.381248046875,0.4913177490234375,0.716949462890625,0.49981689453125
1780625256147278000,37.39127807617187,0.488616943359375,0.7011871337890625,0.5230712890625
1780625256157307100,37.40130712890625,0.4943695068359375,0.69677734375,0.535614013671875
1780625256167337200,37.411337158203125,0.5009002685546875,0.70892333984375,0.531524658203125
1780625256177366000,37.42136596679688,0.5044097900390625,0.7361297607421875,0.5142822265625
1780625256187396000,37.43139599609375,0.5012359619140625,0.771484375,0.4980010986328125
1780625256197425200,37.44142504882812,0.4939727783203125,0.7978363037109375,0.4932861328125
1780625256207455200,37.45145532226562,0.475067138671875,0.8029327392578125,0.49249267578125
1780625256217484000,37.461484130859375,0.46929931640625,0.7902374267578125,0.4972686767578125
1780625256227514000,37.47151416015625,0.480987548828125,0.7523040771484375,0.501678466796875
1780625256237543200,37.48154321289063,0.5104522705078125,0.6975250244140625,0.5028228759765625
1780625256247573200,37.4915732421875,0.5421295166015625,0.6712646484375,0.502197265625
1780625256257602000,37.50160205078125,0.575347900390625,0.6151123046875,0.4834442138671875
1780625256267632000,37.51163208007812,0.620086669921875,0.508209228515625,0.4080047607421875
1780625256277661200,37.5216611328125,0.6015625,0.4245758056640625,0.2665252685546875
1780625256287691000,37.53169091796875,0.5731658935546875,0.379058837890625,0.151123046875
1780625256297720000,37.54171997070313,0.5599822998046875,0.391021728515625,0.1187591552734375
1780625256307750000,37.55175,0.545745849609375,0.4437713623046875,0.160919189453125
1780625256317779000,37.56177905273437,0.538360595703125,0.497039794921875,0.2193145751953125
1780625256327809000,37.57180908203125,0.576385498046875,0.5378265380859375,0.2623138427734375
1780625256337838000,37.581838134765626,0.642120361328125,0.6007537841796875,0.3034210205078125
1780625256347868000,37.591867919921874,0.7245941162109375,0.769012451171875,0.3857269287109375
1780625256357896400,37.601896484375,0.7642974853515625,1.0341033935546875,0.494873046875
1780625256367926500,37.611926513671875,0.725616455078125,1.27508544921875,0.58428955078125
1780625256377955300,37.62195532226563,0.7144317626953125,1.3032073974609375,0.6479339599609375
1780625256387985400,37.6319853515625,0.7741241455078125,1.0239105224609375,0.657958984375
1780625256398014500,37.64201440429687,0.6772308349609375,0.6349334716796875,0.624908447265625
1780625256408044500,37.65204443359375,0.5889434814453125,0.4144439697265625,0.584503173828125
1780625256418073300,37.6620732421875,0.629486083984375,0.400299072265625,0.4941558837890625
1780625256428103400,37.672103515625,0.646240234375,0.5333099365234375,0.363555908203125
1780625256438132500,37.68213256835938,0.61297607421875,0.634368896484375,0.2795257568359375
1780625256448162600,37.69216259765625,0.597198486328125,0.7171173095703125,0.2615203857421875
1780625256458191600,37.702191650390624,0.5698394775390625,0.8087158203125,0.274322509765625
1780625256468221400,37.71222143554687,0.5474853515625,0.8973388671875,0.28582763671875
1780625256478250500,37.72225048828125,0.5296783447265625,0.9810333251953125,0.2956085205078125
1780625256488280600,37.732280517578126,0.4996795654296875,1.0407257080078125,0.318817138671875
1780625256498309600,37.7423095703125,0.4625091552734375,1.0253753662109375,0.351837158203125
1780625256508339700,37.75233959960938,0.4690093994140625,0.9394073486328125,0.3923187255859375
1780625256518368500,37.76236840820312,0.490325927734375,0.804595947265625,0.39447021484375
1780625256528398600,37.772398681640624,0.5142822265625,0.695281982421875,0.3589630126953125
1780625256538427600,37.782427734375,0.542327880859375,0.6540985107421875,0.3298797607421875
1780625256548457700,37.79245776367188,0.559844970703125,0.643463134765625,0.3225250244140625
1780625256558486500,37.80248657226562,0.5061187744140625,0.6463470458984375,0.3339080810546875
1780625256568516600,37.8125166015625,0.45733642578125,0.667236328125,0.3319091796875
1780625256578545700,37.822545654296874,0.44622802734375,0.7061920166015625,0.325958251953125
1780625256588575500,37.83257543945312,0.41802978515625,0.725738525390625,0.3383941650390625
1780625256598604500,37.8426044921875,0.4053497314453125,0.722442626953125,0.3659820556640625
1780625256608634400,37.85263427734375,0.3884429931640625,0.71356201171875,0.388641357421875
1780625256618663400,37.86266333007813,0.397216796875,0.717437744140625,0.3985748291015625
1780625256628693500,37.87269360351563,0.4213714599609375,0.7390289306640625,0.4012298583984375
1780625256638722300,37.88272241210937,0.4234771728515625,0.7766876220703125,0.3960723876953125
1780625256648752400,37.89275244140625,0.4250640869140625,0.804962158203125,0.389801025390625
1780625256658781400,37.902781494140626,0.431793212890625,0.831817626953125,0.3928680419921875
1780625256668811500,37.9128115234375,0.4549407958984375,0.8478546142578125,0.385772705078125
1780625256678840600,37.92284057617187,0.484954833984375,0.8534698486328125,0.3834686279296875
1780625256688870400,37.93287036132813,0.5179901123046875,0.83416748046875,0.3878631591796875
1780625256698899500,37.9428994140625,0.5529632568359375,0.8022308349609375,0.3847808837890625
1780625256708929500,37.95292944335937,0.602996826171875,0.81353759765625,0.390045166015625
1780625256718958600,37.96295849609375,0.618743896484375,0.8448333740234375,0.398345947265625
1780625256728988700,37.97298876953125,0.6009674072265625,0.8705291748046875,0.4251556396484375
1780625256739017500,37.983017578125,0.606964111328125,0.8969879150390625,0.4437255859375
1780625256749047600,37.99304760742187,0.628021240234375,0.93017578125,0.4488677978515625
1780625256759077600,38.00307763671875,0.6129913330078125,0.955047607421875,0.4557342529296875
1780625256769106700,38.013106689453124,0.597900390625,0.971893310546875,0.4745941162109375
1780625256779136500,38.02313647460937,0.49615478515625,0.9754791259765625,0.504638671875
1780625256789165600,38.03316552734375,0.3926239013671875,0.9663848876953125,0.5637054443359375
1780625256799195600,38.043195556640626,0.3615264892578125,0.9468841552734375,0.6415252685546875
1780625256809224700,38.053224609375,0.3835601806640625,0.904327392578125,0.730865478515625
1780625256819254500,38.06325463867187,0.3805694580078125,0.84222412109375,0.8191680908203125
1780625256829283600,38.07328369140625,0.3321075439453125,0.770904541015625,0.8729705810546875
1780625256839313400,38.0833134765625,0.299530029296875,0.6941375732421875,0.88824462890625
1780625256849342500,38.093342529296876,0.2868499755859375,0.60394287109375,0.851226806640625
1780625256859372500,38.10337255859375,0.2624359130859375,0.533172607421875,0.764251708984375
1780625256869401300,38.1134013671875,0.2406463623046875,0.504241943359375,0.650482177734375
1780625256879431400,38.12343139648438,0.2481689453125,0.50927734375,0.5484771728515625
1780625256889460500,38.13346044921875,0.2805938720703125,0.5277862548828125,0.4574432373046875
1780625256899490600,38.14349047851562,0.34527587890625,0.54815673828125,0.382080078125
1780625256909519400,38.153519287109376,0.4340057373046875,0.5439300537109375,0.3083648681640625
1780625256919549400,38.163549560546876,0.5376739501953125,0.50775146484375,0.2483367919921875
1780625256929578500,38.17357861328125,0.6591949462890625,0.4551849365234375,0.1970672607421875
1780625256939608600,38.18360864257812,0.731903076171875,0.393310546875,0.146331787109375
1780625256949637600,38.1936376953125,0.7186737060546875,0.3590240478515625,0.0996551513671875
1780625256959667500,38.20366748046875,0.655029296875,0.3431854248046875,0.0870361328125
1780625256969696500,38.21369653320313,0.588287353515625,0.34228515625,0.1208038330078125
1780625256979726600,38.2237265625,0.58758544921875,0.362060546875,0.203704833984375
1780625256989755600,38.23375561523437,0.650146484375,0.401824951171875,0.3128509521484375
1780625256999785500,38.24378540039063,0.7006988525390625,0.4393768310546875,0.4208221435546875
1780625257009814500,38.253814453125,0.735260009765625,0.4628753662109375,0.501495361328125
1780625257019844600,38.2638447265625,0.745330810546875,0.4626007080078125,0.5481414794921875
1780625257029873700,38.27387377929688,0.716461181640625,0.42572021484375,0.5671234130859375
1780625257039903700,38.28390380859375,0.68487548828125,0.3731231689453125,0.556182861328125
1780625257049932500,38.2939326171875,0.6594696044921875,0.3354949951171875,0.5433807373046875
1780625257059962600,38.30396264648437,0.6371307373046875,0.29949951171875,0.538818359375
1780625257069991700,38.31399169921875,0.653411865234375,0.27972412109375,0.5714111328125
1780625257080021500,38.324021484375,0.662200927734375,0.3054962158203125,0.6192474365234375
1780625257090050600,38.33405053710938,0.6779632568359375,0.34161376953125,0.6899871826171875
1780625257100080400,38.344080322265626,0.7069091796875,0.384124755859375,0.759613037109375
1780625257110109400,38.354109375,0.6371307373046875,0.4638519287109375,0.8228759765625
1780625257120139500,38.36413940429688,0.4771881103515625,0.5819244384765625,0.8875885009765625
1780625257130168300,38.37416821289062,0.4261627197265625,0.721466064453125,0.9495849609375
1780625257140198400,38.384198486328124,0.5045318603515625,0.8893890380859375,1.037353515625
1780625257150227500,38.3942275390625,0.6122894287109375,1.0495147705078125,1.129547119140625
1780625257160257500,38.40425756835938,0.64434814453125,1.087677001953125,1.1869049072265625
1780625257170286300,38.41428637695312,0.62701416015625,0.9199981689453125,1.17828369140625
1780625257180316400,38.42431640625,0.64678955078125,0.6368865966796875,1.0509490966796875
1780625257190345500,38.434345458984374,0.66522216796875,0.4783477783203125,0.8421478271484375
1780625257200375600,38.44437548828125,0.69097900390625,0.490081787109375,0.6458740234375
1780625257210404600,38.45440454101563,0.656494140625,0.5566253662109375,0.480438232421875
1780625257220434400,38.464434326171876,0.64935302734375,0.633697509765625,0.3769683837890625
1780625257230463500,38.47446337890625,0.6847991943359375,0.708099365234375,0.34539794921875
1780625257240493600,38.48449365234375,0.667266845703125,0.7476959228515625,0.388275146484375
1780625257250522600,38.494522705078126,0.5894927978515625,0.72088623046875,0.475433349609375
1780625257260552700,38.504552734375,0.4945068359375,0.6641693115234375,0.5669403076171875
1780625257270581500,38.51458154296875,0.4460906982421875,0.6299285888671875,0.6672210693359375
1780625257280611600,38.52461157226563,0.413604736328125,0.6107330322265625,0.7445831298828125
1780625257290640600,38.534640625,0.37298583984375,0.603668212890625,0.7916107177734375
1780625257300670700,38.54467065429687,0.343994140625,0.5950164794921875,0.79522705078125
1780625257310699500,38.554699462890625,0.3457794189453125,0.5758209228515625,0.7565765380859375
1780625257320729600,38.5647294921875,0.3662567138671875,0.5805816650390625,0.6840057373046875
1780625257330758700,38.57475854492188,0.38153076171875,0.5970916748046875,0.610931396484375
1780625257340788500,38.58478857421875,0.395782470703125,0.5918426513671875,0.552581787109375
1780625257350817500,38.59481762695312,0.4094696044921875,0.57684326171875,0.524444580078125
1780625257360848400,38.604848388671876,0.404754638671875,0.5790863037109375,0.52325439453125
1780625257370877400,38.61487744140625,0.3985137939453125,0.5828094482421875,0.545654296875
1780625257380907500,38.62490747070313,0.398193359375,0.585113525390625,0.5771026611328125
1780625257390936600,38.6349365234375,0.37396240234375,0.6275482177734375,0.6104736328125
1780625257400966700,38.644966552734374,0.3686676025390625,0.6716156005859375,0.6485748291015625
1780625257410995500,38.654995361328126,0.3761444091796875,0.704498291015625,0.675537109375
1780625257421025500,38.66502563476563,0.3900146484375,0.72930908203125,0.690032958984375
1780625257431054600,38.6750546875,0.421295166015625,0.7340087890625,0.689727783203125
1780625257441084700,38.68508471679687,0.452606201171875,0.7508544921875,0.68218994140625
1780625257451113500,38.695113525390624,0.4754486083984375,0.783721923828125,0.674774169921875
1780625257461143600,38.7051435546875,0.5009002685546875,0.8260498046875,0.6704254150390625
1780625257471172600,38.71517260742188,0.5188446044921875,0.8192596435546875,0.673126220703125
1780625257481202700,38.72520263671875,0.46600341796875,0.783721923828125,0.6778106689453125
1780625257491231500,38.7352314453125,0.3921966552734375,0.6949920654296875,0.65838623046875
1780625257501261600,38.74526147460937,0.4051055908203125,0.5543060302734375,0.617156982421875
1780625257511290600,38.75529052734375,0.4607391357421875,0.4491729736328125,0.5436553955078125
1780625257521320700,38.76532080078125,0.5306549072265625,0.43707275390625,0.4986419677734375
1780625257531349500,38.775349609375,0.587493896484375,0.5762939453125,0.5041351318359375
1780625257541379300,38.78537939453125,0.586639404296875,0.7506866455078125,0.482208251953125
1780625257551408600,38.79540869140625,0.5483856201171875,0.87908935546875,0.4640045166015625
1780625257561438500,38.8054384765625,0.4798431396484375,1.00390625,0.4835357666015625
1780625257571467500,38.815467529296875,0.4252166748046875,1.0918731689453125,0.545074462890625
1780625257581497300,38.82549731445312,0.3808441162109375,1.0753936767578125,0.5728912353515625
1780625257591527400,38.83552734375,0.3664093017578125,0.953765869140625,0.5582275390625
1780625257601556500,38.845556396484376,0.388671875,0.7614288330078125,0.50433349609375
1780625257611586600,38.85558666992188,0.341339111328125,0.5137176513671875,0.4270782470703125
1780625257621615600,38.86561572265625,0.3081207275390625,0.27685546875,0.3369293212890625
1780625257631645400,38.8756455078125,0.296234130859375,0.16046142578125,0.2867584228515625
1780625257641674500,38.885674560546875,0.2703399658203125,0.1436309814453125,0.2635650634765625
1780625257651704600,38.89570458984375,0.2022705078125,0.20880126953125,0.2144927978515625
1780625257661733600,38.90573364257813,0.1479339599609375,0.3884429931640625,0.2469940185546875
1780625257671763500,38.915763427734376,0.180999755859375,0.48443603515625,0.3537139892578125
1780625257681792500,38.92579248046875,0.286895751953125,0.4932403564453125,0.4453582763671875
1780625257691822600,38.93582250976562,0.3442230224609375,0.6994171142578125,0.4950714111328125
1780625257701851600,38.9458515625,0.288116455078125,1.0161895751953125,0.5066680908203125
1780625257711881700,38.9558818359375,0.2309417724609375,1.21063232421875,0.4739532470703125
1780625257721910500,38.96591064453125,0.2091217041015625,1.1136016845703125,0.4432220458984375
1780625257731940600,38.97594067382813,0.151824951171875,0.8062286376953125,0.4648590087890625
1780625257741969700,38.9859697265625,0.2157440185546875,0.598388671875,0.571044921875
1780625257751999700,38.99599975585937,0.3857269287109375,0.53875732421875,0.72247314453125
1780625257762028500,39.006028564453125,0.4226837158203125,0.5108642578125,0.81494140625
1780625257772058400,39.016058349609374,0.3865203857421875,0.48333740234375,0.815704345703125
1780625257782087700,39.02608764648438,0.3680572509765625,0.490692138671875,0.7480926513671875
1780625257792117500,39.036117431640626,0.3708038330078125,0.6325225830078125,0.6379547119140625
1780625257802146600,39.046146484375,0.407501220703125,0.8605194091796875,0.5137786865234375
1780625257812176400,39.05617626953125,0.3884735107421875,0.9803009033203125,0.4056396484375
1780625257822205400,39.066205322265624,0.3094329833984375,0.950408935546875,0.34356689453125
1780625257832235500,39.076235595703125,0.31280517578125,0.80975341796875,0.3592376708984375
1780625257842264300,39.08626440429688,0.3645172119140625,0.6680755615234375,0.4393310546875
1780625257852294400,39.09629443359375,0.388336181640625,0.562713623046875,0.5193023681640625
1780625257862323500,39.10632348632812,0.398162841796875,0.4958648681640625,0.5729522705078125
1780625257872353500,39.116353515625,0.427734375,0.5122222900390625,0.6135406494140625
1780625257882382600,39.126382568359375,0.4583282470703125,0.5933685302734375,0.6208038330078125
1780625257892412400,39.136412353515624,0.4224700927734375,0.6579742431640625,0.5984954833984375
1780625257902441500,39.14644140625,0.311737060546875,0.675384521484375,0.55670166015625
1780625257912471600,39.15647143554688,0.2515716552734375,0.639190673828125,0.4845428466796875
1780625257922500600,39.16650048828125,0.2560882568359375,0.601226806640625,0.3864288330078125
1780625257932530700,39.17653076171875,0.2571868896484375,0.5653839111328125,0.2894744873046875
1780625257942559500,39.1865595703125,0.2508392333984375,0.4940338134765625,0.2200164794921875
1780625257952589600,39.196589599609375,0.2584686279296875,0.4307403564453125,0.1739959716796875
1780625257962618600,39.20661865234375,0.28338623046875,0.4415283203125,0.1894073486328125
1780625257972648700,39.21664868164063,0.2848968505859375,0.4719085693359375,0.233306884765625
1780625257982677500,39.22667749023437,0.2449951171875,0.5415496826171875,0.2902374267578125
1780625257992707600,39.23670751953125,0.2132415771484375,0.626800537109375,0.3755950927734375
1780625258002736600,39.246736572265625,0.2274017333984375,0.6898040771484375,0.464447021484375
1780625258012766700,39.2567666015625,0.2841796875,0.748291015625,0.47711181640625
1780625258022795500,39.26679541015625,0.3070526123046875,0.742401123046875,0.4190826416015625
1780625258032825300,39.27682543945313,0.3095550537109375,0.698699951171875,0.3144989013671875
1780625258042854700,39.286854736328124,0.350372314453125,0.6683807373046875,0.2315673828125
1780625258052884500,39.29688452148437,0.42889404296875,0.6766204833984375,0.1624908447265625
1780625258062913500,39.30691357421875,0.4904327392578125,0.68927001953125,0.1158905029296875
1780625258072943400,39.316943359375,0.4799346923828125,0.6766357421875,0.09906005859375
1780625258082972400,39.32697241210938,0.42535400390625,0.6763458251953125,0.1360015869140625
1780625258093002500,39.33700244140625,0.4035186767578125,0.7136077880859375,0.211517333984375
1780625258103031600,39.34703149414062,0.386993408203125,0.7902069091796875,0.2779083251953125
1780625258113061400,39.35706127929687,0.3648834228515625,0.8899078369140625,0.3201446533203125
1780625258123090400,39.36709033203125,0.33966064453125,0.9915618896484375,0.3553466796875
1780625258133120500,39.37712060546875,0.347412109375,1.0595703125,0.371429443359375
1780625258143149600,39.38714965820313,0.4478912353515625,1.10137939453125,0.380340576171875
1780625258153179600,39.3971796875,0.57403564453125,1.1134185791015625,0.3676300048828125
1780625258163208400,39.40720849609375,0.6047210693359375,1.043853759765625,0.3432769775390625
1780625258173238500,39.41723852539062,0.5801849365234375,0.8075103759765625,0.3776397705078125
1780625258183267600,39.427267578125,0.667144775390625,0.5924835205078125,0.4110565185546875
1780625258193297700,39.437297607421876,0.7481231689453125,0.559417724609375,0.4355316162109375
1780625258203326500,39.44732641601563,0.801361083984375,0.6782989501953125,0.456146240234375
1780625258213356500,39.4573564453125,0.768157958984375,0.87347412109375,0.4590911865234375
1780625258223385600,39.46738549804687,0.7050628662109375,1.0050811767578125,0.4103546142578125
1780625258233415700,39.477415771484374,0.6814422607421875,1.0538482666015625,0.30902099609375
1780625258243444500,39.487444580078126,0.673583984375,1.0556182861328125,0.220947265625
1780625258253474600,39.497474609375,0.6528167724609375,1.0402984619140625,0.1342620849609375
1780625258263503600,39.50750366210937,0.577301025390625,0.9818115234375,0.0429534912109375
1780625258273533700,39.51753369140625,0.416107177734375,0.947509765625,0.11749267578125
1780625258283562500,39.5275625,0.322235107421875,0.866058349609375,0.3065185546875
1780625258293592600,39.53759252929687,0.320892333984375,0.7721710205078125,0.4377593994140625
1780625258303621600,39.54762158203125,0.3247222900390625,0.650787353515625,0.49005126953125
1780625258313651500,39.5576513671875,0.4546966552734375,0.60711669921875,0.5319061279296875
1780625258323680500,39.56768041992188,0.530059814453125,0.6678009033203125,0.6080169677734375
1780625258333710300,39.57771044921875,0.5120086669921875,0.7684173583984375,0.5732574462890625
1780625258343739400,39.58773950195312,0.4517059326171875,0.9578399658203125,0.433380126953125
1780625258353769500,39.59776953125,0.3715667724609375,1.1033935546875,0.24688720703125
1780625258363798500,39.607798583984376,0.3161468505859375,1.107208251953125,0.06195068359375
1780625258373828600,39.61782861328125,0.2558441162109375,1.0974578857421875,0.0090179443359375
1780625258383858400,39.6278583984375,0.1837158203125,1.047088623046875,0.0943450927734375
1780625258393887500,39.63788745117188,0.1337127685546875,0.8321533203125,0.18597412109375
1780625258403917600,39.64791748046875,0.2471160888671875,0.6825408935546875,0.298065185546875
1780625258413946600,39.65794653320312,0.4362945556640625,0.70147705078125,0.498016357421875
1780625258423976400,39.6679765625,0.5182952880859375,0.8068695068359375,0.6637725830078125
1780625258434005500,39.678005615234376,0.4736328125,0.9935150146484375,0.6331634521484375
1780625258444035600,39.68803564453125,0.37091064453125,1.1711273193359375,0.480377197265625
1780625258454064600,39.69806469726562,0.314056396484375,1.173248291015625,0.3217926025390625
1780625258464094700,39.7080947265625,0.303497314453125,1.1137847900390625,0.190765380859375
1780625258474123500,39.71812353515625,0.2473602294921875,1.0721588134765625,0.10009765625
1780625258484153600,39.72815356445312,0.2602996826171875,1.0269775390625,0.08782958984375
1780625258494182700,39.7381826171875,0.353759765625,0.9862060546875,0.1327362060546875
1780625258504212700,39.748212646484376,0.4537200927734375,0.9848175048828125,0.2217864990234375
1780625258514241500,39.75824145507813,0.4914093017578125,1.036865234375,0.33697509765625
1780625258524271600,39.76827172851562,0.5053253173828125,1.111053466796875,0.4275360107421875
1780625258534300700,39.77830078125,0.4779205322265625,1.2306976318359375,0.512451171875
1780625258544330500,39.78833056640625,0.4296417236328125,1.3090057373046875,0.5954742431640625
1780625258554359600,39.798359619140626,0.418701171875,1.30078125,0.639251708984375
1780625258564389400,39.808389404296875,0.4618988037109375,1.211669921875,0.641693115234375
1780625258574418400,39.81841845703125,0.51800537109375,1.0728759765625,0.6052093505859375
1780625258584448500,39.82844848632813,0.53106689453125,0.9851837158203125,0.5651092529296875
1780625258594477300,39.83847729492187,0.475494384765625,0.9123077392578125,0.5291748046875
1780625258604507400,39.84850732421875,0.4330596923828125,0.8366546630859375,0.490447998046875
1780625258614536400,39.858536376953126,0.3981781005859375,0.8177642822265625,0.4692840576171875
1780625258624566500,39.86856640625,0.2992095947265625,0.7823486328125,0.4442596435546875
1780625258634595600,39.878595703125,0.233245849609375,0.7188720703125,0.412384033203125
1780625258644625400,39.88862548828125,0.209686279296875,0.6944122314453125,0.412384033203125
1780625258654654500,39.898654541015624,0.177215576171875,0.679718017578125,0.4439849853515625
1780625258664684500,39.9086845703125,0.1858978271484375,0.69976806640625,0.4705657958984375
1780625258674713600,39.91871362304688,0.2257843017578125,0.764404296875,0.4716644287109375
1780625258684743700,39.92874365234375,0.262176513671875,0.8464813232421875,0.4621734619140625
1780625258694772500,39.9387724609375,0.3038482666015625,0.9359130859375,0.4611053466796875
1780625258704802600,39.94880249023438,0.342193603515625,1.0127716064453125,0.4765625
1780625258714831600,39.95883154296875,0.32977294921875,0.99041748046875,0.49322509765625
1780625258724861700,39.96886181640625,0.3118438720703125,0.893951416015625,0.493072509765625
1780625258734890500,39.978890380859376,0.3025970458984375,0.816497802734375,0.4757843017578125
1780625258744920600,39.98892065429688,0.314697265625,0.8022918701171875,0.45697021484375
1780625258754949600,39.99894970703125,0.309661865234375,0.8448028564453125,0.4387359619140625
1780625258764979700,40.00897973632812,0.27392578125,0.8665771484375,0.4264984130859375
1780625258775008500,40.019008544921874,0.2690277099609375,0.887481689453125,0.4126739501953125
1780625258785038600,40.02903857421875,0.27923583984375,0.9167633056640625,0.40582275390625
1780625258795067600,40.03906762695313,0.285003662109375,0.923553466796875,0.40740966796875
1780625258805097500,40.049097412109376,0.3142242431640625,0.8966064453125,0.4073028564453125
1780625258815126500,40.05912646484375,0.3687286376953125,0.860137939453125,0.4230499267578125
1780625258825156400,40.06915625,0.4356689453125,0.805145263671875,0.426910400390625
1780625258835185400,40.07918530273437,0.4987945556640625,0.7643890380859375,0.406494140625
1780625258845215500,40.089215576171874,0.5392608642578125,0.7312469482421875,0.3773040771484375
1780625258855244500,40.09924462890625,0.55010986328125,0.7109222412109375,0.3401947021484375
1780625258865274400,40.1092744140625,0.5257110595703125,0.7221221923828125,0.287139892578125
1780625258875303400,40.11930346679687,0.51544189453125,0.7510833740234375,0.2431793212890625
1780625258885333500,40.12933349609375,0.5138702392578125,0.7938995361328125,0.237152099609375
1780625258895362600,40.139362548828124,0.527435302734375,0.846221923828125,0.2497406005859375
1780625258905392600,40.149392578125,0.547576904296875,0.8802337646484375,0.2718353271484375
1780625258915421400,40.15942138671875,0.553375244140625,0.890228271484375,0.2881317138671875
1780625258925451500,40.169451416015626,0.5387420654296875,0.86297607421875,0.3060455322265625
1780625258935480600,40.17948046875,0.535400390625,0.825225830078125,0.32940673828125
1780625258945510700,40.1895107421875,0.5471038818359375,0.8159027099609375,0.3430023193359375
1780625258955539500,40.19953955078125,0.5565032958984375,0.821685791015625,0.3387298583984375
1780625258965569500,40.209569580078124,0.5756378173828125,0.8446807861328125,0.330535888671875
1780625258975598600,40.2195986328125,0.614715576171875,0.8865509033203125,0.3267364501953125
1780625258985628700,40.22962866210938,0.644378662109375,0.8923797607421875,0.3149566650390625
1780625258995657500,40.23965747070312,0.6622161865234375,0.853424072265625,0.2871856689453125
1780625259005687600,40.2496875,0.66900634765625,0.8100738525390625,0.2504119873046875
1780625259015716600,40.259716552734375,0.635650634765625,0.7703399658203125,0.2185211181640625
1780625259025746700,40.26974658203125,0.59893798828125,0.7464599609375,0.203460693359375
1780625259035775500,40.279775390625,0.5915985107421875,0.73779296875,0.195587158203125
1780625259045805600,40.2898056640625,0.592620849609375,0.72613525390625,0.16412353515625
1780625259055834600,40.29983471679687,0.6226806640625,0.703277587890625,0.12158203125
1780625259065864400,40.30986450195312,0.6425018310546875,0.674072265625,0.0850067138671875
1780625259075893800,40.319893798828126,0.6763153076171875,0.70489501953125,0.0894012451171875
1780625259085923300,40.32992333984375,0.7004547119140625,0.755340576171875,0.1277618408203125
1780625259095952400,40.33995239257813,0.684295654296875,0.7878570556640625,0.18505859375
1780625259105982500,40.349982421875,0.69854736328125,0.8091278076171875,0.22589111328125
1780625259116011500,40.36001147460937,0.7165069580078125,0.8052215576171875,0.23760986328125
1780625259126041600,40.37004150390625,0.693023681640625,0.75897216796875,0.219512939453125
1780625259136070400,40.3800703125,0.704925537109375,0.739898681640625,0.18621826171875
1780625259146100500,40.3901005859375,0.6926116943359375,0.687591552734375,0.19183349609375
1780625259156130600,40.400130615234374,0.6448974609375,0.688232421875,0.215057373046875
1780625259166159600,40.41015966796875,0.589813232421875,0.6882781982421875,0.239044189453125
1780625259176189400,40.420189453125,0.594635009765625,0.6918182373046875,0.2601470947265625
1780625259186218500,40.43021850585937,0.630615234375,0.7272491455078125,0.2601776123046875
1780625259196248600,40.44024853515625,0.6736297607421875,0.749359130859375,0.2475738525390625
1780625259206277600,40.450277587890625,0.7326202392578125,0.7572021484375,0.2242431640625
1780625259216307700,40.4603076171875,0.7605133056640625,0.75970458984375,0.2008056640625
1780625259226336500,40.47033642578125,0.710845947265625,0.73870849609375,0.195098876953125
1780625259236366600,40.48036669921875,0.5999298095703125,0.7004241943359375,0.1959381103515625
1780625259246395600,40.49039575195312,0.53729248046875,0.6683349609375,0.198028564453125
1780625259256425700,40.50042578125,0.5562896728515625,0.615509033203125,0.1770782470703125
1780625259266454500,40.51045458984375,0.5872039794921875,0.6468963623046875,0.1688385009765625
1780625259276484600,40.520484619140625,0.56475830078125,0.69879150390625,0.18548583984375
1780625259286513700,40.530513671875,0.51336669921875,0.6173858642578125,0.1718292236328125
1780625259296543500,40.54054345703125,0.5435791015625,0.6348724365234375,0.1797027587890625
1780625259306572500,40.55057250976562,0.5522918701171875,0.691741943359375,0.220001220703125
1780625259316602400,40.56060229492188,0.5871124267578125,0.7375946044921875,0.2585906982421875
1780625259326631400,40.57063134765625,0.60662841796875,0.7770233154296875,0.2789459228515625
1780625259336661500,40.58066162109375,0.5851593017578125,0.8152923583984375,0.2576751708984375
1780625259346690300,40.590690185546876,0.56024169921875,0.78216552734375,0.1860198974609375
1780625259356720400,40.60072045898438,0.5250091552734375,0.8085479736328125,0.1531524658203125
1780625259366749400,40.61074951171875,0.4872589111328125,0.8899078369140625,0.1542816162109375
1780625259376779500,40.62077954101562,0.4752044677734375,0.8642425537109375,0.15478515625
1780625259386808600,40.63080859375,0.4840545654296875,0.70245361328125,0.1201171875
1780625259396838400,40.64083837890625,0.4851531982421875,0.642730712890625,0.090606689453125
1780625259406867500,40.65086743164063,0.510101318359375,0.7506103515625,0.1364288330078125
1780625259416897500,40.6608974609375,0.5163726806640625,0.833648681640625,0.2423248291015625
1780625259426926600,40.67092651367187,0.5420989990234375,0.83819580078125,0.256134033203125
1780625259436956700,40.68095678710937,0.527069091796875,0.86737060546875,0.204437255859375
1780625259446985500,40.6909853515625,0.4896240234375,0.878753662109375,0.1644287109375
1780625259457015600,40.701015625,0.4927520751953125,0.801788330078125,0.138824462890625
1780625259467044600,40.71104467773438,0.51654052734375,0.7612762451171875,0.10870361328125
1780625259477074700,40.72107470703125,0.494171142578125,0.736724853515625,0.1201629638671875
1780625259487103500,40.731103515625,0.4754180908203125,0.7139434814453125,0.170745849609375
1780625259497133600,40.74113354492187,0.464141845703125,0.72686767578125,0.208160400390625
1780625259507162600,40.75116259765625,0.4506378173828125,0.7498779296875,0.2395782470703125
1780625259517192700,40.761192626953125,0.46295166015625,0.8195648193359375,0.2396240234375
1780625259527221500,40.77122143554688,0.5004730224609375,0.8407745361328125,0.254608154296875
1780625259537251600,40.78125146484375,0.5167388916015625,0.8413848876953125,0.2369232177734375
1780625259547280600,40.79128076171875,0.5255889892578125,0.8595733642578125,0.2238006591796875
1780625259557310500,40.801310546875,0.5738525390625,0.828704833984375,0.2259979248046875
1780625259567339500,40.811339599609376,0.593719482421875,0.804473876953125,0.2095184326171875
1780625259577369300,40.821369384765624,0.5781707763671875,0.802734375,0.1760711669921875
1780625259587398700,40.83139868164063,0.5395355224609375,0.7747802734375,0.131103515625
1780625259597428500,40.84142846679688,0.501312255859375,0.79083251953125,0.1100616455078125
1780625259607457500,40.85145751953125,0.47607421875,0.822784423828125,0.1247406005859375
1780625259617487400,40.8614873046875,0.47735595703125,0.81268310546875,0.14141845703125
1780625259627516400,40.871516357421875,0.50189208984375,0.8421478271484375,0.1171722412109375
1780625259637546500,40.88154638671875,0.5326690673828125,0.896759033203125,0.0838775634765625
1780625259647575600,40.89157543945313,0.5813140869140625,0.913970947265625,0.0672607421875
1780625259657605600,40.90160571289063,0.5657806396484375,0.9212493896484375,0.084075927734375
1780625259667634400,40.91163452148437,0.5144805908203125,0.9065399169921875,0.078216552734375
1780625259677664500,40.92166455078125,0.4900360107421875,0.9078216552734375,0.057586669921875
1780625259687693600,40.931693603515626,0.486236572265625,0.885467529296875,0.06573486328125
1780625259697723600,40.9417236328125,0.5035400390625,0.8556365966796875,0.089569091796875
1780625259707752400,40.95175244140625,0.538360595703125,0.83905029296875,0.1049957275390625
1780625259717782500,40.96178247070313,0.546783447265625,0.8060150146484375,0.1165008544921875
1780625259727811600,40.9718115234375,0.526031494140625,0.80804443359375,0.1243896484375
1780625259737841700,40.98184155273437,0.519439697265625,0.83074951171875,0.1280670166015625
1780625259747870500,40.991870361328125,0.512939453125,0.8551025390625,0.1235809326171875
1780625259757900500,41.001900634765626,0.53302001953125,0.877044677734375,0.1118011474609375
1780625259767929600,41.0119296875,0.5615234375,0.8741302490234375,0.083099365234375
1780625259777959700,41.02195971679687,0.55462646484375,0.863189697265625,0.0412750244140625
1780625259787988500,41.031988525390624,0.532440185546875,0.87237548828125,0.0323486328125
1780625259798018600,41.0420185546875,0.5405426025390625,0.8242645263671875,0.0437774658203125
1780625259808047600,41.052047607421876,0.529510498046875,0.7799224853515625,0.070404052734375
1780625259818077400,41.062077392578125,0.5324554443359375,0.87945556640625,0.111907958984375
1780625259828106800,41.07210668945312,0.5113983154296875,0.96160888671875,0.1794586181640625
1780625259838136300,41.08213623046875,0.4863433837890625,0.890899658203125,0.2306671142578125
1780625259848165600,41.09216552734375,0.535797119140625,0.7133331298828125,0.2062530517578125
1780625259858195500,41.10219555664062,0.5926361083984375,0.7010040283203125,0.125885009765625
1780625259868224500,41.112224609375,0.5785675048828125,0.868927001953125,0.0788726806640625
1780625259878254300,41.12225439453125,0.570648193359375,0.90008544921875,0.0578460693359375
1780625259888283400,41.13228344726563,0.5772552490234375,0.819488525390625,0.0162200927734375
1780625259898313500,41.1423134765625,0.5774078369140625,0.78131103515625,-0.0064544677734375
1780625259908342500,41.152342529296874,0.562042236328125,0.7997589111328125,0.0152130126953125
1780625259918372600,41.16237255859375,0.555419921875,0.818695068359375,0.054656982421875
1780625259928401400,41.1724013671875,0.5799407958984375,0.85601806640625,0.08782958984375
1780625259938431500,41.182431396484375,0.600677490234375,0.8621978759765625,0.106964111328125
1780625259948460500,41.19246044921875,0.5994873046875,0.8195343017578125,0.1022186279296875
1780625259958490600,41.20249072265625,0.58160400390625,0.804901123046875,0.0731201171875
1780625259968519400,41.21251953125,0.551116943359375,0.84912109375,0.0502471923828125
1780625259978549500,41.222549560546874,0.5456390380859375,0.8443756103515625,0.047637939453125
1780625259988579600,41.23257958984375,0.564117431640625,0.782379150390625,0.0416107177734375
1780625259998608600,41.242608642578126,0.58648681640625,0.7472686767578125,0.03973388671875
1780625260008638700,41.252638671875,0.5883331298828125,0.75244140625,0.044891357421875
1780625260018667500,41.26266748046875,0.5587615966796875,0.857574462890625,0.07122802734375
1780625260028697600,41.27269750976563,0.5311737060546875,0.9524688720703125,0.1124114990234375
1780625260038726700,41.2827265625,0.482147216796875,0.9831695556640625,0.142730712890625
1780625260048756500,41.29275659179687,0.426116943359375,1.0160064697265625,0.1578216552734375
1780625260058785500,41.30278564453125,0.407562255859375,1.0711669921875,0.1623687744140625
1780625260068815400,41.3128154296875,0.426605224609375,1.00213623046875,0.1485595703125
1780625260078844700,41.3228447265625,0.4801177978515625,0.8914642333984375,0.1214447021484375
1780625260088874500,41.33287451171875,0.5146942138671875,0.866455078125,0.070220947265625
1780625260098903300,41.3429033203125,0.543365478515625,0.859527587890625,0.037322998046875
1780625260108933400,41.35293334960937,0.5422821044921875,0.8142242431640625,0.0200347900390625
1780625260118962400,41.36296240234375,0.509796142578125,0.8130035400390625,0.020782470703125
1780625260128992500,41.372992431640625,0.4090576171875,0.87890625,0.0579681396484375
1780625260139021600,41.383021484375,0.287811279296875,0.9047393798828125,0.1014404296875
1780625260149051400,41.39305151367188,0.23822021484375,0.8765106201171875,0.1521453857421875
1780625260159080400,41.40308056640625,0.25,0.8453826904296875,0.207183837890625
1780625260169110500,41.413110595703124,0.303070068359375,0.808197021484375,0.247222900390625
1780625260179139600,41.4231396484375,0.4068603515625,0.7706451416015625,0.2649383544921875
1780625260189169700,41.43316967773438,0.510986328125,0.7794952392578125,0.2253265380859375
1780625260199198500,41.44319848632812,0.5157318115234375,0.7953033447265625,0.1737823486328125
1780625260209228500,41.453228515625,0.4564056396484375,0.8309326171875,0.157318115234375
1780625260219257600,41.463257568359374,0.3601837158203125,0.8846588134765625,0.1811370849609375
1780625260229287700,41.47328759765625,0.32763671875,0.89544677734375,0.2189178466796875
1780625260239316500,41.48331640625,0.3633880615234375,0.91009521484375,0.2521514892578125
1780625260249346600,41.4933466796875,0.4446563720703125,0.8608245849609375,0.2445526123046875
1780625260259375600,41.50337573242187,0.5466766357421875,0.7973175048828125,0.2095947265625
1780625260269405700,41.51340576171875,0.6057586669921875,0.8073883056640625,0.1674041748046875
1780625260279434500,41.5234345703125,0.563018798828125,0.8043060302734375,0.1295013427734375
1780625260289464600,41.533464599609374,0.483245849609375,0.753875732421875,0.131500244140625
1780625260299493600,41.54349365234375,0.456787109375,0.7444610595703125,0.1663665771484375
1780625260309523500,41.5535234375,0.4840087890625,0.7502288818359375,0.2102203369140625
1780625260319552500,41.56355249023437,0.560455322265625,0.7606658935546875,0.224365234375
1780625260329582300,41.57358227539063,0.6260986328125,0.82550048828125,0.2127227783203125
1780625260339611600,41.583611572265625,0.62689208984375,0.919464111328125,0.21826171875
1780625260349641500,41.59364135742187,0.6298065185546875,0.9862060546875,0.228607177734375
1780625260359670500,41.60367041015625,0.611907958984375,1.011444091796875,0.2293701171875
1780625260369700000,41.6137001953125,0.5406646728515625,0.9573516845703125,0.22113037109375
1780625260379729200,41.62372924804688,0.4796295166015625,0.893341064453125,0.189605712890625
1780625260389759200,41.63375927734375,0.451416015625,0.83709716796875,0.1486663818359375
1780625260399788000,41.6437880859375,0.4348907470703125,0.7646942138671875,0.119842529296875
1780625260409818000,41.65381811523437,0.47998046875,0.745513916015625,0.1121978759765625
1780625260419847200,41.66384716796875,0.54022216796875,0.79473876953125,0.1265869140625
1780625260429877200,41.673877197265625,0.5828399658203125,0.8136444091796875,0.1400909423828125
1780625260439906000,41.68390600585938,0.6343841552734375,0.8373565673828125,0.1254119873046875
1780625260449936100,41.69393603515625,0.6271820068359375,0.9195556640625,0.0733795166015625
1780625260459965200,41.70396508789062,0.554656982421875,1.015869140625,0.029205322265625
1780625260469995300,41.713995361328124,0.4968109130859375,1.06011962890625,-0.007598876953125
1780625260480024000,41.724024169921876,0.4294891357421875,1.0048065185546875,-0.0294952392578125
1780625260490054100,41.73405419921875,0.384796142578125,0.94873046875,-0.0133819580078125
1780625260500083200,41.74408325195313,0.4047698974609375,0.9116668701171875,0.0308074951171875
1780625260510113300,41.75411328125,0.492645263671875,0.8758697509765625,0.1187896728515625
1780625260520142300,41.764142333984374,0.5663604736328125,0.8320770263671875,0.19696044921875
1780625260530172200,41.77417211914062,0.591156005859375,0.8079833984375,0.2434539794921875
1780625260540201200,41.784201171875,0.5396728515625,0.85064697265625,0.2544708251953125
1780625260550231300,41.794231201171876,0.4713134765625,0.9517669677734375,0.2171173095703125
1780625260560260400,41.80426025390625,0.4129638671875,1.0599212646484375,0.1384735107421875
1780625260570290200,41.81429028320313,0.34490966796875,1.1074676513671875,0.0529327392578125
1780625260580319200,41.8243193359375,0.2554168701171875,1.05731201171875,-0.0244140625
1780625260590349300,41.834349365234374,0.168365478515625,0.88824462890625,-0.0753326416015625
1780625260600378400,41.84437841796875,0.200103759765625,0.767730712890625,-0.0837554931640625
1780625260610408200,41.854408203125,0.19049072265625,0.75225830078125,-0.0511932373046875
1780625260620437200,41.86443725585937,0.126068115234375,0.7923736572265625,0.0208587646484375
1780625260630467000,41.87446704101563,0.1512908935546875,0.826812744140625,0.1358184814453125
1780625260640496000,41.88449609375,0.2548370361328125,0.8267059326171875,0.2689361572265625
1780625260650526200,41.89452612304687,0.2999725341796875,0.8693084716796875,0.349639892578125
1780625260660555000,41.904554931640625,0.2218170166015625,0.977081298828125,0.3469390869140625
1780625260670585000,41.914585205078126,0.108123779296875,1.07293701171875,0.329254150390625
1780625260680614100,41.9246142578125,0.0010223388671875,1.089691162109375,0.288421630859375
1780625260690644200,41.93464428710938,-0.01763916015625,1.0529632568359375,0.20428466796875
1780625260700674300,41.94467431640625,0.0296783447265625,1.0038909912109375,0.092864990234375
1780625260710703000,41.954703125,0.03631591796875,0.9784698486328125,-0.0061798095703125
1780625260720733200,41.96473315429687,0.038177490234375,0.966461181640625,-0.0738677978515625
1780625260730762200,41.97476220703125,0.1691436767578125,0.9217987060546875,-0.0238037109375
1780625260740792300,41.984792236328126,0.2717132568359375,0.91021728515625,0.08624267578125
1780625260750821000,41.99482104492188,0.2382049560546875,0.9460601806640625,0.1395721435546875
1780625260760851200,42.00485131835938,0.1641693115234375,0.974609375,0.128997802734375
1780625260770880300,42.01488037109375,0.086181640625,0.9965057373046875,0.07293701171875
1780625260780910300,42.024910400390624,-0.0349578857421875,0.93255615234375,0.0040435791015625
1780625260790939100,42.034939208984376,-0.07611083984375,0.828094482421875,-0.063751220703125
1780625260800969200,42.04496923828125,-0.0456085205078125,0.7503509521484375,-0.1139984130859375
1780625260810998300,42.05499829101562,0.02618408203125,0.672515869140625,-0.0904388427734375
1780625260821028400,42.0650283203125,0.1096343994140625,0.6408538818359375,0.0160369873046875
1780625260831057400,42.075057373046874,0.181427001953125,0.65106201171875,0.1317291259765625
1780625260841087000,42.0850869140625,0.206207275390625,0.655242919921875,0.21661376953125
1780625260851116300,42.0951162109375,0.162841796875,0.66400146484375,0.2429962158203125
1780625260861146000,42.10514599609375,0.1158905029296875,0.70001220703125,0.186187744140625
1780625260871175200,42.11517504882813,0.09716796875,0.736083984375,0.093475341796875
1780625260881205000,42.125205078125,0.1131591796875,0.7790679931640625,-0.021881103515625
1780625260891234000,42.135234130859374,0.1201019287109375,0.813140869140625,-0.1537628173828125
1780625260901264100,42.14526416015625,0.1284942626953125,0.816070556640625,-0.2355804443359375
1780625260911293200,42.155293212890626,0.1324615478515625,0.7722625732421875,-0.209930419921875
1780625260921323300,42.1653232421875,0.1164093017578125,0.742095947265625,-0.0925445556640625
1780625260931352000,42.17535205078125,0.112548828125,0.7630462646484375,0.0433197021484375
1780625260941382100,42.18538208007813,0.1667327880859375,0.9595184326171875,0.123748779296875
1780625260951411200,42.1954111328125,0.185943603515625,1.33160400390625,0.1871490478515625
1780625260961441300,42.20544116210937,0.2408905029296875,1.762451171875,0.186248779296875
1780625260971470000,42.215469970703126,0.3057708740234375,2.20538330078125,0.07281494140625
1780625260981500200,42.225500244140626,0.3267669677734375,2.0280303955078125,-0.033355712890625
1780625260991529200,42.235529296875,0.3759307861328125,1.3868560791015625,-0.0901641845703125
1780625261001559300,42.24555932617187,0.4801025390625,1.0464324951171875,0.01092529296875
1780625261011588000,42.255588134765624,0.562713623046875,0.9794464111328125,0.166290283203125
1780625261021618200,42.2656181640625,0.4594573974609375,0.943115234375,0.1983795166015625
1780625261031647200,42.27564721679688,0.3721923828125,0.9046783447265625,0.1688079833984375
1780625261041677300,42.28567724609375,0.295166015625,0.8389892578125,0.1298980712890625
1780625261051706400,42.29570629882812,0.19964599609375,0.7799224853515625,0.0732269287109375
1780625261061736200,42.30573608398438,0.172821044921875,0.8321380615234375,0.0044708251953125
1780625261071765200,42.31576513671875,0.1673736572265625,0.95318603515625,-0.0751800537109375
1780625261081795300,42.32579541015625,0.1543731689453125,0.99468994140625,-0.1658935546875
1780625261091824400,42.33582446289063,0.175384521484375,0.95306396484375,-0.2397918701171875
1780625261101854200,42.34585424804688,0.21197509765625,0.90283203125,-0.2588653564453125
1780625261111883300,42.35588330078125,0.272918701171875,0.8555908203125,-0.1958770751953125
1780625261121913000,42.3659130859375,0.3179168701171875,0.8507232666015625,-0.1151275634765625
1780625261131942400,42.3759423828125,0.3565216064453125,0.8899993896484375,-0.11053466796875
1780625261141972200,42.38597216796875,0.374664306640625,0.9225311279296875,-0.131927490234375
1780625261152001000,42.3960009765625,0.3512420654296875,0.9367828369140625,-0.1448516845703125
1780625261162031000,42.406031005859376,0.34228515625,0.97918701171875,-0.1335296630859375
1780625261172060200,42.41606005859375,0.3359832763671875,1.0567626953125,-0.092193603515625
1780625261182090200,42.42609033203125,0.3570404052734375,0.9952392578125,-0.02532958984375
1780625261192119000,42.436119140625,0.409149169921875,0.8625946044921875,0.0451812744140625
1780625261202149000,42.446149169921874,0.4571990966796875,0.8386993408203125,0.0792694091796875
1780625261212178200,42.45617822265625,0.4599609375,0.8657684326171875,0.0511932373046875
1780625261222208300,42.46620825195313,0.40533447265625,0.9005126953125,0.011322021484375
1780625261232237000,42.47623706054687,0.364410400390625,0.90972900390625,-0.0177154541015625
1780625261242267100,42.48626708984375,0.3506927490234375,0.9059906005859375,-0.02972412109375
1780625261252296200,42.496296142578124,0.3489227294921875,0.8851470947265625,-0.0306396484375
1780625261262326300,42.506326171875,0.385345458984375,0.871856689453125,-0.031402587890625
1780625261272355300,42.51635522460938,0.42681884765625,0.8946533203125,-0.039825439453125
1780625261282385200,42.52638525390625,0.45074462890625,0.9019317626953125,-0.0467681884765625
1780625261292414200,42.53641430664062,0.45977783203125,0.88623046875,-0.058319091796875
1780625261302444300,42.5464443359375,0.4471588134765625,0.8666229248046875,-0.0640411376953125
1780625261312473300,42.556473388671876,0.4234619140625,0.8494873046875,-0.049957275390625
1780625261322503200,42.566503173828124,0.38763427734375,0.847900390625,-0.0265350341796875
1780625261332532200,42.5765322265625,0.3652191162109375,0.84771728515625,-0.003082275390625
1780625261342562300,42.58656225585938,0.330810546875,0.87750244140625,-0.000762939453125
1780625261352592100,42.596592041015626,0.311187744140625,0.9270477294921875,-0.0136871337890625
1780625261362621000,42.60662084960938,0.30938720703125,0.98101806640625,-0.0467529296875
1780625261372650800,42.61665063476563,0.3035888671875,1.0307159423828125,-0.0940093994140625
1780625261382679800,42.6266796875,0.3089447021484375,1.059844970703125,-0.1555328369140625
1780625261392709600,42.63670971679687,0.30517578125,1.0375823974609375,-0.2164306640625
1780625261402738700,42.64673876953125,0.28814697265625,0.985626220703125,-0.261474609375
1780625261412768800,42.656768798828125,0.2897491455078125,0.9510040283203125,-0.29022216796875
1780625261422797600,42.66679760742188,0.268402099609375,0.9216461181640625,-0.2879180908203125
1780625261432827600,42.67682763671875,0.2536773681640625,0.8607177734375,-0.2541351318359375
1780625261442856700,42.68685668945312,0.2597503662109375,0.81866455078125,-0.197967529296875
1780625261452886800,42.69688671875,0.27435302734375,0.819854736328125,-0.139862060546875
1780625261462915800,42.706915771484375,0.289947509765625,0.8594970703125,-0.096893310546875
1780625261472945700,42.716945556640624,0.3213043212890625,0.9321441650390625,-0.0658721923828125
1780625261482974700,42.726974609375,0.3587799072265625,0.992645263671875,-0.0355072021484375
1780625261493004800,42.7370048828125,0.3703460693359375,1.0197296142578125,-0.015838623046875
1780625261503033900,42.747033935546874,0.3695220947265625,1.0135345458984375,-0.002410888671875
1780625261513063700,42.75706372070312,0.378997802734375,0.97052001953125,-0.0023956298828125
1780625261523092700,42.7670927734375,0.411224365234375,0.9365234375,-0.0138702392578125
1780625261533122800,42.777122802734375,0.4358978271484375,0.9096832275390625,-0.0378875732421875
1780625261543151900,42.78715185546875,0.4655609130859375,0.88714599609375,-0.071533203125
1780625261553182000,42.79718188476563,0.474700927734375,0.88812255859375,-0.0973052978515625
1780625261563210800,42.80721069335937,0.46307373046875,0.9126739501953125,-0.107879638671875
1780625261573240800,42.81724072265625,0.437591552734375,0.9463348388671875,-0.0994873046875
1780625261583270000,42.827269775390626,0.3885955810546875,0.9645538330078125,-0.07196044921875
1780625261593300000,42.837300048828126,0.35626220703125,0.9759979248046875,-0.0272064208984375
1780625261603328800,42.84732885742188,0.319000244140625,0.967071533203125,0.02276611328125
1780625261613358800,42.85735888671875,0.3216094970703125,0.8932037353515625,0.037841796875
1780625261623388000,42.867387939453124,0.3821868896484375,0.828094482421875,0.003265380859375
1780625261633417700,42.87741772460937,0.4821014404296875,0.81640625,-0.0657806396484375
1780625261643446800,42.88744677734375,0.56573486328125,0.8168792724609375,-0.15130615234375
1780625261653476600,42.8974765625,0.5827789306640625,0.8655548095703125,-0.227142333984375
1780625261663506000,42.907505859375,0.572235107421875,0.931060791015625,-0.2661590576171875
1780625261673535700,42.91753564453125,0.5138702392578125,0.9384613037109375,-0.2479400634765625
1780625261683564800,42.92756469726562,0.44256591796875,0.9065704345703125,-0.194305419921875
1780625261693594600,42.9375947265625,0.3958740234375,0.8802947998046875,-0.14410400390625
1780625261703623700,42.947623779296876,0.388275146484375,0.862213134765625,-0.1219635009765625
1780625261713653800,42.95765380859375,0.4227142333984375,0.8690032958984375,-0.1226654052734375
1780625261723682800,42.96768286132812,0.4988555908203125,0.877197265625,-0.1418914794921875
1780625261733712600,42.97771264648438,0.549957275390625,0.86517333984375,-0.1748809814453125
1780625261743741700,42.98774169921875,0.5742034912109375,0.849609375,-0.181488037109375
1780625261753771800,42.99777172851562,0.55712890625,0.868560791015625,-0.1404876708984375
1780625261763800800,43.00780078125,0.4952545166015625,0.88909912109375,-0.060699462890625
1780625261773831000,43.017830810546876,0.4314117431640625,0.862274169921875,0.0213470458984375
1780625261783859700,43.02785961914063,0.3837127685546875,0.8229217529296875,0.05682373046875
1780625261793889800,43.03788989257812,0.351043701171875,0.7971038818359375,0.0428466796875
1780625261803918800,43.0479189453125,0.3565673828125,0.775665283203125,0.001861572265625
1780625261813949000,43.057948974609374,0.38812255859375,0.78228759765625,-0.0423431396484375
1780625261823977700,43.067977783203126,0.44287109375,0.801666259765625,-0.069793701171875
1780625261834007800,43.0780078125,0.522491455078125,0.8382110595703125,-0.0853271484375
1780625261844036900,43.08803686523437,0.5832977294921875,0.8720703125,-0.0967864990234375
1780625261854067000,43.09806689453125,0.6107940673828125,0.88641357421875,-0.1116943359375
1780625261864095700,43.108095703125,0.6200408935546875,0.8903350830078125,-0.1468505859375
1780625261874125800,43.11812573242187,0.6116485595703125,0.900634765625,-0.19293212890625
1780625261884155000,43.12815478515625,0.5775909423828125,0.88409423828125,-0.22955322265625
1780625261894184700,43.138184814453126,0.561767578125,0.8406982421875,-0.240814208984375
1780625261904213800,43.1482138671875,0.5631561279296875,0.79376220703125,-0.219940185546875
1780625261914243600,43.15824365234375,0.5718841552734375,0.7521820068359375,-0.1773834228515625
1780625261924273700,43.16827368164063,0.6106109619140625,0.7501220703125,-0.1144256591796875
1780625261934302700,43.178302734375,0.64813232421875,0.78912353515625,-0.049652099609375
1780625261944332800,43.18833276367187,0.64208984375,0.8122406005859375,-0.0401458740234375
1780625261954361600,43.198361572265625,0.6301727294921875,0.8283233642578125,-0.0611114501953125
1780625261964391700,43.2083916015625,0.571990966796875,0.8607635498046875,-0.110137939453125
1780625261974420700,43.21842065429688,0.5249786376953125,0.87408447265625,-0.1594085693359375
1780625261984450800,43.22845092773437,0.5053253173828125,0.8654327392578125,-0.1747589111328125
1780625261994479900,43.23847998046875,0.498809814453125,0.842437744140625,-0.1488800048828125
1780625262004509700,43.248509765625,0.543609619140625,0.7973480224609375,-0.086639404296875
1780625262014538800,43.258538818359376,0.6092529296875,0.749755859375,-0.0289764404296875
1780625262024568800,43.26856884765625,0.658843994140625,0.73602294921875,-0.00701904296875
1780625262034598000,43.27859790039062,0.6729888916015625,0.76715087890625,-0.0309600830078125
1780625262044627700,43.28862768554688,0.6537933349609375,0.8210906982421875,-0.0909576416015625
1780625262054656800,43.29865673828125,0.5907745361328125,0.8706512451171875,-0.1359100341796875
1780625262064686800,43.30868676757812,0.53192138671875,0.8937225341796875,-0.1487884521484375
1780625262074716000,43.3187158203125,0.4892425537109375,0.8858489990234375,-0.124176025390625
1780625262084746000,43.32874609375,0.480255126953125,0.8403167724609375,-0.0792999267578125
1780625262094774800,43.33877490234375,0.513427734375,0.792938232421875,-0.0557403564453125
1780625262104804900,43.34880493164062,0.5727691650390625,0.7821197509765625,-0.048614501953125
1780625262114834000,43.358833984375,0.602142333984375,0.7943267822265625,-0.060394287109375
1780625262124863700,43.36886376953125,0.599517822265625,0.7978515625,-0.08782958984375
1780625262134892800,43.37889282226563,0.5572052001953125,0.818939208984375,-0.1073760986328125
1780625262144922600,43.388922607421875,0.4921722412109375,0.8274383544921875,-0.1108551025390625
1780625262154952000,43.39895190429687,0.4478607177734375,0.8180999755859375,-0.1030120849609375
1780625262164981800,43.40898168945313,0.43218994140625,0.8105621337890625,-0.0940399169921875
1780625262175010600,43.41901049804687,0.438720703125,0.7981414794921875,-0.080169677734375
1780625262185040600,43.42904052734375,0.493896484375,0.777984619140625,-0.0733795166015625
1780625262195069700,43.439069580078126,0.54351806640625,0.7741546630859375,-0.0906829833984375
1780625262205099800,43.44909985351563,0.573760986328125,0.788543701171875,-0.125701904296875
1780625262215128800,43.45912890625,0.5944671630859375,0.81878662109375,-0.1500244140625
1780625262225158700,43.46915869140625,0.5868988037109375,0.86572265625,-0.1625518798828125
1780625262235187700,43.479187744140624,0.556396484375,0.8787994384765625,-0.158538818359375
1780625262245217800,43.4892177734375,0.524200439453125,0.85906982421875,-0.12811279296875
1780625262255246800,43.49924682617188,0.5160675048828125,0.8215484619140625,-0.0810394287109375
1780625262265276700,43.509276611328126,0.5495758056640625,0.79498291015625,-0.0536651611328125
1780625262275305700,43.5193056640625,0.571441650390625,0.7791748046875,-0.0697174072265625
1780625262285335800,43.52933569335938,0.607147216796875,0.7909088134765625,-0.123291015625
1780625262295366000,43.53936596679687,0.64166259765625,0.8151702880859375,-0.1898345947265625
1780625262305395000,43.54939501953125,0.6444244384765625,0.8215179443359375,-0.2328948974609375
1780625262315424800,43.5594248046875,0.643829345703125,0.8106536865234375,-0.2357635498046875
1780625262325453800,43.56945385742188,0.623291015625,0.786834716796875,-0.214813232421875
1780625262335484000,43.57948388671875,0.6303253173828125,0.7564239501953125,-0.1903533935546875
1780625262345513000,43.58951293945312,0.6573944091796875,0.7259368896484375,-0.1771392822265625
1780625262355542800,43.59954272460938,0.6785736083984375,0.6965179443359375,-0.1598052978515625
1780625262365572000,43.609572021484375,0.70208740234375,0.6820220947265625,-0.133331298828125
1780625262375602200,43.619602294921876,0.7076568603515625,0.6862945556640625,-0.1142578125
1780625262385631000,43.629630859375,0.699920654296875,0.68511962890625,-0.102508544921875
1780625262395661000,43.6396611328125,0.686370849609375,0.693511962890625,-0.10272216796875
1780625262405690000,43.64969018554687,0.6776275634765625,0.6961212158203125,-0.1099090576171875
1780625262415720200,43.65972021484375,0.670166015625,0.709136962890625,-0.1512298583984375
1780625262425749000,43.6697490234375,0.6704254150390625,0.7297821044921875,-0.19219970703125
1780625262435779000,43.679779052734375,0.66015625,0.7575225830078125,-0.2028045654296875
1780625262445808000,43.68980810546875,0.633453369140625,0.7925567626953125,-0.1816864013671875
1780625262455838200,43.69983813476563,0.6080780029296875,0.8101959228515625,-0.1165313720703125
1780625262465867000,43.70986694335937,0.609588623046875,0.8205413818359375,-0.0392303466796875
1780625262475897000,43.71989697265625,0.6152801513671875,0.8438262939453125,0.0266876220703125
1780625262485926100,43.729926025390625,0.605499267578125,0.8815460205078125,0.0547943115234375
1780625262495956200,43.739956298828126,0.57037353515625,0.879638671875,0.02593994140625
1780625262505985300,43.7499853515625,0.548858642578125,0.85992431640625,-0.04632568359375
1780625262516015000,43.76001513671875,0.5355987548828125,0.86590576171875,-0.111785888671875
1780625262526044200,43.770044189453124,0.5167236328125,0.8895111083984375,-0.1432342529296875
1780625262536074200,43.78007421875,0.4907073974609375,0.9062957763671875,-0.114013671875
1780625262546103300,43.79010327148438,0.4770965576171875,0.9090728759765625,-0.0647430419921875
1780625262556133400,43.80013330078125,0.4595794677734375,0.90728759765625,-0.0260162353515625
1780625262566162200,43.810162109375,0.447784423828125,0.901824951171875,-0.009765625
1780625262576192300,43.82019213867188,0.44781494140625,0.8978118896484375,-0.00640869140625
1780625262586221300,43.83022119140625,0.4462432861328125,0.89593505859375,-0.0125579833984375
1780625262596251100,43.840251220703124,0.4585418701171875,0.8919525146484375,-0.044525146484375
1780625262606280200,43.8502802734375,0.4451751708984375,0.8850250244140625,-0.08660888671875
1780625262616310000,43.86031005859375,0.431793212890625,0.8694305419921875,-0.126861572265625
1780625262626339000,43.87033911132813,0.4359283447265625,0.8704071044921875,-0.1553497314453125
1780625262636369200,43.880369140625,0.438629150390625,0.8719635009765625,-0.16656494140625
1780625262646399200,43.89039916992188,0.4593353271484375,0.8374176025390625,-0.15460205078125
1780625262656428000,43.90042797851562,0.4883575439453125,0.810760498046875,-0.1347503662109375
1780625262666458000,43.9104580078125,0.4914703369140625,0.8277130126953125,-0.1133880615234375
1780625262676487200,43.920487060546876,0.4804840087890625,0.870452880859375,-0.0880279541015625
1780625262686517200,43.930517333984376,0.4600372314453125,0.9003753662109375,-0.050567626953125
1780625262696546000,43.94054614257813,0.44677734375,0.8779449462890625,-0.0095977783203125
1780625262706576100,43.950576171875,0.4488372802734375,0.8316497802734375,0.0004425048828125
1780625262716605200,43.960605224609374,0.453826904296875,0.807830810546875,-0.0364227294921875
1780625262726635300,43.97063525390625,0.4750213623046875,0.820953369140625,-0.0809173583984375
1780625262736664000,43.9806640625,0.5023345947265625,0.8488311767578125,-0.12152099609375
1780625262746694100,43.990694091796875,0.5204620361328125,0.859771728515625,-0.136260986328125
1780625262756723200,44.00072314453125,0.544403076171875,0.8641204833984375,-0.118865966796875
1780625262766753300,44.01075317382813,0.562896728515625,0.8607177734375,-0.080291748046875
1780625262776782300,44.0207822265625,0.5638885498046875,0.8275909423828125,-0.039764404296875
1780625262786812200,44.030812255859374,0.5464019775390625,0.790008544921875,-0.00836181640625
1780625262796841200,44.04084130859375,0.52288818359375,0.7655487060546875,0.01678466796875
1780625262806871300,44.05087133789063,0.51947021484375,0.765533447265625,0.0392303466796875
1780625262816900400,44.060900390625,0.5467681884765625,0.76141357421875,0.0376129150390625
1780625262826930000,44.07092993164063,0.58477783203125,0.753936767578125,-0.017059326171875
1780625262836959200,44.080959228515624,0.6281890869140625,0.7816009521484375,-0.0968780517578125
1780625262846989000,44.09098901367187,0.6287384033203125,0.8073883056640625,-0.177032470703125
1780625262857018000,44.10101806640625,0.609832763671875,0.8162689208984375,-0.21563720703125
1780625262867048200,44.111048095703126,0.598175048828125,0.8126983642578125,-0.1911468505859375
1780625262877077000,44.12107690429688,0.5950775146484375,0.8249359130859375,-0.1256103515625
1780625262887107000,44.13110717773438,0.5787353515625,0.8254547119140625,-0.066680908203125
1780625262897136000,44.14113623046875,0.5582275390625,0.7918853759765625,-0.0303802490234375
1780625262907166200,44.151166259765624,0.5126495361328125,0.7880096435546875,-0.0106048583984375
1780625262917195000,44.161195068359376,0.4554595947265625,0.7855072021484375,0.013214111328125
1780625262927225000,44.17122509765625,0.43841552734375,0.778564453125,0.029144287109375
1780625262937255200,44.181255126953126,0.4637908935546875,0.78277587890625,0.01141357421875
1780625262947284200,44.1912841796875,0.53460693359375,0.8135223388671875,-0.064849853515625
1780625262957314300,44.20131420898438,0.609649658203125,0.8553466796875,-0.1802825927734375
1780625262967343000,44.21134301757812,0.6665496826171875,0.8667144775390625,-0.2712554931640625
1780625262977373200,44.221373291015624,0.701416015625,0.872314453125,-0.317352294921875
1780625262987402200,44.23140234375,0.674530029296875,0.8479156494140625,-0.31805419921875
1780625262997432300,44.24143237304688,0.595855712890625,0.7825469970703125,-0.270751953125
1780625263007461000,44.25146118164062,0.5287933349609375,0.72833251953125,-0.1990814208984375
1780625263017491200,44.2614912109375,0.487152099609375,0.7165679931640625,-0.150390625
1780625263027520300,44.271520263671874,0.491424560546875,0.7342529296875,-0.1091461181640625
1780625263037550300,44.28155029296875,0.53985595703125,0.7790985107421875,-0.08111572265625
1780625263047579100,44.2915791015625,0.6040802001953125,0.821197509765625,-0.0818634033203125
1780625263057609000,44.30160888671875,0.6456756591796875,0.8404388427734375,-0.1012725830078125
1780625263067638300,44.31163818359375,0.655975341796875,0.8526611328125,-0.1463470458984375
1780625263077668000,44.32166821289063,0.6397705078125,0.8713531494140625,-0.189544677734375
1780625263087697200,44.331697265625,0.5929412841796875,0.8610992431640625,-0.203857421875
1780625263097727000,44.34172705078125,0.546722412109375,0.815765380859375,-0.190826416015625
1780625263107756000,44.351756103515626,0.5164337158203125,0.7684783935546875,-0.16546630859375
1780625263117786000,44.3617861328125,0.531951904296875,0.7291259765625,-0.13372802734375
1780625263127815200,44.37181518554687,0.58526611328125,0.7496490478515625,-0.1002960205078125
1780625263137845000,44.38184497070313,0.631866455078125,0.799530029296875,-0.070220947265625
1780625263147874000,44.3918740234375,0.6653594970703125,0.8224945068359375,-0.067840576171875
1780625263157904100,44.40190405273437,0.7129058837890625,0.8257293701171875,-0.10333251953125
1780625263167933200,44.41193310546875,0.705718994140625,0.8292388916015625,-0.1640777587890625
1780625263177963300,44.42196337890625,0.668121337890625,0.8223724365234375,-0.2013397216796875
1780625263187992000,44.43199194335938,0.6426849365234375,0.7964630126953125,-0.205810546875
1780625263198022100,44.44202221679687,0.612518310546875,0.7675323486328125,-0.1917572021484375
1780625263208052200,44.45205224609375,0.59271240234375,0.72607421875,-0.169036865234375
1780625263218081300,44.462081298828124,0.5822601318359375,0.6871337890625,-0.1505279541015625
1780625263228111400,44.472111328125,0.5642547607421875,0.6577606201171875,-0.1411590576171875
1780625263238140200,44.48214013671875,0.5451507568359375,0.613433837890625,-0.1246185302734375
1780625263248170200,44.492170166015626,0.5635528564453125,0.5877227783203125,-0.1066131591796875
1780625263258199300,44.50219921875,0.6061859130859375,0.624755859375,-0.0941314697265625
1780625263268229000,44.51222900390625,0.65985107421875,0.7005157470703125,-0.0840911865234375
1780625263278258200,44.522258056640624,0.7084503173828125,0.7671051025390625,-0.0725555419921875
1780625263288288000,44.5322880859375,0.73077392578125,0.7950286865234375,-0.0646820068359375
1780625263298317300,44.5423173828125,0.717010498046875,0.8082275390625,-0.0705108642578125
1780625263308347100,44.55234716796875,0.7146148681640625,0.8339080810546875,-0.076202392578125
1780625263318376200,44.56237622070312,0.689178466796875,0.83453369140625,-0.074737548828125
1780625263328406000,44.57240600585938,0.6422119140625,0.79022216796875,-0.06512451171875
1780625263338435000,44.58243505859375,0.6097869873046875,0.7219696044921875,-0.054351806640625
1780625263348465200,44.59246508789062,0.622344970703125,0.668701171875,-0.043060302734375
1780625263358494000,44.602493896484376,0.6708526611328125,0.6481170654296875,-0.04541015625
1780625263368523800,44.612523681640624,0.7221221923828125,0.65386962890625,-0.0693817138671875
1780625263378552800,44.622552734375,0.747467041015625,0.6666107177734375,-0.1045379638671875
1780625263388583000,44.6325830078125,0.758819580078125,0.6768798828125,-0.1329193115234375
1780625263398612000,44.642612060546874,0.7569580078125,0.7072296142578125,-0.162994384765625
1780625263408641800,44.65264184570312,0.7342529296875,0.7374114990234375,-0.183441162109375
1780625263418670800,44.6626708984375,0.6965789794921875,0.72894287109375,-0.1883392333984375
1780625263428701000,44.672700927734375,0.6428680419921875,0.683929443359375,-0.187774658203125
1780625263438731000,44.68273095703125,0.62359619140625,0.6374969482421875,-0.1824493408203125
1780625263448759800,44.692759765625,0.66070556640625,0.6155853271484375,-0.170562744140625
1780625263458790000,44.70278979492188,0.7001953125,0.62603759765625,-0.1576690673828125
1780625263468819000,44.71281884765625,0.7346649169921875,0.6664276123046875,-0.136566162109375
1780625263478849000,44.72284912109375,0.7843017578125,0.733367919921875,-0.1103973388671875
1780625263488878000,44.73287817382813,0.81787109375,0.7952423095703125,-0.0861968994140625
1780625263498908000,44.742907958984375,0.7989349365234375,0.8052978515625,-0.069580078125
1780625263508937000,44.75293701171875,0.7574310302734375,0.7847747802734375,-0.0651397705078125
1780625263518967000,44.76296704101563,0.7211761474609375,0.783599853515625,-0.0635528564453125
1780625263528996000,44.77299609375,0.67498779296875,0.787384033203125,-0.06414794921875
1780625263539026000,44.78302587890625,0.64434814453125,0.7613983154296875,-0.06817626953125
1780625263549055000,44.793054931640626,0.6509857177734375,0.7042999267578125,-0.08331298828125
1780625263559084800,44.803084716796874,0.6857147216796875,0.6757659912109375,-0.097686767578125
1780625263569113900,44.81311376953125,0.698455810546875,0.674591064453125,-0.114959716796875
1780625263579144000,44.82314404296875,0.704315185546875,0.6374053955078125,-0.1549072265625
1780625263589172700,44.8331728515625,0.7194061279296875,0.640472412109375,-0.1800994873046875
1780625263599202800,44.84320288085937,0.723602294921875,0.6982269287109375,-0.181182861328125
1780625263609232000,44.85323193359375,0.735382080078125,0.753448486328125,-0.1663665771484375
1780625263619262000,44.863261962890626,0.713958740234375,0.7703857421875,-0.1400299072265625
1780625263629292000,44.8732919921875,0.691497802734375,0.784393310546875,-0.0985107421875
1780625263639320800,44.88332080078125,0.6940460205078125,0.8006134033203125,-0.0470733642578125
1780625263649351000,44.89335083007813,0.690338134765625,0.8164825439453125,-0.0001373291015625
1780625263659380000,44.9033798828125,0.6895904541015625,0.7960205078125,0.0182952880859375
1780625263669410000,44.91341015625,0.7108612060546875,0.780914306640625,0.0146636962890625
1780625263679438800,44.92343896484375,0.7149810791015625,0.7826080322265625,0.01324462890625
1780625263689469000,44.933468994140625,0.6854705810546875,0.7691650390625,0.0052642822265625
1780625263699498000,44.943498046875,0.6620635986328125,0.744384765625,-0.022308349609375
1780625263709528000,44.95352807617188,0.6456756591796875,0.74951171875,-0.0648040771484375
1780625263719556900,44.96355688476562,0.6278533935546875,0.7772369384765625,-0.09423828125
1780625263729587000,44.9735869140625,0.618743896484375,0.771270751953125,-0.103240966796875
1780625263739616000,44.983615966796876,0.6291656494140625,0.751434326171875,-0.0975341796875
1780625263749645800,44.993645751953125,0.6545867919921875,0.7235107421875,-0.08477783203125
1780625263759675100,45.00367504882813,0.696563720703125,0.703399658203125,-0.0780181884765625
1780625263769704700,45.01370458984375,0.7056732177734375,0.7213287353515625,-0.082061767578125
1780625263779734000,45.023734130859374,0.6973114013671875,0.7496337890625,-0.09185791015625
1780625263789763800,45.03376391601562,0.6744384765625,0.8045806884765625,-0.0884857177734375
1780625263799793000,45.04379296875,0.637115478515625,0.826873779296875,-0.0858612060546875
1780625263809822700,45.05382275390625,0.5860137939453125,0.8269805908203125,-0.0791168212890625
1780625263819851800,45.06385180664063,0.5318450927734375,0.8226165771484375,-0.0477447509765625
1780625263829881900,45.0738818359375,0.5179290771484375,0.769744873046875,-0.0023345947265625
1780625263839912000,45.08391186523438,0.5114288330078125,0.7335357666015625,0.0323638916015625
1780625263849941000,45.09394091796875,0.4927520751953125,0.7581634521484375,0.05548095703125
1780625263859970800,45.103970703125,0.4911956787109375,0.787353515625,0.0756072998046875
1780625263869999900,45.113999755859375,0.50543212890625,0.8041534423828125,0.0930328369140625
1780625263880030000,45.124030029296875,0.5179290771484375,0.8084869384765625,0.0887603759765625
1780625263890059000,45.13405908203125,0.52777099609375,0.7991485595703125,0.0554046630859375
1780625263900089000,45.14408911132813,0.5193023681640625,0.8284759521484375,0.0153045654296875
1780625263910118000,45.15411791992187,0.5078582763671875,0.8274078369140625,-0.0194091796875
1780625263920148000,45.16414794921875,0.48876953125,0.816619873046875,-0.043975830078125
1780625263930177000,45.174177001953126,0.4737091064453125,0.827117919921875,-0.0594024658203125
1780625263940207000,45.18420703125,0.481781005859375,0.819854736328125,-0.0666046142578125
1780625263950236000,45.19423583984375,0.50531005859375,0.802886962890625,-0.0804595947265625
1780625263960266000,45.20426586914063,0.515716552734375,0.82330322265625,-0.10540771484375
1780625263970295000,45.214294921875,0.4897003173828125,0.8291778564453125,-0.104339599609375
1780625263980324900,45.22432495117187,0.4434356689453125,0.8104095458984375,-0.0862274169921875
1780625263990354000,45.23435400390625,0.4180755615234375,0.8013153076171875,-0.0596160888671875
1780625264000383700,45.2443837890625,0.4417724609375,0.8035125732421875,-0.0504608154296875
1780625264010413000,45.2544130859375,0.5002899169921875,0.780914306640625,-0.0550689697265625
1780625264020443000,45.26444287109375,0.5476531982421875,0.7439117431640625,-0.0639495849609375
1780625264030473000,45.27447290039063,0.5771636962890625,0.7493896484375,-0.0796051025390625
1780625264040501800,45.28450170898437,0.568023681640625,0.802398681640625,-0.0834503173828125
1780625264050531800,45.29453173828125,0.5634002685546875,0.8715362548828125,-0.0623321533203125
1780625264060561000,45.304560791015625,0.57403564453125,0.879974365234375,-0.04205322265625
1780625264070591000,45.314591064453126,0.5916595458984375,0.848236083984375,-0.0395355224609375
1780625264080619800,45.32461987304688,0.6023406982421875,0.8407745361328125,-0.0365447998046875
1780625264090649900,45.33464990234375,0.590606689453125,0.8627166748046875,-0.0271759033203125
1780625264100679000,45.34467895507812,0.5769195556640625,0.832977294921875,-0.0210418701171875
1780625264110709000,45.354708984375,0.5762481689453125,0.7741851806640625,-0.0240631103515625
1780625264120737800,45.36473779296875,0.58551025390625,0.7302398681640625,-0.039642333984375
1780625264130768000,45.374767822265625,0.587432861328125,0.7117462158203125,-0.0614013671875
1780625264140797000,45.384796875,0.5927886962890625,0.749847412109375,-0.079315185546875
1780625264150827000,45.39482690429688,0.5925445556640625,0.8637847900390625,-0.0725555419921875
1780625264160856000,45.40485595703125,0.5637969970703125,0.8547821044921875,-0.0511016845703125
1780625264170886000,45.41488598632812,0.56982421875,0.7673492431640625,-0.038665771484375
1780625264180915000,45.4249150390625,0.5879364013671875,0.7291717529296875,-0.032684326171875
1780625264190945000,45.434945068359376,0.595123291015625,0.7139434814453125,-0.0250701904296875
1780625264200974800,45.444974853515625,0.59967041015625,0.742523193359375,-0.0221099853515625
1780625264211004000,45.45500390625,0.60955810546875,0.886474609375,-0.01611328125
1780625264221033700,45.46503369140625,0.615692138671875,1.0368194580078125,-0.009063720703125
1780625264231062800,45.47506274414062,0.59051513671875,0.910247802734375,-0.019561767578125
1780625264241092900,45.4850927734375,0.5971832275390625,0.732879638671875,-0.0417327880859375
1780625264251122000,45.495121826171875,0.6441497802734375,0.7335357666015625,-0.0445098876953125
1780625264261151700,45.50515185546875,0.644073486328125,0.827606201171875,-0.048431396484375
1780625264271180800,45.51518090820313,0.6130828857421875,0.807281494140625,-0.0632781982421875
1780625264281211000,45.5252109375,0.594879150390625,0.7344818115234375,-0.082733154296875
1780625264291240000,45.53523999023437,0.5699005126953125,0.6575469970703125,-0.0955657958984375
1780625264301270000,45.54527001953125,0.5180206298828125,0.5437164306640625,-0.09783935546875
1780625264311298800,45.555298828125,0.4737548828125,0.474273681640625,-0.085968017578125
1780625264321329000,45.565328857421875,0.4663543701171875,0.541290283203125,-0.078338623046875
1780625264331358000,45.57535791015625,0.4603729248046875,0.6830596923828125,-0.072296142578125
1780625264341388000,45.58538793945313,0.4510040283203125,0.9501190185546875,-0.0028076171875
1780625264351416800,45.59541674804687,0.4781036376953125,1.3208770751953125,0.1038360595703125
1780625264361447000,45.60544702148437,0.5623321533203125,1.5777130126953125,0.150421142578125
1780625264371476000,45.61547607421875,0.6125030517578125,1.4000091552734375,0.152740478515625
1780625264381506000,45.625506103515626,0.6237335205078125,0.8953094482421875,0.0985870361328125
1780625264391535900,45.635535888671875,0.6728973388671875,0.547393798828125,-0.0250396728515625
1780625264401565000,45.64556494140625,0.76593017578125,0.47283935546875,-0.139556884765625
1780625264411594800,45.6555947265625,0.777435302734375,0.5262908935546875,-0.170440673828125
1780625264421624000,45.6656240234375,0.708251953125,0.545440673828125,-0.14453125
1780625264431654000,45.67565380859375,0.640045166015625,0.56134033203125,-0.1242523193359375
1780625264441683000,45.685682861328125,0.5988922119140625,0.6136016845703125,-0.115936279296875
1780625264451712800,45.695712646484374,0.5911102294921875,0.7572174072265625,-0.1023712158203125
1780625264461741800,45.70574194335938,0.582763671875,0.8912811279296875,-0.1296844482421875
1780625264471772000,45.71577197265625,0.5953521728515625,1.03546142578125,-0.1405181884765625
1780625264481801000,45.72580102539062,0.5959014892578125,1.109954833984375,-0.1281890869140625
1780625264491831000,45.7358310546875,0.5760040283203125,1.0240936279296875,-0.134521484375
1780625264501859800,45.74585986328125,0.5667266845703125,0.852996826171875,-0.1212615966796875
1780625264511890000,45.755889892578125,0.5951690673828125,0.6873321533203125,-0.096405029296875
1780625264521919000,45.7659189453125,0.6251983642578125,0.585968017578125,-0.0963592529296875
1780625264531949000,45.77594897460938,0.654541015625,0.5359344482421875,-0.092041015625
1780625264541977900,45.78597778320312,0.6654205322265625,0.495452880859375,-0.1050872802734375
1780625264552008000,45.79600805664062,0.645477294921875,0.4665069580078125,-0.1247406005859375
1780625264562038000,45.8060380859375,0.6608734130859375,0.4839935302734375,-0.1539459228515625
1780625264572067000,45.816067138671876,0.685791015625,0.5527191162109375,-0.1499786376953125
1780625264582097200,45.82609716796875,0.6845855712890625,0.6291961669921875,-0.1289825439453125
1780625264592126000,45.8361259765625,0.672515869140625,0.6744384765625,-0.1351470947265625
1780625264602156000,45.84615600585938,0.655670166015625,0.7188720703125,-0.1278839111328125
1780625264612185000,45.85618505859375,0.654998779296875,0.7377471923828125,-0.101226806640625
1780625264622215000,45.86621484375,0.6630706787109375,0.71234130859375,-0.08343505859375
1780625264632244000,45.876243896484375,0.688385009765625,0.69512939453125,-0.0537109375
1780625264642273800,45.886273681640624,0.71807861328125,0.6760406494140625,-0.0313568115234375
1780625264652303000,45.89630322265625,0.7613677978515625,0.6420135498046875,-0.0236053466796875
1780625264662333000,45.9063330078125,0.78997802734375,0.5985870361328125,-0.034912109375
1780625264672361700,45.91636181640625,0.7808380126953125,0.5573577880859375,-0.0424041748046875
1780625264682391800,45.92639184570312,0.7617950439453125,0.5360870361328125,-0.0433807373046875
1780625264692420900,45.9364208984375,0.7460479736328125,0.51727294921875,-0.0332489013671875
1780625264702451000,45.946450927734375,0.7274017333984375,0.5027008056640625,-0.0290985107421875
1780625264712480000,45.95647998046875,0.7056732177734375,0.512451171875,-0.0173797607421875
1780625264722509800,45.966509765625,0.6985931396484375,0.5245513916015625,-0.025299072265625
1780625264732539000,45.97653881835937,0.7451171875,0.5560760498046875,-0.037261962890625
1780625264742569000,45.98656884765625,0.820770263671875,0.601837158203125,-0.0489654541015625
1780625264752599000,45.99659912109375,0.883209228515625,0.639373779296875,-0.0800018310546875
1780625264762627800,46.0066279296875,0.8913116455078125,0.668548583984375,-0.103302001953125
1780625264772658000,46.016657958984375,0.858245849609375,0.712860107421875,-0.1241302490234375
1780625264782687000,46.02668701171875,0.8287506103515625,0.757080078125,-0.1258544921875
1780625264792717000,46.03671704101563,0.7910308837890625,0.78399658203125,-0.11199951171875
1780625264802746000,46.04674609375,0.7392120361328125,0.755035400390625,-0.1043701171875
1780625264812776000,46.05677587890625,0.695648193359375,0.7123260498046875,-0.103973388671875
1780625264822805000,46.066804931640625,0.7089691162109375,0.657379150390625,-0.1132049560546875
1780625264832835000,46.0768349609375,0.75,0.605621337890625,-0.133209228515625
1780625264842864000,46.08686401367188,0.7816009521484375,0.5762786865234375,-0.1489715576171875
1780625264852894000,46.09689404296875,0.8260955810546875,0.554931640625,-0.1771392822265625
1780625264862923000,46.106923095703124,0.8881072998046875,0.5498809814453125,-0.2159423828125
1780625264872952800,46.11695288085937,0.940032958984375,0.567291259765625,-0.26080322265625
1780625264882982000,46.12698193359375,0.9358673095703125,0.5833892822265625,-0.3047332763671875
1780625264893012000,46.137011962890625,0.879791259765625,0.6003570556640625,-0.333587646484375
1780625264903040800,46.14704077148438,0.8374176025390625,0.620849609375,-0.3399505615234375
1780625264913070800,46.15707080078125,0.8390045166015625,0.64935302734375,-0.3240814208984375
1780625264923101000,46.16710083007813,0.8426361083984375,0.677978515625,-0.303619384765625
1780625264933130000,46.1771298828125,0.80340576171875,0.67266845703125,-0.2976531982421875
1780625264943160000,46.18716015625,0.7732696533203125,0.6544189453125,-0.3052825927734375
1780625264953188900,46.19718896484375,0.75006103515625,0.6189422607421875,-0.3228759765625
1780625264963219000,46.207218994140625,0.760284423828125,0.5643463134765625,-0.3494720458984375
1780625264973248000,46.217248046875,0.793975830078125,0.4984283447265625,-0.36859130859375
1780625264983278000,46.22727807617188,0.822723388671875,0.46331787109375,-0.37457275390625
1780625264993307000,46.23730688476562,0.84942626953125,0.460601806640625,-0.3673858642578125
1780625265003337000,46.2473369140625,0.87677001953125,0.4733734130859375,-0.3507843017578125
1780625265013366000,46.257365966796876,0.9020233154296875,0.49072265625,-0.3440093994140625
1780625265023396000,46.26739599609375,0.89801025390625,0.50360107421875,-0.34039306640625
1780625265033425000,46.2774248046875,0.8561248779296875,0.50543212890625,-0.330169677734375
1780625265043455000,46.287455078125,0.78741455078125,0.5059967041015625,-0.3001556396484375
1780625265053484000,46.297484130859374,0.73297119140625,0.5026092529296875,-0.2675933837890625
1780625265063514000,46.30751416015625,0.726531982421875,0.5016937255859375,-0.2358245849609375
1780625265073543000,46.31754296875,0.7682952880859375,0.505615234375,-0.2074127197265625
1780625265083573000,46.327572998046875,0.826446533203125,0.509918212890625,-0.18707275390625
1780625265093602800,46.337602783203124,0.844482421875,0.497711181640625,-0.1795806884765625
1780625265103632000,46.3476318359375,0.8494110107421875,0.485870361328125,-0.1852264404296875
1780625265113662000,46.35766186523438,0.859710693359375,0.4883575439453125,-0.1944732666015625
1780625265123690800,46.36769067382812,0.8551177978515625,0.48638916015625,-0.2141876220703125
1780625265133720800,46.37772094726562,0.8557586669921875,0.493988037109375,-0.2270660400390625
1780625265143750000,46.38775,0.84466552734375,0.5363006591796875,-0.211639404296875
1780625265153780000,46.397780029296875,0.7976531982421875,0.59326171875,-0.19671630859375
1780625265163809000,46.40780908203125,0.7483978271484375,0.638031005859375,-0.18988037109375
1780625265173838800,46.4178388671875,0.73193359375,0.6972503662109375,-0.18341064453125
1780625265183868000,46.42786791992187,0.754974365234375,0.75286865234375,-0.1841888427734375
1780625265193898000,46.43789794921875,0.7810821533203125,0.748291015625,-0.197967529296875
1780625265203927000,46.447927001953126,0.801513671875,0.679534912109375,-0.230010986328125
1780625265213956900,46.457956787109374,0.8178863525390625,0.5656890869140625,-0.2865142822265625
1780625265223986000,46.46798583984375,0.8049774169921875,0.4515228271484375,-0.3345489501953125
1780625265234016000,46.47801611328125,0.7774658203125,0.407135009765625,-0.369873046875
1780625265244045000,46.488045166015624,0.769561767578125,0.4031524658203125,-0.38909912109375
1780625265254075100,46.4980751953125,0.77825927734375,0.4149627685546875,-0.387054443359375
1780625265264105000,46.50810498046875,0.7870941162109375,0.436767578125,-0.356048583984375
1780625265274134000,46.518134033203125,0.7708282470703125,0.4454498291015625,-0.30523681640625
1780625265284163800,46.528163818359374,0.7610931396484375,0.44879150390625,-0.2755126953125
1780625265294193200,46.53819311523438,0.7614593505859375,0.433837890625,-0.278778076171875
1780625265304223000,46.54822290039063,0.7439422607421875,0.45074462890625,-0.31622314453125
1780625265314251800,46.55825170898437,0.7802734375,0.465667724609375,-0.3636932373046875
1780625265324281900,46.56828173828125,0.7915496826171875,0.496826171875,-0.392333984375
1780625265334311000,46.578310791015625,0.7720184326171875,0.5493011474609375,-0.4066619873046875
1780625265344341000,46.588341064453125,0.7608642578125,0.6009979248046875,-0.3995513916015625
1780625265354369800,46.59836987304688,0.767181396484375,0.656707763671875,-0.3727874755859375
1780625265364399900,46.60839990234375,0.7496490478515625,0.665863037109375,-0.328125
1780625265374428700,46.6184287109375,0.6982879638671875,0.6051025390625,-0.3271942138671875
1780625265384458800,46.62845874023437,0.64813232421875,0.542572021484375,-0.38128662109375
1780625265394487800,46.63848779296875,0.643768310546875,0.543548583984375,-0.4103851318359375
1780625265404518000,46.648517822265624,0.7019195556640625,0.585723876953125,-0.4012451171875
1780625265414546700,46.65854663085938,0.75787353515625,0.5864105224609375,-0.4031982421875
1780625265424576800,46.66857666015625,0.8223419189453125,0.5731658935546875,-0.41644287109375
1780625265434606800,46.67860693359375,0.874786376953125,0.5476531982421875,-0.3673095703125
1780625265444636000,46.68863598632812,0.8619842529296875,0.5363616943359375,-0.2849273681640625
1780625265454666000,46.698666015625,0.820709228515625,0.5810546875,-0.221221923828125
1780625265464694800,46.70869482421875,0.7674102783203125,0.632659912109375,-0.189239501953125
1780625265474724900,46.718724853515624,0.7157440185546875,0.664398193359375,-0.1751251220703125
1780625265484754000,46.72875390625,0.6994476318359375,0.6834716796875,-0.1669158935546875
1780625265494784000,46.73878393554688,0.7086944580078125,0.6854248046875,-0.1687774658203125
1780625265504812800,46.74881274414062,0.706878662109375,0.666656494140625,-0.1855316162109375
1780625265514842600,46.75884252929688,0.7071380615234375,0.6367950439453125,-0.22625732421875
1780625265524872000,46.768871826171875,0.7229766845703125,0.6016082763671875,-0.27703857421875
1780625265534901800,46.77890185546875,0.7335357666015625,0.5902557373046875,-0.31158447265625
1780625265544930800,46.78893090820313,0.7325439453125,0.60174560546875,-0.3378448486328125
1780625265554960600,46.798960693359376,0.731292724609375,0.6088104248046875,-0.3485870361328125
1780625265564989700,46.80898974609375,0.7198486328125,0.61376953125,-0.3455047607421875
1780625265575019800,46.81901977539062,0.7005767822265625,0.62432861328125,-0.3341827392578125
1780625265585048800,46.829048828125,0.70648193359375,0.633209228515625,-0.3245086669921875
1780625265595078700,46.83907861328125,0.717376708984375,0.614898681640625,-0.2935333251953125
1780625265605108700,46.84910864257812,0.7294921875,0.5851898193359375,-0.24322509765625
1780625265615137800,46.8591376953125,0.7245330810546875,0.576324462890625,-0.236572265625
1780625265625168000,46.86916796875,0.710784912109375,0.56866455078125,-0.2270355224609375
1780625265635197000,46.87919702148437,0.6902008056640625,0.5352935791015625,-0.218719482421875
1780625265645226800,46.88922680664062,0.6595306396484375,0.480621337890625,-0.136322021484375
1780625265655255800,46.899255859375,0.6334228515625,0.4983062744140625,-0.0876007080078125
1780625265665286000,46.909285888671874,0.657196044921875,0.5060577392578125,-0.037567138671875
1780625265675315000,46.91931494140625,0.685150146484375,0.4173431396484375,0.0740814208984375
1780625265685345000,46.92934497070313,0.724151611328125,0.307830810546875,0.146759033203125
1780625265695373800,46.93937377929687,0.812744140625,0.4772186279296875,-0.1710205078125
1780625265705404000,46.94940380859375,0.657989501953125,0.7603759765625,-0.5773773193359375
1780625265715433000,46.959432861328125,0.4989166259765625,0.865692138671875,-0.641448974609375
1780625265725463000,46.969463134765626,0.6041717529296875,0.8805999755859375,-0.6589202880859375
1780625265735491800,46.97949194335938,0.8105010986328125,0.8043670654296875,-0.6735992431640625
1780625265745521700,46.989521728515626,0.9454345703125,0.6892547607421875,-0.6971893310546875
1780625265755551000,46.99955102539062,0.9725189208984375,0.572265625,-0.6756134033203125
1780625265765580800,47.00958081054687,0.8818359375,0.4822845458984375,-0.5376434326171875
1780625265775611000,47.01961083984375,0.795166015625,0.4820098876953125,-0.4296112060546875
1780625265785639700,47.0296396484375,0.7767486572265625,0.5442047119140625,-0.4260711669921875
1780625265795669800,47.03966967773437,0.7640533447265625,0.5826263427734375,-0.4303131103515625
1780625265805698800,47.04969873046875,0.7234954833984375,0.598724365234375,-0.4299774169921875
1780625265815729000,47.05972900390625,0.6912078857421875,0.5834503173828125,-0.4374542236328125
1780625265825757700,47.0697578125,0.69317626953125,0.550262451171875,-0.4234466552734375
1780625265835787800,47.07978784179687,0.697723388671875,0.52471923828125,-0.4190673828125
1780625265845816800,47.08981689453125,0.699493408203125,0.5034332275390625,-0.3978118896484375
1780625265855847000,47.099846923828125,0.67291259765625,0.4954833984375,-0.37353515625
1780625265865875700,47.10987573242188,0.6841278076171875,0.507843017578125,-0.3490142822265625
1780625265875905800,47.11990576171875,0.7074127197265625,0.53765869140625,-0.3457489013671875
1780625265885934800,47.12993481445312,0.7205047607421875,0.56744384765625,-0.3498992919921875
1780625265895965000,47.13996484375,0.7358856201171875,0.575347900390625,-0.3579864501953125
1780625265905994000,47.149993896484375,0.721221923828125,0.556884765625,-0.3545684814453125
1780625265916023800,47.16002392578125,0.69976806640625,0.542510986328125,-0.3564605712890625
1780625265926052900,47.17005297851563,0.714996337890625,0.5348968505859375,-0.381256103515625
1780625265936083000,47.1800830078125,0.76220703125,0.50372314453125,-0.364837646484375
1780625265946112800,47.19011279296875,0.8839569091796875,0.5114288330078125,-0.181427001953125
1780625265956141800,47.20014184570312,0.6715545654296875,1.9954071044921875,1.816070556640625
1780625265966171600,47.21017163085938,-5.6367950439453125,1.12518310546875,2.0301361083984375
1780625265976200700,47.22020068359375,1.7263946533203125,-0.80633544921875,-1.5840911865234375
1780625265986230800,47.230230712890624,7.7479248046875,-0.1726837158203125,-3.336212158203125
1780625265996259800,47.240259765625,1.777862548828125,0.1191558837890625,-0.9049835205078125
1780625266006289700,47.25028955078125,0.7902984619140625,0.2187042236328125,-0.3678741455078125
1780625266016318700,47.26031860351563,0.2471160888671875,0.4557647705078125,-0.2595367431640625
1780625266026348800,47.27034887695312,-0.39697265625,0.7876739501953125,-0.3432159423828125
1780625266036377900,47.2803779296875,-0.44622802734375,0.931121826171875,-0.62847900390625
1780625266046408000,47.290407958984375,0.0480194091796875,1.0098724365234375,-0.68695068359375
1780625266056436700,47.30043676757813,0.7203826904296875,0.9510955810546875,-0.5269317626953125
1780625266066466800,47.310466796875,1.1301116943359375,0.6267242431640625,-0.3582763671875
1780625266076496000,47.32049584960937,1.23614501953125,0.419525146484375,-0.393463134765625
1780625266086526000,47.33052587890625,1.0893707275390625,0.366607666015625,-0.4396820068359375
1780625266096554800,47.3405546875,0.800323486328125,0.42669677734375,-0.41351318359375
1780625266106584800,47.350584716796874,0.6258544921875,0.5285797119140625,-0.3417510986328125
1780625266116615000,47.360614990234374,0.63275146484375,0.5976104736328125,-0.26568603515625
1780625266126644000,47.37064404296875,0.74700927734375,0.6278076171875,-0.2324066162109375
1780625266136674000,47.38067407226563,0.8007659912109375,0.6213531494140625,-0.26873779296875
1780625266146702800,47.39070288085937,0.7684326171875,0.5527496337890625,-0.343719482421875
1780625266156732700,47.40073266601563,0.727783203125,0.4572601318359375,-0.387847900390625
1780625266166762000,47.410761962890625,0.7272186279296875,0.3952178955078125,-0.381561279296875
1780625266176791800,47.420791748046874,0.7458343505859375,0.3837890625,-0.3745880126953125
1780625266186820900,47.43082080078125,0.784912109375,0.4114990234375,-0.385223388671875
1780625266196850700,47.4408505859375,0.7945556640625,0.4713897705078125,-0.4165496826171875
1780625266206879700,47.45087963867188,0.77777099609375,0.5415802001953125,-0.443695068359375
1780625266216909800,47.46090991210937,0.7681427001953125,0.5906982421875,-0.4749603271484375
1780625266226938600,47.470938720703124,0.7391357421875,0.5927886962890625,-0.4599761962890625
1780625266236968700,47.48096875,0.72705078125,0.5820770263671875,-0.405303955078125
1780625266246997800,47.49099780273438,0.724884033203125,0.5802001953125,-0.386474609375
1780625266257027800,47.50102783203125,0.70697021484375,0.5629425048828125,-0.369720458984375
1780625266267057000,47.51105688476562,0.693389892578125,0.5702362060546875,-0.37469482421875
1780625266277086700,47.52108666992188,0.687652587890625,0.5641937255859375,-0.3986663818359375
1780625266287116800,47.53111669921875,0.653656005859375,0.585693359375,-0.4034576416015625
1780625266297145900,47.541145751953124,0.6500244140625,0.592620849609375,-0.4131317138671875
1780625266307176000,47.551176025390625,0.6404876708984375,0.5888824462890625,-0.4081878662109375
1780625266317204700,47.56120483398438,0.5970306396484375,0.606964111328125,-0.4169769287109375
1780625266327234800,47.57123486328125,0.52642822265625,0.608428955078125,-0.4607391357421875
1780625266337263900,47.58126391601562,0.41778564453125,0.6131439208984375,-0.4982452392578125
1780625266347294000,47.5912939453125,0.5189208984375,0.574462890625,-0.5077056884765625
1780625266357323000,47.601322998046875,0.816558837890625,0.509429931640625,-0.5028076171875
1780625266367353900,47.61135375976563,1.0477294921875,0.4411163330078125,-0.482666015625
1780625266377382700,47.62138256835937,1.037078857421875,0.4343719482421875,-0.455657958984375
1780625266387412700,47.63141284179687,0.88385009765625,0.50555419921875,-0.426116943359375
1780625266397441800,47.64144189453125,0.7798919677734375,0.570526123046875,-0.374481201171875
1780625266407471900,47.651471923828126,0.72845458984375,0.5951995849609375,-0.3477630615234375
1780625266417500700,47.66150073242188,0.6741790771484375,0.611419677734375,-0.35137939453125
1780625266427530800,47.67153076171875,0.6580047607421875,0.6253814697265625,-0.37054443359375
1780625266437560800,47.68156079101563,0.65557861328125,0.633026123046875,-0.4019317626953125
1780625266447590000,47.69158984375,0.65838623046875,0.620025634765625,-0.419464111328125
1780625266457620000,47.70161987304687,0.6833343505859375,0.600494384765625,-0.4190826416015625
1780625266467648800,47.711648681640625,0.7187957763671875,0.591644287109375,-0.4093475341796875
1780625266477678800,47.721678955078126,0.7237548828125,0.592041015625,-0.38763427734375
1780625266487708000,47.7317080078125,0.7223052978515625,0.593780517578125,-0.3843536376953125
1780625266497738000,47.74173803710938,0.72479248046875,0.5890350341796875,-0.419403076171875
1780625266507766800,47.75176684570312,0.7035675048828125,0.5703277587890625,-0.4740447998046875
1780625266517796900,47.761796875,0.672515869140625,0.555267333984375,-0.5109405517578125
1780625266527826000,47.771825927734376,0.65399169921875,0.545745849609375,-0.493743896484375
1780625266537855700,47.781855712890625,0.66363525390625,0.5279998779296875,-0.464324951171875
1780625266547885000,47.79188500976562,0.67474365234375,0.516876220703125,-0.4513702392578125
1780625266557914600,47.80191455078125,0.6682891845703125,0.52130126953125,-0.4437713623046875
1780625266567944000,47.81194384765625,0.667327880859375,0.5350189208984375,-0.4407196044921875
1780625266577973800,47.82197387695312,0.676605224609375,0.54901123046875,-0.4344940185546875
1780625266588002800,47.8320029296875,0.6869049072265625,0.554901123046875,-0.4321136474609375
1780625266598032600,47.84203271484375,0.7064056396484375,0.5473785400390625,-0.4369049072265625
1780625266608062700,47.852062744140625,0.724151611328125,0.5312347412109375,-0.4382171630859375
1780625266618091800,47.862091796875,0.7270965576171875,0.514404296875,-0.4430999755859375
1780625266628121900,47.87212182617188,0.734039306640625,0.503936767578125,-0.441925048828125
1780625266638151000,47.88215087890625,0.735626220703125,0.510467529296875,-0.44036865234375
1780625266648180700,47.8921806640625,0.726776123046875,0.5303955078125,-0.4374237060546875
1780625266658209800,47.902209716796875,0.7129058837890625,0.54620361328125,-0.4354400634765625
1780625266668240000,47.912239990234376,0.706634521484375,0.5552215576171875,-0.4391937255859375
1780625266678269000,47.92226904296875,0.7090301513671875,0.5528106689453125,-0.4531097412109375
1780625266688299000,47.93229907226562,0.7100677490234375,0.5397186279296875,-0.4673614501953125
1780625266698327800,47.942327880859374,0.7106475830078125,0.530670166015625,-0.4757843017578125
1780625266708358000,47.95235791015625,0.70343017578125,0.5339202880859375,-0.4722900390625
1780625266718387000,47.962386962890626,0.7021026611328125,0.5363922119140625,-0.4674224853515625
1780625266728417000,47.9724169921875,0.703369140625,0.5442962646484375,-0.4683074951171875
1780625266738445800,47.98244580078125,0.697784423828125,0.5565643310546875,-0.4611663818359375
1780625266748476000,47.99247583007813,0.6895904541015625,0.562530517578125,-0.455291748046875
1780625266758505700,48.00250561523438,0.6964111328125,0.570709228515625,-0.4490203857421875
1780625266768534800,48.01253466796875,0.701568603515625,0.5756683349609375,-0.447967529296875
1780625266778564900,48.02256494140625,0.7021942138671875,0.575469970703125,-0.4463958740234375
1780625266788593700,48.03259375,0.70068359375,0.5694580078125,-0.4409942626953125
1780625266798623700,48.042623779296875,0.6937255859375,0.5573272705078125,-0.4361419677734375
1780625266808652800,48.05265283203125,0.68450927734375,0.5493316650390625,-0.430450439453125
1780625266818683000,48.06268286132813,0.6813201904296875,0.5531768798828125,-0.4327850341796875
1780625266828711700,48.07271166992187,0.67364501953125,0.5633697509765625,-0.43768310546875
1780625266838741800,48.08274169921875,0.6661376953125,0.5773773193359375,-0.442718505859375
1780625266848770800,48.092770751953125,0.666015625,0.58831787109375,-0.4434661865234375
1780625266858801000,48.10280078125,0.670257568359375,0.5983428955078125,-0.438568115234375
1780625266868829700,48.11282958984375,0.6733856201171875,0.604583740234375,-0.42852783203125
1780625266878859800,48.12285986328125,0.6812286376953125,0.612213134765625,-0.4203948974609375
1780625266888888800,48.132888916015624,0.68743896484375,0.613555908203125,-0.414093017578125
1780625266898919000,48.1429189453125,0.68438720703125,0.613250732421875,-0.4080810546875
1780625266908947700,48.15294775390625,0.6817169189453125,0.6082763671875,-0.3995208740234375
1780625266918977800,48.162977783203125,0.6796417236328125,0.5989837646484375,-0.3978118896484375
1780625266929007900,48.1730078125,0.6751708984375,0.5915679931640625,-0.40667724609375
1780625266939037000,48.18303686523438,0.6771240234375,0.5867156982421875,-0.41094970703125
1780625266949066800,48.19306665039063,0.6909332275390625,0.5850677490234375,-0.4182586669921875
1780625266959095800,48.203095703125,0.6990814208984375,0.5857696533203125,-0.426300048828125
1780625266969125600,48.21312573242187,0.7022857666015625,0.5796661376953125,-0.4344024658203125
1780625266979155000,48.223155029296876,0.703826904296875,0.5729522705078125,-0.4400177001953125
1780625266989184800,48.233184814453125,0.70184326171875,0.564605712890625,-0.4409332275390625
1780625266999213800,48.2432138671875,0.6980133056640625,0.55999755859375,-0.4358673095703125
1780625267009243600,48.25324365234375,0.6857147216796875,0.5534515380859375,-0.43017578125
1780625267019272700,48.26327270507812,0.6705322265625,0.5509033203125,-0.4341278076171875
1780625267029302800,48.273302734375,0.6584320068359375,0.5577545166015625,-0.4430084228515625
1780625267039331800,48.283331787109375,0.6575164794921875,0.565521240234375,-0.447479248046875
1780625267049361700,48.293361572265624,0.65985107421875,0.56982421875,-0.4488525390625
1780625267059390700,48.303390625,0.6689300537109375,0.565216064453125,-0.45001220703125
1780625267069420800,48.3134208984375,0.6826019287109375,0.5592803955078125,-0.457733154296875
1780625267079451000,48.32345092773438,0.6900787353515625,0.5627899169921875,-0.461395263671875
1780625267089480000,48.33347998046875,0.6945343017578125,0.569427490234375,-0.460205078125
1780625267099509800,48.343509765625,0.6954193115234375,0.581451416015625,-0.4545745849609375
1780625267109538800,48.353538818359375,0.67864990234375,0.5990447998046875,-0.4443359375
1780625267119569000,48.36356884765625,0.6683502197265625,0.604949951171875,-0.4405517578125
1780625267129598000,48.37359790039063,0.67266845703125,0.6089324951171875,-0.44183349609375
1780625267139628000,48.3836279296875,0.681182861328125,0.6043853759765625,-0.4515838623046875
1780625267149656800,48.39365673828125,0.6814117431640625,0.5973358154296875,-0.4536285400390625
1780625267159687000,48.40368701171875,0.6677093505859375,0.5944366455078125,-0.450347900390625
1780625267169716000,48.413716064453126,0.6517791748046875,0.5953216552734375,-0.4464111328125
1780625267179745800,48.423745849609375,0.6529693603515625,0.5947723388671875,-0.44146728515625
1780625267189774800,48.43377490234375,0.661285400390625,0.5982513427734375,-0.43603515625
1780625267199804700,48.4438046875,0.662933349609375,0.609283447265625,-0.4303436279296875
1780625267209834000,48.453833984375,0.64813232421875,0.6205902099609375,-0.424560546875
1780625267219863800,48.46386376953125,0.636199951171875,0.6244354248046875,-0.4170684814453125
1780625267229892600,48.473892578125,0.6442718505859375,0.6160125732421875,-0.411163330078125
1780625267239922700,48.483922607421874,0.6585693359375,0.6094512939453125,-0.4190521240234375
1780625267249952800,48.493952880859375,0.6712493896484375,0.607421875,-0.4293670654296875
1780625267259981800,48.50398193359375,0.667236328125,0.605010986328125,-0.4352569580078125
1780625267270012000,48.51401196289063,0.6625213623046875,0.6038970947265625,-0.43878173828125
1780625267280040700,48.52404077148437,0.6625213623046875,0.6040496826171875,-0.435821533203125
1780625267290070800,48.53407080078125,0.66796875,0.60101318359375,-0.4323883056640625
1780625267300099800,48.544099853515625,0.66973876953125,0.595916748046875,-0.4353485107421875
1780625267310130000,48.5541298828125,0.665435791015625,0.5977630615234375,-0.43389892578125
1780625267320158700,48.56415869140625,0.66632080078125,0.6024627685546875,-0.4262542724609375
1780625267330188800,48.57418872070313,0.6667938232421875,0.60528564453125,-0.4196319580078125
1780625267340217900,48.5842177734375,0.665008544921875,0.6036224365234375,-0.41790771484375
1780625267350248000,48.594248046875,0.664703369140625,0.59771728515625,-0.41815185546875
1780625267360277000,48.60427709960938,0.6627044677734375,0.5906829833984375,-0.4175262451171875
1780625267370305500,48.61430541992188,0.6623077392578125,0.589996337890625,-0.4182586669921875
1780625267380334600,48.62433447265625,0.664703369140625,0.5928802490234375,-0.418975830078125
1780625267390364700,48.63436474609375,0.6638641357421875,0.599517822265625,-0.4228057861328125
1780625267400393500,48.6443935546875,0.664459228515625,0.604583740234375,-0.428070068359375
1780625267410423600,48.654423583984375,0.6680755615234375,0.6056671142578125,-0.43145751953125
1780625267420453600,48.66445361328125,0.6749267578125,0.608673095703125,-0.4334869384765625
1780625267430482700,48.67448266601563,0.677459716796875,0.6092681884765625,-0.4349822998046875
1780625267440512500,48.68451245117188,0.6716156005859375,0.60772705078125,-0.4352569580078125
1780625267450541600,48.69454150390625,0.6647796630859375,0.6071319580078125,-0.4340972900390625
1780625267460571600,48.70457153320312,0.6662445068359375,0.6024322509765625,-0.43060302734375
1780625267470600700,48.7146005859375,0.6675567626953125,0.596435546875,-0.42730712890625
1780625267480630500,48.724630615234375,0.6663970947265625,0.5915679931640625,-0.4238739013671875
1780625267490659600,48.73465966796875,0.66766357421875,0.5928497314453125,-0.4233551025390625
1780625267500689400,48.744689453125,0.6722869873046875,0.596038818359375,-0.4274444580078125
1780625267510718500,48.75471850585937,0.6702880859375,0.602447509765625,-0.4269256591796875
1780625267520748500,48.76474853515625,0.660003662109375,0.606597900390625,-0.4241790771484375
1780625267530777300,48.77477734375,0.6594390869140625,0.6066436767578125,-0.427520751953125
1780625267540807400,48.784807373046874,0.6697540283203125,0.6020965576171875,-0.4304046630859375
1780625267550836500,48.79483642578125,0.6826171875,0.5942535400390625,-0.43701171875
1780625267560866600,48.80486645507813,0.6891632080078125,0.593536376953125,-0.4361419677734375
1780625267570895400,48.81489526367187,0.6800537109375,0.598846435546875,-0.4362335205078125
1780625267580925400,48.82492553710937,0.66107177734375,0.616302490234375,-0.4392852783203125
1780625267590955500,48.83495556640625,0.6445465087890625,0.6197509765625,-0.4322509765625
1780625267600984600,48.844984619140625,0.6403961181640625,0.611480712890625,-0.4257354736328125
1780625267611014700,48.8550146484375,0.6549530029296875,0.59521484375,-0.4261322021484375
1780625267621043500,48.86504345703125,0.6727752685546875,0.580596923828125,-0.4295654296875
1780625267631073500,48.87507348632813,0.6761016845703125,0.57171630859375,-0.4315032958984375
1780625267641102600,48.8851025390625,0.6719207763671875,0.572357177734375,-0.43487548828125
1780625267651132700,48.89513256835937,0.6808319091796875,0.584136962890625,-0.4352264404296875
1780625267661161500,48.905161376953124,0.6883087158203125,0.58892822265625,-0.4269866943359375
1780625267671191600,48.915191650390625,0.6895294189453125,0.581298828125,-0.426025390625
1780625267681220600,48.925220703125,0.6925811767578125,0.5777587890625,-0.4288330078125
1780625267691250700,48.93525073242188,0.693359375,0.5803680419921875,-0.433746337890625
1780625267701279700,48.94527978515625,0.6873016357421875,0.5876007080078125,-0.4317626953125
1780625267711309300,48.95530932617187,0.6753997802734375,0.595184326171875,-0.4287109375
1780625267721338600,48.965338623046875,0.6636962890625,0.5963287353515625,-0.42706298828125
1780625267731368400,48.975368408203124,0.6585845947265625,0.5919036865234375,-0.433319091796875
1780625267741398500,48.9853984375,0.66357421875,0.5889892578125,-0.434326171875
1780625267751427600,48.99542749023438,0.6721038818359375,0.589447021484375,-0.433380126953125
1780625267761457400,49.00545751953125,0.6793975830078125,0.59014892578125,-0.43450927734375
1780625267771486500,49.01548657226562,0.6763458251953125,0.5964813232421875,-0.43524169921875
1780625267781516500,49.0255166015625,0.6686553955078125,0.604248046875,-0.43707275390625
1780625267791545600,49.035545654296875,0.663970947265625,0.612060546875,-0.4330291748046875
1780625267801575400,49.045575439453124,0.6601715087890625,0.6150970458984375,-0.42608642578125
1780625267811604500,49.0556044921875,0.651641845703125,0.617767333984375,-0.419219970703125
1780625267821634600,49.06563452148438,0.645599365234375,0.6149139404296875,-0.4162750244140625
1780625267831663600,49.07566357421875,0.65234375,0.60955810546875,-0.4206085205078125
1780625267841693700,49.08569360351562,0.6640777587890625,0.6066741943359375,-0.4275665283203125
1780625267851722500,49.095722412109374,0.6687469482421875,0.6035003662109375,-0.435455322265625
1780625267861752600,49.105752685546875,0.6605987548828125,0.6024322509765625,-0.4380035400390625
1780625267871781600,49.11578173828125,0.6538238525390625,0.605072021484375,-0.434844970703125
1780625267881811700,49.12581176757813,0.6550140380859375,0.6104736328125,-0.4282073974609375
1780625267891840500,49.13584057617187,0.66119384765625,0.612701416015625,-0.42303466796875
1780625267901870600,49.14587060546875,0.6648101806640625,0.613525390625,-0.414215087890625
1780625267911900400,49.155900390625,0.6684112548828125,0.6104888916015625,-0.4065093994140625
1780625267921929500,49.165929443359374,0.6744537353515625,0.611663818359375,-0.4020538330078125
1780625267931959600,49.17595947265625,0.685028076171875,0.6181640625,-0.40533447265625
1780625267941988400,49.18598828125,0.6843719482421875,0.6222686767578125,-0.41302490234375
1780625267952018400,49.196018310546876,0.66845703125,0.6263275146484375,-0.4219818115234375
1780625267962047500,49.20604760742187,0.6569366455078125,0.6293487548828125,-0.4279632568359375
1780625267972077600,49.21607763671875,0.659027099609375,0.6220703125,-0.4250946044921875
1780625267982106400,49.2261064453125,0.6710357666015625,0.610107421875,-0.4160919189453125
1780625267992136400,49.236136474609374,0.672943115234375,0.598541259765625,-0.4050750732421875
1780625268002165500,49.24616552734375,0.6678314208984375,0.589599609375,-0.4011383056640625
1780625268012195600,49.25619555664063,0.668182373046875,0.587890625,-0.4042205810546875
1780625268022224400,49.26622436523437,0.677734375,0.5920867919921875,-0.407867431640625
1780625268032254500,49.27625439453125,0.6852569580078125,0.600311279296875,-0.4109039306640625
1780625268042283500,49.286283447265625,0.6827392578125,0.60955810546875,-0.417999267578125
1780625268052313600,49.296313720703125,0.67572021484375,0.6189727783203125,-0.41656494140625
1780625268062343700,49.30634375,0.6683349609375,0.62664794921875,-0.410003662109375
1780625268072372500,49.31637255859375,0.6620025634765625,0.632232666015625,-0.4068603515625
1780625268082402600,49.32640258789063,0.6507720947265625,0.6294708251953125,-0.402191162109375
1780625268092431600,49.336431640625,0.6483917236328125,0.6188812255859375,-0.40460205078125
1780625268102461700,49.34646166992187,0.654510498046875,0.6095123291015625,-0.412261962890625
1780625268112490500,49.356490478515624,0.66424560546875,0.602783203125,-0.4152374267578125
1780625268122520300,49.36652026367187,0.6657867431640625,0.599365234375,-0.420806884765625
1780625268132549600,49.37654956054688,0.6708221435546875,0.588104248046875,-0.41973876953125
1780625268142579500,49.386579345703126,0.67266845703125,0.5888671875,-0.4233551025390625
1780625268152608500,49.3966083984375,0.680511474609375,0.5935211181640625,-0.4380340576171875
1780625268162638300,49.40663842773437,0.682861328125,0.601348876953125,-0.442047119140625
1780625268172667400,49.41666748046875,0.680145263671875,0.608917236328125,-0.4371337890625
1780625268182697500,49.426697509765624,0.6778564453125,0.6150360107421875,-0.4213409423828125
1780625268192726500,49.4367265625,0.6732025146484375,0.62005615234375,-0.401275634765625
1780625268202756600,49.44675659179688,0.6655120849609375,0.6223297119140625,-0.3880615234375
1780625268212786400,49.456786376953126,0.6640625,0.6233062744140625,-0.38623046875
1780625268222815500,49.4668154296875,0.6660614013671875,0.624420166015625,-0.389923095703125
1780625268232845600,49.47684545898438,0.6686553955078125,0.617340087890625,-0.3963775634765625
1780625268242874600,49.48687451171875,0.6727752685546875,0.605316162109375,-0.397125244140625
1780625268252904400,49.496904541015624,0.6783447265625,0.5966949462890625,-0.39508056640625
1780625268262933500,49.50693359375,0.677886962890625,0.5919647216796875,-0.384796142578125
1780625268272963600,49.51696362304688,0.6783599853515625,0.597869873046875,-0.4047088623046875
1780625268282992600,49.52699267578125,0.68359375,0.5970001220703125,-0.4185638427734375
1780625268293022700,49.53702270507812,0.68524169921875,0.594635009765625,-0.422821044921875
1780625268303051500,49.547051513671875,0.69561767578125,0.589263916015625,-0.4194793701171875
1780625268313081600,49.55708154296875,0.69268798828125,0.6040802001953125,-0.417022705078125
1780625268323110700,49.56711059570313,0.6779937744140625,0.62835693359375,-0.4170989990234375
1780625268333140700,49.577140625,0.6644744873046875,0.6402740478515625,-0.425811767578125
1780625268343169500,49.58716943359375,0.6563568115234375,0.634735107421875,-0.4342803955078125
1780625268353199400,49.59719946289062,0.653167724609375,0.6255035400390625,-0.435821533203125
1780625268363228700,49.607228759765626,0.6488800048828125,0.615509033203125,-0.428253173828125
1780625268373259300,49.61725927734375,0.6439666748046875,0.6071929931640625,-0.41656494140625
1780625268383289300,49.62728930664063,0.6344757080078125,0.6075897216796875,-0.4053497314453125
1780625268393318100,49.63731811523437,0.6344451904296875,0.6124725341796875,-0.3941192626953125
1780625268403348200,49.64734814453125,0.642608642578125,0.610107421875,-0.400054931640625
1780625268413377300,49.657377197265625,0.657806396484375,0.6083221435546875,-0.4124298095703125
1780625268423407400,49.667407470703125,0.6738433837890625,0.611053466796875,-0.4215087890625
1780625268433436400,49.6774365234375,0.6748809814453125,0.6141204833984375,-0.427459716796875
1780625268443466200,49.68746630859375,0.6749420166015625,0.6140594482421875,-0.431488037109375
1780625268453495300,49.69749536132812,0.6785125732421875,0.6100006103515625,-0.4293060302734375
1780625268463525400,49.707525390625,0.6784820556640625,0.6077117919921875,-0.422821044921875
1780625268473554400,49.717554443359376,0.6780548095703125,0.60955810546875,-0.4169464111328125
1780625268483584300,49.727584228515624,0.6676788330078125,0.6110992431640625,-0.414794921875
1780625268493613300,49.73761328125,0.6552581787109375,0.609375,-0.41204833984375
1780625268503643400,49.74764331054688,0.656890869140625,0.60992431640625,-0.413482666015625
1780625268513672400,49.75767236328125,0.667266845703125,0.60784912109375,-0.4177093505859375
1780625268523702300,49.76770239257812,0.6788787841796875,0.6054840087890625,-0.42547607421875
1780625268533731300,49.7777314453125,0.681304931640625,0.60638427734375,-0.425262451171875
1780625268543761200,49.78776123046875,0.6807708740234375,0.6060028076171875,-0.424896240234375
1780625268553791200,49.797791259765624,0.67864990234375,0.6064910888671875,-0.4232025146484375
1780625268563820300,49.8078203125,0.679534912109375,0.606781005859375,-0.4178466796875
1780625268573850400,49.81785034179688,0.6712799072265625,0.60919189453125,-0.40948486328125
1780625268583879200,49.82787915039062,0.6600494384765625,0.61322021484375,-0.3985137939453125
1780625268593909200,49.8379091796875,0.660064697265625,0.6175079345703125,-0.38616943359375
1780625268603938300,49.847938232421875,0.6557464599609375,0.6229400634765625,-0.3787384033203125
1780625268613968400,49.857968505859375,0.648162841796875,0.6268768310546875,-0.3762359619140625
1780625268623997200,49.8679970703125,0.6453704833984375,0.6297760009765625,-0.378936767578125
1780625268634027300,49.87802734375,0.6501617431640625,0.6311187744140625,-0.391571044921875
1780625268644056300,49.88805639648437,0.6539154052734375,0.6315765380859375,-0.411041259765625
1780625268654086400,49.89808642578125,0.663909912109375,0.6278228759765625,-0.4311981201171875
1780625268664115200,49.908115234375,0.668792724609375,0.61505126953125,-0.44903564453125
1780625268674145300,49.918145263671875,0.6741180419921875,0.607879638671875,-0.459564208984375
1780625268684174300,49.92817431640625,0.673187255859375,0.6087646484375,-0.4627838134765625
1780625268694204400,49.93820434570313,0.666717529296875,0.622894287109375,-0.4542083740234375
1780625268704234200,49.948234130859376,0.656005859375,0.6356201171875,-0.4394378662109375
1780625268714263300,49.95826318359375,0.644500732421875,0.6398773193359375,-0.421142578125
1780625268724293000,49.96829321289062,0.6488037109375,0.63690185546875,-0.4131927490234375
1780625268734322400,49.978322509765626,0.6580657958984375,0.6346893310546875,-0.41973876953125
1780625268744352300,49.988352294921874,0.6570587158203125,0.6396026611328125,-0.4270172119140625
1780625268754381000,49.99838110351563,0.6447906494140625,0.642669677734375,-0.4294281005859375
1780625268764411100,50.0084111328125,0.634368896484375,0.635009765625,-0.42059326171875
1780625268774440200,50.01844018554687,0.629058837890625,0.6243438720703125,-0.402984619140625
1780625268784470300,50.02847021484375,0.620849609375,0.62005615234375,-0.3968048095703125
1780625268794499300,50.038499267578125,0.6181793212890625,0.6197509765625,-0.3967742919921875
1780625268804529200,50.048529052734374,0.619659423828125,0.6221771240234375,-0.40228271484375
1780625268814558200,50.05855810546875,0.6281585693359375,0.6414947509765625,-0.41107177734375
1780625268824588300,50.06858837890625,0.6357421875,0.6522369384765625,-0.416473388671875
1780625268834617300,50.07861743164062,0.629974365234375,0.647918701171875,-0.410980224609375
1780625268844647200,50.08864721679687,0.621978759765625,0.647674560546875,-0.39971923828125
1780625268854677200,50.09867724609375,0.6232147216796875,0.6436614990234375,-0.392974853515625
1780625268864706300,50.108706298828125,0.628326416015625,0.6406402587890625,-0.3880767822265625
1780625268874736400,50.118736328125,0.6233367919921875,0.6444091796875,-0.38348388671875
1780625268884765400,50.12876538085938,0.617645263671875,0.6540374755859375,-0.379974365234375
1780625268894795300,50.138795166015626,0.62017822265625,0.6670684814453125,-0.378387451171875
1780625268904824300,50.14882421875,0.6262359619140625,0.675140380859375,-0.377288818359375
1780625268914854400,50.1588544921875,0.6386871337890625,0.6833038330078125,-0.37841796875
1780625268924883500,50.168883544921876,0.65594482421875,0.6832275390625,-0.3883819580078125
1780625268934913300,50.178913330078124,0.6705322265625,0.6728515625,-0.3980865478515625
1780625268944942300,50.1889423828125,0.6730194091796875,0.6479339599609375,-0.40625
1780625268954972200,50.19897216796875,0.6671905517578125,0.6304473876953125,-0.4027252197265625
1780625268965001500,50.20900146484375,0.66595458984375,0.62396240234375,-0.39959716796875
1780625268975031300,50.21903125,0.6736602783203125,0.620819091796875,-0.418701171875
1780625268985060000,50.22906005859375,0.682647705078125,0.6262054443359375,-0.43756103515625
1780625268995090200,50.239090087890624,0.6797943115234375,0.6277313232421875,-0.442352294921875
1780625269005120300,50.249120361328124,0.6712799072265625,0.6285552978515625,-0.4420166015625
1780625269015149300,50.2591494140625,0.6650543212890625,0.624847412109375,-0.4480438232421875
1780625269025179400,50.26917944335938,0.6612091064453125,0.609710693359375,-0.4476318359375
1780625269035208200,50.27920825195312,0.6624908447265625,0.595245361328125,-0.4408721923828125
1780625269045238300,50.28923828125,0.6582489013671875,0.5925445556640625,-0.42718505859375
1780625269055267300,50.299267333984375,0.645355224609375,0.61181640625,-0.4110870361328125
1780625269065297400,50.30929736328125,0.615203857421875,0.6308746337890625,-0.397796630859375
1780625269075326200,50.319326171875,0.582855224609375,0.63153076171875,-0.3859710693359375
1780625269085356300,50.329356201171876,0.5869598388671875,0.6231689453125,-0.378204345703125
1780625269095385300,50.33938525390625,0.620269775390625,0.6224212646484375,-0.3831024169921875
1780625269105415400,50.34941552734375,0.636322021484375,0.6292877197265625,-0.3885955810546875
1780625269115444200,50.3594443359375,0.62506103515625,0.642425537109375,-0.399383544921875
1780625269125474300,50.369474365234375,0.6128997802734375,0.6611328125,-0.405242919921875
1780625269135503400,50.37950341796875,0.6085662841796875,0.6820831298828125,-0.407867431640625
1780625269145533400,50.38953344726563,0.61083984375,0.6889801025390625,-0.4027252197265625
1780625269155563300,50.399563232421876,0.617156982421875,0.681884765625,-0.3989715576171875
1780625269165592300,50.40959228515625,0.6245269775390625,0.67523193359375,-0.39581298828125
1780625269175622100,50.4196220703125,0.628082275390625,0.667266845703125,-0.39312744140625
1780625269185651200,50.429651123046874,0.630126953125,0.662872314453125,-0.3892669677734375
1780625269195681300,50.439681396484374,0.6326141357421875,0.6586761474609375,-0.3877716064453125
1780625269205710000,50.4497099609375,0.638031005859375,0.657684326171875,-0.3848876953125
1780625269215740200,50.459740234375,0.6412811279296875,0.6556243896484375,-0.3881378173828125
1780625269225769200,50.46976928710937,0.644927978515625,0.6555023193359375,-0.396331787109375
1780625269235799300,50.47979931640625,0.65631103515625,0.6527099609375,-0.402496337890625
1780625269245828400,50.489828369140625,0.6659088134765625,0.64697265625,-0.4089813232421875
1780625269255858200,50.499858154296874,0.67840576171875,0.6391448974609375,-0.413421630859375
1780625269265887200,50.50988720703125,0.6853485107421875,0.632171630859375,-0.4144134521484375
1780625269275917300,50.519917236328126,0.6809844970703125,0.632049560546875,-0.4130096435546875
1780625269285946400,50.5299462890625,0.6683349609375,0.6353302001953125,-0.41162109375
1780625269295976400,50.5399765625,0.6548004150390625,0.6347198486328125,-0.4118804931640625
1780625269306005200,50.550005126953124,0.64337158203125,0.6274871826171875,-0.409423828125
1780625269316035300,50.560035400390625,0.64013671875,0.6133575439453125,-0.4101104736328125
1780625269326065400,50.5700654296875,0.6479034423828125,0.6016387939453125,-0.4144439697265625
1780625269336094500,50.58009448242188,0.6591033935546875,0.59185791015625,-0.4185943603515625
1780625269346124300,50.590124267578126,0.6637725830078125,0.5909576416015625,-0.4232177734375
1780625269356153300,50.6001533203125,0.6604766845703125,0.59771728515625,-0.424285888671875
1780625269366183200,50.61018310546875,0.656646728515625,0.6103363037109375,-0.4249420166015625
1780625269376212500,50.62021240234375,0.6605987548828125,0.6183624267578125,-0.425506591796875
1780625269386242300,50.6302421875,0.66815185546875,0.619659423828125,-0.4280242919921875
1780625269396271400,50.64027124023438,0.665557861328125,0.6169586181640625,-0.42608642578125
1780625269406301400,50.65030151367188,0.665435791015625,0.6187896728515625,-0.419281005859375
1780625269416330200,50.66033032226562,0.66448974609375,0.6221466064453125,-0.4152679443359375
1780625269426360300,50.6703603515625,0.6631622314453125,0.6332244873046875,-0.4143829345703125
1780625269436389400,50.680389404296875,0.646759033203125,0.64093017578125,-0.414520263671875
1780625269446419500,50.69041943359375,0.633819580078125,0.6457061767578125,-0.410980224609375
1780625269456448500,50.70044848632813,0.63055419921875,0.641632080078125,-0.406768798828125
1780625269466478300,50.71047827148438,0.64080810546875,0.6396331787109375,-0.397308349609375
1780625269476508400,50.72050830078125,0.646270751953125,0.6436614990234375,-0.3891143798828125
1780625269486537500,50.73053735351562,0.6370697021484375,0.6507415771484375,-0.3887481689453125
1780625269496567600,50.74056762695312,0.6384429931640625,0.6546478271484375,-0.3914794921875
1780625269506596600,50.7505966796875,0.6456146240234375,0.651397705078125,-0.3918914794921875
1780625269516626400,50.76062646484375,0.65252685546875,0.64239501953125,-0.3997039794921875
1780625269526655500,50.77065551757813,0.65557861328125,0.632965087890625,-0.413665771484375
1780625269536685600,50.780685546875,0.65716552734375,0.6260833740234375,-0.4302215576171875
1780625269546714600,50.79071459960937,0.6568450927734375,0.6150970458984375,-0.4460906982421875
1780625269556744400,50.80074438476562,0.653472900390625,0.6085052490234375,-0.44134521484375
1780625269566773500,50.8107734375,0.6530609130859375,0.6076202392578125,-0.428741455078125
1780625269576803300,50.82080322265625,0.65277099609375,0.600616455078125,-0.4217376708984375
1780625269586832600,50.83083251953125,0.6550750732421875,0.6002044677734375,-0.415130615234375
1780625269596862500,50.84086254882813,0.65362548828125,0.6020965576171875,-0.412872314453125
1780625269606891500,50.8508916015625,0.6485595703125,0.6057281494140625,-0.414093017578125
1780625269616921300,50.86092138671875,0.651702880859375,0.60955810546875,-0.4188079833984375
1780625269626951400,50.87095141601562,0.66107177734375,0.613494873046875,-0.4238128662109375
1780625269636980500,50.88098046875,0.674407958984375,0.61505126953125,-0.4224090576171875
1780625269647010600,50.891010498046874,0.676177978515625,0.61932373046875,-0.424896240234375
1780625269657039400,50.90103930664063,0.6712799072265625,0.6233978271484375,-0.4348602294921875
1780625269667069400,50.9110693359375,0.6678619384765625,0.616363525390625,-0.4298095703125
1780625269677098500,50.92109838867187,0.6681365966796875,0.6126861572265625,-0.4232330322265625
1780625269687128600,50.93112866210937,0.662322998046875,0.610260009765625,-0.415557861328125
1780625269697157400,50.941157470703125,0.6640167236328125,0.606597900390625,-0.4111785888671875
1780625269707187500,50.9511875,0.6692047119140625,0.6080169677734375,-0.4130096435546875
1780625269717216500,50.96121655273438,0.6688690185546875,0.614715576171875,-0.41400146484375
1780625269727246600,50.97124658203125,0.66680908203125,0.622344970703125,-0.4211883544921875
1780625269737275400,50.981275390625,0.6623077392578125,0.628265380859375,-0.4259033203125
1780625269747305500,50.99130541992187,0.656707763671875,0.628936767578125,-0.427520751953125
1780625269757334500,51.00133447265625,0.653167724609375,0.6243896484375,-0.4245758056640625
1780625269767364600,51.011364501953125,0.6562957763671875,0.61529541015625,-0.4193267822265625
1780625269777394400,51.02139453125,0.664337158203125,0.6088714599609375,-0.4151153564453125
1780625269787423500,51.03142358398438,0.6674957275390625,0.609222412109375,-0.4101104736328125
1780625269797453300,51.041453369140626,0.659942626953125,0.6116180419921875,-0.409637451171875
1780625269807482400,51.051482421875,0.6548004150390625,0.6138458251953125,-0.4091339111328125
1780625269817512400,51.06151245117187,0.6553192138671875,0.61614990234375,-0.412078857421875
1780625269827541200,51.071541259765624,0.66290283203125,0.618408203125,-0.4146575927734375
1780625269837571300,51.0815712890625,0.6666717529296875,0.6203460693359375,-0.4117584228515625
1780625269847600400,51.09160034179688,0.6639556884765625,0.617645263671875,-0.411590576171875
1780625269857630500,51.10163037109375,0.658966064453125,0.6187896728515625,-0.409942626953125
1780625269867659300,51.1116591796875,0.661407470703125,0.618896484375,-0.4012451171875
1780625269877689300,51.121689453125,0.660858154296875,0.613922119140625,-0.4038848876953125
1780625269887718400,51.131718505859375,0.6615447998046875,0.6149139404296875,-0.4137115478515625
1780625269897748500,51.14174853515625,0.6617279052734375,0.613311767578125,-0.42041015625
1780625269907777500,51.15177758789063,0.664459228515625,0.6110382080078125,-0.42535400390625
1780625269917807400,51.16180737304688,0.67034912109375,0.6171112060546875,-0.4291229248046875
1780625269927837400,51.17183740234375,0.67352294921875,0.614654541015625,-0.423919677734375
1780625269937866500,51.18186645507812,0.66815185546875,0.6097564697265625,-0.4156036376953125
1780625269947896600,51.191896484375,0.66680908203125,0.6067352294921875,-0.41314697265625
1780625269957925600,51.201925537109375,0.665924072265625,0.603759765625,-0.4120635986328125
1780625269967955500,51.21195556640625,0.6650848388671875,0.6046600341796875,-0.4095306396484375
1780625269977984500,51.22198461914063,0.6633453369140625,0.6084747314453125,-0.40911865234375
1780625269988014300,51.232014404296876,0.6655426025390625,0.6110992431640625,-0.4142913818359375
1780625269998043600,51.24204370117187,0.6687774658203125,0.61212158203125,-0.4181365966796875
1780625270008073500,51.25207348632812,0.66888427734375,0.6129608154296875,-0.41741943359375
1780625270018102500,51.2621025390625,0.66748046875,0.61175537109375,-0.41571044921875
1780625270028132400,51.27213232421875,0.6677093505859375,0.6093902587890625,-0.41815185546875
1780625270038161400,51.28216137695313,0.6683349609375,0.6087493896484375,-0.4228057861328125
1780625270048191500,51.29219140625,0.6670074462890625,0.6089324951171875,-0.4204864501953125
1780625270058220300,51.30222021484375,0.6640167236328125,0.608184814453125,-0.4197540283203125
1780625270068250400,51.31225048828125,0.6629486083984375,0.60546875,-0.418243408203125
1780625270078279400,51.322279541015625,0.6674652099609375,0.6062164306640625,-0.4169769287109375
1780625270088309500,51.3323095703125,0.6717071533203125,0.6081085205078125,-0.418304443359375
1780625270098339600,51.342339599609375,0.6673736572265625,0.61505126953125,-0.4221038818359375
1780625270108368400,51.35236840820313,0.6629180908203125,0.619384765625,-0.4217071533203125
1780625270118398500,51.3623984375,0.66192626953125,0.6235504150390625,-0.4229278564453125
1780625270128427500,51.37242749023437,0.660430908203125,0.6177215576171875,-0.4187164306640625
1780625270138457600,51.38245751953125,0.6616668701171875,0.61102294921875,-0.4158172607421875
1780625270148486400,51.392486328125,0.6641693115234375,0.609375,-0.413726806640625
1780625270158516500,51.4025166015625,0.6636505126953125,0.61029052734375,-0.4124908447265625
1780625270168545500,51.41254565429688,0.65911865234375,0.611572265625,-0.4126739501953125
1780625270178575600,51.42257568359375,0.6592254638671875,0.6134490966796875,-0.4135894775390625
1780625270188604400,51.4326044921875,0.6656646728515625,0.6165771484375,-0.4188385009765625
1780625270198634500,51.44263452148437,0.669921875,0.61865234375,-0.422637939453125
1780625270208663600,51.45266357421875,0.6629791259765625,0.6230010986328125,-0.422576904296875
1780625270218693400,51.462693359375,0.6617431640625,0.62945556640625,-0.4246978759765625
1780625270228722400,51.47272241210938,0.6607818603515625,0.6339111328125,-0.4186248779296875
1780625270238752300,51.482752197265626,0.6571044921875,0.627655029296875,-0.4088897705078125
1780625270248782300,51.4927822265625,0.658599853515625,0.6155242919921875,-0.409149169921875
1780625270258811400,51.50281127929688,0.6622314453125,0.6082305908203125,-0.411895751953125
1780625270268841500,51.51284155273437,0.6602935791015625,0.6049346923828125,-0.4154052734375
1780625270278870300,51.522870361328124,0.6634368896484375,0.608154296875,-0.4187469482421875
1780625270288900400,51.532900390625,0.666046142578125,0.6137847900390625,-0.4180145263671875
1780625270298929400,51.54292944335938,0.6597442626953125,0.6168212890625,-0.417205810546875
1780625270308959500,51.55295947265625,0.6531524658203125,0.62078857421875,-0.4181060791015625
1780625270318988500,51.56298852539062,0.65435791015625,0.62261962890625,-0.4164581298828125
1780625270329018400,51.57301831054688,0.6557464599609375,0.619781494140625,-0.4127197265625
1780625270339047400,51.58304736328125,0.65301513671875,0.61578369140625,-0.414306640625
1780625270349077500,51.593077392578124,0.655242919921875,0.615203857421875,-0.41510009765625
1780625270359106600,51.6031064453125,0.654266357421875,0.6173858642578125,-0.4194183349609375
1780625270369136400,51.61313647460938,0.653961181640625,0.61944580078125,-0.42041015625
1780625270379164700,51.62316455078125,0.6571807861328125,0.623565673828125,-0.423248291015625
1780625270389194800,51.63319482421875,0.6624755859375,0.62890625,-0.425628662109375
1780625270399224800,51.643224853515626,0.6601409912109375,0.6326141357421875,-0.42669677734375
1780625270409254000,51.65325390625,0.6526641845703125,0.6335906982421875,-0.4244384765625
1780625270419284000,51.66328393554687,0.6498870849609375,0.631988525390625,-0.420928955078125
1780625270429312800,51.673312744140624,0.64764404296875,0.628021240234375,-0.4196319580078125
1780625270439342800,51.6833427734375,0.6477508544921875,0.628143310546875,-0.418731689453125
1780625270449372000,51.69337182617188,0.6482696533203125,0.6275634765625,-0.417266845703125
1780625270459401700,51.703401611328125,0.6465301513671875,0.62933349609375,-0.41534423828125
1780625270469430800,51.7134306640625,0.6464080810546875,0.6306610107421875,-0.4150238037109375
1780625270479460600,51.72346069335938,0.6486053466796875,0.6316375732421875,-0.4153594970703125
1780625270489490000,51.733489990234375,0.64910888671875,0.632293701171875,-0.41558837890625
1780625270499519700,51.743519775390624,0.647125244140625,0.628875732421875,-0.415618896484375
1780625270509548500,51.753548583984376,0.6451416015625,0.62469482421875,-0.412628173828125
1780625270519578600,51.76357861328125,0.648834228515625,0.6241607666015625,-0.4084320068359375
1780625270529607700,51.77360766601562,0.648895263671875,0.6286468505859375,-0.4098968505859375
1780625270539637800,51.7836376953125,0.636962890625,0.6390380859375,-0.40966796875
1780625270549667800,51.79366772460938,0.6299896240234375,0.641845703125,-0.4085693359375
1780625270559696600,51.80369653320312,0.634765625,0.6365814208984375,-0.408416748046875
1780625270569726700,51.813726806640624,0.65057373046875,0.6349334716796875,-0.40966796875
1780625270579755800,51.823755859375,0.6553497314453125,0.6356964111328125,-0.416717529296875
1780625270589785900,51.833785888671876,0.6464080810546875,0.6423492431640625,-0.422821044921875
1780625270599815000,51.84381494140625,0.6431121826171875,0.6484222412109375,-0.420654296875
1780625270609844700,51.8538447265625,0.6412506103515625,0.6427001953125,-0.4130401611328125
1780625270619873800,51.863873779296874,0.6405181884765625,0.635162353515625,-0.4129180908203125
1780625270629904000,51.87390380859375,0.63946533203125,0.6313629150390625,-0.41552734375
1780625270639933000,51.88393286132813,0.641632080078125,0.6287078857421875,-0.417083740234375
1780625270649962800,51.893962646484376,0.6444244384765625,0.630462646484375,-0.42047119140625
1780625270659991800,51.90399169921875,0.6447296142578125,0.633209228515625,-0.4184722900390625
1780625270670022000,51.91402197265625,0.64093017578125,0.632049560546875,-0.4162139892578125
1780625270680051000,51.924051025390625,0.641265869140625,0.627960205078125,-0.416534423828125
1780625270690080800,51.934080810546874,0.6450042724609375,0.62701416015625,-0.419219970703125
1780625270700110600,51.94411059570312,0.6439208984375,0.62506103515625,-0.419097900390625
1780625270710139600,51.9541396484375,0.643524169921875,0.6264801025390625,-0.41748046875
1780625270720169700,51.964169677734375,0.6374053955078125,0.626983642578125,-0.417938232421875
1780625270730198800,51.97419873046875,0.6369476318359375,0.63031005859375,-0.420013427734375
1780625270740228900,51.98422875976563,0.645751953125,0.637603759765625,-0.4220123291015625
1780625270750257700,51.99425756835937,0.646636962890625,0.6414794921875,-0.42144775390625
1780625270760287700,52.004287841796874,0.6398468017578125,0.644805908203125,-0.418853759765625
1780625270770316800,52.01431689453125,0.6339263916015625,0.64654541015625,-0.41156005859375
1780625270780347000,52.024346923828126,0.6366119384765625,0.645050048828125,-0.407562255859375
1780625270790375700,52.03437573242188,0.638580322265625,0.64154052734375,-0.4050750732421875
1780625270800405800,52.04440576171875,0.6359405517578125,0.6361083984375,-0.401611328125
1780625270810434800,52.054434814453124,0.63690185546875,0.63189697265625,-0.4035797119140625
1780625270820465000,52.06446484375,0.6438446044921875,0.6301727294921875,-0.4044647216796875
1780625270830493700,52.07449365234375,0.647674560546875,0.6353759765625,-0.408111572265625
1780625270840523800,52.084523681640626,0.6521148681640625,0.641632080078125,-0.4133453369140625
1780625270850553900,52.094553955078126,0.651458740234375,0.6490631103515625,-0.4156036376953125
1780625270860583000,52.1045830078125,0.64202880859375,0.650299072265625,-0.418975830078125
1780625270870612700,52.11461279296875,0.6386871337890625,0.645843505859375,-0.4185028076171875
1780625270880641800,52.124641845703124,0.641693115234375,0.6339569091796875,-0.4169921875
1780625270890671600,52.13467163085937,0.645843505859375,0.6254425048828125,-0.414886474609375
1780625270900701000,52.14470092773438,0.641143798828125,0.6290740966796875,-0.4150390625
1780625270910730800,52.154730712890625,0.62518310546875,0.635101318359375,-0.4156036376953125
1780625270920759600,52.16475952148438,0.628204345703125,0.63153076171875,-0.413665771484375
1780625270930789600,52.17478955078125,0.649871826171875,0.628387451171875,-0.4117431640625
1780625270940818700,52.18481860351562,0.6615753173828125,0.6342315673828125,-0.413970947265625
1780625270950848800,52.194848876953124,0.6537628173828125,0.6442413330078125,-0.418548583984375
1780625270960877800,52.2048779296875,0.6426849365234375,0.6531829833984375,-0.4188385009765625
1780625270970907600,52.21490771484375,0.63916015625,0.657958984375,-0.415863037109375
1780625270980936700,52.22493676757812,0.63873291015625,0.6463623046875,-0.4077301025390625
1780625270990966800,52.234966796875,0.6381072998046875,0.635009765625,-0.4114990234375
1780625271000996900,52.24499682617188,0.636322021484375,0.631500244140625,-0.41583251953125
1780625271011025700,52.25502563476562,0.63507080078125,0.6269989013671875,-0.4221343994140625
1780625271021055700,52.2650556640625,0.6395721435546875,0.6268310546875,-0.426971435546875
1780625271031084800,52.275084716796876,0.641387939453125,0.631591796875,-0.4270782470703125
1780625271041115000,52.285114990234376,0.636962890625,0.6357879638671875,-0.424896240234375
1780625271051144000,52.29514404296875,0.633941650390625,0.63970947265625,-0.4222564697265625
1780625271061173800,52.305173828125,0.6345062255859375,0.6432037353515625,-0.4200592041015625
1780625271071202800,52.315202880859374,0.6336822509765625,0.6421661376953125,-0.419464111328125
1780625271081233000,52.32523291015625,0.633331298828125,0.641265869140625,-0.421234130859375
1780625271091262000,52.33526196289063,0.63177490234375,0.6382293701171875,-0.42138671875
1780625271101291800,52.345291748046876,0.6330413818359375,0.637420654296875,-0.419189453125
1780625271111320800,52.35532080078125,0.641021728515625,0.634674072265625,-0.4195098876953125
1780625271121350700,52.3653505859375,0.647674560546875,0.63629150390625,-0.4219818115234375
1780625271131380000,52.3753798828125,0.648895263671875,0.6372833251953125,-0.4233245849609375
1780625271141409800,52.385409912109374,0.64654541015625,0.639801025390625,-0.417938232421875
1780625271151439600,52.39543969726562,0.646392822265625,0.639739990234375,-0.4135284423828125
1780625271161468700,52.40546875,0.6458282470703125,0.6369476318359375,-0.412445068359375
1780625271171498800,52.415498779296875,0.644439697265625,0.6332244873046875,-0.41290283203125
1780625271181527800,52.42552783203125,0.6433563232421875,0.63165283203125,-0.4123687744140625
1780625271191558000,52.43555786132813,0.6435546875,0.628387451171875,-0.4135894775390625
1780625271201586700,52.44558666992187,0.6414031982421875,0.6251983642578125,-0.41607666015625
1780625271211616800,52.45561669921875,0.6466217041015625,0.6263580322265625,-0.4178619384765625
1780625271221645800,52.465645751953126,0.6491546630859375,0.6300048828125,-0.4198760986328125
1780625271231676000,52.47567602539063,0.647186279296875,0.6309356689453125,-0.4192962646484375
1780625271241704700,52.48570458984375,0.6465911865234375,0.6304168701171875,-0.4180450439453125
1780625271251734800,52.49573486328125,0.6511077880859375,0.628570556640625,-0.4180450439453125
1780625271261763800,52.505763916015624,0.6544647216796875,0.6277313232421875,-0.4209442138671875
1780625271271794000,52.5157939453125,0.6468048095703125,0.6318359375,-0.422088623046875
1780625271281822700,52.52582275390625,0.636749267578125,0.6358184814453125,-0.42095947265625
1780625271291852800,52.535852783203126,0.641326904296875,0.6325225830078125,-0.414825439453125
1780625271301882600,52.545882568359374,0.646453857421875,0.6294708251953125,-0.41241455078125
1780625271311912000,52.55591186523438,0.6537322998046875,0.6315155029296875,-0.413909912109375
1780625271321941800,52.56594165039063,0.6527252197265625,0.6346435546875,-0.4166412353515625
1780625271331970800,52.575970703125,0.6431121826171875,0.6366729736328125,-0.4160308837890625
1780625271342000600,52.58600073242187,0.639617919921875,0.63946533203125,-0.4073333740234375
1780625271352029700,52.59602978515625,0.6386566162109375,0.6334686279296875,-0.406768798828125
1780625271362059800,52.606059814453126,0.635528564453125,0.6305694580078125,-0.4069976806640625
1780625271372089000,52.61608911132812,0.633544921875,0.628387451171875,-0.40643310546875
1780625271382119200,52.626119140625,0.6389312744140625,0.6279296875,-0.4088134765625
1780625271392148000,52.63614794921875,0.645263671875,0.6305694580078125,-0.411285400390625
1780625271402178000,52.646177978515624,0.648895263671875,0.6324920654296875,-0.4112396240234375
1780625271412207000,52.65620703125,0.650726318359375,0.6333160400390625,-0.41192626953125
1780625271422237200,52.6662373046875,0.6520843505859375,0.6288604736328125,-0.4148712158203125
1780625271432266000,52.67626586914062,0.656402587890625,0.625457763671875,-0.41949462890625
1780625271442296000,52.68629614257812,0.65435791015625,0.6240692138671875,-0.42376708984375
1780625271452326100,52.696326171875,0.65289306640625,0.621002197265625,-0.4232025146484375
1780625271462355200,52.706355224609375,0.6559295654296875,0.6228790283203125,-0.4222869873046875
1780625271472385300,52.71638525390625,0.6581878662109375,0.62603759765625,-0.423492431640625
1780625271482414000,52.7264140625,0.6561279296875,0.62786865234375,-0.4244537353515625
1780625271492444200,52.736444091796876,0.655120849609375,0.6264190673828125,-0.4258270263671875
1780625271502473200,52.74647314453125,0.6551971435546875,0.622100830078125,-0.4265594482421875
1780625271512503000,52.7565029296875,0.6559600830078125,0.618255615234375,-0.423736572265625
1780625271522532000,52.766531982421874,0.6568603515625,0.6175994873046875,-0.42218017578125
1780625271532562000,52.77656201171875,0.65789794921875,0.6196136474609375,-0.4236297607421875
1780625271542591000,52.78659106445313,0.6555023193359375,0.621307373046875,-0.42425537109375
1780625271552621000,52.79662109375,0.65289306640625,0.6213531494140625,-0.4258270263671875
1780625271562649900,52.80664990234375,0.651123046875,0.6219940185546875,-0.425750732421875
1780625271572680000,52.81667993164063,0.650970458984375,0.61944580078125,-0.4257354736328125
1780625271582709000,52.826708984375,0.646942138671875,0.6200714111328125,-0.4232635498046875
1780625271592739000,52.836739013671874,0.642120361328125,0.6217498779296875,-0.41876220703125
1780625271602769200,52.84676904296875,0.645721435546875,0.6227874755859375,-0.412750244140625
1780625271612798000,52.8567978515625,0.648193359375,0.625885009765625,-0.40869140625
1780625271622828000,52.866828125,0.6511993408203125,0.629364013671875,-0.406524658203125
1780625271632857000,52.87685717773437,0.6527252197265625,0.6339111328125,-0.4091949462890625
1780625271642887200,52.88688720703125,0.6465606689453125,0.63848876953125,-0.4109649658203125
1780625271652916200,52.896916259765625,0.64007568359375,0.6414031982421875,-0.41265869140625
1780625271662946000,52.906946044921874,0.644073486328125,0.637542724609375,-0.4110107421875
1780625271672975000,52.91697509765625,0.6488189697265625,0.63446044921875,-0.4101104736328125
1780625271683005200,52.92700512695313,0.6512298583984375,0.6354827880859375,-0.4216461181640625
1780625271693034200,52.9370341796875,0.6520843505859375,0.6309661865234375,-0.41949462890625
1780625271703064000,52.94706396484375,0.6514892578125,0.63128662109375,-0.4116973876953125
1780625271713093000,52.957093017578124,0.648590087890625,0.627716064453125,-0.4029693603515625
1780625271723123200,52.967123291015625,0.6492462158203125,0.6177215576171875,-0.4075775146484375
1780625271733152300,52.97715234375,0.6541748046875,0.6132354736328125,-0.414306640625
1780625271743182000,52.98718212890625,0.657623291015625,0.6076812744140625,-0.4165191650390625
1780625271753212000,52.9972119140625,0.6599273681640625,0.610443115234375,-0.4172515869140625
1780625271763241000,53.00724096679688,0.66485595703125,0.6227874755859375,-0.4299774169921875
1780625271773271000,53.01727099609375,0.6613006591796875,0.621612548828125,-0.4234466552734375
1780625271783300000,53.027300048828124,0.65887451171875,0.6214752197265625,-0.4173583984375
1780625271793330200,53.037330078125,0.6569976806640625,0.6202239990234375,-0.419708251953125
1780625271803359000,53.04735888671875,0.657989501953125,0.6156768798828125,-0.4235076904296875
1780625271813389000,53.05738916015625,0.655242919921875,0.6145782470703125,-0.4222259521484375
1780625271823418000,53.06741821289062,0.654327392578125,0.6143951416015625,-0.421478271484375
1780625271833448200,53.0774482421875,0.6563873291015625,0.6173248291015625,-0.4199066162109375
1780625271843477000,53.08747705078125,0.65716552734375,0.6206817626953125,-0.4202117919921875
1780625271853507000,53.097507080078124,0.655059814453125,0.6177825927734375,-0.4188079833984375
1780625271863536000,53.1075361328125,0.6547088623046875,0.6154327392578125,-0.4202728271484375
1780625271873566200,53.11756616210938,0.6571044921875,0.6161041259765625,-0.422332763671875
1780625271883595000,53.12759497070312,0.65203857421875,0.61627197265625,-0.4235382080078125
1780625271893625000,53.137625,0.651611328125,0.6204376220703125,-0.420440673828125
1780625271903655200,53.1476552734375,0.6541595458984375,0.6235809326171875,-0.416778564453125
1780625271913684200,53.157684326171875,0.65655517578125,0.6234588623046875,-0.4185638427734375
1780625271923714000,53.167714111328124,0.658233642578125,0.6219940185546875,-0.420501708984375
1780625271933743000,53.1777431640625,0.6580047607421875,0.6239013671875,-0.422271728515625
1780625271943773000,53.18777294921875,0.658782958984375,0.625518798828125,-0.422088623046875
1780625271953802000,53.19780200195312,0.6566314697265625,0.626556396484375,-0.42315673828125
1780625271963832000,53.20783203125,0.6519012451171875,0.6274261474609375,-0.4245147705078125
1780625271973860900,53.21786083984375,0.6561431884765625,0.6235809326171875,-0.42449951171875
1780625271983891000,53.22789086914062,0.6565399169921875,0.61871337890625,-0.4225006103515625
1780625271993920000,53.237919921875,0.6604766845703125,0.614898681640625,-0.4234161376953125
1780625272003950000,53.2479501953125,0.6590728759765625,0.6151885986328125,-0.4213714599609375
1780625272013979000,53.25797875976563,0.6498565673828125,0.6188201904296875,-0.4188385009765625
1780625272024009000,53.26800903320313,0.6455535888671875,0.6229400634765625,-0.4171295166015625
1780625272034038000,53.2780380859375,0.649017333984375,0.62347412109375,-0.415313720703125
1780625272044068000,53.288068115234374,0.6534271240234375,0.6227569580078125,-0.4169158935546875
1780625272054098200,53.29809814453125,0.6574249267578125,0.6257171630859375,-0.4196929931640625
1780625272064127000,53.308126953125,0.6574249267578125,0.6298065185546875,-0.4225616455078125
1780625272074157000,53.318156982421876,0.655853271484375,0.633697509765625,-0.4233245849609375
1780625272084186000,53.32818603515625,0.654510498046875,0.62774658203125,-0.4234466552734375
1780625272094216200,53.33821630859375,0.6498260498046875,0.61871337890625,-0.4261932373046875
1780625272104245200,53.348245361328125,0.648162841796875,0.6138458251953125,-0.4273681640625
1780625272114275000,53.358275146484374,0.6504669189453125,0.615447998046875,-0.42584228515625
1780625272124304100,53.36830419921875,0.651397705078125,0.6203765869140625,-0.4228515625
1780625272134334200,53.37833422851563,0.654296875,0.626434326171875,-0.4199066162109375
1780625272144363300,53.38836328125,0.6552276611328125,0.6271820068359375,-0.4157867431640625
1780625272154392800,53.39839282226563,0.6530609130859375,0.62811279296875,-0.416595458984375
1780625272164422100,53.408422119140624,0.65130615234375,0.624725341796875,-0.416656494140625
1780625272174452000,53.41845190429687,0.651641845703125,0.623077392578125,-0.41351318359375
1780625272184482000,53.42848193359375,0.6498870849609375,0.62359619140625,-0.4143524169921875
1780625272194511000,53.438510986328126,0.647674560546875,0.6249237060546875,-0.41473388671875
1780625272204541000,53.448541015625,0.6448516845703125,0.6293487548828125,-0.419647216796875
1780625272214570000,53.45857006835938,0.6448822021484375,0.632476806640625,-0.420745849609375
1780625272224600000,53.46860009765625,0.644744873046875,0.6369476318359375,-0.4225921630859375
1780625272234629000,53.478629150390624,0.6413421630859375,0.6378173828125,-0.4195556640625
1780625272244659200,53.4886591796875,0.639739990234375,0.6380462646484375,-0.4186553955078125
1780625272254688000,53.49868798828125,0.6430511474609375,0.6412506103515625,-0.417572021484375
1780625272264718000,53.508718017578126,0.64501953125,0.6416168212890625,-0.416595458984375
1780625272274747100,53.5187470703125,0.6442108154296875,0.6364593505859375,-0.417236328125
1780625272284777200,53.52877709960938,0.6406707763671875,0.6314544677734375,-0.4178924560546875
1780625272294806000,53.53880590820312,0.640960693359375,0.62774658203125,-0.4175567626953125
1780625272304836000,53.548836181640624,0.638580322265625,0.6290740966796875,-0.4194793701171875
1780625272314865200,53.558865234375,0.6386566162109375,0.6314239501953125,-0.41949462890625
1780625272324895200,53.56889526367188,0.6410980224609375,0.6337890625,-0.4208526611328125
1780625272334925000,53.578925048828125,0.640380859375,0.6370849609375,-0.420379638671875
1780625272344954000,53.5889541015625,0.6385955810546875,0.637908935546875,-0.41876220703125
1780625272354984000,53.59898388671875,0.6421356201171875,0.63623046875,-0.4174957275390625
1780625272365013200,53.60901318359375,0.6483154296875,0.6376800537109375,-0.4158935546875
1780625272375043300,53.619043212890624,0.6537628173828125,0.6386566162109375,-0.41357421875
1780625272385072400,53.629072265625,0.647735595703125,0.6468505859375,-0.4119720458984375
1780625272395102500,53.6391025390625,0.6295928955078125,0.651397705078125,-0.409881591796875
1780625272405131300,53.64913134765625,0.6171722412109375,0.6454620361328125,-0.4083404541015625
1780625272415161300,53.65916137695312,0.62591552734375,0.6357574462890625,-0.4062652587890625
1780625272425190400,53.6691904296875,0.6428375244140625,0.6338958740234375,-0.4147796630859375
1780625272435220500,53.679220458984375,0.6436920166015625,0.640167236328125,-0.41961669921875
1780625272445249500,53.68924951171875,0.638824462890625,0.64862060546875,-0.4203033447265625
1780625272455279400,53.699279296875,0.6414031982421875,0.648529052734375,-0.4166717529296875
1780625272465308400,53.70930834960937,0.6425018310546875,0.642822265625,-0.414520263671875
1780625272475338500,53.71933837890625,0.6367034912109375,0.642730712890625,-0.413909912109375
1780625272485368600,53.72936865234375,0.632476806640625,0.641448974609375,-0.4108428955078125
1780625272495397600,53.739397705078126,0.6395721435546875,0.6406707763671875,-0.4126434326171875
1780625272505427500,53.749427490234375,0.644989013671875,0.6411285400390625,-0.4134521484375
1780625272515456500,53.75945654296875,0.6443634033203125,0.6427154541015625,-0.4117584228515625
1780625272525486600,53.76948657226563,0.642303466796875,0.6394500732421875,-0.4084320068359375
1780625272535515600,53.779515625,0.6400909423828125,0.63909912109375,-0.410430908203125
1780625272545545200,53.78954516601563,0.635223388671875,0.6451416015625,-0.413726806640625
1780625272555574500,53.799574462890625,0.63018798828125,0.6509857177734375,-0.415313720703125
1780625272565604400,53.809604248046874,0.6272735595703125,0.657440185546875,-0.4199371337890625
1780625272575633400,53.81963330078125,0.6327667236328125,0.6616058349609375,-0.4254302978515625
1780625272585663500,53.82966357421875,0.644256591796875,0.6664886474609375,-0.4313507080078125
1780625272595692300,53.8396923828125,0.6544189453125,0.6707000732421875,-0.4311065673828125
1780625272605722400,53.84972241210937,0.655517578125,0.6709442138671875,-0.428680419921875
1780625272615751400,53.85975146484375,0.6544036865234375,0.6657257080078125,-0.423797607421875
1780625272625781500,53.869781494140625,0.6566009521484375,0.6676788330078125,-0.421966552734375
1780625272635811600,53.8798115234375,0.65472412109375,0.668121337890625,-0.4256744384765625
1780625272645840400,53.88984033203125,0.648406982421875,0.658416748046875,-0.435516357421875
1780625272655870500,53.89987036132813,0.6363372802734375,0.645172119140625,-0.447479248046875
1780625272665899500,53.9098994140625,0.6317291259765625,0.63720703125,-0.449005126953125
1780625272675929600,53.9199296875,0.646392822265625,0.6322479248046875,-0.4402618408203125
1780625272685958400,53.92995849609375,0.6590576171875,0.618133544921875,-0.4298248291015625
1780625272695988500,53.939988525390625,0.6556854248046875,0.6044158935546875,-0.426177978515625
1780625272706017500,53.950017578125,0.6412811279296875,0.594879150390625,-0.4232940673828125
1780625272716047600,53.96004760742188,0.636749267578125,0.596435546875,-0.4203948974609375
1780625272726076400,53.97007641601562,0.65606689453125,0.615814208984375,-0.4241943359375
1780625272736106500,53.9801064453125,0.6747589111328125,0.6376495361328125,-0.433441162109375
1780625272746135600,53.990135498046875,0.68798828125,0.6553497314453125,-0.448944091796875
1780625272756165600,54.00016552734375,0.6839447021484375,0.6776123046875,-0.45452880859375
1780625272766194400,54.0101943359375,0.6563873291015625,0.71392822265625,-0.4485015869140625
1780625272776224300,54.02022436523438,0.6307830810546875,0.7450714111328125,-0.43756103515625
1780625272786254300,54.03025439453125,0.6272125244140625,0.725433349609375,-0.4149932861328125
1780625272796283400,54.04028344726562,0.6490020751953125,0.66851806640625,-0.391204833984375
1780625272806313500,54.0503134765625,0.6793060302734375,0.6036834716796875,-0.388458251953125
1780625272816342300,54.06034228515625,0.68994140625,0.597930908203125,-0.3635711669921875
1780625272826372400,54.070372314453124,0.6619415283203125,0.6195526123046875,-0.3757476806640625
1780625272836401400,54.0804013671875,0.6186065673828125,0.649566650390625,-0.4108428955078125
1780625272846431500,54.09043139648438,0.5998382568359375,0.701995849609375,-0.4335784912109375
1780625272856460300,54.10046020507812,0.599639892578125,0.73663330078125,-0.46221923828125
1780625272866490400,54.11049047851562,0.6036376953125,0.7392730712890625,-0.477386474609375
1780625272876519400,54.12051953125,0.623870849609375,0.7236175537109375,-0.4801788330078125
1780625272886549500,54.130549560546875,0.65301513671875,0.681793212890625,-0.4847869873046875
1780625272896578600,54.14057861328125,0.6744842529296875,0.64849853515625,-0.49029541015625
1780625272906608400,54.1506083984375,0.6763458251953125,0.6350860595703125,-0.48956298828125
1780625272916638500,54.160638427734376,0.6640625,0.63543701171875,-0.4797515869140625
1780625272926667500,54.17066748046875,0.655029296875,0.623199462890625,-0.4876556396484375
1780625272936697600,54.18069750976562,0.659088134765625,0.63470458984375,-0.4991455078125
1780625272946726700,54.1907265625,0.6497650146484375,0.6719818115234375,-0.5176239013671875
1780625272956756500,54.200756591796875,0.6215362548828125,0.68377685546875,-0.558837890625
1780625272966785500,54.21078564453125,0.63787841796875,0.7111358642578125,-0.5828857421875
1780625272976815400,54.2208154296875,0.6405029296875,0.7301177978515625,-0.5636138916015625
1780625272986844400,54.23084448242187,0.621795654296875,0.7120208740234375,-0.5254669189453125
1780625272996874200,54.24087426757813,0.6303863525390625,0.6297607421875,-0.4709320068359375
1780625273006903300,54.2509033203125,0.6322784423828125,0.5172882080078125,-0.4200897216796875
1780625273016933400,54.260933349609374,0.6075286865234375,0.4791412353515625,-0.3983612060546875
1780625273026962400,54.27096240234375,0.5676422119140625,0.542327880859375,-0.4199371337890625
1780625273036992500,54.28099243164063,0.4834442138671875,0.616119384765625,-0.432220458984375
1780625273047021300,54.29102124023437,0.3927001953125,0.68157958984375,-0.4153289794921875
1780625273057051400,54.30105151367187,0.364593505859375,0.6408843994140625,-0.4173431396484375
1780625273067081500,54.31108154296875,0.4111328125,0.5492095947265625,-0.43035888671875
1780625273077110500,54.321110595703125,0.53057861328125,0.6152496337890625,-0.3943634033203125
1780625273087140600,54.331140625,0.5937957763671875,0.7758941650390625,-0.2856292724609375
1780625273097169400,54.34116943359375,0.57794189453125,0.7775726318359375,-0.2488555908203125
1780625273107199500,54.35119946289063,0.5089111328125,0.783966064453125,-0.25592041015625
1780625273117228500,54.361228515625,0.335235595703125,0.8632659912109375,-0.2701263427734375
1780625273127258600,54.37125854492187,0.1659393310546875,0.997406005859375,-0.2494964599609375
1780625273137287400,54.381287353515624,0.1548919677734375,1.0357513427734375,-0.1680908203125
1780625273147317500,54.3913173828125,0.371734619140625,0.940032958984375,-0.121856689453125
1780625273157346600,54.4013466796875,0.523223876953125,0.859222412109375,-0.1274566650390625
1780625273167376600,54.41137670898438,0.4641876220703125,0.7949371337890625,-0.1935272216796875
1780625273177405400,54.42140551757812,0.3636627197265625,0.7249298095703125,-0.27801513671875
1780625273187435300,54.43143530273438,0.317657470703125,0.7140960693359375,-0.310272216796875
1780625273197464600,54.441464599609375,0.318878173828125,0.741973876953125,-0.2975921630859375
1780625273207494400,54.451494384765624,0.31182861328125,0.740631103515625,-0.2801971435546875
1780625273217524500,54.4615244140625,0.306732177734375,0.73028564453125,-0.254180908203125
1780625273227553300,54.47155322265625,0.3076324462890625,0.7342376708984375,-0.2299041748046875
1780625273237583400,54.481583251953126,0.3073272705078125,0.7531280517578125,-0.20721435546875
1780625273247612400,54.4916123046875,0.2966461181640625,0.7787628173828125,-0.204742431640625
1780625273257642500,54.501642578125,0.2840728759765625,0.8026123046875,-0.21185302734375
1780625273267671300,54.51167138671875,0.292816162109375,0.8156890869140625,-0.2132110595703125
1780625273277701400,54.521701416015624,0.325286865234375,0.8231353759765625,-0.2244873046875
1780625273287730400,54.53173046875,0.3839569091796875,0.8346099853515625,-0.22802734375
1780625273297760500,54.54176049804688,0.45538330078125,0.8362274169921875,-0.241424560546875
1780625273307789600,54.55178955078125,0.5167083740234375,0.8358001708984375,-0.27313232421875
1780625273317819400,54.5618193359375,0.5626678466796875,0.8310089111328125,-0.3087615966796875
1780625273327848400,54.571848388671874,0.5884246826171875,0.845489501953125,-0.3600616455078125
1780625273337878500,54.58187841796875,0.574188232421875,0.8806610107421875,-0.403564453125
1780625273347908600,54.59190869140625,0.5020751953125,0.92022705078125,-0.4027099609375
1780625273357937400,54.6019375,0.4440155029296875,0.9503021240234375,-0.36761474609375
1780625273367967500,54.61196752929688,0.4205322265625,0.972381591796875,-0.32525634765625
1780625273377996000,54.62199609375,0.3927764892578125,0.9857177734375,-0.2816009521484375
1780625273388026000,54.63202612304688,0.376678466796875,0.97540283203125,-0.2335662841796875
1780625273398055000,54.64205493164062,0.395263671875,0.931060791015625,-0.2039947509765625
1780625273408085000,54.6520849609375,0.442657470703125,0.87042236328125,-0.1904144287109375
1780625273418114000,54.662114013671875,0.4696807861328125,0.8331146240234375,-0.189727783203125
1780625273428143900,54.672143798828124,0.48651123046875,0.8057861328125,-0.226776123046875
1780625273438173000,54.6821728515625,0.513519287109375,0.756866455078125,-0.2782440185546875
1780625273448202800,54.69220263671875,0.5010223388671875,0.6734161376953125,-0.3377227783203125
1780625273458231800,54.70223168945312,0.3896026611328125,0.623138427734375,-0.3510589599609375
1780625273468262000,54.71226196289062,0.2925567626953125,0.6080322265625,-0.318328857421875
1780625273478291000,54.722291015625,0.3375701904296875,0.571014404296875,-0.303497314453125
1780625273488321000,54.732321044921875,0.4002685546875,0.5319366455078125,-0.3083343505859375
1780625273498350800,54.742350830078124,0.377471923828125,0.55450439453125,-0.282470703125
1780625273508380000,54.7523798828125,0.3757476806640625,0.565399169921875,-0.2769622802734375
1780625273518410000,54.762409912109376,0.39892578125,0.5804595947265625,-0.2913665771484375
1780625273528439000,54.77243896484375,0.4123382568359375,0.630401611328125,-0.284698486328125
1780625273538468900,54.78246875,0.41046142578125,0.656951904296875,-0.2934112548828125
1780625273548498000,54.792497802734374,0.42041015625,0.6573028564453125,-0.29791259765625
1780625273558528000,54.802528076171875,0.44281005859375,0.63226318359375,-0.2942047119140625
1780625273568557000,54.81255712890625,0.4586181640625,0.560089111328125,-0.31402587890625
1780625273578587100,54.82258715820313,0.4739227294921875,0.508697509765625,-0.3466339111328125
1780625273588616000,54.83261596679687,0.518829345703125,0.4743499755859375,-0.38946533203125
1780625273598646000,54.84264599609375,0.545196533203125,0.47259521484375,-0.4243316650390625
1780625273608675000,54.852675048828125,0.5685577392578125,0.5016937255859375,-0.443328857421875
1780625273618705200,54.862705078125,0.585235595703125,0.5737457275390625,-0.4547576904296875
1780625273628734000,54.87273388671875,0.631317138671875,0.6115264892578125,-0.47467041015625
1780625273638764000,54.88276391601563,0.636444091796875,0.61126708984375,-0.450897216796875
1780625273648793900,54.8927939453125,0.596405029296875,0.55224609375,-0.4173126220703125
1780625273658823000,54.90282299804687,0.503204345703125,0.4485321044921875,-0.40472412109375
1780625273668853000,54.91285302734375,0.4059906005859375,0.377838134765625,-0.4462127685546875
1780625273678881800,54.9228818359375,0.36248779296875,0.3515167236328125,-0.50335693359375
1780625273688912000,54.932911865234374,0.403167724609375,0.3348846435546875,-0.544769287109375
1780625273698941000,54.94294091796875,0.5205841064453125,0.336517333984375,-0.576202392578125
1780625273708971000,54.95297094726563,0.6405487060546875,0.356292724609375,-0.5723876953125
1780625273718999800,54.96299975585937,0.737518310546875,0.3845062255859375,-0.54046630859375
1780625273729030000,54.97302978515625,0.791168212890625,0.417022705078125,-0.5108489990234375
1780625273739059000,54.983058837890624,0.7327728271484375,0.457916259765625,-0.5135650634765625
1780625273749089000,54.993089111328125,0.585723876953125,0.5189971923828125,-0.5386962890625
1780625273759117800,55.00311791992188,0.45819091796875,0.570648193359375,-0.5497283935546875
1780625273769148000,55.01314794921875,0.38043212890625,0.56610107421875,-0.52880859375
1780625273779177000,55.02317700195312,0.472686767578125,0.4809417724609375,-0.4632110595703125
1780625273789207000,55.03320703125,0.7075653076171875,0.3325958251953125,-0.368316650390625
1780625273799237000,55.04323706054687,0.8304443359375,0.2198486328125,-0.3526611328125
1780625273809266000,55.053265869140624,0.7318267822265625,0.216278076171875,-0.3972320556640625
1780625273819296000,55.0632958984375,0.5910491943359375,0.2803192138671875,-0.43463134765625
1780625273829325000,55.07332495117188,0.4938201904296875,0.38677978515625,-0.4794464111328125
1780625273839355000,55.08335498046875,0.437225341796875,0.4766998291015625,-0.53509521484375
1780625273849384000,55.09338403320312,0.529541015625,0.49072265625,-0.5722198486328125
1780625273859413800,55.10341381835938,0.678741455078125,0.4133758544921875,-0.57879638671875
1780625273869442800,55.11344287109375,0.8003997802734375,0.286346435546875,-0.5738983154296875
1780625273879473000,55.123472900390624,0.800048828125,0.2110443115234375,-0.5580902099609375
1780625273889502000,55.133501953125,0.6945648193359375,0.2228546142578125,-0.5351715087890625
1780625273899531800,55.14353173828125,0.56689453125,0.298858642578125,-0.514007568359375
1780625273909560800,55.15356079101562,0.462554931640625,0.39263916015625,-0.5021514892578125
1780625273919591000,55.1635908203125,0.3678436279296875,0.473602294921875,-0.4979400634765625
1780625273929620000,55.173619873046874,0.2897796630859375,0.4860076904296875,-0.52923583984375
1780625273939650000,55.183650146484375,0.427093505859375,0.2987823486328125,-0.593719482421875
1780625273949679900,55.193679931640624,0.649505615234375,-0.0185394287109375,-0.7318115234375
1780625273959709000,55.203708984375,0.80194091796875,-0.1501617431640625,-0.8339691162109375
1780625273969739000,55.213739013671876,0.9221954345703125,-0.0409698486328125,-0.8134613037109375
1780625273979768000,55.22376806640625,0.828857421875,0.1652679443359375,-0.7080078125
1780625273989798000,55.2337978515625,0.73419189453125,0.300506591796875,-0.6425018310546875
1780625273999827000,55.243826904296874,0.72882080078125,0.3419342041015625,-0.6542205810546875
1780625274009857000,55.25385693359375,0.61822509765625,0.352203369140625,-0.6424102783203125
1780625274019886000,55.26388598632813,0.523193359375,0.3181610107421875,-0.5714569091796875
1780625274029916200,55.27391625976563,0.496246337890625,0.237640380859375,-0.4832763671875
1780625274039945000,55.28394506835937,0.53448486328125,0.150634765625,-0.505523681640625
1780625274049975000,55.29397509765625,0.5915374755859375,0.1173248291015625,-0.62896728515625
1780625274060004000,55.304004150390625,0.5821380615234375,0.1367340087890625,-0.7657928466796875
1780625274070034000,55.314033935546874,0.556549072265625,0.154510498046875,-0.8466644287109375
1780625274080063000,55.32406298828125,0.5606842041015625,0.151824951171875,-0.8310546875
1780625274090092800,55.3340927734375,0.6773529052734375,0.154083251953125,-0.7188720703125
1780625274100121900,55.34412182617187,0.7883148193359375,0.2066192626953125,-0.6088104248046875
1780625274110152000,55.35415185546875,0.8585052490234375,0.262664794921875,-0.549468994140625
1780625274120182000,55.36418212890625,0.8088226318359375,0.3106536865234375,-0.5183868408203125
1780625274130210800,55.3742109375,0.722015380859375,0.310516357421875,-0.513885498046875
1780625274140241000,55.384240966796874,0.63232421875,0.2991943359375,-0.5838623046875
1780625274150270000,55.39427001953125,0.5161895751953125,0.2394866943359375,-0.6210784912109375
1780625274160300000,55.40430004882813,0.5012664794921875,0.1206207275390625,-0.5737152099609375
1780625274170328800,55.41432885742187,0.5778350830078125,0.0377960205078125,-0.553131103515625
1780625274180359000,55.42435888671875,0.6469573974609375,0.0758819580078125,-0.593292236328125
1780625274190388000,55.434387939453124,0.6369476318359375,0.1738433837890625,-0.4420013427734375
1780625274200418000,55.44441796875,0.6127777099609375,0.1825714111328125,-0.3270416259765625
1780625274210446800,55.45444677734375,0.57672119140625,0.156524658203125,-0.3090972900390625
1780625274220477000,55.464476806640626,0.6065216064453125,0.1165313720703125,-0.30755615234375
1780625274230506000,55.47450610351562,0.656951904296875,0.0548095703125,-0.3970184326171875
1780625274240536000,55.4845361328125,0.646881103515625,-0.0172271728515625,-0.51611328125
1780625274250565000,55.494565185546875,0.6825408935546875,-0.0108184814453125,-0.63555908203125
1780625274260595000,55.504594970703124,0.6917266845703125,0.053680419921875,-0.698089599609375
1780625274270624000,55.5146240234375,0.6935577392578125,0.0760345458984375,-0.646728515625
1780625274280654000,55.52465405273438,0.6822662353515625,0.0862884521484375,-0.5565338134765625
1780625274290684000,55.534683837890626,0.6546630859375,0.1068878173828125,-0.4241943359375
1780625274300713000,55.544712890625,0.63433837890625,0.1175079345703125,-0.3162078857421875
1780625274310742800,55.55474267578125,0.64569091796875,0.105010986328125,-0.3746337890625
1780625274320771800,55.56477172851562,0.6611480712890625,0.0710601806640625,-0.5818634033203125
1780625274330802000,55.574802001953124,0.7378387451171875,0.0055999755859375,-0.7218475341796875
1780625274340831000,55.5848310546875,0.8201904296875,-0.1017303466796875,-0.8154296875
1780625274350860800,55.59486083984375,0.888519287109375,-0.1304168701171875,-0.8214263916015625
1780625274360889900,55.60488989257812,0.877197265625,-0.05645751953125,-0.718536376953125
1780625274370920000,55.614919921875,0.7918243408203125,0.0389251708984375,-0.5816192626953125
1780625274380948700,55.62494873046875,0.71514892578125,0.087554931640625,-0.46759033203125
1780625274390978800,55.63497875976562,0.7129974365234375,0.0756378173828125,-0.4864959716796875
1780625274401007900,55.6450078125,0.708038330078125,0.0260772705078125,-0.6518402099609375
1780625274411038000,55.655037841796876,0.7433624267578125,-0.0154571533203125,-0.81353759765625
1780625274421066800,55.66506665039063,0.7235107421875,-0.0527191162109375,-0.880126953125
1780625274431096800,55.67509692382812,0.6948699951171875,-0.0890350341796875,-0.81866455078125
1780625274441127000,55.685126953125,0.69122314453125,-0.0503387451171875,-0.6483306884765625
1780625274451156000,55.695156005859374,0.619720458984375,0.005035400390625,-0.489471435546875
1780625274461186000,55.70518603515625,0.5937957763671875,0.049407958984375,-0.3594970703125
1780625274471214800,55.71521484375,0.6173095703125,0.1076202392578125,-0.2451019287109375
1780625274481245000,55.725244873046876,0.6155853271484375,0.1347198486328125,-0.2464447021484375
1780625274491274000,55.73527392578125,0.6735992431640625,0.1359100341796875,-0.3243865966796875
1780625274501303800,55.7453037109375,0.7391357421875,0.1200408935546875,-0.4328765869140625
1780625274511332900,55.75533276367187,0.7503204345703125,0.103973388671875,-0.570770263671875
1780625274521362700,55.76536279296875,0.7646942138671875,0.099090576171875,-0.609161376953125
1780625274531391700,55.775391845703126,0.695281982421875,0.071044921875,-0.5274658203125
1780625274541421800,55.785421875,0.605621337890625,0.0704803466796875,-0.436676025390625
1780625274551450600,55.79545068359375,0.59283447265625,0.084197998046875,-0.4008636474609375
1780625274561480700,55.80548071289063,0.5980224609375,0.057830810546875,-0.411895751953125
1780625274571509800,55.815509765625,0.6237030029296875,0.015625,-0.4604949951171875
1780625274581539800,55.82553979492187,0.6948394775390625,0.0174407958984375,-0.5258636474609375
1780625274591568600,55.835568603515625,0.72607421875,0.0420989990234375,-0.6035614013671875
1780625274601598700,55.8455986328125,0.7526092529296875,0.0441741943359375,-0.6434326171875
1780625274611628800,55.85562890625,0.7723388671875,0.0406646728515625,-0.60345458984375
1780625274621657900,55.86565795898437,0.7888031005859375,0.08087158203125,-0.535369873046875
1780625274631688000,55.87568798828125,0.832275390625,0.131805419921875,-0.4690093994140625
1780625274641716700,55.885716796875,0.8193359375,0.1614227294921875,-0.4740142822265625
1780625274651746800,55.89574682617187,0.67724609375,0.1591339111328125,-0.5233612060546875
1780625274661776000,55.90577587890625,0.6640625,0.15911865234375,-0.5434112548828125
1780625274671806000,55.915805908203126,0.757904052734375,0.12261962890625,-0.6594696044921875
1780625274681835000,55.9258349609375,0.805877685546875,0.0298309326171875,-0.7498931884765625
1780625274691864800,55.93586474609375,0.888519287109375,-0.0164947509765625,-0.7377471923828125
1780625274701894000,55.94589379882812,0.8397216796875,0.0175018310546875,-0.6712799072265625
1780625274711923700,55.955923828125,0.7673187255859375,0.1064910888671875,-0.5353546142578125
1780625274721953000,55.965953125,0.72125244140625,0.1747894287109375,-0.4690093994140625
1780625274731982600,55.975982666015625,0.712554931640625,0.1811676025390625,-0.4674072265625
1780625274742012000,55.98601196289062,0.71441650390625,0.153076171875,-0.4863433837890625
1780625274752041700,55.99604174804688,0.6796417236328125,0.0661773681640625,-0.4920806884765625
1780625274762070800,56.00607080078125,0.6530303955078125,0.0169525146484375,-0.5472412109375
1780625274772100900,56.01610083007812,0.6724853515625,0.039031982421875,-0.6094818115234375
1780625274782130700,56.02613061523437,0.6497344970703125,0.07421875,-0.6071319580078125
1780625274792159700,56.03615966796875,0.695068359375,0.10858154296875,-0.5218658447265625
1780625274802189800,56.04618994140625,0.744598388671875,0.1671600341796875,-0.39886474609375
1780625274812219000,56.05621899414062,0.7435302734375,0.258209228515625,-0.338653564453125
1780625274822249000,56.0662490234375,0.7740936279296875,0.3043060302734375,-0.293243408203125
1780625274832277800,56.07627783203125,0.79248046875,0.296844482421875,-0.3143310546875
1780625274842307800,56.08630786132812,0.7818450927734375,0.2352447509765625,-0.421905517578125
1780625274852337000,56.0963369140625,0.7746429443359375,0.147186279296875,-0.5042877197265625
1780625274862367000,56.106366943359376,0.72613525390625,0.1039581298828125,-0.6077880859375
1780625274872395800,56.11639575195313,0.741912841796875,0.1209869384765625,-0.6948394775390625
1780625274882425900,56.12642578125,0.7569427490234375,0.1784820556640625,-0.7109375
1780625274892455000,56.136454833984374,0.751556396484375,0.2109832763671875,-0.6827545166015625
1780625274902485000,56.146485107421874,0.7144927978515625,0.2049102783203125,-0.5660552978515625
1780625274912513800,56.156513671875,0.6101837158203125,0.2110748291015625,-0.4678802490234375
1780625274922543900,56.1665439453125,0.578125,0.2129669189453125,-0.3847198486328125
1780625274932573000,56.17657299804687,0.687591552734375,0.0842437744140625,-0.3961181640625
1780625274942602800,56.18660278320313,0.6958770751953125,-0.069976806640625,-0.565948486328125
1780625274952632800,56.1966328125,0.7092132568359375,-0.05828857421875,-0.628570556640625
1780625274962661600,56.20666162109375,0.7169342041015625,0.1010894775390625,-0.640167236328125
1780625274972691700,56.21669165039062,0.75091552734375,0.2334136962890625,-0.57861328125
1780625274982720800,56.226720703125,0.747833251953125,0.320281982421875,-0.4547882080078125
1780625274992750800,56.236750732421875,0.748046875,0.3571014404296875,-0.3345184326171875
1780625275002779600,56.24677954101563,0.727813720703125,0.3436737060546875,-0.2521514892578125
1780625275012809700,56.25680981445313,0.7034454345703125,0.2780609130859375,-0.232879638671875
1780625275022838800,56.2668388671875,0.6924285888671875,0.2040557861328125,-0.2832489013671875
1780625275032868900,56.27686889648437,0.6746826171875,0.1943359375,-0.379791259765625
1780625275042898000,56.28689794921875,0.6940460205078125,0.222137451171875,-0.4774017333984375
1780625275052927700,56.296927734375,0.7258148193359375,0.229583740234375,-0.5195770263671875
1780625275062956800,56.30695678710938,0.7545928955078125,0.25347900390625,-0.4839019775390625
1780625275072987000,56.31698681640625,0.7462921142578125,0.2807769775390625,-0.4109649658203125
1780625275083016000,56.327015869140624,0.7700347900390625,0.268951416015625,-0.3462982177734375
1780625275093045800,56.33704565429687,0.8081512451171875,0.2148895263671875,-0.40924072265625
1780625275103074800,56.34707470703125,0.8193511962890625,0.1385955810546875,-0.5412445068359375
1780625275113105000,56.35710498046875,0.7944488525390625,0.1222381591796875,-0.590972900390625
1780625275123134000,56.36713403320312,0.7445220947265625,0.1595916748046875,-0.5977783203125
1780625275133164000,56.3771640625,0.689178466796875,0.1995086669921875,-0.5879974365234375
1780625275143193600,56.38719360351563,0.6485443115234375,0.25335693359375,-0.4836578369140625
1780625275153223000,56.397222900390624,0.594818115234375,0.3083648681640625,-0.34088134765625
1780625275163252700,56.40725268554687,0.6590118408203125,0.329833984375,-0.2488555908203125
1780625275173281800,56.41728173828125,0.7574310302734375,0.2797393798828125,-0.26519775390625
1780625275183312000,56.427311767578125,0.8224334716796875,0.246856689453125,-0.3514404296875
1780625275193340700,56.43734057617188,0.857269287109375,0.26220703125,-0.40283203125
1780625275203370800,56.44737084960938,0.776031494140625,0.304656982421875,-0.4076690673828125
1780625275213399800,56.45739990234375,0.701385498046875,0.27978515625,-0.3554534912109375
1780625275223430000,56.46742993164062,0.65155029296875,0.22503662109375,-0.338531494140625
1780625275233458700,56.477458740234376,0.613983154296875,0.1893768310546875,-0.37823486328125
1780625275243488800,56.48748876953125,0.6423187255859375,0.176116943359375,-0.3685455322265625
1780625275253517800,56.49751782226563,0.69512939453125,0.1571197509765625,-0.3724212646484375
1780625275263548000,56.5075478515625,0.764678955078125,0.1905059814453125,-0.4126129150390625
1780625275273576700,56.51757666015625,0.8486480712890625,0.320709228515625,-0.405517578125
1780625275283606800,56.52760668945312,0.8509979248046875,0.387054443359375,-0.39306640625
1780625275293635800,56.5376357421875,0.9225921630859375,0.3902587890625,-0.3851776123046875
1780625275303666000,56.547666015625,0.980438232421875,0.34808349609375,-0.4399261474609375
1780625275313696000,56.557696044921876,0.8977508544921875,0.32720947265625,-0.4539794921875
1780625275323724800,56.56772485351563,0.792449951171875,0.305877685546875,-0.3915252685546875
1780625275333755000,56.5777548828125,0.7359466552734375,0.261810302734375,-0.362457275390625
1780625275343784000,56.587783935546874,0.8419189453125,0.2249298095703125,-0.3081207275390625
1780625275353813800,56.59781372070312,0.9064483642578125,0.2061920166015625,-0.349395751953125
1780625275363842800,56.6078427734375,0.9135284423828125,0.21295166015625,-0.436737060546875
1780625275373872600,56.61787255859375,0.7885589599609375,0.231658935546875,-0.4983978271484375
1780625275383902000,56.62790185546875,0.66796875,0.261077880859375,-0.4835968017578125
1780625275393932000,56.63793212890625,0.6488189697265625,0.21295166015625,-0.4427947998046875
1780625275403960800,56.6479609375,0.6227569580078125,0.133819580078125,-0.3906097412109375
1780625275413991000,56.65799096679687,0.7063751220703125,0.1339263916015625,-0.2955322265625
1780625275424020000,56.66802001953125,0.7198486328125,0.1843414306640625,-0.2759857177734375
1780625275434050000,56.678050048828126,0.706024169921875,0.269683837890625,-0.2760772705078125
1780625275444078800,56.68807885742188,0.8232421875,0.3345489501953125,-0.249542236328125
1780625275454109000,56.69810888671875,1.003448486328125,0.3566131591796875,-0.2977752685546875
1780625275464138000,56.708137939453124,0.9945526123046875,0.37744140625,-0.4510650634765625
1780625275474168000,56.71816796875,0.92559814453125,0.34246826171875,-0.460906982421875
1780625275484197000,56.72819702148438,0.8373870849609375,0.2860870361328125,-0.388671875
1780625275494227000,56.73822705078125,0.7537994384765625,0.2801055908203125,-0.29266357421875
1780625275504257000,56.748257080078126,0.670654296875,0.270965576171875,-0.2532501220703125
1780625275514286000,56.7582861328125,0.6361541748046875,0.2132720947265625,-0.2272186279296875
1780625275524316200,56.76831616210937,0.715606689453125,0.1738433837890625,-0.20867919921875
1780625275534345200,56.77834521484375,0.9024810791015625,0.1902618408203125,-0.28228759765625
1780625275544375000,56.788375,1.024017333984375,0.2894439697265625,-0.4007720947265625
1780625275554404000,56.79840405273438,1.01239013671875,0.384124755859375,-0.51727294921875
1780625275564434200,56.80843408203125,0.9334564208984375,0.4127655029296875,-0.6023712158203125
1780625275574463200,56.81846313476562,0.7714385986328125,0.306488037109375,-0.5875396728515625
1780625275584492800,56.82849291992188,0.7087249755859375,0.1193389892578125,-0.500885009765625
1780625275594522000,56.838522216796875,0.664031982421875,-0.0244903564453125,-0.4315185546875
1780625275604552000,56.848552001953124,0.639312744140625,-0.0518035888671875,-0.308502197265625
1780625275614581000,56.8585810546875,0.6029205322265625,-0.039306640625,-0.1978912353515625
1780625275624611000,56.868611083984376,0.5900115966796875,0.019256591796875,-0.0834808349609375
1780625275634640000,56.87863989257813,0.6283721923828125,0.13568115234375,0.00592041015625
1780625275644670000,56.888669921875,0.772613525390625,0.2577667236328125,0.008575439453125
1780625275654699000,56.898698974609374,0.902496337890625,0.381988525390625,-0.1427001953125
1780625275664729000,56.90872900390625,0.9133453369140625,0.468505859375,-0.4004364013671875
1780625275674758000,56.9187578125,0.8665924072265625,0.441314697265625,-0.5389862060546875
1780625275684788000,56.9287880859375,0.79827880859375,0.347412109375,-0.5040740966796875
1780625275694818000,56.938818115234376,0.813385009765625,0.236358642578125,-0.3999176025390625
1780625275704847000,56.94884716796875,0.843963623046875,0.2061309814453125,-0.2885284423828125
1780625275714877200,56.95887719726562,0.82806396484375,0.1976470947265625,-0.1696929931640625
1780625275724906000,56.968906005859374,0.7747039794921875,0.182952880859375,-0.104827880859375
1780625275734936000,56.97893603515625,0.932403564453125,0.1810760498046875,-0.0618133544921875
1780625275744965000,56.98896508789063,1.04449462890625,0.109893798828125,-0.1605682373046875
1780625275754995200,56.9989951171875,0.939239501953125,0.1381378173828125,-0.448883056640625
1780625275765024000,57.00902392578125,0.8862152099609375,0.31103515625,-0.4535064697265625
1780625275775054000,57.01905419921875,0.86566162109375,0.2983551025390625,-0.4376983642578125
1780625275785083100,57.029083251953125,0.7758636474609375,0.267913818359375,-0.458984375
1780625275795113000,57.039113037109374,0.745513916015625,0.2067718505859375,-0.3779754638671875
1780625275805142000,57.04914208984375,0.7172393798828125,0.0864105224609375,-0.33270263671875
1780625275815171800,57.059171875,0.71551513671875,-0.061767578125,-0.309722900390625
1780625275825201200,57.069201171875,0.7039031982421875,-0.1046905517578125,-0.26458740234375
1780625275835231000,57.07923095703125,0.7100982666015625,-0.0011749267578125,-0.221893310546875
1780625275845260000,57.089260009765624,0.797607421875,0.1331329345703125,-0.2230224609375
1780625275855289900,57.09928979492187,0.81439208984375,0.2829437255859375,-0.2039642333984375
1780625275865319000,57.10931884765625,0.763092041015625,0.3957672119140625,-0.19598388671875
1780625275875349000,57.119348876953126,0.768768310546875,0.43310546875,-0.1393585205078125
1780625275885379000,57.129379150390626,0.76104736328125,0.420135498046875,-0.1107635498046875
1780625275895407900,57.13940795898438,0.82037353515625,0.3232574462890625,-0.1325531005859375
1780625275905438000,57.14943798828125,0.8265228271484375,0.1813507080078125,-0.2296142578125
1780625275915467000,57.159467041015624,0.74200439453125,0.073760986328125,-0.3225555419921875
1780625275925497000,57.1694970703125,0.8483123779296875,0.054229736328125,-0.3509368896484375
1780625275935526100,57.17952612304688,0.9299774169921875,0.0937957763671875,-0.349609375
1780625275945556000,57.189555908203126,0.93109130859375,0.223236083984375,-0.33209228515625
1780625275955585000,57.1995849609375,0.878570556640625,0.3717041015625,-0.2060089111328125
1780625275965615000,57.20961499023438,0.744598388671875,0.4121551513671875,-0.08966064453125
1780625275975644200,57.21964404296875,0.6764373779296875,0.3306732177734375,-0.0230865478515625
1780625275985674200,57.22967431640625,0.645599365234375,0.203643798828125,0.007171630859375
1780625275995703000,57.239703125,0.6047515869140625,0.11541748046875,-0.0499725341796875
1780625276005733000,57.24973315429688,0.651214599609375,0.0413360595703125,-0.17510986328125
1780625276015762200,57.25976220703125,0.7873992919921875,0.081939697265625,-0.295135498046875
1780625276025792000,57.2697919921875,0.9391632080078125,0.2246856689453125,-0.3744049072265625
1780625276035821000,57.279821044921874,0.9195709228515625,0.38372802734375,-0.415313720703125
1780625276045851000,57.28985083007812,0.927734375,0.449493408203125,-0.4045257568359375
1780625276055880200,57.29988012695313,0.925628662109375,0.4008636474609375,-0.3202056884765625
1780625276065910000,57.309909912109376,0.906524658203125,0.2757568359375,-0.244598388671875
1780625276075938800,57.31993872070313,0.976318359375,0.20361328125,-0.2186737060546875
1780625276085969000,57.32996899414063,1.0590057373046875,0.2381439208984375,-0.2728729248046875
1780625276095999000,57.3399990234375,1.1826629638671875,0.2895965576171875,-0.3750762939453125
1780625276106028000,57.350028076171874,1.3159637451171875,0.3117523193359375,-0.45751953125
1780625276116058000,57.36005810546875,1.6190032958984375,0.3580322265625,-0.4410552978515625
1780625276126087000,57.3700869140625,1.8736724853515625,0.4212493896484375,-0.4325103759765625
1780625276136117000,57.380116943359376,2.12554931640625,0.5264434814453125,-0.566864013671875
1780625276146146000,57.39014599609375,2.3229522705078125,0.6472930908203125,-0.753326416015625
1780625276156176100,57.40017602539063,2.118011474609375,0.6865997314453125,-0.937744140625
1780625276166205000,57.41020483398437,1.655120849609375,0.592926025390625,-0.9177398681640625
1780625276176235000,57.420235107421874,1.5432281494140625,0.3655548095703125,-0.7801361083984375
1780625276186264000,57.43026416015625,1.678131103515625,0.08154296875,-0.694427490234375
1780625276196294100,57.44029418945313,1.4772796630859375,0.01470947265625,-0.7299652099609375
1780625276206323200,57.4503232421875,1.4817962646484375,0.1603240966796875,-0.592742919921875
1780625276216353000,57.46035302734375,1.74658203125,0.2471160888671875,-0.6002655029296875
1780625276226382000,57.470382080078124,2.13165283203125,0.41015625,-0.7652130126953125
1780625276236412200,57.480412109375,2.3305511474609375,0.63232421875,-0.72857666015625
1780625276246441200,57.49044116210938,2.3180999755859375,0.8162384033203125,-0.76898193359375
1780625276256471000,57.500470947265626,1.718536376953125,0.9498291015625,-0.73663330078125
1780625276266500000,57.5105,1.50482177734375,0.822296142578125,-0.4920806884765625
1780625276276530000,57.52053002929687,1.3250732421875,0.56561279296875,-0.372344970703125
1780625276286560000,57.53056005859375,1.526397705078125,0.23516845703125,-0.3043060302734375
1780625276296589000,57.540589111328124,1.7730560302734375,-0.007965087890625,-0.4489898681640625
1780625276306619000,57.55061889648437,1.7518463134765625,-0.010223388671875,-0.6306304931640625
1780625276316648000,57.56064794921875,1.509735107421875,0.277099609375,-0.68914794921875
1780625276326678000,57.570677978515626,1.090667724609375,0.5677642822265625,-0.6701507568359375
1780625276336707000,57.58070703125,1.140594482421875,0.5881195068359375,-0.397857666015625
1780625276346737200,57.59073706054688,1.2179107666015625,0.4939422607421875,-0.0813446044921875
1780625276356766000,57.60076586914062,1.399993896484375,0.349029541015625,-0.102508544921875
1780625276366796000,57.610796142578124,1.5808258056640625,0.26312255859375,-0.2761383056640625
1780625276376825300,57.62082543945313,1.541046142578125,0.3629150390625,-0.4046783447265625
1780625276386855400,57.63085546875,1.5413818359375,0.4793243408203125,-0.4199066162109375
1780625276396884500,57.640884521484374,1.8685302734375,0.5854644775390625,-0.420196533203125
1780625276406914600,57.65091455078125,2.400787353515625,0.6691436767578125,-0.4517974853515625
1780625276416943400,57.660943359375,2.1366729736328125,0.6797637939453125,-0.7358551025390625
1780625276426973400,57.670973388671875,1.5167236328125,0.851348876953125,-1.053680419921875
1780625276437002500,57.68100244140625,2.092041015625,0.7766571044921875,-0.8990478515625
1780625276447032600,57.69103247070313,2.13995361328125,0.433563232421875,-0.87957763671875
1780625276457061400,57.70106127929687,2.060882568359375,0.17041015625,-0.7889556884765625
1780625276467091200,57.71109130859375,1.569976806640625,0.2249603271484375,-0.69415283203125
1780625276477120500,57.72112060546875,1.423309326171875,0.301849365234375,-0.560577392578125
1780625276487150300,57.731150390625,1.7895355224609375,0.2234954833984375,-0.5133056640625
1780625276497179400,57.74117944335938,1.7923583984375,0.176910400390625,-0.6382293701171875
1780625276507209200,57.75120922851563,1.5023040771484375,0.3292388916015625,-0.569183349609375
1780625276517239300,57.7612392578125,1.138580322265625,0.46478271484375,-0.512603759765625
1780625276527268400,57.77126831054687,0.7855377197265625,0.434417724609375,-0.429931640625
1780625276537298400,57.78129833984375,0.8034515380859375,0.267181396484375,-0.2388916015625
1780625276547327500,57.791327392578125,0.8036956787109375,0.10797119140625,-0.1640472412109375
1780625276557357300,57.801357421875,1.12274169921875,0.0352630615234375,-0.2534637451171875
1780625276567386400,57.81138647460938,1.6990509033203125,0.0565032958984375,-0.48663330078125
1780625276577416400,57.82141650390625,1.99383544921875,0.22320556640625,-0.770721435546875
1780625276587445500,57.831445556640624,2.719757080078125,0.492034912109375,-1.112091064453125
1780625276597475300,57.84147534179687,2.8022308349609375,0.833831787109375,-1.2886962890625
1780625276607504400,57.85150439453125,2.42523193359375,1.133392333984375,-1.2355804443359375
1780625276617534500,57.861534423828125,1.992950439453125,1.323028564453125,-1.0682525634765625
1780625276627563500,57.8715634765625,1.3559722900390625,1.0222930908203125,-0.5070953369140625
1780625276637593600,57.88159350585938,1.1354217529296875,0.521148681640625,-0.153350830078125
1780625276647622400,57.89162231445312,1.2830657958984375,0.0689849853515625,-0.18408203125
1780625276657652500,57.901652587890624,1.7035369873046875,-0.308380126953125,-0.421905517578125
1780625276667681500,57.911681640625,1.8073883056640625,-0.285430908203125,-0.7870635986328125
1780625276677711400,57.92171142578125,1.538604736328125,0.0679473876953125,-0.9881744384765625
1780625276687740400,57.93174047851563,1.4353179931640625,0.4294586181640625,-0.9267120361328125
1780625276697770200,57.94177026367188,1.6795196533203125,0.592926025390625,-0.752838134765625
1780625276707800300,57.95180029296875,1.9591064453125,0.6396636962890625,-0.737579345703125
1780625276717829400,57.96182934570312,1.903839111328125,0.6276397705078125,-0.7734375
1780625276727859500,57.971859375,1.5606231689453125,0.6184539794921875,-0.7803192138671875
1780625276737888300,57.98188818359375,1.5287017822265625,0.5634307861328125,-0.7517547607421875
1780625276747918300,57.99191845703125,1.603424072265625,0.4468536376953125,-0.76849365234375
1780625276757947400,58.00194750976563,1.8072662353515625,0.3759613037109375,-0.80938720703125
1780625276767977500,58.0119775390625,1.7611083984375,0.3592987060546875,-0.82220458984375
1780625276778006300,58.02200634765625,1.926849365234375,0.3989105224609375,-0.7170562744140625
1780625276788036400,58.03203637695312,1.38623046875,0.48968505859375,-0.6988067626953125
1780625276798065400,58.0420654296875,1.2505340576171875,0.573394775390625,-0.483612060546875
1780625276808095500,58.052095458984375,1.5608062744140625,0.494964599609375,-0.4239044189453125
1780625276818124300,58.06212426757813,1.5165252685546875,0.423736572265625,-0.4973297119140625
1780625276828154400,58.072154296875,1.5900115966796875,0.4004974365234375,-0.4154205322265625
1780625276838183400,58.08218334960937,1.42578125,0.4482879638671875,-0.3741455078125
1780625276848213500,58.092213623046874,1.288726806640625,0.4911651611328125,-0.3284912109375
1780625276858242600,58.10224267578125,1.3407745361328125,0.528289794921875,-0.3880767822265625
1780625276868272400,58.1122724609375,1.339599609375,0.511505126953125,-0.49078369140625
1780625276878301400,58.12230151367187,1.2289276123046875,0.4505767822265625,-0.4985504150390625
1780625276888331500,58.13233154296875,1.1540374755859375,0.3608245849609375,-0.4941864013671875
1780625276898360600,58.142360595703124,1.0521240234375,0.283721923828125,-0.4881591796875
1780625276908390400,58.15239038085937,0.9090423583984375,0.229217529296875,-0.4406280517578125
1780625276918420200,58.16242016601562,0.831512451171875,0.1947174072265625,-0.3894195556640625
1780625276928449300,58.17244921875,0.820220947265625,0.1768341064453125,-0.3520050048828125
1780625276938479400,58.182479248046874,0.885589599609375,0.1836700439453125,-0.29217529296875
1780625276948508400,58.19250830078125,1.0049285888671875,0.221160888671875,-0.26123046875
1780625276958538200,58.20253833007813,1.1296539306640625,0.286773681640625,-0.3038787841796875
1780625276968567300,58.2125673828125,1.145965576171875,0.3759002685546875,-0.3803863525390625
1780625276978597400,58.22259741210937,1.465423583984375,0.4881744384765625,-0.4871978759765625
1780625276988626400,58.23262646484375,2.3001556396484375,0.552398681640625,-0.6410369873046875
1780625276998656500,58.242656494140626,2.5030364990234375,0.6790618896484375,-0.7531280517578125
1780625277008685300,58.25268530273438,1.3170623779296875,0.8429412841796875,-0.640655517578125
1780625277018715400,58.26271533203125,1.0826568603515625,0.8733062744140625,-0.4646759033203125
1780625277028744400,58.27274438476562,1.094818115234375,0.7977142333984375,-0.5281524658203125
1780625277038774500,58.2827744140625,0.8626251220703125,0.51605224609375,-0.4518280029296875
1780625277048803300,58.29280322265625,0.7633056640625,0.167266845703125,-0.351837158203125
1780625277058833400,58.30283349609375,0.6271514892578125,-0.0914306640625,-0.366851806640625
1780625277068862500,58.31286254882812,0.538482666015625,-0.256134033203125,-0.3595428466796875
1780625277078892500,58.322892578125,0.5272064208984375,-0.2874908447265625,-0.3510284423828125
1780625277088921300,58.33292138671875,0.5659942626953125,-0.1853485107421875,-0.266204833984375
1780625277098951400,58.34295141601562,0.5847015380859375,-0.0084075927734375,-0.1190032958984375
1780625277108980500,58.35298046875,0.5711517333984375,0.156951904296875,-0.0274658203125
1780625277119010600,58.363010498046876,0.5787811279296875,0.3056640625,-0.0138397216796875
1780625277129039600,58.37303955078125,0.5782928466796875,0.4125213623046875,-0.0379638671875
1780625277139069400,58.3830693359375,0.5913238525390625,0.43804931640625,-0.1014862060546875
1780625277149099300,58.39309936523438,0.61444091796875,0.40869140625,-0.1812744140625
1780625277159128300,58.40312841796875,0.6242523193359375,0.3323822021484375,-0.226806640625
1780625277169158400,58.41315844726562,0.59429931640625,0.235748291015625,-0.240142822265625
1780625277179187200,58.423187255859375,0.5397796630859375,0.1707916259765625,-0.215911865234375
1780625277189217300,58.43321728515625,0.4870452880859375,0.144256591796875,-0.1811981201171875
1780625277199246300,58.44324633789063,0.447479248046875,0.13836669921875,-0.1578369140625
1780625277209276400,58.4532763671875,0.4384613037109375,0.1420135498046875,-0.1470947265625
1780625277219305500,58.46330541992187,0.455535888671875,0.152313232421875,-0.11138916015625
1780625277229335300,58.47333520507812,0.485626220703125,0.163421630859375,-0.083251953125
1780625277239364400,58.4833642578125,0.49163818359375,0.1616058349609375,-0.0807342529296875
1780625277249394400,58.49339453125,0.45452880859375,0.135650634765625,-0.0794525146484375
1780625277259423500,58.50342358398437,0.38897705078125,0.1079254150390625,-0.097930908203125
1780625277269453600,58.51345361328125,0.349151611328125,0.0908203125,-0.140350341796875
1780625277279482400,58.523482421875,0.3326416015625,0.07177734375,-0.190185546875
1780625277289512400,58.53351245117187,0.341156005859375,0.048919677734375,-0.226318359375
1780625277299541500,58.54354150390625,0.3841705322265625,0.0359039306640625,-0.22491455078125
1780625277309571600,58.553571533203126,0.4219207763671875,0.0173492431640625,-0.206512451171875
1780625277319600400,58.56360034179688,0.442413330078125,0.0116119384765625,-0.1733856201171875
1780625277329630500,58.57363037109375,0.4481201171875,0.033203125,-0.1255035400390625
1780625277339659500,58.583659423828124,0.42095947265625,0.0482177734375,-0.090728759765625
1780625277349689600,58.593689697265624,0.340850830078125,0.06988525390625,-0.0586395263671875
1780625277359718400,58.603718505859376,0.2660064697265625,0.0987396240234375,-0.022613525390625
1780625277369748500,58.61374853515625,0.23876953125,0.1070556640625,0.0089111328125
1780625277379778300,58.6237783203125,0.2433624267578125,0.09100341796875,0.0206298828125
1780625277389807400,58.63380737304688,0.2313232421875,0.0609130859375,0.0011444091796875
1780625277399837400,58.64383740234375,0.20562744140625,0.037567138671875,0.0113983154296875
1780625277409866200,58.6538662109375,0.217376708984375,0.0189971923828125,0.0357666015625
1780625277419896300,58.66389624023437,0.2672119140625,-0.004119873046875,0.0018463134765625
1780625277429925400,58.67392529296875,0.3372955322265625,0.007781982421875,-0.05950927734375
1780625277439955500,58.68395556640625,0.428466796875,0.0481109619140625,-0.147369384765625
1780625277449984300,58.693984375,0.48095703125,0.09130859375,-0.2365570068359375
1780625277460014300,58.70401440429688,0.5019073486328125,0.1712646484375,-0.2858123779296875
1780625277470043400,58.71404345703125,0.50189208984375,0.257537841796875,-0.261993408203125
1780625277480073500,58.72407348632812,0.4910125732421875,0.319091796875,-0.204925537109375
1780625277490102300,58.734102294921875,0.456878662109375,0.3036651611328125,-0.1592864990234375
1780625277500132400,58.74413232421875,0.384521484375,0.2329254150390625,-0.1115570068359375
1780625277510161400,58.75416137695313,0.3029022216796875,0.145751953125,-0.0348052978515625
1780625277520191500,58.76419140625,0.237640380859375,0.0717315673828125,0.0550079345703125
1780625277530220500,58.774220458984374,0.2428131103515625,0.0466461181640625,0.1307830810546875
1780625277540250400,58.78425048828125,0.2354278564453125,0.061370849609375,0.1799163818359375
1780625277550279400,58.79427954101563,0.1986541748046875,0.0950775146484375,0.17919921875
1780625277560309500,58.8043095703125,0.2682037353515625,0.143157958984375,0.154388427734375
1780625277570338600,58.81433862304687,0.3573455810546875,0.201385498046875,0.1322479248046875
1780625277580368600,58.82436865234375,0.43212890625,0.24945068359375,0.1213531494140625
1780625277590397400,58.8343974609375,0.5471954345703125,0.299407958984375,0.0893402099609375
1780625277600427300,58.84442724609375,0.694671630859375,0.3520660400390625,0.0029754638671875
1780625277610456600,58.85445654296875,0.83013916015625,0.3769073486328125,-0.1664276123046875
1780625277620486400,58.864486328125,0.927947998046875,0.3896331787109375,-0.3257598876953125
1780625277630516200,58.87451611328125,0.9098663330078125,0.3916015625,-0.3778228759765625
1780625277640545300,58.88454516601563,0.905731201171875,0.3767242431640625,-0.4163360595703125
1780625277650575400,58.89457543945313,1.0162506103515625,0.3581390380859375,-0.4551849365234375
1780625277660604400,58.9046044921875,1.1674652099609375,0.32940673828125,-0.4394378662109375
1780625277670634500,58.91463452148437,1.2865447998046875,0.3096466064453125,-0.3987579345703125
1780625277680663300,58.924663330078126,1.336700439453125,0.3626556396484375,-0.384735107421875
1780625277690693400,58.934693359375,1.25897216796875,0.4269256591796875,-0.40655517578125
1780625277700722400,58.94472241210938,1.0247650146484375,0.4592132568359375,-0.4577484130859375
1780625277710752500,58.95475244140625,0.77587890625,0.511260986328125,-0.4505767822265625
1780625277720781300,58.96478125,0.7158660888671875,0.4920806884765625,-0.412689208984375
1780625277730811400,58.97481127929687,0.77734375,0.3572540283203125,-0.37603759765625
1780625277740840400,58.98484033203125,0.83203125,0.1890411376953125,-0.35498046875
1780625277750870500,58.99487060546875,0.8728790283203125,0.0587005615234375,-0.331329345703125
1780625277760899300,59.0048994140625,0.8997802734375,0.005401611328125,-0.3081512451171875
1780625277770929400,59.01492944335938,0.898468017578125,0.0609588623046875,-0.261932373046875
1780625277780958500,59.02495849609375,0.931304931640625,0.1667327880859375,-0.2389984130859375
1780625277790988500,59.034988525390624,0.9826812744140625,0.2700958251953125,-0.2505645751953125
1780625277801017600,59.045017578125,1.0051727294921875,0.363128662109375,-0.2679443359375
1780625277811047400,59.05504736328125,1.00714111328125,0.4417572021484375,-0.2867889404296875
1780625277821076500,59.06507641601563,0.9842071533203125,0.479400634765625,-0.326629638671875
1780625277831106300,59.07510620117188,0.9893341064453125,0.46673583984375,-0.3806304931640625
1780625277841135600,59.085135498046874,0.9884033203125,0.4239044189453125,-0.41839599609375
1780625277851165200,59.09516528320312,0.9610443115234375,0.3748016357421875,-0.4394683837890625
1780625277861195300,59.1051953125,0.9109039306640625,0.3305816650390625,-0.4413299560546875
1780625277871224300,59.115224365234376,0.8685150146484375,0.306060791015625,-0.4010467529296875
1780625277881254400,59.12525439453125,0.836151123046875,0.306671142578125,-0.3486175537109375
1780625277891283500,59.13528344726563,0.8057098388671875,0.3188629150390625,-0.3008270263671875
1780625277901313300,59.14531323242188,0.816253662109375,0.3286895751953125,-0.2696380615234375
1780625277911342300,59.15534228515625,0.8409271240234375,0.3275299072265625,-0.2581787109375
1780625277921372400,59.16537231445312,0.8178558349609375,0.3086700439453125,-0.2586517333984375
1780625277931401500,59.1754013671875,0.807098388671875,0.316070556640625,-0.2587890625
1780625277941431600,59.185431640625,0.8114776611328125,0.33380126953125,-0.265960693359375
1780625277951460400,59.19546044921875,0.79913330078125,0.334320068359375,-0.2557830810546875
1780625277961490400,59.20549047851563,0.790618896484375,0.332763671875,-0.24407958984375
1780625277971519500,59.21551953125,0.8113250732421875,0.3515167236328125,-0.282440185546875
1780625277981549600,59.225549560546874,0.8447265625,0.38751220703125,-0.3214111328125
1780625277991578400,59.235578369140626,0.83709716796875,0.3953399658203125,-0.303314208984375
1780625278001608400,59.2456083984375,0.8682403564453125,0.3874969482421875,-0.282440185546875
1780625278011637500,59.25563745117187,0.8937225341796875,0.367156982421875,-0.259735107421875
1780625278021667600,59.26566748046875,0.8480682373046875,0.341339111328125,-0.25616455078125
1780625278031696400,59.2756962890625,0.850494384765625,0.32672119140625,-0.2676544189453125
1780625278041726500,59.2857265625,0.926422119140625,0.337249755859375,-0.3116912841796875
1780625278051755500,59.29575561523438,0.973358154296875,0.356781005859375,-0.3395233154296875
1780625278061785300,59.305785400390626,0.9562225341796875,0.3668670654296875,-0.366607666015625
1780625278071814400,59.315814453125,0.8690643310546875,0.3860321044921875,-0.3890533447265625
1780625278081844200,59.32584423828125,0.8245697021484375,0.4009246826171875,-0.3739471435546875
1780625278091873300,59.33587329101562,0.82196044921875,0.371490478515625,-0.3647308349609375
1780625278101903400,59.3459033203125,0.8360595703125,0.3385467529296875,-0.36083984375
1780625278111932400,59.355932373046876,0.89013671875,0.331634521484375,-0.3260040283203125
1780625278121962200,59.365962158203125,1.013092041015625,0.3202667236328125,-0.3232421875
1780625278131992300,59.375992431640626,1.0591888427734375,0.30950927734375,-0.334808349609375
1780625278142021400,59.386021484375,0.8963165283203125,0.321990966796875,-0.3206939697265625
1780625278152051500,59.39605151367188,0.7913665771484375,0.3362274169921875,-0.3356475830078125
1780625278162080500,59.40608056640625,0.8276214599609375,0.3448333740234375,-0.334075927734375
1780625278172110300,59.4161103515625,0.8577117919921875,0.322052001953125,-0.328948974609375
1780625278182139400,59.426139404296876,0.9126739501953125,0.2931976318359375,-0.3380279541015625
1780625278192169500,59.43616943359375,0.894744873046875,0.3225555419921875,-0.312896728515625
1780625278202198500,59.44619848632812,0.859649658203125,0.34600830078125,-0.27618408203125
1780625278212228400,59.45622827148438,0.8944091796875,0.35601806640625,-0.2525634765625
1780625278222257400,59.46625732421875,0.9123077392578125,0.3841705322265625,-0.2428131103515625
1780625278232287500,59.47628759765625,0.928375244140625,0.3723907470703125,-0.259735107421875
1780625278242316500,59.48631665039063,0.93133544921875,0.3516387939453125,-0.2834625244140625
1780625278252346600,59.4963466796875,0.899627685546875,0.34881591796875,-0.306396484375
1780625278262375400,59.50637548828125,0.8692169189453125,0.3685455322265625,-0.3050384521484375
1780625278272405500,59.51640551757812,0.87060546875,0.390045166015625,-0.319976806640625
1780625278282434600,59.5264345703125,0.883514404296875,0.388763427734375,-0.3317108154296875
1780625278292464400,59.53646435546875,0.904205322265625,0.3625335693359375,-0.30389404296875
1780625278302493400,59.546493408203126,0.9454193115234375,0.338775634765625,-0.2848358154296875
1780625278312523300,59.556523193359375,0.9541168212890625,0.3074493408203125,-0.29742431640625
1780625278322552300,59.56655224609375,0.9217376708984375,0.308258056640625,-0.3009796142578125
1780625278332582400,59.57658251953125,0.9054107666015625,0.32598876953125,-0.2911834716796875
1780625278342611200,59.58661108398437,0.9161224365234375,0.3568115234375,-0.2932891845703125
1780625278352641300,59.59664135742187,0.898406982421875,0.4064483642578125,-0.302337646484375
1780625278362670300,59.60667041015625,0.8961334228515625,0.43328857421875,-0.2881011962890625
1780625278372700400,59.616700439453126,0.9102935791015625,0.41839599609375,-0.264068603515625
1780625278382728700,59.626728759765626,0.9247589111328125,0.371490478515625,-0.2476348876953125
1780625278392758800,59.6367587890625,0.9204559326171875,0.3426971435546875,-0.247100830078125
1780625278402788900,59.646788818359376,0.8943634033203125,0.3122406005859375,-0.256439208984375
1780625278412817700,59.65681762695313,0.8703765869140625,0.285125732421875,-0.2779693603515625
1780625278422847700,59.66684765625,0.84197998046875,0.266876220703125,-0.304290771484375
1780625278432876800,59.67687670898437,0.855224609375,0.2827911376953125,-0.3440399169921875
1780625278442907000,59.686906982421874,0.89788818359375,0.317626953125,-0.3844451904296875
1780625278452935700,59.696935791015626,1.00689697265625,0.339630126953125,-0.4247589111328125
1780625278462965800,59.7069658203125,1.252349853515625,0.3562164306640625,-0.4503173828125
1780625278472994800,59.71699487304687,1.4647216796875,0.3687591552734375,-0.4439239501953125
1780625278483025000,59.72702490234375,1.3516082763671875,0.3693084716796875,-0.34942626953125
1780625278493053700,59.7370537109375,1.1155853271484375,0.337615966796875,-0.211883544921875
1780625278503083800,59.74708374023437,1.38580322265625,0.29791259765625,-0.2699127197265625
1780625278513112800,59.75711279296875,1.7329559326171875,0.2973480224609375,-0.4955291748046875
1780625278523143000,59.767142822265626,1.3078765869140625,0.345977783203125,-0.68768310546875
1780625278533172000,59.777171875,0.8255157470703125,0.3609161376953125,-0.654571533203125
1780625278543201800,59.78720190429687,0.9189910888671875,0.372894287109375,-0.550537109375
1780625278553230800,59.79723095703125,1.0318450927734375,0.3759002685546875,-0.5196380615234375
1780625278563260700,59.8072607421875,1.3979644775390625,0.3319854736328125,-0.50701904296875
1780625278573290000,59.8172900390625,1.9837493896484375,0.303802490234375,-0.448211669921875
1780625278583319600,59.827319580078125,2.189361572265625,0.355621337890625,-0.42498779296875
1780625278593348900,59.83734887695312,1.8291778564453125,0.494720458984375,-0.3625946044921875
1780625278603378700,59.84737866210938,1.4838409423828125,0.66558837890625,-0.211151123046875
1780625278613407700,59.85740771484375,1.3178558349609375,0.7278900146484375,-0.2329559326171875
1780625278623437800,59.867437744140624,1.0311737060546875,0.694427490234375,-0.3994140625
1780625278633466600,59.877466552734376,0.70892333984375,0.5867767333984375,-0.5037384033203125
1780625278643496700,59.88749658203125,0.5709075927734375,0.4404754638671875,-0.5631866455078125
1780625278653526800,59.89752685546875,0.663330078125,0.2595367431640625,-0.54193115234375
1780625278663555800,59.90755590820312,0.76104736328125,0.038909912109375,-0.43914794921875
1780625278673586000,59.9175859375,0.783050537109375,-0.071624755859375,-0.233367919921875
1780625278683614700,59.92761474609375,0.822174072265625,-0.02117919921875,-0.0208892822265625
1780625278693644800,59.93764477539062,0.887298583984375,0.1374053955078125,0.0958099365234375
1780625278703673900,59.947673828125,0.939300537109375,0.32354736328125,0.0923004150390625
1780625278713704000,59.957703857421876,0.9182586669921875,0.4722137451171875,0.0037994384765625
1780625278723732700,59.96773266601563,0.8500518798828125,0.5057525634765625,-0.116455078125
1780625278733762800,59.9777626953125,0.8074493408203125,0.40570068359375,-0.22149658203125
1780625278743791900,59.9877919921875,0.819793701171875,0.2834930419921875,-0.28399658203125
1780625278753822000,59.997822021484374,0.8569183349609375,0.2088623046875,-0.3430328369140625
1780625278763850800,60.00785083007813,0.8910369873046875,0.1861419677734375,-0.353851318359375
1780625278773880800,60.017880859375,0.9478759765625,0.216400146484375,-0.3477935791015625
1780625278783910000,60.02790991210937,0.974395751953125,0.29913330078125,-0.339508056640625
1780625278793939700,60.03793969726563,0.9216156005859375,0.38427734375,-0.28857421875
1780625278803968800,60.04796875,0.9396514892578125,0.4439697265625,-0.2366790771484375
1780625278813998600,60.05799853515625,0.970489501953125,0.47100830078125,-0.1943511962890625
1780625278824028000,60.06802783203125,0.9317474365234375,0.4405517578125,-0.1644439697265625
1780625278834057700,60.0780576171875,0.9269256591796875,0.3877410888671875,-0.155975341796875
1780625278844086800,60.08808666992188,0.956451416015625,0.3519287109375,-0.1598052978515625
1780625278854116600,60.09811669921875,0.9827423095703125,0.3215179443359375,-0.1883087158203125
1780625278864145700,60.108145751953124,0.96221923828125,0.3171844482421875,-0.211700439453125
1780625278874175700,60.11817578125,0.955474853515625,0.3480072021484375,-0.2276611328125
1780625278884204800,60.12820483398438,0.9899749755859375,0.379180908203125,-0.24273681640625
1780625278894235000,60.13823486328125,1.029541015625,0.3756561279296875,-0.2630767822265625
1780625278904263700,60.148263671875,1.0431365966796875,0.3356781005859375,-0.30633544921875
1780625278914293800,60.15829370117188,1.0418548583984375,0.3083648681640625,-0.349517822265625
1780625278924322800,60.16832275390625,1.0071258544921875,0.310272216796875,-0.37689208984375
1780625278934353000,60.178352783203124,0.956329345703125,0.3223724365234375,-0.3732452392578125
1780625278944382700,60.1883828125,0.9011077880859375,0.326873779296875,-0.3369598388671875
1780625278954411800,60.19841186523438,0.8636322021484375,0.3206939697265625,-0.2810211181640625
1780625278964441900,60.20844189453125,0.87420654296875,0.30181884765625,-0.21612548828125
1780625278974471000,60.21847094726562,0.9199676513671875,0.2776031494140625,-0.1644134521484375
1780625278984501000,60.2285009765625,0.961944580078125,0.2648773193359375,-0.160400390625
1780625278994529800,60.23852978515625,0.9786529541015625,0.2955322265625,-0.1824493408203125
1780625279004560000,60.248559814453124,0.9650726318359375,0.3524627685546875,-0.220855712890625
1780625279014589000,60.2585888671875,0.9544219970703125,0.380462646484375,-0.2762603759765625
1780625279024618800,60.26861865234375,0.94744873046875,0.372955322265625,-0.310028076171875
1780625279034647800,60.27864770507812,0.93487548828125,0.3633270263671875,-0.3100433349609375
1780625279044677600,60.288677734375,0.934295654296875,0.3616790771484375,-0.2816009521484375
1780625279054706700,60.298706787109374,0.925262451171875,0.35321044921875,-0.2428436279296875
1780625279064736800,60.30873681640625,0.914520263671875,0.34051513671875,-0.2034759521484375
1780625279074765600,60.318765625,0.923583984375,0.33416748046875,-0.1641693115234375
1780625279084795600,60.328795654296876,0.9168701171875,0.3358917236328125,-0.1411590576171875
1780625279094824700,60.33882470703125,0.9054412841796875,0.3460235595703125,-0.1425018310546875
1780625279104854800,60.34885473632813,0.9098358154296875,0.3626251220703125,-0.166717529296875
1780625279114883800,60.3588837890625,0.917999267578125,0.3863067626953125,-0.206634521484375
1780625279124913700,60.36891357421875,0.9091796875,0.406982421875,-0.24578857421875
1780625279134942700,60.378942626953126,0.8960113525390625,0.4088897705078125,-0.2654876708984375
1780625279144972800,60.38897290039063,0.9015045166015625,0.3909149169921875,-0.2696380615234375
1780625279155001900,60.399001953125,0.9038238525390625,0.369232177734375,-0.2682647705078125
1780625279165031700,60.40903173828125,0.9156036376953125,0.339630126953125,-0.26544189453125
1780625279175060700,60.419060791015625,0.93194580078125,0.3179168701171875,-0.251739501953125
1780625279185090800,60.4290908203125,0.9258270263671875,0.307861328125,-0.225372314453125
1780625279195119900,60.43911987304688,0.9052886962890625,0.3186798095703125,-0.208404541015625
1780625279205150000,60.44914990234375,0.903533935546875,0.3419189453125,-0.20208740234375
1780625279215178800,60.4591787109375,0.932403564453125,0.3573150634765625,-0.20196533203125
1780625279225208800,60.46920874023437,0.953155517578125,0.36260986328125,-0.2116851806640625
1780625279235238000,60.47923779296875,0.9523468017578125,0.36279296875,-0.2247314453125
1780625279245268000,60.48926806640625,0.9272308349609375,0.36749267578125,-0.237823486328125
1780625279255297800,60.4992978515625,0.9006195068359375,0.3724212646484375,-0.2521514892578125
1780625279265326800,60.50932690429688,0.889892578125,0.36663818359375,-0.2555389404296875
1780625279275356700,60.519356689453126,0.887664794921875,0.346038818359375,-0.2545013427734375
1780625279285385700,60.5293857421875,0.8910980224609375,0.330413818359375,-0.2518768310546875
1780625279295415800,60.53941577148437,0.8963775634765625,0.329833984375,-0.2413787841796875
1780625279305444600,60.549444580078124,0.8970184326171875,0.3323211669921875,-0.2298736572265625
1780625279315474700,60.559474609375,0.887237548828125,0.3328857421875,-0.229705810546875
1780625279325503700,60.569503662109376,0.8680572509765625,0.3329010009765625,-0.22930908203125
1780625279335533800,60.57953393554688,0.8414764404296875,0.3303985595703125,-0.2203826904296875
1780625279345562600,60.58956274414062,0.825592041015625,0.3322601318359375,-0.213775634765625
1780625279355592700,60.5995927734375,0.8464813232421875,0.33355712890625,-0.2113494873046875
1780625279365621800,60.609621826171875,0.8880462646484375,0.3324432373046875,-0.210174560546875
1780625279375651800,60.61965185546875,0.9220123291015625,0.3272552490234375,-0.20709228515625
1780625279385681700,60.629681640625,0.950897216796875,0.338043212890625,-0.1974029541015625
1780625279395711700,60.63971166992187,0.9571075439453125,0.356292724609375,-0.1969146728515625
1780625279405740800,60.64974072265625,0.950775146484375,0.380889892578125,-0.199127197265625
1780625279415771000,60.65977099609375,0.9432525634765625,0.4004364013671875,-0.2042236328125
1780625279425799700,60.66979956054688,0.9336395263671875,0.3900604248046875,-0.22735595703125
1780625279435829800,60.67982983398438,0.935272216796875,0.35870361328125,-0.264801025390625
1780625279445858800,60.68985888671875,0.9383697509765625,0.3424224853515625,-0.287750244140625
1780625279455888600,60.699888671875,0.9155426025390625,0.3350830078125,-0.2966156005859375
1780625279465917700,60.709917724609376,0.9018707275390625,0.3367156982421875,-0.299896240234375
1780625279475947500,60.719947509765625,0.9256134033203125,0.3443603515625,-0.2982940673828125
1780625279485976600,60.7299765625,0.9452972412109375,0.3516082763671875,-0.2988128662109375
1780625279496006700,60.74000659179688,0.94488525390625,0.357208251953125,-0.27734375
1780625279506035500,60.75003540039062,0.9481658935546875,0.359893798828125,-0.24127197265625
1780625279516065500,60.7600654296875,0.9397430419921875,0.3507537841796875,-0.2204437255859375
1780625279526094600,60.770094482421875,0.9175872802734375,0.3363800048828125,-0.210052490234375
1780625279536124700,60.780124755859376,0.903778076171875,0.3242340087890625,-0.1988983154296875
1780625279546153500,60.79015356445313,0.898223876953125,0.3277740478515625,-0.2035064697265625
1780625279556183600,60.80018359375,0.8924713134765625,0.340972900390625,-0.215423583984375
1780625279566213600,60.81021362304688,0.8960723876953125,0.3455657958984375,-0.2350921630859375
1780625279576242700,60.82024267578125,0.9047698974609375,0.3457794189453125,-0.247314453125
1780625279586272800,60.83027270507812,0.908935546875,0.3421478271484375,-0.261138916015625
1780625279596301600,60.840301513671875,0.92095947265625,0.342864990234375,-0.281036376953125
1780625279606331600,60.85033154296875,0.906402587890625,0.3452911376953125,-0.2790985107421875
1780625279616360700,60.86036059570313,0.859619140625,0.3437957763671875,-0.2793426513671875
1780625279626390800,60.87039086914063,0.8339385986328125,0.33489990234375,-0.258575439453125
1780625279636419800,60.880419921875,0.8682708740234375,0.331146240234375,-0.19854736328125
1780625279646449700,60.89044970703125,0.919921875,0.36077880859375,-0.1247406005859375
1780625279656478700,60.900478759765626,0.944000244140625,0.429962158203125,-0.06878662109375
1780625279666508800,60.9105087890625,0.9756622314453125,0.560394287109375,-0.0377349853515625
1780625279676537900,60.92053784179687,1.0193939208984375,0.7308197021484375,-0.0146942138671875
1780625279686567400,60.9305673828125,1.056427001953125,0.906982421875,-0.006561279296875
1780625279696596700,60.9405966796875,1.087554931640625,1.04962158203125,-0.0026397705078125
1780625279706626600,60.95062646484375,1.0938568115234375,1.1335601806640625,0
1780625279716655600,60.960655517578125,1.04852294921875,1.1474456787109375,0.029876708984375
1780625279726685700,60.970685791015626,1.0137786865234375,1.1127777099609375,0.048492431640625
1780625279736714500,60.98071459960938,1.0177459716796875,1.050872802734375,0.0336151123046875
1780625279746744600,60.99074462890625,1.0276336669921875,0.9369659423828125,0.0043487548828125
1780625279756773600,61.000773681640624,1.0298309326171875,0.820404052734375,-0.039215087890625
1780625279766803700,61.0108037109375,1.0358734130859375,0.7561798095703125,-0.107391357421875
1780625279776832500,61.02083251953125,1.0452880859375,0.77325439453125,-0.1651763916015625
1780625279786862600,61.030862548828125,1.0245361328125,0.78167724609375,-0.2014312744140625
1780625279796891600,61.0408916015625,0.996856689453125,0.7769012451171875,-0.2013397216796875
1780625279806921700,61.05092163085938,0.9903564453125,0.764404296875,-0.1868743896484375
1780625279816950500,61.06095043945312,0.988006591796875,0.7249755859375,-0.1627349853515625
1780625279826980600,61.07098071289062,1.0074310302734375,0.6568145751953125,-0.144927978515625
1780625279837009700,61.081009765625,0.9918365478515625,0.5576324462890625,-0.161102294921875
1780625279847039700,61.091039794921876,0.938720703125,0.5066375732421875,-0.18927001953125
1780625279857069800,61.10106982421875,0.884674072265625,0.489593505859375,-0.2082672119140625
1780625279867098600,61.1110986328125,0.9056854248046875,0.4789581298828125,-0.2436981201171875
1780625279877128700,61.12112866210938,0.9797210693359375,0.4267730712890625,-0.275299072265625
1780625279887157800,61.13115771484375,1.023712158203125,0.3501739501953125,-0.243621826171875
1780625279897187600,61.1411875,0.989532470703125,0.2850494384765625,-0.1836090087890625
1780625279907216600,61.151216552734375,0.9437255859375,0.3179931640625,-0.1429595947265625
1780625279917246500,61.16124658203125,0.9312744140625,0.407257080078125,-0.1627044677734375
1780625279927275800,61.17127587890625,0.938812255859375,0.4381256103515625,-0.20281982421875
1780625279937305600,61.1813056640625,0.983551025390625,0.480072021484375,-0.240753173828125
1780625279947334700,61.191334716796874,1.0853118896484375,0.563751220703125,-0.26312255859375
1780625279957364500,61.20136450195312,1.098175048828125,0.6134033203125,-0.3024139404296875
1780625279967393500,61.2113935546875,1.00506591796875,0.5396270751953125,-0.339263916015625
1780625279977423600,61.221423583984375,0.884429931640625,0.4122772216796875,-0.341888427734375
1780625279987452700,61.23145263671875,0.8010101318359375,0.273040771484375,-0.34912109375
1780625279997482800,61.24148266601563,0.79656982421875,0.0615081787109375,-0.34796142578125
1780625280007511600,61.25151147460937,0.9024810791015625,-0.0411224365234375,-0.339019775390625
1780625280017541600,61.261541748046874,0.9608001708984375,-0.002197265625,-0.3354644775390625
1780625280027570700,61.27157080078125,0.96343994140625,0.15478515625,-0.3538665771484375
1780625280037600800,61.281600830078126,1.0003662109375,0.34912109375,-0.354583740234375
1780625280047629600,61.29162963867188,0.9873046875,0.443267822265625,-0.3821868896484375
1780625280057659600,61.30165966796875,0.965972900390625,0.412078857421875,-0.43499755859375
1780625280067688700,61.311688720703124,0.951568603515625,0.32666015625,-0.4917755126953125
1780625280077718800,61.32171875,0.860107421875,0.22113037109375,-0.5406951904296875
1780625280087747600,61.33174755859375,0.7899627685546875,0.13861083984375,-0.552032470703125
1780625280097777700,61.341777587890626,0.78729248046875,0.0933380126953125,-0.522003173828125
1780625280107806700,61.351806640625,0.79644775390625,0.087188720703125,-0.4921112060546875
1780625280117836800,61.3618369140625,0.804168701171875,0.0881195068359375,-0.4692230224609375
1780625280127865600,61.37186547851562,0.84423828125,0.1289215087890625,-0.387786865234375
1780625280137895700,61.381895751953124,0.917083740234375,0.215179443359375,-0.2704010009765625
1780625280147924700,61.3919248046875,0.95855712890625,0.267547607421875,-0.1674957275390625
1780625280157954800,61.40195483398438,0.9061279296875,0.32708740234375,-0.1495361328125
1780625280167983900,61.41198388671875,0.700927734375,0.4207916259765625,-0.253021240234375
1780625280178013400,61.42201342773438,0.50927734375,0.3730926513671875,-0.3970184326171875
1780625280188042800,61.432042724609374,0.55242919921875,0.285552978515625,-0.4826812744140625
1780625280198072600,61.44207250976562,0.80596923828125,0.28656005859375,-0.4641571044921875
1780625280208101600,61.4521015625,0.966339111328125,0.3895263671875,-0.4127960205078125
1780625280218131500,61.46213134765625,0.9617156982421875,0.468170166015625,-0.3982391357421875
1780625280228161500,61.47216162109375,0.988494873046875,0.463409423828125,-0.395965576171875
1780625280238190600,61.48219067382813,1.05255126953125,0.4654998779296875,-0.369354248046875
1780625280248220700,61.492220703125,1.175201416015625,0.5062103271484375,-0.3333282470703125
1780625280258249700,61.502249755859374,1.2006072998046875,0.545928955078125,-0.3338775634765625
1780625280268279600,61.51227954101562,0.9898681640625,0.5079193115234375,-0.3390960693359375
1780625280278308600,61.52230859375,0.7740020751953125,0.4046173095703125,-0.32183837890625
1780625280288338700,61.532338623046876,0.7198638916015625,0.3051605224609375,-0.298797607421875
1780625280298367700,61.54236767578125,0.7079925537109375,0.2501220703125,-0.2769317626953125
1780625280308397800,61.55239770507813,0.735748291015625,0.2311553955078125,-0.2724456787109375
1780625280318426600,61.56242651367187,0.8604888916015625,0.260589599609375,-0.258331298828125
1780625280328456700,61.572456787109374,0.970733642578125,0.314910888671875,-0.2050323486328125
1780625280338485800,61.58248583984375,0.9177398681640625,0.354339599609375,-0.1568450927734375
1780625280348515800,61.59251586914063,0.79718017578125,0.3589630126953125,-0.0977325439453125
1780625280358544600,61.60254467773437,0.749786376953125,0.3514404296875,-0.017364501953125
1780625280368574700,61.61257470703125,0.794525146484375,0.286285400390625,0.02703857421875
1780625280378603800,61.622603759765624,0.8519287109375,0.2538604736328125,0.0365142822265625
1780625280388633000,61.63263305664063,0.9073638916015625,0.3026275634765625,0.0205841064453125
1780625280398662000,61.64266186523437,1.0029754638671875,0.370819091796875,-0.044677734375
1780625280408692000,61.65269189453125,1.0628509521484375,0.35430908203125,-0.144683837890625
1780625280418721000,61.662720947265626,1.0634002685546875,0.364837646484375,-0.20904541015625
1780625280428751000,61.67275122070313,1.0279388427734375,0.4117431640625,-0.20306396484375
1780625280438780000,61.68277978515625,1.002716064453125,0.429046630859375,-0.149322509765625
1780625280448810000,61.69281005859375,0.9536285400390625,0.434967041015625,-0.076812744140625
1780625280458839000,61.702839111328124,0.933258056640625,0.324188232421875,-0.027862548828125
1780625280468868900,61.71286889648437,1.0154876708984375,0.205596923828125,-0.0081329345703125
1780625280478898000,61.72289794921875,1.1280975341796875,0.21710205078125,-0.0206451416015625
1780625280488927700,61.732927734375,1.17474365234375,0.323974609375,-0.048431396484375
1780625280498956800,61.74295678710938,1.1406097412109375,0.4537353515625,-0.079498291015625
1780625280508987000,61.75298681640625,1.033477783203125,0.4939422607421875,-0.10223388671875
1780625280519015700,61.763015625,0.8871917724609375,0.394378662109375,-0.0767822265625
1780625280529045800,61.77304565429687,0.8248748779296875,0.2824859619140625,-0.020477294921875
1780625280539074800,61.78307470703125,0.807281494140625,0.211181640625,0.019775390625
1780625280549105000,61.79310498046875,0.783660888671875,0.2091522216796875,0.033233642578125
1780625280559135000,61.803135009765626,0.7716217041015625,0.25787353515625,0.045501708984375
1780625280569163800,61.81316381835938,0.86102294921875,0.2799072265625,0.0553741455078125
1780625280579193900,61.82319384765625,0.983642578125,0.2936248779296875,0.032318115234375
1780625280589223000,61.83322290039062,1.0589599609375,0.294036865234375,-0.042083740234375
1780625280599253000,61.8432529296875,1.074066162109375,0.269775390625,-0.1148834228515625
1780625280609282000,61.853281982421876,1.090484619140625,0.2622528076171875,-0.155181884765625
1780625280619311900,61.863311767578125,1.08770751953125,0.283203125,-0.16900634765625
1780625280629341000,61.8733408203125,1.0618896484375,0.307373046875,-0.1797332763671875
1780625280639371000,61.88337109375,1.0145263671875,0.302642822265625,-0.1886138916015625
1780625280649400000,61.893400146484375,0.97381591796875,0.29400634765625,-0.1954803466796875
1780625280659430000,61.90342993164062,0.9463653564453125,0.364105224609375,-0.1487884521484375
1780625280669459000,61.913458984375,0.883056640625,0.4346466064453125,-0.0481109619140625
1780625280679489000,61.923489013671876,0.802337646484375,0.42425537109375,0.0687103271484375
1780625280689518000,61.93351806640625,0.7302398681640625,0.3911895751953125,0.151031494140625
1780625280699548000,61.9435478515625,0.6830596923828125,0.3953094482421875,0.1869659423828125
1780625280709577000,61.953576904296874,0.6869049072265625,0.4411773681640625,0.1569976806640625
1780625280719606800,61.96360668945312,0.7119598388671875,0.5041351318359375,0.1276702880859375
1780625280729635800,61.9736357421875,0.80889892578125,0.56622314453125,0.0911102294921875
1780625280739666000,61.983666015625,0.8823699951171875,0.6387481689453125,0.0686492919921875
1780625280749694700,61.99369482421875,0.9256134033203125,0.6623687744140625,0.0464630126953125
1780625280759724800,62.00372485351563,0.9215545654296875,0.6564483642578125,0.021759033203125
1780625280769753900,62.01375390625,0.826446533203125,0.71258544921875,0.059295654296875
1780625280779784000,62.023783935546874,0.704193115234375,0.8141632080078125,0.1471099853515625
1780625280789812700,62.033812744140626,0.6431427001953125,0.88104248046875,0.220550537109375
1780625280799842800,62.0438427734375,0.639801025390625,0.88214111328125,0.26055908203125
1780625280809872000,62.05387182617188,0.628387451171875,0.8492584228515625,0.293212890625
1780625280819902000,62.06390185546875,0.6537322998046875,0.825775146484375,0.3388214111328125
1780625280829931000,62.073930908203124,0.7617340087890625,0.7826690673828125,0.4143524169921875
1780625280839960800,62.0839609375,0.9447174072265625,0.7028656005859375,0.486846923828125
1780625280849990000,62.09398999023438,1.072601318359375,0.6510772705078125,0.4961090087890625
1780625280860020000,62.10402001953125,0.9850921630859375,0.6131134033203125,0.4262542724609375
1780625280870049000,62.11404907226562,0.770233154296875,0.5996246337890625,0.3361968994140625
1780625280880078800,62.12407885742188,0.632537841796875,0.6085357666015625,0.2829437255859375
1780625280890108000,62.13410791015625,0.60662841796875,0.6091766357421875,0.2831573486328125
1780625280900138000,62.144137939453124,0.622100830078125,0.6289825439453125,0.3186187744140625
1780625280910167000,62.1541669921875,0.6408538818359375,0.680633544921875,0.3776397705078125
1780625280920197000,62.16419702148438,0.645538330078125,0.7051239013671875,0.4749603271484375
1780625280930226700,62.174226806640625,0.6233062744140625,0.71270751953125,0.54107666015625
1780625280940256000,62.18425610351562,0.5617828369140625,0.767364501953125,0.574859619140625
1780625280950285800,62.19428588867188,0.4897308349609375,0.8403778076171875,0.6076812744140625
1780625280960315000,62.20431494140625,0.4538116455078125,0.87957763671875,0.6219482421875
1780625280970345000,62.214344970703124,0.446929931640625,0.8813018798828125,0.6466217041015625
1780625280980373800,62.224373779296876,0.463470458984375,0.8827667236328125,0.692779541015625
1780625280990403800,62.23440380859375,0.4695587158203125,0.8707733154296875,0.7369537353515625
1780625281000433000,62.24443286132812,0.415771484375,0.8492279052734375,0.7500762939453125
1780625281010463000,62.254462890625,0.30841064453125,0.8450927734375,0.748504638671875
1780625281020491800,62.26449169921875,0.20501708984375,0.8329620361328125,0.748870849609375
1780625281030521900,62.27452197265625,0.12933349609375,0.7871551513671875,0.7392578125
1780625281040551000,62.28455102539063,0.08831787109375,0.7309417724609375,0.74114990234375
1780625281050581000,62.2945810546875,0.063690185546875,0.6727752685546875,0.7497100830078125
1780625281060609800,62.30460986328125,0.0560150146484375,0.5934295654296875,0.7571868896484375
1780625281070639900,62.31463989257813,0.0850067138671875,0.4848175048828125,0.7796783447265625
1780625281080669000,62.3246689453125,0.1245880126953125,0.3954925537109375,0.802490234375
1780625281090699000,62.334698974609374,0.081329345703125,0.2972564697265625,0.800994873046875
1780625281100727800,62.344727783203126,0.0238494873046875,0.18115234375,0.7588958740234375
1780625281110758000,62.3547578125,-0.0001373291015625,0.0994720458984375,0.7128448486328125
1780625281120787000,62.36478686523437,-0.0387420654296875,0.019744873046875,0.684600830078125
1780625281130817000,62.37481713867187,-0.0661773681640625,-0.05047607421875,0.66986083984375
1780625281140846000,62.38484619140625,-0.1097869873046875,-0.0814971923828125,0.67120361328125
1780625281150876000,62.3948759765625,-0.1536407470703125,-0.0797119140625,0.6911773681640625
1780625281160905000,62.40490502929688,-0.1645050048828125,-0.0301666259765625,0.724853515625
1780625281170935000,62.41493505859375,-0.158538818359375,0.040985107421875,0.7381591796875
1780625281180964000,62.42496411132812,-0.2020111083984375,0.0652618408203125,0.716705322265625
1780625281190994000,62.43499389648437,-0.2919769287109375,0.0623931884765625,0.6739044189453125
1780625281201023000,62.44502294921875,-0.3865814208984375,0.0257568359375,0.6309051513671875
1780625281211052800,62.455052734375,-0.4542999267578125,-0.062408447265625,0.61669921875
1780625281221081900,62.465081787109376,-0.4444580078125,-0.1704254150390625,0.6180267333984375
1780625281231112000,62.47511181640625,-0.384368896484375,-0.2708740234375,0.6048431396484375
1780625281241140700,62.485140625,-0.294647216796875,-0.30560302734375,0.5401611328125
1780625281251170800,62.4951708984375,-0.2927703857421875,-0.2063446044921875,0.4990692138671875
1780625281261200000,62.505199951171875,-0.55755615234375,0.0277862548828125,0.6989593505859375
1780625281271230000,62.51522998046875,-0.8250274658203125,0.179351806640625,0.9224853515625
1780625281281258800,62.5252587890625,-0.895263671875,0.502593994140625,1.2030029296875
1780625281291288800,62.535288818359376,-0.855224609375,0.6601104736328125,1.3987884521484375
1780625281301318000,62.54531787109375,-0.8975372314453125,0.4080352783203125,1.3095245361328125
1780625281311348000,62.55534790039062,-0.901611328125,0.1112518310546875,1.1828460693359375
1780625281321376800,62.565376708984374,-0.82305908203125,-0.0999755859375,1.0917205810546875
1780625281331406800,62.57540673828125,-0.6800537109375,-0.187835693359375,0.971832275390625
1780625281341437000,62.58543701171875,-0.554168701171875,-0.003143310546875,0.84521484375
1780625281351466000,62.59546606445313,-0.5316009521484375,0.21466064453125,0.7446441650390625
1780625281361496000,62.60549609375,-0.4741668701171875,0.2886810302734375,0.73248291015625
1780625281371524900,62.61552490234375,-0.411590576171875,0.29510498046875,0.761993408203125
1780625281381555000,62.62555493164062,-0.3969268798828125,0.2975921630859375,0.7882232666015625
1780625281391584000,62.635583984375,-0.4080047607421875,0.3343353271484375,0.8206024169921875
1780625281401613800,62.64561376953125,-0.4144134521484375,0.3566436767578125,0.850372314453125
1780625281411643000,62.65564282226563,-0.415618896484375,0.3421173095703125,0.8631439208984375
1780625281421672700,62.665672607421875,-0.424774169921875,0.3267669677734375,0.871856689453125
1780625281431702000,62.67570190429687,-0.4288482666015625,0.34124755859375,0.8829193115234375
1780625281441731800,62.68573193359375,-0.422027587890625,0.3858184814453125,0.889251708984375
1780625281451761000,62.695760986328125,-0.4237060546875,0.435699462890625,0.88299560546875
1780625281461790700,62.705790771484374,-0.4274749755859375,0.47479248046875,0.8497314453125
1780625281471819800,62.71581982421875,-0.427093505859375,0.5117645263671875,0.7695465087890625
1780625281481849900,62.725849853515626,-0.43438720703125,0.5671234130859375,0.67132568359375
1780625281491878700,62.73587866210938,-0.436859130859375,0.6227874755859375,0.58660888671875
1780625281501908700,62.74590869140625,-0.4630889892578125,0.6768951416015625,0.5484161376953125
1780625281511937800,62.755937744140624,-0.479888916015625,0.7201080322265625,0.552734375
1780625281521967900,62.7659677734375,-0.4758453369140625,0.7472381591796875,0.58270263671875
1780625281531996700,62.77599658203125,-0.4622344970703125,0.7596282958984375,0.628387451171875
1780625281542026800,62.78602685546875,-0.434783935546875,0.7582244873046875,0.6677703857421875
1780625281552055800,62.79605590820312,-0.4191741943359375,0.7418060302734375,0.6898956298828125
1780625281562086000,62.8060859375,-0.401763916015625,0.740142822265625,0.7211151123046875
1780625281572114700,62.81611474609375,-0.379119873046875,0.75152587890625,0.7487640380859375
1780625281582144800,62.826144775390624,-0.340728759765625,0.728363037109375,0.7447662353515625
1780625281592173800,62.836173828125,-0.296478271484375,0.685302734375,0.704925537109375
1780625281602204000,62.84620385742188,-0.27783203125,0.642181396484375,0.6451873779296875
1780625281612233000,62.85623291015625,-0.24652099609375,0.5983734130859375,0.5824737548828125
1780625281622262800,62.8662626953125,-0.1995849609375,0.6009368896484375,0.537811279296875
1780625281632291800,62.876291748046874,-0.1425628662109375,0.6419219970703125,0.492462158203125
1780625281642322000,62.886322021484375,-0.1217498779296875,0.6829376220703125,0.4578857421875
1780625281652351000,62.89635107421875,-0.111907958984375,0.712158203125,0.4358978271484375
1780625281662381000,62.90638110351563,-0.0936126708984375,0.7346954345703125,0.4349822998046875
1780625281672409900,62.91640991210937,-0.096954345703125,0.7343292236328125,0.4365386962890625
1780625281682439700,62.92643969726562,-0.1243743896484375,0.716461181640625,0.42938232421875
1780625281692469000,62.936468994140625,-0.164459228515625,0.7074127197265625,0.4165802001953125
1780625281702498800,62.946498779296874,-0.187408447265625,0.7144012451171875,0.4000244140625
1780625281712528000,62.95652783203125,-0.2085723876953125,0.7277374267578125,0.3558197021484375
1780625281722557700,62.9665576171875,-0.2950897216796875,0.805572509765625,0.394195556640625
1780625281732586800,62.97658666992187,-0.3447265625,0.909912109375,0.473175048828125
1780625281742616800,62.98661694335937,-0.2524261474609375,0.931121826171875,0.49365234375
1780625281752647000,62.99664697265625,-0.1948699951171875,0.8744049072265625,0.525543212890625
1780625281762675700,63.00667578125,-0.18212890625,0.8360595703125,0.5508270263671875
1780625281772705800,63.016705810546874,-0.246856689453125,0.904083251953125,0.598480224609375
1780625281782734800,63.02673486328125,-0.3634185791015625,1.008880615234375,0.6638946533203125
1780625281792765000,63.03676489257813,-0.416351318359375,1.0465087890625,0.6739959716796875
1780625281802793700,63.04679370117187,-0.3969268798828125,0.956390380859375,0.6016082763671875
1780625281812823800,63.05682373046875,-0.3655853271484375,0.8107452392578125,0.5054168701171875
1780625281822852900,63.066852783203124,-0.3665313720703125,0.7083740234375,0.428070068359375
1780625281832883000,63.076883056640625,-0.3310089111328125,0.647369384765625,0.3675689697265625
1780625281842911700,63.08691186523438,-0.3080902099609375,0.640380859375,0.323150634765625
1780625281852941800,63.09694189453125,-0.2830047607421875,0.657867431640625,0.2918701171875
1780625281862971000,63.10697094726562,-0.320220947265625,0.7238616943359375,0.2543792724609375
1780625281873001000,63.1170009765625,-0.47161865234375,0.8453521728515625,0.23748779296875
1780625281883030000,63.127030029296876,-0.701416015625,1.03692626953125,0.2031097412109375
1780625281893059800,63.137059814453124,-1.086883544921875,1.282928466796875,0.171112060546875
1780625281903089000,63.1470888671875,-1.2987823486328125,1.4189453125,0.197998046875
1780625281913118700,63.15711865234375,-1.3261260986328125,1.4068756103515625,0.2653656005859375
1780625281923148000,63.16714794921875,-1.2502288818359375,1.3592071533203125,0.3219757080078125
1780625281933177600,63.17717749023438,-1.0799560546875,1.2653350830078125,0.376800537109375
1780625281943207000,63.18720703125,-0.8137664794921875,1.0164794921875,0.396759033203125
1780625281953236700,63.19723681640625,-0.56280517578125,0.7310638427734375,0.407745361328125
1780625281963265800,63.20726586914063,-0.2959747314453125,0.4647064208984375,0.3929290771484375
1780625281973295900,63.2172958984375,-0.147735595703125,0.2941741943359375,0.3471832275390625
1780625281983324700,63.22732470703125,-0.0530853271484375,0.158782958984375,0.289794921875
1780625281993354800,63.23735473632812,0.03961181640625,0.0546112060546875,0.198760986328125
1780625282003383800,63.2473837890625,0.0678253173828125,0.0299530029296875,0.1096038818359375
1780625282013414000,63.257413818359375,-0.0216064453125,0.068084716796875,0.068878173828125
1780625282023442700,63.26744262695313,-0.208587646484375,0.129150390625,0.061431884765625
1780625282033472800,63.27747265625,-0.45440673828125,0.201202392578125,0.0808868408203125
1780625282043501800,63.28750170898437,-0.7602081298828125,0.3173370361328125,0.1331634521484375
1780625282053532000,63.29753198242187,-0.964691162109375,0.4887237548828125,0.1732330322265625
1780625282063560700,63.307560791015625,-0.9877777099609375,0.640716552734375,0.21405029296875
1780625282073590800,63.3175908203125,-0.959075927734375,0.825927734375,0.243377685546875
1780625282083619800,63.32761987304688,-0.9499664306640625,1.066131591796875,0.27520751953125
1780625282093650000,63.33764990234375,-0.923187255859375,1.2521514892578125,0.3156280517578125
1780625282103679000,63.34767895507812,-0.8760528564453125,1.367156982421875,0.3904876708984375
1780625282113708800,63.35770874023437,-0.7279205322265625,1.3813629150390625,0.460784912109375
1780625282123737900,63.36773779296875,-0.46478271484375,1.2262725830078125,0.467010498046875
1780625282133768000,63.377767822265625,-0.2522430419921875,0.95965576171875,0.4476470947265625
1780625282143797000,63.387796875,-0.156005859375,0.73828125,0.428863525390625
1780625282153826800,63.39782690429688,-0.1208648681640625,0.5982818603515625,0.3987274169921875
1780625282163856000,63.40785595703125,-0.1568145751953125,0.5503387451171875,0.380401611328125
1780625282173885700,63.4178857421875,-0.195709228515625,0.6153717041015625,0.3271026611328125
1780625282183915000,63.4279150390625,-0.240020751953125,0.6435546875,0.25628662109375
1780625282193944800,63.43794482421875,-0.292816162109375,0.596954345703125,0.181396484375
1780625282203974700,63.447974609375,-0.3586273193359375,0.572479248046875,0.1013946533203125
1780625282214003700,63.45800366210938,-0.4642486572265625,0.6232757568359375,0.06304931640625
1780625282224033800,63.46803369140625,-0.54937744140625,0.71533203125,0.0591278076171875
1780625282234062800,63.47806274414062,-0.564910888671875,0.8257293701171875,0.0615997314453125
1780625282244093000,63.48809301757812,-0.5482177734375,0.953887939453125,0.0672149658203125
1780625282254121700,63.498121826171875,-0.5057373046875,1.0538482666015625,0.0757598876953125
1780625282264151800,63.50815185546875,-0.427093505859375,1.089874267578125,0.08087158203125
1780625282274180900,63.51818090820313,-0.3519744873046875,1.0666656494140625,0.0774688720703125
1780625282284211000,63.5282109375,-0.2971343994140625,0.99786376953125,0.0632171630859375
1780625282294239700,63.53823974609375,-0.287933349609375,0.9051666259765625,0.0457763671875
1780625282304269800,63.54826977539062,-0.31536865234375,0.8332977294921875,0.02978515625
1780625282314299000,63.558298828125,-0.355316162109375,0.8056182861328125,0.0123443603515625
1780625282324329000,63.568328857421875,-0.4136505126953125,0.8248748779296875,-0.0011444091796875
1780625282334357800,63.57835766601563,-0.4741363525390625,0.8875579833984375,-0.008880615234375
1780625282344387800,63.58838793945313,-0.518585205078125,0.9583282470703125,-0.0102386474609375
1780625282354417000,63.5984169921875,-0.533905029296875,1.0067901611328125,-0.0061187744140625
1780625282364447000,63.60844702148437,-0.522491455078125,1.048095703125,0.0186767578125
1780625282374475800,63.618475830078125,-0.45281982421875,1.0806427001953125,0.0592803955078125
1780625282384506000,63.628506103515626,-0.3556976318359375,1.1046905517578125,0.1109771728515625
1780625282394535200,63.63853515625,-0.3057861328125,1.0609588623046875,0.1414642333984375
1780625282404565000,63.64856494140625,-0.3224029541015625,0.9699859619140625,0.127410888671875
1780625282414594000,63.658593994140624,-0.355255126953125,0.9255523681640625,0.090850830078125
1780625282424624000,63.6686240234375,-0.3734893798828125,0.9113311767578125,0.03076171875
1780625282434653000,63.67865283203125,-0.38226318359375,0.9099884033203125,-0.0199432373046875
1780625282444683000,63.68868310546875,-0.3872833251953125,0.9191436767578125,-0.05047607421875
1780625282454712000,63.69871215820312,-0.4040374755859375,0.963287353515625,-0.0623016357421875
1780625282464742100,63.7087421875,-0.403900146484375,1.052642822265625,-0.0452728271484375
1780625282474771200,63.718771240234375,-0.3431854248046875,1.123687744140625,-0.01995849609375
1780625282484801000,63.728801025390624,-0.2462615966796875,1.15167236328125,0.008026123046875
1780625282494830000,63.738830078125,-0.179229736328125,1.132232666015625,0.0184478759765625
1780625282504860200,63.748860107421876,-0.2017364501953125,1.094940185546875,0.004486083984375
1780625282514889200,63.75888916015625,-0.2657623291015625,1.064300537109375,-0.02923583984375
1780625282524919300,63.76891918945312,-0.32623291015625,1.0399017333984375,-0.076263427734375
1780625282534948000,63.778947998046874,-0.374114990234375,1.0234222412109375,-0.1193084716796875
1780625282544978200,63.788978271484375,-0.40740966796875,1.0217742919921875,-0.144927978515625
1780625282555007200,63.79900732421875,-0.421478271484375,1.0632476806640625,-0.146240234375
1780625282565037300,63.80903735351563,-0.4031829833984375,1.102081298828125,-0.127960205078125
1780625282575066000,63.81906616210937,-0.37481689453125,1.1169586181640625,-0.1005401611328125
1780625282585096200,63.82909619140625,-0.3784027099609375,1.1334228515625,-0.063720703125
1780625282595125200,63.839125244140625,-0.3842926025390625,1.1342926025390625,-0.0270233154296875
1780625282605155300,63.8491552734375,-0.3864898681640625,1.111297607421875,0.0001373291015625
1780625282615184100,63.85918408203125,-0.4033660888671875,1.07720947265625,0.002777099609375
1780625282625214200,63.86921411132813,-0.4704437255859375,1.06597900390625,-0.004547119140625
1780625282635243300,63.8792431640625,-0.5543670654296875,1.099884033203125,-0.014556884765625
1780625282645273000,63.88927319335937,-0.64715576171875,1.1931915283203125,-0.01226806640625
1780625282655302100,63.89930224609375,-0.712799072265625,1.296966552734375,-0.0015106201171875
1780625282665332000,63.90933203125,-0.7310028076171875,1.3488616943359375,0.0164794921875
1780625282675361300,63.919361328125,-0.74530029296875,1.335723876953125,0.017730712890625
1780625282685391000,63.92939111328125,-0.761505126953125,1.282684326171875,-0.0008087158203125
1780625282695421200,63.93942114257813,-0.7399749755859375,1.1796722412109375,-0.0427093505859375
1780625282705450000,63.94944995117187,-0.6967926025390625,1.0459136962890625,-0.0714874267578125
1780625282715480000,63.95947998046875,-0.6340789794921875,0.94244384765625,-0.0904541015625
1780625282725509000,63.969509033203124,-0.595428466796875,0.930419921875,-0.1043701171875
1780625282735539200,63.979539306640625,-0.59832763671875,0.9878692626953125,-0.1132049560546875
1780625282745568300,63.989568359375,-0.604278564453125,1.0546112060546875,-0.123260498046875
1780625282755598000,63.99959814453125,-0.598175048828125,1.1184539794921875,-0.1222686767578125
1780625282765627100,64.00962719726563,-0.597991943359375,1.170013427734375,-0.1082611083984375
1780625282775657200,64.0196572265625,-0.6313323974609375,1.2172698974609375,-0.081512451171875
1780625282785686300,64.02968627929687,-0.644012451171875,1.2227630615234375,-0.0688018798828125
1780625282795716000,64.03971606445313,-0.61163330078125,1.1338958740234375,-0.09405517578125
1780625282805745200,64.0497451171875,-0.5623626708984375,1.0076141357421875,-0.152862548828125
1780625282815775200,64.05977514648437,-0.4805450439453125,0.88873291015625,-0.20404052734375
1780625282825804300,64.06980419921875,-0.388275146484375,0.7871856689453125,-0.2556304931640625
1780625282835834400,64.07983447265624,-0.3037567138671875,0.69842529296875,-0.2915802001953125
1780625282845863200,64.08986328125,-0.2133941650390625,0.6056060791015625,-0.3013916015625
1780625282855893200,64.09989331054688,-0.106414794921875,0.4941864013671875,-0.2886810302734375
1780625282865922300,64.10992236328126,0.00445556640625,0.36749267578125,-0.274688720703125
1780625282875952000,64.1199521484375,0.0758209228515625,0.21990966796875,-0.2828369140625
1780625282885981200,64.12998120117187,0.1611480712890625,0.0957794189453125,-0.29119873046875
1780625282896011000,64.14001098632812,0.2095184326171875,0.0421600341796875,-0.3023834228515625
1780625282906040000,64.1500400390625,0.1984405517578125,0.025909423828125,-0.3251495361328125
1780625282916070100,64.16007006835937,0.1584625244140625,0.0283966064453125,-0.3479461669921875
1780625282926099000,64.17009887695312,0.1107940673828125,0.050628662109375,-0.3813323974609375
1780625282936129000,64.18012890625,0.1092529296875,0.10498046875,-0.421142578125
1780625282946158000,64.19015795898437,0.1247100830078125,0.170867919921875,-0.440643310546875
1780625282956188200,64.20018823242188,0.1293182373046875,0.2815704345703125,-0.406036376953125
1780625282966217000,64.21021704101562,0.0588531494140625,0.47808837890625,-0.317535400390625
1780625282976247000,64.2202470703125,-0.1168670654296875,0.6707305908203125,-0.2251129150390625
1780625282986276000,64.23027612304688,-0.3548583984375,0.7735748291015625,-0.165771484375
1780625282996306200,64.24030615234375,-0.6149444580078125,0.7716827392578125,-0.103363037109375
1780625283006335200,64.25033520507813,-1.060699462890625,0.6481781005859375,-0.021026611328125
1780625283016365000,64.26036499023438,-1.3701934814453125,0.3963470458984375,0.09747314453125
1780625283026394000,64.27039404296875,-1.1952362060546875,0.1100921630859375,0.255218505859375
1780625283036424200,64.28042407226563,-0.5359039306640625,0.052581787109375,0.2755279541015625
1780625283046453200,64.29045336914062,0.196990966796875,0.2412261962890625,0.282440185546875
1780625283056483300,64.3004833984375,0.3987274169921875,0.3582916259765625,0.2960052490234375
1780625283066512100,64.31051220703125,-0.0323486328125,0.6458892822265625,0.43280029296875
1780625283076542200,64.32054223632812,-0.7653656005859375,1.677459716796875,0.998870849609375
1780625283086571300,64.3305712890625,-0.7207489013671875,4.5369720458984375,2.178802490234375
1780625283096601300,64.34060131835938,-0.72808837890625,5.1273193359375,2.456024169921875
1780625283106630100,64.35063012695312,-1.873931884765625,1.1579742431640625,1.4575042724609375
1780625283116660200,64.36066015625,-1.8683319091796875,-0.048248291015625,0.78143310546875
1780625283126689300,64.37068920898437,-0.75994873046875,0.0458831787109375,-0.1468353271484375
1780625283136719000,64.38071899414062,-0.034423828125,0.525390625,-0.6061248779296875
1780625283146748200,64.390748046875,0.1853485107421875,0.9111175537109375,-0.269866943359375
1780625283156778000,64.40077807617187,0.6643524169921875,0.7225799560546875,-0.2803497314453125
1780625283166807300,64.41080737304688,0.5490264892578125,0.4126129150390625,-0.497222900390625
1780625283176837000,64.42083715820313,0.21087646484375,0.3538055419921875,-0.5548553466796875
1780625283186866000,64.43086596679687,-0.11907958984375,0.5286712646484375,-0.4188995361328125
1780625283196896000,64.44089599609374,-0.3055419921875,0.9755859375,-0.1000518798828125
1780625283206926000,64.45092602539063,0.04840087890625,1.696807861328125,0.2665557861328125
1780625283216955100,64.460955078125,0.4146881103515625,2.63824462890625,0.7397918701171875
1780625283226985200,64.47098510742188,0.8048553466796875,2.7243194580078125,1.12408447265625
1780625283237014000,64.48101391601563,0.8492889404296875,1.8366851806640625,1.2856903076171875
1780625283247044000,64.49104418945312,0.533966064453125,0.8447265625,1.1460723876953125
1780625283257073200,64.5010732421875,0.413177490234375,0.1991424560546875,0.9361572265625
1780625283267103200,64.51110327148437,0.4340972900390625,-0.108551025390625,0.769866943359375
1780625283277132300,64.52113232421875,0.3334197998046875,-0.0764923095703125,0.6647186279296875
1780625283287162000,64.531162109375,0.1577911376953125,0.2122650146484375,0.636627197265625
1780625283297191200,64.54119116210937,0.079986572265625,0.5655364990234375,0.7022247314453125
1780625283307221200,64.55122119140626,0.104705810546875,0.7985076904296875,0.8083648681640625
1780625283317250300,64.56125024414062,0.194671630859375,0.8886260986328125,0.887725830078125
1780625283327280000,64.57128002929687,0.2953643798828125,0.865386962890625,0.9232330322265625
1780625283337309200,64.58130908203125,0.2950439453125,0.78765869140625,0.9386444091796875
1780625283347339300,64.59133935546875,0.2375335693359375,0.62115478515625,0.959014892578125
1780625283357368300,64.60136840820313,0.108612060546875,0.432861328125,1.024749755859375
1780625283367398100,64.61139819335938,-0.0550689697265625,0.32257080078125,1.1269073486328125
1780625283377427200,64.62142724609375,-0.091461181640625,0.251007080078125,1.2238922119140625
1780625283387457000,64.63145703125,0.0644378662109375,0.1148529052734375,1.3366851806640625
1780625283397486000,64.64148608398438,0.2237396240234375,-0.0841064453125,1.4544525146484375
1780625283407516000,64.65151586914062,0.239501953125,-0.22802734375,1.483367919921875
1780625283417545000,64.661544921875,0.224945068359375,-0.239105224609375,1.3714599609375
1780625283427575000,64.67157495117188,0.245147705078125,-0.1449432373046875,1.179107666015625
1780625283437603800,64.68160375976562,0.2395477294921875,0.1093597412109375,0.83258056640625
1780625283447634000,64.69163403320313,0.247314453125,0.2108612060546875,0.520294189453125
1780625283457663000,64.7016630859375,0.23486328125,0.2475128173828125,0.3121490478515625
1780625283467693000,64.71169311523437,0.2116241455078125,0.2858428955078125,0.1724090576171875
1780625283477721900,64.72172192382813,0.182403564453125,0.3245697021484375,0.0966644287109375
1780625283487752000,64.731751953125,0.178466796875,0.3816986083984375,0.054901123046875
1780625283497781000,64.74178100585938,0.1962432861328125,0.4565582275390625,0.0346527099609375
1780625283507811000,64.75181103515625,0.2070159912109375,0.5574493408203125,0.052276611328125
1780625283517840100,64.76184008789062,0.2020721435546875,0.6662445068359375,0.0914764404296875
1780625283527870000,64.77186987304688,0.14801025390625,0.7645416259765625,0.1295623779296875
1780625283537899000,64.78189892578125,0.039398193359375,0.862030029296875,0.17926025390625
1780625283547929000,64.79192919921876,-0.02032470703125,0.975341796875,0.247467041015625
1780625283557958100,64.80195825195312,-0.0480499267578125,1.0999298095703125,0.3447418212890625
1780625283567988000,64.81198803710937,-0.08258056640625,1.2592010498046875,0.49951171875
1780625283578017000,64.82201708984375,-0.1138763427734375,1.403778076171875,0.6909942626953125
1780625283588047000,64.83204711914063,-0.14874267578125,1.4124755859375,0.8258819580078125
1780625283598076200,64.842076171875,-0.1339263916015625,1.2812347412109375,0.9996337890625
1780625283608106200,64.85210620117188,0.1058349609375,0.9874725341796875,1.27655029296875
1780625283618135000,64.86213500976562,0.1552734375,0.7733154296875,1.397369384765625
1780625283628165000,64.8721650390625,0.0310211181640625,0.6800384521484375,1.2999420166015625
1780625283638194200,64.88219409179688,0.01275634765625,0.5978851318359375,1.26422119140625
1780625283648224000,64.89222412109375,0.1067657470703125,0.5256195068359375,1.334259033203125
1780625283658253000,64.90225317382813,0.061431884765625,0.53802490234375,1.330718994140625
1780625283668283000,64.91228295898438,-0.042938232421875,0.5959320068359375,1.2170562744140625
1780625283678312000,64.92231201171874,-0.0221099853515625,0.6794586181640625,0.9698028564453125
1780625283688342000,64.93234204101563,-0.01727294921875,0.719390869140625,0.730560302734375
1780625283698370800,64.94237084960938,-0.0830841064453125,0.71575927734375,0.5965576171875
1780625283708401000,64.95240087890625,-0.16534423828125,0.696502685546875,0.5229034423828125
1780625283718430000,64.96242993164063,-0.2089996337890625,0.669647216796875,0.4817657470703125
1780625283728460000,64.9724599609375,-0.22906494140625,0.6308441162109375,0.486083984375
1780625283738489000,64.98248901367188,-0.2383575439453125,0.5923919677734375,0.4987030029296875
1780625283748519000,64.99251879882813,-0.195220947265625,0.5651397705078125,0.486053466796875
1780625283758548000,65.0025478515625,-0.1404571533203125,0.5621337890625,0.461029052734375
1780625283768578000,65.012578125,-0.1104736328125,0.591796875,0.4383392333984375
1780625283778607000,65.02260717773437,-0.1206512451171875,0.6437835693359375,0.427764892578125
1780625283788637000,65.03263696289062,-0.1371002197265625,0.6979522705078125,0.43341064453125
1780625283798666000,65.042666015625,-0.134063720703125,0.724334716796875,0.44549560546875
1780625283808696000,65.05269604492187,-0.130218505859375,0.7432403564453125,0.483551025390625
1780625283818725000,65.06272509765626,-0.1658477783203125,0.7491455078125,0.5440673828125
1780625283828755200,65.07275512695313,-0.2086181640625,0.7304840087890625,0.6058807373046875
1780625283838785000,65.08278491210937,-0.242767333984375,0.6967620849609375,0.677276611328125
1780625283848814000,65.09281396484376,-0.2659454345703125,0.648101806640625,0.7413787841796875
1780625283858844200,65.10284423828125,-0.2747955322265625,0.60076904296875,0.790008544921875
1780625283868873200,65.11287329101563,-0.269256591796875,0.5543212890625,0.8140411376953125
1780625283878903000,65.12290307617188,-0.2294464111328125,0.5253753662109375,0.8117828369140625
1780625283888932000,65.13293212890625,-0.1950225830078125,0.540771484375,0.7845611572265625
1780625283898962000,65.1429619140625,-0.181304931640625,0.59912109375,0.7555084228515625
1780625283908991000,65.15299096679688,-0.1816864013671875,0.6568450927734375,0.7357940673828125
1780625283919021000,65.16302099609375,-0.1795806884765625,0.7046051025390625,0.72784423828125
1780625283929049900,65.1730498046875,-0.16644287109375,0.73297119140625,0.7104644775390625
1780625283939080000,65.18307983398438,-0.1601715087890625,0.7159881591796875,0.6891632080078125
1780625283949109000,65.19310888671875,-0.14501953125,0.6827392578125,0.6579742431640625
1780625283959139000,65.20313916015625,-0.1345367431640625,0.668060302734375,0.6220855712890625
1780625283969168000,65.21316796875,-0.12237548828125,0.6720428466796875,0.5866851806640625
1780625283979198000,65.22319799804687,-0.12835693359375,0.6734161376953125,0.56512451171875
1780625283989227000,65.23322705078125,-0.149871826171875,0.667572021484375,0.555633544921875
1780625283999257000,65.24325708007812,-0.188262939453125,0.6667327880859375,0.542449951171875
1780625284009286000,65.25328588867187,-0.2523345947265625,0.6779022216796875,0.525146484375
1780625284019316000,65.26331591796875,-0.29376220703125,0.6954498291015625,0.5111083984375
1780625284029345000,65.27334497070312,-0.3087158203125,0.6804351806640625,0.510986328125
1780625284039375000,65.283375,-0.303955078125,0.643524169921875,0.52813720703125
1780625284049404200,65.29340405273437,-0.26507568359375,0.615753173828125,0.5433807373046875
1780625284059434000,65.30343408203125,-0.2039337158203125,0.5877532958984375,0.52545166015625
1780625284069463000,65.31346313476563,-0.14239501953125,0.5523834228515625,0.4893341064453125
1780625284079493000,65.3234931640625,-0.08758544921875,0.49163818359375,0.4384918212890625
1780625284089522200,65.33352221679688,-0.0630645751953125,0.4415740966796875,0.3838653564453125
1780625284099552000,65.34355200195313,-0.1001739501953125,0.4430694580078125,0.3614044189453125
1780625284109581000,65.3535810546875,-0.1576385498046875,0.4935150146484375,0.35980224609375
1780625284119611100,65.36361108398438,-0.236053466796875,0.6212005615234375,0.368194580078125
1780625284129640200,65.37364013671875,-0.329376220703125,0.8179931640625,0.4026031494140625
1780625284139670000,65.383669921875,-0.408416748046875,1.03656005859375,0.470489501953125
1780625284149699000,65.39369897460938,-0.4693450927734375,1.23748779296875,0.5514678955078125
1780625284159729000,65.40372900390625,-0.512664794921875,1.381866455078125,0.6309661865234375
1780625284169758200,65.41375830078125,-0.563262939453125,1.46295166015625,0.710784912109375
1780625284179788000,65.4237880859375,-0.607818603515625,1.485443115234375,0.74993896484375
1780625284189816800,65.43381689453125,-0.5674591064453125,1.3986663818359375,0.733428955078125
1780625284199847000,65.44384692382812,-0.6414947509765625,1.2567291259765625,0.6322784423828125
1780625284209876000,65.4538759765625,-0.751495361328125,1.1512451171875,0.51788330078125
1780625284219906000,65.46390600585937,-0.869537353515625,1.078338623046875,0.4237823486328125
1780625284229934800,65.47393481445313,-0.91998291015625,0.9792633056640625,0.328277587890625
1780625284239965000,65.48396484375,-0.7947998046875,0.908538818359375,0.2469635009765625
1780625284249994000,65.49399389648437,-0.6614990234375,0.881134033203125,0.1745758056640625
1780625284260024000,65.50402416992188,-0.5837249755859375,0.895233154296875,0.12091064453125
1780625284270053000,65.51405322265624,-0.5694580078125,0.978057861328125,0.074951171875
1780625284280083000,65.5240830078125,-0.6462249755859375,1.1022186279296875,0.0640106201171875
1780625284290112000,65.53411206054687,-0.7499542236328125,1.1949920654296875,0.05548095703125
1780625284300142000,65.54414208984375,-0.858642578125,1.2548980712890625,0.053131103515625
1780625284310171100,65.55417114257813,-0.9087677001953125,1.2529296875,0.0588226318359375
1780625284320201000,65.56420092773438,-0.8281707763671875,1.1452484130859375,0.0859222412109375
1780625284330230000,65.57422998046874,-0.712005615234375,0.9577789306640625,0.1549224853515625
1780625284340260000,65.58426000976563,-0.648773193359375,0.7947998046875,0.2650146484375
1780625284350289200,65.5942890625,-0.595947265625,0.7397308349609375,0.3772735595703125
1780625284360319200,65.6043193359375,-0.614837646484375,0.7485504150390625,0.497833251953125
1780625284370348000,65.61434814453125,-0.7022552490234375,0.7891387939453125,0.6436767578125
1780625284380378000,65.62437817382812,-0.76861572265625,0.8432464599609375,0.78570556640625
1780625284390407200,65.6344072265625,-0.8145599365234375,0.8643798828125,0.9326171875
1780625284400437000,65.64443701171875,-0.8266448974609375,0.838348388671875,1.122222900390625
1780625284410466300,65.65446630859375,-0.7149658203125,0.7784881591796875,1.27398681640625
1780625284420496100,65.66449609375,-0.494354248046875,0.7329559326171875,1.30352783203125
1780625284430525200,65.67452514648437,-0.3861541748046875,0.7708282470703125,1.2824249267578125
1780625284440555000,65.68455493164062,-0.334228515625,0.8332061767578125,1.2126617431640625
1780625284450584000,65.694583984375,-0.2835235595703125,0.9025726318359375,1.1217041015625
1780625284460614100,65.7046142578125,-0.1908111572265625,0.9513092041015625,1.0100860595703125
1780625284470643200,65.71464331054688,-0.14093017578125,0.9480133056640625,0.899444580078125
1780625284480673300,65.72467333984375,-0.189849853515625,0.924652099609375,0.8120269775390625
1780625284490702000,65.7347021484375,-0.2852935791015625,0.9063568115234375,0.714263916015625
1780625284500732200,65.74473217773438,-0.37884521484375,0.8597564697265625,0.6205902099609375
1780625284510761200,65.75476123046874,-0.4543914794921875,0.847198486328125,0.5601043701171875
1780625284520791300,65.76479125976563,-0.5067901611328125,0.8422698974609375,0.5164642333984375
1780625284530820000,65.77482006835938,-0.6057891845703125,0.8485870361328125,0.479278564453125
1780625284540850200,65.78485009765625,-0.708648681640625,0.8684539794921875,0.4559478759765625
1780625284550880300,65.79488037109375,-0.7942962646484375,0.8809814453125,0.4370574951171875
1780625284560909300,65.80490942382812,-0.85498046875,0.899871826171875,0.421051025390625
1780625284570939400,65.814939453125,-0.8682403564453125,0.8823394775390625,0.386016845703125
1780625284580968200,65.82496826171875,-0.846588134765625,0.85894775390625,0.3268585205078125
1780625284590998300,65.83499829101562,-0.8235626220703125,0.842010498046875,0.262298583984375
1780625284601027300,65.84502734375,-0.786773681640625,0.8970489501953125,0.2079315185546875
1780625284611057400,65.85505737304688,-0.682525634765625,0.921417236328125,0.1867828369140625
1780625284621086200,65.86508618164062,-0.6022186279296875,0.91143798828125,0.19189453125
1780625284631116000,65.87511596679687,-0.5302581787109375,0.94140625,0.22247314453125
1780625284641145300,65.88514526367187,-0.4710235595703125,0.98785400390625,0.2550048828125
1780625284651175200,65.89517504882812,-0.426910400390625,1.0110626220703125,0.2537078857421875
1780625284661204200,65.90520434570313,-0.3894500732421875,0.99395751953125,0.232391357421875
1780625284671234000,65.91523413085937,-0.3587799072265625,0.9511871337890625,0.190155029296875
1780625284681263000,65.92526318359376,-0.3322296142578125,0.92041015625,0.1513824462890625
1780625284691293200,65.93529321289063,-0.321014404296875,0.87481689453125,0.1109771728515625
1780625284701322200,65.945322265625,-0.33935546875,0.8423004150390625,0.0834197998046875
1780625284711352000,65.95535205078124,-0.37750244140625,0.8442535400390625,0.08050537109375
1780625284721381000,65.96538110351563,-0.3694610595703125,0.8342132568359375,0.099761962890625
1780625284731411200,65.9754111328125,-0.3436126708984375,0.7837677001953125,0.150665283203125
1780625284741440300,65.98544018554688,-0.3293914794921875,0.7449493408203125,0.2212677001953125
1780625284751470000,65.99546997070313,-0.293731689453125,0.71673583984375,0.29791259765625
1780625284761499100,66.0054990234375,-0.274169921875,0.6756591796875,0.3466033935546875
1780625284771529200,66.015529296875,-0.2124786376953125,0.590728759765625,0.3608551025390625
1780625284781558300,66.02555834960937,-0.1607818603515625,0.496368408203125,0.3483123779296875
1780625284791588400,66.03558837890625,-0.1069488525390625,0.4634857177734375,0.3271331787109375
1780625284801617200,66.0456171875,-0.0373687744140625,0.5325775146484375,0.33575439453125
1780625284811647200,66.05564721679687,0.023651123046875,0.6822052001953125,0.377655029296875
1780625284821676300,66.06567626953125,0.04486083984375,0.8424530029296875,0.4401397705078125
1780625284831706400,66.07570629882812,0.0176239013671875,0.8931884765625,0.5110931396484375
1780625284841735200,66.08573510742187,-0.050445556640625,0.735260009765625,0.4847869873046875
1780625284851765200,66.09576513671875,-0.143890380859375,0.5176544189453125,0.3557586669921875
1780625284861794300,66.10579418945312,-0.191650390625,0.454345703125,0.2680511474609375
1780625284871824400,66.11582446289063,-0.20635986328125,0.5272064208984375,0.2368621826171875
1780625284881853200,66.12585327148437,-0.195892333984375,0.6595001220703125,0.290557861328125
1780625284891883000,66.13588305664062,-0.1326751708984375,0.7069549560546875,0.3445587158203125
1780625284901912300,66.14591235351563,-0.068206787109375,0.627899169921875,0.3565826416015625
1780625284911942100,66.15594213867188,-0.0485382080078125,0.5549468994140625,0.3686065673828125
1780625284921971200,66.16597119140626,-0.061676025390625,0.551177978515625,0.392120361328125
1780625284932001000,66.1760009765625,-0.0808563232421875,0.5818634033203125,0.44781494140625
1780625284942030000,66.18603002929687,-0.087493896484375,0.5948944091796875,0.5110015869140625
1780625284952060200,66.19606005859374,-0.12322998046875,0.596282958984375,0.550994873046875
1780625284962089200,66.20608911132813,-0.14239501953125,0.6379852294921875,0.5840606689453125
1780625284972119000,66.216119140625,-0.132354736328125,0.676300048828125,0.6004638671875
1780625284982148000,66.22614819335938,-0.1057281494140625,0.635009765625,0.57476806640625
1780625284992178200,66.23617822265625,-0.0422515869140625,0.5516357421875,0.551544189453125
1780625285002207200,66.24620727539063,0.00384521484375,0.4827423095703125,0.4942474365234375
1780625285012237300,66.2562373046875,-0.028656005859375,0.481201171875,0.427276611328125
1780625285022266000,66.26626611328125,-0.1272735595703125,0.5578765869140625,0.4071197509765625
1780625285032296200,66.27629614257812,-0.204437255859375,0.6791839599609375,0.431732177734375
1780625285042325200,66.2863251953125,-0.2118682861328125,0.7747955322265625,0.5081634521484375
1780625285052355300,66.29635522460937,-0.1669769287109375,0.7845306396484375,0.6011962890625
1780625285062384000,66.30638403320313,-0.115814208984375,0.786590576171875,0.662353515625
1780625285072414200,66.31641430664062,-0.110595703125,0.818145751953125,0.6878204345703125
1780625285082443300,66.326443359375,-0.120819091796875,0.884735107421875,0.6710357666015625
1780625285092473300,66.33647338867188,-0.167938232421875,0.884521484375,0.550994873046875
1780625285102502100,66.34650219726562,-0.2672271728515625,0.8002777099609375,0.3896942138671875
1780625285112532200,66.3565322265625,-0.3363189697265625,0.74468994140625,0.299407958984375
1780625285122561300,66.36656127929687,-0.310272216796875,0.7149200439453125,0.305816650390625
1780625285132591400,66.37659130859375,-0.242828369140625,0.6963958740234375,0.419219970703125
1780625285142620200,66.3866201171875,-0.159912109375,0.6443939208984375,0.5617828369140625
1780625285152650200,66.39665014648438,-0.129486083984375,0.6334228515625,0.6005401611328125
1780625285162679300,66.40667919921874,-0.195343017578125,0.68121337890625,0.612396240234375
1780625285172709000,66.41670922851563,-0.2978515625,0.766571044921875,0.60931396484375
1780625285182738400,66.42673852539062,-0.3291473388671875,0.7485809326171875,0.5469512939453125
1780625285192768000,66.43676806640624,-0.2821807861328125,0.6580657958984375,0.4781341552734375
1780625285202797000,66.44679711914063,-0.2190093994140625,0.60101318359375,0.426025390625
1780625285212827100,66.4568271484375,-0.152618408203125,0.622650146484375,0.45245361328125
1780625285222856200,66.46685620117188,-0.096435546875,0.6856536865234375,0.558319091796875
1780625285232886300,66.47688623046875,-0.12384033203125,0.7750701904296875,0.6673583984375
1780625285242915000,66.4869150390625,-0.20440673828125,0.900604248046875,0.78936767578125
1780625285252945200,66.49694506835938,-0.2534027099609375,1.0087127685546875,0.94110107421875
1780625285262974200,66.50697412109375,-0.265533447265625,0.98919677734375,1.0421295166015625
1780625285273004300,66.51700439453126,-0.2551727294921875,0.86065673828125,1.0153656005859375
1780625285283033000,66.527033203125,-0.2430267333984375,0.761749267578125,0.891998291015625
1780625285293063200,66.53706323242187,-0.1767578125,0.7247314453125,0.765899658203125
1780625285303092200,66.54709228515625,-0.093719482421875,0.7601318359375,0.6793212890625
1780625285313122300,66.55712231445312,-0.083984375,0.809478759765625,0.641632080078125
1780625285323151000,66.56715112304687,-0.1484222412109375,0.8180694580078125,0.6506500244140625
1780625285333181200,66.57718115234375,-0.2069854736328125,0.8019561767578125,0.66363525390625
1780625285343210200,66.58721020507812,-0.2281646728515625,0.8139495849609375,0.70477294921875
1780625285353240300,66.597240234375,-0.2115631103515625,0.805084228515625,0.7744140625
1780625285363269000,66.60726904296875,-0.187896728515625,0.7488861083984375,0.8047027587890625
1780625285373299200,66.61729931640625,-0.19940185546875,0.6845855712890625,0.7744293212890625
1780625285383328300,66.62732836914063,-0.2331390380859375,0.67333984375,0.71575927734375
1780625285393358000,66.63735815429688,-0.217193603515625,0.7209930419921875,0.684356689453125
1780625285403387100,66.64738720703124,-0.1822967529296875,0.7582244873046875,0.6891632080078125
1780625285413417200,66.65741723632813,-0.1654510498046875,0.7527313232421875,0.71295166015625
1780625285423446000,66.66744604492187,-0.1798553466796875,0.717437744140625,0.74761962890625
1780625285433476000,66.67747607421875,-0.2134857177734375,0.6535186767578125,0.78900146484375
1780625285443505200,66.68750512695313,-0.217987060546875,0.579681396484375,0.8362274169921875
1780625285453535000,66.69753491210938,-0.2000732421875,0.5314788818359375,0.87994384765625
1780625285463564000,66.70756396484374,-0.1914215087890625,0.533050537109375,0.909271240234375
1780625285473593900,66.71759375,-0.2002105712890625,0.543426513671875,0.920166015625
1780625285483623000,66.72762280273437,-0.15423583984375,0.5735931396484375,0.863067626953125
1780625285493653000,66.73765307617188,-0.1224517822265625,0.56610107421875,0.793121337890625
1780625285503682000,66.74768212890625,-0.146575927734375,0.53448486328125,0.725128173828125
1780625285513711900,66.7577119140625,-0.1877593994140625,0.5530242919921875,0.6700592041015625
1780625285523742000,66.76774194335937,-0.216583251953125,0.5502166748046875,0.6431427001953125
1780625285533771000,66.77777099609375,-0.2127227783203125,0.5174407958984375,0.65667724609375
1780625285543801000,66.78780102539062,-0.196197509765625,0.442535400390625,0.6806793212890625
1780625285553830100,66.797830078125,-0.1846923828125,0.366302490234375,0.6821136474609375
1780625285563860000,66.80785986328125,-0.1919708251953125,0.3260498046875,0.6579437255859375
1780625285573889000,66.81788891601562,-0.22344970703125,0.2815399169921875,0.5970458984375
1780625285583918000,66.82791796875,-0.240264892578125,0.22149658203125,0.49591064453125
1780625285593948200,66.8379482421875,-0.275634765625,0.1920623779296875,0.40380859375
1780625285603978000,66.84797802734376,-0.295257568359375,0.1787872314453125,0.34185791015625
1780625285614007000,66.85800708007812,-0.2444305419921875,0.18621826171875,0.3118896484375
1780625285624037000,66.868037109375,-0.232269287109375,0.20751953125,0.316864013671875
1780625285634066200,66.87806616210938,-0.2335205078125,0.258026123046875,0.406005859375
1780625285644096300,66.88809619140625,-0.184326171875,0.3781585693359375,0.5422210693359375
1780625285654125000,66.898125,-0.1311187744140625,0.441314697265625,0.71697998046875
1780625285664155000,66.90815478515626,-0.094940185546875,0.4655914306640625,0.856719970703125
1780625285674184200,66.91818408203125,-0.0901031494140625,0.4234619140625,0.9315185546875
1780625285684214000,66.92821411132813,-0.121002197265625,0.3425750732421875,0.9468994140625
1780625285694243000,66.9382431640625,-0.157379150390625,0.27032470703125,0.9175567626953125
1780625285704273000,66.94827294921875,-0.186737060546875,0.2601318359375,0.8921966552734375
1780625285714302000,66.95830200195313,-0.220947265625,0.3007659912109375,0.8742218017578125
1780625285724332000,66.96833203125,-0.2630157470703125,0.367095947265625,0.8761444091796875
1780625285734360800,66.97836083984375,-0.27484130859375,0.4263916015625,0.8952178955078125
1780625285744391000,66.98839086914063,-0.2764892578125,0.434722900390625,0.890106201171875
1780625285754420000,66.998419921875,-0.2972412109375,0.3990936279296875,0.8651123046875
1780625285764450000,67.00844995117187,-0.3172607421875,0.3598785400390625,0.8452606201171875
1780625285774479000,67.01847900390625,-0.302520751953125,0.3321533203125,0.82989501953125
1780625285784509000,67.02850903320312,-0.2278900146484375,0.3256683349609375,0.8232879638671875
1780625285794538000,67.0385380859375,-0.1406402587890625,0.307952880859375,0.7987060546875
1780625285804568000,67.04856811523437,-0.0409698486328125,0.29656982421875,0.76263427734375
1780625285814597000,67.05859716796876,0.0420989990234375,0.2887420654296875,0.7256927490234375
1780625285824627000,67.068626953125,0.0687255859375,0.2659149169921875,0.683868408203125
1780625285834656000,67.07865600585937,0.0859222412109375,0.25946044921875,0.63037109375
1780625285844686000,67.08868603515624,0.1129302978515625,0.288177490234375,0.586944580078125
1780625285854715100,67.09871508789062,0.1576690673828125,0.352996826171875,0.574432373046875
1780625285864745200,67.1087451171875,0.1495208740234375,0.4289703369140625,0.5747528076171875
1780625285874774000,67.11877392578126,0.09027099609375,0.4928741455078125,0.5557098388671875
1780625285884804000,67.12880419921875,0.0319671630859375,0.5557861328125,0.5513916015625
1780625285894833200,67.13883325195313,-0.0887451171875,0.603790283203125,0.6239166259765625
1780625285904863200,67.14886328125,-0.298614501953125,0.7386016845703125,0.8260955810546875
1780625285914892000,67.15889208984375,-0.3759765625,0.975372314453125,1.2452392578125
1780625285924922000,67.16892211914063,-0.5852813720703125,0.7080078125,1.5226898193359375
1780625285934951200,67.178951171875,-0.8264007568359375,0.3181304931640625,1.6274261474609375
1780625285944981000,67.18898095703125,-0.65521240234375,0.187713623046875,1.4905242919921875
1780625285955010000,67.19901000976563,-0.4673004150390625,0.403411865234375,1.2218017578125
1780625285965039900,67.20903979492188,-0.43524169921875,0.5997772216796875,0.955535888671875
1780625285975069000,67.21906884765625,-0.4738616943359375,0.65509033203125,0.798309326171875
1780625285985099000,67.22909912109375,-0.6254730224609375,0.81005859375,0.8447723388671875
1780625285995127800,67.2391279296875,-0.73089599609375,0.9996185302734375,1.021881103515625
1780625286005158000,67.24915795898437,-0.8462982177734375,1.0034942626953125,1.1153411865234375
1780625286015187000,67.25918701171875,-1.01251220703125,0.8460845947265625,1.101226806640625
1780625286025217000,67.26921704101562,-1.1259613037109375,0.663330078125,1.01470947265625
1780625286035246000,67.27924609375,-1.1252899169921875,0.4981536865234375,0.8736114501953125
1780625286045276000,67.28927587890625,-0.998870849609375,0.34735107421875,0.7214508056640625
1780625286055305000,67.29930493164062,-0.8046417236328125,0.233856201171875,0.6052093505859375
1780625286065335000,67.3093349609375,-0.612274169921875,0.1610565185546875,0.540283203125
1780625286075364000,67.31936401367187,-0.4733428955078125,0.1296844482421875,0.5135498046875
1780625286085394200,67.32939428710938,-0.3976898193359375,0.149505615234375,0.5280914306640625
1780625286095423000,67.33942309570313,-0.3773651123046875,0.19696044921875,0.585235595703125
1780625286105453000,67.349453125,-0.3892059326171875,0.26007080078125,0.6660919189453125
1780625286115482000,67.35948217773438,-0.3969573974609375,0.34234619140625,0.7400970458984375
1780625286125512200,67.36951220703125,-0.4043426513671875,0.4398040771484375,0.7930450439453125
1780625286135541000,67.379541015625,-0.4024658203125,0.532562255859375,0.8270111083984375
1780625286145571000,67.38957104492188,-0.3966064453125,0.588714599609375,0.82452392578125
1780625286155600100,67.39960009765625,-0.419891357421875,0.60699462890625,0.7829437255859375
1780625286165630200,67.40963012695312,-0.463226318359375,0.621368408203125,0.7228240966796875
1780625286175659000,67.41965893554688,-0.5055694580078125,0.6284942626953125,0.6495819091796875
1780625286185689000,67.42968920898437,-0.5400543212890625,0.6122894287109375,0.5581207275390625
1780625286195718100,67.43971826171875,-0.551849365234375,0.6003875732421875,0.4882659912109375
1780625286205748000,67.449748046875,-0.5442047119140625,0.5683441162109375,0.44708251953125
1780625286215777000,67.45977709960937,-0.563018798828125,0.499267578125,0.429840087890625
1780625286225806800,67.46980688476563,-0.6009521484375,0.4365997314453125,0.4349517822265625
1780625286235836000,67.4798359375,-0.6410980224609375,0.431976318359375,0.485382080078125
1780625286245866000,67.48986596679687,-0.6579132080078125,0.466705322265625,0.5982208251953125
1780625286255895000,67.49989501953125,-0.6298065185546875,0.4735260009765625,0.7281036376953125
1780625286265924900,67.5099248046875,-0.559967041015625,0.444793701171875,0.8267059326171875
1780625286275954000,67.51995385742188,-0.4513702392578125,0.421112060546875,0.87890625
1780625286285984000,67.52998388671875,-0.342041015625,0.45562744140625,0.905792236328125
1780625286296013000,67.54001293945312,-0.212127685546875,0.477813720703125,0.9012451171875
1780625286306043100,67.55004321289063,-0.1383819580078125,0.4969940185546875,0.85089111328125
1780625286316072000,67.56007202148437,-0.2085418701171875,0.5584869384765625,0.7406005859375
1780625286326102000,67.57010205078124,-0.3653411865234375,0.591400146484375,0.6163787841796875
1780625286336131000,67.58013110351563,-0.474029541015625,0.5743560791015625,0.51458740234375
1780625286346161200,67.5901611328125,-0.5589599609375,0.5469818115234375,0.45794677734375
1780625286356190000,67.60018994140626,-0.605499267578125,0.5348968505859375,0.43695068359375
1780625286366220000,67.61021997070313,-0.6473541259765625,0.5181884765625,0.464263916015625
1780625286376249000,67.6202490234375,-0.6678009033203125,0.470245361328125,0.52362060546875
1780625286386279200,67.63027905273438,-0.601837158203125,0.4427337646484375,0.6013946533203125
1780625286396308500,67.64030859375,-0.479522705078125,0.4730072021484375,0.6874237060546875
1780625286406338300,67.65033837890626,-0.3842010498046875,0.495208740234375,0.7355194091796875
1780625286416367400,67.66036743164062,-0.3815765380859375,0.4814453125,0.7332763671875
1780625286426397400,67.6703974609375,-0.4506072998046875,0.51007080078125,0.7394256591796875
1780625286436426500,67.68042651367188,-0.5259552001953125,0.6064605712890625,0.7678070068359375
1780625286446456300,67.69045629882812,-0.5367431640625,0.7357177734375,0.7855987548828125
1780625286456485400,67.7004853515625,-0.5395660400390625,0.8325347900390625,0.7659149169921875
1780625286466515200,67.71051513671875,-0.5223236083984375,0.8541259765625,0.7056427001953125
1780625286476544300,67.72054418945312,-0.540313720703125,0.8291473388671875,0.6442413330078125
1780625286486574300,67.73057421875,-0.575927734375,0.7680816650390625,0.593505859375
1780625286496603100,67.74060302734375,-0.5896759033203125,0.681884765625,0.542694091796875
1780625286506633200,67.75063330078125,-0.61572265625,0.611602783203125,0.5103759765625
1780625286516662300,67.76066235351563,-0.6036834716796875,0.537200927734375,0.52203369140625
1780625286526692400,67.7706923828125,-0.539306640625,0.47216796875,0.5456085205078125
1780625286536721200,67.78072119140624,-0.452239990234375,0.5224609375,0.5451507568359375
1780625286546751200,67.79075122070313,-0.3825531005859375,0.6531982421875,0.5646514892578125
1780625286556780300,67.8007802734375,-0.3787689208984375,0.776947021484375,0.5971832275390625
1780625286566810400,67.81081030273438,-0.4149322509765625,0.8481292724609375,0.62628173828125
1780625286576839200,67.82083911132813,-0.4705657958984375,0.8721160888671875,0.645782470703125
1780625286586869200,67.830869140625,-0.562408447265625,0.85247802734375,0.64556884765625
1780625286596898300,67.84089819335938,-0.6951904296875,0.7717437744140625,0.6259918212890625
1780625286606928400,67.85092846679687,-0.812957763671875,0.6610260009765625,0.595916748046875
1780625286616957400,67.86095751953125,-0.8277740478515625,0.561126708984375,0.5768585205078125
1780625286626987300,67.8709873046875,-0.784820556640625,0.528289794921875,0.6219940185546875
1780625286637016300,67.88101635742187,-0.687774658203125,0.5172119140625,0.673675537109375
1780625286647046400,67.89104638671876,-0.5428924560546875,0.4683074951171875,0.6578826904296875
1780625286657075500,67.90107543945312,-0.387237548828125,0.41497802734375,0.595458984375
1780625286667105500,67.91110546875,-0.2713470458984375,0.42144775390625,0.544525146484375
1780625286677134300,67.92113427734375,-0.19964599609375,0.510223388671875,0.5227508544921875
1780625286687164400,67.93116430664062,-0.22100830078125,0.6285858154296875,0.5388031005859375
1780625286697193500,67.941193359375,-0.331756591796875,0.727203369140625,0.6050567626953125
1780625286707223300,67.95122338867188,-0.477691650390625,0.7924346923828125,0.682098388671875
1780625286717252400,67.96125244140624,-0.596099853515625,0.8476409912109375,0.74542236328125
1780625286727282200,67.9712822265625,-0.65203857421875,0.8765869140625,0.7538604736328125
1780625286737311500,67.9813115234375,-0.6415252685546875,0.88006591796875,0.6874847412109375
1780625286747341300,67.99134130859375,-0.5562896728515625,0.8502655029296875,0.581787109375
1780625286757370000,68.0013701171875,-0.4514923095703125,0.809906005859375,0.4940948486328125
1780625286767400200,68.01140014648438,-0.3630523681640625,0.7770233154296875,0.4617919921875
1780625286777429200,68.02142919921874,-0.339385986328125,0.758087158203125,0.4980926513671875
1780625286787459300,68.03145922851563,-0.349517822265625,0.7875213623046875,0.5867919921875
1780625286797488000,68.04148803710937,-0.3819732666015625,0.7928466796875,0.653167724609375
1780625286807518200,68.05151831054687,-0.4119110107421875,0.79071044921875,0.694305419921875
1780625286817547300,68.06154736328125,-0.421142578125,0.7834320068359375,0.7129669189453125
1780625286827577300,68.07157739257812,-0.4209747314453125,0.760894775390625,0.7027435302734375
1780625286837606400,68.0816064453125,-0.405364990234375,0.7643890380859375,0.7011871337890625
1780625286847636200,68.09163623046875,-0.37548828125,0.781463623046875,0.7126617431640625
1780625286857665300,68.10166528320312,-0.3704833984375,0.7805328369140625,0.725860595703125
1780625286867695400,68.1116953125,-0.3998870849609375,0.7791290283203125,0.7473297119140625
1780625286877724400,68.12172436523437,-0.4416046142578125,0.753387451171875,0.7566680908203125
1780625286887754500,68.13175439453126,-0.5018768310546875,0.7164154052734375,0.76397705078125
1780625286897783300,68.141783203125,-0.5455780029296875,0.72540283203125,0.7889251708984375
1780625286907813400,68.1518134765625,-0.56243896484375,0.75146484375,0.8338165283203125
1780625286917842400,68.16184252929688,-0.56536865234375,0.7483673095703125,0.8680877685546875
1780625286927872500,68.17187255859375,-0.5679168701171875,0.7149505615234375,0.8785858154296875
1780625286937901300,68.1819013671875,-0.56964111328125,0.695709228515625,0.892425537109375
1780625286947931400,68.19193139648438,-0.5631866455078125,0.6596221923828125,0.8975067138671875
1780625286957960400,68.20196044921875,-0.53826904296875,0.5876312255859375,0.8619232177734375
1780625286967990300,68.211990234375,-0.5263824462890625,0.484893798828125,0.7904205322265625
1780625286978019300,68.22201928710938,-0.4711151123046875,0.3434906005859375,0.6992950439453125
1780625286988049200,68.23204907226562,-0.3841552734375,0.2092437744140625,0.614501953125
1780625286998078500,68.24207836914063,-0.2688751220703125,0.1036376953125,0.5405120849609375
1780625287008108300,68.2521083984375,-0.1192779541015625,0.052764892578125,0.4612579345703125
1780625287018137300,68.26213745117188,0.01165771484375,0.0707550048828125,0.37744140625
1780625287028167200,68.27216723632813,0.1208038330078125,0.12835693359375,0.2841644287109375
1780625287038196200,68.2821962890625,0.158355712890625,0.1843719482421875,0.1748809814453125
1780625287048226300,68.29222631835937,0.0989990234375,0.1828155517578125,0.0695953369140625
1780625287058255400,68.30225537109375,0.0424346923828125,0.16448974609375,-0.02813720703125
1780625287068285200,68.31228515625,0.029449462890625,0.1613616943359375,-0.08978271484375
1780625287078314200,68.32231420898438,0.019500732421875,0.1703338623046875,-0.1217041015625
1780625287088344300,68.33234423828125,0.034027099609375,0.187255859375,-0.1229705810546875
1780625287098373400,68.34237329101562,0.025787353515625,0.2149200439453125,-0.0995635986328125
1780625287108403200,68.3524033203125,-0.0740509033203125,0.2529296875,-0.0169525146484375
1780625287118432300,68.36243237304687,-0.3112945556640625,0.295867919921875,0.1381072998046875
1780625287128462300,68.37246240234376,-0.826446533203125,0.2984161376953125,0.427825927734375
1780625287138491400,68.38249145507812,-1.402740478515625,0.53173828125,0.8370208740234375
1780625287148521500,68.392521484375,-1.839630126953125,0.938232421875,1.3240966796875
1780625287158550300,68.40255029296875,-1.676025390625,1.3814697265625,1.6939239501953125
1780625287168580400,68.41258032226563,-1.0903167724609375,1.448089599609375,1.8616485595703125
1780625287178609400,68.422609375,-0.3032073974609375,1.1559600830078125,1.5430908203125
1780625287188639500,68.43263940429688,0.756256103515625,1.058929443359375,0.9870452880859375
1780625287198668300,68.44266821289062,0.3369598388671875,0.6003265380859375,0.74444580078125
1780625287208698400,68.45269848632813,-0.1600189208984375,0.332427978515625,0.54705810546875
1780625287218727400,68.4627275390625,-0.2753753662109375,0.1164703369140625,0.3793792724609375
1780625287228757500,68.47275756835937,-0.3453521728515625,-0.008636474609375,0.39947509765625
1780625287238786300,68.48278637695313,-0.38446044921875,0.0154876708984375,0.46881103515625
1780625287248816000,68.49281616210938,-0.1155548095703125,0.1604461669921875,0.604248046875
1780625287258845400,68.50284545898438,0.114227294921875,0.4333953857421875,0.66558837890625
1780625287268875300,68.51287524414063,-0.0186309814453125,0.6363983154296875,0.8035736083984375
1780625287278904300,68.522904296875,-0.11834716796875,0.7121429443359375,0.940704345703125
1780625287288934100,68.53293408203125,-0.366058349609375,0.6058197021484375,0.9959869384765625
1780625287298963200,68.54296313476563,-0.4607696533203125,0.579010009765625,1.012451171875
1780625287308993300,68.5529931640625,-0.385528564453125,0.7512054443359375,1.0580596923828125
1780625287319022300,68.56302221679688,-0.265045166015625,0.9560699462890625,1.1489410400390625
1780625287329052200,68.57305224609375,0.154571533203125,1.167999267578125,1.0377044677734375
1780625287339081200,68.58308129882812,0.1667938232421875,0.9784698486328125,0.935577392578125
1780625287349111300,68.593111328125,0.1900482177734375,0.718597412109375,0.864166259765625
1780625287359140400,68.60314038085937,0.3724212646484375,0.58331298828125,0.7024383544921875
1780625287369170400,68.61317041015624,0.4126739501953125,0.44482421875,0.62591552734375
1780625287379199200,68.62319921875,0.3956298828125,0.344757080078125,0.6189727783203125
1780625287389229000,68.63322900390625,0.333251953125,0.287628173828125,0.6714630126953125
1780625287399258000,68.64325805664062,0.270355224609375,0.3410797119140625,0.7148284912109375
1780625287409288200,68.6532880859375,-0.0250091552734375,0.2327728271484375,0.829559326171875
1780625287419317200,68.66331713867187,-0.2761688232421875,0.0993499755859375,1.03704833984375
1780625287429347300,68.67334741210938,-0.224517822265625,0.1950836181640625,1.2393646240234375
1780625287439376100,68.68337622070312,0.035369873046875,0.522003173828125,1.301727294921875
1780625287449406200,68.69340625,0.1533355712890625,0.87591552734375,1.28564453125
1780625287459435300,68.70343530273438,0.2081451416015625,1.068695068359375,1.194854736328125
1780625287469465300,68.71346533203125,0.274871826171875,1.0670623779296875,1.046600341796875
1780625287479494100,68.723494140625,0.35955810546875,0.93658447265625,0.8798828125
1780625287489524200,68.73352416992188,0.4843902587890625,0.734222412109375,0.743499755859375
1780625287499553300,68.74355322265625,0.388671875,0.440704345703125,0.8287353515625
1780625287509583400,68.75358325195313,0.175689697265625,0.2241363525390625,1.0766448974609375
1780625287519612200,68.76361206054688,0.218658447265625,0.201751708984375,1.14617919921875
1780625287529642000,68.77364208984375,0.4408416748046875,0.4315948486328125,1.0629425048828125
1780625287539671300,68.78367138671875,0.7023162841796875,0.67510986328125,0.7659912109375
1780625287549701000,68.793701171875,0.4683380126953125,0.62628173828125,0.8333740234375
1780625287559730200,68.80373022460938,0.4300994873046875,0.6564178466796875,0.829864501953125
1780625287569760000,68.81376000976563,0.295654296875,0.4880218505859375,0.9507598876953125
1780625287579789000,68.8237890625,0.2707366943359375,0.5041656494140625,0.931396484375
1780625287589819100,68.83381909179687,0.2200469970703125,0.479522705078125,0.94378662109375
1780625287599848200,68.84384814453125,0.1116180419921875,0.4336700439453125,1.0244903564453125
1780625287609878000,68.8538779296875,0.0346221923828125,0.4308319091796875,1.0917816162109375
1780625287619907000,68.86390698242188,0.035491943359375,0.49407958984375,1.114990234375
1780625287629937200,68.87393725585937,0.0839385986328125,0.575439453125,1.0860443115234375
1780625287639966200,68.88396630859376,0.12957763671875,0.6179046630859375,1.0463714599609375
1780625287649996000,68.89399609375,0.1826171875,0.658294677734375,0.9700775146484375
1780625287660025000,68.90402514648437,0.319976806640625,0.762176513671875,0.782562255859375
1780625287670055200,68.91405517578124,0.4322662353515625,0.7521514892578125,0.6251068115234375
1780625287680084200,68.92408422851562,0.386474609375,0.599700927734375,0.61492919921875
1780625287690114300,68.9341142578125,0.3079376220703125,0.5261383056640625,0.679656982421875
1780625287700143000,68.94414306640626,0.18316650390625,0.4693145751953125,0.8160552978515625
1780625287710173200,68.95417309570313,0.0200347900390625,0.3223876953125,0.9528045654296875
1780625287720202200,68.9642021484375,-0.1659393310546875,0.161895751953125,1.09857177734375
1780625287730232300,68.974232421875,-0.16748046875,0.3465728759765625,1.2014312744140625
1780625287740261000,68.98426123046875,-0.216278076171875,0.3218994140625,1.109161376953125
1780625287750291200,68.99429125976563,-0.165557861328125,0.4301300048828125,1.0095367431640625
1780625287760320300,69.0043203125,-0.0350341796875,0.596954345703125,0.907806396484375
1780625287770350300,69.01435034179687,0.05950927734375,0.762725830078125,0.6848602294921875
1780625287780379100,69.02437915039063,0.00177001953125,0.674774169921875,0.7454833984375
1780625287790409200,69.0344091796875,-0.0396575927734375,0.538482666015625,0.8131103515625
1780625287800438300,69.04443823242187,0.18389892578125,0.626495361328125,0.815643310546875
1780625287810468000,69.05446801757813,0.29119873046875,0.64984130859375,0.8393402099609375
1780625287820497200,69.0644970703125,0.402679443359375,0.4201812744140625,0.81536865234375
1780625287830527000,69.07452685546875,0.4659881591796875,0.5313873291015625,0.9234771728515625
1780625287840556000,69.08455615234375,0.4052276611328125,0.6997222900390625,0.973419189453125
1780625287850586000,69.09458618164062,0.228302001953125,0.7316741943359375,0.9874267578125
1780625287860615200,69.104615234375,0.0517120361328125,0.655364990234375,0.9796600341796875
1780625287870645000,69.11464501953125,-0.0349578857421875,0.53057861328125,0.93701171875
1780625287880674000,69.12467407226562,-0.030242919921875,0.4078216552734375,0.88031005859375
1780625287890704100,69.1347041015625,0.0084075927734375,0.3155059814453125,0.8162078857421875
1780625287900733200,69.14473315429687,0.1145782470703125,0.3017120361328125,0.7694244384765625
1780625287910763300,69.15476318359374,0.2723236083984375,0.2958221435546875,0.741668701171875
1780625287920792000,69.1647919921875,0.386932373046875,0.3203582763671875,0.7436370849609375
1780625287930822100,69.174822265625,0.4110870361328125,0.24212646484375,0.7793731689453125
1780625287940851200,69.18485131835938,0.309295654296875,0.1657562255859375,0.8770294189453125
1780625287950881300,69.19488134765625,0.2492523193359375,0.32421875,0.8819427490234375
1780625287960910000,69.20491015625,0.1749725341796875,0.3206024169921875,0.9269561767578125
1780625287970940200,69.21494018554688,0.1180572509765625,0.432281494140625,0.6990203857421875
1780625287980969200,69.22496923828125,0.2290191650390625,0.44146728515625,0.4283447265625
1780625287990999300,69.23499926757812,0.3334808349609375,0.3682861328125,0.3930511474609375
1780625288001028000,69.24502807617188,0.342193603515625,0.479034423828125,0.49639892578125
1780625288011058200,69.25505810546875,0.2697601318359375,0.520233154296875,0.6202239990234375
1780625288021087200,69.26508715820313,0.183624267578125,0.5088958740234375,0.7138824462890625
1780625288031117300,69.27511743164062,0.10858154296875,0.5087432861328125,0.7796173095703125
1780625288041146000,69.28514599609375,0.05487060546875,0.4916839599609375,0.83624267578125
1780625288051176200,69.29517626953125,-0.0134429931640625,0.5107574462890625,0.9063873291015625
1780625288061205200,69.30520532226562,-0.0888824462890625,0.5234222412109375,0.96044921875
1780625288071235000,69.31523510742187,-0.1428680419921875,0.5900726318359375,1.0115509033203125
1780625288081264400,69.32526440429687,-0.129608154296875,0.6805877685546875,0.9691009521484375
1780625288091294000,69.3352939453125,-0.1074066162109375,0.5040435791015625,0.7624969482421875
1780625288101323000,69.34532299804688,-0.1602630615234375,0.405181884765625,0.683502197265625
1780625288111353000,69.35535302734375,-0.261077880859375,0.6072845458984375,0.7619171142578125
1780625288121382100,69.36538208007812,-0.2905120849609375,0.868194580078125,0.8148956298828125
1780625288131412200,69.375412109375,-0.3514251708984375,0.8393096923828125,0.7781219482421875
1780625288141441000,69.38544091796875,-0.472625732421875,0.7520904541015625,0.6940765380859375
1780625288151471000,69.39547119140624,-0.4253387451171875,0.562408447265625,0.6662445068359375
1780625288161500200,69.40550024414063,-0.25634765625,0.263671875,0.5960693359375
1780625288171530200,69.4155302734375,-0.3641815185546875,0.2906951904296875,0.5384063720703125
1780625288181559000,69.42555908203126,-0.486663818359375,0.471923828125,0.523406982421875
1780625288191589000,69.43558911132813,-0.4379730224609375,0.50323486328125,0.5064239501953125
1780625288201618200,69.4456181640625,-0.3060455322265625,0.440185546875,0.48638916015625
1780625288211648300,69.45564819335938,-0.20751953125,0.41448974609375,0.51239013671875
1780625288221677000,69.46567700195313,-0.2277984619140625,0.5087432861328125,0.60723876953125
1780625288231707100,69.47570703125,-0.2889556884765625,0.59130859375,0.7124786376953125
1780625288241736200,69.48573608398438,-0.2479400634765625,0.539031982421875,0.7166748046875
1780625288251766300,69.49576635742187,-0.162750244140625,0.445770263671875,0.7084808349609375
1780625288261795000,69.50579516601563,-0.0771942138671875,0.367523193359375,0.6750030517578125
1780625288271825200,69.5158251953125,-0.0190887451171875,0.3516845703125,0.6428070068359375
1780625288281854200,69.52585424804687,-0.002166748046875,0.3702239990234375,0.6378021240234375
1780625288291884300,69.53588427734375,-0.009124755859375,0.4306182861328125,0.6150054931640625
1780625288301913300,69.54591333007812,-0.1657257080078125,0.700958251953125,0.850067138671875
1780625288311943200,69.55594311523437,-0.19097900390625,0.790557861328125,0.9891204833984375
1780625288321972200,69.56597216796875,-0.059967041015625,0.6307525634765625,0.9768829345703125
1780625288332002000,69.576001953125,-0.0044403076171875,0.7319183349609375,1.0897064208984375
1780625288342031400,69.58603125,0.05499267578125,0.7729339599609375,1.1088409423828125
1780625288352061200,69.59606127929688,0.1349334716796875,0.728668212890625,1.067962646484375
1780625288362090000,69.60609008789062,0.2031402587890625,0.6717376708984375,1.041595458984375
1780625288372120000,69.6161201171875,0.2381591796875,0.5508880615234375,1.0431976318359375
1780625288382149000,69.62614916992187,0.2210235595703125,0.375335693359375,1.0449371337890625
1780625288392178700,69.6361787109375,0.1774444580078125,0.2727813720703125,1.0100860595703125
1780625288402207700,69.64620776367188,0.16094970703125,0.2616729736328125,0.83929443359375
1780625288412237800,69.65623779296875,0.1732635498046875,0.3838653564453125,0.62835693359375
1780625288422266600,69.6662666015625,0.1507720947265625,0.50390625,0.567718505859375
1780625288432296700,69.67629663085937,0.1149749755859375,0.5320587158203125,0.571807861328125
1780625288442325800,69.68632568359375,0.0995025634765625,0.56988525390625,0.7158660888671875
1780625288452355800,69.69635595703124,0.0644683837890625,0.63018798828125,0.89532470703125
1780625288462385000,69.70638500976563,0.063018798828125,0.6762542724609375,1.03045654296875
1780625288472414700,69.71641479492187,0.0841217041015625,0.7240447998046875,1.068023681640625
1780625288482443800,69.72644384765626,0.0881500244140625,0.780792236328125,1.008453369140625
1780625288492473900,69.73647387695313,-0.00115966796875,0.7612457275390625,0.913177490234375
1780625288502503000,69.7465029296875,-0.1279296875,0.706451416015625,0.795135498046875
1780625288512532700,69.75653271484374,-0.1457366943359375,0.62969970703125,0.721954345703125
1780625288522561800,69.76656176757812,-0.098052978515625,0.5755462646484375,0.710662841796875
1780625288532591900,69.776591796875,-0.031280517578125,0.5271453857421875,0.7685089111328125
1780625288542621000,69.78662084960938,0.007354736328125,0.5330963134765625,0.92803955078125
1780625288552651000,69.79665112304687,0.04168701171875,0.6173248291015625,1.10443115234375
1780625288562679800,69.8066796875,0.079498291015625,0.6107177734375,1.1973724365234375
1780625288572710000,69.8167099609375,0.0361480712890625,0.5074462890625,1.199798583984375
1780625288582739000,69.82673901367187,-0.022918701171875,0.4162445068359375,1.1339111328125
1780625288592769000,69.83676904296875,-0.0684661865234375,0.3847198486328125,1.0567474365234375
1780625288602797800,69.8467978515625,-0.07843017578125,0.37445068359375,1.0154876708984375
1780625288612828000,69.85682788085937,-0.0702972412109375,0.3550567626953125,1.0038909912109375
1780625288622857000,69.86685693359375,-0.0350494384765625,0.372772216796875,1.0105743408203125
1780625288632886800,69.87688671875,0.0329437255859375,0.4085845947265625,1.0094451904296875
1780625288642915800,69.88691577148437,0.1013031005859375,0.5174102783203125,1.030792236328125
1780625288652945700,69.89694555664063,0.1779632568359375,0.5940093994140625,1.0117340087890625
1780625288662974700,69.906974609375,0.226409912109375,0.593048095703125,0.935455322265625
1780625288673004800,69.9170048828125,0.223724365234375,0.5501708984375,0.8219146728515625
1780625288683033900,69.92703393554687,0.208221435546875,0.4725494384765625,0.7095184326171875
1780625288693063700,69.93706372070312,0.219696044921875,0.3856658935546875,0.625640869140625
1780625288703092700,69.9470927734375,0.2178497314453125,0.3109130859375,0.5547637939453125
1780625288713122800,69.95712280273438,0.212890625,0.277679443359375,0.564697265625
1780625288723152000,69.96715185546876,0.2016754150390625,0.265594482421875,0.5699005126953125
1780625288733181700,69.977181640625,0.209503173828125,0.2637176513671875,0.6020660400390625
1780625288743210800,69.98721069335937,0.2229461669921875,0.2796630859375,0.613494873046875
1780625288753240800,69.99724072265624,0.2351531982421875,0.2404327392578125,0.62261962890625
1780625288763270000,70.00726977539063,0.221405029296875,0.2444610595703125,0.660888671875
1780625288773300000,70.01730004882812,0.1783905029296875,0.289459228515625,0.6834259033203125
1780625288783328800,70.02732885742188,0.152923583984375,0.2751617431640625,0.7072296142578125
1780625288793358800,70.03735888671875,0.156890869140625,0.310821533203125,0.6861114501953125
1780625288803388000,70.04738793945313,0.169647216796875,0.184295654296875,0.69024658203125
1780625288813418000,70.05741796875,0.220001220703125,0.0925140380859375,0.73321533203125
1780625288823446800,70.06744677734375,0.31671142578125,0.2210845947265625,0.7193603515625
1780625288833476900,70.07747680664062,0.359954833984375,0.478759765625,0.63287353515625
1780625288843506000,70.087505859375,0.324127197265625,0.6932525634765625,0.5882415771484375
1780625288853536000,70.09753588867187,0.2927398681640625,0.873992919921875,0.5461273193359375
1780625288863564800,70.10756469726563,0.304046630859375,1.00494384765625,0.4871368408203125
1780625288873595000,70.11759497070312,0.3473052978515625,1.0483245849609375,0.4867095947265625
1780625288883624000,70.1276240234375,0.3853912353515625,1.0436553955078125,0.5321807861328125
1780625288893653800,70.13765380859375,0.424530029296875,0.9156646728515625,0.5927734375
1780625288903682800,70.14768286132812,0.52215576171875,0.8528900146484375,0.6740264892578125
1780625288913712600,70.15771264648437,0.63238525390625,0.8729705810546875,0.7714691162109375
1780625288923741700,70.16774169921875,0.6381683349609375,0.8170318603515625,0.8120269775390625
1780625288933771800,70.17777172851562,0.504486083984375,0.6154937744140625,0.8011322021484375
1780625288943800800,70.18780078125,0.292327880859375,0.5158233642578125,0.791534423828125
1780625288953830700,70.19783056640625,0.2739410400390625,0.6045989990234375,0.829925537109375
1780625288963859700,70.20785961914062,0.3780975341796875,0.679229736328125,0.884033203125
1780625288973889800,70.21788989257813,0.3399810791015625,0.8114471435546875,0.9564666748046875
1780625288983918800,70.2279189453125,0.33642578125,0.84124755859375,1.06878662109375
1780625288993949000,70.23794897460938,0.548614501953125,0.57958984375,1.0345001220703125
1780625289003977700,70.24797778320313,0.416107177734375,0.5632171630859375,1.041290283203125
1780625289014007800,70.2580078125,0.0457916259765625,0.7593994140625,1.1561431884765625
1780625289024036900,70.26803686523438,-0.212158203125,0.9147186279296875,1.3037567138671875
1780625289034067000,70.27806689453125,-0.350921630859375,1.00634765625,1.45068359375
1780625289044095700,70.288095703125,-0.4610443115234375,0.9638824462890625,1.493011474609375
1780625289054125800,70.29812573242188,-0.481414794921875,0.83905029296875,1.419219970703125
1780625289064155000,70.30815478515625,-0.4581756591796875,0.701416015625,1.2407379150390625
1780625289074185000,70.31818505859376,-0.34906005859375,0.5531158447265625,0.99139404296875
1780625289084213800,70.3282138671875,-0.172576904296875,0.4299468994140625,0.785919189453125
1780625289094243800,70.33824389648437,-0.1036224365234375,0.3611297607421875,0.7050018310546875
1780625289104273000,70.34827294921875,-0.102508544921875,0.4516143798828125,0.7374420166015625
1780625289114303000,70.35830297851562,-0.13531494140625,0.533416748046875,0.8606414794921875
1780625289124331800,70.36833178710937,-0.1312255859375,0.4608154296875,0.873138427734375
1780625289134361900,70.37836181640625,-0.1918182373046875,0.5241241455078125,0.81756591796875
1780625289144391000,70.38839086914062,-0.1904449462890625,0.553466796875,0.8249359130859375
1780625289154420700,70.39842065429687,-0.1059722900390625,0.504150390625,0.8022613525390625
1780625289164450000,70.40844995117187,-0.0072021484375,0.4173126220703125,0.703521728515625
1780625289174479600,70.41847973632812,0.07379150390625,0.4100341796875,0.642425537109375
1780625289184509000,70.42850903320313,0.0693817138671875,0.546539306640625,0.67266845703125
1780625289194538800,70.43853881835938,0.0997161865234375,0.3897552490234375,0.5846710205078125
1780625289204567800,70.44856787109374,0.10076904296875,0.3146514892578125,0.579864501953125
1780625289214598000,70.45859790039063,0.0829925537109375,0.48675537109375,0.64013671875
1780625289224626700,70.46862670898437,0.111724853515625,0.5940093994140625,0.6791839599609375
1780625289234656800,70.47865673828124,0.12994384765625,0.673980712890625,0.7418212890625
1780625289244685800,70.48868579101563,0.1568450927734375,0.73095703125,0.7577972412109375
1780625289254716000,70.4987158203125,0.1720428466796875,0.748687744140625,0.70330810546875
1780625289264744700,70.50874462890626,0.1119232177734375,0.6525421142578125,0.6984100341796875
1780625289274774800,70.51877490234375,0.104278564453125,0.6390838623046875,0.815277099609375
1780625289284803800,70.52880395507813,0.1645965576171875,0.550811767578125,0.7932281494140625
1780625289294834000,70.538833984375,0.1484527587890625,0.4105377197265625,0.6947174072265625
1780625289304862700,70.54886279296875,0.170318603515625,0.2309112548828125,0.5328216552734375
1780625289314892800,70.55889282226562,0.2520751953125,0.0291595458984375,0.3972320556640625
1780625289324921900,70.568921875,0.278594970703125,-0.0344085693359375,0.3055267333984375
1780625289334952000,70.57895190429687,0.2533416748046875,-0.0344696044921875,0.28509521484375
1780625289344980700,70.58898071289063,0.2618255615234375,-0.0630340576171875,0.3401641845703125
1780625289355009800,70.599009765625,0.2073822021484375,-0.0989837646484375,0.4519195556640625
1780625289365039900,70.60903979492187,-0.05810546875,-0.275360107421875,0.6337432861328125
1780625289375069000,70.61906884765625,-0.1515655517578125,-0.1480255126953125,0.7323760986328125
1780625289385099000,70.62909912109374,-0.055908203125,0.2032470703125,0.790618896484375
1780625289395127800,70.6391279296875,0.1423492431640625,0.5818023681640625,0.7975311279296875
1780625289405158000,70.64915795898438,0.284149169921875,0.96624755859375,0.7093353271484375
1780625289415186700,70.65918676757812,0.5950775146484375,1.2122650146484375,0.65869140625
1780625289425216800,70.669216796875,0.8671112060546875,1.4269256591796875,0.6927032470703125
1780625289435245800,70.67924584960937,1.0014190673828125,1.660125732421875,0.737457275390625
1780625289445276000,70.68927587890624,0.936431884765625,1.7091217041015625,0.76025390625
1780625289455304700,70.6993046875,0.5842132568359375,1.5731201171875,0.688323974609375
1780625289465334500,70.70933447265625,0.13427734375,1.3329925537109375,0.5642547607421875
1780625289475363800,70.71936376953126,-0.215728759765625,1.07421875,0.5113067626953125
1780625289485393700,70.7293935546875,-0.4232940673828125,0.86688232421875,0.550872802734375
1780625289495422700,70.73942260742187,-0.5239410400390625,0.6956787109375,0.657867431640625
1780625289505452500,70.74945263671874,-0.4981536865234375,0.544189453125,0.8081512451171875
1780625289515481600,70.75948168945312,-0.325897216796875,0.429931640625,0.9841461181640625
1780625289525511700,70.76951171875,-0.117950439453125,0.133331298828125,1.2021026611328125
1780625289535540500,70.77954052734376,0.0232696533203125,-0.3751373291015625,1.658721923828125
1780625289545570600,70.78957055664063,-0.0615234375,-0.38427734375,1.876068115234375
1780625289555599600,70.799599609375,-0.134490966796875,0.0784912109375,1.8304595947265625
1780625289565629700,70.80962963867188,-0.11260986328125,0.217071533203125,1.680755615234375
1780625289575658800,70.81965869140625,0.0060272216796875,0.2445831298828125,1.4114837646484375
1780625289585688600,70.8296884765625,0.769073486328125,0.2802734375,0.944366455078125
1780625289595717600,70.83971752929688,1.15411376953125,0.2269134521484375,0.6970672607421875
1780625289605747700,70.84974780273437,0.90283203125,0.090606689453125,0.8409423828125
1780625289615776800,70.85977685546875,0.53179931640625,0.1728973388671875,0.937164306640625
1780625289625806800,70.86980688476562,0.2337188720703125,0.367401123046875,1.02667236328125
1780625289635835600,70.87983569335937,0.1151123046875,0.426910400390625,1.0552825927734375
1780625289645865700,70.88986572265625,0.9559783935546875,0.4674835205078125,0.958892822265625
1780625289655894800,70.89989477539062,1.946380615234375,0.6002044677734375,0.9369354248046875
1780625289665924900,70.9099248046875,1.7855224609375,0.5003204345703125,0.9296875
1780625289675953700,70.91995361328125,1.33795166015625,0.5037994384765625,1.0106201171875
1780625289685983700,70.92998364257812,0.928955078125,0.539642333984375,0.8925018310546875
1780625289696012800,70.9400126953125,0.418609619140625,0.4889984130859375,0.90460205078125
1780625289706043000,70.95004296875,0.17315673828125,0.4620361328125,1.081756591796875
1780625289716071700,70.96007177734376,0.0808868408203125,0.339111328125,1.1920166015625
1780625289726101800,70.97010180664063,0.0895233154296875,0.44561767578125,1.16058349609375
1780625289736130800,70.980130859375,-0.0785980224609375,0.604278564453125,1.1046295166015625
1780625289746160600,70.99016064453124,-0.073211669921875,0.751739501953125,0.929351806640625
1780625289756189700,71.00018969726563,-0.8384552001953125,1.0622711181640625,0.4295806884765625
1780625289766219500,71.01021948242187,-0.915130615234375,1.1321868896484375,0.383148193359375
1780625289776248600,71.02024853515626,-0.392486572265625,0.57806396484375,0.517120361328125
1780625289786278700,71.03027856445313,-0.731475830078125,0.3212738037109375,0.5589599609375
1780625289796307700,71.0403076171875,-0.609649658203125,0.1813812255859375,0.448577880859375
1780625289806337500,71.05033764648438,-0.5238037109375,0.0070037841796875,0.3265380859375
1780625289816366600,71.06036669921875,-0.689788818359375,-0.0336456298828125,0.3341522216796875
1780625289826396700,71.07039672851562,-0.9685821533203125,0.0992889404296875,0.409149169921875
1780625289836425700,71.08042578125,-1.028656005859375,0.250335693359375,0.4115753173828125
1780625289846455800,71.09045581054687,-0.417755126953125,0.3385467529296875,0.3057861328125
1780625289856484600,71.10048461914063,0.16015625,0.426177978515625,0.2872161865234375
1780625289866514700,71.1105146484375,0.4770050048828125,0.6692047119140625,0.4324798583984375
1780625289876543700,71.12054370117187,0.52825927734375,1.038299560546875,0.5855712890625
1780625289886573800,71.13057373046875,0.5182952880859375,1.2494964599609375,0.6202392578125
1780625289896602600,71.1406025390625,0.6224212646484375,1.2464447021484375,0.6853179931640625
1780625289906632700,71.1506328125,0.4411163330078125,1.067352294921875,0.745880126953125
1780625289916661800,71.16066186523437,0.23846435546875,0.962127685546875,0.6987762451171875
1780625289926691800,71.17069189453125,0.21685791015625,0.9452362060546875,0.5420684814453125
1780625289936720600,71.180720703125,0.1635284423828125,1.0702972412109375,0.3296966552734375
1780625289946750700,71.19075073242188,0.0102386474609375,1.1065826416015625,0.1418609619140625
1780625289956779800,71.20077978515624,-0.279815673828125,1.0135498046875,0.0834808349609375
1780625289966809900,71.21080981445313,-0.4879150390625,0.921173095703125,0.178680419921875
1780625289976838700,71.22083862304687,-0.5512847900390625,0.8216705322265625,0.3276519775390625
1780625289986868700,71.23086865234374,-0.639739990234375,0.835784912109375,0.4253997802734375
1780625289996897800,71.24089770507813,-0.4386138916015625,0.78173828125,0.2940521240234375
1780625290006927600,71.250927734375,-0.0782318115234375,0.535614013671875,-0.1755218505859375
1780625290016957000,71.26095703125,-0.130767822265625,0.5174560546875,-0.5332489013671875
1780625290026986500,71.27098657226563,-0.3368682861328125,0.4366302490234375,-0.330291748046875
1780625290037015600,71.281015625,-0.284271240234375,0.33782958984375,-0.1531524658203125
1780625290047045600,71.29104565429688,0.1196746826171875,0.6005096435546875,-0.2372283935546875
1780625290057074700,71.30107470703125,0.396087646484375,0.895721435546875,-0.3284149169921875
1780625290067104800,71.31110473632812,0.4799041748046875,0.963653564453125,-0.3339996337890625
1780625290077133600,71.32113354492188,0.403778076171875,1.0673370361328125,-0.2928009033203125
1780625290087163600,71.33116357421875,0.189178466796875,1.1665191650390625,-0.3121337890625
1780625290097192700,71.34119262695313,-0.065216064453125,1.228485107421875,-0.2798309326171875
1780625290107222800,71.35122290039062,-0.2810821533203125,1.3115692138671875,-0.3184051513671875
1780625290117251600,71.36125146484375,-0.0911712646484375,1.488922119140625,-0.3652496337890625
1780625290127281700,71.37128173828125,-0.4339599609375,1.6204681396484375,-0.0901641845703125
1780625290137310700,71.38131079101562,-0.2740631103515625,1.4047698974609375,0.0178680419921875
1780625290147340800,71.3913408203125,-0.1373138427734375,1.2276153564453125,0.11181640625
1780625290157369600,71.40136962890625,-0.2590179443359375,1.164031982421875,0.2548980712890625
1780625290167399700,71.41139965820312,-0.09149169921875,1.07763671875,0.365631103515625
1780625290177428700,71.4214287109375,0.0461273193359375,1.02685546875,0.3751373291015625
1780625290187458800,71.43145874023438,0.059234619140625,0.9737396240234375,0.4599151611328125
1780625290197487600,71.44148754882812,0.2929534912109375,0.9750213623046875,0.4804229736328125
1780625290207517700,71.451517578125,0.0832366943359375,0.918731689453125,0.24664306640625
1780625290217546800,71.46154663085937,-0.0601043701171875,0.7940521240234375,0.0990447998046875
1780625290227576800,71.47157690429688,-0.461151123046875,0.66143798828125,0.1846771240234375
1780625290237606000,71.48160595703125,-0.509490966796875,0.8884735107421875,0.195587158203125
1780625290247635700,71.4916357421875,-0.5811309814453125,1.16607666015625,0.0469207763671875
1780625290257664800,71.50166479492188,-0.2064971923828125,0.9207916259765625,-0.0964202880859375
1780625290267694600,71.51169458007813,-0.1171112060546875,0.4011688232421875,-0.0100860595703125
1780625290277724000,71.52172387695313,-0.28240966796875,0.80596923828125,0.007080078125
1780625290287753500,71.53175341796874,-0.7142333984375,1.28729248046875,-0.60797119140625
1780625290297782800,71.54178271484375,-0.3458404541015625,0.4529571533203125,-0.74774169921875
1780625290307812600,71.5518125,0.009307861328125,0.6573333740234375,-0.521087646484375
1780625290317841700,71.56184155273438,0.0381317138671875,1.1487579345703125,-0.7471466064453125
1780625290327871700,71.57187182617187,-0.3654937744140625,0.993072509765625,-0.97064208984375
1780625290337900500,71.58190063476563,-0.446990966796875,1.0203399658203125,-0.8862762451171875
1780625290347930600,71.5919306640625,-0.2777252197265625,0.80987548828125,-0.87945556640625
1780625290357959700,71.60195971679687,-0.1118011474609375,1.343505859375,-0.78460693359375
1780625290367989800,71.61198974609376,-0.1846923828125,1.3277587890625,-0.6891021728515625
1780625290378018600,71.6220185546875,-0.1278839111328125,0.9050445556640625,-0.387908935546875
1780625290388048600,71.63204858398437,-0.3160247802734375,0.8586273193359375,-0.1341552734375
1780625290398078200,71.642078125,-0.3418731689453125,0.84539794921875,-0.328277587890625
1780625290408108300,71.6521083984375,-0.2149200439453125,0.8659820556640625,-0.5863800048828125
1780625290418137300,71.66213745117187,-0.171661376953125,0.8992767333984375,-0.7129974365234375
1780625290428167400,71.67216748046874,-0.3057861328125,1.090362548828125,-0.6539459228515625
1780625290438196200,71.6821962890625,-0.279327392578125,0.956451416015625,-0.634002685546875
1780625290448226300,71.69222631835937,-0.2392120361328125,0.6572113037109375,-0.7183990478515625
1780625290458255400,71.70225537109376,-0.0798492431640625,0.489654541015625,-0.727325439453125
1780625290468285400,71.71228540039063,-0.1482391357421875,0.3837738037109375,-0.7933807373046875
1780625290478314500,71.722314453125,-0.4209442138671875,0.2188568115234375,-1.11468505859375
1780625290488344300,71.73234423828124,-0.73016357421875,0.222412109375,-1.648651123046875
1780625290498373400,71.74237329101562,-1.1864776611328125,0.127349853515625,-2.121490478515625
1780625290508403200,71.7524033203125,-1.0343780517578125,0.3471832275390625,-2.6586761474609375
1780625290518432300,71.76243237304688,-1.509735107421875,0.92431640625,-2.7435150146484375
1780625290528462000,71.77246215820313,-2.060699462890625,0.502777099609375,-2.2566680908203125
1780625290538491100,71.7824912109375,-2.3549652099609375,0.1397247314453125,-1.7715606689453125
1780625290548521200,71.79252124023438,-2.2015533447265625,-0.0176544189453125,-1.427398681640625
1780625290558550300,71.80255029296875,-1.9486083984375,0.0530242919921875,-1.116973876953125
1780625290568580400,71.81258032226563,-1.7980194091796875,0.3445892333984375,-0.8483734130859375
1780625290578609200,71.82260913085938,-1.6800079345703125,0.6293792724609375,-0.5591888427734375
1780625290588639200,71.83263916015625,-1.5104217529296875,0.94464111328125,-0.349273681640625
1780625290598668300,71.84266821289063,-1.419281005859375,1.216217041015625,-0.2679290771484375
1780625290608698400,71.85269848632812,-1.6650390625,0.9970855712890625,-0.1232757568359375
1780625290618727200,71.86272705078125,-2.2166900634765625,0.5711822509765625,0.06573486328125
1780625290628757200,71.87275732421875,-0.94818115234375,0.3856964111328125,0.2944488525390625
1780625290638786300,71.88278637695312,-0.2179107666015625,0.06402587890625,0.431488037109375
1780625290648816400,71.89281640625,-0.2935333251953125,-0.3323516845703125,0.48431396484375
1780625290658845200,71.90284521484375,-0.384735107421875,-0.3433380126953125,0.61578369140625
1780625290668875300,71.91287524414062,-0.1994171142578125,-0.164520263671875,0.6170654296875
1780625290678904300,71.922904296875,0.08349609375,0.0431976318359375,0.56207275390625
1780625290688933400,71.93293334960937,0.256927490234375,0.1036224365234375,0.725982666015625
1780625290698963200,71.94296313476562,0.058074951171875,-0.1962127685546875,1.0387115478515625
1780625290708992300,71.9529921875,-0.1583709716796875,-0.5674591064453125,1.0113372802734375
1780625290719022300,71.96302221679687,-0.202301025390625,-0.6840057373046875,0.653350830078125
1780625290729051400,71.97305151367188,-0.2643890380859375,-0.49505615234375,0.2679901123046875
1780625290739081500,71.98308154296875,-0.1032562255859375,-0.113067626953125,0.176483154296875
1780625290749110300,71.9931103515625,0.0341644287109375,0.2758941650390625,0.1909027099609375
1780625290759140400,72.00314038085938,0.1070404052734375,0.7345733642578125,0.0351715087890625
1780625290769169400,72.01316943359375,0.140777587890625,1.197021484375,-0.2834930419921875
1780625290779199500,72.02319946289063,0.048858642578125,1.244659423828125,-0.474029541015625
1780625290789228300,72.03322827148438,-0.3931121826171875,1.142333984375,-0.4553985595703125
1780625290799258000,72.04325805664062,-1.2678070068359375,1.0448760986328125,-0.2784881591796875
1780625290809287400,72.05328735351563,-1.655364990234375,0.6708221435546875,-0.1595458984375
1780625290819317200,72.06331713867188,-1.4320526123046875,0.32794189453125,-0.0936431884765625
1780625290829346300,72.07334619140624,-0.86749267578125,0.301116943359375,-0.1588287353515625
1780625290839376100,72.08337622070313,-0.404693603515625,0.560150146484375,-0.2269744873046875
1780625290849405200,72.0934052734375,-0.2934112548828125,0.8028564453125,-0.2649688720703125
1780625290859435300,72.10343530273437,-0.421630859375,0.9402008056640625,-0.3310089111328125
1780625290869464300,72.11346435546875,-0.5081329345703125,1.0127716064453125,-0.3242645263671875
1780625290879494100,72.123494140625,-0.6531829833984375,1.0215301513671875,-0.1967315673828125
1780625290889523200,72.13352319335938,-0.887786865234375,0.9457244873046875,-0.0963134765625
1780625290899553300,72.14355322265625,-0.89324951171875,0.5012054443359375,-0.03448486328125
1780625290909582300,72.15358227539062,-0.1689453125,-0.2613677978515625,-0.010528564453125
1780625290919612200,72.16361206054688,-0.3914947509765625,-0.2935943603515625,0.086944580078125
1780625290929641200,72.17364111328125,-1.0597076416015625,0.0809173583984375,0.254180908203125
1780625290939671300,72.18367138671876,-0.770294189453125,0.1593017578125,0.0599212646484375
1780625290949700400,72.19370043945312,-0.79620361328125,-0.1193084716796875,0.01055908203125
1780625290959730400,72.20373046875,-0.8973541259765625,-0.2597198486328125,0.0000762939453125
1780625290969759200,72.21375927734375,-0.863677978515625,-0.3728485107421875,0.1242828369140625
1780625290979789300,72.22378930664063,-0.9279632568359375,-0.3851470947265625,0.3348236083984375
1780625290989818400,72.233818359375,-1.1515045166015625,-0.35369873046875,0.5356292724609375
1780625290999848400,72.24384838867188,-1.3360595703125,-0.287933349609375,0.638946533203125
1780625291009877200,72.25387719726562,-1.4314422607421875,-0.206878662109375,0.71234130859375
1780625291019907300,72.2639072265625,-1.36444091796875,-0.19854736328125,0.9194183349609375
1780625291029936400,72.27393627929688,-1.2323760986328125,0.239044189453125,0.72772216796875
1780625291039966500,72.28396655273437,-0.9943084716796875,0.4121551513671875,0.70379638671875
1780625291049995300,72.29399536132813,-0.86505126953125,0.42181396484375,0.6288909912109375
1780625291060025000,72.30402514648438,-0.8586578369140625,0.2735595703125,0.5918731689453125
1780625291070054400,72.31405444335938,-0.9609375,-0.0306549072265625,0.6697540283203125
1780625291080084200,72.32408422851563,-1.14892578125,-0.2250213623046875,0.740570068359375
1780625291090113300,72.33411328125,-1.1387176513671875,-0.31634521484375,0.7779083251953125
1780625291100143000,72.34414306640625,-1.19097900390625,-0.3638916015625,0.7329254150390625
1780625291110172200,72.35417211914063,-1.1473236083984375,-0.348724365234375,0.71124267578125
1780625291120202200,72.3642021484375,-1.1834869384765625,-0.2266998291015625,0.6789093017578125
1780625291130231300,72.37423120117188,-1.2927703857421875,-0.1269989013671875,0.5843505859375
1780625291140261000,72.38426123046875,-1.404388427734375,-0.0607452392578125,0.4325103759765625
1780625291150290200,72.39429028320312,-1.5185089111328125,-0.01776123046875,0.293975830078125
1780625291160320300,72.4043203125,-1.4774627685546875,-0.0948486328125,0.3573150634765625
1780625291170349300,72.41434936523437,-1.2340240478515625,-0.2318572998046875,0.54937744140625
1780625291180379400,72.42437939453124,-1.01422119140625,-0.313690185546875,0.6610107421875
1780625291190408200,72.434408203125,-0.790069580078125,-0.354705810546875,0.774139404296875
1780625291200438300,72.44443823242187,-0.646453857421875,-0.285614013671875,0.810211181640625
1780625291210467300,72.45446728515626,-0.524139404296875,-0.127899169921875,0.7651214599609375
1780625291220497400,72.46449731445313,-0.5047454833984375,-0.0730743408203125,0.7048187255859375
1780625291230526200,72.47452612304687,-0.7764129638671875,-0.2744140625,0.6055145263671875
1780625291240556300,72.48455639648438,-0.9661407470703125,-0.453125,0.4911346435546875
1780625291250585300,72.49458544921875,-1.048065185546875,-0.5071258544921875,0.3678741455078125
1780625291260615400,72.50461547851563,-1.08740234375,-0.4773406982421875,0.3013763427734375
1780625291270644200,72.51464428710938,-1.1046142578125,-0.38372802734375,0.2725982666015625
1780625291280674300,72.52467431640625,-1.1475830078125,-0.361724853515625,0.281341552734375
1780625291290703400,72.53470336914063,-1.1858673095703125,-0.333892822265625,0.2926177978515625
1780625291300733400,72.5447333984375,-1.1504058837890625,-0.269439697265625,0.3321685791015625
1780625291310762200,72.55476220703125,-1.053619384765625,-0.1728668212890625,0.3710174560546875
1780625291320792300,72.56479223632813,-1.0164337158203125,-0.1079254150390625,0.4078216552734375
1780625291330821400,72.5748212890625,-0.8257598876953125,-0.2489166259765625,0.4674530029296875
1780625291340851200,72.58485131835937,-0.586517333984375,-0.297515869140625,0.37982177734375
1780625291350880500,72.59488061523437,-0.481536865234375,-0.2868499755859375,0.3553924560546875
1780625291360910000,72.60491015625,-0.514312744140625,-0.2899169921875,0.4028472900390625
1780625291370939100,72.61493920898438,-0.5646514892578125,-0.3083343505859375,0.3944244384765625
1780625291380969200,72.62496923828125,-0.617431640625,-0.4124908447265625,0.367340087890625
1780625291390998300,72.63499829101562,-0.7074127197265625,-0.501251220703125,0.358001708984375
1780625291401028000,72.64502807617187,-0.831207275390625,-0.4524993896484375,0.328155517578125
1780625291411057000,72.65505688476563,-0.9340057373046875,-0.365875244140625,0.312530517578125
1780625291421086000,72.6650859375,-1.01824951171875,-0.32550048828125,0.32611083984375
1780625291431116000,72.67511596679688,-1.1330108642578125,-0.248138427734375,0.3663177490234375
1780625291441146000,72.68514599609375,-1.1868438720703125,-0.1587677001953125,0.394744873046875
1780625291451175000,72.6951748046875,-1.1679229736328125,-0.0545196533203125,0.30615234375
1780625291461204000,72.70520385742188,-1.0409698486328125,-0.1009368896484375,0.3767852783203125
1780625291471234000,72.71523413085937,-0.836029052734375,-0.1723480224609375,0.4502716064453125
1780625291481263000,72.72526318359375,-0.643951416015625,-0.2412261962890625,0.4701690673828125
1780625291491293200,72.73529321289062,-0.47930908203125,-0.2975006103515625,0.4895477294921875
1780625291501322000,72.74532202148437,-0.40948486328125,-0.3235626220703125,0.47100830078125
1780625291511352000,72.75535205078126,-0.420684814453125,-0.35089111328125,0.4766693115234375
1780625291521381000,72.76538110351562,-0.4631805419921875,-0.4259796142578125,0.48553466796875
1780625291531411200,72.7754111328125,-0.65576171875,-0.5120391845703125,0.479461669921875
1780625291541440000,72.78543994140625,-0.8042449951171875,-0.572540283203125,0.4726715087890625
1780625291551470000,72.79546997070312,-0.7771148681640625,-0.5052947998046875,0.4358978271484375
1780625291561499100,72.8054990234375,-0.903228759765625,-0.3791351318359375,0.394195556640625
1780625291571529200,72.815529296875,-0.9120635986328125,-0.289764404296875,0.3953704833984375
1780625291581558000,72.82555810546874,-0.8759765625,-0.2524871826171875,0.4268341064453125
1780625291591588000,72.83558813476563,-0.9496002197265625,-0.3292083740234375,0.4118194580078125
1780625291601617200,72.8456171875,-0.8857879638671875,-0.4747314453125,0.426605224609375
1780625291611647200,72.85564721679688,-0.808380126953125,-0.5430908203125,0.4041595458984375
1780625291621676000,72.86567602539063,-0.6947174072265625,-0.6179962158203125,0.3704681396484375
1780625291631706000,72.8757060546875,-0.5592193603515625,-0.69586181640625,0.360870361328125
1780625291641735200,72.88573510742188,-0.4431304931640625,-0.716888427734375,0.3338775634765625
1780625291651765000,72.89576489257813,-0.331298828125,-0.72119140625,0.3156890869140625
1780625291661794300,72.90579418945312,-0.2775115966796875,-0.7010040283203125,0.3499755859375
1780625291671824000,72.91582397460938,-0.329986572265625,-0.65155029296875,0.3602447509765625
1780625291681853000,72.92585302734375,-0.40875244140625,-0.6036376953125,0.335479736328125
1780625291691883000,72.93588305664062,-0.4836273193359375,-0.552642822265625,0.3192901611328125
1780625291701912000,72.945912109375,-0.5455169677734375,-0.53717041015625,0.3212738037109375
1780625291711942000,72.95594189453125,-0.568359375,-0.5562591552734375,0.3178253173828125
1780625291721971000,72.96597094726563,-0.536102294921875,-0.590240478515625,0.314178466796875
1780625291732001000,72.9760009765625,-0.507720947265625,-0.61444091796875,0.322174072265625
1780625291742030000,72.98603002929687,-0.545623779296875,-0.68035888671875,0.323455810546875
1780625291752060200,72.99606005859376,-0.5910186767578125,-0.7237548828125,0.3040313720703125
1780625291762089000,73.0060888671875,-0.573974609375,-0.6844482421875,0.2811737060546875
1780625291772119000,73.016119140625,-0.568756103515625,-0.6806182861328125,0.2181243896484375
1780625291782148000,73.02614819335938,-0.5713653564453125,-0.7102508544921875,0.1439971923828125
1780625291792178200,73.03617822265625,-0.5999298095703125,-0.827392578125,0.1106719970703125
1780625291802207000,73.04620703125,-0.6596527099609375,-1.00537109375,0.15130615234375
1780625291812237000,73.05623706054688,-0.6388397216796875,-1.0011749267578125,0.184295654296875
1780625291822266000,73.06626611328124,-0.6692047119140625,-0.87939453125,0.1831512451171875
1780625291832296200,73.07629614257813,-0.778045654296875,-0.7626953125,0.2238006591796875
1780625291842326300,73.086326171875,-0.9375762939453125,-0.6064910888671875,0.236236572265625
1780625291852355800,73.09635595703125,-1.204864501953125,-0.3727264404296875,0.2847442626953125
1780625291862385200,73.10638525390625,-1.296966552734375,-0.2812042236328125,0.3443450927734375
1780625291872415000,73.1164150390625,-1.3406524658203125,-0.3787841796875,0.3781890869140625
1780625291882444000,73.12644409179687,-1.270172119140625,-0.50482177734375,0.3985443115234375
1780625291892474000,73.13647412109376,-1.1052703857421875,-0.55645751953125,0.4323883056640625
1780625291902503000,73.1465029296875,-0.94952392578125,-0.561676025390625,0.4456787109375
1780625291912532000,73.15653198242188,-0.8309478759765625,-0.552215576171875,0.4322967529296875
1780625291922562000,73.16656201171875,-0.7479248046875,-0.589874267578125,0.495086669921875
1780625291932590800,73.1765908203125,-0.6658782958984375,-0.6026153564453125,0.5662994384765625
1780625291942621000,73.18662084960937,-0.5439605712890625,-0.5327606201171875,0.5451507568359375
1780625291952650000,73.19664990234375,-0.5157470703125,-0.436920166015625,0.4571990966796875
1780625291962680000,73.20668017578124,-0.7469482421875,-0.449005126953125,0.3759613037109375
1780625291972709000,73.21670922851563,-1.0245819091796875,-0.58868408203125,0.2536468505859375
1780625291982739000,73.22673901367187,-1.110992431640625,-0.6539764404296875,0.1677398681640625
1780625291992768000,73.23676806640626,-1.1461334228515625,-0.66217041015625,0.1758880615234375
1780625292002798000,73.24679809570313,-1.13433837890625,-0.5721588134765625,0.2055511474609375
1780625292012827100,73.2568271484375,-1.0062408447265625,-0.4617919921875,0.3014678955078125
1780625292022857200,73.26685717773438,-0.757843017578125,-0.4431304931640625,0.323486328125
1780625292032886000,73.27688598632812,-0.62017822265625,-0.4352569580078125,0.305450439453125
1780625292042916000,73.286916015625,-0.48358154296875,-0.5376434326171875,0.365264892578125
1780625292052945200,73.29694506835938,-0.4184112548828125,-0.666107177734375,0.4678802490234375
1780625292062975200,73.30697534179687,-0.4382171630859375,-0.6787567138671875,0.545196533203125
1780625292073004000,73.31700415039063,-0.502960205078125,-0.5582122802734375,0.58685302734375
1780625292083034000,73.3270341796875,-0.5228729248046875,-0.3053436279296875,0.5079345703125
1780625292093063200,73.33706323242187,-0.5070343017578125,-0.1178741455078125,0.4352264404296875
1780625292103093200,73.34709326171875,-0.67950439453125,-0.0074310302734375,0.3821868896484375
1780625292113122000,73.3571220703125,-0.839111328125,-0.1542816162109375,0.38580322265625
1780625292123152100,73.36715209960937,-0.7849273681640625,-0.3847808837890625,0.2650146484375
1780625292133181200,73.37718115234375,-0.8263702392578125,-0.4744720458984375,0.1045074462890625
1780625292143211000,73.3872109375,-0.93218994140625,-0.4172821044921875,-0.0078887939453125
1780625292153240000,73.39723999023437,-1.052764892578125,-0.329559326171875,-0.08380126953125
1780625292163270000,73.40726977539063,-1.0815277099609375,-0.2984466552734375,-0.13177490234375
1780625292173299200,73.41729931640624,-1.0721282958984375,-0.280853271484375,-0.1627044677734375
1780625292183329000,73.4273291015625,-1.1832122802734375,-0.2969512939453125,-0.0645599365234375
1780625292193358000,73.43735815429687,-0.98870849609375,-0.40411376953125,0.1826324462890625
1780625292203388000,73.44738793945312,-0.546539306640625,-0.5645294189453125,0.21435546875
1780625292213417000,73.4574169921875,-0.358367919921875,-0.6661529541015625,0.0735015869140625
1780625292223447000,73.46744702148438,-0.429901123046875,-0.6779632568359375,0.188751220703125
1780625292233476000,73.47747607421876,-0.67840576171875,-0.3537750244140625,0.0838775634765625
1780625292243506200,73.48750610351563,-0.981475830078125,-0.028289794921875,-0.0255279541015625
1780625292253535000,73.49753491210937,-1.22894287109375,0.134490966796875,-0.021728515625
1780625292263565000,73.50756494140624,-1.3753814697265625,0.172119140625,0.039093017578125
1780625292273594000,73.51759399414063,-1.366119384765625,0.0299530029296875,0.208465576171875
1780625292283624200,73.52762426757812,-1.124420166015625,-0.1622161865234375,0.3769683837890625
1780625292293653000,73.53765307617188,-0.7886962890625,-0.395263671875,0.491363525390625
1780625292303683000,73.54768310546875,-0.7234344482421875,-0.548858642578125,0.44171142578125
1780625292313712000,73.55771215820313,-0.7341461181640625,-0.5939178466796875,0.3667755126953125
1780625292323742200,73.5677421875,-0.613006591796875,-0.6458282470703125,0.3209381103515625
1780625292333771000,73.57777099609375,-0.594268798828125,-0.6039581298828125,0.2554473876953125
1780625292343801000,73.58780102539062,-0.736846923828125,-0.47747802734375,0.1763916015625
1780625292353830100,73.597830078125,-0.88037109375,-0.38519287109375,0.1217041015625
1780625292363860200,73.60786010742187,-1.0358428955078125,-0.3291473388671875,0.1625823974609375
1780625292373889000,73.61788891601563,-1.0749053955078125,-0.17578125,0.20477294921875
1780625292383919000,73.62791918945312,-0.9723052978515625,-0.0836334228515625,0.240264892578125
1780625292393948200,73.6379482421875,-0.935394287109375,-0.0541839599609375,0.2561187744140625
1780625292403978000,73.64797802734375,-0.816925048828125,-0.0459442138671875,0.253570556640625
1780625292414007000,73.65800708007812,-0.8102874755859375,-0.023193359375,0.266204833984375
1780625292424036900,73.66803686523437,-0.9221649169921875,0.068572998046875,0.1899871826171875
1780625292434066000,73.67806591796875,-0.933258056640625,0.1098175048828125,0.1180267333984375
1780625292444095700,73.688095703125,-1.0422515869140625,0.01654052734375,0.104400634765625
1780625292454124800,73.69812475585937,-1.2927093505859375,-0.073974609375,0.02386474609375
1780625292464155000,73.70815478515625,-1.3802032470703125,-0.1532745361328125,-0.0173797607421875
1780625292474183700,73.71818359375,-1.325347900390625,-0.250152587890625,0.01080322265625
1780625292484213800,73.7282138671875,-1.1037445068359375,-0.3282623291015625,0.0403594970703125
1780625292494242800,73.73824291992187,-0.99658203125,-0.36822509765625,0.1336517333984375
1780625292504273000,73.74827294921874,-1.0086822509765625,-0.3608551025390625,0.32171630859375
1780625292514302000,73.75830200195313,-1.2098846435546875,-0.265625,0.2899322509765625
1780625292524331800,73.76833178710937,-1.2168426513671875,-0.1716461181640625,0.077484130859375
1780625292534360800,73.77836083984376,-1.144744873046875,-0.1352081298828125,-0.003936767578125
1780625292544391000,73.78839086914063,-1.1026763916015625,-0.125701904296875,-0.0133209228515625
1780625292554420000,73.798419921875,-1.037506103515625,-0.09820556640625,-0.0112457275390625
1780625292564450000,73.80844995117188,-0.960296630859375,-0.1257171630859375,-0.0074462890625
1780625292574478800,73.81847875976563,-0.8286590576171875,-0.206512451171875,-0.037200927734375
1780625292584509000,73.82850903320312,-0.78076171875,-0.3758087158203125,-0.0859527587890625
1780625292594538000,73.8385380859375,-0.869415283203125,-0.4744110107421875,-0.156982421875
1780625292604568000,73.84856811523437,-0.9508514404296875,-0.4743194580078125,-0.214569091796875
1780625292614596900,73.85859692382813,-1.0065765380859375,-0.530670166015625,-0.2369232177734375
1780625292624627000,73.868626953125,-0.9658203125,-0.4730377197265625,-0.267669677734375
1780625292634656000,73.87865600585937,-0.8589324951171875,-0.3521575927734375,-0.1986846923828125
1780625292644686000,73.88868603515625,-0.6631927490234375,-0.2119598388671875,-0.0353240966796875
1780625292654715000,73.89871484375,-0.7634735107421875,-0.0756988525390625,0.102691650390625
1780625292664745000,73.90874487304687,-1.035552978515625,-0.0428314208984375,0.114410400390625
1780625292674774000,73.91877392578125,-0.929107666015625,-0.0728912353515625,0.01788330078125
1780625292684803800,73.92880395507812,-0.886810302734375,-0.199859619140625,-0.0455322265625
1780625292694833000,73.9388330078125,-0.8782501220703125,-0.3018798828125,-0.0548095703125
1780625292704862700,73.94886279296875,-0.925262451171875,-0.34527587890625,-0.05352783203125
1780625292714892000,73.95889208984374,-1.036956787109375,-0.3947601318359375,-0.030609130859375
1780625292724921900,73.968921875,-1.023193359375,-0.38055419921875,0.0125274658203125
1780625292734951000,73.97895092773437,-0.937896728515625,-0.2926788330078125,0.051727294921875
1780625292744980700,73.98898071289062,-0.913421630859375,-0.236419677734375,0.0639495849609375
1780625292755009800,73.999009765625,-0.972381591796875,-0.2146148681640625,0.032562255859375
1780625292765039900,74.00903979492188,-1.11224365234375,-0.243438720703125,0.019012451171875
1780625292775069000,74.01906884765626,-1.2051849365234375,-0.2828826904296875,0.0103759765625
1780625292785098800,74.0290986328125,-1.161102294921875,-0.3341064453125,0.017791748046875
1780625292795127800,74.0391279296875,-1.0893402099609375,-0.369781494140625,0.046173095703125
1780625292805158000,74.04915795898438,-0.964752197265625,-0.3386077880859375,0.0793609619140625
1780625292815187000,74.05918701171875,-0.8975830078125,-0.3051605224609375,0.1167755126953125
1780625292825217000,74.06921704101562,-0.8663787841796875,-0.3050384521484375,0.1494598388671875
1780625292835245800,74.07924584960938,-0.88568115234375,-0.3361358642578125,0.1636505126953125
1780625292845276000,74.08927587890625,-0.959716796875,-0.3353118896484375,0.12255859375
1780625292855305000,74.09930493164063,-1.0990142822265625,-0.297943115234375,0.0502471923828125
1780625292865335000,74.1093349609375,-1.2428436279296875,-0.2396697998046875,-0.00146484375
1780625292875363800,74.11936376953125,-1.32427978515625,-0.213531494140625,-0.017913818359375
1780625292885394000,74.12939379882812,-1.32452392578125,-0.2150115966796875,-0.0062103271484375
1780625292895423000,74.13942309570312,-1.2120819091796875,-0.265594482421875,0.0104217529296875
1780625292905453000,74.149453125,-1.03631591796875,-0.39447021484375,0.0437774658203125
1780625292915481900,74.15948193359375,-0.881072998046875,-0.4918212890625,0.0919189453125
1780625292925512000,74.16951196289062,-0.861297607421875,-0.48089599609375,0.10443115234375
1780625292935541000,74.179541015625,-0.952789306640625,-0.3807373046875,0.084564208984375
1780625292945571000,74.18957104492188,-1.0651702880859375,-0.2784271240234375,0.0723724365234375
1780625292955600100,74.19960009765624,-1.143035888671875,-0.177764892578125,0.058685302734375
1780625292965629700,74.20962963867187,-1.1513824462890625,-0.1459808349609375,0.0389404296875
1780625292975659000,74.21965893554687,-1.083404541015625,-0.1964569091796875,0.0119476318359375
1780625292985688800,74.22968872070312,-1.0126495361328125,-0.3020477294921875,-0.023223876953125
1780625292995718000,74.2397177734375,-0.9351806640625,-0.4170074462890625,-0.037689208984375
1780625293005747700,74.24974780273438,-0.8387298583984375,-0.504302978515625,-0.0416259765625
1780625293015776800,74.25977685546874,-0.7803192138671875,-0.5129852294921875,0.0012359619140625
1780625293025806800,74.26980688476563,-0.824462890625,-0.4270172119140625,0.0404052734375
1780625293035836000,74.2798359375,-0.90814208984375,-0.3249969482421875,0.0669708251953125
1780625293045866000,74.28986596679688,-0.9556121826171875,-0.2447967529296875,0.068359375
1780625293055894800,74.29989477539063,-0.969268798828125,-0.2072601318359375,0.03704833984375
1780625293065924900,74.3099248046875,-0.9363250732421875,-0.23382568359375,-0.0081329345703125
1780625293075954000,74.31995385742188,-0.8744354248046875,-0.297271728515625,-0.053497314453125
1780625293085984000,74.32998388671875,-0.8162841796875,-0.3922576904296875,-0.07940673828125
1780625293096012800,74.3400126953125,-0.79852294921875,-0.4731903076171875,-0.106109619140625
1780625293106043000,74.35004296875,-0.8069915771484375,-0.49749755859375,-0.1154937744140625
1780625293116072000,74.36007202148437,-0.8607025146484375,-0.462982177734375,-0.1094818115234375
1780625293126102000,74.37010205078126,-0.9556732177734375,-0.390899658203125,-0.1129302978515625
1780625293136130800,74.380130859375,-1.024505615234375,-0.3199310302734375,-0.125701904296875
1780625293146161000,74.39016088867187,-1.033233642578125,-0.2961578369140625,-0.1615753173828125
1780625293156190000,74.40018994140625,-1.0080718994140625,-0.32867431640625,-0.20379638671875
1780625293166220000,74.41021997070312,-1.0477142333984375,-0.3784637451171875,-0.243255615234375
1780625293176248800,74.42024877929687,-1.0231170654296875,-0.4177398681640625,-0.2310638427734375
1780625293186279000,74.43027880859376,-0.8957061767578125,-0.474517822265625,-0.20599365234375
1780625293196308000,74.44030786132812,-0.7669830322265625,-0.502532958984375,-0.1611480712890625
1780625293206338000,74.45033813476563,-0.6553192138671875,-0.4621124267578125,-0.0904388427734375
1780625293216367900,74.46036791992188,-0.4807891845703125,-0.40936279296875,-0.012054443359375
1780625293226396700,74.47039672851562,-0.33233642578125,-0.4154510498046875,0.02935791015625
1780625293236426800,74.4804267578125,-0.5489959716796875,-0.4464263916015625,0.01043701171875
1780625293246455800,74.49045581054688,-0.787353515625,-0.412841796875,-0.066070556640625
1780625293256486000,74.50048583984375,-0.871002197265625,-0.405670166015625,-0.1678466796875
1780625293266515000,74.51051489257813,-0.8750152587890625,-0.456268310546875,-0.2192535400390625
1780625293276544800,74.52054467773438,-0.871673583984375,-0.478240966796875,-0.272186279296875
1780625293286573800,74.53057373046875,-0.927001953125,-0.4476470947265625,-0.3304595947265625
1780625293296604000,74.54060400390625,-0.936065673828125,-0.450408935546875,-0.3430023193359375
1780625293306633000,74.55063305664062,-0.860015869140625,-0.5138702392578125,-0.3144989013671875
1780625293316662800,74.56066284179687,-0.740325927734375,-0.61041259765625,-0.2573699951171875
1780625293326691800,74.57069189453125,-0.609344482421875,-0.7318115234375,-0.286590576171875
1780625293336722000,74.58072192382812,-0.51446533203125,-0.7277069091796875,-0.1752471923828125
1780625293346751000,74.5907509765625,-0.59375,-0.6961212158203125,-0.06964111328125
1780625293356781000,74.60078100585937,-0.6986541748046875,-0.7080230712890625,-0.008544921875
1780625293366809900,74.61080981445312,-0.7951812744140625,-0.6732635498046875,0.03570556640625
1780625293376840000,74.62083984375,-0.8178558349609375,-0.513458251953125,-0.0827484130859375
1780625293386869000,74.63086889648437,-0.862640380859375,-0.4396820068359375,-0.136871337890625
1780625293396899000,74.64089916992188,-0.9474029541015625,-0.388275146484375,-0.190338134765625
1780625293406929000,74.65092895507813,-0.9219970703125,-0.314666748046875,-0.2836456298828125
1780625293416958200,74.66095825195312,-0.9056243896484375,-0.3393402099609375,-0.32501220703125
1780625293426988000,74.67098803710938,-0.83258056640625,-0.350921630859375,-0.33282470703125
1780625293437017000,74.68101708984375,-0.77288818359375,-0.4015960693359375,-0.269378662109375
1780625293447047000,74.691046875,-0.7802886962890625,-0.48663330078125,-0.15728759765625
1780625293457076000,74.70107592773438,-0.7703704833984375,-0.4431304931640625,-0.082855224609375
1780625293467106000,74.71110595703125,-0.7437744140625,-0.343109130859375,-0.0568084716796875
1780625293477135000,74.72113500976562,-0.7341766357421875,-0.29486083984375,-0.038818359375
1780625293487165000,74.7311650390625,-0.758697509765625,-0.295989990234375,-0.021484375
1780625293497194000,74.74119409179687,-0.81036376953125,-0.3208160400390625,-0.0305938720703125
1780625293507224000,74.75122412109376,-0.869720458984375,-0.35321044921875,-0.057861328125
1780625293517253000,74.76125317382812,-0.9141845703125,-0.39166259765625,-0.08856201171875
1780625293527283200,74.771283203125,-0.9360809326171875,-0.3847808837890625,-0.0818328857421875
1780625293537312000,74.78131201171875,-0.9621734619140625,-0.3625946044921875,-0.0441131591796875
1780625293547342000,74.79134204101562,-0.9973907470703125,-0.320556640625,-0.024993896484375
1780625293557372200,74.8013720703125,-1.0017242431640625,-0.289825439453125,-0.0316009521484375
1780625293567401200,74.81140112304688,-0.98760986328125,-0.3015899658203125,-0.02569580078125
1780625293577431000,74.82143115234375,-0.9564361572265625,-0.3396759033203125,-0.032012939453125
1780625293587460000,74.83146020507813,-0.951751708984375,-0.376220703125,-0.0222625732421875
1780625293597490200,74.841490234375,-0.985382080078125,-0.3680267333984375,-0.0049285888671875
1780625293607519200,74.85151928710937,-0.975189208984375,-0.35205078125,0.028656005859375
1780625293617549000,74.86154907226563,-0.887176513671875,-0.3701934814453125,0.04351806640625
1780625293627578000,74.871578125,-1.148895263671875,-0.32269287109375,-0.0459442138671875
1780625293637608000,74.88160791015625,-1.55914306640625,-0.5137176513671875,-0.1112518310546875
1780625293647637200,74.89163720703125,-1.4982757568359375,-0.49609375,-0.1265869140625
1780625293657667000,74.9016669921875,-1.4239654541015625,-0.3740081787109375,-0.1450042724609375
1780625293667695900,74.91169580078125,-1.3182525634765625,-0.3358001708984375,-0.0563201904296875
1780625293677726000,74.92172583007813,-1.0663299560546875,-0.3149566650390625,0.0667266845703125
1780625293687756000,74.93175610351562,-0.744140625,-0.3253021240234375,0.183502197265625
1780625293697785000,74.94178515625,-0.5803985595703125,-0.351837158203125,0.2617645263671875
1780625293707815200,74.95181518554688,-0.568603515625,-0.394439697265625,0.2904510498046875
1780625293717844000,74.96184399414062,-0.5905914306640625,-0.430450439453125,0.290496826171875
1780625293727874000,74.9718740234375,-0.6678009033203125,-0.4219512939453125,0.2405853271484375
1780625293737903000,74.98190307617188,-0.825775146484375,-0.3952484130859375,0.1728057861328125
1780625293747933200,74.99193310546875,-0.949462890625,-0.3702545166015625,0.145721435546875
1780625293757962000,75.0019619140625,-0.9799957275390625,-0.3417205810546875,0.15924072265625
1780625293767992000,75.01199194335938,-0.9753570556640625,-0.3315582275390625,0.18780517578125
1780625293778021000,75.02202124023438,-0.9935150146484375,-0.3397369384765625,0.1930999755859375
1780625293788051200,75.03205126953125,-1.05511474609375,-0.360382080078125,0.16156005859375
1780625293798081300,75.04208129882812,-1.1140594482421875,-0.37030029296875,0.11773681640625
1780625293808110000,75.05211010742188,-1.1315155029296875,-0.4206390380859375,0.056854248046875
1780625293818140000,75.06213989257813,-1.1196136474609375,-0.4356842041015625,0.0323944091796875
1780625293828169200,75.07216918945312,-1.0309295654296875,-0.4149627685546875,0.0423126220703125
1780625293838199000,75.08219897460937,-0.99560546875,-0.403594970703125,0.001373291015625
1780625293848228000,75.09222802734375,-1.03985595703125,-0.3275604248046875,0.0106048583984375
1780625293858258000,75.1022578125,-1.0795440673828125,-0.2938385009765625,0.0070953369140625
1780625293868287000,75.11228686523438,-1.052764892578125,-0.3886871337890625,0.0203704833984375
1780625293878317000,75.12231713867187,-0.9622802734375,-0.47314453125,0.0567474365234375
1780625293888345900,75.13234594726562,-0.89129638671875,-0.4623565673828125,0.0871429443359375
1780625293898376000,75.1423759765625,-0.9312744140625,-0.4077911376953125,0.1174774169921875
1780625293908406000,75.15240600585938,-1.02191162109375,-0.325927734375,0.13116455078125
1780625293918435000,75.16243505859374,-1.074615478515625,-0.25555419921875,0.1279296875
1780625293928465200,75.17246508789063,-1.0632171630859375,-0.251495361328125,0.1218719482421875
1780625293938494000,75.18249389648437,-0.99542236328125,-0.2791290283203125,0.10687255859375
1780625293948524000,75.19252392578124,-0.9016571044921875,-0.3260345458984375,0.088348388671875
1780625293958553000,75.20255297851563,-0.8283233642578125,-0.3849334716796875,0.07501220703125
1780625293968583200,75.21258325195312,-0.834075927734375,-0.4043426513671875,0.054473876953125
1780625293978612200,75.2226123046875,-0.9114990234375,-0.39007568359375,0.0351409912109375
1780625293988642000,75.23264208984375,-0.9307098388671875,-0.425201416015625,0.049224853515625
1780625293998672100,75.24267211914062,-0.9163360595703125,-0.4702301025390625,0.064239501953125
1780625294008701200,75.252701171875,-0.9249725341796875,-0.46478271484375,0.0623321533203125
1780625294018731000,75.26273095703125,-0.9337615966796875,-0.42559814453125,0.0674591064453125
1780625294028760000,75.27276000976562,-0.91046142578125,-0.3885955810546875,0.074371337890625
1780625294038790000,75.28278979492187,-0.8459625244140625,-0.391632080078125,0.0692901611328125
1780625294048819000,75.29281884765625,-0.7879486083984375,-0.430908203125,0.04779052734375
1780625294058849000,75.30284912109374,-0.76031494140625,-0.471527099609375,0.0151214599609375
1780625294068878000,75.31287817382812,-0.73114013671875,-0.485931396484375,0.0095977783203125
1780625294078908000,75.32290795898437,-0.7116241455078125,-0.5155487060546875,0.0177154541015625
1780625294088938000,75.33293798828124,-0.6669921875,-0.553436279296875,0.0369873046875
1780625294098967000,75.34296704101563,-0.534393310546875,-0.4912567138671875,0.0789642333984375
1780625294108997000,75.3529970703125,-0.5847930908203125,-0.489227294921875,0.1069793701171875
1780625294119026200,75.36302612304688,-0.820648193359375,-0.5427398681640625,0.112579345703125
1780625294129056000,75.37305590820313,-0.9212188720703125,-0.48895263671875,0.074981689453125
1780625294139085000,75.3830849609375,-0.9698028564453125,-0.508453369140625,0.036834716796875
1780625294149115100,75.393115234375,-0.974761962890625,-0.579498291015625,0.01641845703125
1780625294159144200,75.40314428710937,-0.9125823974609375,-0.5691986083984375,-0.019500732421875
1780625294169174000,75.41317407226562,-0.8701171875,-0.5749359130859375,-0.0357208251953125
1780625294179204000,75.4232041015625,-0.828857421875,-0.5842742919921875,-0.036834716796875
1780625294189233200,75.43323315429687,-0.7846221923828125,-0.584564208984375,-0.0535736083984375
1780625294199263000,75.44326293945312,-0.7150115966796875,-0.6100616455078125,-0.0467529296875
1780625294209292300,75.45329223632812,-0.6878204345703125,-0.6253662109375,-0.01287841796875
1780625294219321900,75.46332177734375,-0.7042236328125,-0.6151885986328125,0.0212249755859375
1780625294229351200,75.47335107421875,-0.7478179931640625,-0.5943145751953125,0.02996826171875
1780625294239381000,75.48338110351563,-0.8472747802734375,-0.553466796875,0.020172119140625
1780625294249410000,75.49341015625,-0.9625091552734375,-0.4759063720703125,-0.0105133056640625
1780625294259440000,75.50344018554688,-0.970428466796875,-0.4120635986328125,-0.071502685546875
1780625294269470000,75.51346997070313,-0.9524688720703125,-0.4145050048828125,-0.1065216064453125
1780625294279499000,75.5234990234375,-0.94903564453125,-0.4388580322265625,-0.1435699462890625
1780625294289529000,75.53352905273438,-0.9857635498046875,-0.4448699951171875,-0.1827392578125
1780625294299558100,75.54355810546875,-1.0074310302734375,-0.4305877685546875,-0.2034759521484375
1780625294309588000,75.553587890625,-0.9885711669921875,-0.4107513427734375,-0.21063232421875
1780625294319617000,75.56361694335938,-0.929473876953125,-0.4078521728515625,-0.17071533203125
1780625294329647000,75.57364721679687,-0.8616790771484375,-0.4127044677734375,-0.1064605712890625
1780625294339677200,75.58367724609376,-0.8018341064453125,-0.45098876953125,-0.0443115234375
1780625294349706200,75.59370629882812,-0.760986328125,-0.4961700439453125,0.0150146484375
1780625294359736000,75.60373608398437,-0.739227294921875,-0.4997406005859375,0.048431396484375
1780625294369765000,75.61376513671875,-0.752044677734375,-0.4789886474609375,0.063201904296875
1780625294379795200,75.62379516601563,-0.8121795654296875,-0.446258544921875,0.05938720703125
1780625294389824300,75.63382421875,-0.9117431640625,-0.410797119140625,0.0375213623046875
1780625294399854000,75.64385400390626,-1.00921630859375,-0.3841705322265625,0.0145416259765625
1780625294409884200,75.65388427734375,-1.0538177490234375,-0.3816375732421875,-0.0068817138671875
1780625294419913200,75.66391333007813,-1.049713134765625,-0.412261962890625,-0.026824951171875
1780625294429943300,75.673943359375,-1.0051116943359375,-0.434478759765625,-0.030853271484375
1780625294439972400,75.68397241210937,-0.9308013916015625,-0.45770263671875,-0.029205322265625
1780625294450002200,75.69400219726562,-0.8757476806640625,-0.512420654296875,-0.0496978759765625
1780625294460031200,75.70403125,-0.8462371826171875,-0.540985107421875,-0.081573486328125
1780625294470061300,75.71406127929687,-0.834991455078125,-0.507568359375,-0.104827880859375
1780625294480091400,75.72409130859376,-0.8242340087890625,-0.45068359375,-0.116973876953125
1780625294490120200,75.7341201171875,-0.8014678955078125,-0.4214019775390625,-0.1005706787109375
1780625294500150300,75.744150390625,-0.790863037109375,-0.4098663330078125,-0.0686187744140625
1780625294510179300,75.75417944335938,-0.8077850341796875,-0.402069091796875,-0.04608154296875
1780625294520209400,75.76420947265625,-0.833099365234375,-0.4013214111328125,-0.03271484375
1780625294530238500,75.77423852539063,-0.855926513671875,-0.40826416015625,-0.0240631103515625
1780625294540268300,75.78426831054688,-0.871307373046875,-0.4120635986328125,-0.0210418701171875
1780625294550298000,75.79429809570313,-0.86578369140625,-0.41607666015625,-0.0186920166015625
1780625294560327200,75.8043271484375,-0.8335723876953125,-0.4280242919921875,-0.0118865966796875
1780625294570357200,75.81435717773438,-0.800323486328125,-0.455780029296875,-0.0102996826171875
1780625294580386300,75.82438623046875,-0.764251708984375,-0.5006256103515625,0.002532958984375
1780625294590416100,75.834416015625,-0.7491455078125,-0.533477783203125,0.0290985107421875
1780625294600445200,75.84444506835938,-0.8163909912109375,-0.5239105224609375,0.0352783203125
1780625294610475300,75.85447534179687,-0.9286346435546875,-0.47906494140625,0.018890380859375
1780625294620505300,75.86450537109376,-1.0193023681640625,-0.4328155517578125,0.018310546875
1780625294630534100,75.8745341796875,-1.098388671875,-0.37860107421875,0.0229339599609375
1780625294640564200,75.88456420898437,-1.1509246826171875,-0.333404541015625,0.0247802734375
1780625294650593300,75.89459326171875,-1.1669921875,-0.305511474609375,0.0241851806640625
1780625294660623400,75.90462329101562,-1.1480255126953125,-0.307281494140625,0.0199432373046875
1780625294670652400,75.91465234375,-1.068389892578125,-0.36077880859375,0.026611328125
1780625294680682200,75.92468212890626,-0.912200927734375,-0.42205810546875,0.03851318359375
1780625294690712300,75.93471240234375,-0.8028564453125,-0.466583251953125,0.0398101806640625
1780625294700741400,75.94474145507813,-0.786376953125,-0.4890899658203125,0.0334014892578125
1780625294710771200,75.95477124023438,-0.8276214599609375,-0.4894561767578125,0.0225372314453125
1780625294720800500,75.96480053710937,-0.9059600830078125,-0.462890625,0.010162353515625
1780625294730830000,75.974830078125,-0.9974212646484375,-0.4158782958984375,-0.0071258544921875
1780625294740860200,75.98486010742188,-1.0634002685546875,-0.3692474365234375,-0.0175018310546875
1780625294750889200,75.99488916015625,-1.0755767822265625,-0.356414794921875,-0.0087127685546875
1780625294760919300,76.00491918945312,-1.0549774169921875,-0.372589111328125,0.005828857421875
1780625294770948000,76.01494799804688,-1.055816650390625,-0.385650634765625,0.001068115234375
1780625294780978200,76.02497827148437,-1.063812255859375,-0.389892578125,-0.001220703125
1780625294791007200,76.03500732421875,-1.0440521240234375,-0.3819732666015625,-0.0073699951171875
1780625294801037300,76.04503735351562,-0.997467041015625,-0.3774566650390625,-0.028961181640625
1780625294811067400,76.0550673828125,-0.944488525390625,-0.4042205810546875,-0.0435791015625
1780625294821096200,76.06509619140625,-0.889129638671875,-0.4365081787109375,-0.056915283203125
1780625294831126300,76.07512622070313,-0.8311004638671875,-0.4566802978515625,-0.059478759765625
1780625294841155300,76.0851552734375,-0.786590576171875,-0.4532012939453125,-0.041229248046875
1780625294851185400,76.09518530273438,-0.7661285400390625,-0.4368133544921875,-0.0144500732421875
1780625294861215200,76.10521533203125,-0.7842864990234375,-0.4092254638671875,0.013916015625
1780625294871244300,76.11524438476563,-0.8453521728515625,-0.3720855712890625,0.0234527587890625
1780625294881274000,76.12527416992188,-0.9104156494140625,-0.335052490234375,0.029876708984375
1780625294891303400,76.13530346679687,-0.972686767578125,-0.3165283203125,0.0233154296875
1780625294901333200,76.14533325195312,-0.982879638671875,-0.3221435546875,0.007720947265625
1780625294911362000,76.15536206054688,-0.941162109375,-0.3455810546875,0.0022125244140625
1780625294921392000,76.16539208984375,-0.9032745361328125,-0.3760223388671875,-0.003753662109375
1780625294931422200,76.17542211914062,-0.870574951171875,-0.404449462890625,-0.0164337158203125
1780625294941451300,76.185451171875,-0.8330535888671875,-0.4380340576171875,-0.027587890625
1780625294951481300,76.1954814453125,-0.8019866943359375,-0.483001708984375,-0.008209228515625
1780625294961510100,76.20551025390625,-0.8128509521484375,-0.5044097900390625,0.0077056884765625
1780625294971540200,76.21554028320313,-0.8797607421875,-0.4853973388671875,0.005828857421875
1780625294981570300,76.2255703125,-0.9308013916015625,-0.4476470947265625,-0.0020599365234375
1780625294991599400,76.23559936523438,-0.930877685546875,-0.4320831298828125,-0.0007781982421875
1780625295001629400,76.24562939453125,-0.9156646728515625,-0.4134979248046875,-0.000335693359375
1780625295011658200,76.255658203125,-0.8916015625,-0.3957061767578125,-0.006866455078125
1780625295021688300,76.26568823242188,-0.8793182373046875,-0.386566162109375,-0.0153961181640625
1780625295031718100,76.27571826171875,-0.8724212646484375,-0.3861541748046875,-0.023162841796875
1780625295041747500,76.28574755859376,-0.8492584228515625,-0.405548095703125,-0.028564453125
1780625295051777300,76.29577734375,-0.84234619140625,-0.416595458984375,-0.025543212890625
1780625295061806000,76.30580615234375,-0.8724822998046875,-0.4160308837890625,-0.0216217041015625
1780625295071836200,76.31583618164062,-0.90411376953125,-0.419281005859375,-0.01556396484375
1780625295081866200,76.3258662109375,-0.9056549072265625,-0.4193572998046875,-0.01031494140625
1780625295091895300,76.33589526367187,-0.8760833740234375,-0.4345703125,-0.0025787353515625
1780625295101925400,76.34592529296874,-0.8269195556640625,-0.4535369873046875,0.0019989013671875
1780625295111954200,76.3559541015625,-0.78924560546875,-0.4674224853515625,-0.0048065185546875
1780625295121984300,76.365984375,-0.7695465087890625,-0.4772186279296875,-0.02215576171875
1780625295132013300,76.37601342773438,-0.7574615478515625,-0.4909515380859375,-0.048126220703125
1780625295142043400,76.38604345703125,-0.76019287109375,-0.5108184814453125,-0.0726776123046875
1780625295152073500,76.39607348632812,-0.7909088134765625,-0.5207977294921875,-0.0940399169921875
1780625295162102300,76.40610229492188,-0.8655548095703125,-0.518890380859375,-0.117919921875
1780625295172132400,76.41613232421875,-0.9420318603515625,-0.500579833984375,-0.134124755859375
1780625295182161400,76.42616137695312,-0.9857635498046875,-0.4743804931640625,-0.1488800048828125
1780625295192191500,76.43619140625,-0.976898193359375,-0.4669952392578125,-0.1531219482421875
1780625295202221300,76.44622119140625,-0.9237213134765625,-0.472412109375,-0.1434783935546875
1780625295212250000,76.45625,-0.8400421142578125,-0.4781341552734375,-0.1244964599609375
1780625295222280200,76.4662802734375,-0.770721435546875,-0.4915618896484375,-0.1073760986328125
1780625295232309200,76.47630932617187,-0.7415924072265625,-0.488067626953125,-0.0848846435546875
1780625295242339300,76.48633935546874,-0.749237060546875,-0.4885711669921875,-0.07720947265625
1780625295252369200,76.496369140625,-0.80657958984375,-0.4855194091796875,-0.080810546875
1780625295262398200,76.50639819335937,-0.89300537109375,-0.4458770751953125,-0.0987091064453125
1780625295272428300,76.51642822265624,-0.9612884521484375,-0.399658203125,-0.14056396484375
1780625295282457300,76.52645727539063,-0.989593505859375,-0.37945556640625,-0.1748504638671875
1780625295292487400,76.5364873046875,-0.994384765625,-0.3818817138671875,-0.20697021484375
1780625295302517200,76.54651733398437,-0.978515625,-0.3910064697265625,-0.2372589111328125
1780625295312546300,76.55654638671875,-0.9492950439453125,-0.3953094482421875,-0.247222900390625
1780625295322576400,76.56657641601562,-0.924560546875,-0.396484375,-0.2499847412109375
1780625295332605400,76.57660546875,-0.920684814453125,-0.405303955078125,-0.2456817626953125
1780625295342635500,76.58663549804687,-0.9241790771484375,-0.418243408203125,-0.2490997314453125
1780625295353918200,76.59791821289062,-0.9187164306640625,-0.4406585693359375,-0.23809814453125
1780625295363948300,76.6079482421875,-0.9062652587890625,-0.4624786376953125,-0.218780517578125
1780625295373977000,76.61797705078125,-0.8892059326171875,-0.4758758544921875,-0.2019195556640625
1780625295384007200,76.62800708007812,-0.8715057373046875,-0.483489990234375,-0.19580078125
1780625295394037200,76.63803735351563,-0.844757080078125,-0.4858245849609375,-0.2030792236328125
1780625295404066300,76.64806640625,-0.773193359375,-0.49432373046875,-0.1971893310546875
1780625295414096400,76.65809643554688,-0.588470458984375,-0.5183868408203125,-0.11590576171875
1780625295424125200,76.66812524414063,-0.379241943359375,-0.6067657470703125,-0.033172607421875
1780625295434155300,76.6781552734375,-0.527099609375,-0.6053924560546875,-0.0626983642578125
1780625295444185300,76.68818530273437,-0.814544677734375,-0.415313720703125,-0.154388427734375
1780625295454214400,76.69821435546875,-1.0618133544921875,-0.330535888671875,-0.2256317138671875
