time,seconds_elapsed,z,y,x
1780626347299970300,0.05797021484375,-0.628606379032135,-0.009691615588963032,0.24416357278823853
1780626347309965300,0.06796533203125,-0.9830057621002197,-0.2425369918346405,0.37732818722724915
1780626347319960300,0.077960205078125,-1.451461911201477,-0.6204252243041992,0.5642408728599548
1780626347329956600,0.08795654296875,-2.0300962924957275,-1.1057614088058472,0.7989054322242737
1780626347339950800,0.097950927734375,-2.620943546295166,-1.594868540763855,1.0653982162475586
1780626347349945900,0.10794580078125,-3.099287509918213,-1.8491795063018799,1.3571699857711792
1780626347359941600,0.117941650390625,-3.04552960395813,-1.8429381847381592,1.661961555480957
1780626347369936600,0.1279365234375,-2.3318474292755127,-1.4227142333984375,1.7306299209594727
1780626347379932000,0.137931884765625,-1.342193365097046,-0.7301328182220459,1.3848518133163452
1780626347389928000,0.147927978515625,-0.4881007671356201,0.2468753159046173,0.759023904800415
1780626347399923000,0.1579228515625,-0.033748723566532135,0.9263728857040405,-0.05100637301802635
1780626347409918700,0.167918701171875,0.15659792721271515,1.1607601642608643,-0.7036929130554199
1780626347419913700,0.177913818359375,0.18938569724559784,1.4192732572555542,-1.1102691888809204
1780626347429908700,0.18790869140625,0.10670065134763718,1.4950757026672363,-1.3912055492401123
1780626347439904800,0.19790478515625,-0.05643926560878754,1.3248474597930908,-1.501312017440796
1780626347449900000,0.207900146484375,-0.2587202191352844,1.0257374048233032,-1.433232307434082
1780626347459894800,0.217894775390625,-0.4498744606971741,0.6604357957839966,-1.2021716833114624
1780626347469890800,0.227890869140625,-0.5519635677337646,0.426217645406723,-0.8355951905250549
1780626347479885800,0.2378857421875,-0.57001793384552,0.29702529311180115,-0.3982708752155304
1780626347489880800,0.247880859375,-0.5519616603851318,0.21636611223220825,0.05290013924241066
1780626347499876900,0.257876953125,-0.5431556701660156,0.03212382644414902,0.4737251400947571
1780626347509871600,0.26787158203125,-0.5759217739105225,-0.2355106621980667,0.8199113607406616
1780626347519866600,0.27786669921875,-0.6597381234169006,-0.46529698371887207,1.0444347858428955
1780626347529863000,0.28786279296875,-0.790273129940033,-0.6721929907798767,1.1329759359359741
1780626347539858000,0.29785791015625,-0.898685097694397,-0.7761090397834778,1.1537635326385498
1780626347549853700,0.307853759765625,-0.8090583682060242,-0.9707708954811096,1.2588369846343994
1780626347559848700,0.3178486328125,-0.5393240451812744,-0.364257276058197,1.3266581296920776
1780626347569843700,0.32784375,-0.2832312285900116,0.022392133250832558,1.3411825895309448
1780626347579839700,0.33783984375,-0.027522211894392967,0.3750186264514923,1.3007371425628662
1780626347589834800,0.347834716796875,0.224196657538414,0.45234400033950806,1.213607668876648
1780626347599830000,0.357830078125,0.3993660807609558,0.3182421326637268,1.097938060760498
1780626347609825800,0.36782568359375,0.29407694935798645,0.09032242000102997,0.8325839042663574
1780626347619820800,0.37782080078125,0.049262139946222305,0.2398112416267395,0.5744722485542297
1780626347629815800,0.38781591796875,-0.14897704124450684,0.49958738684654236,0.43667876720428467
1780626347639811800,0.397811767578125,-0.23513641953468323,0.6336426734924316,0.4350728988647461
1780626347649806800,0.407806884765625,-0.1577216386795044,0.5823652148246765,0.5296201705932617
1780626347659801600,0.417801513671875,-0.1543562114238739,0.4845643639564514,0.6388670206069946
1780626347669798000,0.4277978515625,-0.31860578060150146,0.47674670815467834,0.648642361164093
1780626347679793000,0.43779296875,-0.49008965492248535,0.5244819521903992,0.609795331954956
1780626347689788000,0.447787841796875,-0.5664635896682739,0.5512152314186096,0.5697606801986694
1780626347699783700,0.45778369140625,-0.5926624536514282,0.5611893534660339,0.5476324558258057
1780626347709778700,0.46777880859375,-0.5980929136276245,0.3559517562389374,0.4929722547531128
1780626347719774700,0.477774658203125,-0.5975648164749146,0.08907560259103775,0.44158467650413513
1780626347729769700,0.487769775390625,-0.3902674615383148,-0.1292828619480133,0.4976319372653961
1780626347739764700,0.4977646484375,0.11822879314422607,0.006326904520392418,0.6276927590370178
1780626347749760800,0.5077607421875,0.41939470171928406,0.05411868542432785,0.5969593524932861
1780626347759755800,0.517755859375,0.4031568765640259,-0.014954659156501293,0.5826547145843506
1780626347769750800,0.527750732421875,0.29836663603782654,-0.22880731523036957,0.6080611348152161
1780626347779746800,0.537746826171875,0.21680758893489838,-0.6508874297142029,0.6817331910133362
1780626347789741800,0.547741943359375,0.11709713190793991,-1.2024794816970825,0.9016973376274109
1780626347799736800,0.55773681640625,-0.0021538957953453064,-1.679836392402649,1.164559006690979
1780626347809732900,0.56773291015625,-0.16764995455741882,-1.714384913444519,1.3266422748565674
1780626347819728000,0.577727783203125,-0.23753608763217926,-1.4709722995758057,1.430443286895752
1780626347829723000,0.587722900390625,-0.20166929066181183,-1.0099740028381348,1.3848679065704346
1780626347839719000,0.597718994140625,-0.12373986840248108,-0.5448701977729797,1.24185049533844
1780626347849714000,0.6077138671875,-0.05814893916249275,-0.22006157040596008,1.0839769840240479
1780626347859708700,0.617708740234375,0.03212662786245346,-0.11483155936002731,0.9670935273170471
1780626347869704700,0.62770458984375,0.18929779529571533,0.03488827869296074,0.8702825903892517
1780626347879699700,0.63769970703125,0.6115678548812866,0.7546895742416382,0.7032176852226257
1780626347889694700,0.64769482421875,1.0829943418502808,0.9071411490440369,0.34251517057418823
1780626347899690800,0.657690673828125,1.2538291215896606,0.5798876285552979,-0.06387174874544144
1780626347909685800,0.667685791015625,1.1833828687667847,0.2505875527858734,-0.38427674770355225
1780626347919681800,0.677681884765625,1.1231125593185425,0.11878371983766556,-0.5149911046028137
1780626347929676800,0.6876767578125,1.1785516738891602,0.18454405665397644,-0.3826531767845154
1780626347939671800,0.697671875,1.2018429040908813,0.17923611402511597,-0.12329939007759094
1780626347949667600,0.70766748046875,1.1155768632888794,-0.11392150074243546,0.07211289554834366
1780626347959662800,0.717662841796875,1.0335462093353271,-0.42785385251045227,0.11744096130132675
1780626347969657900,0.727657958984375,1.0467599630355835,-0.4544161558151245,0.0499449223279953
1780626347979654000,0.73765380859375,1.1471030712127686,-0.34242331981658936,-0.11382190883159637
1780626347989649000,0.74764892578125,1.1407043933868408,-0.1827986091375351,-0.3896995484828949
1780626347999644000,0.757643798828125,0.9168211817741394,-0.23087133467197418,-0.7645078301429749
1780626348009639700,0.7676396484375,0.8314329385757446,-0.21830976009368896,-0.988599419593811
1780626348019634700,0.777634765625,0.8459985256195068,-0.3618650436401367,-1.0334312915802002
1780626348029629700,0.787629638671875,0.8405209183692932,-0.12378937005996704,-0.9496558904647827
1780626348039626000,0.7976259765625,0.8135793209075928,0.06376614421606064,-0.8615577220916748
1780626348049621000,0.80762109375,0.8234717845916748,0.1397072970867157,-0.7968236207962036
1780626348059615700,0.81761572265625,0.9215860962867737,0.2689395546913147,-0.7187680006027222
1780626348069611800,0.82761181640625,1.0657750368118286,0.19914264976978302,-0.6632055044174194
1780626348079606800,0.837606689453125,1.1823259592056274,0.0021837707608938217,-0.6485403180122375
1780626348089601800,0.847601806640625,1.312241792678833,-0.12054774165153503,-0.6009014248847961
1780626348099597600,0.85759765625,1.401655912399292,-0.05355832353234291,-0.47497060894966125
1780626348109592800,0.8675927734375,1.4058781862258911,0.07789161801338196,-0.2879204750061035
1780626348119588900,0.8775888671875,1.2843810319900513,0.025468625128269196,-0.06786693632602692
1780626348129583900,0.887583984375,0.9535391926765442,-0.24729330837726593,0.17402541637420654
1780626348139579000,0.897578857421875,0.4464304447174072,-0.38519287109375,0.42245811223983765
1780626348149574700,0.90757470703125,-0.12011590600013733,-0.47964343428611755,0.6641499400138855
1780626348159569700,0.917569580078125,-0.5502760410308838,-0.5024192929267883,0.8151365518569946
1780626348169564700,0.927564697265625,-0.709922194480896,-0.6099802851676941,0.8658856749534607
1780626348179561000,0.93756103515625,-0.7653197050094604,-0.6280402541160583,0.8660425543785095
1780626348189556000,0.947555908203125,-0.9064067602157593,-0.6036657691001892,0.9050570726394653
1780626348199551000,0.957551025390625,-1.0076359510421753,-0.7681742906570435,1.0573997497558594
1780626348209546800,0.967546630859375,-1.188474416732788,-0.9782503247261047,1.1961854696273804
1780626348219541800,0.977541748046875,-1.3404748439788818,-0.9587277173995972,1.0047886371612549
1780626348229536800,0.987536865234375,-1.177433729171753,-0.7575466632843018,0.6267317533493042
1780626348239532800,0.99753271484375,-0.7662813663482666,-0.48208099603652954,0.2577342391014099
1780626348249527800,1.00752783203125,-0.5021690726280212,-0.22168633341789246,-0.03367416933178902
1780626348259522800,1.017522705078125,-0.3624702990055084,-0.22694581747055054,-0.20212896168231964
1780626348269518800,1.027518798828125,-0.2547937035560608,-0.4642893671989441,-0.26793256402015686
1780626348279513900,1.037513916015625,-0.1900661140680313,-0.6681807637214661,-0.24873757362365723
1780626348289508900,1.0475087890625,-0.239620178937912,-0.7628930807113647,-0.16306988894939423
1780626348299504600,1.057504638671875,-0.3542519509792328,-0.7621614933013916,-0.05458522215485573
1780626348309499600,1.067499755859375,-0.4373936057090759,-0.6244674921035767,0.061292555183172226
1780626348319494700,1.07749462890625,-0.42518219351768494,-0.33563461899757385,0.18877354264259338
1780626348329491000,1.087490966796875,-0.23799307644367218,-0.05326484143733978,0.25050243735313416
1780626348339486500,1.097486572265625,-0.000938979908823967,0.04720397666096687,0.21203653514385223
1780626348349482500,1.107482421875,0.1986285001039505,0.0413782112300396,0.12508371472358704
1780626348359477500,1.1174775390625,0.2956567704677582,-0.05788898840546608,0.028579799458384514
1780626348369472500,1.127472412109375,0.2700918912887573,-0.24722477793693542,-0.037010397762060165
1780626348379468500,1.137468505859375,0.1949305683374405,-0.26205646991729736,-0.0571281835436821
1780626348389463600,1.147463623046875,0.2877625524997711,-0.03866094350814819,-0.07396584004163742
1780626348399458300,1.157458251953125,0.6093003749847412,0.222421795129776,-0.13217401504516602
1780626348409454300,1.167454345703125,1.0180622339248657,0.3732726275920868,-0.3011217713356018
1780626348419449300,1.177449462890625,1.338720679283142,0.38831523060798645,-0.5051619410514832
1780626348429444600,1.187444580078125,1.5221929550170898,0.23603972792625427,-0.5779502391815186
1780626348439440400,1.1974404296875,1.6185802221298218,-0.1350930631160736,-0.4913271963596344
1780626348449435400,1.207435302734375,1.6834710836410522,-0.7631821036338806,-0.2890563905239105
1780626348459430400,1.217430419921875,1.6192518472671509,-1.5036004781723022,-0.1030748188495636
1780626348469426400,1.227426513671875,1.428880214691162,-2.1424272060394287,0.017831813544034958
1780626348479421400,1.23742138671875,0.21371710300445557,-1.5168530941009521,-0.2275606393814087
1780626348489416400,1.24741650390625,-0.20829132199287415,-1.6013625860214233,-0.5330736637115479
1780626348499412500,1.25741259765625,0.32126837968826294,-2.851569890975952,-0.46543043851852417
1780626348509407500,1.267407470703125,0.787331759929657,-3.3505642414093018,-0.39978212118148804
1780626348519402500,1.277402587890625,1.1664848327636719,-2.9846434593200684,-0.4361651539802551
1780626348529398500,1.2873984375,1.6181058883666992,-3.0012264251708984,-0.5121124982833862
1780626348539393500,1.2973935546875,2.0894863605499268,-3.326737642288208,-0.6008415222167969
1780626348549388300,1.30738818359375,2.4344699382781982,-3.551668643951416,-0.7223294377326965
1780626348559384300,1.31738427734375,2.605867624282837,-3.765265464782715,-0.8228275179862976
1780626348569379300,1.32737939453125,2.6580100059509277,-4.024694442749023,-0.8419233560562134
1780626348579374600,1.33737451171875,2.679445505142212,-4.291131496429443,-0.7469809055328369
1780626348589370400,1.347370361328125,2.6519739627838135,-4.5462965965271,-0.6035315990447998
1780626348599365400,1.357365478515625,2.574139356613159,-4.690884113311768,-0.527615487575531
1780626348609360400,1.3673603515625,2.5021185874938965,-4.606010913848877,-0.5445697903633118
1780626348619356400,1.3773564453125,2.480243444442749,-4.452943325042725,-0.5659334063529968
1780626348629351400,1.387351318359375,2.5373525619506836,-4.199122905731201,-0.5707003474235535
1780626348639347200,1.39734716796875,2.720050811767578,-4.057429790496826,-0.6158359050750732
1780626348649342500,1.407342529296875,2.9842069149017334,-4.220088005065918,-0.7082779407501221
1780626348659337500,1.41733740234375,3.1903393268585205,-4.644946575164795,-0.7698323726654053
1780626348669333500,1.42733349609375,3.138564109802246,-4.936437606811523,-0.6137645244598389
1780626348679328500,1.43732861328125,2.834942579269409,-4.723138332366943,-0.05557636171579361
1780626348689323500,1.447323486328125,2.574586868286133,-4.417913436889648,0.5887196063995361
1780626348699319300,1.4573193359375,2.480666160583496,-4.488344669342041,1.0415784120559692
1780626348709314300,1.467314208984375,2.630218505859375,-4.699720859527588,1.1272462606430054
1780626348719309300,1.477309326171875,2.919382333755493,-5.007165431976318,0.9859358072280884
1780626348729305600,1.4873056640625,3.1787803173065186,-5.245845794677734,0.9040848016738892
1780626348739300600,1.497300537109375,3.3548922538757324,-5.270265102386475,0.9768103957176208
1780626348749295400,1.50729541015625,3.5435869693756104,-5.120100498199463,1.2546956539154053
1780626348759291400,1.51729150390625,3.777928590774536,-4.727739334106445,1.6483936309814453
1780626348769286400,1.527286376953125,4.088149547576904,-4.177923202514648,1.986745834350586
1780626348779281400,1.537281494140625,4.46138334274292,-3.656254768371582,2.105447769165039
1780626348789277400,1.54727734375,4.8785858154296875,-3.1209962368011475,1.991146445274353
1780626348799272400,1.5572724609375,5.298795223236084,-2.6799099445343018,1.625322937965393
1780626348809267500,1.567267333984375,5.739157199859619,-2.503690242767334,1.0601426362991333
1780626348819263500,1.577263427734375,5.921377182006836,-2.4965639114379883,0.6203575730323792
1780626348829258500,1.587258544921875,5.596182346343994,-2.6119372844696045,0.6143141388893127
1780626348839253500,1.59725341796875,4.897202014923096,-2.9190242290496826,1.0400792360305786
1780626348849249300,1.607249267578125,4.114459037780762,-3.069493055343628,1.6012163162231445
1780626348859244300,1.617244384765625,3.414435625076294,-2.737109422683716,1.977996826171875
1780626348869239300,1.6272392578125,2.9176347255706787,-2.0915935039520264,2.0556318759918213
1780626348879235600,1.637235595703125,2.5776565074920654,-1.3597887754440308,1.9764118194580078
1780626348889230600,1.647230712890625,2.259308338165283,-0.5110480785369873,1.8194509744644165
1780626348899225600,1.6572255859375,1.8970811367034912,0.358418345451355,1.5802158117294312
1780626348909221400,1.667221435546875,1.5204631090164185,1.0952671766281128,1.266416072845459
1780626348919216400,1.67721630859375,1.1934833526611328,1.6369179487228394,0.9561445116996765
1780626348929211400,1.68721142578125,0.8577977418899536,2.092522144317627,0.7584125995635986
1780626348939207400,1.69720751953125,0.4239237606525421,2.5353333950042725,0.6341082453727722
1780626348949202400,1.707202392578125,-0.08264507353305817,2.8817145824432373,0.5562176704406738
1780626348959197400,1.717197509765625,-0.5842674374580383,2.998932361602783,0.5906558036804199
1780626348969193500,1.727193359375,-0.8413048386573792,2.925806999206543,0.6794304847717285
1780626348979188500,1.7371884765625,-0.8435370922088623,2.6772823333740234,0.7670327425003052
1780626348989183500,1.74718359375,-0.8008010387420654,2.403010368347168,0.8781603574752808
1780626348999179300,1.75717919921875,-0.8326992988586426,2.2120306491851807,0.9778134822845459
1780626349009174300,1.76717431640625,-0.8440711498260498,2.06022047996521,1.019407033920288
1780626349019170600,1.777170654296875,-0.8339706063270569,1.9108030796051025,1.0000958442687988
1780626349029165600,1.78716552734375,-0.9048818945884705,1.7375761270523071,0.9700280427932739
1780626349039160600,1.79716064453125,-1.123605728149414,1.5030821561813354,1.0181227922439575
1780626349049156400,1.80715625,-1.4932334423065186,1.1324412822723389,1.2424558401107788
1780626349059151400,1.8171513671875,-1.854701280593872,0.7017806768417358,1.6136260032653809
1780626349069146400,1.827146484375,-2.042868137359619,0.439848393201828,1.9484628438949585
1780626349079142400,1.837142333984375,-1.9844821691513062,0.3327730894088745,2.0597519874572754
1780626349089137400,1.847137451171875,-1.7223550081253052,0.2067410945892334,2.0187535285949707
1780626349099132400,1.85713232421875,-1.3868166208267212,0.18553169071674347,1.8623250722885132
1780626349109128400,1.86712841796875,-1.139477014541626,0.2096535712480545,1.6346091032028198
1780626349119123500,1.87712353515625,-1.0393896102905273,0.19938363134860992,1.447058916091919
1780626349129118500,1.887118408203125,-1.0947139263153076,0.14342685043811798,1.3972463607788086
1780626349139114500,1.897114501953125,-1.293213963508606,0.032524820417165756,1.5495972633361816
1780626349149109200,1.907109130859375,-1.5820342302322388,-0.06239655613899231,1.8624002933502197
1780626349159104300,1.917104248046875,-1.866852879524231,-0.07821386307477951,2.179555654525757
1780626349169100500,1.9271005859375,-1.9915237426757812,0.02860577404499054,2.3603601455688477
1780626349179095600,1.937095458984375,-1.86280357837677,0.0603831447660923,2.1390466690063477
1780626349189090600,1.947090576171875,-1.4612137079238892,0.07457323372364044,1.471054196357727
1780626349199086300,1.95708642578125,-1.0347236394882202,0.4252958297729492,0.6797901391983032
1780626349209081300,1.967081298828125,-0.7385380864143372,0.7498528361320496,0.16663265228271484
1780626349219076400,1.977076416015625,-0.6811214089393616,0.6865851283073425,0.1888841688632965
1780626349229072400,1.987072265625,-0.7979875206947327,0.23865057528018951,0.5900752544403076
1780626349239067400,1.9970673828125,-0.9706045389175415,-0.3121265470981598,1.0824657678604126
1780626349249062700,2.007062744140625,-1.13124418258667,-0.7832805514335632,1.4592487812042236
1780626349259058400,2.017058349609375,-1.201856255531311,-1.0427443981170654,1.5383800268173218
1780626349269053400,2.027053466796875,-1.2133561372756958,-1.1224358081817627,1.2821801900863647
1780626349279048400,2.03704833984375,-1.2418521642684937,-1.1142700910568237,0.9854016900062561
1780626349289044500,2.04704443359375,-1.2599729299545288,-1.1174906492233276,0.8030492067337036
1780626349299039500,2.05703955078125,-1.2801640033721924,-1.0276422500610352,0.7092803716659546
1780626349309034200,2.0670341796875,-1.3236663341522217,-0.7715673446655273,0.6271456480026245
1780626349319030500,2.077030517578125,-1.3639516830444336,-0.5083370208740234,0.5688716769218445
1780626349329025500,2.087025634765625,-1.3658000230789185,-0.4612099826335907,0.5245346426963806
1780626349339020500,2.0970205078125,-1.26541268825531,-0.5528663992881775,0.5024749040603638
1780626349349016600,2.1070166015625,-1.1511589288711548,-0.8461704850196838,0.4055817723274231
1780626349359011600,2.117011474609375,-1.0063923597335815,-1.0872588157653809,0.3525470495223999
1780626349369006600,2.127006591796875,-0.8082762360572815,-1.1386795043945312,0.476301372051239
1780626349379002600,2.137002685546875,-0.6400640606880188,-0.9309614896774292,0.670276403427124
1780626349388997600,2.14699755859375,-0.5486469268798828,-0.6271622776985168,0.715817928314209
1780626349398992600,2.15699267578125,-0.4409595727920532,-0.40769168734550476,0.5940062403678894
1780626349408988400,2.166988525390625,-0.344304621219635,-0.2361217439174652,0.4862900972366333
1780626349418983400,2.1769833984375,-0.3110595941543579,-0.17354224622249603,0.42029616236686707
1780626349428978400,2.186978515625,-0.25465747714042664,-0.21202194690704346,0.37253013253211975
1780626349438974700,2.196974609375,-0.1398448646068573,-0.2542983293533325,0.362609326839447
1780626349448969700,2.2069697265625,0.03461917117238045,-0.2503105700016022,0.35366031527519226
1780626349458965500,2.216965576171875,0.13384242355823517,-0.13450463116168976,0.30535590648651123
1780626349468960500,2.22696044921875,0.1429128646850586,0.035487085580825806,0.2248932123184204
1780626349478955500,2.23695556640625,0.06710997223854065,0.21792161464691162,0.23667903244495392
1780626349488951600,2.24695166015625,-0.041972409933805466,0.4318099915981293,0.2588781714439392
1780626349498946600,2.256946533203125,-0.08120796084403992,0.4763611853122711,0.29258739948272705
1780626349508941600,2.266941650390625,-0.01572130247950554,0.4152447283267975,0.26714566349983215
1780626349518937600,2.2769375,0.16034027934074402,-0.07381071895360947,0.24822179973125458
1780626349528932600,2.2869326171875,0.43633222579956055,-0.7312588095664978,0.3461274802684784
1780626349538927600,2.296927734375,0.6141927242279053,-1.0039371252059937,0.4884718358516693
1780626349548923400,2.30692333984375,0.8051272630691528,-1.2491793632507324,0.5437132716178894
1780626349558918400,2.31691845703125,0.953277587890625,-1.5333094596862793,0.6229279041290283
1780626349568913400,2.326913330078125,0.8664490580558777,-1.5900958776474,0.9054055213928223
1780626349578909700,2.33690966796875,0.6879206299781799,-1.3068718910217285,1.1971529722213745
1780626349588904700,2.34690478515625,0.5803120136260986,-1.1379033327102661,1.3466832637786865
1780626349598899700,2.356899658203125,0.6453602313995361,-1.1054884195327759,1.284427285194397
1780626349608895500,2.3668955078125,0.9351631999015808,-1.1290684938430786,1.0109913349151611
1780626349618890500,2.376890380859375,1.2876217365264893,-1.086613416671753,0.659678041934967
1780626349628885500,2.386885498046875,1.6896326541900635,-1.0935994386672974,0.35303813219070435
1780626349638881500,2.396881591796875,2.0897269248962402,-1.0944710969924927,0.16396859288215637
1780626349648876500,2.40687646484375,2.1649422645568848,-1.0672904253005981,0.2341965138912201
1780626349658871600,2.41687158203125,1.8272521495819092,-0.9584236145019531,0.4761931598186493
1780626349668867600,2.42686767578125,1.4425402879714966,-0.7734531760215759,0.6532411575317383
1780626349678862600,2.436862548828125,1.1201335191726685,-0.5059868097305298,0.7054545879364014
1780626349688857600,2.446857666015625,1.1697852611541748,-0.21030859649181366,0.5138428211212158
1780626349698853400,2.456853271484375,1.0642307996749878,-0.1399446725845337,0.3532049357891083
1780626349708848400,2.466848388671875,0.8352349996566772,-0.10178550332784653,0.3099513649940491
1780626349718843400,2.476843505859375,0.7186841368675232,0.05565338581800461,0.2765718400478363
1780626349728839700,2.486839599609375,0.869688093662262,0.006816245149821043,0.15321794152259827
1780626349738834700,2.496834716796875,1.2134811878204346,0.0181269571185112,-0.09695141017436981
1780626349748829700,2.50682958984375,1.318358302116394,0.22772330045700073,-0.2982393205165863
1780626349758825500,2.516825439453125,1.0956655740737915,-0.039883632212877274,-0.07818606495857239
1780626349768820500,2.526820556640625,0.7866366505622864,-0.5469335317611694,0.33803537487983704
1780626349778815500,2.5368154296875,0.600468099117279,-0.9434265494346619,0.64022296667099
1780626349788811500,2.5468115234375,0.6279251575469971,-1.27009916305542,0.8204663395881653
1780626349798806800,2.556806884765625,0.791101336479187,-1.3815410137176514,0.8920931220054626
1780626349808801500,2.566801513671875,0.9425306916236877,-1.4568694829940796,0.8636311292648315
1780626349818797600,2.576797607421875,1.1049240827560425,-1.5381145477294922,0.7616086602210999
1780626349828792600,2.58679248046875,1.1987828016281128,-1.537154197692871,0.6762501001358032
1780626349838787600,2.59678759765625,1.1552674770355225,-1.4070161581039429,0.6438729763031006
1780626349848783600,2.60678369140625,0.9798475503921509,-1.2567702531814575,0.6692852973937988
1780626349858778400,2.6167783203125,0.7435426115989685,-1.0864664316177368,0.7160951495170593
1780626349868773400,2.6267734375,0.5751646757125854,-0.9328740835189819,0.6865181922912598
1780626349878769700,2.636769775390625,0.4172360301017761,-0.8205467462539673,0.5800058841705322
1780626349888764700,2.6467646484375,0.15328861773014069,-0.5165374875068665,0.4382805824279785
1780626349898759700,2.656759765625,-0.1852995604276657,-0.12942838668823242,0.2565020024776459
1780626349908755500,2.66675537109375,-0.45257216691970825,0.20236237347126007,0.10031532496213913
1780626349918750500,2.67675048828125,-0.7368299961090088,0.5082498788833618,-0.10938624292612076
1780626349928746500,2.68674658203125,-1.103598713874817,0.8575236201286316,-0.3713923692703247
1780626349938741500,2.696741455078125,-1.4822924137115479,1.266806960105896,-0.601877748966217
1780626349948736800,2.70673681640625,-1.5100363492965698,0.804832935333252,-0.35204753279685974
1780626349958732500,2.716732666015625,-1.2935335636138916,-0.392890989780426,0.18664070963859558
1780626349968727600,2.7267275390625,-0.7253304719924927,-1.1537270545959473,0.48256611824035645
1780626349978722600,2.73672265625,-0.25506898760795593,-2.4736623764038086,0.44717004895210266
1780626349988718600,2.746718505859375,-0.026691125705838203,-2.963379144668579,0.16710376739501953
1780626349998713600,2.756713623046875,-0.1319802701473236,-3.005315065383911,-0.2137647569179535
1780626350008708400,2.766708251953125,-0.12950818240642548,-2.7075648307800293,-0.47192704677581787
1780626350018704600,2.77670458984375,0.09401758760213852,-1.8808183670043945,-0.822422981262207
1780626350028699600,2.78669970703125,0.4198969006538391,-0.48412638902664185,-1.1626728773117065
1780626350038694700,2.796694580078125,0.6769984364509583,0.7884161472320557,-1.2494608163833618
1780626350048690400,2.8066904296875,0.8075475692749023,1.413055419921875,-1.0135715007781982
1780626350058685400,2.816685546875,0.7525450587272644,1.3416837453842163,-0.6113577485084534
1780626350068680400,2.826680419921875,0.4251960813999176,0.6501041054725647,-0.1891860067844391
1780626350078676500,2.836676513671875,-0.0569271482527256,0.1484370231628418,0.19291317462921143
1780626350088671500,2.84667138671875,-0.4732514023780823,-0.07135162502527237,0.5119611620903015
1780626350098666800,2.856666748046875,-0.680476725101471,-0.1546126902103424,0.7189915776252747
1780626350108662500,2.86666259765625,-0.7373182773590088,-0.2616537809371948,0.8065842986106873
1780626350118657500,2.876657470703125,-0.6589065790176392,-0.3408713936805725,0.8105058073997498
1780626350128652500,2.886652587890625,-0.4897709786891937,-0.16248127818107605,0.6864124536514282
1780626350138648600,2.896648681640625,-0.22652548551559448,0.15199622511863708,0.4021250605583191
1780626350148643600,2.9066435546875,-0.015092488378286362,0.23572979867458344,0.11567191034555435
1780626350158638600,2.916638671875,0.004072417970746756,-0.00662104832008481,-0.023792510852217674
1780626350168634600,2.926634521484375,-0.03725288808345795,-0.1084221601486206,-0.07194583117961884
1780626350178629600,2.936629638671875,-0.006915224250406027,-0.012583245523273945,-0.05650775507092476
1780626350188624600,2.946624755859375,0.10239818692207336,0.1954825073480606,0.0075246659107506275
1780626350198620700,2.95662060546875,0.26579907536506653,0.43595850467681885,0.08177705854177475
1780626350208615400,2.966615478515625,0.49216994643211365,0.7114579081535339,0.18229204416275024
1780626350218610400,2.9766103515625,0.8182463049888611,1.0277607440948486,0.32893526554107666
1780626350228606500,2.9866064453125,1.2110817432403564,1.1847821474075317,0.49996232986450195
1780626350238601500,2.9966015625,1.6194530725479126,1.0766940116882324,0.6653555631637573
1780626350248596700,3.0065966796875,1.9366099834442139,0.881762683391571,0.7470362186431885
1780626350258592500,3.016592529296875,2.1996214389801025,0.6330466270446777,0.7933158278465271
1780626350268587500,3.02658740234375,2.404212474822998,0.33646005392074585,0.885472297668457
1780626350278582500,3.03658251953125,2.55670166015625,0.1317271590232849,0.9984713196754456
1780626350288578600,3.04657861328125,2.68058443069458,-0.018543165177106857,1.021596908569336
1780626350298573600,3.056573486328125,2.7536115646362305,-0.03596317023038864,0.8304003477096558
1780626350308568600,3.066568603515625,2.7354862689971924,0.10394192487001419,0.40018513798713684
1780626350318564600,3.076564697265625,2.6724913120269775,0.24200685322284698,-0.11799410730600357
1780626350328559600,3.0865595703125,2.5551953315734863,0.39727747440338135,-0.607598066329956
1780626350338554600,3.0965546875,2.378096103668213,0.5941365361213684,-0.9776421785354614
1780626350348550700,3.106550537109375,2.0922093391418457,0.8374319076538086,-1.1458607912063599
1780626350358545700,3.116545654296875,1.6299635171890259,1.1230530738830566,-1.0513161420822144
1780626350368540400,3.12654052734375,1.090633511543274,1.296105146408081,-0.7753683924674988
1780626350378536400,3.136536376953125,0.6057807207107544,1.0891937017440796,-0.4730590879917145
1780626350388531500,3.146531494140625,0.2735989987850189,0.7771622538566589,-0.26218441128730774
1780626350398526700,3.156526611328125,0.026612132787704468,0.5978926420211792,-0.1840834766626358
1780626350408522500,3.1665224609375,-0.13746115565299988,0.6440172791481018,-0.15911659598350525
1780626350418517500,3.176517578125,-0.23201030492782593,0.5447569489479065,-0.19341038167476654
1780626350428512500,3.186512451171875,-0.3206360638141632,0.5926302075386047,-0.21632377803325653
1780626350438508500,3.196508544921875,-0.30114251375198364,0.7317593693733215,-0.2146366685628891
1780626350448503600,3.206503662109375,-0.18980765342712402,0.8500590324401855,-0.21072813868522644
1780626350458498600,3.21649853515625,-0.16629114747047424,0.9074834585189819,-0.1913381963968277
1780626350468494600,3.22649462890625,-0.23980948328971863,0.9731823801994324,-0.18197761476039886
1780626350478489600,3.236489501953125,-0.2781462073326111,1.0034396648406982,-0.13450224697589874
1780626350488484600,3.246484619140625,-0.28838053345680237,0.9687004685401917,-0.03347247838973999
1780626350498480600,3.256480712890625,-0.3001578152179718,0.8635514378547668,0.09297574311494827
1780626350508475600,3.2664755859375,-0.2384025603532791,0.7267234921455383,0.22432240843772888
1780626350518471400,3.276471435546875,-0.08104994893074036,0.6182194352149963,0.3371514678001404
1780626350528466400,3.286466552734375,0.038806695491075516,0.5560351610183716,0.42369604110717773
1780626350538461400,3.29646142578125,0.05058399215340614,0.45819827914237976,0.4593501687049866
1780626350548457700,3.306457763671875,-0.016263768076896667,0.3186156153678894,0.43758299946784973
1780626350558452500,3.316452392578125,-0.102108895778656,0.17291969060897827,0.3741297125816345
1780626350568447500,3.326447509765625,-0.18775852024555206,0.006398072931915522,0.30421820282936096
1780626350578443500,3.336443603515625,-0.3115057647228241,-0.25417280197143555,0.25315767526626587
1780626350588438500,3.3464384765625,-0.4832007586956024,-0.5700448751449585,0.2108687311410904
1780626350598433500,3.35643359375,-0.6884204745292664,-0.6512308120727539,0.21510103344917297
1780626350608429600,3.3664296875,-0.8465175032615662,-0.5700192451477051,0.26862266659736633
1780626350618424600,3.376424560546875,-0.8265443444252014,-0.5433178544044495,0.38325124979019165
1780626350628419600,3.386419677734375,-0.5591960549354553,-0.6113765835762024,0.5897706747055054
1780626350638415600,3.39641552734375,-0.10373908281326294,-0.6340193152427673,0.8616802096366882
1780626350648410600,3.40641064453125,0.34532296657562256,-0.4660819470882416,1.0983728170394897
1780626350658405600,3.416405517578125,0.5882576107978821,-0.15458397567272186,1.1260316371917725
1780626350668401400,3.4264013671875,0.5812497735023499,0.034411340951919556,0.8652702569961548
1780626350678396400,3.436396484375,0.4056408703327179,0.052758656442165375,0.3689124286174774
1780626350688391400,3.446391357421875,0.1799248456954956,-0.03324100375175476,-0.2085169106721878
1780626350698387700,3.4563876953125,0.002295194659382105,-0.02596045657992363,-0.699753999710083
1780626350708382700,3.4663828125,-0.031148195266723633,-0.021590393036603928,-1.0329546928405762
1780626350718377500,3.47637744140625,0.05723785609006882,-0.07429514825344086,-1.2025583982467651
1780626350728373500,3.48637353515625,0.1814538687467575,-0.17195995151996613,-1.2530362606048584
1780626350738368500,3.496368408203125,0.3039208948612213,-0.2307196706533432,-1.189551830291748
1780626350748363500,3.506363525390625,0.48059549927711487,-0.35748380422592163,-1.0235215425491333
1780626350758359600,3.516359619140625,0.696336567401886,-0.521001935005188,-0.7360531091690063
1780626350768354600,3.5263544921875,0.9222372174263,-0.8042486310005188,-0.36927393078804016
1780626350778349600,3.536349609375,1.1828548908233643,-1.0779056549072266,0.02821032516658306
1780626350788345600,3.546345703125,1.445076823234558,-1.173770785331726,0.4059566557407379
1780626350798340600,3.556340576171875,1.6614139080047607,-1.1165519952774048,0.7424627542495728
1780626350808335600,3.566335693359375,1.7762174606323242,-1.0063191652297974,1.0081231594085693
1780626350818331400,3.576331298828125,1.7299375534057617,-0.9048057198524475,1.2478052377700806
1780626350828326400,3.586326416015625,1.482932686805725,-0.9181862473487854,1.4873404502868652
1780626350838321400,3.5963212890625,0.9863041043281555,-1.1642428636550903,1.710654854774475
1780626350848317700,3.606317626953125,0.4360755383968353,-1.446354866027832,1.9099643230438232
1780626350858312700,3.616312744140625,-0.008767430670559406,-1.695825219154358,2.0077199935913086
1780626350868307700,3.6263076171875,-0.5415851473808289,-2.2133877277374268,1.5675040483474731
1780626350878303500,3.636303466796875,-0.672042727470398,-2.095323085784912,-0.09361260384321213
1780626350888298500,3.646298583984375,-0.3880171477794647,-2.315047264099121,-1.3734697103500366
1780626350898293500,3.65629345703125,-0.3128052055835724,-2.2459027767181396,-1.5639954805374146
1780626350908289800,3.666289794921875,-0.3881481885910034,-1.991546869277954,-1.2078664302825928
1780626350918284500,3.676284423828125,-0.5394655466079712,-1.8089227676391602,-0.8340132832527161
1780626350928279600,3.686279541015625,-0.5579973459243774,-1.310370922088623,-0.8495478630065918
1780626350938275600,3.696275634765625,-0.2917206585407257,-0.48499444127082825,-1.2854969501495361
1780626350948270600,3.7062705078125,0.035232383757829666,0.2598745822906494,-1.5073925256729126
1780626350958265600,3.716265625,0.2539553940296173,0.5649950504302979,-1.4497404098510742
1780626350968261400,3.726261474609375,0.3565517067909241,0.36859819293022156,-1.2721165418624878
1780626350978256400,3.73625634765625,0.3794170916080475,-0.12129722535610199,-1.0548241138458252
1780626350988251400,3.74625146484375,0.456693172454834,-0.8987095952033997,-1.013905644416809
1780626350998247700,3.75624755859375,0.5122214555740356,-1.3094896078109741,-0.9510630369186401
1780626351008242700,3.76624267578125,0.6038883328437805,-1.116683006286621,-0.7391888499259949
1780626351018237700,3.77623779296875,0.8172917366027832,-0.6962817311286926,-0.5047475695610046
1780626351028233500,3.7862333984375,1.0199768543243408,-0.6085944175720215,-0.32370680570602417
1780626351038228500,3.796228515625,1.1969026327133179,-0.8246052861213684,-0.1860184222459793
1780626351048223500,3.806223388671875,1.2082078456878662,-1.0934847593307495,-0.09531765431165695
1780626351058219800,3.8162197265625,1.2376689910888672,-1.316348671913147,-0.06795234233140945
1780626351068214500,3.826214599609375,1.3311375379562378,-1.4089173078536987,-0.040018174797296524
1780626351078209500,3.83620947265625,1.4629513025283813,-1.2765696048736572,0.024766679853200912
1780626351088205600,3.84620556640625,1.5962759256362915,-1.1269595623016357,0.11691773682832718
1780626351098200600,3.85620068359375,1.677690863609314,-1.134859323501587,0.3474830389022827
1780626351108195600,3.866195556640625,1.768207311630249,-1.0873104333877563,0.6010679006576538
1780626351118191400,3.87619140625,1.9539340734481812,-1.0464410781860352,0.9152284860610962
1780626351128186400,3.886186279296875,2.2391932010650635,-1.1084486246109009,1.193122386932373
1780626351138182700,3.8961826171875,2.5605502128601074,-1.0944998264312744,1.3414567708969116
1780626351148177700,3.906177734375,2.853250026702881,-0.9853912591934204,1.374786615371704
1780626351158172700,3.916172607421875,3.050644874572754,-1.1240390539169312,1.3230855464935303
1780626351168168400,3.92616845703125,3.017608880996704,-1.5066900253295898,1.2166205644607544
1780626351178163500,3.93616357421875,2.8097267150878906,-1.7524393796920776,1.1151551008224487
1780626351188158500,3.946158447265625,2.4874908924102783,-1.6661410331726074,0.9989000558853149
1780626351198154500,3.956154541015625,2.2255234718322754,-1.252601146697998,0.7590810656547546
1780626351208149800,3.966149658203125,2.151886224746704,-0.8016695976257324,0.28353387117385864
1780626351218144800,3.976144775390625,2.181516408920288,-0.40020182728767395,-0.3069661557674408
1780626351228140500,3.986140625,2.112412929534912,-0.09781347960233688,-0.7864932417869568
1780626351238135600,3.996135498046875,1.6412112712860107,0.036430343985557556,-0.9184291958808899
1780626351248130600,4.006130615234375,1.0735085010528564,0.2624347507953644,-0.7280630469322205
1780626351258126600,4.016126708984375,0.7757145166397095,0.13901054859161377,-0.4923490881919861
1780626351268121600,4.02612158203125,0.766573429107666,-0.2629225552082062,-0.32845041155815125
1780626351278116400,4.036116455078125,0.9814133048057556,-0.5489194393157959,-0.21329745650291443
1780626351288112600,4.046112548828125,1.3657881021499634,-0.5315546989440918,-0.15630465745925903
1780626351298107600,4.056107666015625,1.8424081802368164,-0.34514570236206055,-0.12877343595027924
1780626351308102700,4.0661025390625,2.3425614833831787,-0.08585751056671143,-0.09007814526557922
1780626351318098400,4.076098388671875,2.792656660079956,0.08979687094688416,-0.012779362499713898
1780626351328093400,4.086093505859375,3.1538610458374023,0.190965935587883,0.09735814481973648
1780626351338088700,4.096088623046875,3.475452423095703,0.1686989814043045,0.20736561715602875
1780626351348085000,4.1060849609375,3.807981491088867,-0.029587309807538986,0.25363680720329285
1780626351358080000,4.116080078125,4.19569206237793,-0.33276158571243286,0.24786092340946198
1780626351368075000,4.126074951171875,4.620369911193848,-0.7294302582740784,0.21567875146865845
1780626351378070800,4.13607080078125,5.045416355133057,-1.1448559761047363,0.22196726500988007
1780626351388065800,4.146065673828125,5.4202470779418945,-1.5670167207717896,0.29413947463035583
1780626351398060800,4.156060791015625,5.656031608581543,-2.051619291305542,0.4658704996109009
1780626351408056800,4.166056884765625,5.739174842834473,-2.5347962379455566,0.7583398222923279
1780626351418051800,4.1760517578125,5.522392272949219,-3.097382068634033,1.0816329717636108
1780626351428046600,4.186046630859375,4.882174491882324,-3.5516574382781982,1.387897253036499
1780626351438043000,4.19604296875,3.9372925758361816,-3.732732057571411,1.59846830368042
1780626351448038000,4.206037841796875,2.743055820465088,-3.823976993560791,1.5008543729782104
1780626351458033000,4.216032958984375,1.3001757860183716,-3.9443776607513428,0.8591335415840149
1780626351468028700,4.226028564453125,-0.4611590802669525,-4.029994487762451,-0.12820644676685333
1780626351478023700,4.236023681640625,-2.2811412811279297,-3.5845959186553955,-1.2600398063659668
1780626351488018700,4.246018798828125,-3.599642276763916,-2.4803988933563232,-2.2701845169067383
1780626351498015000,4.256014892578125,-3.8469555377960205,-0.9287170767784119,-2.8352880477905273
1780626351508010000,4.266010009765625,-2.9535813331604004,0.6047548055648804,-2.7655627727508545
1780626351518005000,4.2760048828125,-1.3836969137191772,1.5059778690338135,-1.9911714792251587
1780626351528000800,4.286000732421875,0.5300553441047668,0.7961298823356628,-0.5945323705673218
1780626351537995800,4.295995849609375,1.1865553855895996,0.665220320224762,0.26324352622032166
1780626351547990800,4.30599072265625,0.8678359389305115,1.5113868713378906,0.3532794713973999
1780626351557986800,4.31598681640625,0.19200846552848816,2.248594045639038,0.10870863497257233
1780626351567981800,4.32598193359375,-0.42459172010421753,2.5151445865631104,-0.16081081330776215
1780626351577976600,4.3359765625,-0.7509365677833557,2.339540719985962,-0.3223797380924225
1780626351587972900,4.345972900390625,-0.7466734051704407,1.852127194404602,-0.37041348218917847
1780626351597968000,4.3559677734375,-0.5440832376480103,1.2820218801498413,-0.3581717312335968
1780626351607964000,4.3659638671875,-0.2744501829147339,0.6824091672897339,-0.3449763059616089
1780626351617959000,4.375958984375,-0.044181037694215775,-0.18977287411689758,-0.23219755291938782
1780626351627953700,4.38595361328125,0.08063705265522003,-0.7058598399162292,-0.21772167086601257
1780626351637949700,4.39594970703125,0.10672644525766373,-0.9353170394897461,-0.317805677652359
1780626351647945000,4.405945068359375,0.08464327454566956,-1.0033963918685913,-0.5020635724067688
1780626351657940000,4.41593994140625,0.07420874387025833,-0.9993962645530701,-0.6942492723464966
1780626351667935700,4.425935791015625,0.09219635277986526,-0.9680278301239014,-0.8021061420440674
1780626351677930800,4.4359306640625,0.12370713800191879,-0.9072822332382202,-0.7891471982002258
1780626351687925800,4.44592578125,0.14225193858146667,-0.8061993718147278,-0.6908568143844604
1780626351697921800,4.455921875,0.1346273124217987,-0.6178110837936401,-0.5580175518989563
1780626351707916800,4.465916748046875,0.08533406257629395,-0.346500426530838,-0.4162231385707855
1780626351717911800,4.475911865234375,0.003340653143823147,-0.060318201780319214,-0.28124773502349854
1780626351727907800,4.485907958984375,-0.09028461575508118,0.13438497483730316,-0.18215809762477875
1780626351737902800,4.49590283203125,-0.15628626942634583,0.20881792902946472,-0.13487473130226135
1780626351747897900,4.50589794921875,-0.17529256641864777,0.20700043439865112,-0.12036547809839249
1780626351757894000,4.515893798828125,-0.15403388440608978,0.18752367794513702,-0.1230587363243103
1780626351767889000,4.525888916015625,-0.11356127262115479,0.15275076031684875,-0.13617046177387238
1780626351777883600,4.535883544921875,-0.10592225939035416,0.06891658902168274,-0.1519118696451187
1780626351787879700,4.545879638671875,-0.13374797999858856,-0.051036637276411057,-0.15007384121418
1780626351797874700,4.555874755859375,-0.1468544602394104,-0.15068119764328003,-0.1257791519165039
1780626351807870000,4.565869873046875,-0.1253744214773178,-0.2568044662475586,-0.09682028740644455
1780626351817865700,4.57586572265625,-0.09680110961198807,-0.35618856549263,-0.09152406454086304
1780626351827860700,4.58586083984375,-0.08066210150718689,-0.3528653681278229,-0.09836767613887787
1780626351837855700,4.595855712890625,-0.09899982810020447,-0.24866920709609985,-0.12255557626485825
1780626351847851800,4.605851806640625,-0.12092767655849457,-0.07574272155761719,-0.14274704456329346
1780626351857846800,4.6158466796875,-0.11166094243526459,0.022481577470898628,-0.1466349959373474
1780626351867841800,4.625841796875,-0.08449672907590866,0.02835935354232788,-0.13423487544059753
1780626351877837800,4.635837890625,-0.05838043615221977,0.02895323932170868,-0.11570272594690323
1780626351887832800,4.645832763671875,-0.03269149735569954,0.045101016759872437,-0.09105134755373001
1780626351897827800,4.655827880859375,-0.0175373125821352,0.07077815383672714,-0.0844602957367897
1780626351907823900,4.665823974609375,-0.0249665305018425,0.08886486291885376,-0.10507449507713318
1780626351917819000,4.67581884765625,-0.05914607271552086,0.05391966179013252,-0.11467838287353516
1780626351927814000,4.68581396484375,-0.12381720542907715,-0.020995592698454857,-0.08378491550683975
1780626351937809700,4.6958095703125,-0.20188084244728088,-0.049199268221855164,-0.014633010141551495
1780626351947804700,4.7058046875,-0.2650104761123657,-0.022097192704677582,0.06991995871067047
1780626351957800000,4.715800048828125,-0.30562421679496765,0.03879252076148987,0.1535237729549408
1780626351967796000,4.7257958984375,-0.30642110109329224,0.09175243228673935,0.23209208250045776
1780626351977790700,4.735790771484375,-0.2522055506706238,0.08572490513324738,0.32554933428764343
1780626351987785700,4.74578564453125,-0.16669680178165436,-0.0008632382960058749,0.4039483666419983
1780626351997781800,4.75578173828125,-0.09630972892045975,-0.09232205152511597,0.41303879022598267
1780626352007776800,4.76577685546875,-0.06952740997076035,-0.1556200385093689,0.3278692066669464
1780626352017772800,4.775772705078125,-0.0824594497680664,-0.2173081785440445,0.17921662330627441
1780626352027767800,4.785767822265625,-0.12629742920398712,-0.29972416162490845,0.009406989440321922
1780626352037762800,4.7957626953125,-0.1932210773229599,-0.40928393602371216,-0.11579220741987228
1780626352047758800,4.8057587890625,-0.2517053484916687,-0.5147601366043091,-0.1441957950592041
1780626352057753900,4.81575390625,-0.28388965129852295,-0.5391315221786499,-0.049155570566654205
1780626352067748900,4.825748779296875,-0.27511438727378845,-0.43482694029808044,0.16088901460170746
1780626352077744600,4.83574462890625,-0.25025618076324463,-0.19760531187057495,0.418080598115921
1780626352087739600,4.84573974609375,-0.24980004131793976,0.08532440662384033,0.6189979910850525
1780626352097734700,4.855734619140625,-0.2622726857662201,0.3295469284057617,0.7121742367744446
1780626352107731000,4.86573095703125,-0.2679571509361267,0.5133599042892456,0.7070220112800598
1780626352117726000,4.875725830078125,-0.2632204592227936,0.6369068622589111,0.6465131640434265
1780626352127721000,4.885720947265625,-0.2541486918926239,0.7111284136772156,0.5758338570594788
1780626352137716700,4.895716796875,-0.26362982392311096,0.708105206489563,0.5147169828414917
1780626352147711700,4.905711669921875,-0.29881271719932556,0.6132343411445618,0.4737095236778259
1780626352157706800,4.915706787109375,-0.3410121202468872,0.45648816227912903,0.4725542366504669
1780626352167703000,4.925703125,-0.37760302424430847,0.2890620827674866,0.5172366499900818
1780626352177697800,4.93569775390625,-0.40289318561553955,0.1635819375514984,0.5897233486175537
1780626352187692800,4.94569287109375,-0.41988131403923035,0.13662579655647278,0.6644365191459656
1780626352197688800,4.955688720703125,-0.43428024649620056,0.21361485123634338,0.7195298671722412
1780626352207683800,4.965683837890625,-0.44174203276634216,0.3577255606651306,0.7410265207290649
1780626352217678800,4.975678955078125,-0.43503645062446594,0.5217509865760803,0.7404369115829468
1780626352227674600,4.985674560546875,-0.4155969023704529,0.6550394892692566,0.7295758128166199
1780626352237669600,4.995669677734375,-0.3782180845737457,0.7122897505760193,0.7108314037322998
1780626352247664600,5.00566455078125,-0.33204612135887146,0.6904160380363464,0.6888598799705505
1780626352257661000,5.015660888671875,-0.28010863065719604,0.5884371995925903,0.6695418357849121
1780626352267656000,5.025656005859375,-0.22732508182525635,0.4258567690849304,0.6603748202323914
1780626352277651000,5.03565087890625,-0.1779247671365738,0.251236230134964,0.6608952283859253
1780626352287646700,5.045646728515625,-0.13653801381587982,0.0957467183470726,0.6555401682853699
1780626352297641700,5.055641845703125,-0.10673485696315765,-0.01677929051220417,0.6395257711410522
1780626352307636700,5.06563671875,-0.08855929225683212,-0.09566248953342438,0.6119168996810913
1780626352317633000,5.075633056640625,-0.07497770339250565,-0.15832428634166718,0.5760270953178406
1780626352327627800,5.085627685546875,-0.07208415120840073,-0.22317998111248016,0.5389352440834045
1780626352337622800,5.095622802734375,-0.07474145293235779,-0.26728007197380066,0.5105632543563843
1780626352347617800,5.10561767578125,-0.0817442312836647,-0.2661837339401245,0.490925133228302
1780626352357612800,5.11561279296875,-0.09588214755058289,-0.20730949938297272,0.4767794907093048
1780626352367609000,5.125609130859375,-0.11927378922700882,-0.10307903587818146,0.4805721938610077
1780626352377604000,5.13560400390625,-0.14659330248832703,0.040762290358543396,0.4985080361366272
1780626352387599000,5.14559912109375,-0.17007075250148773,0.2130827009677887,0.526115894317627
1780626352397595000,5.155594970703125,-0.17563648521900177,0.39918091893196106,0.5516643524169922
1780626352407590000,5.16558984375,-0.1693846881389618,0.577006995677948,0.5537382960319519
1780626352417585000,5.1755849609375,-0.15583506226539612,0.7164953947067261,0.5249247550964355
1780626352427581000,5.185580810546875,-0.1376686543226242,0.8121468424797058,0.4628916382789612
1780626352437576000,5.195575927734375,-0.12126412987709045,0.8570435047149658,0.39305344223976135
1780626352447571000,5.205571044921875,-0.10407046973705292,0.8428512811660767,0.32290294766426086
1780626352457567000,5.21556689453125,-0.07938297092914581,0.7803236842155457,0.28471773862838745
1780626352467562000,5.22556201171875,-0.050447456538677216,0.6880912184715271,0.278100848197937
1780626352477557000,5.235556884765625,-0.023246727883815765,0.5831863880157471,0.2925453186035156
1780626352487552800,5.245552734375,-0.01281523797661066,0.47380009293556213,0.3060918152332306
1780626352497547800,5.2555478515625,-0.017214514315128326,0.3854265511035919,0.30732911825180054
1780626352507542800,5.265542724609375,-0.0336538702249527,0.30749285221099854,0.29732629656791687
1780626352517539000,5.2755390625,-0.052896808832883835,0.23534807562828064,0.2789829671382904
1780626352527534000,5.2855341796875,-0.07002375274896622,0.17256605625152588,0.2563132643699646
1780626352537529000,5.295529052734375,-0.07610401511192322,0.12033826857805252,0.2307991087436676
1780626352547524900,5.30552490234375,-0.07182302325963974,0.04619597643613815,0.2002761960029602
1780626352557520000,5.315519775390625,-0.05112254619598389,-0.05934989079833031,0.17343606054782867
1780626352567515000,5.325514892578125,-0.022913724184036255,-0.14501911401748657,0.15211699903011322
1780626352577511000,5.335510986328125,0.004536542575806379,-0.14801223576068878,0.13320162892341614
1780626352587506000,5.345505859375,0.012144127860665321,-0.049241457134485245,0.10883796960115433
1780626352597501000,5.3555009765625,0.006138167809695005,0.1304878294467926,0.08155281841754913
1780626352607497000,5.3654970703125,0.0007047210820019245,0.3535672724246979,0.05921715497970581
1780626352617492000,5.375491943359375,-0.003342484589666128,0.5494283437728882,0.04694370925426483
1780626352627487000,5.385487060546875,0.002909107133746147,0.6621770262718201,0.05399158596992493
1780626352637483000,5.39548291015625,0.024333437904715538,0.6562288403511047,0.08266770839691162
1780626352647477800,5.405477783203125,0.06026547774672508,0.5297445058822632,0.11546027660369873
1780626352657472800,5.41547265625,0.09886959940195084,0.32011833786964417,0.15454189479351044
1780626352667469000,5.425468994140625,0.12553352117538452,0.10676369071006775,0.18549643456935883
1780626352677464000,5.435464111328125,0.13478240370750427,-0.05877600237727165,0.19523827731609344
1780626352687459000,5.445458984375,0.1329556107521057,-0.160067617893219,0.1875545233488083
1780626352697454800,5.455454833984375,0.12495654076337814,-0.21496468782424927,0.17017421126365662
1780626352707449900,5.465449951171875,0.11700114607810974,-0.2100726217031479,0.15266738831996918
1780626352717444900,5.47544482421875,0.11209453642368317,-0.13035115599632263,0.132976233959198
1780626352727441000,5.48544091796875,0.10311099141836166,0.0070136794820427895,0.12127892673015594
1780626352737436000,5.495435791015625,0.08626090735197067,0.15887725353240967,0.12420041114091873
1780626352747431000,5.505430908203125,0.06924645602703094,0.3108726441860199,0.14303624629974365
1780626352757427000,5.515427001953125,0.052449896931648254,0.4347764849662781,0.19365841150283813
1780626352767422000,5.525421875,0.047909755259752274,0.5106108784675598,0.256742388010025
1780626352777417000,5.5354169921875,0.056164223700761795,0.5470452904701233,0.3055115342140198
1780626352787413000,5.5454130859375,0.06672406196594238,0.5784227252006531,0.3122037649154663
1780626352797407700,5.55540771484375,0.07443098723888397,0.6303642392158508,0.26507702469825745
1780626352807404000,5.565404052734375,0.05779384449124336,0.7148374319076538,0.18468667566776276
1780626352817399000,5.57539892578125,0.03254014998674393,0.8257964253425598,0.08906053751707077
1780626352827394000,5.58539404296875,0.009642728604376316,0.9212026596069336,-0.016496337950229645
1780626352837389800,5.595389892578125,0.0012356620281934738,0.9750693440437317,-0.10796154290437698
1780626352847384800,5.605384765625,0.01765482686460018,1.0158394575119019,-0.16417856514453888
1780626352857379800,5.6153798828125,0.06590091437101364,1.0714832544326782,-0.1674470603466034
1780626352867375900,5.6253759765625,0.12435723841190338,1.1609383821487427,-0.13775014877319336
1780626352877371000,5.635370849609375,0.16258718073368073,1.270967960357666,-0.0938388779759407
1780626352887366000,5.645365966796875,0.15912699699401855,1.3539177179336548,-0.05467017740011215
1780626352897362000,5.65536181640625,0.14000204205513,1.3714138269424438,-0.02595118060708046
1780626352907357000,5.66535693359375,0.12052543461322784,1.2953540086746216,-0.009757207706570625
1780626352917352000,5.67535205078125,0.10896626114845276,1.1272683143615723,-0.0068189422599971294
1780626352927348000,5.685347900390625,0.1129620224237442,0.8866934776306152,-0.014619252644479275
1780626352937343000,5.695343017578125,0.1373017132282257,0.6246275305747986,-0.036246251314878464
1780626352947338000,5.705337890625,0.15451779961585999,0.3949243724346161,-0.06565624475479126
1780626352957334000,5.715333984375,0.16121645271778107,0.20297037065029144,-0.09869275987148285
1780626352967329000,5.7253291015625,0.16420994699001312,0.07486634701490402,-0.11676479130983353
1780626352977324000,5.735323974609375,0.2001248002052307,-0.045297879725694656,-0.09111162275075912
1780626352987320000,5.745320068359375,0.254508376121521,-0.15683017671108246,-0.02565077506005764
1780626352997314800,5.755314697265625,0.3100390136241913,-0.29647329449653625,0.09830579161643982
1780626353007309800,5.765309814453125,0.4364657998085022,-0.42774587869644165,0.22070609033107758
1780626353017305900,5.775305908203125,0.5052433013916016,-0.41161033511161804,0.24397359788417816
1780626353027300900,5.78530078125,0.44795510172843933,-0.18895332515239716,0.1705837994813919
1780626353037295900,5.7952958984375,0.4052944481372833,0.12473082542419434,0.11390640586614609
1780626353047292000,5.8052919921875,0.40567195415496826,0.4784711003303528,0.08755408227443695
1780626353057287000,5.815286865234375,0.4636646807193756,0.8916919827461243,0.020695950835943222
1780626353067282000,5.825281982421875,0.5208197236061096,1.2823328971862793,-0.059479136019945145
1780626353077278000,5.83527783203125,0.5736661553382874,1.5346357822418213,-0.10970715433359146
1780626353087273000,5.84527294921875,0.5841408967971802,1.5652097463607788,-0.09193845093250275
1780626353097268000,5.85526806640625,0.5227084159851074,1.4091416597366333,-0.02914697304368019
1780626353107264000,5.865263916015625,0.35696884989738464,1.0835860967636108,0.07653045654296875
1780626353117259000,5.875259033203125,0.2219947874546051,0.7575064897537231,0.17416752874851227
1780626353127254000,5.88525390625,0.21520596742630005,0.5786696076393127,0.21575455367565155
1780626353137250000,5.89525,0.27667543292045593,0.5265683531761169,0.19074001908302307
1780626353147245000,5.9052451171875,0.34335318207740784,0.5502195954322815,0.13251514732837677
1780626353157239800,5.91523974609375,0.41510647535324097,0.6375435590744019,0.05388745665550232
1780626353167235800,5.92523583984375,0.3992941677570343,0.6988306045532227,-0.029008222743868828
1780626353177230800,5.93523095703125,0.2952788472175598,0.7951619029045105,-0.1195937842130661
1780626353187225900,5.945225830078125,0.19051872193813324,0.969322919845581,-0.1761348992586136
1780626353197222000,5.955221923828125,0.17132772505283356,1.1762194633483887,-0.1715920865535736
1780626353207217000,5.965216796875,0.20216016471385956,1.317297101020813,-0.11265864223241806
1780626353217212000,5.9752119140625,0.3019666373729706,1.2691689729690552,0.005108734592795372
1780626353227208000,5.9852080078125,0.40957126021385193,1.1465567350387573,0.09203528612852097
1780626353237203000,5.995202880859375,0.45987996459007263,1.068571925163269,0.09056282788515091
1780626353247198700,6.00519873046875,0.468159556388855,1.1138373613357544,0.012844506651163101
1780626353257194000,6.015194091796875,0.5117445588111877,1.233923077583313,-0.07001256197690964
1780626353267189000,6.02518896484375,0.5850760340690613,1.3889379501342773,-0.11658032983541489
1780626353277185000,6.03518505859375,0.6672806739807129,1.5272351503372192,-0.10816393792629242
1780626353287180000,6.045179931640625,0.7078789472579956,1.607645869255066,-0.049359388649463654
1780626353297175000,6.055175048828125,0.5936248302459717,1.5266389846801758,0.07294255495071411
1780626353307170800,6.0651708984375,0.402205228805542,1.4663305282592773,0.19483597576618195
1780626353317165800,6.075165771484375,0.31520748138427734,1.5543344020843506,0.27524131536483765
1780626353327160800,6.085160888671875,0.3366433084011078,1.696113109588623,0.3184404671192169
1780626353337157000,6.0951572265625,0.3533029854297638,1.7987110614776611,0.32769548892974854
1780626353347152100,6.105152099609375,0.34065356850624084,1.8762651681900024,0.29830557107925415
1780626353357147400,6.1151474609375,0.33484947681427,1.9033126831054688,0.24535657465457916
1780626353367143400,6.125143310546875,0.3537960350513458,1.791029691696167,0.20335471630096436
1780626353377138400,6.135138427734375,0.3827957212924957,1.4684317111968994,0.21504412591457367
1780626353387133400,6.145133544921875,0.4045732915401459,1.037236213684082,0.263103187084198
1780626353397129200,6.155129150390625,0.43897441029548645,0.6425469517707825,0.3140507638454437
1780626353407124200,6.165124267578125,0.49985453486442566,0.38469913601875305,0.385414183139801
1780626353417119200,6.175119140625,0.48860108852386475,0.17793981730937958,0.4951830208301544
1780626353427115500,6.185115478515625,0.44674062728881836,-0.030188675969839096,0.6244473457336426
1780626353437110500,6.195110595703125,0.40311217308044434,-0.08724796772003174,0.677609384059906
1780626353447105300,6.205105224609375,0.36586111783981323,-0.033778317272663116,0.6499230861663818
1780626353457101300,6.215101318359375,0.28959110379219055,0.06364411115646362,0.5808696746826172
1780626353467096300,6.225096435546875,0.2277582883834839,0.15406474471092224,0.5201362371444702
1780626353477091300,6.23509130859375,0.2196502983570099,0.23541127145290375,0.48991066217422485
1780626353487087400,6.24508740234375,0.2789836525917053,0.3437880873680115,0.4646274149417877
1780626353497082000,6.25508203125,0.3269200325012207,0.4241841435432434,0.4450094997882843
1780626353507077400,6.265077392578125,0.3227666914463043,0.46867653727531433,0.42211565375328064
1780626353517073400,6.275073486328125,0.319172739982605,0.49047210812568665,0.396308034658432
1780626353527068400,6.285068359375,0.31489086151123047,0.5047118067741394,0.3610362112522125
1780626353537063400,6.2950634765625,0.2853201627731323,0.541428804397583,0.30370715260505676
1780626353547059200,6.30505908203125,0.2059064358472824,0.5867089629173279,0.21304649114608765
1780626353557054200,6.31505419921875,0.11300872266292572,0.5107055306434631,0.1338784396648407
1780626353567049200,6.32504931640625,0.053739313036203384,0.3378365635871887,0.07264401018619537
1780626353577045500,6.33504541015625,0.02344399131834507,0.13589997589588165,0.03833051398396492
1780626353587040500,6.34504052734375,-0.023959212005138397,0.07694434374570847,0.00536404550075531
1780626353597035500,6.355035400390625,-0.07023084163665771,0.14153239130973816,-0.03487818315625191
1780626353607031300,6.36503125,-0.10163259506225586,0.18935641646385193,-0.06487665325403214
1780626353617026300,6.3750263671875,-0.16165012121200562,0.014374474063515663,-0.06212747469544411
1780626353627021300,6.385021240234375,-0.21098008751869202,-0.08926378935575485,-0.08776448667049408
1780626353637017300,6.395017333984375,-0.24393989145755768,-0.025202246382832527,-0.14348021149635315
1780626353647012400,6.405012451171875,-0.2538873851299286,0.09578847885131836,-0.19829551875591278
1780626353657007400,6.41500732421875,-0.22614151239395142,0.19725997745990753,-0.23233604431152344
1780626353667003400,6.42500341796875,-0.18313615024089813,0.2823996841907501,-0.24193230271339417
1780626353676998400,6.434998291015625,-0.14379805326461792,0.36252009868621826,-0.2351849228143692
1780626353686993400,6.444993408203125,-0.11662042140960693,0.4222821891307831,-0.22138778865337372
1780626353696989200,6.4549892578125,-0.09648292511701584,0.4222472906112671,-0.19479480385780334
1780626353706984200,6.464984130859375,-0.08384936302900314,0.3678254783153534,-0.15892226994037628
1780626353716979200,6.474979248046875,-0.0658506527543068,0.2985215187072754,-0.12723731994628906
1780626353726975500,6.4849755859375,-0.035573337227106094,0.2548275291919708,-0.1002044603228569
1780626353736970500,6.494970458984375,0.011320668272674084,0.23451265692710876,-0.0844382792711258
1780626353746965500,6.504965576171875,0.07384338229894638,0.18323734402656555,-0.07307031005620956
1780626353756961300,6.514961181640625,0.12223833799362183,0.046015314757823944,-0.06826543807983398
1780626353766956300,6.524956298828125,0.1303461194038391,-0.16241061687469482,-0.06667429208755493
1780626353776952300,6.534952392578125,0.10234590619802475,-0.36014872789382935,-0.05744616687297821
1780626353786947300,6.544947265625,0.06588094681501389,-0.45307657122612,-0.035728976130485535
1780626353796942300,6.5549423828125,0.03918435424566269,-0.4043881297111511,-0.014623424969613552
1780626353806938400,6.5649384765625,0.025038599967956543,-0.2623446583747864,0.0027359467931091785
1780626353816933400,6.574933349609375,0.022406864911317825,-0.0957852452993393,0.01994236372411251
1780626353826928400,6.584928466796875,0.028179200366139412,0.023528654128313065,0.04918147623538971
1780626353836924400,6.59492431640625,0.03765739127993584,0.08944162726402283,0.08113221824169159
1780626353846919400,6.60491943359375,0.04304487258195877,0.11756507307291031,0.10864205658435822
1780626353856914200,6.6149140625,0.04608966410160065,0.11642896384000778,0.1270362287759781
1780626353866910500,6.624910400390625,0.0484820231795311,0.07538910955190659,0.1404923051595688
1780626353876905500,6.634905517578125,0.05251751095056534,-0.004060709848999977,0.14434483647346497
1780626353886900500,6.644900390625,0.06028730422258377,-0.07432076334953308,0.13290904462337494
1780626353896896300,6.654896240234375,0.06228867173194885,-0.09810385853052139,0.11055819690227509
1780626353906891300,6.664891357421875,0.05356866121292114,-0.07907769829034805,0.0761420801281929
1780626353916886300,6.67488623046875,0.04005897790193558,-0.04672455042600632,0.043900784105062485
1780626353926882300,6.68488232421875,0.036363065242767334,-0.040955089032649994,0.022563891485333443
1780626353936877300,6.694877197265625,0.05064559727907181,-0.07100912928581238,0.01923627033829689
1780626353946872300,6.704872314453125,0.06680464744567871,-0.11966579407453537,0.026450153440237045
1780626353956868400,6.714868408203125,0.06908537447452545,-0.16397441923618317,0.02864246815443039
1780626353966863400,6.72486328125,0.04791632667183876,-0.18904119729995728,0.017265265807509422
1780626353976858400,6.7348583984375,0.016889967024326324,-0.1768609583377838,0.0021102812606841326
1780626353986854400,6.7448544921875,-0.008699677884578705,-0.12073159962892532,-0.003318571951240301
1780626353996849400,6.754849365234375,-0.03166411817073822,-0.036013517528772354,0.005484240595251322
1780626354006844200,6.76484423828125,-0.049961041659116745,0.05696982890367508,0.024995356798171997
1780626354016840400,6.77484033203125,-0.06158946827054024,0.13726946711540222,0.04107179492712021
1780626354026835500,6.78483544921875,-0.06129300221800804,0.17019200325012207,0.05426474288105965
1780626354036830500,6.79483056640625,-0.05660344287753105,0.1532052904367447,0.05680247023701668
1780626354046826200,6.804826171875,-0.05072735995054245,0.0979711040854454,0.05671147629618645
1780626354056821200,6.8148212890625,-0.041743986308574677,0.022231873124837875,0.05579854175448418
1780626354066816300,6.824816162109375,-0.03328549116849899,-0.06049780547618866,0.0496552549302578
1780626354076812300,6.834812255859375,-0.022820865735411644,-0.145350381731987,0.044518813490867615
1780626354086807300,6.844807373046875,-0.008700275793671608,-0.23533964157104492,0.045206353068351746
1780626354096802300,6.85480224609375,0.011049993336200714,-0.33377593755722046,0.04668200761079788
1780626354106798300,6.86479833984375,0.018768582493066788,-0.4035734534263611,0.03979542851448059
1780626354116793300,6.87479345703125,0.006486350670456886,-0.4086630344390869,0.020468339323997498
1780626354126788400,6.884788330078125,-0.013791397213935852,-0.34298384189605713,-0.005963712465018034
1780626354136784400,6.894784423828125,-0.02587229572236538,-0.2257208675146103,-0.029707390815019608
1780626354146779400,6.904779296875,-0.016542155295610428,-0.102515310049057,-0.03604935482144356
1780626354156774400,6.9147744140625,0.005813485011458397,-0.01859245076775551,-0.017809096723794937
1780626354166770400,6.9247705078125,0.03406821936368942,-0.0023594903759658337,0.005673058331012726
1780626354176765400,6.934765380859375,0.049548108130693436,-0.05211586132645607,0.0219444390386343
1780626354186760400,6.944760498046875,0.055422306060791016,-0.12908896803855896,0.02748967334628105
1780626354196756500,6.954756591796875,0.061927344650030136,-0.19749146699905396,0.030807174742221832
1780626354206751200,6.964751220703125,0.07317004352807999,-0.24530404806137085,0.029289880767464638
1780626354216746200,6.974746337890625,0.08047456294298172,-0.2556155323982239,0.02719716913998127
1780626354226742300,6.9847421875,0.07889251410961151,-0.22390113770961761,0.015330834314227104
1780626354236737300,6.9947373046875,0.06614342331886292,-0.16484127938747406,-0.002866811351850629
1780626354246732300,7.004732177734375,0.046425044536590576,-0.09578531980514526,-0.010877333581447601
1780626354256728300,7.014728271484375,0.027170388028025627,-0.031522445380687714,-0.007503641303628683
1780626354266723300,7.024723388671875,0.01652098074555397,0.011891858652234077,0.004937759600579739
1780626354276718300,7.03471826171875,0.007150116376578808,0.019997457042336464,0.018849313259124756
1780626354286714400,7.04471435546875,-0.0031177138444036245,-0.009688695892691612,0.031320009380578995
1780626354296709400,7.05470947265625,-0.0054027060978114605,-0.05755395442247391,0.037029560655355453
1780626354306704400,7.064704345703125,-0.004445255734026432,-0.0877254530787468,0.03660363331437111
1780626354316700400,7.074700439453125,-0.005980301648378372,-0.08614912629127502,0.03142192214727402
1780626354326695400,7.0846953125,-0.006170111708343029,-0.06908958405256271,0.02485758252441883
1780626354336690400,7.0946904296875,-0.001656852662563324,-0.06102047115564346,0.017562385648489
1780626354346687000,7.10468701171875,0.007750862278044224,-0.07096172124147415,0.020182225853204727
1780626354356682000,7.114681884765625,0.016924919560551643,-0.08610764890909195,0.02321130596101284
1780626354366677000,7.124677001953125,0.023138215765357018,-0.09670795500278473,0.022404903545975685
1780626354376673000,7.134673095703125,0.02435181848704815,-0.09789466112852097,0.016558997333049774
1780626354386668000,7.14466796875,0.02504313737154007,-0.08590422570705414,0.013458186760544777
1780626354396664000,7.1546640625,0.02776222676038742,-0.07058092951774597,0.01287761889398098
1780626354406659000,7.1646591796875,0.02875632792711258,-0.061935387551784515,0.009865052066743374
1780626354416654000,7.174654052734375,0.02736669033765793,-0.05282871052622795,0.00302632013335824
1780626354426650000,7.184650146484375,0.02254863642156124,-0.039306726306676865,-0.010733166709542274
1780626354436645000,7.19464501953125,0.015614829957485199,-0.013685520738363266,-0.023749366402626038
1780626354446640000,7.20464013671875,0.006051092874258757,0.027149083092808723,-0.03261547535657883
1780626354456636000,7.214635986328125,-0.0048630740493535995,0.06394518166780472,-0.030026882886886597
1780626354466631200,7.224631103515625,-0.014103297144174576,0.08571746945381165,-0.018233604729175568
1780626354476626200,7.234626220703125,-0.016622381284832954,0.07245253026485443,-0.003771841526031494
1780626354486622200,7.244622314453125,-0.010077446699142456,0.03453622758388519,0.0039056071545928717
1780626354496617000,7.254616943359375,-0.014538240619003773,0.0018389991018921137,0.0034046664368361235
1780626354506612000,7.264612060546875,-0.020799951627850533,0.0047072554007172585,0.0006279661320149899
1780626354516608000,7.27460791015625,-0.02801472134888172,0.04110920429229736,0.0017526191659271717
1780626354526603000,7.28460302734375,-0.03455602005124092,0.09017503261566162,0.004844638053327799
1780626354536598000,7.294597900390625,-0.03550277277827263,0.1297117918729782,0.008610880002379417
1780626354546594000,7.304593994140625,-0.031641922891139984,0.14103393256664276,0.013779276981949806
1780626354556589000,7.314589111328125,-0.01988273672759533,0.11709744483232498,0.019170846790075302
1780626354566584000,7.324583984375,-0.00998971238732338,0.06708783656358719,0.023966046050190926
1780626354576580000,7.334580078125,0.000193682499229908,0.008892437443137169,0.018495913594961166
1780626354586575000,7.3445751953125,0.010559352114796638,-0.04696624353528023,0.004413295537233353
1780626354596570000,7.354570068359375,0.015061158686876297,-0.09122159332036972,-0.01636335626244545
1780626354606566000,7.36456591796875,0.013922901824116707,-0.11325125396251678,-0.03669214993715286
1780626354616561200,7.37456103515625,0.0033128680661320686,-0.10421248525381088,-0.050312887877225876
1780626354626556200,7.38455615234375,-0.004339622799307108,-0.06543006747961044,-0.051019784063100815
1780626354636552200,7.39455224609375,-0.01116397324949503,-0.02455933392047882,-0.040190570056438446
1780626354646547200,7.404547119140625,-0.019856702536344528,-0.001287503750063479,-0.030211083590984344
1780626354656542000,7.4145419921875,-0.026981189846992493,-0.01037181168794632,-0.02260669507086277
1780626354666538000,7.4245380859375,-0.02509734407067299,-0.04413171485066414,-0.02536572888493538
1780626354676533000,7.434532958984375,-0.025373781099915504,-0.09729693084955215,-0.03673423081636429
1780626354686528000,7.444528076171875,-0.025197066366672516,-0.15263719856739044,-0.06019925698637962
1780626354696524000,7.45452392578125,-0.023550167679786682,-0.18018440902233124,-0.09227543324232101
1780626354706519000,7.46451904296875,-0.018457943573594093,-0.17508497834205627,-0.12217961996793747
1780626354716514000,7.47451416015625,-0.016900792717933655,-0.13584941625595093,-0.14676512777805328
1780626354726510000,7.484510009765625,-0.026131536811590195,-0.07469145953655243,-0.15387719869613647
1780626354736505000,7.494505126953125,-0.035747677087783813,-0.017894215881824493,-0.14558809995651245
1780626354746500000,7.5045,-0.0439070425927639,0.02441258169710636,-0.12499911338090897
1780626354756496000,7.514495849609375,-0.047602977603673935,0.04529149457812309,-0.10148180276155472
1780626354766491100,7.5244912109375,-0.04247746616601944,0.06242777779698372,-0.08448737114667892
1780626354776486100,7.534486083984375,-0.036182016134262085,0.07257229089736938,-0.08342024683952332
1780626354786482200,7.544482177734375,-0.03786800056695938,0.06679720431566238,-0.09740450233221054
1780626354796477200,7.554477294921875,-0.042267806828022,0.043270036578178406,-0.11944429576396942
1780626354806472000,7.564471923828125,-0.03831598907709122,0.010615171864628792,-0.14531707763671875
1780626354816468000,7.574468017578125,-0.03093264065682888,-0.033361077308654785,-0.16826793551445007
1780626354826463000,7.584462890625,-0.03076920658349991,-0.06989667564630508,-0.18958503007888794
1780626354836458000,7.5944580078125,-0.0367962084710598,-0.07819961756467819,-0.19080369174480438
1780626354846454000,7.6044541015625,-0.04078038036823273,-0.05103081464767456,-0.1716066598892212
1780626354856449000,7.614448974609375,-0.04435780644416809,-0.0005695075960829854,-0.1341056227684021
1780626354866444000,7.624444091796875,-0.0482093021273613,0.041627924889326096,-0.09640172868967056
1780626354876440000,7.634440185546875,-0.04999122396111488,0.061237577348947525,-0.0724434033036232
1780626354886435000,7.64443505859375,-0.05092225596308708,0.06241452693939209,-0.07521442323923111
1780626354896430000,7.65443017578125,-0.04596131667494774,0.049620699137449265,-0.10129395872354507
1780626354906425900,7.66442578125,-0.04142215847969055,0.02937382273375988,-0.1392543911933899
1780626354916421000,7.674421142578125,-0.03610728681087494,0.009112760424613953,-0.17624597251415253
1780626354926416100,7.684416015625,-0.027212917804718018,0.00031642941758036613,-0.20196136832237244
1780626354936412200,7.694412109375,-0.020921198651194572,0.0016818320145830512,-0.2124619483947754
1780626354946407200,7.7044072265625,-0.018222808837890625,0.017190823331475258,-0.20221862196922302
1780626354956402200,7.714402099609375,-0.02163192257285118,0.0442165806889534,-0.1787007749080658
1780626354966398000,7.72439794921875,-0.026657776907086372,0.07340320199728012,-0.14558491110801697
1780626354976393000,7.73439306640625,-0.029632793739438057,0.091195248067379,-0.11364294588565826
1780626354986388000,7.744387939453125,-0.028919685631990433,0.10119252651929855,-0.08610249310731888
1780626354996384300,7.75438427734375,-0.02812659554183483,0.1037110760807991,-0.07395980507135391
1780626355006379000,7.76437890625,-0.021505167707800865,0.08393700420856476,-0.07068616151809692
1780626355016374000,7.7743740234375,-0.016217993572354317,0.0472189299762249,-0.08024797588586807
1780626355026370000,7.7843701171875,-0.014821656048297882,0.011895013973116875,-0.09459983557462692
1780626355036365000,7.794364990234375,-0.01750958524644375,-0.008766588754951954,-0.11092634499073029
1780626355046360000,7.804360107421875,-0.0164543017745018,-0.013084055855870247,-0.1239934116601944
1780626355056355800,7.81435595703125,-0.015143226832151413,-0.012326653115451336,-0.12794554233551025
1780626355066351000,7.82435107421875,-0.013275498524308205,-0.0019799256697297096,-0.11964935809373856
1780626355076346000,7.83434619140625,-0.014241427183151245,0.008548082783818245,-0.10751093178987503
1780626355086342100,7.844342041015625,-0.016018692404031754,0.020861690863966942,-0.08352117985486984
1780626355096337200,7.854337158203125,-0.02659490332007408,0.0367911234498024,-0.061741314828395844
1780626355106332200,7.864332275390625,-0.04219529777765274,0.06778477877378464,-0.04755145683884621
1780626355116328000,7.874327880859375,-0.0630079060792923,0.11385560035705566,-0.0395212285220623
1780626355126323000,7.884322998046875,-0.07401479780673981,0.16108295321464539,-0.039019931107759476
1780626355136318000,7.89431787109375,-0.0813312977552414,0.1976683884859085,-0.039496373385190964
1780626355146314200,7.904314208984375,-0.07335499674081802,0.22404837608337402,-0.039495840668678284
1780626355156309200,7.914309326171875,-0.05887565389275551,0.22411468625068665,-0.045086346566677094
1780626355166304000,7.924303955078125,-0.0366058312356472,0.20998026430606842,-0.06017288938164711
1780626355176300000,7.934300048828125,-0.032891787588596344,0.3630041480064392,-0.00192289799451828
1780626355186295000,7.944294921875,-0.03954072669148445,0.5029855370521545,0.06851815432310104
1780626355196290000,7.9542900390625,-0.042015332728624344,0.655816376209259,0.16821785271167755
1780626355206286000,7.9642861328125,-0.04459557309746742,0.7090170979499817,0.20520560443401337
1780626355216281000,7.974281005859375,-0.029791593551635742,0.8354320526123047,0.2275141179561615
1780626355226276000,7.984276123046875,-0.02728351205587387,0.9767197370529175,0.22233682870864868
1780626355236272000,7.994272216796875,-0.03979664295911789,0.8655138611793518,0.08351530134677887
1780626355246267100,8.00426708984375,-0.041965924203395844,0.625940203666687,-0.09157706797122955
1780626355256262100,8.01426220703125,-0.031983330845832825,0.40174251794815063,-0.2321525514125824
1780626355266258000,8.0242578125,-0.016710910946130753,0.2347646802663803,-0.31082090735435486
1780626355276253000,8.0342529296875,0.0011141574941575527,0.13026463985443115,-0.3248802721500397
1780626355286248000,8.044248046875,-0.003556877840310335,0.10433445125818253,-0.287970632314682
1780626355296244200,8.054244140625,-0.04629635438323021,0.15617740154266357,-0.22008107602596283
1780626355306239200,8.0642392578125,-0.10923036187887192,0.2243395894765854,-0.16768327355384827
1780626355316234000,8.07423388671875,-0.1404133290052414,0.2534242570400238,-0.1711547076702118
1780626355326230000,8.08422998046875,-0.13821515440940857,0.2297467291355133,-0.24164468050003052
1780626355336225000,8.09422509765625,-0.13976751267910004,0.18010887503623962,-0.33013540506362915
1780626355346220300,8.10422021484375,-0.14103321731090546,0.11433213949203491,-0.3979952931404114
1780626355356215300,8.11421533203125,-0.1321856528520584,0.050629060715436935,-0.4287910461425781
1780626355366210300,8.124210205078125,-0.13096077740192413,0.026159970089793205,-0.43223515152931213
1780626355376206000,8.1342060546875,-0.15407301485538483,0.05808168277144432,-0.4136880934238434
1780626355386201000,8.144201171875,-0.20086483657360077,0.11373282968997955,-0.39243853092193604
1780626355396196000,8.154196044921875,-0.25675395131111145,0.19764289259910583,-0.364498496055603
1780626355406192000,8.164192138671876,-0.3155154883861542,0.29735657572746277,-0.3227735459804535
1780626355416187400,8.1741875,-0.3716520071029663,0.3825732171535492,-0.28584057092666626
1780626355426182100,8.18418212890625,-0.40683403611183167,0.4561062157154083,-0.294888973236084
1780626355436178200,8.19417822265625,-0.4113185405731201,0.5107929110527039,-0.37111905217170715
1780626355446173200,8.204173095703124,-0.38316982984542847,0.5097014904022217,-0.49080967903137207
1780626355456168200,8.214168212890625,-0.3302818536758423,0.4343987703323364,-0.611565113067627
1780626355466164200,8.224164306640626,-0.2738543748855591,0.32391074299812317,-0.6977667808532715
1780626355476159000,8.234158935546875,-0.20567265152931213,0.18355628848075867,-0.7995562553405762
1780626355486154000,8.244154052734375,-0.1415853649377823,0.10547573119401932,-0.8703964948654175
1780626355496150300,8.254150390625,-0.17967788875102997,0.19341278076171875,-0.7901168465614319
1780626355506145300,8.264145263671875,-0.2612125277519226,0.37001264095306396,-0.6410765647888184
1780626355516140300,8.274140380859375,-0.30296769738197327,0.5419015288352966,-0.519454836845398
1780626355526136000,8.284135986328126,-0.32595279812812805,0.5331694483757019,-0.42435625195503235
1780626355536131000,8.294131103515625,-0.3367673456668854,0.3663937747478485,-0.3434446156024933
1780626355546126000,8.3041259765625,-0.3005336821079254,0.11866635084152222,-0.31427520513534546
1780626355556122000,8.3141220703125,-0.2549012005329132,-0.13564902544021606,-0.3213520050048828
1780626355566117400,8.324117431640625,-0.21248602867126465,-0.4205991327762604,-0.3250373899936676
1780626355576112400,8.3341123046875,-0.1692168414592743,-0.6618248224258423,-0.3218570649623871
1780626355586108200,8.344108154296874,-0.1431402564048767,-0.7591117024421692,-0.3112756013870239
1780626355596103200,8.354103271484375,-0.14885087311267853,-0.6945201754570007,-0.2582259774208069
1780626355606098200,8.36409814453125,-0.16121834516525269,-0.5356184244155884,-0.17333939671516418
1780626355616094200,8.37409423828125,-0.1684674620628357,-0.3471722900867462,-0.08528169989585876
1780626355626089200,8.384089111328125,-0.1759030520915985,-0.18464581668376923,-0.016514182090759277
1780626355636084000,8.394083984375,-0.17651452124118805,-0.08085229992866516,0.029175277799367905
1780626355646080300,8.404080322265624,-0.18056939542293549,-0.026207605376839638,0.05859024450182915
1780626355656075300,8.4140751953125,-0.17719224095344543,-0.02574474737048149,0.07491809129714966
1780626355666070300,8.4240703125,-0.16530409455299377,-0.07406267523765564,0.07442886382341385
1780626355676066000,8.434066162109374,-0.1401369571685791,-0.15958769619464874,0.05566662922501564
1780626355686061000,8.44406103515625,-0.12064401060342789,-0.2615302801132202,0.043549247086048126
1780626355696056000,8.45405615234375,-0.12317987531423569,-0.37605020403862,0.04881111904978752
1780626355706052000,8.464052001953124,-0.14547638595104218,-0.5005800127983093,0.06461858004331589
1780626355716047400,8.47404736328125,-0.1818343847990036,-0.6245352625846863,0.07433991134166718
1780626355726042400,8.48404248046875,-0.2203117161989212,-0.7196901440620422,0.08168268948793411
1780626355736038100,8.4940380859375,-0.25962233543395996,-0.7300924062728882,0.10017834603786469
1780626355746033200,8.504033203125,-0.2880275249481201,-0.6445095539093018,0.13006646931171417
1780626355756028200,8.514028076171876,-0.31060314178466797,-0.5287262201309204,0.16719652712345123
1780626355766024200,8.524024169921875,-0.3321196138858795,-0.4209389090538025,0.20224826037883759
1780626355776019200,8.534019287109375,-0.3601509630680084,-0.33009448647499084,0.22036494314670563
1780626355786014200,8.54401416015625,-0.38513126969337463,-0.24306286871433258,0.23076006770133972
1780626355796010200,8.55401025390625,-0.409233957529068,-0.16384448111057281,0.20281684398651123
1780626355806005200,8.564005126953125,-0.41881564259529114,-0.10283896327018738,0.1274530291557312
1780626355816000300,8.574000244140626,-0.4109233617782593,-0.06453844159841537,0.042792197316884995
1780626355825996300,8.583996337890625,-0.4097064733505249,-0.04794815182685852,0.0035600156988948584
1780626355835991000,8.593990966796875,-0.41598594188690186,-0.0572923868894577,-0.013042663224041462
1780626355845986000,8.603986083984376,-0.4307420253753662,-0.1201481893658638,-0.024997591972351074
1780626355855982000,8.613982177734375,-0.45471951365470886,-0.24528107047080994,-0.017896538600325584
1780626355865977300,8.623977294921875,-0.49518969655036926,-0.39605507254600525,0.003974316641688347
1780626355875972400,8.633972412109374,-0.5417177677154541,-0.5283406972885132,0.03721562772989273
1780626355885968100,8.643968017578125,-0.5784441828727722,-0.6312439441680908,0.10161378979682922
1780626355895963100,8.653963134765625,-0.5994030237197876,-0.6827207207679749,0.17933788895606995
1780626355905958100,8.663958251953124,-0.6112762093544006,-0.6526575088500977,0.2387329339981079
1780626355915954200,8.6739541015625,-0.5992600321769714,-0.6119500398635864,0.27136385440826416
1780626355925949200,8.68394921875,-0.5527995228767395,-0.6332758069038391,0.29470035433769226
1780626355935944200,8.693944091796874,-0.48619648814201355,-0.7027057409286499,0.31724774837493896
1780626355945940200,8.703940185546875,-0.4184191823005676,-0.8474311828613281,0.31702178716659546
1780626355955935200,8.713935302734376,-0.3495655655860901,-1.0910509824752808,0.23911181092262268
1780626355965930200,8.72393017578125,-0.2755230665206909,-1.4004770517349243,0.054422929883003235
1780626355975926300,8.73392626953125,-0.19655369222164154,-1.6458714008331299,-0.16814009845256805
1780626355985921000,8.743921142578126,-0.1699398308992386,-1.746586561203003,-0.28316646814346313
1780626355995916000,8.753916015625,-0.20048707723617554,-1.6603224277496338,-0.20794175565242767
1780626356005912000,8.763912109375,-0.24504053592681885,-1.3274515867233276,0.04854905977845192
1780626356015907300,8.7739072265625,-0.2638520300388336,-0.7809144258499146,0.36318156123161316
1780626356025902300,8.78390234375,-0.28741729259490967,-0.112345851957798,0.6087149381637573
1780626356035898000,8.793898193359375,-0.3086338937282562,0.5227522850036621,0.7277145385742188
1780626356045893000,8.80389306640625,-0.29934409260749817,0.9785689115524292,0.7199340462684631
1780626356055888100,8.81388818359375,-0.27791523933410645,1.1617848873138428,0.6325945854187012
1780626356065884200,8.82388427734375,-0.2459208071231842,1.041327953338623,0.5128023624420166
1780626356075879200,8.833879150390626,-0.19868351519107819,0.6178001761436462,0.4109918773174286
1780626356085874200,8.843874267578125,-0.14590585231781006,-0.029355769976973534,0.3494800627231598
1780626356095870200,8.8538701171875,-0.09758546948432922,-0.7283439040184021,0.312441349029541
1780626356105865200,8.863865234375,-0.08251234889030457,-1.3204253911972046,0.28757575154304504
1780626356115860200,8.873860107421875,-0.1254584789276123,-1.6888684034347534,0.2581331729888916
1780626356125856300,8.883856201171875,-0.20018653571605682,-1.8258304595947266,0.2113722413778305
1780626356135851300,8.893851318359374,-0.24824142456054688,-1.7594735622406006,0.14128929376602173
1780626356145846000,8.903845947265625,-0.2579151391983032,-1.5375221967697144,0.0759664848446846
1780626356155842000,8.913842041015625,-0.24670377373695374,-1.2204886674880981,0.06835783272981644
1780626356165837300,8.92383740234375,-0.23168407380580902,-0.8420307636260986,0.11845774948596954
1780626356175832300,8.933832275390625,-0.22109907865524292,-0.45570728182792664,0.15935911238193512
1780626356185828000,8.943828125,-0.20377229154109955,-0.10632967203855515,0.1557028442621231
1780626356195823000,8.953822998046874,-0.17787864804267883,0.18307311832904816,0.09949897229671478
1780626356205818000,8.963818115234375,-0.15479956567287445,0.4034770131111145,0.013320592232048512
1780626356215814100,8.973814208984376,-0.14262118935585022,0.5171282291412354,-0.08172815293073654
1780626356225809200,8.98380908203125,-0.1452074944972992,0.513623058795929,-0.16578657925128937
1780626356235804200,8.99380419921875,-0.152360200881958,0.42366519570350647,-0.21406090259552002
1780626356245800200,9.00380029296875,-0.1533525288105011,0.2568720877170563,-0.20164817571640015
1780626356255795200,9.013795166015624,-0.15675446391105652,0.02600184455513954,-0.13837119936943054
1780626356265790200,9.023790283203125,-0.1622077375650406,-0.2287612408399582,-0.04441345855593681
1780626356275786200,9.0337861328125,-0.17392271757125854,-0.3901945948600769,0.0503961406648159
1780626356285781200,9.04378125,-0.2021048367023468,-0.43972301483154297,0.10527954250574112
1780626356295776300,9.0537763671875,-0.2531171441078186,-0.45085981488227844,0.0995689257979393
1780626356305772000,9.06377197265625,-0.3067501485347748,-0.45948344469070435,0.05683539807796478
1780626356315767300,9.073767333984375,-0.34646666049957275,-0.473555326461792,0.010625826194882393
1780626356325762300,9.08376220703125,-0.36317530274391174,-0.436225950717926,-0.004329419694840908
1780626356335758300,9.09375830078125,-0.37118610739707947,-0.30859315395355225,0.02632143348455429
1780626356345753900,9.10375390625,-0.38281840085983276,-0.1069585382938385,0.07783149182796478
1780626356355748900,9.113748779296875,-0.37699994444847107,0.13733987510204315,0.12700410187244415
1780626356365745000,9.123744873046874,-0.33125045895576477,0.35430943965911865,0.17150366306304932
1780626356375740000,9.133739990234375,-0.25426435470581055,0.4644588530063629,0.21036797761917114
1780626356385735000,9.14373486328125,-0.1811947077512741,0.4825509786605835,0.22794997692108154
1780626356395730700,9.153730712890624,-0.1281922161579132,0.4730741083621979,0.2096378207206726
1780626356405725700,9.1637255859375,-0.09768155217170715,0.45980769395828247,0.16159075498580933
1780626356415720700,9.173720703125,-0.09440905600786209,0.42977815866470337,0.1121172085404396
1780626356425717000,9.183717041015624,-0.10618723928928375,0.35126978158950806,0.10129154473543167
1780626356435711700,9.193711669921875,-0.11586969345808029,0.20872807502746582,0.14374606311321259
1780626356445706800,9.203706787109375,-0.09700731933116913,0.037343110889196396,0.22254490852355957
1780626356455702800,9.213702880859374,-0.06428799033164978,-0.09505967795848846,0.2941879332065582
1780626356465697800,9.22369775390625,-0.04016643762588501,-0.11588148027658463,0.31868723034858704
1780626356475692800,9.23369287109375,-0.03276817500591278,-0.04500038921833038,0.2926338016986847
1780626356485688800,9.243688720703124,-0.02236461266875267,0.061389632523059845,0.23760171234607697
1780626356495683800,9.253683837890625,-0.007047440856695175,0.15518136322498322,0.17939700186252594
1780626356505678800,9.263678955078126,0.021714571863412857,0.20914238691329956,0.12737800180912018
1780626356515675000,9.2736748046875,0.05469142645597458,0.2274036854505539,0.11455781757831573
1780626356525670000,9.283669921875,0.07359902560710907,0.20737113058567047,0.15366747975349426
1780626356535665000,9.293664794921876,0.08057650923728943,0.11405530571937561,0.211703360080719
1780626356545660700,9.30366064453125,0.07808637619018555,-0.02408762462437153,0.2518320679664612
1780626356555655700,9.31365576171875,0.07968720048666,-0.12873920798301697,0.2560345232486725
1780626356565650700,9.323650634765626,0.08239324390888214,-0.13392874598503113,0.22020471096038818
1780626356575647000,9.33364697265625,0.07553214579820633,-0.03187880665063858,0.16173075139522552
1780626356585642000,9.34364208984375,0.05931247025728226,0.11893917620182037,0.10498828440904617
1780626356595636700,9.35363671875,0.036860689520835876,0.2530311942100525,0.06900258362293243
1780626356605632800,9.3636328125,0.011179221794009209,0.31801190972328186,0.059036679565906525
1780626356615627800,9.373627685546875,-0.005380047485232353,0.29251694679260254,0.06397471576929092
1780626356625622800,9.383622802734376,-0.024084139615297318,0.22409579157829285,0.06224454194307327
1780626356635618800,9.393618896484375,-0.05711878836154938,0.18465012311935425,0.027198147028684616
1780626356645613800,9.40361376953125,-0.09181663393974304,0.2254858762025833,-0.021338941529393196
1780626356655608800,9.41360888671875,-0.12415780127048492,0.31143009662628174,-0.06058222055435181
1780626356665604900,9.42360498046875,-0.16137729585170746,0.3806651830673218,-0.0701356828212738
1780626356675600000,9.433599853515625,-0.20382969081401825,0.3958401381969452,-0.03792794793844223
1780626356685595000,9.443594970703124,-0.23231007158756256,0.3437539041042328,0.025844106450676918
1780626356695590700,9.453590576171875,-0.22141215205192566,0.2546709179878235,0.0806969627737999
1780626356705585700,9.463585693359375,-0.17891429364681244,0.14593051373958588,0.0837961807847023
1780626356715580700,9.47358056640625,-0.12425290793180466,0.037971820682287216,0.031825121492147446
1780626356725577000,9.483576904296875,-0.06969822198152542,-0.03484942764043808,-0.031231964007019997
1780626356735572000,9.493572021484376,-0.03640817478299141,-0.07148653268814087,-0.07527798414230347
1780626356745566700,9.503566650390624,-0.035424187779426575,-0.07487411051988602,-0.08448381721973419
1780626356755562800,9.513562744140625,-0.05701390281319618,-0.025052228942513466,-0.06768912822008133
1780626356765557800,9.523557861328126,-0.08484535664319992,0.09203150123357773,-0.050057053565979004
1780626356775552800,9.533552734375,-0.09387853741645813,0.2948687970638275,-0.03412974998354912
1780626356785548800,9.543548828125,-0.07685990631580353,0.5434530973434448,-0.014969104900956154
1780626356795543800,9.553543701171876,-0.04307930916547775,0.7740112543106079,-0.0034908803645521402
1780626356805538800,9.563538818359374,-0.013806220144033432,0.90668123960495,-0.01784611865878105
1780626356815534800,9.573534912109375,-0.0028875258285552263,0.8959830403327942,-0.054818782955408096
1780626356825529900,9.58352978515625,-0.02042359486222267,0.7214751243591309,-0.09357257187366486
1780626356835524900,9.59352490234375,-0.04777905344963074,0.4253230690956116,-0.09949997067451477
1780626356845520600,9.603520751953125,-0.07282468676567078,0.06561174243688583,-0.05798687785863876
1780626356855515600,9.613515625,-0.08894027024507523,-0.28325995802879333,0.026706170290708542
1780626356865510700,9.6235107421875,-0.08562730252742767,-0.5344719886779785,0.13006478548049927
1780626356875507000,9.6335068359375,-0.06908880174160004,-0.670807957649231,0.22493484616279602
1780626356885502000,9.643501953125,-0.046415865421295166,-0.7184069156646729,0.28580376505851746
1780626356895497000,9.6534970703125,-0.01547259371727705,-0.72258061170578,0.30274200439453125
1780626356905492700,9.66349267578125,0.028793709352612495,-0.6754098534584045,0.2721695303916931
1780626356915487700,9.67348779296875,0.09532932937145233,-0.586010754108429,0.20128633081912994
1780626356925482800,9.683482666015625,0.17223651707172394,-0.48715150356292725,0.10507199168205261
1780626356935477800,9.693477783203125,0.23968879878520966,-0.415519654750824,0.011107414960861206
1780626356945473800,9.703473876953124,0.2683986723423004,-0.3862585127353668,-0.06358865648508072
1780626356955468800,9.71346875,0.250428169965744,-0.3867543935775757,-0.11413013190031052
1780626356965464800,9.72346484375,0.19352534413337708,-0.3974633514881134,-0.1325550377368927
1780626356975459800,9.7334599609375,0.11348191648721695,-0.3797447979450226,-0.13151612877845764
1780626356985454800,9.743454833984375,0.03205426037311554,-0.34574419260025024,-0.11362075805664062
1780626356995450600,9.75345068359375,-0.02101481519639492,-0.35625916719436646,-0.08209025859832764
1780626357005445600,9.763445556640624,-0.04161890223622322,-0.41924428939819336,-0.04408952593803406
1780626357015440600,9.773440673828125,-0.04667118564248085,-0.4943656921386719,-0.019224124029278755
1780626357025436000,9.783435791015625,-0.04987712204456329,-0.5573171973228455,-0.018540047109127045
1780626357035432000,9.793431884765624,-0.05051601305603981,-0.617650032043457,-0.0315684974193573
1780626357045427000,9.803427001953125,-0.050593264400959015,-0.685563325881958,-0.03389778733253479
1780626357055422000,9.813421875,-0.05843547731637955,-0.8357083201408386,-0.007083216682076454
1780626357065417700,9.823417724609374,-0.062377795577049255,-1.0993231534957886,0.038560524582862854
1780626357075412700,9.833412841796875,-0.0400402657687664,-1.2921730279922485,0.04183994233608246
1780626357085407700,9.84340771484375,-0.003686056938022375,-1.1899323463439941,-0.027728397399187088
1780626357095404000,9.853404052734374,0.02058492787182331,-0.7541697025299072,-0.10540614277124405
1780626357105398800,9.863398681640625,0.021544914692640305,-0.1419329047203064,-0.144094780087471
1780626357115393800,9.873393798828126,-0.004014773294329643,0.3901621401309967,-0.15954457223415375
1780626357125389800,9.883389892578125,-0.051340252161026,0.6597470045089722,-0.177423894405365
1780626357135384800,9.893384765625,-0.12605230510234833,0.5973025560379028,-0.21116560697555542
1780626357145379800,9.9033798828125,-0.21099261939525604,0.2866857051849365,-0.23225516080856323
1780626357155375600,9.913375732421875,-0.2805493175983429,-0.16063401103019714,-0.20818260312080383
1780626357165370600,9.92337060546875,-0.32153111696243286,-0.5969244241714478,-0.13300786912441254
1780626357175366000,9.933365966796876,-0.33105936646461487,-0.8578130006790161,-0.03186792880296707
1780626357185362000,9.94336181640625,-0.3394390344619751,-0.8555341362953186,0.049001000821590424
1780626357195357000,9.95335693359375,-0.35448721051216125,-0.6254578232765198,0.0726621225476265
1780626357205352000,9.96335205078125,-0.35855069756507874,-0.28122928738594055,0.02983085624873638
1780626357215347700,9.97334765625,-0.34478694200515747,0.07201211154460907,-0.06791967153549194
1780626357225342700,9.9833427734375,-0.3299899697303772,0.3484005630016327,-0.17198073863983154
1780626357235337700,9.993337646484376,-0.3287273645401001,0.48840346932411194,-0.22568364441394806
1780626357245334000,10.003333984375,-0.34761670231819153,0.5189411640167236,-0.2256515920162201
1780626357255328800,10.013328857421875,-0.3762401044368744,0.47937461733818054,-0.1855611652135849
1780626357265323800,10.02332373046875,-0.39129599928855896,0.3817732036113739,-0.12859277427196503
1780626357275319800,10.03331982421875,-0.3764382004737854,0.25437235832214355,-0.10340353846549988
1780626357285314800,10.043314697265625,-0.32883405685424805,0.12918682396411896,-0.12285633385181427
1780626357295309800,10.053309814453126,-0.26938724517822266,0.08891848474740982,-0.15388108789920807
1780626357305305600,10.0633056640625,-0.22336237132549286,0.13728488981723785,-0.1709791123867035
1780626357315300600,10.073300537109375,-0.20669259130954742,0.21059294044971466,-0.16580352187156677
1780626357325295900,10.0832958984375,-0.22639986872673035,0.28370893001556396,-0.15141962468624115
1780626357335292000,10.0932919921875,-0.2668316960334778,0.37009841203689575,-0.14498914778232574
1780626357345286700,10.10328662109375,-0.31623074412345886,0.45361238718032837,-0.13492125272750854
1780626357355281700,10.11328173828125,-0.346927672624588,0.518112301826477,-0.10896368324756622
1780626357365277400,10.12327734375,-0.3482219874858856,0.5351322293281555,-0.0804380401968956
1780626357375272400,10.1332724609375,-0.3091965615749359,0.508414626121521,-0.07137849926948547
1780626357385267500,10.143267333984374,-0.23234346508979797,0.4374796748161316,-0.08370200544595718
1780626357395263700,10.153263671875,-0.14337392151355743,0.3413859009742737,-0.10701052844524384
1780626357405258800,10.1632587890625,-0.06363313645124435,0.25412043929100037,-0.13761869072914124
1780626357415253800,10.173253662109374,-0.005498195998370647,0.23572278022766113,-0.14415594935417175
1780626357425249500,10.18324951171875,0.023615621030330658,0.28953251242637634,-0.14060622453689575
1780626357435244500,10.19324462890625,0.03914477676153183,0.32639279961586,-0.11952249705791473
1780626357445239600,10.203239501953124,0.04121778905391693,0.3195774257183075,-0.09648420661687851
1780626357455235600,10.213235595703125,0.03225438669323921,0.27632901072502136,-0.07565029710531235
1780626357465230600,10.223230712890626,0.0044603655114769936,0.23771804571151733,-0.05089603736996651
1780626357475225600,10.2332255859375,-0.018356533721089363,0.25912028551101685,-0.03057505004107952
1780626357485221600,10.2432216796875,-0.020867936313152313,0.2946666181087494,-0.04101943597197533
1780626357495216600,10.253216552734376,0.0007976777851581573,0.2296026647090912,-0.09809444099664688
1780626357505211600,10.263211669921875,0.02382507175207138,0.11764088273048401,-0.18306632339954376
1780626357515207400,10.27320751953125,0.023867947980761528,0.09361064434051514,-0.21861420571804047
1780626357525202400,10.283202392578126,-0.017734214663505554,0.13674618303775787,-0.18129532039165497
1780626357535197400,10.293197509765625,-0.050783779472112656,0.2367960810661316,-0.10818622261285782
1780626357545193700,10.30319384765625,-0.06801491975784302,0.2525373697280884,-0.039266277104616165
1780626357555188700,10.313188720703126,-0.06654565036296844,0.08672736585140228,-0.019893378019332886
1780626357565183700,10.323183837890625,-0.02619718387722969,-0.18812203407287598,-0.057963620871305466
1780626357575179500,10.333179443359375,0.024873988702893257,-0.3604847192764282,-0.11817902326583862
1780626357585174500,10.343174560546874,0.06927308440208435,-0.33322036266326904,-0.1312868446111679
1780626357595169500,10.35316943359375,0.09670497477054596,-0.24909880757331848,-0.09063182026147842
1780626357605165600,10.36316552734375,0.10019565373659134,-0.12017190456390381,-0.04969876632094383
1780626357615160600,10.37316064453125,0.07235923409461975,0.053681377321481705,-0.050615694373846054
1780626357625155600,10.383155517578125,0.04469606280326843,0.18682658672332764,-0.07574892044067383
1780626357635151600,10.393151611328125,0.025677362456917763,0.3126998245716095,-0.096957266330719
1780626357645146600,10.403146728515624,0.014337172731757164,0.4117281138896942,-0.12429133802652359
1780626357655141600,10.4131416015625,0.008578885346651077,0.42447638511657715,-0.144834965467453
1780626357665137400,10.423137451171876,0.012750256806612015,0.3251412510871887,-0.13975337147712708
1780626357675132400,10.43313232421875,0.029704207554459572,0.1308271735906601,-0.09998253732919693
1780626357685127400,10.44312744140625,0.04123249650001526,-0.042287081480026245,-0.05189703032374382
1780626357695123700,10.453123779296876,0.023281726986169815,-0.07943977415561676,-0.021370811387896538
1780626357705118700,10.46311865234375,-0.02460000477731228,0.016589267179369926,-0.0024012038484215736
1780626357715113700,10.47311376953125,-0.07208176702260971,0.13318751752376556,-0.0075336480513215065
1780626357725109500,10.483109619140626,-0.07042086124420166,0.06989168375730515,-0.03403467684984207
1780626357735104500,10.4931044921875,-0.002880962798371911,-0.03812000900506973,-0.05941885709762573
1780626357745099500,10.503099609375,0.08936790376901627,-0.06949520111083984,-0.09578796476125717
1780626357755095600,10.513095458984376,0.14555342495441437,-0.04831082001328468,-0.15469549596309662
1780626357765090800,10.5230908203125,0.15017588436603546,0.017982441931962967,-0.19325050711631775
1780626357775085600,10.53308544921875,0.12067045271396637,0.14949306845664978,-0.19334425032138824
1780626357785080600,10.54308056640625,0.04389393329620361,0.3457905650138855,-0.16040398180484772
1780626357795076600,10.55307666015625,-0.05190369859337807,0.5098863244056702,-0.10614126920700073
1780626357805071600,10.563071533203125,-0.10864908248186111,0.5417759418487549,-0.07977774739265442
1780626357815066600,10.573066650390626,-0.09389863163232803,0.4493144154548645,-0.14471307396888733
1780626357825062400,10.5830625,-0.08618959784507751,0.3360706865787506,-0.2313993126153946
1780626357835057400,10.593057373046875,-0.11303240060806274,0.3058280944824219,-0.2743736803531647
1780626357845052700,10.603052734375,-0.11088499426841736,0.23644542694091797,-0.25117915868759155
1780626357855048700,10.613048583984375,-0.03965848311781883,0.1813928186893463,-0.15989957749843597
1780626357865043700,10.623043701171875,0.05966343730688095,0.08931701630353928,-0.102519191801548
1780626357875038700,10.633038818359376,0.1467224508523941,-0.08720182627439499,-0.11522860080003738
1780626357885034500,10.643034423828125,0.2014617621898651,-0.20842313766479492,-0.12009632587432861
1780626357895029500,10.653029541015625,0.21061372756958008,-0.16801606118679047,-0.10308964550495148
1780626357905024500,10.6630244140625,0.17729389667510986,0.004547818563878536,-0.04108876734972
1780626357915020800,10.673020751953125,0.1301061362028122,0.23342493176460266,0.042109984904527664
1780626357925015800,10.683015869140625,0.0904596745967865,0.4561634659767151,0.06576107442378998
1780626357935010600,10.693010498046876,0.06326986849308014,0.6274004578590393,0.0457487478852272
1780626357945006600,10.703006591796875,0.04511837661266327,0.6663843989372253,0.03698455169796944
1780626357955001600,10.713001708984375,0.050861749798059464,0.5528815388679504,0.03184598311781883
1780626357964996600,10.72299658203125,0.08188118785619736,0.38804253935813904,0.01221848651766777
1780626357974992600,10.73299267578125,0.11400317400693893,0.22828911244869232,0.0091715632006526
1780626357984987400,10.7429873046875,0.1282665878534317,0.059430815279483795,0.021693481132388115
1780626357994982400,10.752982421875,0.1308906078338623,-0.12531745433807373,0.06484627723693848
1780626358004978700,10.762978759765625,0.11954055726528168,-0.1946488916873932,0.1233336478471756
1780626358014973700,10.7729736328125,0.09303837269544601,-0.08153645694255829,0.15290191769599915
1780626358024968700,10.78296875,0.06348428875207901,0.17181812226772308,0.14887735247612
1780626358034964500,10.792964599609375,0.05495258793234825,0.4573691487312317,0.12557709217071533
1780626358044959500,10.80295947265625,0.06451061367988586,0.6520190238952637,0.09171722084283829
1780626358054954500,10.81295458984375,0.08266991376876831,0.6929712295532227,0.07258772850036621
1780626358064950800,10.82295068359375,0.10992234200239182,0.6161880493164062,0.06987547874450684
1780626358074945800,10.83294580078125,0.1356695294380188,0.419489324092865,0.04269365593791008
1780626358084940500,10.8429404296875,0.13908296823501587,0.1697259098291397,-0.023101331666111946
1780626358094936600,10.8529365234375,0.13048894703388214,-0.003981961868703365,-0.07168351858854294
1780626358104931600,10.862931640625,0.11475411802530289,-0.08478037267923355,-0.07995990663766861
1780626358114926600,10.872926513671874,0.1023927852511406,-0.05834636837244034,-0.05001213401556015
1780626358124922600,10.882922607421875,0.09530777484178543,0.030891498550772667,-0.017441583797335625
1780626358134917400,10.89291748046875,0.10000772029161453,0.09855656325817108,-0.017334524542093277
1780626358144912400,10.902912353515624,0.1001892238855362,0.1711297184228897,-0.04023859649896622
1780626358154908700,10.91290869140625,0.08745691925287247,0.20947737991809845,-0.06813786923885345
1780626358164903700,10.922903564453126,0.06803707033395767,0.18786202371120453,-0.07564052939414978
1780626358174898700,10.932898681640625,0.04047095775604248,0.1572636365890503,-0.07353236526250839
1780626358184894500,10.94289453125,0.02803739532828331,0.10097231715917587,-0.08074039965867996
1780626358194889500,10.952889404296876,0.045460861176252365,0.03790014237165451,-0.044327262789011
1780626358204884500,10.962884521484375,0.06929294019937515,-0.06036463379859924,0.00031415512785315514
1780626358214880800,10.972880859375,0.0777633860707283,-0.1744493991136551,-0.006525374948978424
1780626358224875800,10.982875732421874,0.07064273208379745,-0.25425201654434204,-0.048719875514507294
1780626358234870800,10.992870849609375,0.05826835334300995,-0.21112611889839172,-0.06585811823606491
1780626358244865500,11.002865478515625,0.03960641101002693,-0.12464269250631332,-0.08226780593395233
1780626358254861600,11.012861572265624,0.02568846568465233,-0.06580653786659241,-0.11458925902843475
1780626358264856600,11.022856689453125,0.018014075234532356,0.044026732444763184,-0.13600169122219086
1780626358274851600,11.0328515625,0.024853872135281563,0.14433017373085022,-0.12723536789417267
1780626358284847600,11.04284765625,0.0424293577671051,0.14863449335098267,-0.09580261260271072
1780626358294842400,11.05284228515625,0.06160971522331238,0.10081210732460022,-0.051766443997621536
1780626358304837600,11.062837646484375,0.07891520112752914,-0.01647733896970749,-0.035346370190382004
1780626358314833700,11.072833740234374,0.08609908074140549,-0.11750835180282593,-0.055688392370939255
1780626358324828700,11.08282861328125,0.06481566280126572,-0.12218503654003143,-0.1063043475151062
1780626358334823700,11.09282373046875,0.03620586171746254,0.007819036953151226,-0.1742786020040512
1780626358344819700,11.10281982421875,0.05928940325975418,0.06606356799602509,-0.19129665195941925
1780626358354814700,11.112814697265625,0.11810371279716492,-0.03414638713002205,-0.1517082303762436
1780626358364809700,11.122809814453126,0.1639207899570465,-0.1480744630098343,-0.09161914139986038
1780626358374806000,11.132805908203125,0.17889681458473206,-0.20165860652923584,-0.05295670032501221
1780626358384801000,11.142801025390625,0.17738407850265503,-0.17987535893917084,-0.03354589641094208
1780626358394795800,11.152795654296876,0.17520907521247864,-0.13316698372364044,-0.03770362585783005
1780626358404791800,11.162791748046875,0.1707453429698944,-0.033457688987255096,-0.04237223416566849
1780626358414786800,11.172786865234375,0.1525314450263977,0.037195444107055664,-0.0705290362238884
1780626358424781800,11.18278173828125,0.12727484107017517,-0.02119586057960987,-0.13549578189849854
1780626358434777900,11.19277783203125,0.11289297789335251,-0.0673242062330246,-0.16090500354766846
1780626358444772600,11.202772705078125,0.12169895321130753,-0.09958422929048538,-0.12403469532728195
1780626358454767600,11.212767578125,0.138488307595253,-0.15011611580848694,-0.07520511001348495
1780626358464764000,11.222763916015625,0.14412692189216614,-0.22630245983600616,-0.06907148659229279
1780626358474759000,11.232759033203125,0.13652999699115753,-0.2105695605278015,-0.11337769776582718
1780626358484754000,11.24275390625,0.1250331550836563,-0.09565258771181107,-0.15066736936569214
1780626358494749700,11.252749755859375,0.12081391364336014,0.09467314928770065,-0.18964140117168427
1780626358504744700,11.26274462890625,0.14057657122612,0.18803882598876953,-0.19848096370697021
1780626358514739700,11.27273974609375,0.19223684072494507,0.24372978508472443,-0.12485228478908539
1780626358524735700,11.28273583984375,0.24995234608650208,0.2811811864376068,-0.039951954036951065
1780626358534731000,11.29273095703125,0.289558082818985,0.20217211544513702,0.0013869646936655045
1780626358544726000,11.30272607421875,0.3122013807296753,0.011367522180080414,-0.009730667807161808
1780626358554721800,11.3127216796875,0.31638413667678833,-0.149682879447937,-0.051864806562662125
1780626358564716800,11.322716796875,0.30567872524261475,-0.19262729585170746,-0.10668686032295227
1780626358574711800,11.3327119140625,0.2930143177509308,-0.1100783422589302,-0.15740489959716797
1780626358584706800,11.342706787109375,0.2790733873844147,0.002634286880493164,-0.21011027693748474
1780626358594702800,11.352702880859376,0.2689424455165863,0.1662282794713974,-0.24827177822589874
1780626358604697600,11.362697509765624,0.2656967043876648,0.3667360246181488,-0.2681562900543213
1780626358614692900,11.37269287109375,0.2877543270587921,0.5140069723129272,-0.2670159339904785
1780626358624689000,11.38268896484375,0.34287771582603455,0.39229148626327515,-0.3072240352630615
1780626358634684000,11.392683837890624,0.41060829162597656,-0.010704181157052517,-0.32586297392845154
1780626358644679000,11.402678955078125,0.43727385997772217,-0.27056780457496643,-0.24087901413440704
1780626358654674700,11.4126748046875,0.41744154691696167,-0.15863196551799774,-0.08912624418735504
1780626358664669700,11.422669677734374,0.36895662546157837,0.17623686790466309,0.07094509154558182
1780626358674664700,11.432664794921875,0.30021804571151733,0.40691453218460083,0.1722906231880188
1780626358684661000,11.442660888671876,0.22381936013698578,0.4502224922180176,0.22525522112846375
1780626358694656000,11.452656005859374,0.15380272269248962,0.3717963695526123,0.2532216012477875
1780626358704650800,11.462650634765625,0.12158132344484329,0.20247586071491241,0.25175994634628296
1780626358714646800,11.472646728515626,0.1496363878250122,-0.07221987843513489,0.2103867083787918
1780626358724641800,11.482641845703125,0.22011959552764893,-0.31897589564323425,0.16788281500339508
1780626358734636800,11.49263671875,0.2735918462276459,-0.43897101283073425,0.14191380143165588
1780626358744632800,11.5026328125,0.2961791753768921,-0.41756317019462585,0.14471563696861267
1780626358754627600,11.512627685546875,0.2929477095603943,-0.2659965455532074,0.15173812210559845
1780626358764622800,11.522622802734375,0.2750954031944275,-0.06520745158195496,0.14494751393795013
1780626358774619000,11.532618896484376,0.26050180196762085,0.0335867665708065,0.11619681119918823
1780626358784614000,11.54261376953125,0.24746555089950562,-0.005074567161500454,0.048861805349588394
1780626358794609000,11.55260888671875,0.24297304451465607,-0.09895338863134384,0.0028522356878966093
1780626358804604700,11.562604736328124,0.2383784055709839,-0.17656023800373077,-0.023251447826623917
1780626358814599700,11.572599609375,0.2172456830739975,-0.19420473277568817,-0.0397968664765358
1780626358824594700,11.5825947265625,0.18267881870269775,-0.1283578872680664,-0.035557206720113754
1780626358834591000,11.592591064453124,0.14436285197734833,0.025988543406128883,-0.0033286947291344404
1780626358844586000,11.6025859375,0.11219008266925812,0.1881965845823288,0.025325410068035126
1780626358854581000,11.6125810546875,0.09148826450109482,0.2828136384487152,0.018048321828246117
1780626358864576800,11.62257666015625,0.08521083742380142,0.27862438559532166,0.008552022278308868
1780626358874571800,11.63257177734375,0.08567529171705246,0.1558276116847992,0.000679186312481761
1780626358884566800,11.64256689453125,0.08727265149354935,-0.044568441808223724,-0.022002337500452995
1780626358894561800,11.652561767578124,0.09605149179697037,-0.25978541374206543,-0.0470549575984478
1780626358904557800,11.662557861328125,0.10824635624885559,-0.3457486629486084,-0.032065264880657196
1780626358914552800,11.672552734375,0.12542322278022766,-0.3127337098121643,0.03971118479967117
1780626358924547800,11.6825478515625,0.11621326208114624,-0.25823402404785156,0.13055934011936188
1780626358934544000,11.6925439453125,0.07490923255681992,-0.19927750527858734,0.20721016824245453
1780626358944539000,11.702538818359375,0.03341318666934967,-0.14998239278793335,0.23343192040920258
1780626358954534000,11.712533935546874,0.030558547005057335,-0.10346974432468414,0.23584261536598206
1780626358964529700,11.72252978515625,0.04242870211601257,-0.01910540647804737,0.2467314749956131
1780626358974524700,11.732524658203126,0.04288863018155098,0.018789511173963547,0.23925545811653137
1780626358984519700,11.742519775390624,0.047715362161397934,-0.006558246444910765,0.20703616738319397
1780626358994516000,11.752515869140625,0.06647733598947525,-0.046234551817178726,0.17825698852539062
1780626359004511000,11.762510986328126,0.08435007184743881,-0.10210256278514862,0.15708743035793304
1780626359014506000,11.772506103515624,0.0848880335688591,-0.12451519072055817,0.11937041580677032
1780626359024501800,11.782501708984375,0.08601127564907074,-0.04742357134819031,0.07688678056001663
1780626359034496800,11.792496826171876,0.08839747309684753,0.07329805195331573,0.06498058885335922
1780626359044491800,11.80249169921875,0.0575530044734478,0.8764547109603882,0.28193020820617676
1780626359054487800,11.81248779296875,0.02615060657262802,2.33840012550354,0.6131365895271301
1780626359064482800,11.82248291015625,0.06500405073165894,2.9780187606811523,0.5619621872901917
1780626359074477800,11.832477783203124,0.2685806155204773,2.57460618019104,0.2513638734817505
1780626359084473900,11.842473876953125,0.5982891917228699,1.961221694946289,0.04208112880587578
1780626359094468900,11.85246875,0.8604851365089417,1.2591661214828491,-0.03964009881019592
1780626359104464000,11.8624638671875,0.8507478833198547,0.4969302713871002,-0.030555076897144318
1780626359114459600,11.872459716796875,0.5046575665473938,-0.22168220579624176,0.07020029425621033
1780626359124454700,11.88245458984375,0.07791990041732788,-0.8653095364570618,0.20572741329669952
1780626359134449700,11.89244970703125,-0.10842494666576385,-1.4033006429672241,0.28263628482818604
1780626359144444700,11.902444580078125,-0.08757968246936798,-1.7349954843521118,0.2755785882472992
1780626359154441000,11.91244091796875,-0.008117886260151863,-1.8191689252853394,0.18262094259262085
1780626359164436000,11.92243603515625,0.03357848525047302,-1.7129919528961182,0.043093930929899216
1780626359174430700,11.9324306640625,0.027203410863876343,-1.4597405195236206,-0.07583165913820267
1780626359184426800,11.9424267578125,-0.009753953665494919,-1.09774911403656,-0.10744071751832962
1780626359194421800,11.952421875,-0.05785543471574783,-0.6826501488685608,-0.023102931678295135
1780626359204416800,11.962416748046875,-0.09654159843921661,-0.25587326288223267,0.14086779952049255
1780626359214412800,11.972412841796874,-0.11029256135225296,0.18099647760391235,0.31541457772254944
1780626359224407800,11.98240771484375,-0.12803855538368225,0.5646232962608337,0.4162806570529938
1780626359234402800,11.99240283203125,-0.14128991961479187,0.8046861886978149,0.4203619360923767
1780626359244398800,12.00239892578125,-0.13902641832828522,0.8421585559844971,0.348480224609375
1780626359254393900,12.012393798828125,-0.1165940910577774,0.7385267019271851,0.2739149034023285
1780626359264388900,12.022388916015625,-0.07159961014986038,0.4855603277683258,0.20923346281051636
1780626359274384600,12.032384521484374,-0.009380973875522614,0.12014984339475632,0.1394471973180771
1780626359284379600,12.042379638671875,0.07024776935577393,-0.2186518907546997,0.06113382801413536
1780626359294374700,12.052374755859375,0.14462505280971527,-0.4327026903629303,-0.012361425906419754
1780626359304371000,12.062370849609374,0.18958278000354767,-0.5055633187294006,-0.08074722439050674
1780626359314366000,12.072365966796875,0.20961907505989075,-0.4532066583633423,-0.12692990899085999
1780626359324361000,12.08236083984375,0.21333523094654083,-0.29652610421180725,-0.1472630500793457
1780626359334356700,12.092356689453124,0.194980189204216,-0.08138131350278854,-0.1197560653090477
1780626359344351700,12.102351806640625,0.15038353204727173,0.0781443864107132,-0.04258759692311287
1780626359354346200,12.11234619140625,0.1159009262919426,0.10734408348798752,0.04507327824831009
1780626359364342500,12.122342529296875,0.10164982825517654,0.06359325349330902,0.1114620715379715
1780626359374337500,12.132337646484375,0.09393385052680969,0.04758259654045105,0.12539705634117126
1780626359384332500,12.14233251953125,0.07011000066995621,0.07164601236581802,0.09283015131950378
1780626359394327300,12.152327392578124,0.04584008455276489,0.1027168408036232,0.03522837162017822
1780626359404323300,12.1623232421875,0.04114668071269989,0.05760587751865387,-0.01966230571269989
1780626359414318300,12.172318359375,0.059596527367830276,-0.07136382162570953,-0.05616065859794617
1780626359424313300,12.182313232421874,0.08236155658960342,-0.1785181611776352,-0.0747205838561058
1780626359434309000,12.19230908203125,0.10178372263908386,-0.20085409283638,-0.0812985971570015
1780626359444304400,12.202304443359376,0.1260419338941574,-0.16654671728610992,-0.09559816867113113
1780626359454299400,12.21229931640625,0.14734908938407898,-0.1418035477399826,-0.12403407692909241
1780626359464295400,12.22229541015625,0.15600813925266266,-0.12926392257213593,-0.1397484987974167
1780626359474290400,12.23229052734375,0.1463206261396408,-0.1257898360490799,-0.12387871742248535
1780626359484285400,12.242285400390625,0.11976921558380127,-0.142930269241333,-0.0763668641448021
1780626359494281200,12.25228125,0.10652372241020203,-0.1440863460302353,-0.006667143665254116
1780626359504276200,12.262276123046876,0.09882491081953049,-0.08995535969734192,0.06284437328577042
1780626359514271200,12.272271240234375,0.09979749470949173,-0.0568152517080307,0.08943311125040054
1780626359524267500,12.282267578125,0.11438609659671783,-0.06707911193370819,0.05968382954597473
1780626359534262500,12.292262451171876,0.13159997761249542,-0.09325558692216873,-0.008529315702617168
1780626359544257300,12.30225732421875,0.1471826434135437,-0.14800724387168884,-0.07622003555297852
1780626359554253300,12.31225341796875,0.16447746753692627,-0.25932443141937256,-0.11748971045017242
1780626359564248300,12.322248291015624,0.1833583414554596,-0.40591302514076233,-0.12711641192436218
1780626359574243300,12.332243408203125,0.20661066472530365,-0.4565165340900421,-0.08125758171081543
1780626359584239400,12.3422392578125,0.21772004663944244,-0.3307375907897949,-0.03674577549099922
1780626359594234400,12.352234375,0.21226748824119568,-0.06715653091669083,-0.03527357801795006
1780626359604229400,12.3622294921875,0.1957073211669922,0.25769445300102234,-0.059081707149744034
1780626359614224400,12.372224365234375,0.1757993996143341,0.49232959747314453,-0.09404075145721436
1780626359624220400,12.382220458984374,0.16673371195793152,0.5412876605987549,-0.11463968455791473
1780626359634215400,12.39221533203125,0.1486005187034607,0.4388267993927002,-0.10467226803302765
1780626359644210400,12.40221044921875,0.12154416739940643,0.25297585129737854,-0.0747670978307724
1780626359654206200,12.412206298828124,0.09222809225320816,0.09901797771453857,-0.04651335999369621
1780626359664201200,12.422201171875,0.07406964898109436,-0.014361070469021797,-0.04239344969391823
1780626359674196200,12.4321962890625,0.07514716684818268,-0.13395218551158905,-0.08225511014461517
1780626359684192500,12.442192626953124,0.08404117822647095,-0.23576433956623077,-0.13976022601127625
1780626359694187500,12.4521875,0.09053049981594086,-0.2904116213321686,-0.17260605096817017
1780626359704182300,12.462182373046875,0.10404150933027267,-0.29928353428840637,-0.17725422978401184
1780626359714178300,12.47217822265625,0.1279417723417282,-0.2678723633289337,-0.14394688606262207
1780626359724173300,12.48217333984375,0.1485181748867035,-0.17342400550842285,-0.07158329337835312
1780626359734168300,12.492168212890626,0.15135817229747772,0.010413198731839657,-0.0040287477895617485
1780626359744164400,12.502164306640625,0.1472155600786209,0.23419570922851562,0.034292541444301605
1780626359754159400,12.512159423828125,0.17053286731243134,0.46842899918556213,0.05413176119327545
1780626359764154400,12.522154296875,0.20256227254867554,0.607951283454895,0.05227775499224663
1780626359774150400,12.532150390625,0.2004448026418686,0.6009019017219543,0.04429146647453308
1780626359784145400,12.5421455078125,0.15640000998973846,0.43548914790153503,0.030127355828881264
1780626359794140400,12.552140380859376,0.10406329482793808,0.17709168791770935,0.03472317382693291
1780626359804135400,12.562135498046874,0.06980369985103607,-0.11123348772525787,0.06827937066555023
1780626359814131200,12.572131103515625,0.055806126445531845,-0.4225277304649353,0.09582897275686264
1780626359824126200,12.582126220703126,0.07059105485677719,-0.58765709400177,0.1314878910779953
1780626359834121500,12.59212158203125,0.06960967928171158,-0.5163341760635376,0.16173553466796875
1780626359844117500,12.602117431640625,0.04390096664428711,-0.3442886769771576,0.13218696415424347
1780626359854112500,12.612112548828126,0.039369333535432816,-0.17467756569385529,0.06790491938591003
1780626359864107300,12.622107177734375,0.061233360320329666,-0.0008491775370202959,0.018556734547019005
1780626359874103300,12.632103271484375,0.06807555258274078,0.1942015439271927,0.007831651717424393
1780626359884098300,12.642098388671876,0.038879912346601486,0.355537086725235,0.031151873990893364
1780626359894093300,12.65209326171875,0.008687124587595463,0.38841408491134644,0.07190410047769547
1780626359904089300,12.66208935546875,-0.004316648002713919,0.2890893220901489,0.11535676568746567
1780626359914084400,12.67208447265625,-0.004492150153964758,0.09843599796295166,0.12988829612731934
1780626359924079400,12.682079345703125,0.004255279898643494,-0.10565096884965897,0.10705959796905518
1780626359934075400,12.692075439453125,0.012780058197677135,-0.23884232342243195,0.055720243602991104
1780626359944070400,12.7020703125,0.02994566783308983,-0.2637476325035095,0.017032502219080925
1780626359954065400,12.7120654296875,0.04173707962036133,-0.23363208770751953,0.029247622936964035
1780626359964061200,12.722061279296875,0.04056374356150627,-0.1484352946281433,0.06108713895082474
1780626359974056200,12.73205615234375,0.03374098986387253,-0.04821016639471054,0.07502399384975433
1780626359984051500,12.742051513671875,0.02167889103293419,0.02990480326116085,0.07486545294523239
1780626359994046500,12.75204638671875,0.0019363448955118656,0.0534474141895771,0.06454303860664368
1780626360004042500,12.76204248046875,-0.018562279641628265,0.020091179758310318,0.055344827473163605
1780626360014037200,12.772037353515625,-0.03862227499485016,-0.03942381218075752,0.047950826585292816
1780626360024032300,12.7820322265625,-0.05547872558236122,-0.10525359213352203,0.040248431265354156
1780626360034028300,12.7920283203125,-0.06521923840045929,-0.14039799571037292,0.04360002279281616
1780626360044023300,12.802023193359375,-0.07296999543905258,-0.13572072982788086,0.05899832770228386
1780626360054018300,12.812018310546875,-0.08329134434461594,-0.11190753430128098,0.06815826892852783
1780626360064014300,12.822014404296874,-0.08771780133247375,-0.09708773344755173,0.06877727806568146
1780626360074009300,12.83200927734375,-0.08160132169723511,-0.09055206924676895,0.0582873560488224
1780626360084004400,12.84200439453125,-0.06958469748497009,-0.11655376106500626,0.039806436747312546
1780626360094000400,12.85200048828125,-0.0497920885682106,-0.16104212403297424,0.01672668568789959
1780626360103995400,12.861995361328125,-0.027794335037469864,-0.20187586545944214,0.022198060527443886
1780626360113990400,12.871990478515626,-0.02469734475016594,-0.18888364732265472,0.05555255711078644
1780626360123986200,12.881986083984375,-0.04051174595952034,-0.1110926941037178,0.08400141447782516
1780626360133981400,12.8919814453125,-0.06096562370657921,-0.059287551790475845,0.07507077604532242
1780626360143976400,12.9019765625,-0.08342889696359634,-0.059123747050762177,0.047288231551647186
1780626360153971500,12.911971435546874,-0.10057805478572845,-0.0918116569519043,0.02570544369518757
1780626360163967500,12.921967529296875,-0.10470087081193924,-0.12585751712322235,0.027943121269345284
1780626360173962200,12.931962158203126,-0.1040787547826767,-0.1370324045419693,0.04141445457935333
1780626360183957200,12.941957275390624,-0.10339953005313873,-0.14594951272010803,0.041483696550130844
1780626360193953300,12.951953369140625,-0.09203901886940002,-0.1733798086643219,0.03382178395986557
1780626360203948300,12.9619482421875,-0.07399318367242813,-0.17705166339874268,0.023049915209412575
1780626360213943300,12.971943359375,-0.05919932574033737,-0.13169163465499878,0.014583993703126907
1780626360223939300,12.981939208984375,-0.05205351114273071,-0.058494389057159424,0.02276850864291191
1780626360233934300,12.991934326171876,-0.052325956523418427,-0.005026638973504305,0.04555078595876694
1780626360243929300,13.001929443359375,-0.060001179575920105,0.031731750816106796,0.07206486165523529
1780626360253925400,13.01192529296875,-0.06768599897623062,0.04877438396215439,0.0815877914428711
1780626360263920400,13.02192041015625,-0.07351687550544739,0.04370462894439697,0.06181497499346733
1780626360273915400,13.031915283203125,-0.07303191721439362,0.02468300238251686,0.02253015711903572
1780626360283911400,13.041911376953125,-0.0678447037935257,-0.029358884319663048,-0.021166637539863586
1780626360293906400,13.051906494140624,-0.05818355828523636,-0.11906533688306808,-0.05566469207406044
1780626360303901400,13.0619013671875,-0.05332273244857788,-0.18093952536582947,-0.06029513105750084
1780626360313896400,13.071896484375,-0.05674729123711586,-0.18154698610305786,-0.028791265562176704
1780626360323892500,13.081892578125,-0.06728403270244598,-0.13422061502933502,0.0007917485199868679
1780626360333887200,13.09188720703125,-0.06977915018796921,-0.08097710460424423,0.005258402321487665
1780626360343882200,13.10188232421875,-0.06735356152057648,-0.0522940531373024,0.0029051443561911583
1780626360353879000,13.111879150390624,-0.06915944814682007,-0.05721583962440491,0.008861836977303028
1780626360363874000,13.1218740234375,-0.07869653403759003,-0.08147642016410828,0.01609347201883793
1780626360373869000,13.131869140625,-0.08482126891613007,-0.10367120802402496,0.009647557511925697
1780626360383865000,13.141864990234374,-0.08481636643409729,-0.12128248065710068,-0.016294559463858604
1780626360393860000,13.151860107421875,-0.08092442154884338,-0.1118873804807663,-0.04803171753883362
1780626360403855000,13.161855224609376,-0.08030885457992554,-0.0925743356347084,-0.06975210458040237
1780626360413851100,13.17185107421875,-0.08224417269229889,-0.08012325316667557,-0.0507589727640152
1780626360423846000,13.181845947265625,-0.08591202646493912,-0.0292446780949831,0.0045112078078091145
1780626360433841000,13.1918408203125,-0.08495888113975525,0.029449528083205223,0.04302690550684929
1780626360443837200,13.201837158203125,-0.07819013297557831,0.038184937089681625,0.03733573481440544
1780626360453832200,13.211832275390625,-0.06268680095672607,0.025246234610676765,0.015431234613060951
1780626360463827200,13.2218271484375,-0.04967553913593292,0.01224474236369133,-0.00518385274335742
1780626360473822200,13.231822265625,-0.04796818643808365,-0.009793448261916637,-0.01091311126947403
1780626360483818000,13.24181787109375,-0.048401325941085815,-0.042957331985235214,-0.007601290475577116
1780626360493813000,13.25181298828125,-0.039725277572870255,-0.03779452666640282,0.012583872303366661
1780626360503808000,13.26180810546875,-0.04060467332601547,0.03437315300107002,0.044155292212963104
1780626360513804000,13.271803955078125,-0.05465790629386902,0.12790176272392273,0.052408427000045776
1780626360523799000,13.281799072265626,-0.07614801079034805,0.18699638545513153,0.042464639991521835
1780626360533794000,13.2917939453125,-0.08581767976284027,0.20502865314483643,0.0349755622446537
1780626360543790000,13.3017900390625,-0.08404349535703659,0.18490566313266754,0.02944106049835682
1780626360553785000,13.31178515625,-0.08022531867027283,0.13774800300598145,0.022056646645069122
1780626360563780000,13.321780029296875,-0.07834204286336899,0.08790501207113266,0.015146724879741669
1780626360573776100,13.331776123046875,-0.08377488702535629,0.04906467720866203,0.009893106296658516
1780626360583771000,13.34177099609375,-0.09996452182531357,0.013870060443878174,0.003872847883030772
1780626360593766000,13.351765869140625,-0.12877139449119568,-0.018596535548567772,0.0006903703324496746
1780626360603761000,13.361760986328125,-0.1488618105649948,-0.02321256697177887,0.01033580768853426
1780626360613757200,13.371757080078124,-0.15402382612228394,0.010081207379698753,0.03780311718583107
1780626360623752200,13.381752197265625,-0.14560391008853912,0.04091579467058182,0.0626394972205162
1780626360633747200,13.391747314453125,-0.12873251736164093,0.06172626465559006,0.07054375857114792
1780626360643743000,13.401742919921874,-0.10498779267072678,0.0876094177365303,0.06231175363063812
1780626360653738000,13.411738037109375,-0.08054902404546738,0.12798266112804413,0.058175597339868546
1780626360663733000,13.42173291015625,-0.06931163370609283,0.14984871447086334,0.06575920432806015
1780626360673729000,13.43172900390625,-0.08153341710567474,0.13200260698795319,0.07315932959318161
1780626360683724300,13.441724365234375,-0.10734216868877411,0.10743153095245361,0.08803017437458038
1780626360693719000,13.451718994140625,-0.12303964048624039,0.08926078677177429,0.10193027555942535
1780626360703715000,13.461715087890624,-0.12629027664661407,0.07990536093711853,0.11160509288311005
1780626360713710000,13.4717099609375,-0.11164075881242752,0.05927518010139465,0.1159263327717781
1780626360723705000,13.481705078125,-0.0866577997803688,0.02356892079114914,0.1137881651520729
1780626360733700000,13.4917001953125,-0.06863672286272049,-0.016787290573120117,0.09245944023132324
1780626360743696000,13.50169580078125,-0.06548856943845749,-0.05289536342024803,0.056293729692697525
1780626360753691000,13.51169091796875,-0.07651405781507492,-0.0934813991189003,0.02161244861781597
1780626360763686000,13.521685791015624,-0.08628992736339569,-0.1462959349155426,0.003844086080789566
1780626360773682200,13.53168212890625,-0.09578649699687958,-0.185027614235878,-0.0007823572959750891
1780626360783677200,13.54167724609375,-0.10262282192707062,-0.19555391371250153,0.003682343289256096
1780626360793672200,13.551672119140624,-0.11285148561000824,-0.16770736873149872,0.013304343447089195
1780626360803668000,13.56166796875,-0.11906824260950089,-0.09756360948085785,0.030171388760209084
1780626360813663000,13.5716630859375,-0.12113139033317566,-0.02781941555440426,0.035059887915849686
1780626360823658000,13.581657958984374,-0.12294746190309525,0.00508197583258152,0.015448023565113544
1780626360833654300,13.591654296875,-0.1192920058965683,0.006009554956108332,-0.016904324293136597
1780626360843649000,13.60164892578125,-0.10609787702560425,-0.023127062246203423,-0.04330416023731232
1780626360853644000,13.61164404296875,-0.09274105727672577,-0.07933653891086578,-0.06047036498785019
1780626360863639000,13.62163916015625,-0.08060357719659805,-0.10848288238048553,-0.059518635272979736
1780626360873635000,13.631635009765626,-0.07605089992284775,-0.07308920472860336,-0.052100930362939835
1780626360883630000,13.641630126953125,-0.07977809011936188,-0.001277973293326795,-0.04939010739326477
1780626360893625000,13.651625,-0.08222899585962296,0.04417712613940239,-0.057615015655756
1780626360903620900,13.661620849609376,-0.08214371651411057,0.02113092876970768,-0.054006144404411316
1780626360913616000,13.671615966796875,-0.0851413682103157,-0.07470105588436127,-0.03831666335463524
1780626360923611100,13.681611083984375,-0.08418718725442886,-0.18605221807956696,-0.0365091934800148
1780626360933607200,13.691607177734374,-0.07647334039211273,-0.2254749834537506,-0.0574277900159359
1780626360943602200,13.701602294921875,-0.06539462506771088,-0.18463125824928284,-0.08626288175582886
1780626360953597200,13.71159716796875,-0.05835588648915291,-0.08190488070249557,-0.10328341275453568
1780626360963593000,13.721593017578124,-0.05968870967626572,0.03898566588759422,-0.08944324404001236
1780626360973588000,13.731587890625,-0.06024184823036194,0.11257706582546234,-0.06237141415476799
1780626360983583000,13.7415830078125,-0.057555362582206726,0.1197238489985466,-0.04205131158232689
1780626360993578000,13.751577880859376,-0.051233015954494476,0.07374490052461624,-0.03147110342979431
1780626361003574000,13.761573974609375,-0.04585832357406616,-0.004572755191475153,-0.03954971954226494
1780626361013569000,13.771569091796875,-0.04098740220069885,-0.08903677016496658,-0.05958201736211777
1780626361023564000,13.78156396484375,-0.030997201800346375,-0.1411750167608261,-0.08223780244588852
1780626361033560000,13.79156005859375,-0.028654418885707855,-0.12523600459098816,-0.0927913710474968
1780626361043555000,13.80155517578125,-0.02839633822441101,-0.06113026291131973,-0.08598264306783676
1780626361053550000,13.811550048828124,-0.034261152148246765,0.026689870283007622,-0.07185963541269302
1780626361063545900,13.8215458984375,-0.037885721772909164,0.06870082765817642,-0.05556420236825943
1780626361073541000,13.831541015625,-0.046327143907547,0.03350076079368591,-0.04276478290557861
1780626361083536100,13.8415361328125,-0.048807404935359955,-0.03414534032344818,-0.03689436614513397
1780626361093532200,13.8515322265625,-0.040163323283195496,-0.10408634692430496,-0.04561914876103401
1780626361103527200,13.861527099609376,-0.03058496303856373,-0.1506310999393463,-0.06725254654884338
1780626361113522200,13.871522216796874,-0.02770901657640934,-0.1549033522605896,-0.08174972981214523
1780626361123517000,13.881516845703125,-0.03299582377076149,-0.12598811089992523,-0.08018787205219269
1780626361133513000,13.891512939453126,-0.03967050462961197,-0.05742902681231499,-0.06301048398017883
1780626361143508000,13.901508056640624,-0.046231597661972046,0.050496578216552734,-0.040208134800195694
1780626361153503000,13.9115029296875,-0.049792781472206116,0.11882929503917694,-0.02766065113246441
1780626361163499000,13.9214990234375,-0.04025132209062576,0.1356125921010971,-0.03729544207453728
1780626361173494000,13.931493896484374,-0.026318196207284927,0.12001711875200272,-0.06065749004483223
1780626361183489000,13.941489013671875,-0.025523191317915916,0.06369934976100922,-0.06313680857419968
1780626361193485000,13.951485107421876,-0.030273739248514175,-0.04024702310562134,-0.03807912766933441
1780626361203480000,13.96147998046875,-0.033399295061826706,-0.14348214864730835,-0.014093538746237755
1780626361213475000,13.97147509765625,-0.036512795835733414,-0.19067202508449554,-0.012996849603950977
1780626361223471000,13.98147119140625,-0.04027969390153885,-0.17644427716732025,-0.030863439664244652
1780626361233466000,13.991466064453125,-0.05335341766476631,-0.1346299946308136,-0.0430854856967926
1780626361243461000,14.001461181640625,-0.06899769604206085,-0.08976157754659653,-0.036777108907699585
1780626361253456100,14.0114560546875,-0.08000773936510086,-0.05347893759608269,-0.010405155830085278
1780626361263452200,14.0214521484375,-0.07288345694541931,-0.02112848311662674,0.024292105808854103
1780626361273447000,14.031447021484375,-0.06078258529305458,0.0027502195443958044,0.06044904142618179
1780626361283442000,14.04144189453125,-0.04614953324198723,0.04240214824676514,0.0861252099275589
1780626361293438000,14.05143798828125,-0.03528117388486862,0.07446260750293732,0.09676587581634521
1780626361303433000,14.061432861328125,-0.033313095569610596,0.08309764415025711,0.09079772979021072
1780626361313428200,14.07142822265625,-0.0407574325799942,0.06088688224554062,0.06551900506019592
1780626361323424000,14.081424072265625,-0.04426124319434166,0.022113192826509476,0.049851976335048676
1780626361333419000,14.0914189453125,-0.04210967570543289,-0.017959924414753914,0.04952733963727951
1780626361343414000,14.1014140625,-0.03848052769899368,-0.06961222738027573,0.042937882244586945
1780626361353408000,14.111407958984374,-0.03769009932875633,-0.1087106242775917,0.02947480045258999
1780626361363404300,14.121404296875,-0.03979657217860222,-0.10236316919326782,0.017286306247115135
1780626361373399300,14.1313994140625,-0.04474419355392456,-0.06729865819215775,0.005838175769895315
1780626361383394300,14.141394287109375,-0.050823863595724106,-0.04085163027048111,0.00021118507720530033
1780626361393390000,14.15139013671875,-0.06929128617048264,-0.014873559586703777,0.006255229469388723
1780626361403385000,14.161385009765626,-0.0935937687754631,0.017492812126874924,0.025401856750249863
1780626361413380000,14.171380126953125,-0.10711197555065155,0.045838966965675354,0.042259398847818375
1780626361423376100,14.181376220703125,-0.10527513176202774,0.057985614985227585,0.044859714806079865
1780626361433371100,14.19137109375,-0.10133977979421616,0.04740647226572037,0.03297056630253792
1780626361443366400,14.201366455078125,-0.09527210891246796,0.02321515418589115,0.018220286816358566
1780626361453362200,14.211362060546875,-0.08108465373516083,0.017840363085269928,0.011559988372027874
1780626361463357200,14.221357177734374,-0.06431785225868225,0.04093751683831215,0.012241126969456673
1780626361473352200,14.231352294921875,-0.05452034994959831,0.04147840291261673,0.009120434522628784
1780626361483347200,14.24134716796875,-0.05389416217803955,0.001084607094526291,0.0004791014362126589
1780626361493343200,14.25134326171875,-0.06861638277769089,-0.034261662513017654,0.00667760893702507
1780626361503338000,14.261337890625,-0.08090246468782425,-0.056637492030858994,0.014474540948867798
1780626361513333000,14.2713330078125,-0.07876234501600266,-0.04993325099349022,0.010206559672951698
1780626361523329300,14.281329345703124,-0.06824769824743271,-0.0041345637291669846,-0.004901702515780926
1780626361533324300,14.29132421875,-0.06627456098794937,0.054768968373537064,-0.018094468861818314
1780626361543319300,14.3013193359375,-0.07117126137018204,0.08991000801324844,-0.019435299560427666
1780626361553315000,14.311315185546874,-0.08057408779859543,0.084860660135746,-0.011077500879764557
1780626361563310000,14.32131005859375,-0.08898425847291946,0.0459146723151207,-0.0026733719278126955
1780626361573305000,14.33130517578125,-0.09744911640882492,0.00871563795953989,0.0026699944864958525
1780626361583300000,14.341300048828124,-0.09668024629354477,-0.0009369985200464725,-0.003149455413222313
1780626361593296400,14.35129638671875,-0.09269562363624573,-0.01732928864657879,-0.02022937312722206
1780626361603291400,14.36129150390625,-0.08918102085590363,-0.03869090601801872,-0.03533081337809563
1780626361613286100,14.3712861328125,-0.08050950616598129,-0.045200470834970474,-0.04360445588827133
1780626361623282200,14.3812822265625,-0.08000548183917999,-0.057709015905857086,-0.04163318872451782
1780626361633277200,14.391277099609376,-0.07974129170179367,-0.054140377789735794,-0.03285381197929382
1780626361643272200,14.401272216796874,-0.07538828253746033,-0.005035988055169582,-0.01790885627269745
1780626361653268200,14.411268310546875,-0.07206092774868011,0.07352700084447861,-0.01307495404034853
1780626361663263000,14.421262939453126,-0.06929038465023041,0.1396830826997757,-0.017577555030584335
1780626361673258000,14.431258056640624,-0.0676456168293953,0.17011289298534393,-0.0242205448448658
1780626361683253200,14.441253173828125,-0.0769336074590683,0.1718485802412033,-0.03125813975930214
1780626361693249300,14.451249267578126,-0.08763737976551056,0.15401418507099152,-0.03456338867545128
1780626361703244300,14.461244384765624,-0.08613059669733047,0.09702562540769577,-0.03706567734479904
1780626361713239300,14.4712392578125,-0.06784852594137192,0.018524961546063423,-0.03912270441651344
1780626361723235000,14.481235107421876,-0.04416938126087189,-0.0378691740334034,-0.03842497989535332
1780626361733230000,14.49122998046875,-0.0343223474919796,-0.05294106900691986,-0.04133261740207672
1780626361743225000,14.50122509765625,-0.034210752695798874,-0.026941020041704178,-0.047441449016332626
1780626361753221400,14.511221435546876,-0.03476575389504433,0.04109182581305504,-0.05210784077644348
1780626361763216400,14.52121630859375,-0.044318199157714844,0.139304518699646,-0.048448845744132996
1780626361773211100,14.531211181640625,-0.05819353461265564,0.22384123504161835,-0.030946552753448486
1780626361783206100,14.5412060546875,-0.06081745773553848,0.2435135841369629,-0.026349913328886032
1780626361793202200,14.5512021484375,-0.05532921478152275,0.19057287275791168,-0.036178842186927795
1780626361803197200,14.561197265625,-0.05060483515262604,0.132416769862175,-0.03745655715465546
1780626361813192200,14.571192138671876,-0.04874594509601593,0.10070943832397461,-0.03557663410902023
1780626361823188000,14.58118798828125,-0.04281563311815262,0.08641400188207626,-0.028940731659531593
1780626361833183200,14.591183349609375,-0.03429111838340759,0.0728345438838005,-0.021559247747063637
1780626361843178200,14.60117822265625,-0.03654491528868675,0.055702146142721176,-0.01264733076095581
1780626361853174300,14.61117431640625,-0.04749476909637451,0.04680745303630829,-0.009376969188451767
1780626361863169300,14.621169189453125,-0.06251399964094162,0.051870811730623245,-0.01717783324420452
1780626361873164300,14.631164306640626,-0.07600636780261993,0.048201777040958405,-0.022361677139997482
1780626361883159000,14.641158935546875,-0.07170207053422928,0.010776732116937637,-0.015617640689015388
1780626361893155000,14.651155029296875,-0.05273370072245598,-0.013045243918895721,-0.008432431146502495
1780626361903150000,14.661150146484376,-0.03877859190106392,0.0061717769131064415,-0.009381252340972424
1780626361913145000,14.67114501953125,-0.0351918488740921,0.09218575805425644,-0.020834175869822502
1780626361923141000,14.68114111328125,-0.042659856379032135,0.1852511167526245,-0.03286951780319214
1780626361933136100,14.69113623046875,-0.046868450939655304,0.22772666811943054,-0.033935315907001495
1780626361943131100,14.701131103515625,-0.041099511086940765,0.22141844034194946,-0.018387513235211372
1780626361953127200,14.711127197265625,-0.03853195533156395,0.17585228383541107,0.00449117086827755
1780626361963122200,14.7211220703125,-0.04024234041571617,0.10886264592409134,0.024042317643761635
1780626361973117200,14.7311171875,-0.03614426776766777,0.030603524297475815,0.026560069993138313
1780626361983112200,14.7411123046875,-0.038923293352127075,-0.03918193653225899,0.014145121909677982
1780626361993108200,14.751108154296874,-0.045850709080696106,-0.06930574774742126,-0.0003464692272245884
1780626362003103200,14.761103271484375,-0.05474020168185234,-0.06772975623607635,-0.009670363739132881
1780626362013098200,14.77109814453125,-0.05876077711582184,-0.038851238787174225,-0.015843572095036507
1780626362023094300,14.78109423828125,-0.06141108274459839,0.0321362130343914,-0.02683294005692005
1780626362033089300,14.79108935546875,-0.06570623070001602,0.08654112368822098,-0.03188442438840866
1780626362043084000,14.801083984375,-0.0651283860206604,0.095926932990551,-0.02352876029908657
1780626362053080000,14.811080078125,-0.06077171862125397,0.07705550640821457,-0.013308081775903702
1780626362063075000,14.821074951171875,-0.05952272564172745,0.06867389380931854,-0.007816627621650696
1780626362073070300,14.8310703125,-0.059562407433986664,0.05846573784947395,-0.017459135502576828
1780626362083065300,14.8410654296875,-0.05406521260738373,0.03769871965050697,-0.03555842861533165
1780626362093061000,14.85106103515625,-0.05640905722975731,0.032826732844114304,-0.04944654554128647
1780626362103056100,14.86105615234375,-0.0664229616522789,0.036140311509370804,-0.05894409865140915
1780626362113051100,14.871051025390624,-0.07596374303102493,0.009555038996040821,-0.06576365232467651
1780626362123047200,14.881047119140625,-0.08605478703975677,-0.024296624585986137,-0.06253799796104431
1780626362133042200,14.891042236328126,-0.08913979679346085,-0.008286232128739357,-0.05658423528075218
1780626362143037200,14.901037109375,-0.088646300137043,0.04508763179183006,-0.050014860928058624
1780626362153033200,14.911033203125,-0.083416648209095,0.12296032905578613,-0.03887512534856796
1780626362163028200,14.9210283203125,-0.0852011889219284,0.2060452103614807,-0.02767162397503853
1780626362173023200,14.931023193359374,-0.09168731421232224,0.22425590455532074,-0.021102670580148697
1780626362183018200,14.941018310546875,-0.09587432444095612,0.15028247237205505,-0.016748514026403427
1780626362193014300,14.95101416015625,-0.09671641141176224,0.034682366997003555,-0.02945631928741932
1780626362203009000,14.961009033203124,-0.1040959432721138,-0.08653345704078674,-0.05283462628722191
1780626362213004000,14.971004150390625,-0.10697029531002045,-0.15360409021377563,-0.07742172479629517
1780626362223000300,14.981000244140626,-0.11133246123790741,-0.1449107825756073,-0.09958143532276154
1780626362232995300,14.990995361328125,-0.11960503458976746,-0.084073007106781,-0.1041993573307991
1780626362242990300,15.000990234375,-0.12839147448539734,0.023151395842432976,-0.07067760825157166
1780626362252986000,15.010986083984376,-0.1358339488506317,0.12830178439617157,-0.0334751158952713
1780626362262981000,15.020981201171875,-0.13301865756511688,0.17332327365875244,-0.025720426812767982
1780626362272976100,15.03097607421875,-0.11113092303276062,0.12782689929008484,-0.04632503539323807
1780626362282971100,15.04097119140625,-0.1002836599946022,0.012309123761951923,-0.06952463835477829
1780626362292967200,15.05096728515625,-0.11518511176109314,-0.06492121517658234,-0.07742277532815933
1780626362302962200,15.060962158203125,-0.13230322301387787,-0.06532729417085648,-0.07388797402381897
1780626362312957200,15.070957275390626,-0.15121379494667053,-0.03659924119710922,-0.06831051409244537
1780626362322953200,15.080953125,-0.16927514970302582,-0.039962783455848694,-0.07419169694185257
1780626362332948200,15.0909482421875,-0.17322221398353577,-0.07534660398960114,-0.07418104261159897
1780626362342943200,15.100943115234376,-0.16851980984210968,-0.1222759261727333,-0.0740683302283287
1780626362352938200,15.110938232421875,-0.17238059639930725,-0.1538141518831253,-0.0846722424030304
1780626362362934000,15.12093408203125,-0.17446692287921906,-0.151056170463562,-0.11556916683912277
1780626362372929000,15.130928955078126,-0.17561979591846466,-0.10526552051305771,-0.14004015922546387
1780626362382924000,15.140924072265625,-0.17076987028121948,-0.06745465099811554,-0.14887459576129913
1780626362392920300,15.15092041015625,-0.17312917113304138,-0.05354949086904526,-0.13842488825321198
1780626362402915300,15.160915283203124,-0.1772555708885193,-0.022207757458090782,-0.11212990432977676
1780626362412910300,15.170910400390625,-0.1696069836616516,0.02943466417491436,-0.09166910499334335
1780626362422906000,15.180906005859375,-0.1423603892326355,0.09837362170219421,-0.07678449153900146
1780626362432901000,15.190901123046874,-0.11892803013324738,0.16296353936195374,-0.061881173402071
1780626362442896100,15.200896240234375,-0.1081853061914444,0.1490572839975357,-0.04303237795829773
1780626362452891100,15.21089111328125,-0.10166110098361969,0.035680390894412994,-0.02828778699040413
1780626362462887200,15.22088720703125,-0.09380418807268143,-0.12946079671382904,-0.030813461169600487
1780626362472882200,15.230882080078125,-0.08445649594068527,-0.23374059796333313,-0.03819281607866287
1780626362482877200,15.240877197265625,-0.08292669802904129,-0.2260587364435196,-0.04513850808143616
1780626362492873200,15.250873291015624,-0.09078408777713776,-0.15548443794250488,-0.053315211087465286
1780626362502868200,15.2608681640625,-0.10989455878734589,-0.12371538579463959,-0.04484035447239876
1780626362512863200,15.27086328125,-0.13457007706165314,-0.10047797858715057,-0.0195832010358572
1780626362522859000,15.28085888671875,-0.15383605659008026,-0.07197794318199158,0.0058637140318751335
1780626362532854000,15.29085400390625,-0.15220940113067627,-0.04805184155702591,0.040920499712228775
1780626362542849300,15.300849365234376,-0.1423242688179016,-0.035309821367263794,0.07101862877607346
1780626362552844300,15.31084423828125,-0.12687073647975922,-0.10836298763751984,0.07944300770759583
1780626362562840300,15.32084033203125,-0.10493547469377518,-0.2120995670557022,0.09113998711109161
1780626362572835300,15.33083544921875,-0.09387962520122528,-0.26207059621810913,0.10544408857822418
1780626362582830000,15.340830078125,-0.09243054687976837,-0.28120091557502747,0.09100337326526642
1780626362592826000,15.350826171875,-0.08941744267940521,-0.3292243778705597,0.03796971216797829
1780626362602821000,15.360821044921876,-0.08285827189683914,-0.40598639845848083,-0.005471880082041025
1780626362612816100,15.370816162109374,-0.08478373289108276,-0.43327823281288147,-0.012977467849850655
1780626362622811100,15.38081103515625,-0.09351702779531479,-0.3558844029903412,0.024632316082715988
1780626362632807200,15.39080712890625,-0.1016111746430397,-0.19569045305252075,0.08014217764139175
1780626362642802200,15.40080224609375,-0.11171866953372955,-0.04096638411283493,0.09930974990129471
1780626362652797200,15.410797119140625,-0.11262254416942596,0.014518977142870426,0.08340667933225632
1780626362662793200,15.420793212890626,-0.10516522079706192,-0.056877147406339645,0.05134434998035431
1780626362672788200,15.430788330078125,-0.09874966740608215,-0.18066751956939697,0.0166204571723938
1780626362682783200,15.440783203125,-0.09405596554279327,-0.26786962151527405,0.00314629590138793
1780626362692779000,15.450779052734376,-0.0899088904261589,-0.30321934819221497,-0.0020961365662515163
1780626362702774300,15.460774169921875,-0.08461162447929382,-0.2837059497833252,0.011038282886147499
1780626362712769300,15.470769287109375,-0.06646031886339188,-0.23383639752864838,0.021383065730333328
1780626362722764300,15.480764404296876,-0.05260273814201355,-0.1985129565000534,-0.0006543374620378017
1780626362732760000,15.490760009765625,-0.036273833364248276,-0.1761820763349533,-0.031544074416160583
1780626362742755000,15.500755126953125,-0.023241562768816948,-0.12884043157100677,-0.043623145669698715
1780626362752750000,15.51075,-0.02620246447622776,-0.11659601330757141,-0.06194622814655304
1780626362762746000,15.52074609375,-0.02475692704319954,-0.15370355546474457,-0.06075688824057579
1780626362772741000,15.5307412109375,-0.03223668038845062,-0.16551919281482697,-0.013772336766123772
1780626362782736400,15.540736328125,-0.0446905642747879,-0.1830359399318695,0.024175819009542465
1780626362792731400,15.5507314453125,-0.05080571398139,-0.18775667250156403,0.022013332694768906
1780626362802727200,15.56072705078125,-0.04108872264623642,-0.16514478623867035,-0.008763015270233154
1780626362812722200,15.57072216796875,-0.030284546315670013,-0.14875996112823486,-0.04494205862283707
1780626362822717200,15.58071728515625,-0.02234797552227974,-0.13793250918388367,-0.06395325809717178
1780626362832713200,15.590713134765625,-0.013965142890810966,-0.11528551578521729,-0.07146310806274414
1780626362842708200,15.600708251953124,-0.006325091701000929,-0.10216984152793884,-0.061838746070861816
1780626362852703000,15.610702880859375,-0.00466274656355381,-0.07321514934301376,-0.04837913066148758
1780626362862699300,15.62069921875,-0.010954256169497967,-0.04075012728571892,-0.05165348947048187
1780626362872694300,15.6306943359375,-0.012310071848332882,-0.04634755849838257,-0.03580448403954506
1780626362882689300,15.640689208984375,0.009302448481321335,-0.10161183029413223,0.00894841831177473
1780626362892684300,15.650684326171875,0.039752766489982605,-0.14821183681488037,0.041200630366802216
1780626362902680000,15.66068017578125,0.0693473368883133,-0.1280515193939209,0.018667465075850487
1780626362912675000,15.670675048828125,0.0722174271941185,-0.024355756118893623,-0.029705127701163292
1780626362922670000,15.680670166015625,0.04726073518395424,0.06624948233366013,-0.07190903276205063
1780626362932666400,15.690666259765624,0.01789725385606289,0.11264973878860474,-0.07390054315328598
1780626362942661400,15.700661376953125,-0.0011914074420928955,0.11209868639707565,-0.05842721834778786
1780626362952656400,15.710656494140625,-0.019492650404572487,0.07980360090732574,-0.043065037578344345
1780626362962651100,15.720651123046874,-0.048192910850048065,0.05994822829961777,-0.03662606701254845
1780626362972647200,15.730647216796875,-0.0711837187409401,0.07577912509441376,-0.04398864135146141
1780626362982642200,15.74064208984375,-0.09252718091011047,0.13443170487880707,-0.05795849859714508
1780626362992637200,15.75063720703125,-0.10572341084480286,0.17998427152633667,-0.05590387061238289
1780626363002633200,15.76063330078125,-0.10034558922052383,0.14821963012218475,-0.0455104298889637
1780626363012628000,15.7706279296875,-0.09726510941982269,0.1169637069106102,-0.03821150213479996
1780626363022623200,15.780623291015624,-0.08963070809841156,0.1692531853914261,-0.04206966236233711
1780626363032618200,15.7906181640625,-0.06540020555257797,0.24474048614501953,-0.0681915432214737
1780626363042614300,15.8006142578125,-0.033252522349357605,0.2344054877758026,-0.06638927757740021
1780626363052609300,15.810609375,-0.0076797837391495705,0.14404816925525665,-0.02057012915611267
1780626363062604300,15.820604248046875,0.01142676081508398,0.034745123237371445,0.011823583394289017
1780626363072600000,15.83060009765625,0.020431973040103912,-0.04319574683904648,-0.0018994197016581893
1780626363082595000,15.840594970703124,0.018227335065603256,-0.06226034834980965,-0.03512011468410492
1780626363092590000,15.850590087890625,0.013576658442616463,-0.02840384654700756,-0.03518589213490486
1780626363102585000,15.860585205078126,0.006754704285413027,0.0246798787266016,-0.0068171024322509766
1780626363112581400,15.870581298828125,-0.0024678220506757498,0.022728847339749336,0.011663904413580894
1780626363122576100,15.880576171875,-0.0052954936400055885,-0.00685744546353817,0.017846588045358658
1780626363132571100,15.890571044921876,-0.007266499102115631,-0.06440062820911407,0.04554958641529083
1780626363142567200,15.900567138671875,-0.0134957954287529,-0.1639147698879242,0.0944879800081253
1780626363152562200,15.910562255859375,-0.016356296837329865,-0.2447078973054886,0.12815938889980316
1780626363162557200,15.92055712890625,-0.005144836846739054,-0.25769442319869995,0.12013823539018631
1780626363172553200,15.93055322265625,0.006625802256166935,-0.24124941229820251,0.08988286554813385
1780626363182548200,15.94054833984375,0.002962605096399784,-0.24932916462421417,0.07165370881557465
1780626363192543200,15.950543212890626,-0.019378386437892914,-0.2506599426269531,0.08973550796508789
1780626363202538200,15.960538330078125,-0.048446010798215866,-0.20849089324474335,0.11111607402563095
1780626363212534300,15.9705341796875,-0.0650968924164772,-0.15311606228351593,0.10768511891365051
1780626363222529300,15.980529296875,-0.05975126102566719,-0.1246165782213211,0.08345045894384384
1780626363232524000,15.99052392578125,-0.03954239562153816,-0.1065523624420166,0.0624128133058548
1780626363242520000,16.00052001953125,-0.025502072647213936,-0.04061681404709816,0.05473848804831505
1780626363252515000,16.01051513671875,-0.016537606716156006,0.017183898016810417,0.04080269858241081
1780626363262510300,16.02051025390625,-0.0014853619504719973,0.057475898414850235,0.024934792891144753
1780626363272505300,16.03050537109375,0.003842291422188282,0.08588197082281113,0.01673625037074089
1780626363282501000,16.040501220703124,0.0034069176763296127,0.0735740140080452,0.0029672407545149326
1780626363292496100,16.05049609375,0.0021997070871293545,0.0487874411046505,-0.012313177809119225
1780626363302491100,16.0604912109375,0.0007692500948905945,0.07707038521766663,0.037419334053993225
1780626363312487200,16.070487060546874,-0.007530491333454847,0.01764620468020439,0.08666917681694031
1780626363322482200,16.080482177734375,-0.0003786361776292324,-0.12644343078136444,0.07790157198905945
1780626363332477200,16.090477294921875,0.0028475169092416763,-0.19372926652431488,0.0425233393907547
1780626363342472200,16.10047216796875,-0.011371510103344917,-0.15652084350585938,0.007049985229969025
1780626363352468500,16.110468505859377,-0.02240551821887493,-0.07998770475387573,-0.007174490951001644
1780626363362463500,16.12046337890625,-0.014087285846471786,0.01086118072271347,-0.007824020460247993
1780626363372458500,16.13045849609375,0.005480289924889803,0.12729057669639587,-0.0169362910091877
1780626363382454500,16.14045458984375,0.021544115617871284,0.1951088309288025,-0.043578214943408966
1780626363392449500,16.150449462890624,0.0345267578959465,0.1899614781141281,-0.05087820440530777
1780626363402444500,16.160444580078124,0.03971284627914429,0.1471126228570938,-0.042916350066661835
1780626363412439600,16.170439453125,0.037955693900585175,0.11166461557149887,-0.04212699085474014
1780626363422435600,16.180435546875,0.02891385555267334,0.1316719353199005,-0.05837690085172653
1780626363432430600,16.1904306640625,0.02254251018166542,0.1861298531293869,-0.07124609500169754
1780626363442425600,16.200425537109375,0.01459717657417059,0.1767297238111496,-0.07637135684490204
1780626363452421600,16.210421630859376,-0.00050374586135149,0.07622603327035904,-0.07327330112457275
1780626363462416600,16.220416748046876,-0.017773468047380447,-0.03248371183872223,-0.05277804657816887
1780626363472411600,16.23041162109375,-0.03499693050980568,-0.06376839429140091,-0.0311204232275486
1780626363482406700,16.24040673828125,-0.04507061094045639,-0.03258410841226578,-0.014277723617851734
1780626363492402400,16.25040234375,-0.05055060237646103,0.02654658630490303,-0.007930878549814224
1780626363502397400,16.2603974609375,-0.048633985221385956,0.056707318872213364,-0.022930292412638664
1780626363512392400,16.270392333984375,-0.02976096235215664,0.0673234835267067,-0.032256148755550385
1780626363522388500,16.280388427734376,0.0051713972352445126,0.09651201963424683,-0.02080429717898369
1780626363532383500,16.290383544921873,0.014011228457093239,0.09630616009235382,-0.009090117178857327
1780626363542378800,16.300378662109374,0.01655440405011177,0.0087205795571208,-0.014728067442774773
1780626363552374500,16.31037451171875,0.01673363521695137,-0.05297420918941498,-0.032640490680933
1780626363562369500,16.32036962890625,0.007342711556702852,-0.09580391645431519,-0.03809255734086037
1780626363572364500,16.330364501953124,0.005417246837168932,-0.1271117776632309,-0.0221032053232193
1780626363582359600,16.340359619140624,0.017405522987246513,-0.12286245822906494,0.020967306569218636
1780626363592355600,16.35035546875,0.016394587233662605,-0.08176642656326294,0.05470849201083183
1780626363602350600,16.3603505859375,0.004922833293676376,-0.03027983382344246,0.03242352604866028
1780626363612345300,16.370345458984374,-0.002085807966068387,-0.0032495486084371805,-0.021768074482679367
1780626363622340400,16.38034033203125,-0.004000795539468527,-0.000466192199382931,-0.03442183881998062
1780626363632336600,16.390336669921876,-0.00249211466871202,0.02505115047097206,0.005818790756165981
1780626363642331600,16.40033154296875,0.0008439496159553528,0.04029884934425354,0.040106359869241714
1780626363652326700,16.41032666015625,0.005576919764280319,0.017111508175730705,0.033014364540576935
1780626363662322400,16.420322509765626,0.012524307705461979,-0.028322817757725716,-0.0020394958555698395
1780626363672317400,16.4303173828125,0.00895327515900135,-0.034714408218860626,-0.02298286184668541
1780626363682312400,16.4403125,0.006588374264538288,-0.04031116142868996,-0.022161155939102173
1780626363692308700,16.450308837890624,0.007072802633047104,-0.03412410616874695,0.004712535534054041
1780626363702303700,16.4603037109375,0.008669381961226463,0.015225457027554512,0.03491852432489395
1780626363712298800,16.470298828125,0.010337320156395435,0.07193081825971603,0.05589943751692772
1780626363722293500,16.48029345703125,0.015793686732649803,0.06537366658449173,0.06972289085388184
1780626363732289500,16.49028955078125,0.01758386380970478,-0.01892629638314247,0.06671245396137238
1780626363742284500,16.500284423828123,0.013954080641269684,-0.08155031502246857,0.04853889346122742
1780626363752279600,16.510279541015624,0.0045083812437951565,-0.05423826724290848,0.018574072048068047
1780626363762275600,16.520275634765625,-0.001996902283281088,0.013139165006577969,-0.004914650693535805
1780626363772270300,16.530270263671873,-0.0030328717548400164,0.05788639560341835,-0.009202074259519577
1780626363782265600,16.540265625,0.0006796377710998058,0.09037067741155624,-0.019232120364904404
1780626363792260600,16.550260498046875,0.007634216453880072,0.10759253799915314,-0.03782764449715614
1780626363802256600,16.560256591796875,0.008723665028810501,0.11012868583202362,-0.030756212770938873
1780626363812251600,16.570251708984376,0.0024950639344751835,0.10517892986536026,-0.0048433891497552395
1780626363822246700,16.58024658203125,-0.007123956922441721,0.03297422453761101,0.018116848543286324
1780626363832242400,16.590242431640625,-0.018927885219454765,-0.0038136160001158714,0.032984212040901184
1780626363842237400,16.600237548828126,-0.022894814610481262,0.007019797805696726,0.030516808852553368
1780626363852232400,16.610232421875,-0.023832514882087708,0.04608304426074028,0.012107710354030132
1780626363862227500,16.6202275390625,-0.023618418723344803,0.05005636066198349,-0.019234271720051765
1780626363872223500,16.630223388671876,-0.014753555878996849,0.018443839624524117,-0.028215782716870308
1780626363882218500,16.640218505859377,-0.013014506548643112,-0.006956728175282478,-0.019593851640820503
1780626363892213500,16.650213623046874,-0.014672057703137398,0.0034434490371495485,-0.01076494064182043
1780626363902208500,16.66020849609375,-0.016659541055560112,0.026454342529177666,-0.00314486981369555
1780626363912204500,16.67020458984375,-0.0104485172778368,0.0369005911052227,-0.00237654778175056
1780626363922199600,16.680199462890624,-0.0056372107937932014,0.08318790793418884,0.002818929497152567
1780626363932194600,16.690194580078124,-0.016407832503318787,0.1390807330608368,0.0072283255867660046
1780626363942190600,16.700190673828125,-0.02243528515100479,0.16596649587154388,0.009128542616963387
1780626363952185600,16.710185546875,-0.007788430899381638,0.13742193579673767,0.030639691278338432
1780626363962180600,16.7201806640625,0.012535933405160904,0.02800668030977249,0.042863283306360245
1780626363972176600,16.7301767578125,0.01479962095618248,-0.0804809182882309,0.045761335641145706
1780626363982171600,16.740171630859376,-0.0005894945934414864,-0.1111711636185646,0.043964583426713943
1780626363992166400,16.75016650390625,-0.007767246104776859,-0.14021746814250946,0.04057864099740982
1780626364002161400,16.760161376953125,-0.00412006163969636,-0.1691509634256363,0.036762725561857224
1780626364012157400,16.770157470703126,-0.0030641183257102966,-0.14485947787761688,0.03260179981589317
1780626364022152700,16.780152587890626,-0.000060949474573135376,-0.06294966489076614,0.020452093333005905
1780626364032147700,16.790147705078127,0.003048024605959654,0.02565370872616768,0.006720300763845444
1780626364042142700,16.800142822265624,0.010954339988529682,0.01714974269270897,-0.0005638101138174534
1780626364052138500,16.810138427734376,0.009122618474066257,-0.035404279828071594,0.03574146702885628
1780626364062133500,16.820133544921877,-0.0036488561891019344,-0.045189257711172104,0.07327570766210556
1780626364072128500,16.83012841796875,-0.006571942009031773,-0.031777042895555496,0.06692379713058472
1780626364082124500,16.84012451171875,-0.009616123512387276,-0.012813512235879898,0.04840773344039917
1780626364092119600,16.85011962890625,-0.013859070837497711,-0.01276850514113903,0.03629700839519501
1780626364102114600,16.860114501953124,-0.012905675917863846,-0.03348696231842041,0.050218548625707626
1780626364112109600,16.870109619140624,-0.021267203614115715,-0.02681148238480091,0.06467178463935852
1780626364122105600,16.880105712890625,-0.026763608679175377,0.0014436810743063688,0.06771282851696014
1780626364132100600,16.8901005859375,-0.01696823537349701,0.0358906053006649,0.06708778440952301
1780626364142095600,16.900095703125,-0.007683966308832169,0.05738832801580429,0.07496394962072372
1780626364152091400,16.91009130859375,-0.0009451033547520638,0.06107387691736221,0.07550297677516937
1780626364162086400,16.92008642578125,-0.007317699957638979,0.052770499140024185,0.06439284235239029
1780626364172081400,16.930081298828124,-0.02518751099705696,0.04413679614663124,0.0468258373439312
1780626364182076400,16.940076416015625,-0.04365937039256096,0.05085630342364311,0.021884772926568985
1780626364192072700,16.95007275390625,-0.04353766515851021,0.05588382109999657,-0.002124688820913434
1780626364202067700,16.960067626953126,-0.03611820936203003,0.07317058742046356,0.00007687998004257679
1780626364212062700,16.970062744140623,-0.03408568352460861,0.1250676065683365,0.057403020560741425
1780626364222058500,16.98005859375,-0.035978466272354126,0.19146624207496643,0.1254679411649704
1780626364232053500,16.990053466796876,-0.033070825040340424,0.15529438853263855,0.13193756341934204
1780626364242048500,17.000048583984373,-0.0168836060911417,0.08611545711755753,0.11004243046045303
1780626364252043500,17.01004345703125,-0.011059005744755268,0.022397462278604507,0.09017152339220047
1780626364262039600,17.02003955078125,-0.02382206916809082,-0.031832557171583176,0.06432484835386276
1780626364272034600,17.03003466796875,-0.02647644281387329,-0.056372255086898804,0.04932086914777756
1780626364282029600,17.040029541015624,-0.02240387722849846,-0.06914906203746796,0.043126095086336136
1780626364292025600,17.050025634765625,-0.024184200912714005,-0.08129973709583282,0.03673877194523811
1780626364302020600,17.0600205078125,-0.031720247119665146,-0.04912284389138222,0.01789192110300064
1780626364312015600,17.070015625,-0.02392144314944744,0.017336342483758926,0.008571390062570572
1780626364322010600,17.0800107421875,-0.013512613251805305,0.047765154391527176,0.010066647082567215
1780626364332006400,17.09000634765625,-0.0039950087666511536,0.03142053633928299,0.0023152497597038746
1780626364342001700,17.100001708984376,0.008544642478227615,0.0430159866809845,0.014740918762981892
1780626364351997000,17.109996826171876,0.010763855651021004,0.08575466275215149,0.04424581304192543
1780626364361993000,17.119992919921874,-0.0026257620193064213,0.08726989477872849,0.06117671728134155
1780626364371987700,17.12998779296875,-0.020083315670490265,0.05959778651595116,0.06913398206233978
1780626364381983000,17.13998291015625,-0.029034867882728577,-0.052817635238170624,0.0477667935192585
1780626364391978000,17.14997802734375,-0.02418019063770771,-0.16320407390594482,0.015140941366553307
1780626364401974000,17.15997412109375,-0.011798962950706482,-0.14632664620876312,-0.0026589767076075077
1780626364411969000,17.169968994140625,-0.0046225422993302345,-0.025132576003670692,-0.004773792810738087
1780626364421964000,17.179964111328125,0.015440260991454124,0.12089699506759644,0.0029544697608798742
1780626364431959800,17.189959716796874,0.03153987228870392,0.12412793934345245,-0.0010663708671927452
1780626364441954800,17.199954833984375,0.03003164939582348,-0.024657901376485825,0.0045998841524124146
1780626364451949800,17.20994970703125,0.02764252759516239,-0.1454881876707077,0.014877554029226303
1780626364461944800,17.21994482421875,0.020175671204924583,-0.15433178842067719,0.012569677084684372
1780626364471941000,17.229941162109377,0.006129094399511814,-0.08159074932336807,-0.0034961088094860315
1780626364481936000,17.239935791015625,0.00003292923793196678,0.030401257798075676,-0.009691054001450539
1780626364491931000,17.249930908203126,0.004795460030436516,0.1022309735417366,-0.008684645406901836
1780626364501926000,17.25992578125,0.014493759721517563,0.08101657032966614,0.005395112559199333
1780626364511922000,17.269921875,0.022585773840546608,0.0479893758893013,0.05319006368517876
1780626364521917000,17.2799169921875,0.022204523906111717,-0.0006575824809260666,0.07242156565189362
1780626364531912000,17.289911865234377,0.03232533484697342,-0.0672515258193016,0.032879218459129333
1780626364541908000,17.299907958984374,0.04055773466825485,-0.13487160205841064,-0.01148699689656496
1780626364551903000,17.309903076171874,0.03560798615217209,-0.16017642617225647,-0.020209116861224174
1780626364561898000,17.31989794921875,0.02828332595527172,-0.10116082429885864,-0.009680381044745445
1780626364571893000,17.32989306640625,0.02640739642083645,-0.0013807006180286407,0.00194937689229846
1780626364581889000,17.339888916015624,0.03480085730552673,0.028991736471652985,0.012930342927575111
1780626364591883800,17.3498837890625,0.02840367518365383,-0.037620048969984055,0.04866357147693634
1780626364601878800,17.359878662109374,0.00685227382928133,-0.12090346962213516,0.07202570885419846
1780626364611874800,17.369874755859374,-0.0006882008165121078,-0.15139666199684143,0.06023748591542244
1780626364621870000,17.3798701171875,-0.0019141077063977718,-0.12528181076049805,0.02466665394604206
1780626364631865000,17.389864990234376,0.007265276275575161,-0.06885235756635666,0.004274562932550907
1780626364641860000,17.399860107421876,0.020573943853378296,0.007310960441827774,0.011076334863901138
1780626364651856000,17.40985595703125,0.028504837304353714,0.09312226623296738,0.02815971150994301
1780626364661851000,17.419850830078126,0.03027489222586155,0.10580045729875565,0.03014245443046093
1780626364671846000,17.429845947265626,0.031837098300457,0.06393822282552719,0.014598913490772247
1780626364681842000,17.439842041015623,0.035590045154094696,-0.014365375973284245,0.00001260591670870781
1780626364691837000,17.4498369140625,0.030177971348166466,-0.03532871603965759,0.01965261995792389
1780626364701832000,17.45983203125,0.019133463501930237,0.025498870760202408,0.04538961127400398
1780626364711827000,17.469826904296873,0.014308348298072815,0.10463150590658188,0.029739277437329292
1780626364721823000,17.479822998046874,0.012433214113116264,0.17881052196025848,-0.007220556028187275
1780626364731818000,17.48981787109375,0.012325355783104897,0.20369456708431244,-0.016452137380838394
1780626364741813000,17.49981298828125,0.01828456111252308,0.17411239445209503,0.006792747415602207
1780626364751808000,17.50980810546875,0.01972639560699463,0.14038319885730743,0.03982127457857132
1780626364761803800,17.5198037109375,0.017038581892848015,0.13927100598812103,0.059632547199726105
1780626364771798800,17.529798828125,0.010054709389805794,0.16324371099472046,0.06040219962596893
1780626364781793800,17.539793701171874,0.00655573233962059,0.18459513783454895,0.04131343960762024
1780626364791790000,17.5497900390625,0.012112418189644814,0.15420126914978027,0.022110717371106148
1780626364801785000,17.55978515625,0.0167704988270998,0.10146603733301163,0.0165872685611248
1780626364811780000,17.569780029296876,0.011551236733794212,0.07862038165330887,0.016023743897676468
1780626364821774800,17.57977490234375,0.006392272654920816,0.09419143199920654,0.01738974079489708
1780626364831771000,17.58977099609375,0.002249725628644228,0.15820904076099396,0.027969148010015488
1780626364841766000,17.599765869140626,-0.011137375608086586,0.23008903861045837,0.03666606545448303
1780626364851761000,17.609760986328126,-0.012964569963514805,0.24542592465877533,0.04418417066335678
1780626364861757000,17.6197568359375,0.001168231014162302,0.2112707793712616,0.057365261018276215
1780626364871752000,17.629751953125,0.026144152507185936,0.1628158986568451,0.07064538449048996
1780626364881747000,17.639746826171876,0.033363763242959976,0.12431814521551132,0.08781438320875168
1780626364891742000,17.649741943359373,0.017510760575532913,0.10087833553552628,0.0830603688955307
1780626364901738000,17.659738037109374,-0.0065440707840025425,0.07587769627571106,0.06660770624876022
1780626364911733000,17.66973291015625,-0.026332687586545944,0.06365910917520523,0.04948677495121956
1780626364921728000,17.67972802734375,-0.035286180675029755,0.0838913843035698,0.03663862869143486
1780626364931723800,17.689723876953124,-0.040218353271484375,0.11976949125528336,0.03370995074510574
1780626364941718800,17.69971875,-0.04283435270190239,0.15563492476940155,0.03472120314836502
1780626364951714000,17.709714111328125,-0.035042744129896164,0.1746235340833664,0.0354841984808445
1780626364961709000,17.719708984375,-0.03184948489069939,0.1570572704076767,0.037245012819767
1780626364971704800,17.729704833984375,-0.03444446995854378,0.12635953724384308,0.0353778675198555
1780626364981699800,17.739699951171875,-0.025430824607610703,0.13411788642406464,0.029673900455236435
1780626364991694800,17.74969482421875,-0.006758336443454027,0.16028930246829987,0.0062828222289681435
1780626365001689900,17.75968994140625,0.012547161430120468,0.180258646607399,-0.02560511976480484
1780626365011686000,17.769685791015625,0.024516738951206207,0.19863899052143097,-0.029722368344664574
1780626365021681000,17.779680908203126,0.020540527999401093,0.21832658350467682,-0.010751135647296906
1780626365031676000,17.789676025390627,0.006991163361817598,0.26490288972854614,0.03460356220602989
1780626365041672000,17.799671875,-0.0068557956255972385,0.2898499667644501,0.06303682923316956
1780626365051667000,17.8096669921875,-0.010858526453375816,0.2460569441318512,0.040350958704948425
1780626365061662000,17.819661865234377,-0.0003036526031792164,0.18249928951263428,0.016629908233880997
1780626365071657000,17.829656982421874,0.010713046416640282,0.1465575248003006,0.017517540603876114
1780626365081653000,17.839653076171874,0.025351278483867645,0.17859315872192383,0.017463592812418938
1780626365091647700,17.849647705078127,0.049725063145160675,0.24849048256874084,-0.0010472401045262814
1780626365101642800,17.859642822265624,0.07073654234409332,0.27163270115852356,0.012585427612066269
1780626365111639000,17.86963916015625,0.07574009150266647,0.20721110701560974,0.04393190145492554
1780626365121634000,17.879634033203125,0.07747093588113785,0.09211259335279465,0.044523440301418304
1780626365131629000,17.889629150390626,0.07432148605585098,-0.007911480963230133,0.005870320834219456
1780626365141624000,17.8996240234375,0.06197859346866608,-0.034340329468250275,-0.02315337397158146
1780626365151619800,17.909619873046875,0.04424300044775009,0.018539931625127792,0.01411836501210928
1780626365161614800,17.91961474609375,0.01808680221438408,0.10821214318275452,0.07393132150173187
1780626365171609900,17.92960986328125,0.0024428623728454113,0.16959960758686066,0.08309020102024078
1780626365181604900,17.93960498046875,-0.004334770143032074,0.17334675788879395,0.045213453471660614
1780626365191601200,17.94960107421875,0.013675388880074024,0.1553850620985031,0.019664421677589417
1780626365201596000,17.959595947265626,0.02267613261938095,0.12688814103603363,0.04270583391189575
1780626365211591000,17.9695908203125,0.011702843941748142,0.12896513938903809,0.07645794004201889
1780626365221587000,17.9795869140625,-0.005145718343555927,0.1625421792268753,0.08532372117042542
1780626365231582000,17.98958203125,-0.020449042320251465,0.18779852986335754,0.09537635743618011
1780626365241577000,17.999576904296877,-0.03151154890656471,0.16823135316371918,0.09730745851993561
1780626365251572000,18.009572021484374,-0.02301659807562828,0.1445438712835312,0.09277662634849548
1780626365261567700,18.019567626953126,-0.0042021991685032845,0.14738908410072327,0.08221589028835297
1780626365271562800,18.029562744140627,0.00033928919583559036,0.18460942804813385,0.07662085443735123
1780626365281558000,18.03955810546875,-0.008596017025411129,0.2428501546382904,0.08010336756706238
1780626365291554000,18.049553955078125,-0.019085142761468887,0.2902959883213043,0.09065534174442291
1780626365301549000,18.059549072265625,-0.025929484516382217,0.29919078946113586,0.11678960174322128
1780626365311544000,18.0695439453125,-0.0308853592723608,0.3194601237773895,0.15658175945281982
1780626365321538800,18.079538818359374,-0.03228015452623367,0.3394432067871094,0.19326554238796234
1780626365331534800,18.089534912109375,-0.02504594251513481,0.3074367940425873,0.2058122307062149
1780626365341529900,18.09952978515625,-0.013301819562911987,0.2289334088563919,0.1896870732307434
1780626365351524900,18.10952490234375,-0.011552656069397926,0.14948305487632751,0.16871041059494019
1780626365361518800,18.119518798828125,-0.014521338045597076,0.09254017472267151,0.15756668150424957
1780626365371515100,18.12951513671875,-0.028527168557047844,0.054601043462753296,0.16203652322292328
1780626365381510100,18.13951025390625,-0.05180205777287483,0.014995412901043892,0.1721755862236023
1780626365391505000,18.1495048828125,-0.0790557861328125,-0.011761898174881935,0.17398066818714142
1780626365401501000,18.1595009765625,-0.09483955055475235,0.016195302829146385,0.1785273551940918
1780626365411496000,18.169495849609376,-0.09621827304363251,0.09333589673042297,0.18580418825149536
1780626365421491000,18.179490966796877,-0.09097117930650711,0.15820631384849548,0.1814332902431488
1780626365431486000,18.18948583984375,-0.07511311769485474,0.1856110394001007,0.17213965952396393
1780626365441481700,18.199481689453126,-0.05277610942721367,0.18251803517341614,0.16735059022903442
1780626365451477000,18.20947705078125,-0.0373404286801815,0.14098896086215973,0.16775618493556976
1780626365461472000,18.219471923828124,-0.026855502277612686,0.06727636605501175,0.17147983610630035
1780626365471467000,18.229467041015624,-0.017268655821681023,-0.01600814238190651,0.18298815190792084
1780626365481463000,18.239463134765625,-0.009213563054800034,-0.11291076987981796,0.1900441199541092
1780626365491458000,18.2494580078125,0.0008473270572721958,-0.2028699666261673,0.17725668847560883
1780626365501452800,18.259452880859374,0.008701160550117493,-0.23968836665153503,0.1594548523426056
1780626365511448800,18.26944873046875,0.011849548667669296,-0.20374155044555664,0.15186750888824463
1780626365521443800,18.27944384765625,-0.0006279898807406425,-0.12497266381978989,0.1548583209514618
1780626365531438800,18.28943896484375,-0.012955496087670326,-0.013679424300789833,0.16172368824481964
1780626365541434000,18.29943408203125,-0.006811275612562895,0.08133534342050552,0.1636631339788437
1780626365551430000,18.309429931640626,0.01823575422167778,0.09245031327009201,0.1598753184080124
1780626365561425000,18.3194248046875,0.04287904500961304,0.033974893391132355,0.12855872511863708
1780626365571420000,18.329419921875,0.051580656319856644,-0.05940485745668411,0.08330335468053818
1780626365581415000,18.339414794921876,0.04391109198331833,-0.14814846217632294,0.05800133943557739
1780626365591411000,18.349410888671876,0.023872405290603638,-0.19424059987068176,0.05221269279718399
1780626365601406000,18.359406005859373,0.0027199662290513515,-0.17783565819263458,0.03220555931329727
1780626365611401000,18.36940087890625,-0.018789587542414665,-0.11553313583135605,-0.006930124945938587
1780626365621397000,18.37939697265625,-0.027303237468004227,-0.05642371252179146,-0.0405685231089592
1780626365631392000,18.38939208984375,-0.03675399720668793,-0.041613344103097916,-0.055416177958250046
1780626365641387000,18.399386962890624,-0.046448856592178345,-0.04581865668296814,-0.06320932507514954
1780626365651382000,18.409382080078124,-0.053359758108854294,-0.0360773466527462,-0.09413447976112366
1780626365661377800,18.419377685546873,-0.05608189105987549,0.004558947402983904,-0.14674554765224457
1780626365671372800,18.429372802734374,-0.06475207209587097,0.06557649374008179,-0.18812015652656555
1780626365681367800,18.439367919921875,-0.06873217225074768,0.115226611495018,-0.1970215141773224
1780626365691362800,18.44936279296875,-0.05676072835922241,0.14634591341018677,-0.15784987807273865
1780626365701359000,18.459359130859376,-0.05384671688079834,0.1872459501028061,-0.11586549878120422
1780626365711354000,18.46935400390625,-0.05958236753940582,0.22417600452899933,-0.11588574200868607
1780626365721349000,18.47934912109375,-0.04810282960534096,0.15531478822231293,-0.15824957191944122
1780626365731345000,18.489344970703126,-0.02277829498052597,0.055576205253601074,-0.1891946941614151
1780626365741340000,18.49933984375,-0.024611007422208786,0.016737421974539757,-0.18911097943782806
1780626365751335000,18.5093349609375,-0.045011620968580246,0.01692863740026951,-0.17991214990615845
1780626365761330000,18.519329833984376,-0.05768550932407379,0.024177053943276405,-0.173658549785614
1780626365771326000,18.529325927734376,-0.055476948618888855,0.03035159222781658,-0.15580178797245026
1780626365781321000,18.539321044921873,-0.049355197697877884,0.05689786747097969,-0.1274799108505249
1780626365791316000,18.54931591796875,-0.030222516506910324,0.11394517868757248,-0.11178724467754364
1780626365801311000,18.55931103515625,-0.014710253104567528,0.20091915130615234,-0.09959154576063156
1780626365811307000,18.56930712890625,-0.02121342532336712,0.1738142967224121,-0.09877023100852966
1780626365821302000,18.579302001953124,-0.018788084387779236,0.07991497218608856,-0.10100115835666656
1780626365831297000,18.589297119140625,-0.010031345300376415,0.05305912718176842,-0.09511477500200272
1780626365841292800,18.599292724609374,0.0024560042656958103,0.07727482169866562,-0.0953725054860115
1780626365851287800,18.609287841796874,0.01717449724674225,0.05654451251029968,-0.08842725306749344
1780626365861282800,18.61928271484375,0.033734433352947235,-0.05181851610541344,-0.062324970960617065
1780626365871278000,18.629278076171875,0.03434722498059273,-0.1297236979007721,-0.012481779791414738
1780626365881274000,18.639274169921876,0.025232557207345963,-0.1190715879201889,0.0073944563046097755
1780626365891268900,18.649268798828125,0.022257275879383087,-0.09669357538223267,-0.008500354364514351
1780626365901264000,18.659263916015625,0.021687990054488182,-0.07962929457426071,0.012217063456773758
1780626365911259000,18.6692587890625,0.004715664777904749,-0.0054157874546945095,0.07832284271717072
1780626365921255000,18.6792548828125,-0.01482265442609787,-0.00682511180639267,0.1304287314414978
1780626365931250000,18.68925,-0.018587298691272736,-0.08218964189291,0.132839173078537
1780626365941245000,18.699244873046876,-0.011226341128349304,-0.1619960516691208,0.08480630069971085
1780626365951241000,18.709240966796877,-0.003305301535874605,-0.2620459198951721,0.021864086389541626
1780626365961236000,18.719236083984374,-0.006956552620977163,-0.3023824095726013,-0.01935100369155407
1780626365971231000,18.72923095703125,-0.024596266448497772,-0.16866856813430786,-0.03155893459916115
1780626365981226000,18.73922607421875,-0.05599422752857208,0.0844336450099945,-0.03445136174559593
1780626365991222000,18.749221923828124,-0.07381796836853027,0.29596957564353943,-0.029669921845197678
1780626366001216800,18.759216796875,-0.07203969359397888,0.3141099512577057,-0.03536977618932724
1780626366011211800,18.769211669921877,-0.04600250720977783,0.15994806587696075,-0.04396166652441025
1780626366021206800,18.779206787109374,-0.011955797672271729,0.021374978125095367,-0.04413982108235359
1780626366031203000,18.789203125,-0.004117582459002733,-0.02609400451183319,-0.04015626758337021
1780626366041198000,18.799197998046875,-0.0037351525388658047,0.0010302908485755324,-0.044519856572151184
1780626366051193000,18.809193115234375,-0.01719663292169571,0.021223710849881172,-0.05159907042980194
1780626366061188900,18.81918896484375,-0.03528191149234772,-0.0060704853385686874,-0.055825069546699524
1780626366071184000,18.829183837890625,-0.052901916205883026,-0.04025508835911751,-0.06460151821374893
1780626366081179000,18.839178955078125,-0.07088547199964523,-0.046841997653245926,-0.08746162056922913
1780626366091174000,18.849173828125,-0.0655231922864914,0.009798646904528141,-0.10555832833051682
1780626366101170000,18.859169921875,-0.01926579885184765,0.11524710059165955,-0.09427773207426071
1780626366111165000,18.8691650390625,0.012764040380716324,0.2274620532989502,-0.06708871573209763
1780626366121160000,18.879159912109376,0.010779127478599548,0.299638569355011,-0.0666237473487854
1780626366131155000,18.889155029296877,0.0038980524986982346,0.2899044454097748,-0.10165443271398544
1780626366141151000,18.89915087890625,-0.020408350974321365,0.22457921504974365,-0.14116907119750977
1780626366151146000,18.90914599609375,-0.04546603560447693,0.19673186540603638,-0.15928390622138977
1780626366161141000,18.91914111328125,-0.06313739717006683,0.21195486187934875,-0.16950523853302002
1780626366171136000,18.929135986328124,-0.06997746229171753,0.23294243216514587,-0.1833273023366928
1780626366181131800,18.9391318359375,-0.07438533753156662,0.2682719826698303,-0.18492825329303741
1780626366191126800,18.949126708984377,-0.054801248013973236,0.26631855964660645,-0.15105363726615906
1780626366201122000,18.9591220703125,-0.02416023053228855,0.220499649643898,-0.07766880095005035
1780626366211118000,18.9691181640625,-0.005969774443656206,0.18922960758209229,-0.05413045361638069
1780626366221113000,18.979113037109375,0.010268144309520721,0.13554143905639648,-0.11202680319547653
1780626366231107800,18.98910791015625,0.021281380206346512,0.0744333490729332,-0.16302581131458282
1780626366241102800,18.999102783203124,-0.0008775428868830204,0.021060436964035034,-0.15600092709064484
1780626366251099000,19.009098876953125,-0.030507607385516167,0.001184200868010521,-0.11810866743326187
1780626366261094000,19.019093994140626,-0.04600512981414795,0.024076376110315323,-0.09437774866819382
1780626366271089000,19.0290888671875,-0.04088413715362549,0.032637905329465866,-0.0999687910079956
1780626366281084000,19.039083984375,-0.026045061647892,0.012748506851494312,-0.09499964118003845
1780626366291080000,19.049079833984376,-0.018425490707159042,0.01129229087382555,-0.0737079381942749
1780626366301075000,19.059074951171876,-0.013032685965299606,0.024236638098955154,-0.06271540373563766
1780626366311070000,19.069070068359373,-0.018066326156258583,0.05412768945097923,-0.06041869893670082
1780626366321066000,19.07906591796875,-0.02027054876089096,0.0460665263235569,-0.05720069631934166
1780626366331061000,19.08906103515625,-0.012972421944141388,-0.021880565211176872,-0.05099393054842949
1780626366341055700,19.0990556640625,-0.0023791284766048193,-0.10421540588140488,-0.04484157636761665
1780626366351050800,19.10905078125,0.01003732718527317,-0.16933955252170563,-0.023666784167289734
1780626366361047300,19.11904736328125,0.026715276762843132,-0.1846875548362732,0.015088934451341629
1780626366371042300,19.129042236328125,0.027632737532258034,-0.21706253290176392,0.03116324357688427
1780626366381037300,19.139037353515626,0.013217935338616371,-0.20082661509513855,0.02786998823285103
1780626366391032300,19.1490322265625,0.0052968948148190975,-0.15552997589111328,0.01716328039765358
1780626366401028000,19.159028076171875,0.0036253295838832855,-0.0919814333319664,0.008144074119627476
1780626366411023000,19.169023193359376,0.0020601903088390827,-0.02476164512336254,0.008623442612588406
1780626366421018000,19.17901806640625,0.0034363199956715107,0.014298774302005768,0.00859774649143219
1780626366431013000,19.18901318359375,0.016377419233322144,-0.005866681225597858,0.01738884113729
1780626366441009400,19.199009521484374,0.02196105755865574,-0.07388343662023544,0.023542921990156174
1780626366451004200,19.209004150390626,0.041803207248449326,-0.14273308217525482,0.02262652851641178
1780626366460999200,19.218999267578123,0.06457753479480743,-0.1772020012140274,0.022881807759404182
1780626366470995200,19.2289951171875,0.06378711014986038,-0.18583916127681732,-0.004104268737137318
1780626366480990200,19.238990234375,0.05112598463892937,-0.18455462157726288,-0.03637684881687164
1780626366490985200,19.248985107421873,0.044977542012929916,-0.18414875864982605,-0.060459282249212265
1780626366500980200,19.258980224609374,0.051627952605485916,-0.15840914845466614,-0.07105808705091476
1780626366510976000,19.26897607421875,0.05689968168735504,-0.1157277375459671,-0.08071816712617874
1780626366520971300,19.27897119140625,0.04445299878716469,-0.06414490193128586,-0.08305174112319946
1780626366530966300,19.28896630859375,0.034976936876773834,-0.0895964652299881,-0.08585232496261597
1780626366540961300,19.298961181640625,0.03252064436674118,-0.17792057991027832,-0.08755119889974594
1780626366550957300,19.308957275390625,0.030871350318193436,-0.22713392972946167,-0.09385862946510315
1780626366560952000,19.3189521484375,0.04034973308444023,-0.21009232103824615,-0.10413400828838348
1780626366570947000,19.328947021484375,0.06802716851234436,-0.12111211568117142,-0.11885569989681244
1780626366580943000,19.338943115234375,0.10092312097549438,-0.0057643745094537735,-0.13858941197395325
1780626366590938000,19.348938232421876,0.11914660036563873,0.13711553812026978,-0.12333189696073532
1780626366600933000,19.35893310546875,0.10170258581638336,0.16409164667129517,-0.10608362406492233
1780626366610928400,19.368928466796874,0.07931818813085556,0.052641287446022034,-0.1097332164645195
1780626366620924200,19.378924072265626,0.0795036181807518,-0.06902418285608292,-0.09895762801170349
1780626366630919200,19.388919189453127,0.09754706919193268,-0.18468420207500458,-0.07650904357433319
1780626366640914200,19.3989140625,0.12454035878181458,-0.3141286373138428,-0.06773759424686432
1780626366650909200,19.4089091796875,0.1598978042602539,-0.4373176693916321,-0.08419805765151978
1780626366660905200,19.4189052734375,0.17078228294849396,-0.5199196338653564,-0.1165613979101181
1780626366670900200,19.428900146484374,0.12949874997138977,-0.4957336485385895,-0.13957644999027252
1780626366680895000,19.43889501953125,0.05158724635839462,-0.37329286336898804,-0.14515851438045502
1780626366690890000,19.448889892578126,-0.016086341813206673,-0.17691083252429962,-0.12925012409687042
1780626366700886300,19.45888623046875,-0.015030055306851864,0.04904129356145859,-0.08910765498876572
1780626366710881300,19.46888134765625,0.04940352961421013,0.17438004910945892,-0.061835017055273056
1780626366720876300,19.478876220703125,0.11892028898000717,0.18866725265979767,-0.03378738462924957
1780626366730872000,19.4888720703125,0.18014156818389893,0.09232446551322937,-0.010896182619035244
1780626366740867000,19.4988671875,0.23059311509132385,-0.16338910162448883,-0.0016931004356592894
1780626366750862000,19.508862060546875,0.25352054834365845,-0.4026496112346649,0.033040910959243774
1780626366760857000,19.518857177734375,0.255185604095459,-0.523608922958374,0.07559403032064438
1780626366770853400,19.528853271484376,0.24676339328289032,-0.4864528179168701,0.10441795736551285
1780626366780848400,19.538848388671877,0.21997550129890442,-0.3152616620063782,0.10952964425086975
1780626366790843100,19.548843017578125,0.18135647475719452,-0.15382669866085052,0.11230944842100143
1780626366800838100,19.558838134765626,0.19465206563472748,-0.1870536357164383,0.12949368357658386
1780626366810834200,19.568834228515627,0.2684141993522644,-0.32911279797554016,0.14501164853572845
1780626366820829200,19.5788291015625,0.32738351821899414,-0.36589786410331726,0.12222355604171753
1780626366830824200,19.58882421875,0.36520999670028687,-0.32585883140563965,0.08077625185251236
1780626366840819200,19.598819091796877,0.3781000077724457,-0.28618693351745605,0.04537545144557953
1780626366850815200,19.608815185546874,0.33425024151802063,-0.269456148147583,0.035124145448207855
1780626366860810200,19.618810302734374,0.24641753733158112,-0.19611504673957825,0.057536669075489044
1780626366870805200,19.62880517578125,0.15254350006580353,-0.1185973584651947,0.10806030035018921
1780626366880801300,19.63880126953125,0.09068787097930908,-0.09175948798656464,0.1623566895723343
1780626366890796300,19.64879638671875,0.09579075127840042,-0.026800459250807762,0.19660653173923492
1780626366900791300,19.658791259765625,0.15103557705879211,0.08706674724817276,0.19165624678134918
1780626366910786000,19.6687861328125,0.2236623764038086,0.16409070789813995,0.15594032406806946
1780626366920782000,19.678781982421874,0.3010379374027252,0.1262732297182083,0.12372016906738281
1780626366930777000,19.688777099609375,0.3538478910923004,-0.014603990130126476,0.13134533166885376
1780626366940772400,19.6987724609375,0.3579835593700409,-0.16933514177799225,0.1650918871164322
1780626366950767400,19.708767333984376,0.34583157300949097,-0.393041729927063,0.1726752370595932
1780626366960763100,19.71876318359375,0.3494367003440857,-0.7558106184005737,0.14192791283130646
1780626366970758100,19.728758056640626,0.37619826197624207,-1.1661460399627686,0.10107742249965668
1780626366980753200,19.738753173828126,0.39103564620018005,-1.3524742126464844,0.07049053907394409
1780626366990748200,19.748748046875,0.36415183544158936,-1.0737065076828003,0.09027942270040512
1780626367000744200,19.758744140625,0.2986277639865875,-0.579156756401062,0.12232952564954758
1780626367010739200,19.7687392578125,0.269452303647995,-0.30694493651390076,0.1183619499206543
1780626367020734000,19.77873388671875,0.3613783121109009,-0.147810161113739,0.12586559355258942
1780626367030729200,19.788729248046874,0.533973217010498,-0.021504417061805725,0.21041856706142426
1780626367040725200,19.798725341796874,0.695269763469696,0.06452682614326477,0.37242648005485535
1780626367050720300,19.80872021484375,0.8087284564971924,0.2794223427772522,0.5688742995262146
1780626367060715300,19.81871533203125,0.8786994218826294,0.5361157059669495,0.7729464769363403
1780626367070711000,19.8287109375,0.9283766746520996,0.5633257627487183,0.9274153709411621
1780626367080706000,19.8387060546875,0.9588220119476318,0.3339901566505432,1.0115655660629272
1780626367090701000,19.848701171875,0.9528248310089111,0.0764198750257492,1.0156726837158203
1780626367100696000,19.858696044921874,0.9031957387924194,-0.13828493654727936,0.9433446526527405
1780626367110692400,19.8686923828125,0.8683522343635559,-0.267740398645401,0.8216145038604736
1780626367120687400,19.878687255859376,0.8791494965553284,-0.2940002679824829,0.7003312706947327
1780626367130682000,19.88868212890625,0.8828209638595581,-0.23136775195598602,0.6090469360351562
1780626367140677000,19.898677001953125,0.8578724265098572,-0.20121794939041138,0.5208607912063599
1780626367150673200,19.908673095703126,0.8332682847976685,-0.27945229411125183,0.41199949383735657
1780626367160668200,19.918668212890626,0.8037852644920349,-0.40015050768852234,0.32159531116485596
1780626367170663200,19.9286630859375,0.6899199485778809,-0.6633136868476868,0.21238361299037933
1780626367180658200,19.938658203125,0.4529040455818176,-1.1235923767089844,0.06306419521570206
1780626367190654200,19.948654296875,0.14063936471939087,-1.6438978910446167,-0.14194034039974213
1780626367200649200,19.958649169921873,-0.18127182126045227,-1.9696987867355347,-0.5769298076629639
1780626367210644200,19.968644287109374,-0.3955518901348114,-1.6550263166427612,-1.2052059173583984
1780626367220639200,19.97863916015625,-0.43736156821250916,-0.6867573261260986,-1.9051010608673096
1780626367230635300,19.98863525390625,-0.3903373181819916,0.4173639118671417,-2.65852689743042
1780626367240630300,19.99863037109375,-0.3241942822933197,1.33927321434021,-3.2428207397460938
1780626367250625000,20.008625,-0.2532159984111786,1.856624722480774,-3.498506546020508
1780626367260621000,20.01862109375,-0.1702117770910263,1.903952717781067,-3.6351966857910156
1780626367270616300,20.0286162109375,-0.05346943810582161,2.0379228591918945,-3.4463491439819336
1780626367280611300,20.038611328125,0.06377606093883514,2.65171480178833,-2.87396240234375
1780626367290606300,20.0486064453125,0.17939533293247223,3.2815780639648438,-2.2456696033477783
1780626367300602000,20.05860205078125,0.23614557087421417,3.6412410736083984,-1.701497197151184
1780626367310597000,20.06859716796875,0.16160501539707184,3.9385173320770264,-1.2747786045074463
1780626367320592100,20.078592041015625,-0.06580501049757004,4.233580589294434,-0.9775412082672119
1780626367330587100,20.088587158203126,-0.4050304889678955,4.326663494110107,-0.869563639163971
1780626367340583200,20.098583251953126,-0.7420080900192261,3.946197748184204,-1.043545126914978
1780626367350578200,20.108578125,-0.896603524684906,2.874117612838745,-1.6502670049667358
1780626367360573000,20.118572998046876,-0.7645411491394043,1.3554502725601196,-2.6066510677337646
1780626367370568000,20.12856787109375,-0.45453962683677673,-0.012654894962906837,-3.515348196029663
1780626367380564000,20.13856396484375,-0.15282650291919708,-1.0838441848754883,-4.106509685516357
1780626367390559000,20.14855908203125,0.12189293652772903,-1.8104467391967773,-4.262482166290283
1780626367400554000,20.158553955078126,0.3569449186325073,-1.9263131618499756,-3.9746644496917725
1780626367410549200,20.16854931640625,0.4698461592197418,-1.1671473979949951,-3.4342010021209717
1780626367420545000,20.178544921875,0.3655849099159241,0.35427913069725037,-2.9695279598236084
1780626367430540000,20.1885400390625,0.07960934937000275,2.0106847286224365,-2.6597025394439697
1780626367440535000,20.19853515625,-0.21712207794189453,3.1532554626464844,-2.3288116455078125
1780626367450531000,20.208531005859374,-0.362939715385437,3.7465107440948486,-1.9833604097366333
1780626367460526000,20.218526123046875,-0.35299381613731384,3.8222289085388184,-1.8813145160675049
1780626367470521000,20.22852099609375,-0.28891897201538086,3.2816576957702637,-2.171095371246338
1780626367480515800,20.238515869140624,-0.30025821924209595,2.327468156814575,-2.721773862838745
1780626367490512100,20.24851220703125,-0.4376605749130249,1.6532987356185913,-3.117884635925293
1780626367500507100,20.258507080078125,-0.6786142587661743,1.5001323223114014,-3.165405511856079
1780626367510502100,20.268502197265626,-0.9773935079574585,1.5321847200393677,-2.944794178009033
1780626367520497200,20.2784970703125,-1.2566744089126587,1.5509179830551147,-2.573164939880371
1780626367530493000,20.288492919921875,-1.476719617843628,1.4664758443832397,-2.2409868240356445
1780626367540488000,20.298488037109376,-1.5438849925994873,1.263346552848816,-2.0337061882019043
1780626367550483000,20.30848291015625,-1.4566714763641357,0.9156524538993835,-1.918888807296753
1780626367560478000,20.31847802734375,-1.3355035781860352,0.564230740070343,-1.8764108419418335
1780626367570474200,20.32847412109375,-1.2648662328720093,0.3149849772453308,-1.860013723373413
1780626367580469200,20.33846923828125,-1.2856751680374146,0.23624439537525177,-1.7595232725143433
1780626367590464000,20.348464111328123,-1.3820710182189941,0.21563205122947693,-1.5169122219085693
1780626367600459000,20.358458984375,-1.5352686643600464,0.1455252468585968,-1.2306678295135498
1780626367610455000,20.368455078125,-1.6754287481307983,0.03531245142221451,-0.95867520570755
1780626367620450000,20.378449951171874,-1.7163877487182617,0.010036343708634377,-0.7048718333244324
1780626367630445000,20.388445068359374,-1.6465404033660889,0.13339689373970032,-0.3837728500366211
1780626367640440000,20.398440185546875,-1.4850445985794067,0.30886369943618774,0.03608117997646332
1780626367650436000,20.40843603515625,-1.2831445932388306,0.46956735849380493,0.3196322023868561
1780626367660431000,20.41843115234375,-1.0478194952011108,0.5140857100486755,0.45819419622421265
1780626367670426000,20.428426025390625,-0.7578973770141602,0.23449857532978058,0.6662216782569885
1780626367680422100,20.438422119140625,-0.5201261043548584,-0.29651686549186707,1.0330603122711182
1780626367690417200,20.448417236328126,-0.25069621205329895,-0.9060518145561218,0.6400337219238281
1780626367700412200,20.458412109375,0.0686163455247879,-2.879889726638794,-1.8637988567352295
1780626367710407000,20.468406982421875,0.3273099660873413,-3.5018231868743896,-3.0076608657836914
1780626367720403000,20.47840283203125,0.6278566122055054,-1.3945256471633911,-1.310178518295288
1780626367730398000,20.48839794921875,0.5427584648132324,1.0788992643356323,0.2949414551258087
1780626367740393200,20.498393310546874,-0.25235629081726074,2.688394784927368,0.2986021935939789
1780626367750388200,20.50838818359375,-1.0499978065490723,2.8476293087005615,-0.0008529494516551495
1780626367760384000,20.518384033203127,-1.503736972808838,2.0590031147003174,-0.09884094446897507
1780626367770379000,20.52837890625,-1.5944699048995972,1.1769338846206665,-0.21960625052452087
1780626367780374000,20.5383740234375,-1.4404850006103516,0.43193769454956055,-0.5590081214904785
1780626367790369000,20.548369140625,-1.1293896436691284,-0.23879140615463257,-0.8834080696105957
1780626367800365000,20.558364990234374,-0.7676375508308411,-0.668153703212738,-0.899725079536438
1780626367810360000,20.568360107421874,-0.5091844201087952,-0.7061479091644287,-0.7989888787269592
1780626367820355000,20.57835498046875,-0.3851948082447052,-0.4437996745109558,-0.7575626969337463
1780626367830350000,20.58835009765625,-0.31485167145729065,-0.1503363698720932,-0.728135347366333
1780626367840346000,20.59834619140625,-0.22577953338623047,-0.045145001262426376,-0.6568875312805176
1780626367850341000,20.608341064453125,-0.1293235719203949,-0.07918020337820053,-0.5423899292945862
1780626367860336000,20.618336181640625,-0.12350357323884964,-0.023555658757686615,-0.36548030376434326
1780626367870331100,20.6283310546875,-0.25398382544517517,0.19342538714408875,-0.23797215521335602
1780626367880327000,20.638326904296875,-0.42136499285697937,0.24409092962741852,-0.2237073928117752
1780626367890322000,20.648322021484375,-0.542924165725708,0.16667017340660095,-0.3649452030658722
1780626367900317000,20.65831689453125,-0.6457046270370483,0.028530677780508995,-0.5751568078994751
1780626367910312200,20.668312255859377,-0.672269880771637,0.07863618433475494,-0.6122847199440002
1780626367920308200,20.67830810546875,-0.6430174112319946,0.1607699990272522,-0.6257621645927429
1780626367930303000,20.688302978515626,-0.5675500631332397,0.1503216177225113,-0.6040824055671692
1780626367940298000,20.698298095703127,-0.46730345487594604,0.2439359426498413,-0.4355194866657257
1780626367950293000,20.70829296875,-0.4366166293621063,0.3943643271923065,-0.21059158444404602
1780626367960289000,20.7182890625,-0.4296344816684723,0.41243043541908264,-0.09582655876874924
1780626367970284000,20.728283935546877,-0.40017539262771606,0.33617401123046875,-0.15960100293159485
1780626367980279000,20.738279052734374,-0.3829788863658905,0.2769566774368286,-0.40180882811546326
1780626367990275000,20.748275146484374,-0.3526047468185425,-0.02276557683944702,-0.5913931727409363
1780626368000270000,20.75827001953125,-0.30842676758766174,-0.36610251665115356,-0.6823351383209229
1780626368010265000,20.76826513671875,-0.2605482041835785,-0.45086053013801575,-0.7165014147758484
1780626368020260000,20.778260009765624,-0.2071201503276825,-0.4212287366390228,-0.7497032284736633
1780626368030256000,20.788256103515625,-0.16669948399066925,-0.3306298553943634,-0.7077462077140808
1780626368040251100,20.798251220703126,-0.13650257885456085,-0.1279580295085907,-0.5272724032402039
1780626368050246000,20.808245849609374,-0.15951761603355408,0.1675652414560318,-0.3508795201778412
1780626368060241000,20.818240966796875,-0.22935354709625244,0.4884463846683502,-0.07939120382070541
1780626368070237200,20.8282373046875,-0.30098673701286316,0.6558364033699036,0.27251118421554565
1780626368080232200,20.838232177734376,-0.33448511362075806,0.47650280594825745,0.46820762753486633
1780626368090227200,20.848227294921877,-0.2959481179714203,0.27966538071632385,0.22107639908790588
1780626368100222200,20.85822216796875,-0.24480558931827545,0.13344040513038635,-0.20271822810173035
1780626368110218000,20.868218017578126,-0.225091814994812,0.18423061072826385,-0.2601897716522217
1780626368120213000,20.878212890625,-0.20841652154922485,0.47010156512260437,-0.08060157299041748
1780626368130208000,20.8882080078125,-0.2219134122133255,0.8288516998291016,0.10301938652992249
1780626368140203000,20.898203125,-0.2524895966053009,0.9733635783195496,0.21104298532009125
1780626368150199300,20.90819921875,-0.29615452885627747,0.9481902718544006,0.3066065311431885
1780626368160194000,20.918194091796874,-0.35344403982162476,0.8572327494621277,0.4183364808559418
1780626368170189000,20.92818896484375,-0.38976582884788513,0.7010865211486816,0.4011029005050659
1780626368180184000,20.93818408203125,-0.4363150894641876,0.3873562812805176,0.21222099661827087
1780626368190180000,20.94818017578125,-0.46006274223327637,0.2823560833930969,0.08850332349538803
1780626368200175000,20.958175048828124,-0.4370672106742859,0.32788515090942383,0.17163071036338806
1780626368210170000,20.968170166015625,-0.3552844822406769,0.29130181670188904,0.186018168926239
1780626368220165000,20.9781650390625,-0.20729270577430725,0.15108910202980042,0.037870269268751144
1780626368230161000,20.988160888671874,-0.10072977840900421,-0.02286698669195175,-0.007878577336668968
1780626368240156200,20.99815625,-0.09306936711072922,-0.03487908095121384,0.052018001675605774
1780626368250151200,21.008151123046876,-0.15279290080070496,0.036073390394449234,0.07896466553211212
1780626368260146200,21.018146240234376,-0.20665213465690613,0.0022531095892190933,0.08795922249555588
1780626368270142000,21.028141845703125,-0.20122700929641724,-0.06761811673641205,0.1556439995765686
1780626368280137000,21.038136962890626,-0.12132390588521957,0.007630830630660057,0.23580540716648102
1780626368290132000,21.048132080078126,-0.05537445470690727,0.09932053834199905,0.18228626251220703
1780626368300127000,21.058126953125,-0.04934752732515335,0.14865270256996155,0.10853816568851471
1780626368310123000,21.068123046875,-0.05383948236703873,0.2371080070734024,0.07915790379047394
1780626368320118000,21.078117919921876,-0.07717347145080566,0.2654879093170166,0.02580460160970688
1780626368330113300,21.08811328125,-0.05049898475408554,0.2626255452632904,-0.006827111355960369
1780626368340109000,21.098109130859374,0.015195642597973347,0.26667407155036926,-0.002738439943641424
1780626368350104000,21.10810400390625,0.08198026567697525,0.32180628180503845,0.04161517694592476
1780626368360099300,21.118099365234375,0.1703333705663681,0.4360726475715637,0.08168280869722366
1780626368370094300,21.12809423828125,0.22485466301441193,0.5079492926597595,0.06690492480993271
1780626368380090000,21.138090087890625,0.20053216814994812,0.5144230723381042,0.025906000286340714
1780626368390085000,21.148085205078125,0.09376842528581619,0.49692875146865845,0.030985180288553238
1780626368400080100,21.158080078125,-0.029375990852713585,0.4842987656593323,0.06973036378622055
1780626368410075400,21.168075439453126,-0.08585231006145477,0.391072154045105,0.060017820447683334
1780626368420071400,21.178071533203124,-0.04096810519695282,0.23417089879512787,0.04273730516433716
1780626368430066400,21.18806640625,0.0827607586979866,0.09900055825710297,0.07109837234020233
1780626368440061400,21.1980615234375,0.21053405106067657,0.060203950852155685,0.002720083575695753
1780626368450056200,21.20805615234375,0.22565121948719025,-0.005658150650560856,-0.12602165341377258
1780626368460052200,21.21805224609375,0.15443885326385498,-0.17577221989631653,-0.1954573392868042
1780626368470047200,21.228047119140626,0.12061403691768646,-0.24214458465576172,-0.18693788349628448
1780626368480042200,21.238042236328123,0.1320047229528427,-0.19895601272583008,-0.17558634281158447
1780626368490037200,21.248037353515624,0.154453307390213,-0.21643567085266113,-0.16441543400287628
1780626368500033300,21.258033203125,0.1888432800769806,-0.2279934138059616,-0.14481410384178162
1780626368510028300,21.2680283203125,0.2135520875453949,-0.18677033483982086,-0.13532552123069763
1780626368520023300,21.278023193359374,0.17753654718399048,-0.1057061180472374,-0.053511884063482285
1780626368530018300,21.288018310546875,0.13642454147338867,0.019435027614235878,0.027822384610772133
1780626368540014300,21.298014404296875,0.12218832969665527,0.10367744415998459,0.009322877041995525
1780626368550009300,21.30800927734375,0.11415410786867142,0.06775593012571335,-0.0035359300673007965
1780626368560004400,21.31800439453125,0.09211834520101547,0.010873336344957352,0.061236344277858734
1780626368569999000,21.3279990234375,0.10146550834178925,0.07827048748731613,0.16165588796138763
1780626368579995400,21.337995361328126,0.1170157864689827,0.09256883710622787,0.19119340181350708
1780626368589990400,21.347990478515626,0.139156773686409,0.054791100323200226,0.2024732232093811
1780626368599985400,21.3579853515625,0.17281115055084229,0.06813579797744751,0.23287731409072876
1780626368609980400,21.36798046875,0.19519636034965515,0.04433752968907356,0.1877167671918869
1780626368619976200,21.37797607421875,0.18286317586898804,0.04424966871738434,0.12008607387542725
1780626368629971200,21.38797119140625,0.15564006567001343,0.22915853559970856,0.14658665657043457
1780626368639966200,21.39796630859375,0.13118089735507965,0.4490934908390045,0.0982062816619873
1780626368649961200,21.407961181640626,0.08677374571561813,0.6200982928276062,0.04788985103368759
1780626368659957500,21.41795751953125,0.02636796236038208,0.7640538811683655,0.10574617981910706
1780626368669952500,21.427952392578124,-0.10070529580116272,0.7862454652786255,0.2321845442056656
1780626368679947300,21.437947265625,-0.29342249035835266,0.7205998301506042,0.32271337509155273
1780626368689942300,21.4479423828125,-0.4523466229438782,0.7201630473136902,0.38760343194007874
1780626368699938300,21.457938232421874,-0.5240370631217957,0.6655325293540955,0.42558035254478455
1780626368709933300,21.467933349609375,-0.5055299401283264,0.41443294286727905,0.22560757398605347
1780626368719928300,21.47792822265625,-0.3901306092739105,0.15650899708271027,-0.024680504575371742
1780626368729923300,21.48792333984375,-0.18507120013237,0.08033113181591034,-0.06953106820583344
1780626368739919400,21.49791943359375,0.017961697652935982,0.17253659665584564,-0.13004186749458313
1780626368749914400,21.507914306640625,0.1092551201581955,0.3938234746456146,-0.24782921373844147
1780626368759909400,21.517909423828126,-0.0217999629676342,0.48886215686798096,-0.03003229945898056
1780626368769904400,21.527904296875,-0.2249932885169983,0.5473135113716125,0.39277383685112
1780626368779900400,21.537900390625,-0.40007585287094116,0.48576605319976807,0.5781569480895996
1780626368789895400,21.5478955078125,-0.5235258340835571,0.23820792138576508,0.6221454739570618
1780626368799890200,21.55789013671875,-0.536923348903656,0.06403382122516632,0.7037374973297119
1780626368809885200,21.56788525390625,-0.49032413959503174,0.03473852202296257,0.7035561203956604
1780626368819881200,21.577881103515626,-0.42208993434906006,-0.04845704510807991,0.5745460391044617
1780626368829876500,21.58787646484375,-0.3524312376976013,-0.15511131286621094,0.41215980052948
1780626368839871500,21.59787158203125,-0.2988911271095276,-0.05822254717350006,0.3405230641365051
1780626368849866500,21.607866455078124,-0.3058299720287323,0.2108379453420639,0.3196689188480377
1780626368859862300,21.6178623046875,-0.3754595220088959,0.3554632067680359,0.46293771266937256
1780626368869857300,21.627857177734374,-0.36558130383491516,0.5247654318809509,0.7216251492500305
1780626368879852300,21.637852294921874,-0.3533821105957031,0.6390387415885925,0.8642959594726562
1780626368889847300,21.647847412109375,-0.3811487555503845,0.47811558842658997,0.8333289623260498
1780626368899843300,21.65784326171875,-0.40871790051460266,0.18909050524234772,0.8121601939201355
1780626368909838000,21.667838134765624,-0.4560990035533905,-0.06348636001348495,0.84267657995224
1780626368919833300,21.677833251953125,-0.53318852186203,-0.17209109663963318,0.8304236531257629
1780626368929828400,21.687828369140625,-0.5703345537185669,-0.09655160456895828,0.7959503531455994
1780626368939824400,21.697824462890626,-0.5501662492752075,0.06370338797569275,0.8146783709526062
1780626368949819400,21.7078193359375,-0.5773009657859802,0.49352559447288513,0.73505038022995
1780626368959814400,21.717814453125,-0.7165723443031311,1.2079238891601562,0.4085298478603363
1780626368969809400,21.727809326171876,-0.9545774459838867,1.6325010061264038,-0.03710062429308891
1780626368979805200,21.73780517578125,-1.1961923837661743,1.6105159521102905,-0.5117225050926208
1780626368989800200,21.74780029296875,-1.4698984622955322,1.437071681022644,-0.8709989190101624
1780626368999795200,21.757795166015626,-1.7862097024917603,1.1938129663467407,-0.9636793732643127
1780626369009790500,21.76779052734375,-2.0594944953918457,1.1406365633010864,-1.0884662866592407
1780626369019786200,21.7777861328125,-2.304237127304077,0.963797390460968,-1.2487794160842896
1780626369029781200,21.78778125,-2.499749183654785,0.4578109085559845,-1.1981332302093506
1780626369039776300,21.7977763671875,-2.5555453300476074,0.13534456491470337,-1.0641576051712036
1780626369049771300,21.807771240234374,-2.4949615001678467,0.06757377088069916,-0.9296360015869141
1780626369059767300,21.817767333984374,-2.3465402126312256,-0.04654825106263161,-0.7769028544425964
1780626369069762300,21.82776220703125,-2.060469388961792,-0.22971726953983307,-0.6972277164459229
1780626369079757300,21.83775732421875,-1.7752991914749146,-0.34967875480651855,-0.7059316635131836
1780626369089752300,21.84775244140625,-1.5549793243408203,-0.4548512399196625,-0.667194664478302
1780626369099748400,21.857748291015625,-1.3713083267211914,-0.45146530866622925,-0.6026333570480347
1780626369109743400,21.867743408203125,-1.1941100358963013,-0.31868141889572144,-0.5547518730163574
1780626369119738400,21.87773828125,-0.9985595941543579,-0.20750373601913452,-0.5198037028312683
1780626369129733400,21.8877333984375,-0.7646768093109131,-0.23565468192100525,-0.6228230595588684
1780626369139729200,21.897729248046875,-0.48223698139190674,-0.2475575953722,-0.7580920457839966
1780626369149724200,21.90772412109375,-0.2712664008140564,-0.3193281888961792,-0.9467421174049377
1780626369159719200,21.91771923828125,-0.2268802523612976,-0.3889048993587494,-0.9432007074356079
1780626369169715500,21.927715576171874,-0.3275226950645447,-0.13772591948509216,-0.7500603199005127
1780626369179710500,21.93771044921875,-0.5663242340087891,-0.016203289851546288,-0.539869487285614
1780626369189705500,21.94770556640625,-0.862869381904602,-0.03288240358233452,-0.541970431804657
1780626369199700500,21.957700439453124,-1.1426817178726196,-0.33469006419181824,-0.7097463607788086
1780626369209695200,21.9676953125,-1.3088009357452393,-0.8750126957893372,-0.7401034832000732
1780626369219691300,21.977691162109377,-1.2491538524627686,-1.090306043624878,-0.6302105784416199
1780626369229686300,21.987686279296874,-1.1714625358581543,-0.7174548506736755,-0.6826663613319397
1780626369239681300,21.997681396484374,-1.0207202434539795,-0.3438261151313782,-0.6268718242645264
1780626369249676300,22.00767626953125,-0.8278284668922424,-0.3012363016605377,-0.34896883368492126
1780626369259672300,22.01767236328125,-0.5924739241600037,-0.041371624916791916,-0.27126777172088623
1780626369269667300,22.027667236328124,-0.24766801297664642,0.6261939406394958,-0.8946202993392944
1780626369279662300,22.037662353515625,0.03208952024579048,0.7130192518234253,-1.6320068836212158
1780626369289658400,22.047658447265626,0.051717016845941544,0.2569337487220764,-1.138878345489502
1780626369299653400,22.0576533203125,-0.279909610748291,0.7023767232894897,-0.48794806003570557
1780626369309648400,22.0676484375,-0.8689830303192139,1.060497522354126,-0.2843930721282959
1780626369319643100,22.07764306640625,-1.2385932207107544,0.4501173198223114,-0.8525644540786743
1780626369329638100,22.08763818359375,-1.0215389728546143,-0.6818875074386597,-1.1146283149719238
1780626369339634400,22.097634521484373,-0.7251973748207092,-0.4839620888233185,-1.119572401046753
1780626369349629400,22.10762939453125,-0.7432270050048828,-0.18736955523490906,-1.0258512496948242
1780626369359624200,22.117624267578126,-0.6410883665084839,-0.2932620048522949,-1.3214070796966553
1780626369369619200,22.127619140625,-0.4613795578479767,-0.42402854561805725,-1.538042426109314
1780626369379615000,22.137614990234376,-0.4870481491088867,-0.16619369387626648,-1.4140629768371582
1780626369389610000,22.14760986328125,-0.4930301308631897,-0.2777734696865082,-1.173802137374878
1780626369399605000,22.15760498046875,-0.2841090261936188,-0.6325482726097107,-1.2854773998260498
1780626369409600000,22.16760009765625,-0.09349486231803894,-0.48376092314720154,-1.3432059288024902
1780626369419596300,22.17759619140625,0.15026523172855377,-0.38380566239356995,-1.1662702560424805
1780626369429591300,22.18759130859375,0.2820885181427002,-0.22047293186187744,-1.2831592559814453
1780626369439586000,22.1975859375,0.35449808835983276,-0.2603689730167389,-1.2672868967056274
1780626369449581000,22.2075810546875,0.3743476867675781,-0.2441907823085785,-1.2557634115219116
1780626369459577000,22.2175771484375,0.24347440898418427,-0.3238004446029663,-1.2624934911727905
1780626369469572000,22.227572021484374,0.1669234335422516,-0.5557026267051697,-1.1991068124771118
1780626369479567000,22.237567138671874,0.23275594413280487,-0.47483667731285095,-1.1579703092575073
1780626369489562000,22.24756201171875,0.30606237053871155,-0.461345911026001,-1.1655272245407104
1780626369499558100,22.25755810546875,0.3214719891548157,-0.5909057855606079,-1.1989052295684814
1780626369509553200,22.26755322265625,0.2309679388999939,-0.4982943534851074,-1.2163758277893066
1780626369519548200,22.277548095703125,0.14877985417842865,-0.4408441185951233,-1.2170054912567139
1780626369529543200,22.287543212890625,0.08059468120336533,-0.32079386711120605,-1.2003893852233887
1780626369539539200,22.297539306640626,0.04499152675271034,-0.15003375709056854,-1.2318506240844727
1780626369549534200,22.3075341796875,0.0706300437450409,-0.17832344770431519,-1.2807683944702148
1780626369559529000,22.317529052734375,0.07175062596797943,-0.2584359645843506,-1.301494836807251
1780626369569524000,22.32752392578125,0.03276034817099571,-0.33661118149757385,-1.3254050016403198
1780626369579520000,22.33752001953125,-0.052924253046512604,-0.40663406252861023,-1.280882477760315
1780626369589515300,22.347515380859374,-0.13647347688674927,-0.14303147792816162,-1.1924463510513306
1780626369599510300,22.35751025390625,-0.17642095685005188,0.10267169773578644,-1.1503711938858032
1780626369609505300,22.36750537109375,-0.12861855328083038,0.0010356189450249076,-0.9926561713218689
1780626369619501000,22.3775009765625,-0.024365747347474098,-0.04727555438876152,-0.8153696656227112
1780626369629496000,22.38749609375,0.03489730879664421,0.053919509053230286,-0.7404150366783142
1780626369639491000,22.397490966796877,0.11533420532941818,0.10319457948207855,-0.6365653276443481
1780626369649486000,22.407486083984374,0.28618931770324707,0.04467987269163132,-0.520840048789978
1780626369659482000,22.417482177734374,0.4028376042842865,0.05766866356134415,-0.5256813168525696
1780626369669476900,22.427476806640627,0.3815709352493286,0.0772777870297432,-0.5629935264587402
1780626369679472000,22.43747216796875,0.3049492835998535,0.04428567364811897,-0.5748849511146545
1780626369689467100,22.447467041015624,0.21665512025356293,0.08185755461454391,-0.6476262211799622
1780626369699463200,22.457463134765625,0.1882055401802063,0.06594160199165344,-0.7190249562263489
1780626369709458200,22.467458251953126,0.22579127550125122,-0.1393716037273407,-0.7820327281951904
1780626369719453200,22.477453125,0.28356724977493286,-0.3902653753757477,-0.7946938276290894
1780626369729448200,22.4874482421875,0.35291141271591187,-0.6016689538955688,-0.7618929743766785
1780626369739444000,22.49744384765625,0.38475337624549866,-0.6569879055023193,-0.7371651530265808
1780626369749439000,22.50743896484375,0.3777162432670593,-0.6196152567863464,-0.6834076642990112
1780626369759434000,22.51743408203125,0.35673707723617554,-0.5470492243766785,-0.665042519569397
1780626369769429200,22.52742919921875,0.3079724609851837,-0.43302759528160095,-0.7723889350891113
1780626369779425000,22.537425048828126,0.24703377485275269,-0.5320397019386292,-0.8544453978538513
1780626369789420000,22.547419921875,0.20092113316059113,-0.7669779062271118,-0.8984389305114746
1780626369799415000,22.5574150390625,0.14521585404872894,-0.8077940344810486,-0.9343005418777466
1780626369809410000,22.56741015625,0.08985138684511185,-0.7507033348083496,-0.9006192684173584
1780626369819406000,22.577406005859373,0.02484651654958725,-0.7724667191505432,-0.8200316429138184
1780626369829401000,22.587401123046874,-0.09822455048561096,-0.7979321479797363,-0.7974498867988586
1780626369839396000,22.59739599609375,-0.20588763058185577,-0.7538113594055176,-0.786928117275238
1780626369849391000,22.60739111328125,-0.22878842055797577,-0.692354142665863,-0.7790741920471191
1780626369859387100,22.61738720703125,-0.17604470252990723,-0.6165562272071838,-0.8080697059631348
1780626369869382100,22.627382080078124,-0.1409037560224533,-0.52890944480896,-0.8300037384033203
1780626369879377200,22.637377197265625,-0.17305317521095276,-0.44420042634010315,-0.8718132376670837
1780626369889372200,22.6473720703125,-0.29553940892219543,-0.49196234345436096,-0.8736263513565063
1780626369899368000,22.657367919921874,-0.4429159462451935,-0.6161156296730042,-0.7861475348472595
1780626369909363000,22.667363037109375,-0.5592495203018188,-0.6311153769493103,-0.7146041393280029
1780626369919358000,22.67735791015625,-0.6246670484542847,-0.5675080418586731,-0.6318832039833069
1780626369929353000,22.68735302734375,-0.6109906435012817,-0.6202501058578491,-0.45960870385169983
1780626369939349200,22.697349365234373,-0.5852763652801514,-0.7296555042266846,-0.317638099193573
1780626369949344300,22.70734423828125,-0.5408934950828552,-0.6525473594665527,-0.33041515946388245
1780626369959339300,22.71733935546875,-0.4904964566230774,-0.44692879915237427,-0.3057326376438141
1780626369969334000,22.727333984375,-0.4753212332725525,-0.4425252676010132,-0.23635436594486237
1780626369979330000,22.737330078125,-0.4427691102027893,-0.5445596575737,-0.16498707234859467
1780626369989325000,22.747324951171876,-0.43453726172447205,-0.4948085844516754,-0.11108788102865219
1780626369999320000,22.757320068359373,-0.4609593451023102,-0.2755225598812103,-0.12109462916851044
1780626370009315000,22.767315185546874,-0.46870169043540955,0.008280130103230476,-0.16977961361408234
1780626370019311000,22.77731103515625,-0.4967828094959259,0.10130005329847336,-0.17440283298492432
1780626370029306000,22.78730615234375,-0.5176175236701965,0.07786237448453903,-0.07909496873617172
1780626370039301000,22.797301025390624,-0.5153679251670837,0.06683822721242905,0.01600882038474083
1780626370049296100,22.807296142578124,-0.5751985311508179,0.21836116909980774,0.019460275769233704
1780626370059292200,22.817292236328125,-0.6930459141731262,0.37822166085243225,-0.022831551730632782
1780626370069287200,22.827287109375,-0.7964575290679932,0.12913194298744202,-0.02245684340596199
1780626370079282000,22.837281982421874,-0.8363476395606995,-0.1507498323917389,0.04495089128613472
1780626370089277000,22.84727685546875,-0.7526788711547852,-0.06837985664606094,0.1531897485256195
1780626370099272000,22.85727197265625,-0.6017917394638062,0.2052345722913742,0.2022242546081543
1780626370109268200,22.867268310546876,-0.44618773460388184,0.3812822997570038,0.22294950485229492
1780626370119263200,22.87726318359375,-0.345567524433136,0.33172106742858887,0.25741520524024963
1780626370129258200,22.88725830078125,-0.2789970338344574,0.18552976846694946,0.25775420665740967
1780626370139253200,22.897253173828126,-0.21886199712753296,0.11757358908653259,0.26603853702545166
1780626370149249000,22.9072490234375,-0.16546188294887543,0.14947186410427094,0.27252599596977234
1780626370159244000,22.917244140625,-0.1369628608226776,0.19689369201660156,0.20027320086956024
1780626370169239000,22.927239013671876,-0.10781081765890121,0.2277677208185196,0.12886692583560944
1780626370179234000,22.937234130859373,-0.11702783405780792,0.22541923820972443,0.06548144668340683
1780626370189230000,22.94722998046875,-0.15603488683700562,0.17244204878807068,-0.10477098077535629
1780626370199225000,22.95722509765625,-0.12603041529655457,0.0668817013502121,-0.2948843836784363
1780626370209220000,22.96722021484375,-0.04324978590011597,-0.19504259526729584,-0.4974020719528198
1780626370219215000,22.977215087890624,0.07256954908370972,-0.6166283488273621,-0.6372368931770325
1780626370229211100,22.987211181640625,0.23420265316963196,-0.7150574326515198,-0.6288726925849915
1780626370239206100,22.9972060546875,0.34459367394447327,-0.5284345746040344,-0.6235583424568176
1780626370249201200,23.007201171875,0.4126925766468048,-0.42901477217674255,-0.6201207637786865
1780626370259196200,23.017196044921874,0.5062662959098816,-0.47648757696151733,-0.6209471225738525
1780626370269192200,23.027192138671875,0.6557303667068481,-0.5824243426322937,-0.6447762846946716
1780626370279187200,23.037187255859376,0.7858924865722656,-0.49245673418045044,-0.6278620958328247
1780626370289182200,23.04718212890625,0.8645972013473511,-0.3139607608318329,-0.5834163427352905
1780626370299177200,23.05717724609375,0.9188351035118103,-0.3372100293636322,-0.5520488619804382
1780626370309173000,23.067173095703126,0.9330331683158875,-0.45435476303100586,-0.5814935564994812
1780626370319168000,23.07716796875,0.9483345150947571,-0.5523127317428589,-0.6772605180740356
1780626370329163000,23.0871630859375,0.9466652870178223,-0.6966863870620728,-0.7066176533699036
1780626370339158000,23.097157958984376,0.8738746047019958,-0.7420709133148193,-0.6621271371841431
1780626370349154000,23.107154052734376,0.7838331460952759,-0.730881929397583,-0.6039130687713623
1780626370359149600,23.117149658203125,0.7620046138763428,-0.5887783169746399,-0.5266968011856079
1780626370369144800,23.127144775390626,0.807183027267456,-0.34762880206108093,-0.4567035734653473
1780626370379139800,23.137139892578126,0.8677679896354675,-0.18086987733840942,-0.434752494096756
1780626370389136000,23.147135986328124,0.8760077953338623,-0.13795436918735504,-0.4593829810619354
1780626370399131000,23.157130859375,0.8324699401855469,-0.2056344747543335,-0.45307162404060364
1780626370409126000,23.1671259765625,0.7335673570632935,-0.3427904546260834,-0.47088390588760376
1780626370419121000,23.177120849609373,0.5961886048316956,-0.575109601020813,-0.48075583577156067
1780626370429116700,23.18711669921875,0.4832841753959656,-0.5549741983413696,-0.4545585811138153
1780626370439111700,23.197111572265626,0.40714481472969055,-0.46154898405075073,-0.35979172587394714
1780626370449106700,23.207106689453123,0.3985989987850189,-0.3052200973033905,-0.2758480906486511
1780626370459102000,23.21710205078125,0.4068504273891449,-0.24861684441566467,-0.23372723162174225
1780626370469097000,23.227096923828125,0.3691541850566864,-0.1442025601863861,-0.23386678099632263
1780626370479092700,23.2370927734375,0.2852805256843567,-0.07224135100841522,-0.21134693920612335
1780626370489087700,23.247087646484374,0.18356028199195862,-0.09213969111442566,-0.15781180560588837
1780626370499082800,23.257082763671875,0.03151128813624382,-0.050456006079912186,-0.11647114157676697
1780626370509077800,23.267077880859375,-0.1059163436293602,0.0883956179022789,-0.03140497952699661
1780626370519073800,23.27707373046875,-0.14849895238876343,0.1793510764837265,0.04203195124864578
1780626370529068800,23.28706884765625,-0.12368788570165634,0.1692659556865692,0.05142412334680557
1780626370539063800,23.297063720703125,-0.11296403408050537,0.12078987061977386,-0.009677900932729244
1780626370549058800,23.307058837890626,-0.16061732172966003,0.14375030994415283,-0.01058923453092575
1780626370559054800,23.317054931640627,-0.24364230036735535,0.25291189551353455,0.048373013734817505
1780626370569049900,23.3270498046875,-0.30257752537727356,0.2575433850288391,0.13677264750003815
1780626370579044900,23.337044921875,-0.3554801046848297,0.2946067452430725,0.24757570028305054
1780626370589039900,23.347039794921876,-0.41085201501846313,0.2598077654838562,0.3588614761829376
1780626370599035600,23.35703564453125,-0.4748472571372986,0.22277259826660156,0.4829134941101074
1780626370609030700,23.36703076171875,-0.5437541007995605,0.3136380612850189,0.5955233573913574
1780626370619025700,23.377025634765626,-0.6249727606773376,0.15333275496959686,0.7193892598152161
1780626370629020700,23.387020751953123,-0.6711679697036743,0.21951177716255188,0.7446621060371399
1780626370639017000,23.397016845703124,-0.670560359954834,0.28093022108078003,0.744368851184845
1780626370649012000,23.407011962890625,-0.6637794375419617,0.32835420966148376,0.7564122080802917
1780626370659006700,23.4170068359375,-0.6991422772407532,0.4684334397315979,0.7278773188591003
1780626370669001700,23.427001708984374,-0.7452282905578613,0.3426012098789215,0.8041470646858215
1780626370678997800,23.436997802734375,-0.798363983631134,0.479249507188797,0.884917140007019
1780626370688992800,23.44699267578125,-0.8696768283843994,0.6492021083831787,0.9905335903167725
1780626370698987800,23.45698779296875,-0.935370147228241,0.7713144421577454,1.0297776460647583
1780626370708982800,23.466982666015625,-0.9531304836273193,0.8101643323898315,1.0779874324798584
1780626370718978800,23.476978759765625,-0.9914839267730713,0.8640808463096619,1.0806844234466553
1780626370728973800,23.486973876953126,-1.0309637784957886,0.7126646637916565,1.0592858791351318
1780626370738968800,23.49696875,-1.0518028736114502,0.5917922854423523,0.9444854855537415
1780626370748963800,23.5069638671875,-1.0181397199630737,0.7417828440666199,0.7295385599136353
1780626370758959900,23.5169599609375,-0.9218553304672241,0.8288173675537109,0.5448712110519409
1780626370768955000,23.526954833984377,-0.8135001063346863,0.7204381823539734,0.4481992721557617
1780626370778949600,23.53694970703125,-0.7515212297439575,0.6685580015182495,0.3526689112186432
1780626370788944600,23.546944580078126,-0.7550368905067444,0.6387441754341125,0.2982722520828247
1780626370798939600,23.556939697265626,-0.8212043642997742,0.5564546585083008,0.36295440793037415
1780626370808936000,23.56693603515625,-0.9482637643814087,0.5865417122840881,0.38456782698631287
1780626370818931000,23.576930908203124,-1.0953259468078613,0.6006835699081421,0.35687440633773804
1780626370828926000,23.586926025390625,-1.1555399894714355,0.5358420014381409,0.36159566044807434
1780626370838920700,23.596920654296873,-1.12623929977417,0.5345556735992432,0.41173651814460754
1780626370848916700,23.606916748046874,-1.0302635431289673,0.5834733843803406,0.45143863558769226
1780626370858911700,23.616911865234375,-0.8933275938034058,0.641624927520752,0.4813402593135834
1780626370868906800,23.62690673828125,-0.7414629459381104,0.6472319960594177,0.5722571015357971
1780626370878901800,23.63690185546875,-0.6264875531196594,0.6942073106765747,0.6489062309265137
1780626370888897800,23.646897705078125,-0.5734940767288208,0.8095839619636536,0.6575572490692139
1780626370898892800,23.656892822265625,-0.5553042888641357,0.7567778825759888,0.6208458542823792
1780626370908887800,23.6668876953125,-0.5024674534797668,0.6404517889022827,0.573857307434082
1780626370918882800,23.6768828125,-0.48057377338409424,0.6764766573905945,0.4407709240913391
1780626370928878800,23.68687890625,-0.4801766872406006,0.5895492434501648,0.250698447227478
1780626370938873900,23.696873779296876,-0.44950276613235474,0.35444846749305725,0.1402818262577057
1780626370948868900,23.706868896484377,-0.4122520089149475,0.24800726771354675,0.1353139579296112
1780626370958863600,23.716863525390625,-0.41233009099960327,0.35217493772506714,0.1392573118209839
1780626370968860000,23.72685986328125,-0.46695441007614136,0.4732472896575928,0.13632862269878387
1780626370978855000,23.73685498046875,-0.552288293838501,0.3457030653953552,0.14613224565982819
1780626370988850000,23.746849853515624,-0.618797242641449,0.22163493931293488,0.17391540110111237
1780626370998845000,23.756844970703124,-0.6552334427833557,0.27655765414237976,0.18006113171577454
1780626371008840700,23.7668408203125,-0.6696254014968872,0.3458291292190552,0.16895894706249237
1780626371018835700,23.776835693359374,-0.6678324937820435,0.3675539195537567,0.1904505044221878
1780626371028830700,23.786830810546874,-0.6751580238342285,0.41105079650878906,0.17498819530010223
1780626371038825700,23.79682568359375,-0.6718030571937561,0.47875210642814636,0.15789920091629028
1780626371048820700,23.80682080078125,-0.658893346786499,0.5672734975814819,0.18736068904399872
1780626371058817000,23.816817138671876,-0.6525595188140869,0.6576353907585144,0.20392398536205292
1780626371068811800,23.826811767578125,-0.6513980627059937,0.706386148929596,0.19019672274589539
1780626371078806800,23.836806884765625,-0.6456663608551025,0.690471351146698,0.15621066093444824
1780626371088801800,23.8468017578125,-0.6243547201156616,0.6864558458328247,0.131160169839859
1780626371098797800,23.8567978515625,-0.6041510105133057,0.7222171425819397,0.09399258345365524
1780626371108792800,23.866792724609375,-0.5747920274734497,0.7682729959487915,0.0645177811384201
1780626371118787800,23.876787841796876,-0.5384474396705627,0.7545544505119324,0.06046982854604721
1780626371128782800,23.886782958984377,-0.5191863775253296,0.6838962435722351,0.0689605176448822
1780626371138779000,23.89677880859375,-0.5424710512161255,0.5868054628372192,0.08725392818450928
1780626371148774000,23.90677392578125,-0.6180779337882996,0.514135479927063,0.07533015310764313
1780626371158769000,23.916768798828127,-0.7118309736251831,0.46702489256858826,0.08210714161396027
1780626371168764000,23.926763916015624,-0.7894482612609863,0.43194225430488586,0.10996539890766144
1780626371178760000,23.936760009765624,-0.8279298543930054,0.48819902539253235,0.13020047545433044
1780626371188754700,23.946754638671877,-0.8451111912727356,0.6141479015350342,0.16920407116413116
1780626371198749700,23.956749755859374,-0.8612603545188904,0.7080591917037964,0.2050742506980896
1780626371208744700,23.96674462890625,-0.8983752131462097,0.7492279410362244,0.2513701319694519
1780626371218740700,23.97674072265625,-1.1083160638809204,1.6025701761245728,0.5099552273750305
1780626371228736000,23.986736083984376,-1.394869327545166,2.858229398727417,0.8126048445701599
1780626371238731000,23.99673095703125,-1.4192465543746948,2.858975887298584,0.8756417036056519
1780626371248726000,24.00672607421875,-1.294149398803711,2.1634671688079834,0.8907093405723572
1780626371258721800,24.0167216796875,-1.1643346548080444,1.4811679124832153,0.8859268426895142
1780626371268716800,24.026716796875,-1.044305682182312,1.02473783493042,0.8208346962928772
1780626371278711800,24.0367119140625,-0.9446266889572144,0.6765294075012207,0.6563795804977417
1780626371288706800,24.046706787109375,-0.8226938843727112,0.3200538754463196,0.4750114381313324
1780626371298702600,24.05670263671875,-0.6685154438018799,0.13706687092781067,0.44512349367141724
1780626371308697600,24.066697509765625,-0.59303879737854,0.11437780410051346,0.5420266389846802
1780626371318692900,24.07669287109375,-0.5999418497085571,0.20567966997623444,0.640336811542511
1780626371328687900,24.08668798828125,-0.6282379627227783,0.39001545310020447,0.6832746863365173
1780626371338683000,24.096682861328127,-0.6478738784790039,0.5816566944122314,0.6707143187522888
1780626371348679000,24.106678955078124,-0.6109355688095093,0.6196647882461548,0.5737766027450562
1780626371358674200,24.116674072265624,-0.4993645250797272,0.595890462398529,0.40809348225593567
1780626371368669000,24.1266689453125,-0.35541027784347534,0.5824183225631714,0.29429394006729126
1780626371378664000,24.136663818359374,-0.22664067149162292,0.4533918499946594,0.3122637867927551
1780626371388660000,24.146659912109374,-0.1375073343515396,0.3622613847255707,0.3816223442554474
1780626371398655000,24.156655029296875,-0.10047981142997742,0.416435569524765,0.40283307433128357
1780626371408650000,24.16664990234375,-0.08108560740947723,0.529897153377533,0.338547021150589
1780626371418645000,24.17664501953125,-0.058925777673721313,0.6209765076637268,0.24725565314292908
1780626371428640800,24.186640869140625,-0.0197307076305151,0.5721011161804199,0.15842723846435547
1780626371438635800,24.1966357421875,0.02660118043422699,0.40865153074264526,0.14262546598911285
1780626371448631000,24.206631103515626,0.05608503520488739,0.2811790704727173,0.19039805233478546
1780626371458626000,24.2166259765625,0.05703837424516678,0.30763107538223267,0.2685100734233856
1780626371468622000,24.2266220703125,0.05501437187194824,0.46279776096343994,0.33343979716300964
1780626371478616800,24.236616943359376,0.07428532838821411,0.6188738942146301,0.34608474373817444
1780626371488611800,24.24661181640625,0.11590627580881119,0.6189929246902466,0.3389570713043213
1780626371498606800,24.25660693359375,0.1734093874692917,0.5322510600090027,0.33917877078056335
1780626371508603000,24.266602783203126,0.2450430989265442,0.4608708918094635,0.314583957195282
1780626371518598000,24.276597900390627,0.30536535382270813,0.38552770018577576,0.3150988817214966
1780626371528593000,24.286593017578124,0.3131558895111084,0.26404309272766113,0.356980562210083
1780626371538588200,24.296588134765624,0.2519034445285797,0.12151701003313065,0.4000786542892456
1780626371548583000,24.3065830078125,0.13307000696659088,0.009069292806088924,0.40461134910583496
1780626371558579000,24.316578857421874,-0.004607758484780788,-0.030905520543456078,0.39520955085754395
1780626371568574000,24.326573974609374,-0.09584791958332062,0.035001322627067566,0.41682884097099304
1780626371578569000,24.33656884765625,-0.11121278256177902,0.1064390316605568,0.43859928846359253
1780626371588564000,24.34656396484375,-0.10549391061067581,0.09555096179246902,0.45484402775764465
1780626371598559700,24.356559814453124,-0.128933846950531,0.06779849529266357,0.4600699245929718
1780626371608554800,24.3665546875,-0.19452643394470215,0.04186010733246803,0.485317200422287
1780626371618549800,24.3765498046875,-0.3007790744304657,0.005831673741340637,0.5516310930252075
1780626371628545000,24.386544921875,-0.3987399935722351,-0.05383671447634697,0.6078253984451294
1780626371638541000,24.396541015625,-0.4819949269294739,-0.09869863092899323,0.6467760801315308
1780626371648536000,24.4065361328125,-0.5460548996925354,-0.02922900579869747,0.6966820955276489
1780626371658531000,24.416531005859376,-0.5739717483520508,0.1033526137471199,0.7782343029975891
1780626371668525800,24.42652587890625,-0.560054361820221,0.20973630249500275,0.8430899977684021
1780626371678521900,24.43652197265625,-0.49586933851242065,0.2871491312980652,0.852043092250824
1780626371688516900,24.446516845703126,-0.38573989272117615,0.29684942960739136,0.8596751689910889
1780626371698512000,24.456511962890627,-0.2737268805503845,0.2249307930469513,0.8769385814666748
1780626371708507000,24.4665068359375,-0.18508273363113403,0.16055446863174438,0.9144481420516968
1780626371718503000,24.4765029296875,-0.12463705241680145,0.16054998338222504,0.919406533241272
1780626371728498000,24.486497802734377,-0.1026284247636795,0.24271835386753082,0.8939374089241028
1780626371738493000,24.496492919921874,-0.11782839894294739,0.3452472686767578,0.8892218470573425
1780626371748488000,24.506488037109374,-0.1750727742910385,0.43191343545913696,0.8820209503173828
1780626371758483000,24.51648291015625,-0.23965293169021606,0.4004349112510681,0.9063697457313538
1780626371768479000,24.52647900390625,-0.30324018001556396,0.26048073172569275,0.9422827363014221
1780626371778473700,24.5364736328125,-0.34555503726005554,0.15533562004566193,0.9383134841918945
1780626371788468700,24.54646875,-0.3416289985179901,0.15281333029270172,0.9529901742935181
1780626371798463700,24.556463623046874,-0.30919981002807617,0.2570244073867798,1.0114690065383911
1780626371808460000,24.5664599609375,-0.24745896458625793,0.3969937562942505,1.1372274160385132
1780626371818455000,24.576455078125,-0.18267053365707397,0.5244832634925842,1.245991587638855
1780626371828450000,24.586449951171875,-0.1339610517024994,0.6573276519775391,1.2855205535888672
1780626371838445000,24.596445068359376,-0.10227532684803009,0.8119040727615356,1.2865359783172607
1780626371848440800,24.60644091796875,-0.0697203129529953,0.9608533382415771,1.3441963195800781
1780626371858435800,24.616435791015626,-0.045264337211847305,1.0999975204467773,1.4386144876480103
1780626371868430800,24.626430908203126,-0.05750955268740654,1.1727147102355957,1.5079604387283325
1780626371878425900,24.63642578125,-0.07693132013082504,1.0517657995224,1.5291489362716675
1780626371888422000,24.646421875,-0.09135793149471283,0.8352893590927124,1.4325050115585327
1780626371898417000,24.6564169921875,-0.07534648478031158,0.6012962460517883,1.2721006870269775
1780626371908412000,24.666411865234377,-0.014754515141248703,0.4856460690498352,1.179740309715271
1780626371918407000,24.676406982421874,0.09629999846220016,0.471753865480423,1.1667691469192505
1780626371928402000,24.68640185546875,0.2300839126110077,0.5042041540145874,1.1013188362121582
1780626371938398000,24.69639794921875,0.3556237816810608,0.5917908549308777,0.8982183933258057
1780626371948393000,24.70639306640625,0.46168282628059387,0.7463982701301575,0.6169108152389526
1780626371958388000,24.716387939453124,0.5560804009437561,0.9178317189216614,0.4651532769203186
1780626371968382700,24.7263828125,0.625274121761322,0.9676117897033691,0.4688052535057068
1780626371978379000,24.73637890625,0.648087203502655,0.8788809180259705,0.47416821122169495
1780626371988374000,24.7463740234375,0.5952309370040894,0.747492790222168,0.43187960982322693
1780626371998369000,24.756369140625,0.47449585795402527,0.6495654582977295,0.2729928195476532
1780626372008364000,24.766364013671875,0.3141078054904938,0.6039790511131287,0.02488819696009159
1780626372018359800,24.77635986328125,0.17246225476264954,0.539962112903595,-0.1961202472448349
1780626372028354800,24.786354736328125,0.11724454164505005,0.46333152055740356,-0.24825669825077057
1780626372038349800,24.796349853515625,0.17615589499473572,0.41642484068870544,-0.033967893570661545
1780626372048344800,24.8063447265625,0.28992053866386414,0.3730030655860901,0.20393307507038116
1780626372058341000,24.816341064453123,0.3684690296649933,0.2678576707839966,0.21180135011672974
1780626372068336000,24.826336181640624,0.384550541639328,0.13137225806713104,0.0039136684499681
1780626372078331000,24.836330810546876,0.36071541905403137,0.06725136190652847,-0.2025056630373001
1780626372088326000,24.846325927734377,0.31030070781707764,0.08221939206123352,-0.23891879618167877
1780626372098321000,24.85632080078125,0.22797644138336182,0.08596093207597733,-0.11871439218521118
1780626372108317000,24.86631689453125,0.0827350988984108,0.0013760083820670843,-0.007882954552769661
1780626372118312000,24.87631201171875,-0.1435549259185791,-0.12208845466375351,0.00808024127036333
1780626372128307000,24.886306884765624,-0.4209255576133728,-0.19966821372509003,-0.02654644474387169
1780626372138302000,24.896302001953124,-0.6638292074203491,-0.18829838931560516,-0.14232291281223297
1780626372148298000,24.906298095703125,-0.81903475522995,0.042083412408828735,-0.3748765289783478
1780626372158293000,24.91629296875,-0.8313804268836975,0.4854019582271576,-0.6042572259902954
1780626372168288000,24.9262880859375,-0.7124204635620117,0.9556951522827148,-0.7301502227783203
1780626372178283000,24.936282958984375,-0.5441506505012512,1.2197532653808594,-0.7826030254364014
1780626372188279000,24.946279052734376,-0.38286057114601135,1.1755865812301636,-0.784564733505249
1780626372198273800,24.956273681640624,-0.23627690970897675,0.8813318014144897,-0.7556494474411011
1780626372208268800,24.966268798828125,-0.10465362668037415,0.4926130771636963,-0.6909844279289246
1780626372218263800,24.976263916015625,0.025283904746174812,0.16226378083229065,-0.5815408825874329
1780626372228260000,24.986260009765626,0.12340781092643738,-0.06613210588693619,-0.4308597445487976
1780626372238255000,24.996255126953123,0.16280071437358856,-0.22808837890625,-0.2835836708545685
1780626372248250000,25.00625,0.14460119605064392,-0.2868960499763489,-0.16981741786003113
1780626372258244900,25.016244873046876,0.09031165391206741,-0.18630768358707428,-0.08321166783571243
1780626372268240000,25.026239990234377,0.0334869921207428,0.007492146920412779,-0.010492187924683094
1780626372278236000,25.03623583984375,-0.013891045935451984,0.12157150357961655,0.034935351461172104
1780626372288231000,25.04623095703125,-0.04313468560576439,0.090633824467659,0.052214473485946655
1780626372298226000,25.056225830078127,-0.0497896745800972,0.01140282116830349,0.08308227360248566
1780626372308221000,25.066220947265624,-0.045014094561338425,-0.01061859168112278,0.1250840574502945
1780626372318217000,25.076217041015624,-0.04615362361073494,0.07039287686347961,0.14889396727085114
1780626372328212000,25.0862119140625,-0.0629216805100441,0.216006800532341,0.14898185431957245
1780626372338207000,25.09620703125,-0.095890574157238,0.3103850781917572,0.12166811525821686
1780626372348202000,25.106201904296874,-0.13544145226478577,0.23951146006584167,0.06707171350717545
1780626372358197000,25.116197021484375,-0.16789275407791138,0.09671168029308319,0.01434959378093481
1780626372368192000,25.12619189453125,-0.1649201363325119,-0.021039718762040138,-0.021149277687072754
1780626372378187000,25.13618701171875,-0.1260620653629303,-0.09176644682884216,-0.057490285485982895
1780626372388182000,25.14618212890625,-0.0639164075255394,-0.11187996715307236,-0.123190738260746
1780626372398177800,25.156177734375,0.0015489375218749046,-0.0744311586022377,-0.20249833166599274
1780626372408172800,25.1661728515625,0.041883308440446854,0.010107425972819328,-0.258874773979187
1780626372418167800,25.176167724609375,0.058234356343746185,0.10279803723096848,-0.2750072181224823
1780626372428163000,25.1861630859375,0.06572609394788742,0.1679019331932068,-0.26492956280708313
1780626372438158000,25.196157958984376,0.0688413456082344,0.18990691006183624,-0.23609793186187744
1780626372448153900,25.20615380859375,0.06559894979000092,0.16246676445007324,-0.18998663127422333
1780626372458148900,25.21614892578125,0.05172061175107956,0.1006627157330513,-0.15798620879650116
1780626372468143900,25.226143798828126,0.02079039067029953,0.0408337377011776,-0.1622893512248993
1780626372478139000,25.236138916015626,-0.019512102007865906,0.01962953619658947,-0.1924460232257843
1780626372488135000,25.246135009765624,-0.031081672757864,0.03407212346792221,-0.2166467010974884
1780626372498130000,25.2561298828125,0.00047602085396647453,0.022684268653392792,-0.2277364432811737
1780626372508125000,25.266125,0.06870860606431961,-0.029821282252669334,-0.2399369180202484
1780626372518120000,25.276119873046873,0.14762674272060394,-0.09226206690073013,-0.26238393783569336
1780626372528116000,25.286115966796874,0.1995362788438797,-0.12357178330421448,-0.2988958954811096
1780626372538111000,25.296111083984375,0.2161032259464264,-0.10499807447195053,-0.34980276226997375
1780626372548106000,25.30610595703125,0.21568137407302856,-0.03025032766163349,-0.3641233742237091
1780626372558101000,25.31610107421875,0.19713367521762848,0.02586451731622219,-0.34939852356910706
1780626372568096800,25.3260966796875,0.17101526260375977,0.008038116618990898,-0.3156062066555023
1780626372578091800,25.336091796875,0.14149145781993866,-0.04907310754060745,-0.2546248733997345
1780626372588086800,25.346086669921874,0.11160172522068024,-0.07952262461185455,-0.1667775958776474
1780626372598081800,25.356081787109375,0.08251247555017471,-0.016355330124497414,-0.0651450827717781
1780626372608077000,25.3660771484375,0.048642661422491074,0.0732019767165184,-0.0014297547750175
1780626372618073000,25.376072998046876,0.024908795952796936,0.11447392404079437,0.009110314771533012
1780626372628068000,25.386068115234377,0.01934385485947132,0.09059469401836395,-0.02309822291135788
1780626372638062800,25.396062744140625,0.025320351123809814,0.037538230419158936,-0.07099975645542145
1780626372648057900,25.406057861328126,0.03787768632173538,-0.04513534530997276,-0.1247444748878479
1780626372658054000,25.416053955078127,0.018457118421792984,-0.15324664115905762,-0.1737556904554367
1780626372668049000,25.426048828125,-0.018468942493200302,-0.20327970385551453,-0.19098901748657227
1780626372678044000,25.4360439453125,-0.003310438711196184,-0.1633586883544922,-0.17120888829231262
1780626372688039000,25.446038818359376,0.057593394070863724,-0.07124634087085724,-0.1605229526758194
1780626372698035000,25.456034912109374,0.1063573807477951,0.037233851850032806,-0.1768438220024109
1780626372708030000,25.466030029296874,0.12415021657943726,0.09804660081863403,-0.19905512034893036
1780626372718025000,25.47602490234375,0.10528649389743805,0.09451936930418015,-0.21770000457763672
1780626372728020000,25.48602001953125,0.0682150274515152,0.03894691914319992,-0.23588912189006805
1780626372738015000,25.496014892578124,0.05093942582607269,-0.0489463284611702,-0.2677066922187805
1780626372748010800,25.5060107421875,0.05454641208052635,-0.15407168865203857,-0.331364244222641
1780626372758005800,25.516005859375,0.04037196561694145,-0.1945483535528183,-0.3732106685638428
1780626372768000800,25.526000732421874,0.023119745776057243,-0.10082506388425827,-0.3234071433544159
1780626372777995800,25.535995849609375,0.030419159680604935,0.035318903625011444,-0.21395224332809448
1780626372787992000,25.545991943359375,0.06624720245599747,0.09409726411104202,-0.12774145603179932
1780626372797987000,25.555987060546876,0.11461580544710159,0.05355266109108925,-0.11463656276464462
1780626372807982000,25.565982177734377,0.14242719113826752,-0.016049321740865707,-0.1420905590057373
1780626372817976800,25.575976806640625,0.14202231168746948,-0.050151366740465164,-0.17699512839317322
1780626372827972900,25.585972900390626,0.14061270654201508,-0.0712185651063919,-0.21046999096870422
1780626372837968000,25.5959677734375,0.15446259081363678,-0.10027836263179779,-0.2395748496055603
1780626372847963000,25.605962890625,0.17495562136173248,-0.12273546308279037,-0.2632910907268524
1780626372857958000,25.6159580078125,0.18964123725891113,-0.1147623136639595,-0.2759816348552704
1780626372867954000,25.625953857421877,0.2109941989183426,-0.05915497988462448,-0.2750577926635742
1780626372877949000,25.635948974609374,0.22227154672145844,0.029924483969807625,-0.2782849967479706
1780626372887944000,25.64594384765625,0.2162458896636963,0.13015761971473694,-0.2836824357509613
1780626372897939000,25.65593896484375,0.19705066084861755,0.2300807237625122,-0.2613351345062256
1780626372907934000,25.665933837890623,0.16227377951145172,0.2969961166381836,-0.2081773728132248
1780626372917930000,25.675929931640624,0.09801629185676575,0.32534125447273254,-0.1293993592262268
1780626372927925000,25.685925048828125,0.030899304896593094,0.28782930970191956,-0.03436737880110741
1780626372937919700,25.695919677734373,-0.026367325335741043,0.18089883029460907,0.026423029601573944
1780626372947914800,25.705914794921874,-0.04962630569934845,0.08284018933773041,0.016724593937397003
1780626372957911000,25.7159111328125,-0.03390350192785263,0.08306919783353806,-0.04221310093998909
1780626372967906000,25.725906005859375,-0.012020839378237724,0.14007017016410828,-0.10780782252550125
1780626372977901000,25.735901123046876,-0.006032702978700399,0.15523765981197357,-0.1547081172466278
1780626372987896000,25.74589599609375,-0.0041620987467467785,0.07939242571592331,-0.1877523511648178
1780626372997891800,25.755891845703125,0.00864776223897934,-0.01679805852472782,-0.20362743735313416
1780626373007886800,25.765886962890626,0.0036087948828935623,-0.03381991758942604,-0.18115541338920593
1780626373017881900,25.7758818359375,-0.018051380291581154,0.022864332422614098,-0.12650012969970703
1780626373027876900,25.785876953125,-0.032199688255786896,0.07531742006540298,-0.06148570775985718
1780626373037871900,25.795871826171876,-0.03128209710121155,0.03348270058631897,-0.010479651391506195
1780626373047868000,25.805867919921877,-0.03200594335794449,-0.04920312389731407,0.024654634296894073
1780626373057863000,25.81586279296875,-0.043220557272434235,-0.08610348403453827,0.03687622770667076
1780626373067858000,25.82585791015625,-0.05056928098201752,-0.0475345216691494,0.04943729192018509
1780626373077853000,25.83585302734375,-0.053488656878471375,0.01627562753856182,0.05899927392601967
1780626373087849000,25.845848876953124,-0.04372977092862129,0.061674270778894424,0.0670422911643982
1780626373097844000,25.855843994140624,-0.026805244386196136,0.0968300923705101,0.08517002314329147
1780626373107839000,25.8658388671875,-0.00552339106798172,0.10961246490478516,0.10705748200416565
1780626373117833700,25.875833740234373,0.011379290372133255,0.09773708879947662,0.11571874469518661
1780626373127830000,25.885830078125,0.025655698031187057,0.08124732971191406,0.1301477551460266
1780626373137825000,25.895824951171875,0.046088479459285736,0.05641258507966995,0.16160152852535248
1780626373147820000,25.905820068359375,0.07578938454389572,0.007347037084400654,0.1889204978942871
1780626373157815000,25.91581494140625,0.09994960576295853,-0.0607423409819603,0.19544996321201324
1780626373167810000,25.92581005859375,0.10424342006444931,-0.10769413411617279,0.1925782859325409
1780626373177805800,25.935805908203125,0.07002049684524536,-0.12700067460536957,0.18445466458797455
1780626373187800800,25.94580078125,0.0177833940833807,-0.10603015124797821,0.18660597503185272
1780626373197795800,25.9557958984375,0.0007405299693346024,-0.019732195883989334,0.19934992492198944
1780626373207790800,25.965790771484375,0.03440474718809128,0.11142422258853912,0.22735998034477234
1780626373217787100,25.975787109375,0.09919020533561707,0.22882063686847687,0.24756966531276703
1780626373227782000,25.985781982421877,0.14658674597740173,0.28569990396499634,0.2338240146636963
1780626373237777000,25.99577685546875,0.15763242542743683,0.31234362721443176,0.19408200681209564
1780626373247772000,26.00577197265625,0.13209910690784454,0.3235611319541931,0.1707809418439865
1780626373257768000,26.015767822265627,0.07428473234176636,0.3037188649177551,0.18740642070770264
1780626373267763000,26.025762939453124,0.028037607669830322,0.257329523563385,0.22504007816314697
1780626373277758000,26.035758056640624,0.03627514839172363,0.09335815161466599,0.30125659704208374
1780626373287753000,26.0457529296875,0.08407942950725555,-0.13853953778743744,0.4079905152320862
1780626373297748000,26.055748046875,0.14732682704925537,-0.2120322734117508,0.525015652179718
1780626373307744000,26.065743896484374,0.20346786081790924,0.04882408306002617,0.5953148603439331
1780626373317739000,26.075739013671875,0.23381774127483368,0.39917635917663574,0.5707901120185852
1780626373327734000,26.085734130859375,0.21383817493915558,0.49709680676460266,0.5156179666519165
1780626373337729000,26.09572900390625,0.16344788670539856,0.37603792548179626,0.4952255189418793
1780626373347724800,26.105724853515625,0.11957790702581406,0.18069212138652802,0.5166354775428772
1780626373357719800,26.1157197265625,0.08772528916597366,0.04631245508790016,0.562526524066925
1780626373367715300,26.12571533203125,0.09572809189558029,-0.1791353076696396,0.5712814331054688
1780626373377710600,26.135710693359375,0.15041063725948334,-0.4727630317211151,0.5351632237434387
1780626373387706600,26.14570654296875,0.2318732738494873,-0.5034069418907166,0.5189635157585144
1780626373397701400,26.155701416015624,0.3254563808441162,-0.2968912720680237,0.47570741176605225
1780626373407696400,26.1656962890625,0.4284070134162903,-0.12207844108343124,0.3603222370147705
1780626373417691400,26.17569140625,0.523827075958252,-0.08040453493595123,0.33858659863471985
1780626373427686400,26.185686279296874,0.6046143174171448,-0.15405212342739105,0.45327243208885193
1780626373437682400,26.195682373046875,0.6884030103683472,-0.246996209025383,0.5978919863700867
1780626373447677400,26.205677490234375,0.7780746221542358,-0.2480390965938568,0.7005725502967834
1780626373457672400,26.21567236328125,0.869684100151062,-0.11029825359582901,0.7565715909004211
1780626373467667500,26.22566748046875,0.9726863503456116,0.1172315776348114,0.8604492545127869
1780626373477663500,26.23566357421875,1.0716935396194458,0.38819968700408936,0.9987311959266663
1780626373487658500,26.245658447265626,1.1421805620193481,0.6387608051300049,1.1062281131744385
1780626373497653500,26.255653564453127,1.1521592140197754,0.7324017286300659,1.0711151361465454
1780626373507648500,26.2656484375,1.1210081577301025,0.5596041083335876,0.9190166592597961
1780626373517644300,26.275644287109376,1.100704312324524,0.2880376875400543,0.8216215372085571
1780626373527639300,26.285639404296877,1.122434377670288,0.0868997648358345,0.917559802532196
1780626373537634300,26.29563427734375,1.1819969415664673,0.034970853477716446,1.1978685855865479
1780626373547629300,26.30562939453125,1.2526750564575195,0.1388876587152481,1.4939210414886475
1780626373557624600,26.31562451171875,1.2901279926300049,0.37570008635520935,1.730187177658081
1780626373567620600,26.32562060546875,1.2897934913635254,0.502852201461792,1.7802679538726807
1780626373577615600,26.33561572265625,1.2110563516616821,0.39119595289230347,1.5330597162246704
1780626373587610400,26.3456103515625,1.0849969387054443,0.3780159652233124,1.2070014476776123
1780626373597605400,26.35560546875,1.0029587745666504,0.48350900411605835,1.052323341369629
1780626373607601400,26.365601318359374,1.0094987154006958,0.41442233324050903,1.0947164297103882
1780626373617596400,26.375596435546875,1.0590482950210571,0.07887262105941772,1.1528055667877197
1780626373627591400,26.38559130859375,1.1293702125549316,-0.12148071825504303,1.1513948440551758
1780626373637586700,26.395586669921876,1.2183635234832764,-0.20878294110298157,1.0453304052352905
1780626373647582500,26.40558251953125,1.2922207117080688,-0.31901463866233826,0.8762772679328918
1780626373657577500,26.415577392578125,1.3216623067855835,-0.3664979934692383,0.759708821773529
1780626373667572500,26.425572509765626,1.304587960243225,-0.3449508845806122,0.6699190139770508
1780626373677567500,26.4355673828125,1.2563499212265015,-0.31491968035697937,0.5374980568885803
1780626373687562500,26.4455625,1.2045384645462036,-0.2631467580795288,0.41099393367767334
1780626373697558500,26.45555859375,1.1744160652160645,0.05350580811500549,0.38843241333961487
1780626373707553300,26.46555322265625,1.1505097150802612,0.43670645356178284,0.3318226635456085
1780626373717548300,26.47554833984375,1.08224618434906,0.6005911231040955,0.15424758195877075
1780626373727543600,26.48554345703125,0.9733564257621765,0.649488091468811,-0.04973990470170975
1780626373737539600,26.49553955078125,0.8583533763885498,0.821614682674408,-0.14254869520664215
1780626373747534600,26.50553466796875,0.7259157299995422,0.9472000002861023,-0.21022626757621765
1780626373757529600,26.515529541015624,0.5630391240119934,0.8571598529815674,-0.2557657063007355
1780626373767524600,26.525524658203125,0.3991926610469818,0.6797422170639038,-0.18548063933849335
1780626373777519400,26.535519287109373,0.2928035259246826,0.4841977059841156,-0.07509025931358337
1780626373787515400,26.545515380859374,0.2789023816585541,0.2687205672264099,-0.023693380877375603
1780626373797510400,26.555510498046875,0.2823752760887146,0.12695994973182678,0.012987107038497925
1780626373807505400,26.56550537109375,0.2400190234184265,-0.05092189088463783,0.04472559317946434
1780626373817500700,26.575500732421876,0.14258946478366852,-0.26424646377563477,0.078083835542202
1780626373827496400,26.585496337890625,0.048632875084877014,-0.24583494663238525,0.08505146950483322
1780626373837491500,26.595491455078125,0.03654015064239502,-0.07962897419929504,-0.0074947611428797245
1780626373847486500,26.605486572265626,0.11173956096172333,0.13983972370624542,-0.11777865886688232
1780626373857481500,26.6154814453125,0.21222130954265594,0.35767173767089844,-0.12435989826917648
1780626373867477500,26.6254775390625,0.3019200563430786,0.5094497799873352,-0.01061336137354374
1780626373877472500,26.635472412109376,0.3763032853603363,0.3481045365333557,0.06327146291732788
1780626373887467300,26.64546728515625,0.4107707142829895,0.06263390183448792,0.032706089317798615
1780626373897462300,26.655462158203125,0.3758004307746887,-0.06255406886339188,-0.06123507022857666
1780626373907457500,26.66545751953125,0.2788219451904297,0.035229213535785675,-0.20877525210380554
1780626373917453600,26.67545361328125,0.1439569890499115,0.30627554655075073,-0.3770531713962555
1780626373927448600,26.685448486328124,-0.0021416363306343555,0.6375511884689331,-0.5177849531173706
1780626373937443600,26.695443603515624,-0.11841578036546707,0.784903347492218,-0.6206868290901184
1780626373947438600,26.7054384765625,-0.18386216461658478,0.7481514811515808,-0.6872996687889099
1780626373957434400,26.715434326171874,-0.1706083118915558,0.6937543153762817,-0.7131829261779785
1780626373967429400,26.725429443359374,-0.10310143232345581,0.7006683945655823,-0.6779101490974426
1780626373977424400,26.73542431640625,-0.053873807191848755,0.767792284488678,-0.6029863953590393
1780626373987419400,26.74541943359375,-0.058021947741508484,0.7924947142601013,-0.5448509454727173
1780626373997415400,26.75541552734375,-0.07707676291465759,0.7202766537666321,-0.49112334847450256
1780626374007410400,26.765410400390625,-0.09183626621961594,0.7195799946784973,-0.3916737139225006
1780626374017405400,26.775405517578125,-0.09870751947164536,0.6788527965545654,-0.2976924479007721
1780626374027400400,26.785400390625,-0.06418894976377487,0.5438051819801331,-0.2714935839176178
1780626374037395500,26.7953955078125,0.03334393352270126,0.3867771327495575,-0.24855633080005646
1780626374047391500,26.8053916015625,0.13545618951320648,0.3260120451450348,-0.12135017663240433
1780626374057386500,26.815386474609376,0.20387282967567444,0.18942904472351074,0.1624363511800766
1780626374067381500,26.825381591796877,0.2001265585422516,0.06304553896188736,0.3617473542690277
1780626374077376300,26.835376220703125,0.15845249593257904,-0.19217592477798462,0.4348558783531189
1780626374087372500,26.84537255859375,0.12784399092197418,-0.37539979815483093,0.3862036466598511
1780626374097367600,26.855367431640627,0.16704384982585907,-0.4157160818576813,0.3439081311225891
1780626374107362600,26.865362548828124,0.23395231366157532,-0.20353510975837708,0.34869542717933655
1780626374117357600,26.875357666015624,0.18120510876178741,-0.059636469930410385,0.380143940448761
1780626374127352600,26.8853525390625,0.19629298150539398,0.078931525349617,0.39531171321868896
1780626374137348400,26.895348388671874,0.14741110801696777,0.13797065615653992,0.27759817242622375
1780626374147343400,26.90534326171875,0.05030372738838196,0.17434172332286835,0.14911876618862152
1780626374157338400,26.91533837890625,-0.0013847444206476212,0.19581227004528046,0.12259696424007416
1780626374167333400,26.92533349609375,-0.00014770636335015297,0.07330580800771713,0.1196453869342804
1780626374177329700,26.93532958984375,0.031236575916409492,-0.08019325882196426,0.13165172934532166
1780626374187324400,26.945324462890625,0.07300399988889694,-0.11334775388240814,0.15254022181034088
1780626374197319400,26.9553193359375,0.13735011219978333,-0.09658974409103394,0.14223986864089966
1780626374207314400,26.965314453125,0.1710825115442276,-0.08304570615291595,0.11610095202922821
1780626374217310500,26.975310546875,0.15723145008087158,0.009905412793159485,0.1005442813038826
1780626374227305500,26.985305419921875,0.11855968832969666,0.1663741171360016,0.10401810705661774
1780626374237300500,26.995300537109376,0.08741556107997894,0.2456388771533966,0.08707159757614136
1780626374247295500,27.00529541015625,0.06515979021787643,0.20742757618427277,0.02269926480948925
1780626374257290200,27.015290283203125,0.1705382764339447,0.8448337912559509,-0.1573057770729065
1780626374267286500,27.02528662109375,0.2996706962585449,1.5651007890701294,-0.3608304262161255
1780626374277281500,27.035281494140627,0.46928149461746216,1.9793784618377686,-0.4678986668586731
1780626374287276500,27.045276611328124,0.6187056303024292,1.972915768623352,-0.6357158422470093
1780626374297271600,27.055271484375,0.723892867565155,1.4870939254760742,-0.6416252851486206
1780626374307267300,27.065267333984377,0.7617622017860413,0.8887482285499573,-0.37006676197052
1780626374317262300,27.075262451171874,0.5670384168624878,0.0443803109228611,0.05027036368846893
1780626374327257300,27.08525732421875,0.4180121421813965,-1.0736567974090576,0.24524064362049103
1780626374337252400,27.09525244140625,0.46645301580429077,-2.062091827392578,0.5304911732673645
1780626374347247400,27.105247314453123,0.6959916353225708,-2.3595120906829834,0.8161474466323853
1780626374357243600,27.11524365234375,1.0155298709869385,-1.9911695718765259,0.6992422938346863
1780626374367238100,27.125238037109376,1.323476791381836,-1.4242477416992188,0.3054700195789337
1780626374377233200,27.135233154296873,1.534944772720337,-0.9758777618408203,0.08643864095211029
1780626374387228000,27.145227783203126,1.7087745666503906,-1.168311357498169,0.13878652453422546
1780626374397224000,27.155223876953126,1.9463762044906616,-2.0734667778015137,0.3293989896774292
1780626374407219200,27.16521923828125,2.1990556716918945,-3.130042314529419,0.44626009464263916
1780626374417214200,27.175214111328124,2.446338176727295,-3.802027463912964,0.3795013725757599
1780626374427209200,27.185209228515625,2.7808659076690674,-4.101039409637451,0.15783770382404327
1780626374437204200,27.195204345703125,3.2813620567321777,-4.321880340576172,-0.12370400130748749
1780626374447200000,27.205199951171874,3.8683032989501953,-4.64479398727417,-0.3511752486228943
1780626374457195000,27.215195068359375,4.4392924308776855,-4.9427170753479,-0.5869603753089905
1780626374467190000,27.22518994140625,5.010265827178955,-4.985565662384033,-0.8401990532875061
1780626374477185000,27.23518505859375,5.311885356903076,-4.7590532302856445,-1.0401251316070557
1780626374487181000,27.24518115234375,5.3179402351379395,-4.325315952301025,-1.2366336584091187
1780626374497176000,27.255176025390625,5.067376136779785,-3.676011323928833,-1.4001476764678955
1780626374507171000,27.265171142578126,4.51841926574707,-2.796865224838257,-1.4877731800079346
1780626374517166000,27.275166015625,3.789895534515381,-2.1330018043518066,-1.4118545055389404
1780626374527161000,27.2851611328125,3.232804775238037,-1.9908373355865479,-1.1816648244857788
1780626374537157000,27.2951572265625,2.694671154022217,-1.9731147289276123,-0.9004719853401184
1780626374547152100,27.305152099609376,2.192664623260498,-1.7147130966186523,-0.7274410724639893
1780626374557147100,27.315147216796873,1.7625081539154053,-1.2648345232009888,-0.6417202949523926
1780626374567142000,27.325141845703126,1.4078091382980347,-0.8760902881622314,-0.5435947775840759
1780626374577138000,27.335137939453126,1.1124475002288818,-0.6254656314849854,-0.37828367948532104
1780626374587133200,27.34513330078125,0.8375832438468933,-0.3876434564590454,-0.1914091408252716
1780626374597128200,27.355128173828124,0.5985514521598816,-0.13095669448375702,-0.004092437215149403
1780626374607123200,27.365123291015625,0.4312995672225952,0.23085585236549377,0.1361032873392105
1780626374617119000,27.375118896484373,0.35432809591293335,0.5264818668365479,0.2471589595079422
1780626374627114000,27.385114013671874,0.3395773768424988,0.6696832180023193,0.324142187833786
1780626374637109000,27.39510888671875,0.32855135202407837,0.563735842704773,0.35115742683410645
1780626374647104000,27.40510400390625,0.30293333530426025,0.30682891607284546,0.30086708068847656
1780626374657099000,27.41509912109375,0.26671403646469116,0.1589525043964386,0.18964895606040955
1780626374667095000,27.425094970703125,0.22254230082035065,0.22474484145641327,0.0803469717502594
1780626374677090000,27.435090087890625,0.17552195489406586,0.33066120743751526,0.03269711881875992
1780626374687085000,27.4450849609375,0.10658548772335052,0.4093610942363739,0.028867758810520172
1780626374697080000,27.455080078125,0.04478217661380768,0.4015040397644043,0.046108126640319824
1780626374707076000,27.465076171875,0.01819743774831295,0.3121429979801178,0.05067651346325874
1780626374717071000,27.475071044921876,0.04322456568479538,0.0852433517575264,0.039270058274269104
1780626374727066000,27.485066162109376,0.07788693904876709,-0.13248951733112335,0.000382046215236187
1780626374737061000,27.49506103515625,0.05981191620230675,-0.17061948776245117,-0.06428293883800507
1780626374747056000,27.50505615234375,-0.03409327566623688,-0.12216274440288544,-0.1260397732257843
1780626374757052000,27.515052001953126,-0.13485337793827057,0.05462050437927246,-0.1460898071527481
1780626374767047200,27.525047119140623,-0.17950579524040222,0.26307812333106995,-0.10261315852403641
1780626374777042200,27.535042236328124,-0.08363035321235657,0.32357603311538696,-0.022580454126000404
1780626374787037200,27.545037109375,0.35838407278060913,0.2642725110054016,0.03599018231034279
1780626374797033000,27.555032958984373,0.9400261044502258,-0.02375979907810688,0.023882290348410606
1780626374807028000,27.565028076171874,1.2315860986709595,-0.260160356760025,-0.11623487621545792
1780626374817023000,27.57502294921875,1.3632181882858276,-0.4344589412212372,-0.3506295382976532
1780626374827018000,27.58501806640625,1.437671184539795,-0.3961930274963379,-0.6720397472381592
1780626374837013000,27.595012939453124,1.676865816116333,-0.41009825468063354,-0.9360769987106323
1780626374847009000,27.605009033203125,1.8665845394134521,-0.4055700898170471,-1.1202460527420044
1780626374857004300,27.61500439453125,1.7175259590148926,-0.39723870158195496,-1.212512731552124
1780626374866999000,27.6249990234375,1.438191533088684,-0.45237651467323303,-1.2322406768798828
1780626374876994000,27.634994140625,1.1158586740493774,-0.40708279609680176,-1.2699565887451172
1780626374886990000,27.644989990234375,0.5496903657913208,-0.206807479262352,-1.3699220418930054
1780626374896985000,27.654985107421876,-0.19719389081001282,-0.1561688482761383,-1.45573890209198
1780626374906980000,27.66497998046875,-0.710304856300354,-0.3076976537704468,-1.532324194908142
1780626374916975000,27.67497509765625,-1.092830777168274,-0.4882727265357971,-1.6028032302856445
1780626374926971000,27.684970947265626,-1.1721309423446655,-0.30797484517097473,-1.603798747062683
1780626374936966000,27.6949658203125,-1.1702442169189453,-0.2658272981643677,-1.4155291318893433
1780626374946961200,27.704961181640623,-1.121564507484436,-0.43119096755981445,-1.1528149843215942
1780626374956956200,27.7149560546875,-1.230777621269226,-0.7360278367996216,-0.9077826738357544
1780626374966951200,27.724951171875,-1.359947919845581,-0.7622666358947754,-0.7459205389022827
1780626374976947000,27.734947021484373,-1.2811896800994873,-0.6181945204734802,-0.593404233455658
1780626374986942000,27.74494189453125,-1.0587414503097534,-0.5870003700256348,-0.40298986434936523
1780626374996937000,27.75493701171875,-0.7508052587509155,-0.45531997084617615,-0.21854349970817566
1780626375006932000,27.764931884765623,-0.543285608291626,-0.12646831572055817,0.03605470433831215
1780626375016928000,27.774927978515624,-0.47437506914138794,0.10283692181110382,0.2883068323135376
1780626375026923000,27.784923095703125,-0.4718908667564392,0.19215428829193115,0.5136749148368835
1780626375036918300,27.794918212890625,-0.5235757231712341,0.33934634923934937,0.7240706086158752
1780626375046913000,27.8049130859375,-0.5768493413925171,0.552983820438385,0.9345273971557617
1780626375056908000,27.814907958984374,-0.63333660364151,0.7713451385498047,1.1332099437713623
1780626375066904000,27.824904052734375,-0.7169316411018372,0.9688105583190918,1.2659319639205933
1780626375076899000,27.834899169921876,-0.807129442691803,1.0858421325683594,1.2637808322906494
1780626375086894000,27.84489404296875,-0.8129010200500488,1.025410771369934,1.1428693532943726
1780626375096889000,27.85488916015625,-0.7159392237663269,0.8904309272766113,0.9691895246505737
1780626375106884900,27.864884765625,-0.5370118021965027,0.8619638681411743,0.7939814925193787
1780626375116880000,27.8748798828125,-0.3273867070674896,0.8222200274467468,0.6378158926963806
1780626375126875100,27.884875244140623,-0.14275826513767242,0.6970677375793457,0.5072062015533447
1780626375136870100,27.8948701171875,-0.028676345944404602,0.513146162033081,0.39614859223365784
1780626375146865200,27.904865234375,-0.00678915623575449,0.3609233498573303,0.3356383740901947
1780626375156861200,27.914861083984373,-0.05095820128917694,0.23901325464248657,0.32093197107315063
1780626375166856000,27.92485595703125,-0.10426323115825653,0.14346222579479218,0.3259294033050537
1780626375176851000,27.934850830078126,-0.12367448210716248,0.07250815629959106,0.2863907814025879
1780626375186846000,27.944845947265627,-0.1179092675447464,-0.007935283705592155,0.16547660529613495
1780626375196842000,27.954842041015624,-0.11341798305511475,-0.10994572192430496,0.006116374395787716
1780626375206837200,27.964837158203125,-0.10539308190345764,-0.1613931953907013,-0.1025371327996254
1780626375216832300,27.974832275390625,-0.09825558215379715,-0.12587982416152954,-0.12377629429101944
1780626375226827300,27.9848271484375,-0.07648477703332901,-0.10207649320363998,-0.071376733481884
1780626375236822000,27.994822021484374,-0.0598636157810688,-0.039916981011629105,-0.002058716956526041
1780626375246818000,28.004818115234375,-0.06118294596672058,0.038126688450574875,0.058836858719587326
1780626375256813000,28.01481298828125,-0.06710350513458252,0.08740182220935822,0.11088638007640839
1780626375266808000,28.02480810546875,-0.12709040939807892,0.07273072749376297,0.16788600385189056
1780626375276803000,28.034802978515625,-0.23232553899288177,0.025182154029607773,0.21263135969638824
1780626375286798800,28.044798828125,-0.27246204018592834,-0.03319300338625908,0.21078871190547943
1780626375296794000,28.054794189453126,-0.23571118712425232,-0.13916003704071045,0.16984722018241882
1780626375306789000,28.0647890625,-0.13638673722743988,-0.3058866858482361,0.11271709948778152
1780626375316784000,28.0747841796875,0.01469697616994381,-0.42570561170578003,0.08045785874128342
1780626375326779100,28.084779052734376,0.12812553346157074,-0.3539086580276489,0.09789809584617615
1780626375336775200,28.094775146484373,0.13504819571971893,-0.194697305560112,0.14511266350746155
1780626375346770200,28.104770263671874,0.08628731966018677,-0.05901564285159111,0.17915958166122437
1780626375356765000,28.114764892578126,0.05857564136385918,-0.012436865828931332,0.1660345047712326
1780626375366760200,28.12476025390625,0.07815386354923248,-0.0968308374285698,0.09510918706655502
1780626375376756500,28.134756591796876,0.12002786248922348,-0.25232580304145813,0.01257119420915842
1780626375386751500,28.14475146484375,0.13628274202346802,-0.3415941894054413,-0.03811595216393471
1780626375396746500,28.15474658203125,0.11852496862411499,-0.3064550757408142,-0.043802451342344284
1780626375406741500,28.164741455078126,0.07586619257926941,-0.19575171172618866,-0.020110702142119408
1780626375416736300,28.174736328125,0.05111536756157875,-0.06290804594755173,0.04317667335271835
1780626375426732300,28.184732177734375,0.031146451830863953,-0.0003045910852961242,0.10786271840333939
1780626375436727300,28.194727294921876,-0.0030323518440127373,0.04490324482321739,0.15744943916797638
1780626375446722300,28.204722412109376,-0.05043688789010048,0.04494745284318924,0.1485142558813095
1780626375456717300,28.21471728515625,-0.0939662754535675,-0.0057768612168729305,0.0679122805595398
1780626375466713300,28.22471337890625,-0.12707309424877167,-0.06916248798370361,-0.04457005858421326
1780626375476708400,28.234708251953126,-0.14664044976234436,-0.12278036028146744,-0.1411038339138031
1780626375486703400,28.244703369140623,-0.15812426805496216,-0.13392141461372375,-0.1863914132118225
1780626375496698400,28.254698486328124,-0.1595219075679779,-0.09381837397813797,-0.177224799990654
1780626375506694400,28.2646943359375,-0.14817285537719727,-0.018768098205327988,-0.1448064148426056
1780626375516689400,28.274689453125,-0.11608858406543732,0.042269207537174225,-0.12458427250385284
1780626375526684200,28.28468408203125,-0.053134121000766754,0.042634058743715286,-0.13292714953422546
1780626375536679200,28.29467919921875,0.003724148031324148,0.05986953154206276,-0.1290379762649536
1780626375546674200,28.304674072265627,0.033568862825632095,0.10462422668933868,-0.09096675366163254
1780626375556670500,28.31467041015625,0.029548892751336098,0.15252897143363953,-0.0428805910050869
1780626375566665500,28.32466552734375,0.0104252640157938,0.17771075665950775,-0.013373298570513725
1780626375576660500,28.334660400390625,-0.016712477430701256,0.19564561545848846,-0.011396572925150394
1780626375586655500,28.344655517578126,-0.04538167268037796,0.23555122315883636,-0.011965158395469189
1780626375596651300,28.3546513671875,-0.06525285542011261,0.2633190453052521,-0.00016734213568270206
1780626375606646300,28.364646240234375,-0.07592520862817764,0.2559226453304291,0.04061737284064293
1780626375616641300,28.374641357421876,-0.07655554264783859,0.2054530680179596,0.10505621135234833
1780626375626636300,28.38463623046875,-0.0839436799287796,0.15924055874347687,0.16607747972011566
1780626375636631300,28.39463134765625,-0.10643940418958664,0.14250285923480988,0.19099587202072144
1780626375646627300,28.40462744140625,-0.13111864030361176,0.1221107617020607,0.18325993418693542
1780626375656622300,28.414622314453126,-0.15816138684749603,0.11177968233823776,0.14145337045192719
1780626375666617300,28.424617431640623,-0.17556753754615784,0.10620835423469543,0.08793715387582779
1780626375676612400,28.4346123046875,-0.18509714305400848,0.1011945903301239,0.04964132606983185
1780626375686607400,28.444607421875,-0.17609833180904388,0.060547564178705215,0.07736855745315552
1780626375696603400,28.454603271484373,-0.15724365413188934,0.02643628418445587,0.15317456424236298
1780626375706598400,28.464598388671874,-0.1477028727531433,0.03792249411344528,0.23403427004814148
1780626375716593200,28.47459326171875,-0.16925469040870667,0.11206085979938507,0.2583511769771576
1780626375726588200,28.484588134765627,-0.2073189914226532,0.15390071272850037,0.25425124168395996
1780626375736584400,28.49458447265625,-0.23158173263072968,0.13698220252990723,0.23430725932121277
1780626375746579500,28.504579345703124,-0.23055295646190643,0.072603739798069,0.206288680434227
1780626375756574500,28.514574462890625,-0.214960977435112,0.06549295037984848,0.15961962938308716
1780626375766569500,28.524569580078126,-0.19262078404426575,0.10762841999530792,0.11347077786922455
1780626375776565200,28.534565185546874,-0.1815725862979889,0.11420538276433945,0.1055326908826828
1780626375786560300,28.544560302734375,-0.18008548021316528,0.12365907430648804,0.0911572128534317
1780626375796555300,28.55455517578125,-0.19032953679561615,0.12711796164512634,0.04264828562736511
1780626375806550300,28.56455029296875,-0.20129376649856567,0.127839133143425,-0.02584235742688179
1780626375816545300,28.574545166015625,-0.1845489889383316,0.07383216172456741,-0.04519426077604294
1780626375826541300,28.584541259765626,-0.11681735515594482,0.054712001234292984,-0.008570201694965363
1780626375836536300,28.594536376953126,-0.05075540021061897,0.21736662089824677,0.05616622418165207
1780626375846531300,28.60453125,-0.05616401508450508,0.565999448299408,0.12748514115810394
1780626375856526300,28.6145263671875,-0.12968364357948303,0.9860027432441711,0.2308500111103058
1780626375866521300,28.624521240234376,-0.24955251812934875,1.24886155128479,0.38391679525375366
1780626375876517400,28.634517333984373,-0.37490779161453247,1.2993574142456055,0.5251626372337341
1780626375886512400,28.644512451171874,-0.4722178280353546,1.3395339250564575,0.538625180721283
1780626375896507100,28.654507080078126,-0.501518964767456,1.3495862483978271,0.46330904960632324
1780626375906502100,28.664502197265627,-0.48844602704048157,1.245646357536316,0.4127950072288513
1780626375916498400,28.67449853515625,-0.4662162661552429,1.100974440574646,0.42645329236984253
1780626375926493400,28.684493408203124,-0.46326547861099243,1.064814567565918,0.42665114998817444
1780626375936488400,28.694488525390625,-0.5077820420265198,1.1370240449905396,0.41442134976387024
1780626375946483500,28.7044833984375,-0.5668365359306335,1.1224334239959717,0.42748787999153137
1780626375956479200,28.714479248046874,-0.585066020488739,1.0306758880615234,0.4547669589519501
1780626375966474200,28.72447412109375,-0.5455875992774963,0.9734741449356079,0.4762948751449585
1780626375976469200,28.73446923828125,-0.4896416664123535,0.9554662704467773,0.5153819918632507
1780626375986464300,28.74446435546875,-0.4493882656097412,1.0255579948425293,0.5750173926353455
1780626375996459300,28.754459228515625,-0.4327622652053833,1.110134243965149,0.6808111667633057
1780626376006455300,28.764455322265626,-0.4521748423576355,1.1547174453735352,0.8010917901992798
1780626376016450300,28.7744501953125,-0.5161274671554565,1.1644041538238525,0.909692108631134
1780626376026445300,28.7844453125,-0.6117852926254272,1.136489748954773,0.9839543700218201
1780626376036440300,28.7944404296875,-0.7047141194343567,1.0781679153442383,1.027327299118042
1780626376046435300,28.804435302734376,-0.7858081459999084,1.0045523643493652,1.0750080347061157
1780626376056431400,28.814431396484373,-0.8622406125068665,0.9678346514701843,1.1287585496902466
1780626376066426400,28.82442626953125,-0.9089764356613159,1.0232888460159302,1.2419383525848389
1780626376076421400,28.83442138671875,-0.9356750249862671,1.1433018445968628,1.3649005889892578
1780626376086416100,28.844416015625,-0.9763649106025696,1.176527738571167,1.4138391017913818
1780626376096412400,28.854412353515624,-1.033022403717041,1.0572717189788818,1.4107493162155151
1780626376106407400,28.864407470703124,-1.0983960628509521,0.8427298069000244,1.3518098592758179
1780626376116402400,28.87440234375,-1.1812843084335327,0.7953904867172241,1.2182213068008423
1780626376126397400,28.8843974609375,-1.2863560914993286,0.9315022826194763,1.026969075202942
1780626376136392400,28.894392333984374,-1.39150071144104,0.8577104210853577,0.8939668536186218
1780626376146388200,28.90438818359375,-1.4613780975341797,0.5496180653572083,0.8001471757888794
1780626376156383200,28.91438330078125,-1.4633386135101318,0.31282278895378113,0.6462662816047668
1780626376166378200,28.924378173828124,-1.383548378944397,0.1637137532234192,0.47478988766670227
1780626376176373200,28.934373291015625,-1.2517280578613281,0.02100585401058197,0.35957470536231995
1780626376186369500,28.94436962890625,-1.0939490795135498,-0.061828311532735825,0.25173744559288025
1780626376196364300,28.9543642578125,-0.9009189605712891,0.009506103582680225,0.11755022406578064
1780626376206359300,28.964359375,-0.6502888798713684,0.12471924722194672,0.05809808149933815
1780626376216354300,28.974354248046875,-0.3688371181488037,0.19181564450263977,0.03619851544499397
1780626376226349300,28.984349365234376,-0.11247482150793076,0.17499911785125732,0.02962609939277172
1780626376236345300,28.994345458984377,0.07892483472824097,0.0038029442075639963,0.015575390309095383
1780626376246340400,29.00434033203125,0.1710078865289688,-0.18400797247886658,-0.08366198092699051
1780626376256335400,29.01433544921875,0.1661483198404312,-0.3230781853199005,-0.19462145864963531
1780626376266330400,29.024330322265627,0.13651053607463837,-0.3392166793346405,-0.24083663523197174
1780626376276326400,29.034326416015624,0.14052852988243103,-0.2447228729724884,-0.2144535332918167
1780626376286321400,29.0443212890625,0.1853167861700058,-0.11121967434883118,-0.15067163109779358
1780626376296316400,29.05431640625,0.24160802364349365,0.020681792870163918,-0.1143714189529419
1780626376306311400,29.0643115234375,0.27137285470962524,0.02417665906250477,-0.09624993801116943
1780626376316306400,29.074306396484374,0.268586128950119,0.00612510135397315,-0.07053223997354507
1780626376326302200,29.08430224609375,0.25175708532333374,0.04760409891605377,-0.04408732056617737
1780626376336297200,29.094297119140624,0.23157617449760437,0.11381544917821884,-0.02133965492248535
1780626376346292200,29.104292236328124,0.22808530926704407,0.16895753145217896,-0.008236902765929699
1780626376356287200,29.114287353515625,0.23391559720039368,0.16515980660915375,0.005038368981331587
1780626376366283800,29.12428369140625,0.23552946746349335,0.05921606719493866,0.06138233095407486
1780626376376278500,29.134278564453126,0.22111932933330536,-0.009490909986197948,0.06174726039171219
1780626376386273500,29.1442734375,0.18938884139060974,0.05231919512152672,0.04081267863512039
1780626376396268500,29.1542685546875,0.14984074234962463,0.1276455670595169,0.06093157082796097
1780626376406263600,29.164263671875,0.09514553844928741,0.12938062846660614,0.10491739958524704
1780626376416259600,29.174259521484377,0.005905570928007364,0.15887326002120972,0.07432761788368225
1780626376426254600,29.184254638671874,-0.11326182633638382,0.2649802565574646,-0.046981506049633026
1780626376436249600,29.19424951171875,-0.2263256162405014,0.2958112061023712,-0.10572163760662079
1780626376446244400,29.204244384765627,-0.28641584515571594,0.2658807337284088,-0.10328324139118195
1780626376456240600,29.21424072265625,-0.27738577127456665,0.2095622718334198,-0.058396611362695694
1780626376466235600,29.224235595703124,-0.255318284034729,0.17103645205497742,-0.06317778676748276
1780626376476230700,29.234230712890625,-0.24692322313785553,0.16203737258911133,-0.100343257188797
1780626376486225700,29.2442255859375,-0.2689321041107178,0.14038826525211334,-0.06364809721708298
1780626376496220700,29.254220703125,-0.2680589556694031,0.29185402393341064,-0.05653980374336243
1780626376506216400,29.264216552734375,-0.3245568573474884,0.2927080988883972,0.18190287053585052
1780626376516211500,29.27421142578125,-0.7215771079063416,-0.3176511526107788,0.7581958174705505
1780626376526206500,29.28420654296875,-1.348961591720581,2.920942544937134,0.5664857625961304
1780626376536201500,29.294201416015625,-1.4665709733963013,2.039868116378784,0.1190708726644516
1780626376546196500,29.304196533203125,-0.820363461971283,-0.6289142966270447,-0.008106791414320469
1780626376556192500,29.314192626953126,-0.1016024723649025,-0.6423193216323853,0.0046472628600895405
1780626376566187500,29.3241875,0.18066969513893127,-0.18158872425556183,-0.08241333812475204
1780626376576182500,29.3341826171875,0.2633647918701172,0.41520601511001587,-0.06603358685970306
1780626376586177500,29.344177490234376,0.31319811940193176,1.068843960762024,-0.006233104504644871
1780626376596173600,29.354173583984377,0.31329628825187683,1.3117761611938477,0.0451301634311676
1780626376606168600,29.36416845703125,0.18041732907295227,1.3439029455184937,0.1535051017999649
1780626376616163600,29.37416357421875,0.017207859084010124,1.1994068622589111,0.19465981423854828
1780626376626158600,29.38415869140625,0.0003804094158113003,0.7945272922515869,0.041495829820632935
1780626376636153300,29.3941533203125,0.16415847837924957,0.4023094177246094,-0.07641427218914032
1780626376646149600,29.404149658203124,0.2880362272262573,0.14977730810642242,-0.1451486051082611
1780626376656144600,29.41414453125,0.27186623215675354,0.023809028789401054,-0.21007968485355377
1780626376666139600,29.4241396484375,0.2012120485305786,-0.07874850928783417,-0.23965169489383698
1780626376676134700,29.434134765625,0.15926963090896606,-0.17600330710411072,-0.24721381068229675
1780626376686130400,29.44413037109375,0.1665496528148651,-0.21128620207309723,-0.2554722726345062
1780626376696125400,29.45412548828125,0.2002037763595581,-0.23686890304088593,-0.21665982902050018
1780626376706120400,29.464120361328124,0.2092452049255371,-0.23658154904842377,-0.18628327548503876
1780626376716115500,29.474115478515625,0.17276066541671753,-0.23012948036193848,-0.14318498969078064
1780626376726110500,29.4841103515625,0.108414426445961,-0.11549211293458939,-0.07310391217470169
1780626376736106800,29.494106689453126,0.05304025486111641,0.057223014533519745,-0.06482747942209244
1780626376746101500,29.5041015625,0.026865912601351738,0.16213957965373993,-0.097867451608181
1780626376756096500,29.514096435546875,0.03402075171470642,0.08442331850528717,-0.17297230660915375
1780626376766091500,29.524091552734376,0.0772411972284317,-0.1408100724220276,-0.32052314281463623
1780626376776086500,29.53408642578125,0.12685316801071167,-0.4066234529018402,-0.3275288939476013
1780626376786082600,29.54408251953125,0.13359417021274567,-0.43025848269462585,-0.2549028992652893
1780626376796077600,29.55407763671875,0.11568854749202728,-0.32107216119766235,-0.23464585840702057
1780626376806072600,29.564072509765627,0.07374243438243866,-0.1985369175672531,-0.24535177648067474
1780626376816067600,29.574067626953124,0.03726374730467796,-0.14606568217277527,-0.24232208728790283
1780626376826063600,29.584063720703124,0.005011001601815224,-0.23160935938358307,-0.17919957637786865
1780626376836058600,29.59405859375,-0.03747786954045296,-0.3493565022945404,-0.1270088106393814
1780626376846053600,29.6040537109375,-0.07451285421848297,-0.411478191614151,-0.17133232951164246
1780626376856048600,29.614048583984374,-0.06717552244663239,-0.37011319398880005,-0.2351991832256317
1780626376866043600,29.624043701171875,0.007539462763816118,-0.22349925339221954,-0.2536788582801819
1780626376876039400,29.634039306640624,0.09147025644779205,-0.05468598008155823,-0.2205510139465332
1780626376886034400,29.644034423828124,0.14957138895988464,0.11076956242322922,-0.15148219466209412
1780626376896029400,29.654029541015625,0.18840523064136505,0.334041953086853,-0.028867259621620178
1780626376906024400,29.6640244140625,0.24710583686828613,0.6623074412345886,0.12238431721925735
1780626376916020700,29.674020751953126,0.34691911935806274,0.957600474357605,0.24518544971942902
1780626376926015500,29.684015380859375,0.44580841064453125,1.0707367658615112,0.3071524202823639
1780626376936010500,29.694010498046875,0.4854147732257843,0.9478012323379517,0.31340423226356506
1780626376946005500,29.704005615234376,0.42663827538490295,0.6908858418464661,0.23834677040576935
1780626376956000500,29.71400048828125,0.25102683901786804,0.3377726376056671,0.137961745262146
1780626376965996500,29.72399658203125,-0.024647366255521774,-0.024575967341661453,0.042661070823669434
1780626376975991600,29.733991455078126,-0.32174623012542725,-0.22522209584712982,-0.0990639477968216
1780626376985986600,29.743986572265626,-0.5520942211151123,-0.2384481579065323,-0.16423337161540985
1780626376995981600,29.753981689453123,-0.68467116355896,-0.06132104620337486,-0.08667225390672684
1780626377005976600,29.7639765625,-0.7489175200462341,0.2643124461174011,0.030145438387989998
1780626377015972600,29.77397265625,-0.7770746946334839,0.6363109350204468,0.09395769983530045
1780626377025967600,29.783967529296874,-0.8156479001045227,1.0006308555603027,0.19619512557983398
1780626377035962600,29.793962646484374,-0.9473615288734436,1.3746353387832642,0.3075387477874756
1780626377045957600,29.80395751953125,-1.1130841970443726,1.6360487937927246,0.32073336839675903
1780626377055953400,29.813953369140624,-1.2656172513961792,1.839694857597351,0.25599566102027893
1780626377065948400,29.823948486328124,-1.3293246030807495,1.931147575378418,0.1625639647245407
1780626377075943400,29.833943359375,-1.2908684015274048,1.8493680953979492,0.15183110535144806
1780626377085938400,29.8439384765625,-1.2094595432281494,1.687017798423767,0.16756479442119598
1780626377095933700,29.85393359375,-1.1579833030700684,1.4814287424087524,0.10967783629894257
1780626377105929700,29.8639296875,-1.1729780435562134,1.1904160976409912,0.008925659582018852
1780626377115924500,29.873924560546875,-1.1824967861175537,0.8074203133583069,-0.0009379680268466473
1780626377125919500,29.88391943359375,-1.078956127166748,0.5449929237365723,-0.045523546636104584
1780626377135914500,29.89391455078125,-0.8438382148742676,0.7447581887245178,-0.15903514623641968
1780626377145910500,29.90391064453125,-0.580886960029602,1.3584953546524048,-0.1851021647453308
1780626377155905500,29.913905517578126,-0.36780422925949097,2.0939714908599854,-0.12947048246860504
1780626377165900500,29.923900634765626,-0.21546372771263123,2.553926467895508,-0.10823365300893784
1780626377175895600,29.9338955078125,-0.12082165479660034,2.399979829788208,-0.14671774208545685
1780626377185890600,29.943890625,-0.05913858488202095,1.721954107284546,-0.190342977643013
1780626377195886600,29.953886474609376,-0.0035763047635555267,0.9636361598968506,-0.23343802988529205
1780626377205881600,29.963881591796873,0.05424464866518974,0.41924455761909485,-0.22297154366970062
1780626377215876600,29.973876708984374,0.08061499893665314,0.024099186062812805,-0.1203727051615715
1780626377225871600,29.98387158203125,0.07902535796165466,-0.28812557458877563,0.0012163124047219753
1780626377235866600,29.99386669921875,0.04450450837612152,-0.4372333586215973,0.09711545705795288
1780626377245862400,30.0038623046875,0.002147467341274023,-0.4242432415485382,0.1290411651134491
1780626377255857400,30.013857421875,-0.04208297282457352,-0.3872859477996826,0.08543415367603302
1780626377265852400,30.023852294921873,-0.09887568652629852,-0.38389840722084045,0.010605456307530403
1780626377275847700,30.03384765625,-0.1582355946302414,-0.3582857847213745,-0.04495701938867569
1780626377285843700,30.04384375,-0.17782661318778992,-0.2795659303665161,-0.0749620571732521
1780626377295838700,30.053838623046875,-0.15908116102218628,-0.14898033440113068,-0.06830549985170364
1780626377305833500,30.06383349609375,-0.08673132210969925,-0.11978675425052643,0.021148480474948883
1780626377315828500,30.073828369140625,0.029829205945134163,-0.2975541353225708,0.18002116680145264
1780626377325823500,30.083823486328125,0.03190141171216965,-0.6345800757408142,0.22544856369495392
1780626377335819500,30.093819580078126,0.0075368802063167095,-0.6992515325546265,0.09065695106983185
1780626377345814500,30.103814453125,0.0016299891285598278,-0.23958274722099304,-0.023307429626584053
1780626377355809500,30.1138095703125,-0.02882961742579937,0.1201951876282692,0.047458402812480927
1780626377365804800,30.1238046875,-0.04610447958111763,0.19224035739898682,0.1539323776960373
1780626377375799600,30.133799560546876,-0.046967100352048874,0.22484928369522095,0.15794461965560913
1780626377385795600,30.143795654296873,-0.04569783806800842,0.3365406394004822,0.055684562772512436
1780626377395790600,30.15379052734375,-0.051606569439172745,0.4615913927555084,-0.05648850277066231
1780626377405785900,30.163785888671875,-0.05406946316361427,0.3559432625770569,-0.07555726170539856
1780626377415780900,30.17378076171875,-0.014350146986544132,0.09363539516925812,-0.03534126281738281
1780626377425776600,30.183776611328124,0.04290568828582764,-0.007564988452941179,0.005290052853524685
1780626377435771600,30.193771728515625,0.06863296031951904,0.0386810228228569,0.03519853577017784
1780626377445766700,30.2037666015625,0.07030675560235977,0.1227538213133812,0.05316022410988808
1780626377455761700,30.21376171875,0.0892142727971077,0.11556816846132278,0.06504044681787491
1780626377465756700,30.223756591796874,0.07380469143390656,0.016143571585416794,0.061839859932661057
1780626377475752700,30.233752685546875,0.02366160973906517,-0.2872897982597351,0.08618185669183731
1780626377485747500,30.24374755859375,-0.027027932927012444,-0.5068293213844299,0.11426781862974167
1780626377495742700,30.25374267578125,-0.025044504553079605,-0.4240286946296692,0.08417520672082901
1780626377505737700,30.26373779296875,0.009307078085839748,-0.31770598888397217,0.06725162267684937
1780626377515733800,30.273733642578126,0.059464842081069946,-0.2473149299621582,0.07958341389894485
1780626377525728800,30.283728759765626,0.09312373399734497,-0.19598862528800964,0.09465104341506958
1780626377535723800,30.293723876953123,0.08771959692239761,-0.22443541884422302,0.09685052186250687
1780626377545718800,30.30371875,0.086224764585495,-0.3084522783756256,0.07160695642232895
1780626377555713500,30.313713623046876,0.1975153535604477,-0.41411471366882324,0.03388429060578346
1780626377565709600,30.32370947265625,0.37509387731552124,-0.47732219099998474,0.039857231080532074
1780626377575704600,30.33370458984375,0.5700425505638123,-0.4842129051685333,0.053114403039216995
1780626377585699800,30.343699951171875,0.7278801202774048,-0.38344740867614746,0.06286317110061646
1780626377595694800,30.35369482421875,0.7845420241355896,-0.31954216957092285,0.07757914811372757
1780626377605689900,30.36368994140625,0.7732337117195129,-0.3734613358974457,0.07244137674570084
1780626377615685600,30.373685546875,0.7700368762016296,-0.5332451462745667,0.0652899369597435
1780626377625680600,30.3836806640625,0.8899773955345154,-1.0239251852035522,0.15241579711437225
1780626377635675600,30.393675537109374,1.2384939193725586,-1.566362977027893,0.14317013323307037
1780626377645670700,30.403670654296874,1.629429817199707,-1.5839115381240845,-0.002458436880260706
1780626377655666700,30.413666748046875,1.955714225769043,-1.5020533800125122,-0.014733790419995785
1780626377665661700,30.42366162109375,2.1097960472106934,-1.0695722103118896,-0.19907459616661072
1780626377675656700,30.43365673828125,1.8893647193908691,-0.7593097686767578,-0.3267090320587158
1780626377685651700,30.443651611328125,1.5276011228561401,-0.710052490234375,-0.27580058574676514
1780626377695646700,30.453646728515626,1.3154557943344116,-0.9027271866798401,-0.11692292988300323
1780626377705642800,30.463642822265626,1.3148200511932373,-1.0529910326004028,-0.03491407260298729
1780626377715637800,30.4736376953125,1.287893295288086,-0.7589394450187683,-0.14655111730098724
1780626377725632800,30.4836328125,1.0511388778686523,-0.2712975740432739,-0.23418642580509186
1780626377735627800,30.493627685546876,0.748987078666687,0.21982651948928833,-0.2321598082780838
1780626377745622500,30.50362255859375,0.5702854990959167,0.6236530542373657,-0.19489312171936035
1780626377755618600,30.51361865234375,0.578931450843811,0.7073636054992676,-0.09902717173099518
1780626377765613800,30.52361376953125,0.767147421836853,0.579940676689148,-0.05668903887271881
1780626377775608800,30.53360888671875,0.992262601852417,0.3067702054977417,-0.04976460337638855
1780626377785603800,30.543603759765624,1.1379984617233276,-0.01082320511341095,-0.06839527934789658
1780626377795599600,30.553599609375,1.0994679927825928,-0.318752259016037,-0.09102948009967804
1780626377805594600,30.5635947265625,0.9703278541564941,-0.5744807720184326,-0.09578721225261688
1780626377815589600,30.573589599609374,0.8815901875495911,-0.764777421951294,-0.0688294842839241
1780626377825584600,30.583584716796874,0.858737051486969,-0.8619452118873596,-0.04226764664053917
1780626377835579600,30.59357958984375,0.9199674725532532,-0.9350050687789917,-0.007908854633569717
1780626377845575700,30.60357568359375,1.097814679145813,-1.114612102508545,0.0831315740942955
1780626377855570700,30.61357080078125,1.4416999816894531,-1.447265386581421,0.2302018404006958
1780626377865565700,30.623565673828125,1.9005391597747803,-1.9083410501480103,0.36931154131889343
1780626377875560700,30.633560791015626,2.295536756515503,-2.162121295928955,0.3128001391887665
1780626377885556700,30.643556640625,2.5811147689819336,-2.2115061283111572,0.13026919960975647
1780626377895551700,30.6535517578125,2.91729474067688,-2.20642352104187,0.059304021298885345
1780626377905546800,30.663546630859376,3.0941414833068848,-1.8965715169906616,-0.025073178112506866
1780626377915541800,30.673541748046876,3.300811767578125,-1.4670343399047852,-0.147159144282341
1780626377925536500,30.68353662109375,3.515181064605713,-1.0425642728805542,-0.21163693070411682
1780626377935532500,30.693532470703126,3.6777074337005615,-0.7660227417945862,-0.27255764603614807
1780626377945527800,30.70352783203125,3.716496467590332,-0.6368021965026855,-0.3721766471862793
1780626377955522800,30.713522705078127,3.6615965366363525,0.0031501934863626957,-0.6301230192184448
1780626377965517800,30.723517822265624,3.540587902069092,0.6840879917144775,-0.9087967276573181
1780626377975512800,30.733512939453124,3.354701280593872,1.0538791418075562,-1.068725347518921
1780626377985508600,30.743508544921873,3.0710411071777344,1.0522503852844238,-1.1569340229034424
1780626377995503600,30.753503662109374,2.580505132675171,1.0647801160812378,-1.2043334245681763
1780626378005498600,30.76349853515625,1.9575172662734985,1.2867319583892822,-1.2036305665969849
1780626378015493600,30.77349365234375,1.4700002670288086,1.8248792886734009,-1.180761456489563
1780626378025489700,30.78348974609375,1.284890055656433,1.2360471487045288,-1.0678601264953613
1780626378035484700,30.793484619140624,1.6640262603759766,-0.2570158839225769,-0.9730232954025269
1780626378045479700,30.803479736328125,1.9694101810455322,-0.3388654589653015,-0.62698894739151
1780626378055474700,30.813474609375,2.0412678718566895,-0.05161750689148903,-0.1691102683544159
1780626378065469700,30.8234697265625,1.8717420101165771,0.3351014256477356,0.051789093762636185
1780626378075465700,30.8334658203125,1.5624898672103882,0.4503244459629059,-0.07313792407512665
1780626378085460700,30.843460693359376,1.2867605686187744,0.4247024357318878,-0.47002190351486206
1780626378095455700,30.853455810546876,1.0321801900863647,0.3567929267883301,-0.9279899597167969
1780626378105450800,30.86345068359375,0.8127737045288086,0.22328093647956848,-1.3606818914413452
1780626378115445500,30.873445556640625,0.5975337624549866,0.10360895097255707,-1.7432310581207275
1780626378125441800,30.88344189453125,0.39947789907455444,-0.1461883783340454,-2.0525600910186768
1780626378135436800,30.893436767578127,0.20288924872875214,-0.47074392437934875,-2.1867504119873047
1780626378145431800,30.903431884765624,0.00952271930873394,-0.7314288020133972,-2.1000475883483887
1780626378155426800,30.9134267578125,-0.162233367562294,-0.8753597736358643,-1.8795348405838013
1780626378165422600,30.923422607421877,-0.29630035161972046,-0.8712917566299438,-1.639766812324524
1780626378175417600,30.93341748046875,-0.42673563957214355,-0.7298622131347656,-1.375077486038208
1780626378185412600,30.94341259765625,-0.5447285771369934,-0.4046105742454529,-1.044310450553894
1780626378195407600,30.95340771484375,-0.6690474152565002,-0.08841917663812637,-0.6763203144073486
1780626378205402600,30.963402587890624,-0.8154944181442261,0.011085312813520432,-0.34202301502227783
1780626378215399000,30.97339892578125,-0.9392489790916443,0.004408328793942928,-0.09335459023714066
1780626378225393700,30.9833935546875,-1.059264063835144,0.007905058562755585,0.07034565508365631
1780626378235388700,30.993388671875,-1.157343864440918,0.10587090998888016,0.14529791474342346
1780626378245383700,31.0033837890625,-1.2233880758285522,0.21495585143566132,0.1764068305492401
1780626378255378700,31.013378662109375,-0.926607072353363,0.32093173265457153,0.07472207397222519
1780626378265374700,31.023374755859376,-0.0405709445476532,0.1717318594455719,-0.33588382601737976
1780626378275369700,31.03336962890625,-0.2016497254371643,-0.0634080097079277,-0.4497096836566925
1780626378285364700,31.04336474609375,-0.3392760455608368,-0.2868248522281647,-0.3794128894805908
1780626378295359500,31.053359375,-0.24559807777404785,-0.1930285394191742,-0.22225135564804077
1780626378305355800,31.063355712890626,-0.1445433646440506,0.03132599592208862,-0.1050216555595398
1780626378315350800,31.073350830078127,-0.011548180133104324,0.17810577154159546,0.017415449023246765
1780626378325345800,31.083345703125,0.12491964548826218,0.21877411007881165,0.15976567566394806
1780626378335340800,31.0933408203125,0.1704140454530716,0.24383415281772614,0.21496565639972687
1780626378345335800,31.103335693359377,0.11840835958719254,0.18657566606998444,0.15017680823802948
1780626378355331600,31.11333154296875,0.023269418627023697,-0.05626010149717331,0.10205051302909851
1780626378365326800,31.123326904296874,-0.01552271842956543,-0.19970087707042694,0.10988686233758926
1780626378375321900,31.13332177734375,-0.02285487949848175,-0.18027237057685852,0.13842639327049255
1780626378385316900,31.14331689453125,-0.06648411601781845,-0.17859990894794464,0.2118193805217743
1780626378395311900,31.153311767578124,-0.1257012039422989,-0.20357921719551086,0.37725701928138733
1780626378405308000,31.163307861328125,-0.1417241245508194,-0.2935969829559326,0.6583598256111145
1780626378415303000,31.173302978515625,0.03365465998649597,-0.1496717929840088,0.8222107291221619
1780626378425298000,31.1832978515625,0.1668422818183899,0.15185903012752533,0.7199013829231262
1780626378435293000,31.19329296875,0.060967493802309036,0.31249603629112244,0.4609927535057068
1780626378445289000,31.2032890625,-0.0524434857070446,0.27094751596450806,0.17344139516353607
1780626378455284000,31.213283935546876,-0.0640857145190239,0.08035269379615784,-0.021827900782227516
1780626378465279000,31.223279052734377,-0.10014384984970093,-0.16280536353588104,-0.029419774189591408
1780626378475273700,31.233273681640625,-0.19207021594047546,-0.3106379508972168,0.09608177095651627
1780626378485268700,31.243268798828126,-0.31166160106658936,-0.29990753531455994,0.2424411177635193
1780626378495265000,31.25326513671875,-0.39384767413139343,-0.07759439200162888,0.33330005407333374
1780626378505260000,31.263260009765624,-0.3668600022792816,0.13681749999523163,0.3788262605667114
1780626378515255000,31.273255126953124,-0.21716366708278656,0.16705036163330078,0.3777466118335724
1780626378525250000,31.28325,-0.057080525904893875,-0.031232895329594612,0.29072463512420654
1780626378535245800,31.293245849609374,-0.017327958717942238,-0.20205236971378326,0.13829296827316284
1780626378545240800,31.30324072265625,-0.09797380119562149,-0.17611317336559296,-0.017851626500487328
1780626378555235800,31.31323583984375,-0.20877420902252197,0.05970646068453789,-0.08180596679449081
1780626378565230800,31.32323095703125,-0.31501197814941406,0.7220974564552307,0.175354465842247
1780626378575225900,31.333225830078124,-0.3015814423561096,0.7498725652694702,0.5510028600692749
1780626378585222000,31.343221923828125,-0.16973793506622314,0.35065191984176636,0.625271737575531
1780626378595217000,31.353216796875,0.058035366237163544,0.2997867166996002,0.3651246428489685
1780626378605212000,31.3632119140625,0.1656971275806427,0.06328468024730682,-0.028072429820895195
1780626378615207000,31.37320703125,0.062350139021873474,-0.4332263767719269,-0.44733184576034546
1780626378625202000,31.383201904296875,-0.14200592041015625,-0.7312407493591309,-0.6769468784332275
1780626378635198000,31.393197998046876,-0.2740265429019928,-0.8831210136413574,-0.7008258700370789
1780626378645193000,31.40319287109375,-0.2409852147102356,-0.8972011208534241,-0.5915025472640991
1780626378655188000,31.41318798828125,-0.09154395759105682,-0.8330861926078796,-0.49570977687835693
1780626378665182700,31.4231826171875,-0.04542014002799988,-0.8802793025970459,-0.47819602489471436
1780626378675179000,31.433178955078127,-0.08163059502840042,-0.9368947744369507,-0.5291911959648132
1780626378685174000,31.443174072265624,-0.12335540354251862,-0.9140512943267822,-0.6280596852302551
1780626378695169000,31.4531689453125,-0.135685533285141,-0.9180697798728943,-0.7201370000839233
1780626378705164000,31.4631640625,-0.11253413558006287,-0.8692375421524048,-0.7256515622138977
1780626378715159000,31.473158935546873,-0.07764403522014618,-0.7131088376045227,-0.6004793643951416
1780626378725154800,31.48315478515625,-0.09296999126672745,-0.4829326570034027,-0.34277215600013733
1780626378735149800,31.49314990234375,-0.1828375905752182,-0.1346614956855774,-0.01602078042924404
1780626378745144800,31.503144775390624,-0.24207480251789093,0.5694567561149597,0.5012463331222534
1780626378755139800,31.513139892578124,-0.2546442151069641,0.8349164128303528,0.8038983941078186
1780626378765135000,31.523135009765625,-0.17168781161308289,0.8859106302261353,0.3363184332847595
1780626378775131000,31.533130859375,0.009615261107683182,0.37917160987854004,-0.46753746271133423
1780626378785126000,31.5431259765625,0.038218941539525986,-0.1970594823360443,-0.9627789258956909
1780626378795121000,31.553120849609375,-0.12847626209259033,-0.29595908522605896,-0.8832127451896667
1780626378805116000,31.563115966796875,-0.2238219678401947,-0.09132125973701477,-0.40568026900291443
1780626378815112000,31.57311181640625,-0.10042326152324677,0.09044521301984787,0.008968581445515156
1780626378825107000,31.58310693359375,0.022438209503889084,0.31303539872169495,0.09948090463876724
1780626378835102000,31.59310205078125,0.11926671862602234,0.6716952919960022,0.058584678918123245
1780626378845096700,31.6030966796875,0.24080592393875122,0.8810860514640808,0.13855941593647003
1780626378855092000,31.613092041015626,0.2858807146549225,0.9432308077812195,0.12179712951183319
1780626378865088000,31.623087890625,0.1445898860692978,0.2499375343322754,-0.14420020580291748
1780626378875083000,31.6330830078125,-0.03686624765396118,-0.5708089470863342,-0.5004746913909912
1780626378885078000,31.643078125,-0.14290612936019897,-0.9189067482948303,-0.6645163893699646
1780626378895073000,31.653072998046873,-0.13755282759666443,-0.811505913734436,-0.641643762588501
1780626378905068000,31.663068115234374,-0.06789012253284454,-0.6530473232269287,-0.6088290810585022
1780626378915063800,31.673063720703126,-0.04406432434916496,-0.6888222098350525,-0.6307713985443115
1780626378925058800,31.683058837890623,-0.058574557304382324,-0.7331539988517761,-0.641187846660614
1780626378935053800,31.6930537109375,-0.010160764679312706,-0.7049573659896851,-0.5924597978591919
1780626378945049000,31.703049072265625,0.1521357297897339,-0.7853928208351135,-0.5381557941436768
1780626378955044900,31.713044921875,0.06268532574176788,-0.801395058631897,-0.5393984317779541
1780626378965039900,31.723039794921874,-0.09035935252904892,-0.6561598181724548,-0.5053581595420837
1780626378975035000,31.733034912109375,-0.158492311835289,-0.6186049580574036,-0.4664258658885956
1780626378985030000,31.74302978515625,-0.1879146546125412,-0.6687083840370178,-0.4804926812648773
1780626378995025000,31.75302490234375,-0.17881637811660767,-0.7197384834289551,-0.5672222375869751
1780626379005021000,31.76302099609375,-0.12858596444129944,-0.7664263248443604,-0.6667166352272034
1780626379015016000,31.773015869140625,-0.08759196847677231,-0.7559149861335754,-0.7038468718528748
1780626379025011000,31.783010986328126,-0.07356509566307068,-0.6927964687347412,-0.6555805206298828
1780626379035006000,31.793005859375,-0.06248193606734276,-0.5936980247497559,-0.5456116795539856
1780626379045001000,31.8030009765625,-0.03420741856098175,-0.5290402173995972,-0.42874258756637573
1780626379054997000,31.8129970703125,0.016801437363028526,-0.4470973610877991,-0.32687267661094666
1780626379064992000,31.822991943359376,0.06282752007246017,-0.41279053688049316,-0.2892771065235138
1780626379074987000,31.832987060546873,0.08436931669712067,-0.4072936177253723,-0.30771195888519287
1780626379084982000,31.84298193359375,0.08627667278051376,-0.4169084429740906,-0.3447354733943939
1780626379094977800,31.852977783203126,0.0896594226360321,-0.38522133231163025,-0.3637597858905792
1780626379104972800,31.862972900390623,0.060112982988357544,-0.25650784373283386,-0.3395031690597534
1780626379114967800,31.8729677734375,0.02560853399336338,-0.06544680893421173,-0.21055319905281067
1780626379124963000,31.882963134765625,0.0034571592696011066,0.10284659266471863,0.0013726458419114351
1780626379134958000,31.8929580078125,-0.016506193205714226,0.2547284662723541,0.19740495085716248
1780626379144953900,31.902953857421874,-0.028046470135450363,0.3950293958187103,0.34747326374053955
1780626379154948900,31.912948974609375,-0.043322257697582245,0.5396994948387146,0.47723624110221863
1780626379164944000,31.92294384765625,-0.04229321330785751,0.6340382695198059,0.5540156960487366
1780626379174939000,31.93293896484375,-0.02864997833967209,0.6733888983726501,0.6184377074241638
1780626379184934000,31.942933837890624,-0.004642913118004799,0.6666092872619629,0.633432149887085
1780626379194930000,31.952929931640625,0.031151993200182915,0.5725499391555786,0.5739234685897827
1780626379204925000,31.962925048828126,0.04955044016242027,0.5136141777038574,0.5267700552940369
1780626379214920000,31.972919921875,0.06611602753400803,0.48989319801330566,0.5062857270240784
1780626379224915000,31.9829150390625,0.08310326933860779,0.43935438990592957,0.4847593903541565
1780626379234911000,31.992910888671876,0.09140355885028839,0.38516321778297424,0.45513102412223816
1780626379244906000,32.00290600585937,0.09550616145133972,0.37937748432159424,0.4434410631656647
1780626379254901000,32.01290087890625,0.10170280188322067,0.3930169641971588,0.44369086623191833
1780626379264896000,32.02289599609375,0.087455153465271,0.4119904041290283,0.4272514581680298
1780626379274891000,32.03289111328125,0.059992577880620956,0.41862252354621887,0.3881687521934509
1780626379284886800,32.04288671875,0.05207899957895279,0.40897735953330994,0.3458434045314789
1780626379294881800,32.0528818359375,0.0636235773563385,0.36894628405570984,0.2987107038497925
1780626379304877000,32.062876953125,0.07374731451272964,0.28723835945129395,0.22331233322620392
1780626379314872000,32.0728720703125,0.07288974523544312,0.20309144258499146,0.15438127517700195
1780626379324867000,32.0828671875,0.07181516289710999,0.14836987853050232,0.1127358227968216
1780626379334862800,32.09286279296875,0.06839949637651443,0.12258411943912506,0.09095389395952225
1780626379344857900,32.10285791015625,0.04470348358154297,0.14713579416275024,0.08787954598665237
1780626379354852900,32.112852783203124,-0.001340685412287712,0.20614558458328247,0.12277237325906754
1780626379364847600,32.12284765625,-0.02232532948255539,0.23282992839813232,0.18708398938179016
1780626379374843600,32.13284375,-0.01945287548005581,0.22248318791389465,0.24654097855091095
1780626379384838700,32.14283862304688,0.0015219147317111492,0.18293924629688263,0.25146248936653137
1780626379394833700,32.15283374023438,0.03300197795033455,0.12610381841659546,0.19491539895534515
1780626379404828700,32.16282861328125,0.05899788811802864,0.0682024359703064,0.1427677869796753
1780626379414823400,32.17282348632813,0.06198713555932045,0.049969304352998734,0.11912801116704941
1780626379424819700,32.18281982421875,0.03711507469415665,0.08895159512758255,0.12169290333986282
1780626379434814700,32.192814697265625,0.009142141789197922,0.14678366482257843,0.1490100473165512
1780626379444809700,32.202809814453126,-0.0015019807033240795,0.1770763248205185,0.18195202946662903
1780626379454804700,32.2128046875,0.004071452189236879,0.17235711216926575,0.20625048875808716
1780626379464799700,32.2227998046875,0.008043024688959122,0.16729311645030975,0.20724092423915863
1780626379474795500,32.23279541015625,0.006921590771526098,0.13803817331790924,0.17857766151428223
1780626379484790500,32.24279052734375,0.004988402593880892,0.1129424124956131,0.12703804671764374
1780626379494785500,32.25278564453125,0.006790006998926401,0.10051915049552917,0.07532470673322678
1780626379504780500,32.26278051757812,0.011480633169412613,0.07450805604457855,0.04235849529504776
1780626379514776800,32.27277685546875,0.010065414942800999,0.052439674735069275,0.027483299374580383
1780626379524771600,32.282771484375,0.009541837498545647,0.05643468350172043,0.017757967114448547
1780626379534766600,32.2927666015625,-0.00496569974347949,0.057469937950372696,0.00808930117636919
1780626379544761600,32.30276171875,-0.018529711291193962,0.052337225526571274,0.005373143590986729
1780626379554756600,32.31275659179688,-0.017757240682840347,0.046631474047899246,0.005241537932306528
1780626379564752600,32.322752685546874,-0.00805667694658041,0.03683929890394211,0.017046798020601273
1780626379574747600,32.33274755859375,0.004836652893573046,0.015549085102975368,0.030588243156671524
1780626379584742700,32.34274267578125,0.015303675085306168,-0.011460961773991585,0.029450275003910065
1780626379594737400,32.3527373046875,0.024808576330542564,-0.030507508665323257,-0.001092354068532586
1780626379604732400,32.362732421875,0.028475215658545494,-0.0320872962474823,-0.028536228463053703
1780626379614728700,32.37272875976562,0.030019981786608696,-0.03126738592982292,-0.04525487869977951
1780626379624723700,32.3827236328125,0.034587033092975616,-0.03606453910470009,-0.03032786026597023
1780626379634718700,32.39271875,0.043459564447402954,-0.023604905232787132,0.027210241183638573
1780626379644713700,32.40271362304688,0.052430957555770874,0.00859510712325573,0.09470166265964508
1780626379654709500,32.41270947265625,0.05204169452190399,0.03503730893135071,0.1416691243648529
1780626379664704500,32.42270458984375,0.05178709700703621,0.03702296316623688,0.15470290184020996
1780626379674699500,32.432699462890625,0.042392462491989136,0.04493115842342377,0.13327230513095856
1780626379684694500,32.442694580078125,0.026635870337486267,0.06303372979164124,0.11347277462482452
1780626379694689500,32.452689453125,0.025228260084986687,0.07624898850917816,0.11034916341304779
1780626379704685600,32.462685546875,0.021018333733081818,0.08574528992176056,0.12041458487510681
1780626379714680600,32.4726806640625,0.009709438309073448,0.0990583524107933,0.1274130642414093
1780626379724675600,32.48267553710937,0.0029143826104700565,0.117777980864048,0.11885392665863037
1780626379734670600,32.49267065429687,0.01004142314195633,0.101310133934021,0.09973450750112534
1780626379744665600,32.50266552734375,0.0178652573376894,0.04104572534561157,0.06755925714969635
1780626379754661600,32.51266162109375,0.03100242279469967,-0.011533098295331001,0.008320996537804604
1780626379764656600,32.52265673828125,0.03814235329627991,-0.024017997086048126,-0.0860380008816719
1780626379774651600,32.53265161132813,0.03644276037812233,-0.01724453642964363,-0.16760750114917755
1780626379784646400,32.542646484375,0.027870049700140953,-0.028997598215937614,-0.17921994626522064
1780626379794642700,32.552642578125,0.020289581269025803,-0.053235169500112534,-0.1377411186695099
1780626379804637700,32.5626376953125,0.014067372307181358,-0.07811415195465088,-0.09699767827987671
1780626379814632700,32.5726328125,0.023755110800266266,-0.09905979037284851,-0.09308992326259613
1780626379824627700,32.582627685546875,0.0365300290286541,-0.1199650689959526,-0.10870536416769028
1780626379834622700,32.592622802734375,0.0418468602001667,-0.14599470794200897,-0.09768954664468765
1780626379844618500,32.60261840820313,0.04033897817134857,-0.14174909889698029,-0.06133180111646652
1780626379854613500,32.61261352539063,0.03127589076757431,-0.1138695701956749,-0.0015533980913460255
1780626379864608500,32.6226083984375,0.03101969324052334,-0.09108009934425354,0.03754287213087082
1780626379874603500,32.632603515625,0.03250044211745262,-0.07614926993846893,0.03584958240389824
1780626379884598500,32.6425986328125,0.028668418526649475,-0.05987948924303055,0.002275111386552453
1780626379894594600,32.652594482421875,0.025128545239567757,-0.030204419046640396,-0.04322499781847
1780626379904589600,32.662589599609376,0.023840907961130142,-0.030597766861319542,-0.04904187098145485
1780626379914584600,32.67258447265625,0.021738892421126366,-0.06220603734254837,-0.037637583911418915
1780626379924579600,32.68257958984375,0.025994891300797462,-0.10278249531984329,-0.04881726950407028
1780626379934574600,32.69257470703125,0.040423426777124405,-0.13187101483345032,-0.06877047568559647
1780626379944570600,32.70257055664062,0.043181128799915314,-0.14188316464424133,-0.0869249776005745
1780626379954565600,32.712565673828124,0.03993849456310272,-0.11816949397325516,-0.08699959516525269
1780626379964560400,32.72256030273437,0.03879653289914131,-0.06581974029541016,-0.07479672133922577
1780626379974555400,32.73255541992187,0.026029586791992188,0.0017459988594055176,-0.037273142486810684
1780626379984551700,32.7425517578125,0.01894131675362587,0.04375576600432396,0.013492565602064133
1780626379994546700,32.75254663085938,0.026212014257907867,0.1001892164349556,0.03651292994618416
1780626380004541700,32.76254174804688,0.0360470674932003,0.11752506345510483,0.05301547423005104
1780626380014536700,32.77253662109375,0.041832201182842255,0.10833629220724106,0.08490997552871704
1780626380024531700,32.78253173828125,0.03661586716771126,0.1093999594449997,0.12047915160655975
1780626380034527500,32.792527587890625,0.030125094577670097,0.1510234773159027,0.14744123816490173
1780626380044522500,32.8025224609375,0.03802695870399475,0.20722416043281555,0.1471477448940277
1780626380054517500,32.812517578125,0.05475528910756111,0.24021001160144806,0.13632994890213013
1780626380064512500,32.822512451171875,0.0650998055934906,0.2464066445827484,0.12155500054359436
1780626380074507800,32.8325078125,0.06352291256189346,0.23530155420303345,0.13127827644348145
1780626380084503600,32.84250366210937,0.041137441992759705,0.27233758568763733,0.13639527559280396
1780626380094498600,32.85249853515625,0.019977299496531487,0.38031813502311707,0.11441060900688171
1780626380104493600,32.86249365234375,0.009296958334743977,0.4374333322048187,0.09653813391923904
1780626380114488600,32.87248852539062,0.013484811410307884,0.43662169575691223,0.11344516277313232
1780626380124483600,32.88248364257812,0.02325461618602276,0.37739458680152893,0.13472221791744232
1780626380134479600,32.89247973632813,0.015399226918816566,0.2968636155128479,0.10965187847614288
1780626380144474600,32.902474609375,0.016358230262994766,0.25306129455566406,0.048407696187496185
1780626380154469400,32.912469482421876,0.02658424898982048,0.20279847085475922,-0.024640027433633804
1780626380164464600,32.92246459960938,0.046775802969932556,0.14725424349308014,-0.07166986167430878
1780626380174460700,32.932460693359374,0.08096513897180557,0.05087793990969658,-0.08027748018503189
1780626380184455700,32.94245556640625,0.10894404351711273,0.019974088296294212,-0.05315957963466644
1780626380194450700,32.95245068359375,0.14049570262432098,0.0351020023226738,0.004882975947111845
1780626380204445700,32.96244580078125,0.1825486123561859,0.11921395361423492,0.06408824026584625
1780626380214440700,32.972440673828125,0.23270204663276672,0.16569800674915314,0.10466670989990234
1780626380224436500,32.9824365234375,0.27893689274787903,0.15497317910194397,0.16455481946468353
1780626380234431500,32.99243139648438,0.31594255566596985,0.12219422310590744,0.23489563167095184
1780626380244426500,33.00242651367188,0.3413235545158386,0.09987720102071762,0.3002522587776184
1780626380254421800,33.012421875,0.34339261054992676,0.08689623326063156,0.3623587191104889
1780626380264416800,33.02241674804687,0.32455846667289734,0.10280755162239075,0.43436288833618164
1780626380274412500,33.03241259765625,0.2780028283596039,0.148198664188385,0.5240148901939392
1780626380284407600,33.042407470703125,0.22347351908683777,0.24125564098358154,0.597697913646698
1780626380294402600,33.052402587890626,0.17948202788829803,0.36497655510902405,0.608770489692688
1780626380304397600,33.0623974609375,0.16483624279499054,0.4750255346298218,0.5201548337936401
1780626380314393600,33.0723935546875,0.16983000934123993,0.5227404832839966,0.3650971055030823
1780626380324388600,33.082388671875,0.16352470219135284,0.5250529050827026,0.21271422505378723
1780626380334383400,33.09238330078125,0.10915834456682205,0.5223404765129089,0.08580765873193741
1780626380344378600,33.10237866210937,0.007626660633832216,0.5912095308303833,-0.004885227885097265
1780626380354373600,33.11237353515625,-0.09282069653272629,0.6443194150924683,-0.05892693251371384
1780626380364369700,33.12236962890625,-0.17078207433223724,0.6492050290107727,-0.04907350614666939
1780626380374364400,33.13236450195313,-0.231869637966156,0.6753519177436829,0.0007886888924986124
1780626380384359400,33.142359375,-0.27359363436698914,0.7331366539001465,0.08467613160610199
1780626380394354400,33.1523544921875,-0.3167411684989929,0.7894176840782166,0.18573041260242462
1780626380404349400,33.16234936523438,-0.3514070212841034,0.7895572185516357,0.18969158828258514
1780626380414345200,33.17234521484375,-0.35571783781051636,0.7909303307533264,0.10886021703481674
1780626380424340200,33.18234033203125,-0.3437139093875885,0.7738234996795654,0.0022304439917206764
1780626380434335200,33.19233520507812,-0.34996381402015686,0.7485957741737366,-0.07991224527359009
1780626380444330200,33.202330322265624,-0.36538830399513245,0.7447112798690796,-0.10758701711893082
1780626380454326300,33.212326171875,-0.40749800205230713,0.7819406986236572,-0.09013597667217255
1780626380464321300,33.2223212890625,-0.4539986550807953,0.8795820474624634,-0.09360287338495255
1780626380474316300,33.23231640625,-0.4606083929538727,0.9148103594779968,-0.1449553668498993
1780626380484311300,33.24231127929688,-0.4280320703983307,0.8772733807563782,-0.1961035132408142
1780626380494306300,33.25230639648437,-0.41152697801589966,0.8429948091506958,-0.20611785352230072
1780626380504302300,33.26230224609375,-0.40043625235557556,0.8398836851119995,-0.2481321543455124
1780626380514297300,33.27229736328125,-0.35260340571403503,0.8406484127044678,-0.3527722656726837
1780626380524292400,33.282292236328125,-0.2843998372554779,0.8527750968933105,-0.4671188294887543
1780626380534287000,33.292287109375,-0.20976188778877258,0.8719193935394287,-0.5618644952774048
1780626380544282000,33.3022822265625,-0.16513369977474213,0.8806204795837402,-0.597856342792511
1780626380554278400,33.3122783203125,-0.1618882268667221,0.8544166088104248,-0.5285760760307312
1780626380564273400,33.3222734375,-0.20929302275180817,0.8038029670715332,-0.4071487486362457
1780626380574268400,33.33226831054687,-0.31717294454574585,0.8076315522193909,-0.2683976888656616
1780626380584263400,33.34226342773437,-0.44852590560913086,0.7672495245933533,-0.17154279351234436
1780626380594258400,33.352258544921874,-0.5604565143585205,0.7569227814674377,-0.20485559105873108
1780626380604254200,33.362254150390626,-0.5951191782951355,0.7950813174247742,-0.37269729375839233
1780626380614249200,33.37224926757813,-0.6289910078048706,0.8408079743385315,-0.6636939644813538
1780626380624244200,33.382244140625,-0.6972291469573975,0.7502378821372986,-0.8890162706375122
1780626380634239200,33.3922392578125,-0.8032593131065369,0.6118370294570923,-0.9952697157859802
1780626380644235300,33.4022353515625,-0.8971853256225586,0.5332639217376709,-0.9865521192550659
1780626380654230300,33.412230224609374,-0.9179470539093018,0.517885684967041,-0.9218666553497314
1780626380664225300,33.422225341796874,-0.9107757210731506,0.5590680241584778,-0.8753023147583008
1780626380674220300,33.43222021484375,-0.9097673892974854,0.5868932604789734,-0.8620539903640747
1780626380684215300,33.44221533203125,-0.9001762866973877,0.6285496354103088,-0.8582707047462463
1780626380694211300,33.45221142578125,-0.8757273554801941,0.6375279426574707,-0.8649418354034424
1780626380704206300,33.46220629882812,-0.8584098815917969,0.60784912109375,-0.8677493333816528
1780626380714201000,33.472201171875,-0.8472937345504761,0.539131760597229,-0.8345870971679688
1780626380724196000,33.48219604492188,-0.8490791320800781,0.43658649921417236,-0.741843581199646
1780626380734191400,33.49219140625,-0.8360831141471863,0.33633720874786377,-0.6424582600593567
1780626380744187400,33.5021875,-0.7416910529136658,0.34013938903808594,-0.5645166039466858
1780626380754182400,33.512182373046876,-0.615717351436615,0.37398654222488403,-0.5291998386383057
1780626380764177400,33.52217749023438,-0.4682546555995941,0.38341307640075684,-0.5265721082687378
1780626380774172400,33.53217236328125,-0.30969178676605225,0.32819703221321106,-0.51201993227005
1780626380784167200,33.542167236328126,-0.20410862565040588,0.2584720253944397,-0.4854445159435272
1780626380794163200,33.5521630859375,-0.1666368842124939,0.18225795030593872,-0.4472779631614685
1780626380804158200,33.562158203125,-0.12425055354833603,0.22344745695590973,-0.2163320779800415
1780626380814153200,33.5721533203125,-0.1325308382511139,-0.13950277864933014,-0.04585994780063629
1780626380824148500,33.5821484375,-0.2878783643245697,-0.19262272119522095,-0.10182894766330719
1780626380834144300,33.59214428710938,-0.26942339539527893,0.07902808487415314,0.040184926241636276
1780626380844139300,33.60213916015625,-0.19308467209339142,0.028038671240210533,0.005701784044504166
1780626380854134300,33.61213427734375,-0.22377878427505493,0.05017397552728653,-0.21041563153266907
1780626380864129300,33.62212939453125,-0.12162578850984573,-0.01183133851736784,-0.14476710557937622
1780626380874124300,33.63212426757813,-0.01955999620258808,-0.10213948786258698,0.2450338751077652
1780626380884120300,33.642120361328125,-0.07360591739416122,-0.24549105763435364,0.6859729290008545
1780626380894115300,33.652115234375,-0.23926594853401184,-0.21970459818840027,1.0139153003692627
1780626380904110000,33.662110107421874,-0.49853214621543884,-0.5299767255783081,0.9762619137763977
1780626380914105300,33.672105224609375,-0.5450470447540283,-0.6703002452850342,0.8582916855812073
1780626380924100400,33.682100341796875,-0.374762624502182,-0.9113072156906128,0.8060393929481506
1780626380934096400,33.69209643554687,-0.0597163550555706,-1.3344874382019043,0.6967781782150269
1780626380944091400,33.70209130859375,0.191921204328537,-1.755846381187439,0.36322155594825745
1780626380954086400,33.71208642578125,0.4047219753265381,-1.7556395530700684,0.314281702041626
1780626380964081400,33.72208129882812,0.5653917789459229,-1.6387877464294434,0.5714054107666016
1780626380974076200,33.732076171875,0.7122738361358643,-1.550278663635254,0.8735133409500122
1780626380984072200,33.742072265625,0.8160659670829773,-1.546970248222351,1.035200595855713
1780626380994067200,33.752067138671876,0.8833869695663452,-1.7111573219299316,1.1872164011001587
1780626381004062500,33.7620625,0.9410073757171631,-1.8958395719528198,1.368385910987854
1780626381014057500,33.77205737304688,1.0343445539474487,-2.1134252548217773,1.5024179220199585
1780626381024053200,33.78205322265625,1.1649051904678345,-2.269192934036255,1.5003337860107422
1780626381034048300,33.79204833984375,1.2334113121032715,-2.199307680130005,1.3787673711776733
1780626381044043300,33.802043212890624,1.1857929229736328,-2.0826401710510254,1.2243136167526245
1780626381054038300,33.812038330078124,1.0395842790603638,-2.0566282272338867,1.1645704507827759
1780626381064033300,33.822033203125,0.8556728363037109,-1.9460265636444092,1.1513657569885254
1780626381074029300,33.832029296875,0.7375539541244507,-1.8919775485992432,1.106257677078247
1780626381084024000,33.84202416992188,0.7553247213363647,-2.0456931591033936,1.12591552734375
1780626381094019300,33.85201928710938,0.8580499887466431,-2.2634105682373047,1.254467487335205
1780626381104014300,33.86201440429687,1.0157479047775269,-2.327160596847534,1.4149836301803589
1780626381114009300,33.87200927734375,1.1874306201934814,-2.2162842750549316,1.5053600072860718
1780626381124005400,33.88200537109375,1.3157843351364136,-2.1426913738250732,1.5095757246017456
1780626381134000400,33.89200048828125,1.3245506286621094,-2.0046403408050537,1.4441858530044556
1780626381143995400,33.901995361328126,1.1647684574127197,-1.8353958129882812,1.443469524383545
1780626381153990100,33.911990234375,0.9065436720848083,-1.6834064722061157,1.5567182302474976
1780626381163985200,33.921985107421875,0.7114130258560181,-1.5704492330551147,1.6975328922271729
1780626381173981200,33.93198120117187,0.6140088438987732,-1.2351500988006592,1.6628189086914062
1780626381183976400,33.9419765625,0.6382659673690796,-0.8928998708724976,1.4465779066085815
1780626381193971500,33.951971435546874,0.6658928394317627,-0.917756199836731,1.2199152708053589
1780626381203966500,33.961966552734374,0.6454828977584839,-1.1177382469177246,1.1078236103057861
1780626381213962200,33.97196215820313,0.6219391226768494,-1.1731520891189575,1.0702389478683472
1780626381223957200,33.98195727539063,0.5810007452964783,-1.1069356203079224,1.044487476348877
1780626381233952300,33.9919521484375,0.5281915068626404,-0.8431105017662048,0.8374235033988953
1780626381243947300,34.001947265625,0.5020081400871277,-0.6760531067848206,0.5172716379165649
1780626381253942300,34.0119423828125,0.4613211154937744,-0.4816723167896271,0.32465860247612
1780626381263938300,34.021938232421874,0.31070977449417114,-0.2142864316701889,0.24876277148723602
1780626381273933300,34.031933349609375,0.1346345841884613,-0.02179364487528801,0.1688203513622284
1780626381283928300,34.04192822265625,0.010223137214779854,-0.00009181327186524868,0.05927147716283798
1780626381293923300,34.05192333984375,-0.04613223671913147,-0.1474105566740036,-0.07746622711420059
1780626381303918300,34.06191845703125,-0.07136408984661102,-0.30514559149742126,-0.22258053719997406
1780626381313914400,34.07191430664062,-0.08564674109220505,-0.3622603714466095,-0.3216879665851593
1780626381323909400,34.08190942382812,-0.10798214375972748,-0.44232431054115295,-0.26517167687416077
1780626381333904400,34.091904296875,-0.15979914367198944,-0.41382190585136414,-0.06202056631445885
1780626381343899100,34.10189916992187,-0.2168126255273819,-0.20180365443229675,0.12649475038051605
1780626381353894100,34.11189404296875,-0.25887447595596313,-0.030065355822443962,0.1576850861310959
1780626381363890400,34.12189038085938,-0.27905377745628357,0.01006342377513647,0.02291715145111084
1780626381373885200,34.13188525390625,-0.27590277791023254,-0.03760659322142601,-0.16476435959339142
1780626381383880200,34.141880126953126,-0.23446401953697205,-0.14521348476409912,-0.2760474681854248
1780626381393875200,34.151875244140626,-0.11977937817573547,-0.24134302139282227,-0.2713811993598938
1780626381403871200,34.161871337890624,0.021096786484122276,-0.28198525309562683,-0.206437885761261
1780626381413866200,34.1718662109375,0.09307623654603958,-0.20327754318714142,-0.10050585865974426
1780626381423861200,34.181861328125,0.08708039671182632,-0.13440446555614471,0.04856005311012268
1780626381433856300,34.19185620117187,0.04418443515896797,-0.0842585414648056,0.16974857449531555
1780626381443851300,34.201851318359374,0.005390968639403582,-0.07009957730770111,0.1953255832195282
1780626381453847300,34.21184741210938,-0.009260103106498718,-0.06251821666955948,0.12971851229667664
1780626381463842000,34.22184204101563,-0.006099996156990528,-0.10166002810001373,0.050043389201164246
1780626381473837000,34.23183715820313,0.012541042640805244,-0.14766308665275574,0.011078868061304092
1780626381483832000,34.24183203125,0.027989773079752922,-0.14721541106700897,0.006977600045502186
1780626381493827000,34.2518271484375,0.04040512070059776,-0.12428280711174011,0.036378733813762665
1780626381503823400,34.2618232421875,0.029415052384138107,-0.029101695865392685,0.06059485673904419
1780626381513818400,34.271818359375,-0.019732549786567688,0.04786251112818718,0.09276002645492554
1780626381523813000,34.281813232421875,-0.08273868262767792,0.07880339026451111,0.1311822533607483
1780626381533808000,34.29180810546875,-0.1138353943824768,0.09306510537862778,0.16511212289333344
1780626381543803100,34.30180322265625,-0.11044998466968536,0.09100648015737534,0.21972715854644775
1780626381553799200,34.31179907226562,-0.08872126787900925,0.09678305685520172,0.24314500391483307
1780626381563794200,34.32179418945312,-0.051768574863672256,0.11430852115154266,0.20753002166748047
1780626381573789200,34.3317890625,-0.023648183792829514,0.14425145089626312,0.13592387735843658
1780626381583784200,34.3417841796875,-0.020725099369883537,0.12461544573307037,0.06891313940286636
1780626381593780200,34.3517802734375,-0.027381421998143196,0.09989386051893234,0.012092637829482555
1780626381603775200,34.361775146484376,-0.03407714143395424,0.07306384295225143,-0.04453868046402931
1780626381613770200,34.37177026367188,-0.04073667526245117,0.0024617661256343126,-0.07311169058084488
1780626381623765200,34.38176513671875,-0.035645775496959686,-0.0964706689119339,-0.044218793511390686
1780626381633760300,34.39176025390625,-0.01457049697637558,-0.13092954456806183,-0.010841147974133492
1780626381643756000,34.40175610351562,0.01581830158829689,-0.1321982741355896,0.025841766968369484
1780626381653751000,34.4117509765625,0.02756355330348015,-0.09196806699037552,0.06413032114505768
1780626381663746000,34.42174609375,0.0093126455321908,-0.021238237619400024,0.08099984377622604
1780626381673741000,34.43174096679687,-0.024265442043542862,0.015828367322683334,0.08196902275085449
1780626381683736000,34.441736083984374,-0.06145036220550537,0.0007202550768852234,0.07469965517520905
1780626381693732400,34.451732421875,-0.09172884374856949,-0.024674884974956512,0.04704275354743004
1780626381703727400,34.46172729492187,-0.09908396750688553,-0.030767131596803665,-0.01673063449561596
1780626381713722000,34.47172216796875,-0.0726715624332428,-0.0530213862657547,-0.08536531031131744
1780626381723717000,34.48171704101563,-0.054370056837797165,-0.07640473544597626,-0.11863165348768234
1780626381733712100,34.49171215820313,-0.06326253712177277,-0.0556226447224617,-0.13168077170848846
1780626381743708200,34.501708251953126,-0.05884302407503128,-0.04492339864373207,-0.10066399723291397
1780626381753703200,34.511703125,-0.06269239634275436,0.004220576025545597,-0.024084975942969322
1780626381763698200,34.5216982421875,-0.09260395914316177,0.08293722569942474,0.04589597135782242
1780626381773693200,34.531693115234376,-0.12445076555013657,0.08608460426330566,0.06463438272476196
1780626381783689200,34.54168920898437,-0.12417939305305481,0.033021654933691025,0.016759270802140236
1780626381793684200,34.55168432617187,-0.11225137859582901,-0.02950669452548027,-0.05013224482536316
1780626381803679200,34.56167919921875,-0.07880979776382446,-0.0772092342376709,-0.031334586441516876
1780626381813674200,34.57167431640625,-0.08411291241645813,-0.10658099502325058,-0.028252314776182175
1780626381823669200,34.58166918945312,-0.1287325769662857,-0.06467242538928986,-0.08180874586105347
1780626381833665000,34.5916650390625,-0.1605115681886673,0.026513051241636276,-0.1450781226158142
1780626381843660000,34.601659912109376,-0.1702888309955597,0.02665925957262516,-0.13973182439804077
1780626381853655000,34.61165502929688,-0.1481211632490158,0.06912050396203995,-0.05158194154500961
1780626381863650000,34.62165014648438,-0.14900293946266174,0.14028149843215942,-0.010481379926204681
1780626381873645000,34.63164501953125,-0.2261534035205841,0.1615627259016037,-0.052634380757808685
1780626381883641300,34.641641357421875,-0.312793493270874,0.05192332714796066,-0.131503626704216
1780626381893636400,34.65163623046875,-0.25506460666656494,-0.1254219263792038,-0.22563064098358154
1780626381903631000,34.661631103515624,-0.1033557876944542,-0.2296455353498459,-0.3153029978275299
1780626381913626000,34.671626220703125,-0.027646783739328384,-0.2035045623779297,-0.33827129006385803
1780626381923621000,34.68162109375,-0.0788324773311615,-0.05125031620264053,-0.253730833530426
1780626381933617200,34.6916171875,-0.15864747762680054,0.026438921689987183,-0.101815365254879
1780626381943612200,34.70161206054688,-0.0991244837641716,-0.034202318638563156,0.023141486570239067
1780626381953607200,34.71160717773437,0.017501426860690117,-0.049538642168045044,0.07800081372261047
1780626381963602200,34.72160229492187,0.0013325773179531097,0.08022734522819519,0.07381565868854523
1780626381973598200,34.73159814453125,-0.10950804501771927,0.1689782589673996,0.07352244853973389
1780626381983593200,34.74159326171875,-0.19770368933677673,0.17705482244491577,0.04659789055585861
1780626381993588200,34.751588134765626,-0.25144800543785095,0.0611303485929966,-0.030554426833987236
1780626382003583200,34.76158325195313,-0.07897663861513138,-0.2523583471775055,-0.13424061238765717
1780626382013578200,34.771578125,0.15531174838542938,-0.4589940309524536,-0.2697918713092804
1780626382023574000,34.78157397460937,0.11453927308320999,-0.23594659566879272,-0.2771565616130829
1780626382033569000,34.79156909179687,0.0947902500629425,-0.2219570279121399,-0.020226050168275833
1780626382043564000,34.80156396484375,0.061262913048267365,0.037637531757354736,0.25402015447616577
1780626382053559000,34.81155908203125,-0.12742017209529877,0.32948434352874756,0.43238237500190735
1780626382063554300,34.82155419921875,-0.14903011918067932,0.20907166600227356,0.47284218668937683
1780626382073550300,34.83155029296875,-0.04756193980574608,0.13194535672664642,0.2639797627925873
1780626382083545000,34.84154516601563,0.0022628740407526493,0.0672936663031578,0.0188168752938509
1780626382093540000,34.8515400390625,0.04433414340019226,-0.05733879655599594,-0.14033105969429016
1780626382103535000,34.86153515625,0.04439699277281761,-0.0662609189748764,-0.23163460195064545
1780626382113530000,34.87153002929688,-0.016133690252900124,-0.03734381124377251,-0.2094271183013916
1780626382123526100,34.881526123046875,-0.05677193030714989,-0.030282702296972275,-0.0959535464644432
1780626382133521200,34.891521240234376,-0.07102413475513458,0.03009730763733387,0.019331034272909164
1780626382143516400,34.901516357421876,-0.08110766112804413,0.10856015980243683,0.08006975054740906
1780626382153511200,34.91151123046875,-0.07003054767847061,0.10499713569879532,0.09748929738998413
1780626382163507200,34.92150708007812,-0.06829097121953964,0.07597959786653519,0.10108322650194168
1780626382173502200,34.93150219726562,-0.050701819360256195,0.07170350849628448,0.10440622270107269
1780626382183497200,34.94149731445312,-0.0057188980281353,0.025174351409077644,0.10898686200380325
1780626382193492200,34.9514921875,0.027470890432596207,0.031159281730651855,0.10697989910840988
1780626382203487200,34.9614873046875,0.03457620367407799,0.02632058411836624,0.08056800067424774
1780626382213483000,34.97148291015625,0.036683108657598495,-0.024588551372289658,0.05276310071349144
1780626382223478000,34.98147802734375,0.054552122950553894,-0.0802917629480362,0.06143222004175186
1780626382233473300,34.99147338867188,0.08849886804819107,-0.13119113445281982,0.0946083515882492
1780626382243468300,35.00146826171875,0.10309591889381409,-0.13298743963241577,0.11884951591491699
1780626382253463300,35.01146337890625,0.069481261074543,-0.09057065844535828,0.13269416987895966
1780626382263459300,35.021459228515624,0.04016784951090813,-0.04619893431663513,0.13151758909225464
1780626382273454000,35.0314541015625,0.04598629102110863,-0.05613899976015091,0.1378152072429657
1780626382283449000,35.041448974609374,0.059036049991846085,-0.09396414458751678,0.15645308792591095
1780626382293444000,35.051444091796874,0.07897982746362686,-0.10804571211338043,0.14369821548461914
1780626382303439000,35.061439208984375,0.09611514210700989,-0.0931282788515091,0.0907665565609932
1780626382313435100,35.07143505859375,0.08199962973594666,-0.0760016143321991,0.06441128253936768
1780626382323430400,35.08143041992187,0.07148893177509308,-0.05339431017637253,0.06020881235599518
1780626382333425400,35.09142529296875,0.05805345997214317,-0.021263211965560913,0.053333379328250885
1780626382343420200,35.10142016601562,0.03367222100496292,0.007301853504031897,0.04356277734041214
1780626382353415200,35.11141528320312,0.028263315558433533,0.02273285575211048,0.0509047694504261
1780626382363411200,35.1214111328125,0.02457403764128685,0.0390966460108757,0.07088407129049301
1780626382373406700,35.13140673828125,0.01402122713625431,0.09356896579265594,0.08880535513162613
1780626382383401700,35.14140161132813,-0.0107797272503376,0.13916654884815216,0.11309205740690231
1780626382393396700,35.15139672851563,-0.028142813593149185,0.15582440793514252,0.11741264909505844
1780626382403392800,35.161392822265626,-0.08568494021892548,0.18990567326545715,0.03935512527823448
1780626382413387800,35.1713876953125,-0.2663194537162781,0.2627014219760895,-0.08647185564041138
1780626382423382800,35.1813828125,-0.441534161567688,0.3400324285030365,-0.19767560064792633
1780626382433377800,35.191377685546875,-0.31835949420928955,-0.010505074635148048,-0.16771529614925385
1780626382443372800,35.201372802734376,0.05553075298666954,-0.5215875506401062,-0.10499919950962067
1780626382453368600,35.21136865234375,0.3949315845966339,-0.5894618034362793,-0.15169024467468262
1780626382463363600,35.22136352539062,0.3996807932853699,-0.12478761374950409,-0.09904194623231888
1780626382473358600,35.23135864257812,0.0730196088552475,0.2867838442325592,0.3125861585140228
1780626382483353600,35.241353515625,-0.2772175073623657,0.5643938779830933,0.8738948106765747
1780626382493348600,35.2513486328125,-0.31750577688217163,0.7173717021942139,1.1495739221572876
1780626382503345000,35.26134497070313,-0.1400020718574524,0.6890053153038025,0.8711492419242859
1780626382513339600,35.27133959960938,0.010748548433184624,0.29578396677970886,0.21299558877944946
1780626382523334700,35.28133471679688,0.006914928555488586,-0.27471306920051575,-0.45879265666007996
1780626382533329700,35.29132958984375,0.023510150611400604,-0.6652304530143738,-0.8956807255744934
1780626382543324700,35.30132470703125,0.08369012922048569,-0.8937715291976929,-1.0584356784820557
1780626382553320700,35.31132080078125,0.12903594970703125,-0.7233410477638245,-0.9350984692573547
1780626382563315700,35.321315673828124,-0.041665490716695786,-0.23728059232234955,-0.5926729440689087
1780626382573310700,35.331310791015625,-0.36664414405822754,0.10823582112789154,-0.21377573907375336
1780626382583305500,35.34130541992187,-0.43837425112724304,0.04639109596610069,0.029245425015687943
1780626382593300500,35.351300537109374,-0.2520714998245239,-0.14314846694469452,0.07824908941984177
1780626382603296800,35.361296875,-0.03902793303132057,-0.14431945979595184,0.00028798170387744904
1780626382613291800,35.37129174804687,0.048374615609645844,-0.05855102464556694,-0.10442245751619339
1780626382623286800,35.38128686523437,0.018342150375247,0.01613466627895832,-0.13411909341812134
1780626382633281800,35.39128173828125,-0.058636974543333054,0.1052316352725029,-0.04451081529259682
1780626382643277600,35.401277587890625,-0.10338180512189865,0.169581338763237,0.07692906260490417
1780626382653272600,35.4112724609375,-0.07318177819252014,0.14551228284835815,0.11631380021572113
1780626382663267600,35.421267578125,-0.00504347076639533,0.03501346707344055,0.06161219999194145
1780626382673262600,35.4312626953125,0.011556661687791348,-0.0833253338932991,-0.008286694064736366
1780626382683257600,35.441257568359376,-0.003600718919187784,-0.11234739422798157,-0.04352111741900444
1780626382693253600,35.45125366210937,-0.003514333162456751,-0.058109622448682785,-0.05715230852365494
1780626382703248600,35.46124853515625,-0.043428726494312286,0.11562462151050568,-0.03357614204287529
1780626382713243600,35.47124365234375,-0.1363276243209839,0.21292366087436676,0.006692157592624426
1780626382723238700,35.48123876953125,-0.15788617730140686,0.12290534377098083,-0.004924284294247627
1780626382733233700,35.49123364257812,-0.07949955016374588,-0.038509611040353775,-0.09278784692287445
1780626382743229700,35.50122973632813,0.01684269681572914,-0.15447109937667847,-0.1597173511981964
1780626382753224700,35.511224609375,0.05497653782367706,-0.16386596858501434,-0.11832337826490402
1780626382763219700,35.5212197265625,0.01873038336634636,-0.01988481916487217,0.041652705520391464
1780626382773214500,35.53121435546875,-0.08470345288515091,0.19126097857952118,0.21837475895881653
1780626382783209700,35.54120971679688,-0.1735166758298874,0.3756728768348694,0.3199772834777832
1780626382793205800,35.551205810546875,-0.18188776075839996,0.3349567949771881,0.2831772565841675
1780626382803200800,35.56120068359375,-0.0806753933429718,0.08581408113241196,0.1256302297115326
1780626382813195800,35.57119580078125,0.01519387774169445,-0.08240166306495667,-0.05989570543169975
1780626382823190800,35.581190673828125,0.03223464637994766,-0.13759249448776245,-0.1727716624736786
1780626382833186600,35.5911865234375,0.0028318800032138824,-0.11011060327291489,-0.2016598880290985
1780626382843181600,35.601181640625,-0.05327453091740608,-0.050728507339954376,-0.15282097458839417
1780626382853176600,35.61117651367187,-0.14673280715942383,0.08728110045194626,-0.1093640923500061
1780626382863171600,35.62117163085937,-0.23982174694538116,0.2304726094007492,-0.08062325417995453
1780626382873166800,35.63116674804687,-0.27473732829093933,0.2442370355129242,-0.014168068766593933
1780626382883162600,35.64116259765625,-0.14335933327674866,0.06925349682569504,0.034023430198431015
1780626382893157600,35.65115771484375,0.04478275403380394,-0.10354456305503845,-0.031873974949121475
1780626382903152600,35.661152587890626,0.14594906568527222,-0.19190877676010132,-0.19860729575157166
1780626382913147600,35.67114770507813,0.08488170057535172,-0.20812147855758667,-0.2926538586616516
1780626382923142700,35.681142578125,-0.04813014715909958,-0.1496746689081192,-0.22257305681705475
1780626382933138700,35.691138671875,-0.1825719028711319,-0.08683930337429047,-0.12573960423469543
1780626382943133700,35.7011337890625,-0.15244436264038086,-0.22568559646606445,-0.051350854337215424
1780626382953128700,35.711128662109374,0.07461266964673996,-0.2807966470718384,-0.009874350391328335
1780626382963123700,35.721123779296875,0.2271803766489029,-0.09277401119470596,-0.006077748257666826
1780626382973118700,35.73111865234375,0.05299505963921547,0.19727836549282074,0.03671646863222122
1780626382983114800,35.74111474609375,-0.11381576210260391,0.12868626415729523,0.11551914364099503
1780626382993109800,35.75110986328125,-0.018170055001974106,-0.027809888124465942,0.09976689517498016
1780626383003104800,35.76110473632812,0.12107252329587936,-0.20840735733509064,-0.0775919035077095
1780626383013099800,35.77109985351562,0.20305553078651428,-0.3727397620677948,-0.2482682764530182
1780626383023095600,35.781095458984375,0.13400296866893768,-0.25488901138305664,-0.291279137134552
1780626383033090600,35.791090576171875,-0.012955475598573685,-0.10755618661642075,-0.23151645064353943
1780626383043085600,35.80108544921875,-0.06595584005117416,-0.1526421755552292,-0.11024434119462967
1780626383053080800,35.811080810546876,0.018191160634160042,-0.2331658899784088,0.014641211368143559
1780626383063075800,35.82107592773438,0.13060718774795532,-0.18819575011730194,0.03894069418311119
1780626383073071600,35.83107153320312,0.1400320827960968,-0.0449712872505188,0.0015821810811758041
1780626383083066600,35.84106665039062,0.04746166616678238,0.10677243769168854,0.03333877772092819
1780626383093061600,35.8510615234375,-0.00019151344895362854,0.12821562588214874,0.09957846999168396
1780626383103056600,35.861056640625,0.06039486452937126,0.05982803925871849,0.15694056451320648
1780626383113051600,35.8710517578125,0.11737629771232605,0.06604258716106415,0.12167583405971527
1780626383123047700,35.88104760742188,0.12826037406921387,0.025323649868369102,0.022051770240068436
1780626383133042700,35.89104272460938,0.1321154236793518,-0.01396933477371931,-0.057318661361932755
1780626383143037700,35.90103759765625,0.10998454689979553,0.07305877655744553,-0.007030987646430731
1780626383153032700,35.91103271484375,0.07428797334432602,0.11705968528985977,0.06992751359939575
1780626383163027700,35.92102783203125,0.05844935402274132,0.1502772867679596,0.1622989922761917
1780626383173023700,35.931023681640625,0.08818792551755905,0.14652802050113678,0.19207316637039185
1780626383183018800,35.941018798828125,0.09316191077232361,0.2002711445093155,0.1579040139913559
1780626383193013800,35.951013671875,-0.016174685209989548,0.303256630897522,0.165186807513237
1780626383203008800,35.9610087890625,-0.08546613901853561,0.1652154177427292,0.16611625254154205
1780626383213003500,35.97100341796875,0.0276435986161232,-0.0721593052148819,0.0927472934126854
1780626383222999600,35.98099951171875,0.05154573544859886,0.10968746244907379,-0.005572618916630745
1780626383232994800,35.99099487304687,-0.09652917832136154,0.24043533205986023,-0.06367354094982147
1780626383242989800,36.00098974609375,-0.09032241255044937,0.18840116262435913,-0.08420971035957336
1780626383252984800,36.01098486328125,-0.03744141012430191,0.18071281909942627,-0.18583278357982635
1780626383262980600,36.020980712890626,-0.1637394279241562,0.46130478382110596,-0.27324652671813965
1780626383272975600,36.0309755859375,-0.26225385069847107,0.38107040524482727,-0.20789697766304016
1780626383282970600,36.040970703125,-0.13879823684692383,-0.12692409753799438,-0.07913181930780411
1780626383292965600,36.050965576171876,0.07281967252492905,-0.33804458379745483,-0.10217706859111786
1780626383302960600,36.06096069335938,0.10815076529979706,-0.10475430637598038,-0.2532864212989807
1780626383312956700,36.070956787109374,-0.08882630616426468,0.06876720488071442,-0.2582457363605499
1780626383322951700,36.08095166015625,-0.13295303285121918,0.08517520874738693,-0.0874854251742363
1780626383332946700,36.09094677734375,-0.011016327887773514,0.0927775502204895,0.03869286924600601
1780626383342941700,36.100941650390624,0.08932971954345703,0.08135072141885757,0.01697239652276039
1780626383352936700,36.110936767578124,0.09775865077972412,0.06985693424940109,-0.11098522692918777
1780626383362932700,36.1209326171875,0.016551142558455467,0.022755736485123634,-0.2534118592739105
1780626383372927700,36.130927734375,-0.0969509482383728,-0.11350148171186447,-0.31119105219841003
1780626383382922800,36.1409228515625,-0.14575843513011932,-0.2964595854282379,-0.3473064601421356
1780626383392917800,36.15091772460938,-0.05667880177497864,-0.36695829033851624,-0.4355575442314148
1780626383402912500,36.16091259765625,0.022240515798330307,-0.2639027535915375,-0.484445720911026
1780626383412908800,36.17090869140625,0.023983633145689964,-0.22251899540424347,-0.43241676688194275
1780626383422903800,36.18090380859375,-0.024860870093107224,-0.0885382816195488,-0.4664578437805176
1780626383432898800,36.19089892578125,-0.2772519886493683,0.34150540828704834,-0.5589020252227783
1780626383442893800,36.200893798828126,-0.5075749754905701,0.510160505771637,-0.6156933903694153
1780626383452888800,36.21088891601563,-0.4604354798793793,0.2537381947040558,-0.6195048093795776
1780626383462884600,36.22088452148437,-0.2633485198020935,0.06505721807479858,-0.70979905128479
1780626383472879600,36.23087963867187,-0.22481070458889008,0.24091246724128723,-0.8908337950706482
1780626383482874600,36.24087451171875,-0.38638070225715637,0.6301829814910889,-1.0492948293685913
1780626383492869600,36.25086962890625,-0.5372406244277954,0.8998575210571289,-1.1355805397033691
1780626383502864600,36.26086474609375,-0.5265693068504333,1.1161439418792725,-1.049005389213562
1780626383512860700,36.27086059570313,-0.4861382842063904,1.4254271984100342,-0.7715298533439636
1780626383522855700,36.28085571289063,-0.5426068305969238,1.507868766784668,-0.5094735026359558
1780626383532850700,36.2908505859375,-0.47909045219421387,1.1957337856292725,-0.2550140917301178
1780626383542845700,36.300845703125,-0.1545800268650055,1.2533257007598877,-0.25146809220314026
1780626383552841700,36.310841796875,0.23375360667705536,1.5277200937271118,-0.18899179995059967
1780626383562836700,36.320836669921874,0.28514036536216736,1.726361870765686,0.2394935041666031
1780626383572831700,36.330831787109375,-0.1202763244509697,1.6572967767715454,0.430856317281723
1780626383582826500,36.340826416015624,-0.7690391540527344,1.2166277170181274,-0.17089878022670746
1780626383592821500,36.350821533203124,-0.972159206867218,0.6730226278305054,-1.2350777387619019
1780626383602817800,36.36081787109375,-0.7653605341911316,-0.05743987113237381,-2.2143054008483887
1780626383612812800,36.37081274414062,-0.5838111639022827,-0.551284909248352,-2.7468039989471436
1780626383622807800,36.38080786132812,-0.6937379837036133,-0.7709014415740967,-2.743446111679077
1780626383632802800,36.390802734375,-1.0683317184448242,-0.7723612189292908,-2.3052375316619873
1780626383642797800,36.4007978515625,-1.2918516397476196,-0.24876669049263,-1.5986765623092651
1780626383652793600,36.410793701171876,-1.1288433074951172,0.2955858111381531,-0.8472464680671692
1780626383662788600,36.42078857421875,-0.7688438892364502,0.864351212978363,-0.21509751677513123
1780626383672783600,36.43078369140625,-0.488537073135376,1.1049079895019531,0.18104684352874756
1780626383682778600,36.440778564453126,-0.27873989939689636,0.9402024149894714,0.20513486862182617
1780626383692773600,36.45077368164063,-0.05324950069189072,0.536705732345581,-0.2743404805660248
1780626383702769700,36.460769775390624,0.055312130600214005,0.17636696994304657,-1.0505094528198242
1780626383712764700,36.4707646484375,-0.13604572415351868,-0.15308807790279388,-1.5011069774627686
1780626383722759700,36.480759765625,-0.3693343698978424,-0.2761892080307007,-1.4655755758285522
1780626383732754700,36.49075463867187,-0.5204659700393677,-0.1265478879213333,-1.167067289352417
1780626383742749700,36.500749755859374,-0.6230770349502563,0.1236901730298996,-0.8105345368385315
1780626383752745700,36.51074584960938,-0.6163106560707092,0.3183608055114746,-0.5324817299842834
1780626383762740700,36.52074072265625,-0.5381900072097778,0.46314701437950134,-0.42990848422050476
1780626383772735500,36.53073559570313,-0.5183783769607544,0.5747334361076355,-0.4280402958393097
1780626383782730500,36.54073046875,-0.5258898138999939,0.6092125773429871,-0.44212815165519714
1780626383792725800,36.55072583007812,-0.3979354798793793,0.6805922985076904,-0.5685421824455261
1780626383802721800,36.5607216796875,-0.4380621314048767,0.7040678262710571,-0.6453501582145691
1780626383812716800,36.570716796875,-0.5249539613723755,0.5607978105545044,-0.5543935298919678
1780626383822711800,36.5807119140625,-0.30454859137535095,0.4812755584716797,-0.42873919010162354
1780626383832706800,36.590706787109376,-0.00647333450615406,0.6025857329368591,-0.19411715865135193
1780626383842702600,36.60070263671875,-0.06953538954257965,0.8200615644454956,0.293718546628952
1780626383852697600,36.61069750976562,-0.43788567185401917,0.9908765554428101,0.5627735257148743
1780626383862692600,36.62069262695312,-0.6108931303024292,0.8646723031997681,0.30431637167930603
1780626383872687600,36.6306875,-0.5621365308761597,0.513798713684082,-0.3414822518825531
1780626383882683000,36.64068286132812,-0.4255177080631256,0.1558605283498764,-0.9222127795219421
1780626383892678700,36.6506787109375,-0.37154075503349304,0.028227176517248154,-1.1751649379730225
1780626383902673700,36.66067358398438,-0.5212511420249939,0.07965122163295746,-1.204275369644165
1780626383912668700,36.67066870117188,-0.7886120080947876,0.336241751909256,-1.1442383527755737
1780626383922663700,36.68066357421875,-1.0754064321517944,0.684380829334259,-0.9480869770050049
1780626383932658700,36.69065869140625,-1.258914828300476,0.9185392260551453,-0.7566813826560974
1780626383942654700,36.70065478515625,-1.0935673713684082,0.9364428520202637,-0.6931793689727783
1780626383952649500,36.7106494140625,-0.5993767976760864,0.8888998031616211,-0.7654702067375183
1780626383962644500,36.72064453125,-0.2644789218902588,0.9026275873184204,-0.7821977734565735
1780626383972639700,36.7306396484375,-0.30383387207984924,0.9204258918762207,-0.6507969498634338
1780626383982634800,36.740634765625,-0.279079794883728,1.017454743385315,-0.44040220975875854
1780626383992630800,36.750630859375,-0.2042483687400818,1.2289137840270996,-0.1307893693447113
1780626384002625800,36.76062573242187,-0.2284706085920334,1.4675614833831787,0.3841663897037506
1780626384012620800,36.77062084960937,-0.3430185914039612,1.6789674758911133,0.8462311029434204
1780626384022615600,36.78061547851563,-0.6150522232055664,1.6970043182373047,0.9827066659927368
1780626384032610600,36.79061059570312,-0.8600562810897827,1.4158411026000977,0.5036446452140808
1780626384042606600,36.800606689453126,-0.8648249506950378,0.8585818409919739,-0.5151188373565674
1780626384052601600,36.8106015625,-0.8275333046913147,0.3621930480003357,-1.601689338684082
1780626384062596900,36.82059692382813,-0.8293405175209045,0.033087849617004395,-2.169423818588257
1780626384072592000,36.830591796875,-0.798724889755249,0.006088223773986101,-2.1204683780670166
1780626384082587000,36.8405869140625,-0.8238031268119812,0.20480425655841827,-1.6257779598236084
1780626384092582700,36.85058276367187,-0.9870505332946777,0.6030678749084473,-0.9990585446357727
1780626384102577700,36.86057763671875,-1.1827718019485474,1.1078306436538696,-0.4395752549171448
1780626384112572700,36.87057275390625,-1.3168277740478516,1.4879295825958252,-0.1312163919210434
1780626384122567700,36.88056762695312,-1.2745263576507568,1.6015002727508545,-0.08354555070400238
1780626384132563700,36.89056372070313,-1.0536824464797974,1.3360557556152344,-0.24373115599155426
1780626384142558500,36.900558349609376,-0.7671338319778442,0.910655677318573,-0.5331083536148071
1780626384152553700,36.9105537109375,-0.4902094602584839,0.6643526554107666,-0.7586077451705933
1780626384162548700,36.920548828125,-0.352382093667984,0.5854977965354919,-0.646701455116272
1780626384172543700,36.93054370117188,-0.45221999287605286,0.6207665801048279,-0.2620328962802887
1780626384182539800,36.940539794921875,-0.5691237449645996,0.6115403175354004,0.043115027248859406
1780626384192534800,36.95053466796875,-0.5743677020072937,0.5042616128921509,-0.003122413996607065
1780626384202529800,36.96052978515625,-0.49627768993377686,0.24040816724300385,-0.284904807806015
1780626384212524500,36.970524658203125,-0.35260477662086487,-0.07196524739265442,-0.515857458114624
1780626384222519600,36.98051953125,-0.2672707140445709,-0.30913546681404114,-0.6605358123779297
1780626384232515600,36.990515625,-0.2563859522342682,-0.3450683653354645,-0.7748398184776306
1780626384242510800,37.0005107421875,-0.29132983088493347,-0.28107738494873047,-0.785942792892456
1780626384252505900,37.010505859375,-0.3477986454963684,-0.23404058814048767,-0.6161559820175171
1780626384262500900,37.0205009765625,-0.3928894102573395,-0.07739797979593277,-0.4360956847667694
1780626384272495900,37.03049584960937,-0.43776893615722656,0.25315025448799133,-0.4156720042228699
1780626384282491600,37.04049169921875,-0.5024480819702148,0.49807584285736084,-0.4053213894367218
1780626384292486700,37.050486572265626,-0.5831210017204285,0.6675978899002075,-0.29351547360420227
1780626384302481700,37.06048168945313,-0.6066098213195801,0.8672995567321777,-0.1941516101360321
1780626384312476700,37.0704765625,-0.6036980152130127,0.9886772036552429,-0.1803276091814041
1780626384322471700,37.0804716796875,-0.6061872243881226,0.9420167207717896,-0.21042639017105103
1780626384332467700,37.0904677734375,-0.5718663334846497,0.8197042346000671,-0.20884719491004944
1780626384342462700,37.100462646484374,-0.47940346598625183,0.6045058965682983,-0.15868736803531647
1780626384352457700,37.110457763671874,-0.3415523171424866,0.3485706150531769,-0.19669367372989655
1780626384362452700,37.12045263671875,-0.19924363493919373,0.4043872654438019,-0.2910846173763275
1780626384372448000,37.130447998046876,-0.11639578640460968,0.6225820183753967,-0.23966997861862183
1780626384382444000,37.14044409179687,-0.10120324790477753,0.20305773615837097,0.13913166522979736
1780626384392439000,37.15043896484375,0.17065323889255524,0.21932712197303772,0.44466495513916016
1780626384402434000,37.16043408203125,0.5637789368629456,0.5797657370567322,0.6624313592910767
1780626384412429000,37.17042895507812,0.6718745827674866,0.7461367249488831,1.2393673658370972
1780626384422425000,37.18042504882813,0.46106410026550293,0.8554592132568359,1.7549431324005127
1780626384432420000,37.19042016601563,0.22688627243041992,0.5455839037895203,1.6321531534194946
1780626384442415000,37.2004150390625,0.24646423757076263,0.08019489794969559,1.074677586555481
1780626384452409900,37.21040991210938,0.3021766245365143,-0.38741400837898254,0.40243828296661377
1780626384462404900,37.22040478515625,0.2654556334018707,-0.9468547105789185,-0.28490254282951355
1780626384472401200,37.230401123046875,0.21155700087547302,-1.3425867557525635,-0.9000087380409241
1780626384482396200,37.240396240234375,0.16545873880386353,-1.5122489929199219,-1.3042086362838745
1780626384492391200,37.25039111328125,0.02783803455531597,-1.5895804166793823,-1.3828494548797607
1780626384502386200,37.26038623046875,-0.29841968417167664,-1.515184760093689,-1.0383219718933105
1780626384512381200,37.270381103515625,-0.3043341338634491,-1.2997050285339355,-0.41654980182647705
1780626384522377000,37.280376953125,-0.024829251691699028,-0.91017085313797,0.2701247036457062
1780626384532372000,37.2903720703125,0.3259177803993225,-0.6394837498664856,0.7671062350273132
1780626384542367000,37.30036694335938,0.6234632134437561,-0.5770265460014343,0.9164981245994568
1780626384552362000,37.31036206054687,0.8341959118843079,-0.5874234437942505,0.8084301352500916
1780626384562357000,37.32035693359375,0.9445517063140869,-0.637370765209198,0.5876985192298889
1780626384572353000,37.33035302734375,0.9669846892356873,-0.7935637831687927,0.39835938811302185
1780626384582348000,37.34034814453125,0.9484496116638184,-1.011562466621399,0.33975839614868164
1780626384592343000,37.350343017578126,0.9054794311523438,-1.1604645252227783,0.36557382345199585
1780626384602338000,37.36033813476563,0.8350231051445007,-1.1860439777374268,0.41989564895629883
1780626384612333000,37.3703330078125,0.8002436757087708,-1.155868649482727,0.4932209551334381
1780626384622329000,37.3803291015625,0.8068872094154358,-1.0648527145385742,0.5926154255867004
1780626384632324000,37.39032397460937,0.8208830952644348,-0.921258270740509,0.7146375179290771
1780626384642318800,37.40031884765625,0.8573992848396301,-0.8512169122695923,0.9087768793106079
1780626384652313900,37.41031396484375,0.8806400895118713,-0.6837725639343262,1.1482774019241333
1780626384662309000,37.42030908203125,0.865424633026123,-0.4528863728046417,1.365405797958374
1780626384672305200,37.43030517578125,0.829983115196228,-0.28750190138816833,1.520268440246582
1780626384682300200,37.44030004882813,0.7865214347839355,-0.228251650929451,1.584984540939331
1780626384692295200,37.45029516601563,0.7702599167823792,-0.2398543655872345,1.5680773258209229
1780626384702290200,37.46029028320312,0.7730732560157776,-0.30348289012908936,1.4873265027999878
1780626384712286000,37.470285888671874,0.7860956788063049,-0.38256898522377014,1.335952877998352
1780626384722281000,37.480281005859375,0.8336213827133179,-0.5242171883583069,1.1526925563812256
1780626384732276000,37.49027587890625,0.9204695224761963,-0.6586950421333313,0.9786748290061951
1780626384742271000,37.50027099609375,1.0520081520080566,-0.7496806383132935,0.8572565317153931
1780626384752266200,37.51026635742188,1.1987347602844238,-0.8838529586791992,0.8496997356414795
1780626384762262000,37.52026196289062,1.2905235290527344,-0.951476514339447,0.9024716019630432
1780626384772257000,37.53025708007812,1.2973393201828003,-0.9750330448150635,0.9506816267967224
1780626384782252000,37.540251953125,1.245276927947998,-0.9772301912307739,1.0006760358810425
1780626384792247000,37.5502470703125,1.1733143329620361,-0.9812731146812439,1.1171085834503174
1780626384802242000,37.56024194335937,1.0973759889602661,-0.9435614347457886,1.252665638923645
1780626384812238000,37.57023803710938,1.059544563293457,-0.9100033640861511,1.3639581203460693
1780626384822233000,37.58023315429688,1.0743967294692993,-0.8703801035881042,1.4103741645812988
1780626384832227800,37.590227783203126,1.120526671409607,-0.8954370617866516,1.3945006132125854
1780626384842223000,37.60022314453125,1.1516281366348267,-0.983951985836029,1.32504141330719
1780626384852218000,37.61021801757813,1.1878031492233276,-1.0941333770751953,1.3141112327575684
1780626384862214100,37.620214111328124,1.2298297882080078,-1.2382879257202148,1.3919631242752075
1780626384872209200,37.630209228515625,1.2478669881820679,-1.3851336240768433,1.4140825271606445
1780626384882204200,37.6402041015625,1.3010673522949219,-1.320082426071167,1.1676000356674194
1780626384892199000,37.650198974609374,1.309667706489563,-1.0917874574661255,0.463902086019516
1780626384902194000,37.66019384765625,1.1175373792648315,-0.9360548853874207,-0.3661402463912964
1780626384912190000,37.67018994140625,0.7705649733543396,-1.080194354057312,-0.8068927526473999
1780626384922185000,37.68018505859375,0.5349292755126953,-0.9148610234260559,-0.6685466170310974
1780626384932180200,37.69018017578125,0.44253450632095337,-0.40776389837265015,-0.1681004762649536
1780626384942175200,37.70017529296875,0.41881293058395386,-0.04968459531664848,0.392084538936615
1780626384952171000,37.7101708984375,0.477850079536438,0.2023967057466507,0.7781410217285156
1780626384962166000,37.720166015625,0.5638310313224792,0.4211825430393219,0.9509093165397644
1780626384972161000,37.7301611328125,0.5687206387519836,0.4866471290588379,0.9726999402046204
1780626384982156000,37.740156005859376,0.4537160396575928,0.3943385183811188,0.851394534111023
1780626384992151000,37.75015112304688,0.3137400150299072,0.27558228373527527,0.6687768697738647
1780626385002147000,37.76014697265625,0.2131257951259613,0.25947412848472595,0.4944905638694763
1780626385012141800,37.77014184570312,0.1273985505104065,0.30341023206710815,0.35371673107147217
1780626385022137000,37.78013720703125,0.05831295624375343,0.4640752673149109,0.24089030921459198
1780626385032132000,37.79013208007812,0.024400880560278893,0.5536379218101501,0.19014455378055573
1780626385042127000,37.800127197265624,0.0013251225464046001,0.5742393732070923,0.21767711639404297
1780626385052123100,37.810123046875,-0.0754166841506958,0.6427587866783142,0.3147585391998291
1780626385062118100,37.8201181640625,-0.1790384203195572,0.7132965922355652,0.4636143445968628
1780626385072113200,37.83011303710938,-0.28797033429145813,0.7448807954788208,0.5927830338478088
1780626385082108000,37.84010791015625,-0.3532809019088745,0.7214226126670837,0.6658862829208374
1780626385092103000,37.85010302734375,-0.26327797770500183,0.5734633207321167,0.6095031499862671
1780626385102099000,37.860098876953124,-0.07618370652198792,0.4245530068874359,0.4080755114555359
1780626385112094200,37.87009423828125,0.02426064759492874,0.32907480001449585,0.1237424910068512
1780626385122089200,37.880089111328125,-0.0009182090871036053,0.17144310474395752,-0.09823091328144073
1780626385132084200,37.890084228515626,-0.0838940367102623,0.07833737879991531,-0.21835030615329742
1780626385142079200,37.900079345703126,-0.10746221244335175,0.05442778766155243,-0.27163881063461304
1780626385152075000,37.91007495117187,-0.07795819640159607,0.012445597909390926,-0.27891331911087036
1780626385162070000,37.92007006835937,-0.04480929672718048,-0.009608571417629719,-0.2773154377937317
1780626385172065000,37.93006494140625,-0.023750903084874153,0.009425317868590355,-0.2989713251590729
1780626385182060000,37.94006005859375,-0.012621818110346794,-0.039481502026319504,-0.30954113602638245
1780626385192055000,37.95005493164062,-0.00829797238111496,-0.12301488220691681,-0.30112847685813904
1780626385202051000,37.96005102539063,-0.0020541909616440535,-0.15377812087535858,-0.28828164935112
1780626385212046000,37.97004614257813,-0.014243856072425842,-0.11496353894472122,-0.21936360001564026
1780626385222041000,37.980041015625,-0.02186955139040947,-0.05473162233829498,-0.08367129415273666
1780626385232036000,37.9900361328125,0.0008735335431993008,-0.0660504624247551,0.009168201126158237
1780626385242031000,38.00003100585938,0.018802467733621597,-0.09643659740686417,0.002862101886421442
1780626385252027100,38.010027099609374,0.06355860084295273,-0.11867329478263855,-0.005745621398091316
1780626385262022100,38.020022216796875,0.06380254775285721,-0.09258177131414413,-0.01449250802397728
1780626385272017000,38.03001684570312,-0.01329793781042099,0.024207690730690956,-0.06377634406089783
1780626385282012000,38.040011962890624,-0.06729166209697723,0.09243201464414597,-0.07792971283197403
1780626385292008200,38.05000830078125,-0.0765487477183342,0.11487220972776413,-0.007753819692879915
1780626385302003200,38.06000317382812,-0.07614847272634506,0.16341204941272736,0.0519941970705986
1780626385311998200,38.06999829101562,-0.08650172501802444,0.16375502943992615,0.0373750664293766
1780626385321993200,38.0799931640625,-0.11019773781299591,0.12653282284736633,-0.009342106059193611
1780626385331988200,38.08998828125,-0.13558878004550934,0.09923308342695236,-0.0729861855506897
1780626385341984000,38.09998388671875,-0.15400001406669617,0.04867163673043251,-0.11105500906705856
1780626385351979000,38.10997900390625,-0.16307753324508667,0.05813943222165108,-0.12744224071502686
1780626385361974000,38.11997412109375,-0.14717712998390198,0.06490705907344818,-0.11826284974813461
1780626385371968500,38.129968505859374,-0.11645901948213577,0.09162698686122894,-0.10360190272331238
1780626385381963500,38.139963623046874,-0.09971652179956436,0.09878236800432205,-0.08877209573984146
1780626385391959600,38.14995947265625,-0.09487269073724747,0.09805421531200409,-0.08373326808214188
1780626385401954300,38.15995434570313,-0.11284210532903671,0.10778487473726273,-0.08211220055818558
1780626385411949300,38.16994921875,-0.13017264008522034,0.09472900629043579,-0.073234923183918
1780626385421944300,38.1799443359375,-0.11935195326805115,0.07324555516242981,-0.07806376367807388
1780626385431939300,38.18993920898438,-0.08741991221904755,0.01947743073105812,-0.10387594252824783
1780626385441935600,38.199935546875,-0.04316989332437515,0.002875817706808448,-0.16256563365459442
1780626385451930600,38.2099306640625,-0.025233125314116478,-0.06663914769887924,-0.2120809257030487
1780626385461925600,38.219925537109376,-0.03047475777566433,-0.11153525114059448,-0.24599787592887878
1780626385471920400,38.22992041015625,-0.046780530363321304,-0.11723759025335312,-0.25275903940200806
1780626385481915400,38.239915283203125,-0.06708526611328125,-0.11696088314056396,-0.20580804347991943
1780626385491911400,38.24991137695312,-0.0772707387804985,-0.10860445350408554,-0.15035727620124817
1780626385501906400,38.25990649414062,-0.07017607241868973,-0.09136847406625748,-0.12729191780090332
1780626385511901400,38.2699013671875,-0.0627337098121643,-0.07473661005496979,-0.14211924374103546
1780626385521896400,38.279896484375,-0.058622054755687714,-0.0959223210811615,-0.1524975746870041
1780626385531891500,38.28989135742187,-0.054044779390096664,-0.13385948538780212,-0.1434386521577835
1780626385541887500,38.29988745117188,-0.04523371160030365,-0.09742024540901184,-0.13715119659900665
1780626385551882500,38.30988256835938,-0.026389295235276222,-0.08278796076774597,-0.12908798456192017
1780626385561877500,38.31987744140625,-0.004079196136444807,-0.07770558446645737,-0.1200803890824318
1780626385571872500,38.32987255859375,0.0001047295518219471,-0.06556519865989685,-0.12385202199220657
1780626385581867500,38.33986743164063,0.005743174348026514,-0.07452167570590973,-0.12189406901597977
1780626385591863300,38.34986328125,0.004676186479628086,-0.02878054417669773,-0.10144045948982239
1780626385601858300,38.3598583984375,-0.0060869790613651276,0.022584643214941025,-0.060927920043468475
1780626385611853300,38.369853271484374,-0.014965813606977463,0.028382856398820877,-0.028912102803587914
1780626385621848300,38.379848388671874,-0.01947001926600933,0.060987140983343124,-0.011528052389621735
1780626385631844600,38.3898447265625,-0.004824466072022915,0.07653448730707169,0.0038005225360393524
1780626385641839600,38.39983959960937,-0.00420821039006114,0.013350723311305046,-0.015072233974933624
1780626385651834400,38.40983447265625,0.0014507649466395378,0.013505605980753899,-0.04979259520769119
1780626385661829400,38.41982934570313,-0.002346369903534651,0.05856682360172272,-0.068675197660923
1780626385671824400,38.42982446289062,-0.03228319436311722,0.05740326642990112,-0.06255026906728745
1780626385681820400,38.4398203125,-0.050011325627565384,-0.006921395659446716,-0.06493726372718811
1780626385691815400,38.4498154296875,-0.0551137737929821,-0.047075312584638596,-0.13235005736351013
1780626385701810400,38.459810546875,-0.06908311694860458,0.0031582966912537813,-0.22817085683345795
1780626385711805400,38.469805419921876,-0.09044571220874786,0.08007431775331497,-0.2633081376552582
1780626385721800400,38.47980053710938,-0.09132801741361618,0.088216133415699,-0.2225732058286667
1780626385731796500,38.48979638671875,-0.06576088070869446,0.10441091656684875,-0.16844816505908966
1780626385741791500,38.49979150390625,-0.07094871997833252,0.14847318828105927,-0.19450825452804565
1780626385751786500,38.50978637695312,-0.14324457943439484,0.19503098726272583,-0.27132534980773926
1780626385761781500,38.519781494140624,-0.19853685796260834,0.21402305364608765,-0.3125993013381958
1780626385771776500,38.529776611328124,-0.20569665729999542,0.21162481606006622,-0.2973562180995941
1780626385781772300,38.53977221679688,-0.18568913638591766,0.24834688007831573,-0.27096056938171387
1780626385791767300,38.54976733398438,-0.16874980926513672,0.2697100043296814,-0.26511672139167786
1780626385801762300,38.55976220703125,-0.170448899269104,0.28686556220054626,-0.28258174657821655
1780626385811757300,38.56975732421875,-0.18977662920951843,0.30077096819877625,-0.337606817483902
1780626385821752600,38.57975268554687,-0.24270375072956085,0.3185933828353882,-0.4481772780418396
1780626385831748600,38.58974853515625,-0.30002012848854065,0.3748633563518524,-0.5647005438804626
1780626385841743400,38.599743408203125,-0.3617146611213684,0.42969411611557007,-0.5916187167167664
1780626385851738400,38.60973828125,-0.5066407322883606,0.536814272403717,-0.6101475358009338
1780626385861733400,38.6197333984375,-0.5795429348945618,0.6842266321182251,-0.5755853056907654
1780626385871728400,38.629728271484375,-0.5618157386779785,0.8258672952651978,-0.43730682134628296
1780626385881724400,38.63972436523437,-0.5137584805488586,0.9396734833717346,-0.18731029331684113
1780626385891719400,38.64971948242187,-0.5120310187339783,0.9384063482284546,0.017336957156658173
1780626385901714400,38.65971435546875,-0.5146446824073792,0.9104130864143372,0.06218352168798447
1780626385911709400,38.66970947265625,-0.5513298511505127,0.9508313536643982,0.0008640491869300604
1780626385921705500,38.67970556640625,-0.6476190686225891,1.068536400794983,-0.03633551672101021
1780626385931700500,38.68970043945313,-0.7791500687599182,1.01875638961792,0.08023934811353683
1780626385941695500,38.69969555664063,-0.775208055973053,0.7662296295166016,0.16601444780826569
1780626385951690500,38.7096904296875,-0.5426668524742126,0.49329817295074463,0.00687884958460927
1780626385961685500,38.719685546875,-0.34243571758270264,0.4020707905292511,-0.2724497318267822
1780626385971681300,38.729681396484374,-0.3305455446243286,0.39949482679367065,-0.4482574164867401
1780626385981676300,38.73967626953125,-0.44733527302742004,0.36369583010673523,-0.43931958079338074
1780626385991671300,38.74967138671875,-0.519437313079834,0.21938148140907288,-0.16900397837162018
1780626386001666600,38.75966650390625,-0.3786506652832031,0.07022128999233246,0.06162336841225624
1780626386011661600,38.76966162109375,0.0064713493920862675,0.07836540043354034,0.10318712890148163
1780626386021657300,38.7796572265625,0.22328141331672668,0.052782539278268814,0.00146396248601377
1780626386031652400,38.78965234375,0.1794237345457077,0.10989639163017273,-0.05781850963830948
1780626386041647400,38.7996474609375,0.022281527519226074,0.21467286348342896,0.11337853968143463
1780626386051642400,38.80964233398438,-0.2430167943239212,0.34399521350860596,0.31574323773384094
1780626386061637400,38.81963745117187,-0.47615018486976624,0.38163551688194275,0.4985103905200958
1780626386071633400,38.82963330078125,-0.5323877930641174,0.5826656818389893,0.5182483792304993
1780626386081628400,38.83962841796875,-0.34271156787872314,0.6065534353256226,0.4139280617237091
1780626386091623400,38.84962353515625,-0.0820537582039833,0.7008846402168274,0.2347862273454666
1780626386101618400,38.859618408203126,0.10720831155776978,0.683277428150177,0.08052662760019302
1780626386111613400,38.869613525390626,0.183888241648674,0.39739370346069336,-0.05938800796866417
1780626386121609500,38.879609375,0.1501965969800949,0.1106836274266243,-0.2180815190076828
1780626386131604500,38.8896044921875,0.001612592488527298,-0.12849673628807068,-0.32468801736831665
1780626386141599500,38.899599609375,-0.06717179715633392,-0.28286075592041016,-0.3459640145301819
1780626386151594500,38.90959448242187,-0.07524361461400986,-0.2658059895038605,-0.3173184096813202
1780626386161589500,38.919589599609374,-0.059472110122442245,-0.26671385765075684,-0.29231372475624084
1780626386171585300,38.929585205078126,-0.014064755290746689,-0.36695149540901184,-0.3445805311203003
1780626386181580500,38.93958056640625,0.05604535713791847,-0.5335034728050232,-0.5167943835258484
1780626386191575600,38.94957543945313,0.12659956514835358,-0.7711596488952637,-0.7427392601966858
1780626386201570600,38.95957055664063,0.16161800920963287,-0.9135549068450928,-0.9632287621498108
1780626386211565600,38.96956567382812,0.17557202279567719,-0.9056172966957092,-1.0701080560684204
1780626386221561300,38.979561279296874,0.17742079496383667,-0.776447057723999,-0.948201060295105
1780626386231556400,38.989556396484375,0.1445283144712448,-0.4684223532676697,-0.6062189340591431
1780626386241551400,38.99955126953125,0.07510928064584732,-0.08357398211956024,-0.16587086021900177
1780626386251546400,39.00954638671875,-0.009987758472561836,0.2842755615711212,0.24560585618019104
1780626386261542400,39.01954248046875,-0.09669894725084305,0.6005092263221741,0.5311177372932434
1780626386271537700,39.02953759765625,-0.18650482594966888,0.8192821741104126,0.6171818971633911
1780626386281532400,39.03953247070312,-0.25925546884536743,0.9667437672615051,0.5623175501823425
1780626386291527400,39.04952734375,-0.3400692045688629,1.0446289777755737,0.3986940383911133
1780626386301522400,39.0595224609375,-0.4166981875896454,0.9545669555664062,0.24246902763843536
1780626386311518500,39.0695185546875,-0.3846345543861389,0.8907530307769775,0.2748783230781555
1780626386321513500,39.079513427734376,-0.2648168206214905,0.8145645260810852,0.4303411543369293
1780626386331508500,39.08950854492188,-0.1781216710805893,0.7306257486343384,0.4491075277328491
1780626386341503500,39.09950341796875,-0.20830993354320526,0.6493484377861023,0.2880499064922333
1780626386351498200,39.109498291015626,-0.33336254954338074,0.5888981223106384,0.11756815016269684
1780626386361494500,39.11949462890625,-0.448813259601593,0.4672776758670807,0.05993707850575447
1780626386371489500,39.129489501953124,-0.45827630162239075,0.3786182999610901,0.04230966046452522
1780626386381484800,39.13948486328125,-0.3724817633628845,0.34213483333587646,-0.04738187417387962
1780626386391479800,39.149479736328125,-0.24073441326618195,0.3336258828639984,-0.1761271357536316
1780626386401474800,39.159474853515626,-0.13265959918498993,0.32040223479270935,-0.2608340382575989
1780626386411470600,39.169470703125,-0.09202510118484497,0.3191640377044678,-0.25579333305358887
1780626386421465600,39.17946557617187,-0.08165102452039719,0.25326094031333923,-0.16389323770999908
1780626386431460600,39.18946069335937,-0.05563594028353691,0.25505536794662476,-0.07443739473819733
1780626386441455600,39.19945556640625,-0.03637968376278877,0.2722703218460083,-0.012717299163341522
1780626386451450600,39.20945068359375,-0.04858105257153511,0.22643816471099854,0.03819040581583977
1780626386461446700,39.21944677734375,-0.05852716043591499,0.2034716010093689,0.08423379808664322
1780626386471441700,39.229441650390626,-0.07436530292034149,0.16915211081504822,0.11697682738304138
1780626386481436700,39.23943676757813,-0.10048425197601318,0.09535245597362518,0.09158864617347717
1780626386491431700,39.249431640625,-0.09760961681604385,0.05021815001964569,0.04775868356227875
1780626386501426700,39.2594267578125,-0.06682826578617096,0.07198043912649155,-0.008723766542971134
1780626386511422700,39.26942260742187,-0.025679323822259903,0.055015284568071365,-0.06657755374908447
1780626386521417700,39.279417724609374,0.04136629030108452,-0.039090439677238464,-0.07917723804712296
1780626386531412500,39.28941259765625,0.10243546962738037,-0.08818845450878143,-0.07624474912881851
1780626386541407500,39.29940747070312,0.08722668886184692,-0.08462674170732498,-0.1011626198887825
1780626386551402500,39.309402587890624,-0.022471828386187553,-0.09208440035581589,-0.19475452601909637
1780626386561398800,39.31939868164063,-0.14818182587623596,-0.10115459561347961,-0.2244061678647995
1780626386571393800,39.32939379882812,-0.23929691314697266,-0.01656189002096653,-0.08916493505239487
1780626386581388800,39.33938891601562,-0.20077401399612427,0.1793929636478424,0.16320578753948212
1780626386591383800,39.3493837890625,-0.07617578655481339,0.3467957377433777,0.29660171270370483
1780626386601379600,39.359379638671875,0.07143311202526093,0.25844430923461914,0.14587372541427612
1780626386611374600,39.36937451171875,0.2578883469104767,-0.18531468510627747,-0.22726324200630188
1780626386621369600,39.37936962890625,0.28004157543182373,-0.539097249507904,-0.6020459532737732
1780626386631364600,39.389364501953125,0.028661521151661873,-0.5518993735313416,-0.7465369701385498
1780626386641359600,39.399359619140625,-0.244228333234787,-0.46291255950927734,-0.6092590093612671
1780626386651355600,39.40935571289062,-0.2532980740070343,-0.33787328004837036,-0.2840126156806946
1780626386661350700,39.4193505859375,-0.11953841149806976,-0.07000000029802322,0.07770858705043793
1780626386671345700,39.429345703125,-0.03357412666082382,0.1751505583524704,0.30908459424972534
1780626386681340700,39.43934057617187,-0.018611954525113106,0.25734102725982666,0.34322550892829895
1780626386691335700,39.44933569335937,-0.041731636971235275,0.21839043498039246,0.26572686433792114
1780626386701331700,39.45933178710938,-0.06443215161561966,0.18837900459766388,0.1846623420715332
1780626386711326700,39.46932666015625,-0.05568992719054222,0.17459803819656372,0.12119800597429276
1780626386721321500,39.47932153320313,-0.0273943729698658,0.13729487359523773,0.0800713449716568
1780626386731316500,39.48931640625,-0.02028440125286579,0.1018502414226532,0.05853850394487381
1780626386741311700,39.49931176757813,-0.026937244459986687,0.07492754608392715,0.05678720772266388
1780626386751307800,39.509307861328125,-0.01766095869243145,0.06258967518806458,0.057554539293050766
1780626386761302800,39.519302734375,-0.010306373238563538,0.04282662644982338,0.038945168256759644
1780626386771297800,39.5292978515625,-0.014793835580348969,0.030978243798017502,0.0076387180015444756
1780626386781292800,39.539292724609375,-0.004449585918337107,0.004460617899894714,-0.03870241716504097
1780626386791287600,39.54928759765625,0.023840535432100296,-0.043086666613817215,-0.10144531726837158
1780626386801283600,39.55928369140625,0.05039464682340622,-0.1463046669960022,-0.12851156294345856
1780626386811278600,39.56927856445313,0.06688272953033447,-0.21123507618904114,-0.13493643701076508
1780626386821273600,39.57927368164062,0.07465862482786179,-0.2197854220867157,-0.12556317448616028
1780626386831268900,39.58926879882812,0.05862409248948097,-0.1991267055273056,-0.10378653556108475
1780626386841263900,39.59926391601562,0.03548894077539444,-0.18643994629383087,-0.06668337434530258
1780626386851259600,39.609259765625,0.04582291096448898,-0.18862131237983704,-0.017611533403396606
1780626386861254700,39.619254638671876,0.06247299164533615,-0.19284775853157043,0.03255469724535942
1780626386871249700,39.62924975585938,0.0569981187582016,-0.18565450608730316,0.04734700918197632
1780626386881244700,39.63924462890625,0.036393508315086365,-0.1970086246728897,0.05649363249540329
1780626386891240700,39.64924072265625,0.012017952278256416,-0.18008722364902496,0.04971317946910858
1780626386901235500,39.6592353515625,-0.018901081755757332,-0.16746249794960022,0.0017363321967422962
1780626386911230500,39.66923046875,-0.03293895721435547,-0.1706668585538864,-0.05832725018262863
1780626386921225700,39.679225830078124,-0.035369623452425,-0.15624691545963287,-0.10593950748443604
1780626386931220700,39.689220703125,-0.022691231220960617,-0.15163733065128326,-0.17072917520999908
1780626386941216800,39.699216796875,-0.0028847684152424335,-0.1329677700996399,-0.23995564877986908
1780626386951211800,39.70921166992188,-0.011822214350104332,-0.13509723544120789,-0.28548139333724976
1780626386961206800,39.71920678710938,-0.03154052793979645,-0.14879412949085236,-0.2830217182636261
1780626386971201500,39.72920141601563,-0.035093486309051514,-0.09776394069194794,-0.25493648648262024
1780626386981196500,39.73919653320313,-0.03950181603431702,-0.04226872697472572,-0.22148239612579346
1780626386991192600,39.749192626953125,-0.03589320182800293,-0.014638379216194153,-0.16631363332271576
1780626387001187800,39.759187744140625,-0.019666826352477074,0.03569057211279869,-0.1049400195479393
1780626387011182800,39.769182861328126,-0.004742256831377745,0.07944120466709137,-0.07045009732246399
1780626387021177900,39.779177734375,0.023502163589000702,0.07203149050474167,-0.07710826396942139
1780626387031172900,39.7891728515625,0.048255473375320435,0.05581406503915787,-0.12462805211544037
1780626387041168600,39.79916870117187,0.05299776419997215,0.047432564198970795,-0.14700950682163239
1780626387051163600,39.80916357421875,0.04235173389315605,0.035094793885946274,-0.13380654156208038
1780626387061158700,39.81915869140625,0.03821291774511337,0.0661696270108223,-0.08579666167497635
1780626387071153700,39.82915356445312,0.03778310492634773,0.15018825232982635,-0.0192071795463562
1780626387081148700,39.83914868164062,0.004174280446022749,0.21410678327083588,0.02135569229722023
1780626387091144700,39.84914477539063,-0.019098173826932907,0.23208411037921906,0.059720709919929504
1780626387101139700,39.8591396484375,0.029543131589889526,0.26274746656417847,0.15531781315803528
1780626387111134700,39.869134765625,0.06458474695682526,0.3800620138645172,0.21798621118068695
1780626387121129700,39.87912963867188,0.05399628356099129,0.6021702289581299,0.17482303082942963
1780626387131124700,39.88912475585938,0.026730172336101532,0.773311197757721,0.04444653168320656
1780626387141120800,39.899120849609375,0.002757993061095476,0.8037266731262207,-0.10526412725448608
1780626387151115800,39.90911572265625,-0.03948799893260002,0.7436566352844238,-0.24886123836040497
1780626387161110500,39.919110595703124,-0.082756906747818,0.7141634821891785,-0.3739866614341736
1780626387171105500,39.92910546875,-0.09167639166116714,0.7107369303703308,-0.49945759773254395
1780626387181100500,39.9391005859375,-0.11202241480350494,0.7411249279975891,-0.6325658559799194
1780626387191096800,39.94909692382812,-0.17306213080883026,0.8021581768989563,-0.7661383152008057
1780626387201091800,39.959091796875,-0.30537834763526917,0.8457642793655396,-0.8784030675888062
1780626387211086800,39.9690869140625,-0.511591374874115,0.9401047825813293,-0.941897451877594
1780626387221081900,39.97908178710937,-0.7332204580307007,1.074907898902893,-0.8968048095703125
1780626387231076600,39.98907666015625,-0.897524893283844,1.303149938583374,-0.7280457615852356
1780626387241072600,39.99907275390625,-0.9543160200119019,1.361039400100708,-0.447157621383667
1780626387251067600,40.009067626953126,-0.928069531917572,1.300008773803711,-0.10046105086803436
1780626387261062700,40.019062744140626,-0.942121684551239,1.6690770387649536,0.28362616896629333
1780626387271057700,40.0290576171875,-1.0812064409255981,2.3893051147460938,0.691766083240509
1780626387281053700,40.0390537109375,-1.2870166301727295,2.731785535812378,1.0563411712646484
1780626387291048700,40.04904858398437,-1.5803165435791016,2.952409267425537,1.3114954233169556
1780626387301043700,40.05904370117187,-1.8519219160079956,2.7088215351104736,1.5995229482650757
1780626387311038700,40.069038818359374,-1.9801002740859985,1.9770783185958862,1.8616933822631836
1780626387321033700,40.07903369140625,-1.964519739151001,1.1151121854782104,1.8611594438552856
1780626387331029800,40.08902978515625,-1.7768901586532593,0.7452871203422546,1.6047090291976929
1780626387341024500,40.0990244140625,-1.5712541341781616,0.558028519153595,1.2310954332351685
1780626387351019500,40.10901953125,-1.4677338600158691,0.3732869029045105,0.8443197011947632
1780626387361014500,40.1190146484375,-1.294921636581421,0.07588238269090652,0.5168760418891907
1780626387371009500,40.12900952148438,-1.0457075834274292,-0.465749591588974,0.26522043347358704
1780626387381005000,40.13900512695312,-0.8490390181541443,-0.78080815076828,0.06291952729225159
1780626387391000000,40.149,-0.6878695487976074,-0.7925676107406616,-0.0190776027739048
1780626387400995000,40.1589951171875,-0.5386971235275269,-0.7347301840782166,0.05333294719457626
1780626387410990000,40.16898999023437,-0.5004152655601501,-0.7545546293258667,0.1445223093032837
1780626387420985000,40.17898510742187,-0.5148168206214905,-0.7375980019569397,0.17242878675460815
1780626387430981000,40.18898120117188,-0.5325404405593872,-0.681109607219696,0.15182963013648987
1780626387440976100,40.19897607421875,-0.565642774105072,-0.6546226143836975,0.14059801399707794
1780626387450971100,40.20897119140625,-0.5899714231491089,-0.601067066192627,0.1563008725643158
1780626387460966100,40.21896606445313,-0.5328732132911682,-0.5152333974838257,0.1984637826681137
1780626387470961200,40.22896118164063,-0.4353114664554596,-0.4083557426929474,0.2520830035209656
1780626387480957000,40.23895703125,-0.4049588739871979,-0.2737981975078583,0.23263874650001526
1780626387490952000,40.248951904296874,-0.3979354202747345,-0.08831225335597992,0.1099628210067749
1780626387500947000,40.258947021484374,-0.4297298491001129,-0.023879999294877052,-0.06286488473415375
1780626387510942000,40.26894189453125,-0.47023624181747437,-0.06745526194572449,-0.21301232278347015
1780626387520937000,40.27893701171875,-0.45005056262016296,-0.18661707639694214,-0.2601289749145508
1780626387530933200,40.28893334960937,-0.4059891402721405,-0.23935739696025848,-0.2103843241930008
1780626387540928000,40.29892797851563,-0.4091748297214508,-0.15741245448589325,-0.1129632294178009
1780626387550923000,40.30892309570312,-0.4679524302482605,-0.08794871717691422,-0.029682433232665062
1780626387560918000,40.31891796875,-0.526042640209198,-0.04832354933023453,-0.01125895045697689
1780626387570913000,40.3289130859375,-0.5720669031143188,0.08666332066059113,-0.08853662759065628
1780626387580909000,40.338908935546876,-0.5968377590179443,0.192061647772789,-0.14929157495498657
1780626387590904000,40.348904052734376,-0.5887170433998108,0.16045957803726196,-0.12985818088054657
1780626387600899000,40.35889916992188,-0.549771785736084,0.15046367049217224,-0.11304324865341187
1780626387610894000,40.36889404296875,-0.5332756042480469,0.2038211226463318,-0.15658527612686157
1780626387620890000,40.37889013671875,-0.5258104801177979,0.22742125391960144,-0.20551234483718872
1780626387630885000,40.38888500976562,-0.515544593334198,0.1609429270029068,-0.18205684423446655
1780626387640880000,40.398880126953124,-0.5262235999107361,0.11134874075651169,-0.10787501931190491
1780626387650875100,40.408875244140624,-0.5440398454666138,0.20006918907165527,-0.06004413962364197
1780626387660870100,40.4188701171875,-0.5681462287902832,0.2485341876745224,-0.03062845952808857
1780626387670866000,40.42886596679688,-0.6256002187728882,0.1999027281999588,-0.021815696731209755
1780626387680861000,40.43886083984375,-0.6981058120727539,0.1571241021156311,-0.06528753787279129
1780626387690856000,40.44885595703125,-0.7118234038352966,0.1249953880906105,-0.16320766508579254
1780626387700851000,40.45885083007813,-0.5983245372772217,0.023979030549526215,-0.25708436965942383
1780626387710846000,40.46884594726563,-0.42975351214408875,-0.07008194923400879,-0.32359760999679565
1780626387720842200,40.47884228515625,-0.38041952252388,-0.16114820539951324,-0.3243347704410553
1780626387730837000,40.4888369140625,-0.41263991594314575,-0.22825108468532562,-0.2547304928302765
1780626387740832000,40.49883203125,-0.3870701193809509,-0.2074994593858719,-0.20412510633468628
1780626387750827000,40.508826904296875,-0.29606348276138306,-0.1250101923942566,-0.18301056325435638
1780626387760822000,40.518822021484375,-0.30143293738365173,-0.07300078868865967,-0.2032199651002884
1780626387770818000,40.52881811523437,-0.530903160572052,-0.09057419002056122,-0.26533207297325134
1780626387780813000,40.53881298828125,-0.6585474014282227,-0.11115030199289322,-0.41039714217185974
1780626387790808000,40.54880810546875,-0.6259688138961792,-0.12299976497888565,-0.6062890291213989
1780626387800803000,40.55880297851562,-0.5619160532951355,-0.21593770384788513,-0.7763718366622925
1780626387810798000,40.56879809570312,-0.5378094911575317,-0.23062939941883087,-0.9043375253677368
1780626387820794000,40.57879418945313,-0.5272883772850037,-0.18046876788139343,-0.9122399091720581
1780626387830789000,40.5887890625,-0.5266194343566895,-0.15201084315776825,-0.7807035446166992
1780626387840784100,40.5987841796875,-0.5597100257873535,-0.10348964482545853,-0.6348896622657776
1780626387850779100,40.60877905273438,-0.5999048948287964,-0.020140403881669044,-0.553224503993988
1780626387860774100,40.61877416992188,-0.6547992825508118,0.11324775218963623,-0.5813611149787903
1780626387870770000,40.62877001953125,-0.7415251731872559,0.2345380187034607,-0.7056673169136047
1780626387880765000,40.63876489257812,-0.8389074206352234,0.1975131630897522,-0.8217736482620239
1780626387890760000,40.648760009765624,-0.9201370477676392,0.11064166575670242,-0.8752906322479248
1780626387900755200,40.658755126953125,-1.023118495941162,-0.01786917820572853,-0.8191056251525879
1780626387910750200,40.668750244140625,-1.1269696950912476,-0.06172395870089531,-0.726770281791687
1780626387920746000,40.67874609375,-1.148762822151184,-0.016690704971551895,-0.7011309862136841
1780626387930741000,40.68874096679688,-1.1071457862854004,0.04619539529085159,-0.7727013826370239
1780626387940736000,40.69873608398437,-1.0233094692230225,0.1039593517780304,-0.8748879432678223
1780626387950731000,40.70873095703125,-0.9676882028579712,0.0948043167591095,-0.9224283695220947
1780626387960726000,40.71872607421875,-0.9632242321968079,-0.08348126709461212,-0.8976066708564758
1780626387970722000,40.72872216796875,-1.0062111616134644,-0.3021824359893799,-0.8028988838195801
1780626387980717000,40.738717041015626,-1.0120158195495605,-0.2307111918926239,-0.7323901057243347
1780626387990712000,40.748712158203126,-0.961122453212738,-0.07160057127475739,-0.7522953748703003
1780626388000707000,40.75870703125,-0.9098158478736877,-0.053123824298381805,-0.8184842467308044
1780626388010702000,40.7687021484375,-0.8881257772445679,-0.06999697536230087,-0.879269003868103
1780626388020698000,40.77869799804687,-0.9079394340515137,-0.06440088152885437,-0.8879189491271973
1780626388030693000,40.78869311523437,-0.9511135816574097,-0.13101215660572052,-0.8751508593559265
1780626388040688000,40.798688232421874,-0.9950517416000366,-0.19653578102588654,-0.9193846583366394
1780626388050683100,40.80868310546875,-1.0263344049453735,-0.20376116037368774,-1.0539143085479736
1780626388060678000,40.81867797851562,-1.0112780332565308,-0.21634459495544434,-1.188299536705017
1780626388070674000,40.828673828125,-0.910642147064209,-0.14699722826480865,-1.3247041702270508
1780626388080669200,40.83866918945313,-0.7929506301879883,-0.13755418360233307,-1.4494096040725708
1780626388090664200,40.84866430664062,-0.7207880616188049,-0.10898493975400925,-1.531358242034912
1780626388100659200,40.8586591796875,-0.7131855487823486,-0.08634567260742188,-1.5158783197402954
1780626388110655000,40.868655029296875,-0.7620269656181335,-0.10664410889148712,-1.4063849449157715
1780626388120650000,40.87864990234375,-0.7899057269096375,-0.11059410870075226,-1.3100520372390747
1780626388130645000,40.88864501953125,-0.7702516913414001,-0.049370113760232925,-1.405248999595642
1780626388140640000,40.898639892578124,-0.6888535022735596,-0.00430702930316329,-1.708823323249817
1780626388150635000,40.908635009765625,-0.5657219886779785,-0.013001705519855022,-2.0066299438476562
1780626388160631000,40.91863110351562,-0.4197373688220978,0.05314801633358002,-2.213426113128662
1780626388170626000,40.9286259765625,-0.2904578149318695,0.11452101916074753,-2.320063591003418
1780626388180621000,40.93862109375,-0.1343153566122055,0.15031017363071442,-2.310352087020874
1780626388190616000,40.94861596679687,0.0763779953122139,0.22331300377845764,-2.2207493782043457
1780626388200611000,40.95861108398437,0.2751382291316986,0.39412441849708557,-2.1487293243408203
1780626388210607000,40.96860717773438,0.3670879900455475,0.6072008013725281,-2.137694835662842
1780626388220602000,40.97860205078125,0.3974056839942932,0.6738250851631165,-2.105638265609741
1780626388230597000,40.98859716796875,0.4339694380760193,0.6361535787582397,-2.0967042446136475
1780626388240592100,40.99859204101563,0.5035895109176636,0.5493262410163879,-2.0703938007354736
1780626388250587000,41.0085869140625,0.6183119416236877,0.4399162232875824,-2.022339344024658
1780626388260583200,41.018583251953125,0.71556556224823,0.3819597363471985,-1.9555773735046387
1780626388270578200,41.028578125,0.7172486782073975,0.299636572599411,-1.8130117654800415
1780626388280573200,41.0385732421875,0.616948664188385,0.2686123251914978,-1.583653450012207
1780626388290568200,41.048568115234374,0.4646453857421875,0.3213513493537903,-1.3737537860870361
1780626388300563200,41.058563232421875,0.31704258918762207,0.2120770812034607,-1.1247878074645996
1780626388310559000,41.06855908203125,0.1897737979888916,-0.06672558188438416,-0.8174088597297668
1780626388320554000,41.07855395507813,0.045799851417541504,-0.22688674926757812,-0.49583426117897034
1780626388330549000,41.08854907226562,-0.09576018154621124,-0.28210875391960144,-0.12071913480758667
1780626388340544000,41.0985439453125,-0.22822688519954681,-0.3661125600337982,0.2546784579753876
1780626388350539000,41.1085390625,-0.3553198575973511,-0.5215215682983398,0.5888550877571106
1780626388360535000,41.11853515625,-0.49700161814689636,-0.7290563583374023,0.9257968664169312
1780626388370530000,41.128530029296876,-0.5784720182418823,-0.9607643485069275,1.3133201599121094
1780626388380525000,41.138525146484376,-0.5902256369590759,-1.0700680017471313,1.6305251121520996
1780626388390520300,41.14852026367188,-0.5498755574226379,-1.0533024072647095,1.8662546873092651
1780626388400515300,41.15851538085938,-0.5028856992721558,-0.9840500950813293,2.046060085296631
1780626388410511400,41.168511474609375,-0.5083257555961609,-0.9759318232536316,2.179582357406616
1780626388420506000,41.17850610351562,-0.5095550417900085,-1.0071123838424683,2.2927916049957275
1780626388430501000,41.188501220703124,-0.4637419879436493,-0.8990208506584167,2.438208818435669
1780626388440496000,41.19849609375,-0.2935580015182495,-0.7988519072532654,2.6554856300354004
1780626388450491100,41.2084912109375,0.008601352572441101,-0.8979423642158508,2.750838279724121
1780626388460487200,41.21848706054688,0.2806994616985321,-0.6854314208030701,2.325943946838379
1780626388470482200,41.22848217773438,0.20094718039035797,0.4431258738040924,1.0517421960830688
1780626388480477400,41.2384775390625,-0.4493322968482971,1.0696462392807007,-0.1230894923210144
1780626388490472200,41.24847216796875,-0.9966967105865479,-0.3617320954799652,0.09290695935487747
1780626388500467200,41.25846728515625,-1.0307939052581787,-1.4075767993927002,1.076467752456665
1780626388510463200,41.268463134765625,-0.9052898287773132,-0.6069540977478027,1.6768940687179565
1780626388520458200,41.278458251953126,-0.7778607606887817,0.13924367725849152,1.6482096910476685
1780626388530453200,41.288453369140626,-0.7587890028953552,-0.33266568183898926,1.45505952835083
1780626388540448300,41.2984482421875,-0.8299486637115479,-1.2757046222686768,1.3335391283035278
1780626388550444000,41.30844409179687,-0.8547089695930481,-1.7331383228302002,1.1286242008209229
1780626388560439000,41.31843896484375,-0.821481466293335,-1.3414405584335327,0.8787859678268433
1780626388570434300,41.32843432617187,-0.8159592151641846,-0.7015715837478638,0.785945475101471
1780626388580429300,41.33842919921875,-0.7938043475151062,-0.30001187324523926,0.9266636967658997
1780626388590424300,41.34842431640625,-0.6274864673614502,-0.0875575840473175,1.134181022644043
1780626388600420400,41.35842041015625,-0.30169931054115295,0.07039903104305267,1.2004250288009644
1780626388610415000,41.3684150390625,0.04588748514652252,0.19795890152454376,0.9990810751914978
1780626388620410000,41.37841015625,0.3885931670665741,0.24684254825115204,0.6079771518707275
1780626388630405000,41.38840502929688,0.6398469805717468,0.18380224704742432,0.17763496935367584
1780626388640400100,41.39840014648438,0.7240742444992065,0.168809175491333,-0.12447188794612885
1780626388650396200,41.408396240234374,0.3362974524497986,0.6450859308242798,-0.12368504703044891
1780626388660391400,41.418391357421875,0.3235592842102051,1.059981346130371,-0.1847103089094162
1780626388670386400,41.428386474609376,0.4574086368083954,1.2536321878433228,-0.33535271883010864
1780626388680381200,41.438381103515624,0.45116671919822693,1.4581352472305298,-0.3087908923625946
1780626388690376200,41.448376220703125,0.3417711853981018,1.2090760469436646,-0.19960272312164307
1780626388700372200,41.45837231445312,0.30213987827301025,0.7534219026565552,-0.1875857412815094
1780626388710367200,41.4683671875,0.35245558619499207,0.6098498702049255,-0.12715086340904236
1780626388720362200,41.4783623046875,0.5469198822975159,0.8253483176231384,0.23653414845466614
1780626388730357200,41.48835717773437,0.7277116179466248,0.6185643076896667,0.6422864198684692
1780626388740352300,41.49835229492187,0.764746367931366,0.03221029415726662,0.607256293296814
1780626388750348300,41.50834838867188,0.7202587127685547,-0.1485392153263092,0.4092082679271698
1780626388760343300,41.51834326171875,0.6926974058151245,0.021005600690841675,0.5120909810066223
1780626388770338300,41.52833837890625,0.7511997222900391,0.115140900015831,0.8032540082931519
1780626388780333300,41.53833325195313,0.832044243812561,0.017378393560647964,1.0230700969696045
1780626388790328300,41.54832836914063,0.9005498886108398,-0.08678227663040161,1.2378777265548706
1780626388800324000,41.55832397460937,1.0292232036590576,-0.16658256947994232,1.414258599281311
1780626388810319000,41.56831909179687,1.1380000114440918,-0.4462401866912842,1.2117760181427002
1780626388820314000,41.578314208984374,1.207841396331787,-0.7690829038619995,0.6863611936569214
1780626388830309000,41.58830908203125,1.2373725175857544,-1.1476619243621826,0.312446266412735
1780626388840304000,41.59830419921875,1.2009459733963013,-1.2759864330291748,0.2301362156867981
1780626388850300400,41.60830053710937,1.3645198345184326,-0.8328912258148193,0.3991236984729767
1780626388860295200,41.61829516601563,1.6511110067367554,-0.953729510307312,0.6201700568199158
1780626388870290200,41.62829028320313,1.792741060256958,-1.040277123451233,0.6623570919036865
1780626388880285200,41.63828515625,1.5971856117248535,-1.2169270515441895,0.48126399517059326
1780626388890280200,41.6482802734375,1.2874724864959717,-1.397079586982727,0.3072327971458435
1780626388900276200,41.658276123046875,0.9736394882202148,-1.603279709815979,0.10751757025718689
1780626388910271200,41.668271240234375,0.8292016386985779,-1.9408055543899536,-0.13940896093845367
1780626388920266200,41.678266357421876,0.8393110036849976,-2.1063551902770996,-0.1789017766714096
1780626388930261200,41.68826123046875,0.913231611251831,-2.291749954223633,-0.08040613681077957
1780626388940257300,41.69825732421875,1.0412734746932983,-2.299511671066284,-0.08175795525312424
1780626388950252300,41.70825219726562,1.1065346002578735,-2.1015818119049072,-0.07943645119667053
1780626388960247300,41.71824731445312,0.9820535778999329,-1.8865708112716675,0.11723612993955612
1780626388970242300,41.7282421875,0.758172333240509,-1.670741319656372,0.4315084218978882
1780626388980237300,41.7382373046875,0.500388503074646,-1.5202751159667969,0.7349109053611755
1780626388990233000,41.74823315429688,0.23914597928524017,-1.4480701684951782,0.9962052702903748
1780626389000228000,41.75822802734375,0.000863109715282917,-1.4967522621154785,1.2228370904922485
1780626389010223000,41.76822314453125,-0.218023881316185,-1.6352375745773315,1.3604573011398315
1780626389020218000,41.778218017578126,-0.41667333245277405,-2.1777193546295166,1.3247896432876587
1780626389030213000,41.78821313476563,-0.49263253808021545,-2.1017134189605713,1.009859561920166
1780626389040209400,41.79820947265625,-0.5300456881523132,-1.8683092594146729,0.7422600984573364
1780626389050204200,41.8082041015625,-0.5912326574325562,-1.9267570972442627,0.7803284525871277
1780626389060199200,41.81819921875,-0.568676769733429,-1.96304452419281,0.9418731331825256
1780626389070194200,41.828194091796874,-0.426833838224411,-1.89407479763031,1.163893222808838
1780626389080189200,41.838189208984375,-0.20369236171245575,-1.8392772674560547,1.3503284454345703
1780626389090185200,41.84818530273437,0.0036514648236334324,-1.9678817987442017,1.291958212852478
1780626389100180200,41.85818017578125,0.10291946679353714,-2.096848249435425,0.9145342111587524
1780626389110175200,41.86817529296875,0.07923513650894165,-2.343827962875366,0.46754875779151917
1780626389120170200,41.87817016601562,-0.03220643848180771,-2.4190962314605713,0.3759775757789612
1780626389130165200,41.88816528320312,-0.06579393893480301,-2.3227221965789795,0.6357096433639526
1780626389140161300,41.89816137695313,0.03927149251103401,-2.1564836502075195,0.8793904781341553
1780626389150156300,41.90815625,0.220401793718338,-2.4641599655151367,0.7760172486305237
1780626389160151300,41.9181513671875,0.5938352942466736,-4.348361968994141,-0.2704540193080902
1780626389170146300,41.928146240234376,0.7920101284980774,-4.806236743927002,-1.172743320465088
1780626389180141300,41.93814135742188,0.6872307658195496,-4.308568000793457,-1.0232776403427124
1780626389190137000,41.94813720703125,0.48839542269706726,-3.985973596572876,-0.31958258152008057
1780626389200132000,41.95813208007812,0.3820178508758545,-3.5317037105560303,-0.012736883014440536
1780626389210127000,41.96812719726562,0.29673531651496887,-3.3808069229125977,0.022156599909067154
1780626389220122400,41.978122314453124,0.08578553795814514,-3.4310925006866455,0.02870345115661621
1780626389230117400,41.988117431640624,-0.2494155317544937,-3.3093738555908203,0.09298291802406311
1780626389240113200,41.99811303710938,-0.5474512577056885,-3.1026194095611572,0.3066701591014862
1780626389250108200,42.00810815429688,-0.7180026173591614,-2.9542574882507324,0.5870696902275085
1780626389260103200,42.01810327148438,-0.8279954195022583,-3.0052802562713623,0.672060489654541
1780626389270098200,42.02809814453125,-0.9252649545669556,-2.9701385498046875,0.5968508720397949
1780626389280094200,42.03809423828125,-0.9661649465560913,-2.9663665294647217,0.481677383184433
1780626389290089200,42.048089111328125,-0.8929492831230164,-2.9864342212677,0.3247651755809784
1780626389300084200,42.058084228515625,-0.7113736271858215,-2.944143533706665,0.19476482272148132
1780626389310079200,42.068079345703126,-0.5054996013641357,-2.70460844039917,0.12020912766456604
1780626389320074200,42.07807421875,-0.36871325969696045,-2.347752332687378,0.11159194260835648
1780626389330070300,42.0880703125,-0.3109563887119293,-2.0604441165924072,0.0591922402381897
1780626389340065300,42.09806518554687,-0.22721491754055023,-1.8913236856460571,-0.20033946633338928
1780626389350060300,42.10806030273437,-0.11190997064113617,-1.7112510204315186,-0.4195142388343811
1780626389360055300,42.11805517578125,0.03991337865591049,-1.83376944065094,-0.614766538143158
1780626389370050300,42.12805029296875,0.1797695904970169,-1.7153236865997314,-0.8568624258041382
1780626389380046000,42.138046142578126,0.2322261482477188,-1.2286235094070435,-1.010350227355957
1780626389390041000,42.148041015625,0.1546146124601364,-0.7505245208740234,-0.926986813545227
1780626389400036000,42.1580361328125,0.04789642244577408,-0.7238859534263611,-0.7438843846321106
1780626389410031000,42.168031005859376,-0.07169792801141739,-1.2732014656066895,-0.6432588696479797
1780626389420026000,42.17802612304688,-0.28134676814079285,-1.9914571046829224,-0.6303737163543701
1780626389430022000,42.18802197265625,-0.5747604370117188,-2.364234685897827,-0.781373143196106
1780626389440017000,42.19801684570312,-0.8543270826339722,-2.0568666458129883,-0.9328476190567017
1780626389450012200,42.20801220703125,-0.9702772498130798,-1.4303865432739258,-0.9192823171615601
1780626389460007200,42.218007080078124,-0.8229762315750122,-0.9116635322570801,-0.8038225769996643
1780626389470002200,42.228002197265624,-0.5565681457519531,-0.5979037880897522,-0.5167533755302429
1780626389479998200,42.23799829101562,-0.3954300582408905,-0.31335893273353577,-0.05489733815193176
1780626389489993200,42.2479931640625,-0.37450507283210754,0.021419858559966087,0.11580249667167664
1780626389499988000,42.25798803710938,-0.368867427110672,0.08341025561094284,-0.14603497087955475
1780626389509983000,42.26798291015625,-0.39849695563316345,-0.3104584813117981,-0.42823526263237
1780626389519978000,42.27797802734375,-0.44482317566871643,-0.5177983045578003,-0.6340121030807495
1780626389529974000,42.28797412109375,-0.5235597491264343,-0.3986864984035492,-0.6367058157920837
1780626389539969300,42.29796923828125,-0.6035293936729431,0.3106142282485962,-0.3205006718635559
1780626389549964300,42.30796435546875,-0.6854503750801086,0.5231619477272034,0.39535290002822876
1780626389559959300,42.317959228515626,-0.6100562810897827,-0.9329016804695129,0.39320454001426697
1780626389569954000,42.3279541015625,-0.35884037613868713,-0.4277121424674988,-0.613048791885376
1780626389579950000,42.3379501953125,0.018592672422528267,-0.12569528818130493,-0.8639936447143555
1780626389589945000,42.34794506835937,0.29144030809402466,-0.7810662984848022,-0.6419258117675781
1780626389599940000,42.35794018554687,0.2746330797672272,-1.324158787727356,-0.5230377316474915
1780626389609935000,42.36793505859375,0.09778633713722229,-1.1549577713012695,-0.4583282172679901
1780626389619931000,42.377930908203126,-0.022537417709827423,-0.26641249656677246,-0.21592411398887634
1780626389629926100,42.38792602539063,0.030079472810029984,0.4588456153869629,0.22331753373146057
1780626389639921200,42.39792114257813,0.1561569720506668,0.76636803150177,0.675732433795929
1780626389649916200,42.40791625976563,-0.012012208811938763,1.052725076675415,0.8648073077201843
1780626389659911200,42.4179111328125,-0.22099924087524414,1.0895217657089233,0.7278699278831482
1780626389669907200,42.4279072265625,-0.25791722536087036,1.002729058265686,0.506342351436615
1780626389679902000,42.43790185546875,-0.21534393727779388,1.0516079664230347,0.23687542974948883
1780626389689897000,42.44789697265625,-0.11455100774765015,1.158958911895752,0.002222170354798436
1780626389699892000,42.45789208984375,0.0031431340612471104,1.2107349634170532,-0.19693167507648468
1780626389709887000,42.467886962890624,0.1277824193239212,1.2209370136260986,-0.5848320722579956
1780626389719883300,42.47788330078125,0.2707981765270233,0.9083518981933594,-1.1493008136749268
1780626389729878300,42.48787817382812,0.4312323033809662,0.8018602132797241,-1.638754963874817
1780626389739873300,42.49787329101562,0.5159799456596375,0.9814842939376831,-1.6488605737686157
1780626389749868000,42.50786791992188,0.5097935795783997,1.2553976774215698,-1.1907727718353271
1780626389759863000,42.51786303710937,0.35981130599975586,1.5566879510879517,-0.5481847524642944
1780626389769859000,42.527859130859376,0.06296097487211227,1.4688771963119507,-0.04115230590105057
1780626389779854000,42.53785400390625,-0.2861858308315277,1.3910857439041138,-0.003252060618251562
1780626389789849000,42.54784912109375,-0.4631141424179077,1.3263849020004272,-0.6197872757911682
1780626389799844000,42.557843994140626,-0.37091952562332153,0.14237387478351593,-1.2572225332260132
1780626389809839000,42.56783911132813,-0.4122110605239868,-0.355092316865921,-1.6927238702774048
1780626389819835100,42.577835205078124,-0.37973886728286743,-0.29145529866218567,-1.9442622661590576
1780626389829830100,42.587830078125,-0.17244639992713928,-0.005897155497223139,-1.79824697971344
1780626389839825200,42.5978251953125,0.06316877901554108,0.44574886560440063,-1.4742499589920044
1780626389849820200,42.60782006835937,0.2589626908302307,0.5620149970054626,-1.2075095176696777
1780626389859815200,42.617815185546874,0.3440467119216919,0.6702951192855835,-1.0553630590438843
1780626389869811000,42.62781103515625,0.3866061568260193,0.7574610710144043,-1.0403789281845093
1780626389879806000,42.63780590820313,0.46548205614089966,0.8384643197059631,-1.139733910560608
1780626389889801000,42.64780102539063,0.5931942462921143,0.9029348492622375,-1.2208925485610962
1780626389899796000,42.6577958984375,0.681541919708252,0.8982300758361816,-1.2511357069015503
1780626389909792300,42.667792236328125,0.7098082900047302,0.9034462571144104,-1.155023455619812
1780626389919787300,42.677787353515626,0.8341366052627563,0.8912907838821411,-1.0735714435577393
1780626389929782300,42.6877822265625,0.975308358669281,0.9095448851585388,-0.8805060386657715
1780626389939777000,42.697777099609375,1.0220308303833008,1.0518027544021606,-0.728855311870575
1780626389949772000,42.70777197265625,1.0550583600997925,0.9745815992355347,-0.653191328048706
1780626389959767000,42.71776708984375,1.0848907232284546,0.8797035813331604,-0.5027291178703308
1780626389969763000,42.72776318359375,1.1260335445404053,0.8843751549720764,-0.26207274198532104
1780626389979758000,42.73775805664062,1.1828185319900513,0.842787504196167,-0.023663107305765152
1780626389989753000,42.74775317382812,1.1910157203674316,0.6621466875076294,0.1967151165008545
1780626389999748000,42.757748046875,1.15020751953125,0.515790581703186,0.297099769115448
1780626390009744100,42.767744140625,1.1813855171203613,0.37211811542510986,0.3297763168811798
1780626390019739100,42.7777392578125,1.2276943922042847,0.27315637469291687,0.4121263325214386
1780626390029734100,42.78773413085938,1.3265860080718994,0.32856976985931396,0.4969073235988617
1780626390039729200,42.79772924804688,1.3858524560928345,0.3135626018047333,0.629605770111084
1780626390049724200,42.80772412109375,1.352515697479248,0.23363545536994934,0.8222359418869019
1780626390059720000,42.81771997070312,1.2903457880020142,0.2152375429868698,0.9635850787162781
1780626390069715000,42.82771484375,1.257078766822815,0.22769758105278015,1.0658940076828003
1780626390079710000,42.8377099609375,1.2668930292129517,0.2319309413433075,1.1161388158798218
1780626390089705000,42.847705078125,1.2770806550979614,0.11249381303787231,1.0768744945526123
1780626390099700200,42.8577001953125,1.3035656213760376,0.013339792378246784,0.942621111869812
1780626390109696300,42.8676962890625,1.3471224308013916,-0.12304512411355972,0.7676458358764648
1780626390119691000,42.87769091796875,1.4073495864868164,-0.1090850979089737,0.4328084886074066
1780626390129686000,42.88768603515625,1.542698860168457,-0.05019950121641159,0.16650697588920593
1780626390139681000,42.89768090820313,1.6868224143981934,-0.06866452842950821,0.13665054738521576
1780626390149676000,42.90767602539062,1.7362492084503174,-0.005436907988041639,0.24073182046413422
1780626390159672000,42.917672119140626,1.7102413177490234,0.10758471488952637,0.30171075463294983
1780626390169667000,42.9276669921875,1.6778184175491333,0.1471697837114334,0.29171982407569885
1780626390179662000,42.937662109375,1.6795977354049683,0.019707433879375458,0.2457645833492279
1780626390189657000,42.947656982421876,1.7306060791015625,-0.2824990749359131,0.2145869880914688
1780626390199652000,42.957652099609376,1.7249886989593506,-0.5186511278152466,0.14465957880020142
1780626390209648000,42.96764819335937,1.7173981666564941,-0.5369186401367188,-0.07416494935750961
1780626390219643100,42.97764306640625,1.7908207178115845,-0.4149884879589081,-0.220892071723938
1780626390229638100,42.98763818359375,1.8823398351669312,-0.25972723960876465,-0.18685288727283478
1780626390239633200,42.99763305664062,2.0001120567321777,-0.14693491160869598,0.018461639061570168
1780626390249628200,43.007628173828124,2.146075487136841,-0.08973096311092377,0.24161480367183685
1780626390259624000,43.0176240234375,2.180049419403076,-0.019021378830075264,0.28738948702812195
1780626390269619000,43.02761889648438,2.207926034927368,-0.05759633332490921,0.14771868288516998
1780626390279614200,43.0376142578125,2.1761362552642822,-0.16798008978366852,0.05537756159901619
1780626390289609200,43.04760913085938,2.1232988834381104,-0.17509636282920837,0.0575491301715374
1780626390299604200,43.05760424804687,2.0747854709625244,-0.12726520001888275,0.0375293493270874
1780626390309600000,43.06760009765625,1.919517993927002,-0.24906307458877563,-0.018268462270498276
1780626390319595000,43.077594970703124,1.6983436346054077,-0.41718390583992004,-0.047864705324172974
1780626390329590000,43.087590087890625,1.4800070524215698,-0.4115934669971466,-0.08002312481403351
1780626390339585000,43.0975849609375,1.2615376710891724,-0.4610411822795868,-0.15367896854877472
1780626390349580000,43.107580078125,1.1186935901641846,-0.42646870017051697,-0.26765185594558716
1780626390359576000,43.117576171875,0.9735484719276428,-0.27681344747543335,-0.38850316405296326
1780626390369571300,43.1275712890625,0.8581646084785461,-0.19311615824699402,-0.4768647253513336
1780626390379566300,43.13756640625,0.8549805283546448,-0.13556258380413055,-0.5444411039352417
1780626390389561300,43.14756127929687,0.9392431378364563,-0.04538862034678459,-0.6349538564682007
1780626390399557600,43.1575576171875,0.9285883903503418,0.2683139145374298,-0.9265822172164917
1780626390409552600,43.167552734375,0.8322875499725342,0.3607279658317566,-1.1732759475708008
1780626390419547600,43.17754760742187,0.8394474983215332,0.2705639898777008,-1.1464414596557617
1780626390429542700,43.18754272460937,0.8338397741317749,0.5105107426643372,-1.1930229663848877
1780626390439537400,43.19753735351563,0.7469863891601562,0.8195809721946716,-1.383011817932129
1780626390449533400,43.207533447265625,0.7930148243904114,0.8230841159820557,-1.4623302221298218
1780626390459528400,43.217528564453126,0.9479343891143799,0.7647011876106262,-1.3743364810943604
1780626390469523500,43.2275234375,1.030305027961731,0.9215027689933777,-1.2239668369293213
1780626390479518500,43.2375185546875,1.0195187330245972,1.120745301246643,-0.9767826199531555
1780626390489513500,43.247513427734376,0.8441473245620728,1.1419157981872559,-0.7342904210090637
1780626390499509500,43.25750952148437,0.6310710310935974,1.0184298753738403,-0.6017539501190186
1780626390509504500,43.26750439453125,0.4409041404724121,0.889740526676178,-0.5441592931747437
1780626390519499500,43.27749951171875,0.26102226972579956,0.8550320863723755,-0.48131319880485535
1780626390529494500,43.28749462890625,0.04838593304157257,0.9071670174598694,-0.3155720829963684
1780626390539489500,43.29748950195312,-0.2204119712114334,1.030895709991455,-0.21747268736362457
1780626390549485600,43.30748559570313,-0.45708367228507996,0.9480176568031311,-0.09295826405286789
1780626390559480300,43.317480224609376,-0.5932071208953857,0.8996163010597229,0.14413976669311523
1780626390569475300,43.32747534179688,-0.556216299533844,0.7450428009033203,0.46693387627601624
1780626390579470300,43.33747021484375,-0.5168893933296204,0.5831686854362488,0.9220603704452515
1780626390589465300,43.34746533203125,-0.6095027923583984,0.5758448839187622,1.3125609159469604
1780626390599461600,43.357461669921875,-0.7325080633163452,0.503912627696991,1.6010682582855225
1780626390609456600,43.36745654296875,-0.7978357076644897,0.3859540522098541,1.8197121620178223
1780626390619451600,43.37745166015625,-0.7574238181114197,0.11647571623325348,2.0152571201324463
1780626390629446400,43.3874462890625,-0.6778578162193298,-0.10236624628305435,2.142148971557617
1780626390639441400,43.39744140625,-0.5622121691703796,0.010103845037519932,2.195192813873291
1780626390649437400,43.4074375,-0.35578998923301697,0.14437755942344666,2.345693349838257
1780626390659432400,43.41743237304688,-0.15562066435813904,0.2838427722454071,2.518247604370117
1780626390669427500,43.42742749023437,-0.0688609853386879,0.32027992606163025,2.646543264389038
1780626390679422500,43.43742236328125,-0.1569458246231079,0.22206655144691467,2.722001552581787
1780626390689418500,43.44741845703125,-0.2818191945552826,-0.041781410574913025,2.90132999420166
1780626390699413500,43.45741357421875,-0.3878753185272217,-0.2068433314561844,3.207105875015259
1780626390709408500,43.467408447265626,-0.5833668112754822,0.011768911965191364,3.5334672927856445
1780626390719403500,43.47740356445313,-0.7647517919540405,0.3419654667377472,3.874244451522827
1780626390729398500,43.4873984375,-0.7907328605651855,0.5186623334884644,3.972806692123413
1780626390739394300,43.49739428710937,-0.6581175923347473,0.3850601017475128,3.451470136642456
1780626390749389300,43.50738940429687,-0.3022656738758087,0.3215276002883911,2.0663397312164307
1780626390759384300,43.51738427734375,0.09826601296663284,0.4541857838630676,1.003658413887024
1780626390769379300,43.52737939453125,0.08837924897670746,0.8365268707275391,1.004307508468628
1780626390779374300,43.53737426757812,-0.1493273228406906,1.2244194746017456,0.6985888481140137
1780626390789370600,43.54737060546875,-0.44310829043388367,1.1623573303222656,-0.07618548721075058
1780626390799365600,43.55736572265625,-0.7933198809623718,0.4475981891155243,-0.47244787216186523
1780626390809360400,43.5673603515625,-1.0549839735031128,-0.33756619691848755,-0.16470687091350555
1780626390819355400,43.57735546875,-1.2063401937484741,-0.8480404019355774,0.5240973830223083
1780626390829350400,43.58735034179688,-1.221058964729309,0.0340481735765934,0.8993046283721924
1780626390839346400,43.597346435546875,-0.9665734171867371,-0.1746528297662735,1.3306939601898193
1780626390849341400,43.607341552734376,-0.531463623046875,-0.43716251850128174,1.5671100616455078
1780626390859336400,43.61733642578125,-0.15418633818626404,-0.2531636357307434,1.872519850730896
1780626390869331500,43.62733154296875,0.14727644622325897,0.09245961904525757,1.945664405822754
1780626390879326500,43.637326416015625,0.4218480885028839,0.6791132688522339,1.7087663412094116
1780626390889322500,43.64732250976562,0.6149503588676453,1.154468297958374,1.5531196594238281
1780626390899317500,43.6573173828125,0.6413198709487915,1.3694891929626465,1.5420269966125488
1780626390909312500,43.6673125,0.5668588280677795,1.1486581563949585,1.6845439672470093
1780626390919307500,43.6773076171875,0.5304617285728455,0.7538027167320251,1.8668477535247803
1780626390929302500,43.68730249023437,0.5954986810684204,0.3568227291107178,2.0124800205230713
1780626390939298300,43.69729833984375,0.7776365280151367,0.18543128669261932,2.066298484802246
1780626390949293300,43.707293212890626,1.0212717056274414,0.14498788118362427,1.9929530620574951
1780626390959288300,43.71728833007813,1.2323006391525269,0.14952696859836578,1.8249871730804443
1780626390969283600,43.72728369140625,1.3250093460083008,0.26728710532188416,1.663388967514038
1780626390979279600,43.737279541015624,1.3344249725341797,0.34695157408714294,1.5642791986465454
1780626390989274600,43.747274658203125,1.3508425951004028,0.23878252506256104,1.5324974060058594
1780626390999269400,43.757269287109374,1.3853769302368164,-0.0004348495276644826,1.501535177230835
1780626391009264400,43.767264404296874,1.4383386373519897,-0.26436710357666016,1.5092713832855225
1780626391019259400,43.77725927734375,1.4997366666793823,-0.5251704454421997,1.546196699142456
1780626391029255400,43.78725537109375,1.5005249977111816,-0.6776605248451233,1.5375112295150757
1780626391039250400,43.79725048828125,1.4335132837295532,-0.6061850190162659,1.486017107963562
1780626391049245400,43.80724536132813,1.3594303131103516,-0.5204449892044067,1.4506746530532837
1780626391059240700,43.81724072265625,1.3119213581085205,-0.5646681189537048,1.5004910230636597
1780626391069235500,43.8272353515625,1.3414069414138794,-0.5999194979667664,1.5790518522262573
1780626391079231500,43.8372314453125,1.3888416290283203,-0.4624042212963104,1.5803487300872803
1780626391089226500,43.8472265625,1.357853889465332,-0.3008829653263092,1.5147448778152466
1780626391099221500,43.857221435546876,1.32296884059906,-0.18149664998054504,1.3657457828521729
1780626391109216500,43.86721655273438,1.355573296546936,-0.08249936252832413,1.1663439273834229
1780626391119211500,43.87721142578125,1.4428117275238037,-0.18142728507518768,0.983036994934082
1780626391129207300,43.88720727539062,1.4905738830566406,-0.32935428619384766,0.8271874189376831
1780626391139202300,43.89720239257812,1.496753454208374,-0.29570844769477844,0.7188494801521301
1780626391149197600,43.90719750976562,1.5127227306365967,-0.17550553381443024,0.5572830438613892
1780626391159192600,43.917192626953124,1.577358365058899,-0.17046204209327698,0.45623496174812317
1780626391169187600,43.9271875,1.684647798538208,-0.23941121995449066,0.37451085448265076
1780626391179183400,43.93718334960938,1.7803879976272583,-0.320697546005249,0.25646039843559265
1780626391189178400,43.94717846679688,1.9067631959915161,-0.5454770922660828,0.19084948301315308
1780626391199173400,43.95717333984375,2.0837297439575195,-0.5124089121818542,0.11975106596946716
1780626391209168400,43.96716845703125,2.313337564468384,0.44026216864585876,-0.34652578830718994
1780626391219163400,43.97716333007813,2.4409234523773193,1.3467364311218262,-0.9528476595878601
1780626391229159700,43.98715966796875,2.5675790309906006,1.9391480684280396,-1.4212467670440674
1780626391239154700,43.99715478515625,2.7285401821136475,1.7464077472686768,-1.6432281732559204
1780626391249149400,44.0071494140625,2.726511240005493,1.1568279266357422,-1.6584829092025757
1780626391259144400,44.01714453125,2.5891005992889404,0.9973841905593872,-1.7355912923812866
1780626391269140500,44.02714038085937,2.4633243083953857,1.0317704677581787,-1.8909327983856201
1780626391279135500,44.03713549804687,2.281587600708008,1.1264057159423828,-1.9949939250946045
1780626391289130500,44.04713061523437,2.074960231781006,1.5523724555969238,-2.013847589492798
1780626391299125500,44.05712548828125,2.0096352100372314,1.856825828552246,-1.8939036130905151
1780626391309120500,44.06712060546875,1.8721644878387451,1.9684979915618896,-1.5395060777664185
1780626391319116500,44.07711645507813,1.6465749740600586,1.968001365661621,-1.0038785934448242
1780626391329111600,44.08711157226563,1.3885780572891235,1.9676438570022583,-0.7283174991607666
1780626391339106600,44.0971064453125,1.3180067539215088,1.4630131721496582,-0.6776774525642395
1780626391349101600,44.1071015625,1.2448378801345825,0.538102388381958,-0.397065132856369
1780626391359096600,44.1170966796875,1.1251716613769531,-0.3505510687828064,0.18941086530685425
1780626391369092400,44.12709228515625,1.0308265686035156,-1.3316011428833008,0.8330771327018738
1780626391379087000,44.13708715820312,0.9952340126037598,-2.423158884048462,1.3837840557098389
1780626391389082000,44.14708203125,1.0158069133758545,-2.243051528930664,1.5808323621749878
1780626391399077000,44.1570771484375,1.1452142000198364,-0.7851315140724182,1.4869322776794434
1780626391409072000,44.16707202148437,1.349873423576355,-0.49270421266555786,1.7056324481964111
1780626391419068200,44.17706811523438,1.5054731369018555,-1.0363909006118774,2.140056848526001
1780626391429063200,44.18706323242188,1.6803970336914062,-1.0036897659301758,2.2594828605651855
1780626391439058200,44.19705810546875,1.8639106750488281,-0.40630093216896057,1.9007340669631958
1780626391449053200,44.20705322265625,1.9190853834152222,-0.35128912329673767,1.5281649827957153
1780626391459048200,44.21704809570313,1.857614517211914,-0.9098581671714783,1.5420832633972168
1780626391469044200,44.227044189453125,1.7493284940719604,-1.02927827835083,1.7913496494293213
1780626391479039200,44.237039306640625,1.6588786840438843,-0.36700499057769775,1.9252634048461914
1780626391489034200,44.2470341796875,1.7097666263580322,0.43865033984184265,1.9534363746643066
1780626391499029200,44.257029296875,1.7814961671829224,0.8854909539222717,2.08476185798645
1780626391509024300,44.267024169921875,1.740319848060608,0.9678730368614197,2.28372859954834
1780626391519020000,44.27702001953125,1.6647976636886597,0.8622616529464722,2.5290656089782715
1780626391529015000,44.28701513671875,1.6064366102218628,0.6490827202796936,2.8529787063598633
1780626391539010300,44.29701025390625,1.724755883216858,0.7399618029594421,2.9998586177825928
1780626391549005300,44.30700537109375,1.404342770576477,0.6700081825256348,3.0591976642608643
1780626391559001000,44.3170009765625,0.7607970237731934,0.08346375823020935,3.2102749347686768
1780626391568996000,44.32699609375,0.2523738443851471,0.4044896066188812,2.76949143409729
1780626391578991000,44.3369912109375,0.14722639322280884,0.9440441131591797,2.010286569595337
1780626391588986000,44.346986083984376,0.22156664729118347,1.2266440391540527,2.2601797580718994
1780626391598981000,44.35698120117188,0.3930675685405731,0.7997409105300903,2.9415111541748047
1780626391608977200,44.36697705078125,0.3704856038093567,0.7060014605522156,2.480135917663574
1780626391618972400,44.376972412109374,0.06495527178049088,1.861233115196228,0.9391104578971863
1780626391628967200,44.38696728515625,-0.05403830483555794,1.1616296768188477,0.7848426699638367
1780626391638962200,44.396962158203124,-0.09220912307500839,1.0812504291534424,0.75925213098526
1780626391648957200,44.406957275390624,-0.08443152159452438,1.4091931581497192,-0.09950993210077286
1780626391658953200,44.416953125,0.17459578812122345,1.0255796909332275,-0.5465928912162781
1780626391668948200,44.4269482421875,0.42104628682136536,0.42192578315734863,-0.3090299665927887
1780626391678943200,44.43694311523438,0.29591765999794006,0.13026410341262817,-0.024027260020375252
1780626391688939000,44.44693896484375,-0.04147553816437721,0.4990038573741913,0.03431526944041252
1780626391698935300,44.45693530273437,-0.4856889545917511,0.6417115330696106,0.2429955154657364
1780626391708930300,44.46693041992187,-0.7544447779655457,0.6384525299072266,0.4761185348033905
1780626391718925300,44.47692529296875,-0.6537075042724609,0.7825719118118286,0.5149791240692139
1780626391728920300,44.48692041015625,-0.2847517430782318,0.6978254914283752,0.46972140669822693
1780626391738915300,44.49691528320312,0.18243007361888885,0.5893613696098328,0.39305007457733154
1780626391748911000,44.5069111328125,0.5248169302940369,0.5809009075164795,0.3433322608470917
1780626391758906000,44.516906005859376,0.6253097057342529,0.6110103726387024,0.2915436327457428
1780626391768901000,44.526901123046876,0.59408038854599,0.6716476082801819,0.3361150026321411
1780626391778896100,44.53689624023438,0.6822840571403503,0.9137358665466309,0.40236061811447144
1780626391788891100,44.54689111328125,1.137342095375061,1.2029736042022705,0.32601478695869446
1780626391798887200,44.55688720703125,1.3586363792419434,0.8341190814971924,0.2458174228668213
1780626391808882200,44.56688208007812,1.3962388038635254,0.6147816181182861,0.018421977758407593
1780626391818877200,44.576877197265624,1.4541375637054443,0.5794057846069336,-0.12603214383125305
1780626391828872200,44.5868720703125,1.473386287689209,0.35240015387535095,-0.11018729954957962
1780626391838868200,44.5968681640625,1.5224545001983643,0.2629182040691376,-0.0642714723944664
1780626391848863200,44.60686328125,1.5832513570785522,0.4196488559246063,-0.025721248239278793
1780626391858858000,44.61685791015625,1.5228379964828491,0.5897295475006104,0.09481288492679596
1780626391868853000,44.62685302734375,1.4136853218078613,0.6800345182418823,0.23997917771339417
1780626391878848000,44.63684790039063,1.3526352643966675,0.7907778024673462,0.37096038460731506
1780626391888844300,44.64684423828125,1.3729814291000366,0.6297653317451477,0.5237361788749695
1780626391898839300,44.65683935546875,1.3547158241271973,0.40631332993507385,0.6972395181655884
1780626391908834300,44.666834228515626,1.2731298208236694,0.20480795204639435,0.9027442932128906
1780626391918829300,44.676829345703126,1.1486659049987793,0.1525932252407074,1.1077752113342285
1780626391928824000,44.686823974609375,1.0176417827606201,0.16838522255420685,1.2814654111862183
1780626391938820000,44.69682006835937,0.8875865936279297,0.33229053020477295,1.37078058719635
1780626391948815000,44.70681518554687,0.8718857765197754,0.5474976301193237,1.4001376628875732
1780626391958810000,44.71681005859375,0.9192360043525696,0.6147757768630981,1.4101773500442505
1780626391968805000,44.72680517578125,0.9907711148262024,0.6821451783180237,1.4504516124725342
1780626391978800400,44.73680029296875,1.0892598628997803,0.7134503722190857,1.5646638870239258
1780626391988796200,44.74679614257813,1.2217614650726318,0.7098011374473572,1.6059530973434448
1780626391998791200,44.75679125976563,1.2894268035888672,0.6019148826599121,1.604142427444458
1780626392008786200,44.7667861328125,1.266897439956665,0.3146396279335022,1.5794651508331299
1780626392018781200,44.77678125,1.1469646692276,0.13825342059135437,1.4481830596923828
1780626392028777200,44.786777099609374,0.9315247535705566,0.11546789854764938,1.2722744941711426
1780626392038772200,44.796772216796874,0.6713054180145264,0.17089839279651642,1.147183895111084
1780626392048767000,44.80676708984375,0.47593799233436584,0.22349666059017181,1.1241651773452759
1780626392058762000,44.816761962890624,0.44317686557769775,0.20036017894744873,1.1668654680252075
1780626392068757200,44.82675732421875,0.4876989722251892,0.12927721440792084,1.1862388849258423
1780626392078753300,44.83675317382812,0.46209827065467834,0.3564949035644531,1.0990508794784546
1780626392088748300,44.84674829101562,0.2226322889328003,0.5143187046051025,1.0628434419631958
1780626392098743300,44.85674340820312,0.15236398577690125,0.41799482703208923,1.136555790901184
1780626392108738300,44.86673828125,0.13209842145442963,0.5005709528923035,1.2000815868377686
1780626392118733000,44.87673315429687,0.03743608295917511,0.7426552176475525,1.2853418588638306
1780626392128729000,44.88672900390625,0.13457684218883514,0.6219209432601929,1.4957512617111206
1780626392138724000,44.89672412109375,0.3234114944934845,0.37423840165138245,1.6572160720825195
1780626392148719000,44.906718994140626,0.4951612651348114,0.251038521528244,1.6587356328964233
1780626392158714400,44.91671435546875,0.6915528774261475,0.2478344589471817,1.4824039936065674
1780626392168710100,44.92671020507812,0.9301024675369263,0.35882991552352905,1.128058910369873
1780626392178705200,44.936705078125,1.214742660522461,0.45979246497154236,0.7575899958610535
1780626392188700200,44.9467001953125,1.4639512300491333,0.41157180070877075,0.5238791108131409
1780626392198695200,44.95669506835937,1.5717146396636963,0.21030740439891815,0.46637317538261414
1780626392208690200,44.966690185546874,1.5153363943099976,-0.015336520969867706,0.5536620020866394
1780626392218686200,44.97668627929688,1.3111728429794312,-0.10377424210309982,0.7193489670753479
1780626392228681000,44.98668090820313,1.0554697513580322,-0.028501324355602264,0.8708945512771606
1780626392238676000,44.99667602539063,0.8259730935096741,0.13608574867248535,0.9767096638679504
1780626392248671200,45.00667114257813,0.6538465619087219,0.2654198408126831,1.0627696514129639
1780626392258667300,45.016667236328125,0.5407660603523254,0.3627495765686035,1.1593151092529297
1780626392268662300,45.026662353515626,0.47205865383148193,0.45626142621040344,1.2505260705947876
1780626392278657300,45.0366572265625,0.4647826552391052,0.592841386795044,1.343806505203247
1780626392288652300,45.04665234375,0.4624350070953369,0.7911846041679382,1.4477641582489014
1780626392298647000,45.05664697265625,0.3308596611022949,0.8919889330863953,1.5653523206710815
1780626392308643000,45.06664306640625,-0.019717492163181305,0.9218628406524658,1.710418701171875
1780626392318638000,45.07663818359375,-0.49146905541419983,0.9103856682777405,1.8504530191421509
1780626392328633000,45.08663305664062,-0.9170466065406799,0.7011164426803589,1.9267387390136719
1780626392338628400,45.09662841796875,-1.0383589267730713,0.2101173847913742,1.7249609231948853
1780626392348624100,45.1066240234375,-0.8572911620140076,-0.40938234329223633,1.2578768730163574
1780626392358619100,45.116619140625,-0.5507612824440002,-0.9232480525970459,0.7506367564201355
1780626392368614100,45.1266142578125,-0.20338323712348938,-1.2121825218200684,0.270986944437027
1780626392378609200,45.13660913085938,0.026490436866879463,-1.285803198814392,-0.14952297508716583
1780626392388604400,45.1466044921875,0.08392444252967834,-1.190171480178833,-0.5016863942146301
1780626392398600400,45.156600341796874,-0.006200659088790417,-1.1004102230072021,-0.7388762831687927
1780626392408595200,45.16659521484375,-0.10428035259246826,-1.201444387435913,-0.9372122883796692
1780626392418590200,45.176590087890624,-0.14896661043167114,-1.3982820510864258,-1.0840905904769897
1780626392428585200,45.186585205078124,-0.20518122613430023,-1.1957021951675415,-0.8671926259994507
1780626392438580200,45.196580322265625,-0.19690385460853577,-0.30841660499572754,-0.28679344058036804
1780626392448576300,45.206576171875,-0.08260487020015717,1.0072712898254395,0.4773639142513275
1780626392458571300,45.2165712890625,0.12171604484319687,2.253951072692871,1.2915234565734863
1780626392468566500,45.22656640625,0.3891322910785675,3.242846727371216,2.009615182876587
1780626392478561300,45.23656127929687,0.6039010286331177,4.024325370788574,2.5006024837493896
1780626392488557300,45.246557373046876,0.6734793186187744,4.621481418609619,2.758049964904785
1780626392498552300,45.25655224609375,0.5781136751174927,4.962067604064941,2.807370185852051
1780626392508547300,45.26654736328125,0.34340453147888184,5.003912925720215,2.6572368144989014
1780626392518542300,45.276542236328126,0.11447494477033615,4.6121439933776855,2.1150944232940674
1780626392528537300,45.28653735351563,0.12899912893772125,3.5047407150268555,0.9373111128807068
1780626392538533000,45.296533203125,0.26127034425735474,2.185245990753174,-0.19649215042591095
1780626392548528000,45.30652807617187,0.45075350999832153,1.1011196374893188,-0.918341875076294
1780626392558523400,45.3165234375,0.6025502681732178,0.4716681241989136,-1.191746473312378
1780626392568518400,45.326518310546874,0.7005146741867065,0.2915899455547333,-1.0877224206924438
1780626392578514400,45.33651440429688,0.7673304677009583,0.4251647889614105,-0.718209981918335
1780626392588509400,45.34650952148438,0.8456730246543884,0.6782273650169373,-0.2105391025543213
1780626392598504200,45.35650415039063,1.023986577987671,1.1812210083007812,0.2263047993183136
1780626392608499200,45.36649926757813,1.2090007066726685,1.4653630256652832,0.511819064617157
1780626392618495200,45.3764951171875,1.2142010927200317,1.2774081230163574,0.7360798716545105
1780626392628490200,45.386490234375,1.021117091178894,0.9466881155967712,0.9650944471359253
1780626392638485200,45.3964853515625,0.5770543217658997,0.6476776599884033,1.2836785316467285
1780626392648480500,45.40648046875,0.32395467162132263,0.8106496334075928,1.6658124923706055
1780626392658475500,45.4164755859375,1.2069506645202637,1.4498212337493896,2.058025360107422
1780626392668471300,45.42647119140625,1.715136170387268,2.339433431625366,2.205463171005249
1780626392678466300,45.43646630859375,1.979634165763855,3.075505018234253,2.0406792163848877
1780626392688461300,45.44646142578125,1.7945283651351929,3.4894819259643555,1.5967377424240112
1780626392698456300,45.45645629882812,1.4294321537017822,2.7222161293029785,1.0050534009933472
1780626392708452400,45.46645239257813,1.0692237615585327,1.8059300184249878,0.35205358266830444
1780626392718447000,45.476447021484375,0.9060297608375549,1.3038825988769531,0.03733290359377861
1780626392728442000,45.486442138671876,0.3460002839565277,1.162096619606018,0.31863170862197876
1780626392738437400,45.49643725585938,-0.5736004114151001,0.7676936388015747,0.7006762623786926
1780626392748432400,45.50643237304688,-0.9756883978843689,-0.049352362751960754,1.08590567111969
1780626392758428400,45.516428466796874,-1.1674535274505615,-0.7298792004585266,1.367795467376709
1780626392768423400,45.52642333984375,-1.2801339626312256,-0.9502225518226624,1.4009108543395996
1780626392778418200,45.536418212890624,-1.3866559267044067,-0.5192821025848389,1.160503625869751
1780626392788413200,45.5464130859375,-1.4738881587982178,0.6040303111076355,0.811286449432373
1780626392798409200,45.5564091796875,-1.553603172302246,2.1492230892181396,0.5247175693511963
1780626392808404200,45.566404296875,-1.6365151405334473,3.4656238555908203,0.28965550661087036
1780626392818399200,45.57639916992188,-1.6901395320892334,4.203975677490234,0.10521082580089569
1780626392828394500,45.58639453125,-1.6636565923690796,4.586410045623779,0.020072227343916893
1780626392838389500,45.59638940429687,-1.5321645736694336,4.858232021331787,0.08859855681657791
1780626392848385300,45.60638525390625,-1.3340040445327759,4.909571170806885,0.30561932921409607
1780626392858380300,45.61638037109375,-1.1376200914382935,4.455841541290283,0.5048527717590332
1780626392868375300,45.626375244140625,-0.978314995765686,3.425560235977173,0.5463634729385376
1780626392878370300,45.636370361328126,-0.8416804075241089,2.010455846786499,0.4852926433086395
1780626392888366300,45.64636645507812,-0.6760513186454773,0.6371538043022156,0.4908044934272766
1780626392898361000,45.65636108398437,-0.442250519990921,-0.063533715903759,0.6935261487960815
1780626392908356000,45.66635620117187,-0.19977177679538727,0.13966266810894012,0.9340125322341919
1780626392918351400,45.67635131835937,-0.12395744025707245,0.6520532369613647,0.9435490369796753
1780626392928346400,45.686346435546874,-0.3857421875,1.053249716758728,0.6442424058914185
1780626392938342400,45.69634228515625,-0.8751638531684875,1.1376029253005981,0.2315579354763031
1780626392948337400,45.70633740234375,-1.1262593269348145,1.1923614740371704,-0.07859573513269424
1780626392958332400,45.71633251953125,-1.2209410667419434,1.3889068365097046,-0.2013738602399826
1780626392968327200,45.7263271484375,-1.4107555150985718,1.5971590280532837,-0.16212230920791626
1780626392978323200,45.7363232421875,-1.6007888317108154,1.5933337211608887,-0.009469114243984222
1780626392988318200,45.746318115234374,-1.580007553100586,1.3910582065582275,0.1686972975730896
1780626392998313500,45.7563134765625,-1.3167988061904907,1.3427073955535889,0.2998875379562378
1780626393008308500,45.76630859375,-0.8229852318763733,1.6813020706176758,0.43440118432044983
1780626393018304300,45.77630419921875,-0.16606728732585907,2.1197452545166016,0.5512015223503113
1780626393028299300,45.78629931640625,0.33175018429756165,2.439131498336792,0.6344005465507507
1780626393038294300,45.79629418945313,0.5111178159713745,2.573150396347046,0.6957272887229919
1780626393048289300,45.80628930664062,0.42532992362976074,2.6403591632843018,0.8175216317176819
1780626393058284300,45.8162841796875,0.2431446760892868,2.804546594619751,0.9978429675102234
1780626393068280300,45.8262802734375,0.04976142942905426,2.9625425338745117,1.146470069885254
1780626393078275300,45.836275390625,-0.07228325307369232,2.9869089126586914,1.214227318763733
1780626393088270300,45.846270263671876,-0.12683404982089996,2.995802164077759,1.1953179836273193
1780626393098265300,45.85626538085938,-0.1486022025346756,3.1613433361053467,1.0410813093185425
1780626393108261400,45.866261474609374,-0.186459481716156,3.8276681900024414,0.6657555103302002
1780626393118256400,45.87625634765625,-0.19134105741977692,4.730847358703613,0.1979140192270279
1780626393128251400,45.88625146484375,-0.1337301880121231,5.201609134674072,-0.0597558356821537
1780626393138246400,45.896246337890624,-0.26852473616600037,5.861133575439453,-0.24265533685684204
1780626393148241400,45.906241455078124,-0.290865033864975,6.4188127517700195,-0.39520660042762756
1780626393158237200,45.9162373046875,-0.028236357495188713,6.68847131729126,-0.43399685621261597
1780626393168232200,45.92623217773438,0.357758104801178,6.735962390899658,-0.32072317600250244
1780626393178227500,45.9362275390625,0.6946024298667908,6.752658843994141,-0.17979933321475983
1780626393188222500,45.94622241210938,0.8645406365394592,6.8013224601745605,-0.0028249016031622887
1780626393198218200,45.95621826171875,1.052337408065796,6.228749752044678,0.13622859120368958
1780626393208213200,45.966213134765624,1.201948642730713,5.177772045135498,0.31060799956321716
1780626393218208300,45.976208251953125,1.1799026727676392,4.376989364624023,0.5604748129844666
1780626393228203300,45.986203369140625,1.0897135734558105,5.038716793060303,1.242991328239441
1780626393238198300,45.9961982421875,1.0339776277542114,5.508180141448975,1.57511568069458
1780626393248194300,46.0061943359375,0.7398919463157654,4.962823867797852,0.9839159846305847
1780626393258189300,46.01618920898437,0.5191662311553955,4.379802227020264,0.4052797853946686
1780626393268184300,46.02618432617187,0.562953770160675,4.208536148071289,0.2548133432865143
1780626393278179300,46.03617944335937,0.6484375,4.489297389984131,0.2978697419166565
1780626393288175400,46.04617529296875,0.7847493886947632,4.823594093322754,0.39312809705734253
1780626393298170400,46.05617041015625,0.9477756023406982,4.87364387512207,0.49416232109069824
1780626393308165400,46.06616528320313,1.1147791147232056,4.4954142570495605,0.6376637816429138
1780626393318160400,46.07616040039063,1.271875023841858,3.9223339557647705,0.832282304763794
1780626393328155400,46.0861552734375,1.375842809677124,3.434208631515503,1.00927734375
1780626393338151200,46.09615112304687,1.3217289447784424,2.8027803897857666,1.0819134712219238
1780626393348146200,46.106146240234374,1.2385481595993042,1.9527825117111206,1.192275047302246
1780626393358141400,46.116141357421874,1.1907812356948853,1.3802452087402344,1.3900505304336548
1780626393368136400,46.126136474609375,1.1504038572311401,1.139548897743225,1.5645726919174194
1780626393378132200,46.13613232421875,1.037087321281433,1.178490161895752,1.6834725141525269
1780626393388128000,46.1461279296875,0.9135926365852356,1.3502981662750244,1.7739063501358032
1780626393398123000,46.156123046875,0.8223492503166199,1.6086156368255615,1.8176655769348145
1780626393408118000,46.166117919921874,0.7597993016242981,2.2171006202697754,1.8510229587554932
1780626393418113000,46.176113037109374,0.7226061224937439,2.438786745071411,1.6375967264175415
1780626393428109000,46.18610913085938,0.6885133385658264,2.590650796890259,1.389372706413269
1780626393438103800,46.19610375976563,0.5552998781204224,2.4795262813568115,1.0428773164749146
1780626393448098800,46.20609887695313,0.4196547865867615,2.261712074279785,0.7441635131835938
1780626393458093800,46.21609375,0.2630992531776428,2.1510708332061768,0.5454922318458557
1780626393468089900,46.22608984375,0.13553352653980255,1.9722201824188232,0.4498100280761719
1780626393478085000,46.236085205078126,0.06519412249326706,1.8007229566574097,0.49434608221054077
1780626393488080100,46.246080078125,0.03108045645058155,1.7331401109695435,0.582809329032898
1780626393498075100,46.2560751953125,-0.02314256690442562,1.7949022054672241,0.6630487442016602
1780626393508071000,46.26607080078125,-0.08577775955200195,1.9504222869873047,0.7170214653015137
1780626393518066000,46.27606591796875,-0.11529623717069626,2.118522882461548,0.7138538956642151
1780626393528061000,46.28606103515625,-0.08760093152523041,2.2152762413024902,0.6722500920295715
1780626393538056000,46.29605590820312,0.011059330776333809,2.271214485168457,0.5897434949874878
1780626393548051000,46.30605102539062,0.18128809332847595,2.2446448802948,0.45408254861831665
1780626393558046700,46.316046630859375,0.37286069989204407,2.0761702060699463,0.3069796562194824
1780626393568042000,46.3260419921875,0.514849841594696,1.825879454612732,0.18000681698322296
1780626393578037000,46.336037109375,0.6407926082611084,1.5155524015426636,0.06628132611513138
1780626393588032000,46.34603198242188,0.7442855834960938,1.2797040939331055,-0.0488399975001812
1780626393598028000,46.356028076171874,0.7688835859298706,1.147718071937561,-0.1328161209821701
1780626393608023000,46.36602294921875,0.684326171875,1.191952109336853,-0.15775837004184723
1780626393618017800,46.376017822265624,0.4995086193084717,1.4859033823013306,-0.11561331897974014
1780626393628012800,46.3860126953125,0.22892676293849945,1.9226560592651367,0.006799792870879173
1780626393638007800,46.3960078125,-0.09755682200193405,2.3679113388061523,0.27410101890563965
1780626393648003800,46.40600390625,-0.36858370900154114,2.4614031314849854,0.5366592407226562
1780626393657999000,46.4159990234375,-0.5589813590049744,2.3140363693237305,0.6855254173278809
1780626393667994000,46.425994140625,-0.7245491147041321,2.206118583679199,0.6459934711456299
1780626393677989000,46.43598901367187,-0.8494372963905334,1.9004353284835815,0.43488651514053345
1780626393687985000,46.44598486328125,-0.9764489531517029,1.8426343202590942,0.13569174706935883
1780626393697980000,46.45597998046875,-1.1358213424682617,2.1265053749084473,-0.29877448081970215
1780626393707975000,46.465974853515625,-1.3017561435699463,2.6189303398132324,-0.7880036234855652
1780626393717970000,46.475969970703126,-1.4291125535964966,3.134777545928955,-1.290743350982666
1780626393727965000,46.48596484375,-1.5036448240280151,3.0251235961914062,-1.7223737239837646
1780626393737960700,46.49596069335937,-1.5419602394104004,1.9580576419830322,-1.994997501373291
1780626393747956000,46.5059560546875,-1.545615315437317,0.8066046833992004,-2.21260666847229
1780626393757951000,46.51595092773437,-1.5513410568237305,0.1742892861366272,-2.3143656253814697
1780626393767946000,46.525946044921874,-1.587931752204895,-0.16340568661689758,-2.2615182399749756
1780626393777942000,46.53594189453125,-1.6770312786102295,-0.290242999792099,-2.0936450958251953
1780626393787937000,46.54593701171875,-1.813984751701355,-0.3218386173248291,-1.861730933189392
1780626393797932000,46.55593212890625,-1.8935450315475464,-0.3689534068107605,-1.516908049583435
1780626393807926800,46.5659267578125,-1.8093329668045044,-0.46817803382873535,-1.1664602756500244
1780626393817922800,46.5759228515625,-1.5465844869613647,-0.5730360150337219,-0.982397735118866
1780626393827917800,46.585917724609374,-1.204030990600586,-0.642253041267395,-0.9254018068313599
1780626393837913000,46.5959130859375,-0.9475245475769043,-0.7189589738845825,-0.8858794569969177
1780626393847908000,46.605908203125,-0.8788781762123108,-0.8523500561714172,-0.8348026871681213
1780626393857903000,46.615903076171875,-0.9635009169578552,-1.11036217212677,-0.8030410408973694
1780626393867899000,46.62589892578125,-1.1634024381637573,-1.419889211654663,-0.7595248818397522
1780626393877894000,46.63589379882813,-1.4415416717529297,-1.6569279432296753,-0.7071340680122375
1780626393887889000,46.64588891601562,-1.680841088294983,-1.4879918098449707,-0.7561258673667908
1780626393897884000,46.6558837890625,-1.744401454925537,-0.6078137159347534,-0.9910395741462708
1780626393907880000,46.6658798828125,-1.6690775156021118,0.6757975816726685,-1.196565866470337
1780626393917875000,46.675875,-1.5565279722213745,1.877210259437561,-1.3133577108383179
1780626393927870000,46.685869873046876,-1.391025424003601,2.5272672176361084,-1.2632097005844116
1780626393937865000,46.69586499023438,-1.2425305843353271,2.43892240524292,-1.1141026020050049
1780626393947860000,46.70585986328125,-1.156790018081665,1.804695963859558,-0.9185438752174377
1780626393957856000,46.71585595703125,-1.1424471139907837,0.9604326486587524,-0.6981611847877502
1780626393967851000,46.72585107421875,-1.1263278722763062,0.22391220927238464,-0.5346928238868713
1780626393977846000,46.735845947265624,-0.9707733988761902,-0.1991969645023346,-0.3946094214916229
1780626393987840800,46.7458408203125,-0.6437747478485107,-0.31535258889198303,-0.22376589477062225
1780626393997836800,46.7558369140625,-0.36284640431404114,-0.143899604678154,-0.15308107435703278
1780626394007832000,46.76583203125,-0.31331536173820496,0.09212825447320938,-0.237735778093338
1780626394017827000,46.7758271484375,-0.4412815570831299,0.2100578099489212,-0.23618128895759583
1780626394027822000,46.78582202148438,-0.6378151178359985,0.451943963766098,-0.0516471341252327
1780626394037817900,46.79581787109375,-0.689413845539093,1.0314792394638062,0.28557881712913513
1780626394047812900,46.805812744140624,-0.5797837376594543,1.9151614904403687,0.7173975110054016
1780626394057808000,46.815807861328125,-0.592362642288208,2.786406993865967,1.12799870967865
1780626394067803000,46.825802978515625,-0.8420342206954956,3.5131518840789795,1.473802089691162
1780626394077798000,46.8357978515625,-0.785746157169342,3.4921162128448486,1.5146394968032837
1780626394087794000,46.8457939453125,-0.49978798627853394,2.482612371444702,1.2955058813095093
1780626394097789000,46.85578881835937,-0.35305100679397583,0.7050083875656128,0.98506760597229
1780626394107784000,46.86578393554687,-0.6851826906204224,-1.122622013092041,0.7720550894737244
1780626394117779000,46.87577905273437,-1.6678463220596313,-1.4548615217208862,0.48970380425453186
1780626394127775000,46.88577490234375,-2.961313486099243,-0.05679888278245926,1.0027964115142822
1780626394137770000,46.89577001953125,-2.5822322368621826,1.4870412349700928,2.034745454788208
1780626394147765000,46.90576489257813,-1.5247704982757568,1.977232575416565,2.670912504196167
1780626394157760000,46.91576000976563,-0.3068578839302063,2.1222550868988037,2.685734987258911
1780626394167755000,46.92575512695313,0.9058585166931152,2.6956703662872314,2.3433618545532227
1780626394177750800,46.93575073242187,1.9522472620010376,3.922048330307007,2.056840419769287
1780626394187746000,46.94574609375,2.4097607135772705,5.478002071380615,1.6906682252883911
1780626394197741000,46.955740966796874,2.3229644298553467,6.431607723236084,0.8251159191131592
1780626394207736000,46.965736083984375,2.1266567707061768,6.262431621551514,-0.04538348317146301
1780626394217731800,46.97573193359375,1.9903148412704468,4.7653069496154785,-0.35245633125305176
1780626394227726800,46.98572680664063,1.8082000017166138,2.9355194568634033,-0.27590715885162354
1780626394237721900,46.99572192382813,1.6019107103347778,1.82541024684906,0.006734930910170078
1780626394247716900,47.005716796875,1.3517093658447266,1.7162543535232544,0.354157954454422
1780626394257711900,47.0157119140625,1.0594375133514404,2.3798651695251465,0.642390787601471
1780626394267708000,47.0257080078125,0.7732453346252441,3.1308441162109375,0.7248432040214539
1780626394277703200,47.035703125,0.5849907398223877,3.3258414268493652,0.5940628051757812
1780626394287698000,47.045697998046876,0.3816598653793335,3.1598241329193115,0.47857871651649475
1780626394297693000,47.05569287109375,-0.030516497790813446,3.3161916732788086,0.6233582496643066
1780626394307689000,47.06568896484375,-0.421355277299881,3.148355484008789,0.2306617796421051
1780626394317684000,47.07568408203125,-0.44806304574012756,2.672313928604126,0.06453965604305267
1780626394327679000,47.08567895507812,-1.0431411266326904,3.0117037296295166,0.24686653912067413
1780626394337674000,47.09567407226562,-1.7969611883163452,3.802272319793701,0.2328692227602005
1780626394347669800,47.105669677734376,-2.552142381668091,4.334977626800537,0.15066668391227722
1780626394357664800,47.11566479492188,-3.3229949474334717,4.3540215492248535,0.15185046195983887
1780626394367660000,47.12565991210938,-4.001666069030762,4.239001750946045,0.27472540736198425
1780626394377655000,47.13565502929688,-4.626695156097412,4.294858455657959,0.3201828896999359
1780626394387649000,47.14564892578125,-5.292905330657959,4.419911861419678,0.314902663230896
1780626394397645000,47.15564501953125,-5.931604385375977,4.334461212158203,0.43874311447143555
1780626394407640000,47.16564013671875,-6.312724590301514,3.810093402862549,0.5517342686653137
1780626394417635000,47.17563500976563,-6.4738335609436035,3.485945224761963,0.7215666770935059
1780626394427629800,47.1856298828125,-6.593750953674316,3.778103828430176,1.1680583953857422
1780626394437626000,47.195626220703126,-6.911445617675781,4.717342853546143,1.8912131786346436
1780626394447621000,47.20562109375,-7.341357231140137,5.970711708068848,2.7138772010803223
1780626394457616100,47.2156162109375,-7.572494029998779,7.102824687957764,3.458282470703125
1780626394467611100,47.225611083984376,-7.574466705322266,7.650801181793213,4.07428503036499
1780626394477606100,47.235606201171876,-7.402999401092529,7.351554870605469,4.525409698486328
1780626394487602000,47.24560180664062,-7.264523506164551,6.477906703948975,4.733187675476074
1780626394497597000,47.25559692382812,-7.196048259735107,5.384851932525635,4.766940593719482
1780626394507592000,47.26559204101562,-7.145632743835449,4.364970684051514,4.722858905792236
1780626394517587000,47.2755869140625,-6.944024562835693,3.7881181240081787,4.5419535636901855
1780626394527583200,47.28558325195313,-6.6133928298950195,3.7565762996673584,4.319963455200195
1780626394537578000,47.295577880859376,-6.176486968994141,3.921146869659424,3.919384479522705
1780626394547573000,47.30557299804688,-5.738632678985596,4.112074851989746,3.461411237716675
1780626394557568000,47.31556811523438,-5.363255500793457,4.238352298736572,2.9888558387756348
1780626394567564000,47.32556396484375,-5.08856201171875,4.457042694091797,2.491910219192505
1780626394577559000,47.33555908203125,-4.782721519470215,4.632482051849365,1.976369857788086
1780626394587554000,47.345553955078124,-4.391040802001953,4.672194480895996,1.4312798976898193
1780626394597549000,47.355549072265624,-3.9392993450164795,4.734776973724365,0.8962695002555847
1780626394607544000,47.3655439453125,-3.4092700481414795,5.073892593383789,0.4561016261577606
1780626394617540000,47.3755400390625,-2.7943856716156006,5.510181903839111,0.09637273848056793
1780626394627535000,47.38553515625,-2.2932517528533936,5.879967212677002,-0.13138742744922638
1780626394637530000,47.39553002929687,-2.126595973968506,6.027431964874268,-0.2421690672636032
1780626394647525000,47.40552514648437,-2.2196199893951416,5.630645751953125,-0.2744702994823456
1780626394657521000,47.41552099609375,-2.3801722526550293,4.567840576171875,-0.1926310807466507
1780626394667516000,47.425515869140625,-2.4332549571990967,3.1835293769836426,-0.07700260728597641
1780626394677511000,47.435510986328126,-2.312833070755005,1.9579426050186157,-0.016362164169549942
1780626394687506000,47.445505859375,-2.104663372039795,1.102790355682373,-0.04698750004172325
1780626394697501000,47.4555009765625,-1.897057056427002,0.5881773233413696,-0.18197061121463776
1780626394707497200,47.465497314453124,-1.7453138828277588,0.2716294825077057,-0.3530130386352539
1780626394717492200,47.4754921875,-1.6692692041397095,-0.08743014186620712,-0.5203090906143188
1780626394727487000,47.48548706054687,-1.6589301824569702,-0.7263796925544739,-0.6862975358963013
1780626394737482000,47.49548193359375,-1.709979772567749,-1.4788185358047485,-0.7946836352348328
1780626394747478000,47.50547802734375,-1.7565165758132935,-2.0570154190063477,-0.8183346390724182
1780626394757473000,47.51547314453125,-1.7587400674819946,-2.254533290863037,-0.7401232123374939
1780626394767468000,47.52546801757813,-1.7844115495681763,-2.0419132709503174,-0.5290635228157043
1780626394777463000,47.53546313476563,-1.9401006698608398,-1.371732473373413,-0.2844820022583008
1780626394787459000,47.545458984375,-2.3182311058044434,-0.19024468958377838,-0.20382389426231384
1780626394797454000,47.5554541015625,-2.697028636932373,0.8466746211051941,-0.24134036898612976
1780626394807449000,47.565448974609374,-2.8487279415130615,1.443321943283081,-0.32762035727500916
1780626394817444000,47.575444091796875,-2.726229429244995,1.533888339996338,-0.3837299644947052
1780626394827439000,47.585439208984376,-2.5389702320098877,1.4388298988342285,-0.382907509803772
1780626394837435000,47.59543481445313,-2.3164188861846924,1.2420073747634888,-0.21682211756706238
1780626394847430000,47.60542993164062,-1.9139440059661865,0.899236798286438,0.2524513304233551
1780626394857425000,47.6154248046875,-1.9452623128890991,1.0504209995269775,0.31949296593666077
1780626394867420000,47.625419921875,-1.9066952466964722,0.950674295425415,0.4227054715156555
1780626394877416200,47.63541625976563,-1.781363606452942,0.7089165449142456,0.4718197286128998
1780626394887411200,47.6454111328125,-1.9487369060516357,1.1190383434295654,0.24538350105285645
1780626394897406200,47.65540625,-1.9865232706069946,1.1381182670593262,0.05097966641187668
1780626394907401000,47.66540087890625,-2.113496780395508,1.6800403594970703,-0.15776239335536957
1780626394917397000,47.67539697265625,-2.1786882877349854,1.9019654989242554,-0.19581656157970428
1780626394927392000,47.68539208984375,-2.3027617931365967,1.8672970533370972,-0.2145041674375534
1780626394937387000,47.69538696289062,-2.4714102745056152,1.316874384880066,-0.26490288972854614
1780626394947382000,47.705382080078124,-2.772839307785034,0.5420237183570862,-0.4077899158000946
1780626394957377000,47.715376953125,-3.1636271476745605,0.36979472637176514,-0.6462587118148804
1780626394967373000,47.725373046875,-3.3547940254211426,0.5235872864723206,-0.8291166424751282
1780626394977368000,47.7353681640625,-3.371337413787842,-0.03129966929554939,-0.9777088165283203
1780626394987363000,47.74536303710938,-3.3780858516693115,-0.0600392147898674,-1.2508797645568848
1780626394997358000,47.75535815429687,-3.232897996902466,0.024589119479060173,-1.4366048574447632
1780626395007354000,47.76535400390625,-3.017690896987915,0.20120173692703247,-1.4019744396209717
1780626395017349000,47.77534912109375,-2.8015806674957275,0.9035170078277588,-1.1539164781570435
1780626395027344000,47.78534375,-2.5856943130493164,1.8931864500045776,-0.6427565813064575
1780626395037339000,47.7953388671875,-2.1754140853881836,1.8821132183074951,-0.03425117954611778
1780626395047335200,47.80533520507812,-1.4310730695724487,0.4656396806240082,0.5241400599479675
1780626395057330200,47.815330078125,-0.8406649231910706,0.3829421401023865,1.354414939880371
1780626395067325200,47.8253251953125,-0.7048195600509644,0.8355517387390137,2.090564250946045
1780626395077320200,47.8353203125,-0.9169435501098633,0.6259186267852783,2.511899471282959
1780626395087315200,47.84531518554687,-1.4801808595657349,-0.3900652527809143,2.4184763431549072
1780626395097311000,47.85531103515625,-1.8813070058822632,-1.0341897010803223,2.541815757751465
1780626395107306000,47.865305908203126,-1.9118459224700928,-1.1979402303695679,2.963438034057617
1780626395117301000,47.87530102539063,-1.7561838626861572,-1.3795456886291504,3.317230463027954
1780626395127296000,47.8852958984375,-1.5776928663253784,-1.3788615465164185,3.5638303756713867
1780626395137292000,47.8952919921875,-1.4137502908706665,-1.2838135957717896,3.6348514556884766
1780626395147287000,47.905287109375,-1.3121649026870728,-1.1075820922851562,3.498812437057495
1780626395157282000,47.915281982421874,-1.2755986452102661,-0.863518238067627,3.199537515640259
1780626395167277000,47.925277099609374,-1.3075523376464844,-0.7130212187767029,2.738499879837036
1780626395177273000,47.93527319335937,-1.3863097429275513,-0.5315605998039246,2.2357683181762695
1780626395187268000,47.94526806640625,-1.6332762241363525,-0.18494611978530884,1.721942663192749
1780626395197263000,47.95526318359375,-1.9362903833389282,0.07762078195810318,1.1540683507919312
1780626395207258000,47.96525805664062,-2.0997426509857178,0.11994285136461258,0.5077441334724426
1780626395217252900,47.9752529296875,-2.126391887664795,0.12048587203025818,-0.1503961682319641
1780626395227249200,47.985249267578126,-2.079221725463867,-0.029368944466114044,-0.7791650891304016
1780626395237244200,47.995244140625,-1.94987952709198,-0.208664670586586,-1.364255666732788
1780626395247239200,48.0052392578125,-1.7005810737609863,-0.3273372948169708,-1.8657723665237427
1780626395257234200,48.015234130859376,-1.3381972312927246,-0.07508532702922821,-2.122748374938965
1780626395267230000,48.02522998046875,-1.1540303230285645,1.059582233428955,-2.0259640216827393
1780626395277225000,48.03522485351562,-0.9643813967704773,1.2636510133743286,-1.7924830913543701
1780626395287220000,48.04521997070312,-0.7296911478042603,0.7691062688827515,-1.4966009855270386
1780626395297215000,48.05521508789062,-0.5294302105903625,0.4130688011646271,-1.057305932044983
1780626395307211300,48.06521118164063,-0.3797661364078522,0.12288767099380493,-0.5117636322975159
1780626395317206300,48.07520629882813,-0.299268901348114,-0.309175580739975,0.07675714790821075
1780626395327201000,48.08520092773438,-0.25910961627960205,-0.6867061257362366,0.7046493887901306
1780626395337196000,48.09519604492188,-0.3086678385734558,-0.9427759647369385,1.3297511339187622
1780626395347191000,48.10519091796875,-0.445344477891922,-1.2938765287399292,1.9258824586868286
1780626395357187000,48.11518701171875,-0.6693254113197327,-1.6265782117843628,2.432922124862671
1780626395367182000,48.12518212890625,-0.9834153056144714,-1.9254519939422607,2.776787281036377
1780626395377177000,48.135177001953124,-1.3028175830841064,-2.44043231010437,3.030921459197998
1780626395387172400,48.14517236328125,-1.5341562032699585,-2.6378750801086426,3.25689959526062
1780626395397168400,48.15516845703125,-1.6491941213607788,-2.4768736362457275,3.4250495433807373
1780626395407163400,48.16516333007812,-1.6337724924087524,-2.3505632877349854,3.517819404602051
1780626395417158400,48.17515844726562,-1.505581259727478,-2.1025078296661377,3.3738672733306885
1780626395427153700,48.185153564453124,-1.254014492034912,-1.9729995727539062,2.76674485206604
1780626395437149400,48.1951494140625,-0.9297195076942444,-1.885948896408081,2.1109402179718018
1780626395447144400,48.20514453125,-0.5841629505157471,-1.5279096364974976,1.4538257122039795
1780626395457139500,48.21513940429688,-0.29447707533836365,-0.8385038375854492,0.8575950860977173
1780626395467134500,48.22513452148438,-0.05496513098478317,-0.11376716196537018,0.36575940251350403
1780626395477129500,48.23512939453125,0.09362354874610901,0.4002266526222229,0.028638605028390884
1780626395487125500,48.24512548828125,0.13932877779006958,0.706712007522583,-0.15964873135089874
1780626395497120300,48.255120361328125,0.1496511846780777,0.768880307674408,-0.23999257385730743
1780626395507115300,48.265115234375,0.15258723497390747,0.6332681179046631,-0.22139129042625427
1780626395517110500,48.275110595703126,0.10196614265441895,0.523818850517273,-0.12118212878704071
1780626395527106600,48.2851064453125,0.02340911328792572,0.519046425819397,-0.01948539726436138
1780626395537101600,48.2951015625,-0.04062899202108383,0.5337545275688171,0.023923063650727272
1780626395547096600,48.3050966796875,-0.07815927267074585,0.47088077664375305,-0.002025427296757698
1780626395557091600,48.31509155273437,-0.08586166799068451,0.360191285610199,-0.0557112917304039
1780626395567087400,48.32508740234375,-0.0788862332701683,0.2427399605512619,-0.12216982990503311
1780626395577082400,48.335082275390626,-0.07576074451208115,0.15702666342258453,-0.1932069957256317
1780626395587077400,48.345077392578126,-0.07656829804182053,0.08353465050458908,-0.24223004281520844
1780626395597072400,48.355072265625,-0.08507150411605835,0.05223611369729042,-0.24406203627586365
1780626395607068400,48.365068359375,-0.11709651350975037,0.08662496507167816,-0.20746201276779175
1780626395617063400,48.3750634765625,-0.1447795331478119,0.19788330793380737,-0.14545883238315582
1780626395627058400,48.38505834960937,-0.13224366307258606,0.3719259202480316,-0.08936648815870285
1780626395637053400,48.395053466796874,-0.08209899067878723,0.5089927315711975,-0.07081517577171326
1780626395647048400,48.40504833984375,-0.026465976610779762,0.6080206632614136,-0.0806557908654213
1780626395657044500,48.41504443359375,0.024621175602078438,0.6776423454284668,-0.081013984978199
1780626395667039500,48.42503955078125,0.040357429534196854,0.7007410526275635,-0.06262586265802383
1780626395677034500,48.43503442382813,-0.00410777423530817,0.6520957350730896,-0.04646393656730652
1780626395687029200,48.445029296875,-0.06767965108156204,0.5887958407402039,-0.029285162687301636
1780626395697025500,48.455025634765626,-0.1012466624379158,0.5560818314552307,0.0008855212945491076
1780626395707020500,48.4650205078125,-0.07278411090373993,0.5974143147468567,0.04168364405632019
1780626395717015600,48.475015625,0.05181880295276642,0.7110967040061951,0.11451870948076248
1780626395727010600,48.485010498046876,0.2523355484008789,0.7989526391029358,0.1952984631061554
1780626395737006300,48.49500634765625,0.4621092677116394,0.8213272094726562,0.2498093694448471
1780626395747001300,48.50500146484375,0.6271023750305176,0.7795581817626953,0.28788864612579346
1780626395756996400,48.51499633789062,0.7179452180862427,0.6661032438278198,0.31413090229034424
1780626395766991400,48.52499145507812,0.6906104683876038,0.556106686592102,0.423801451921463
1780626395776986400,48.534986328125,0.5132681727409363,0.1925862431526184,0.6693941950798035
1780626395786982700,48.54498266601563,0.3838071823120117,-0.32993489503860474,0.7926037311553955
1780626395796977400,48.554977294921876,0.34618258476257324,-0.7205034494400024,0.8109198808670044
1780626395806972400,48.56497241210938,0.30768537521362305,-0.8838416934013367,0.716717004776001
1780626395816967400,48.57496752929688,0.21624334156513214,-0.7252405881881714,0.534181535243988
1780626395826963500,48.58496337890625,0.09681515395641327,-0.42124202847480774,0.3510679006576538
1780626395836958500,48.59495849609375,-0.021884862333536148,-0.12826690077781677,0.2708953022956848
