time,seconds_elapsed,z,y,x
1780625761873206800,0.076206787109375,-0.5599649560570716,-0.3649585167855024,-0.2113008637294173
1780625761883235800,0.08623583984375,-0.47146366578340526,-0.10709785419404506,-0.31113851766213774
1780625761893266000,0.096265869140625,-0.345949280411005,0.3099576373144984,-0.38016909152939915
1780625761903296000,0.1062958984375,-0.42271103305220603,0.6280097337573767,-0.5441419485032558
1780625761913325000,0.116324951171875,-0.07154489477574826,0.6603671120047568,-0.6315564664535224
1780625761923355000,0.12635498046875,0.3285539089739323,0.5768041549161076,-0.608213000266999
1780625761933384000,0.136384033203125,0.588939121606946,0.597085310922563,-0.5716743908122182
1780625761943414000,0.1464140625,0.8601777366876602,0.5459978055030107,-0.24499153640717267
1780625761953444000,0.156444091796875,0.7411433609843253,0.7503717925786971,-0.2970809123456478
1780625761963473200,0.16647314453125,0.013876549661159514,1.355009126316011,-0.6017296295970678
1780625761973503000,0.1765029296875,-0.20874270367920397,1.0941548348665238,-0.4412386233896017
1780625761983532000,0.186531982421875,1.4070938260793686,-0.7129401798069477,-0.614691110239923
1780625761993561900,0.196561767578125,1.348071143746376,-0.6134329268723726,-0.5543102912962437
1780625762003592000,0.206592041015625,1.2860463569879532,-0.5108592721045017,-0.49474458812773225
1780625762013620700,0.216620849609375,1.5818378140449523,-0.8669497150406241,-0.7283288875967264
1780625762023650800,0.22665087890625,2.086201294389367,-0.826801829047501,-1.111532378385961
1780625762033680000,0.236679931640625,2.7229858707547185,-0.9788327576845883,-1.4580617967724798
1780625762043710000,0.2467099609375,2.801954778051376,-1.2491016509503126,-1.46674340813905
1780625762053740000,0.256739990234375,2.4201614463210106,-0.8743462550327181,-1.6617589074999093
1780625762063768800,0.266768798828125,1.7568080119818448,-0.3458648169979453,-1.2478446366265414
1780625762073799000,0.276798828125,0.436103598588705,0.6854863556921482,-0.6699424573406577
1780625762083828000,0.286827880859375,-0.8057283536195754,1.1391229806229473,-0.7531169996336102
1780625762093858000,0.296858154296875,-0.7361889534473419,-0.11084668533354997,-0.5950844924941658
1780625762103887000,0.30688720703125,-0.04214753537774086,-1.5823729438349603,0.21999475005567073
1780625762113917000,0.3169169921875,-0.010677461358904837,-2.587595111273229,0.867654940700531
1780625762123947000,0.326947021484375,0.5867231991231441,-3.757419519630074,0.6202627728924155
1780625762133976000,0.33697607421875,2.3022294789016247,-3.2016584450036287,0.29968174249380825
1780625762144006000,0.347005859375,3.5918998716056345,-2.493682609605789,0.1595896734535694
1780625762154035000,0.357034912109375,3.8711248092651367,-1.6859426239028572,0.20997662938833236
1780625762164064800,0.367064697265625,4.079803215536475,-0.3016790537908673,0.7066539391443133
1780625762174094800,0.3770947265625,4.308977297347784,1.0639219014272092,1.3485659415259956
1780625762184124000,0.3871240234375,4.131184443205595,1.8931518344044684,1.3169669804304838
1780625762194154000,0.397154052734375,2.940323384299874,1.5792951438248157,0.7112240235388279
1780625762204182800,0.407182861328125,1.4632541047185659,0.6608458354324102,0.03296469649076462
1780625762214212900,0.417212890625,0.5934434472888708,-0.2734071912914514,-0.862334037938714
1780625762224243000,0.427242919921875,-0.14582827460467815,-1.163588436576724,-1.5246660202756523
1780625762234272000,0.43727197265625,-0.766799195766449,-1.4388663901761174,-1.555146206474304
1780625762244302000,0.447302001953125,-0.5315151066422462,-0.5098495105400681,-1.6157374532982707
1780625762254331000,0.457330810546875,1.757296087759733,2.766786434036493,-1.75747875085026
1780625762264361000,0.46736083984375,6.333330915111303,6.163809045708179,-0.98930183698982
1780625762274391000,0.47739111328125,8.073267871791124,6.216821673971414,-0.5950237022176385
1780625762284420000,0.487420166015625,4.977829329103231,4.46345386557132,-2.3278417668029663
1780625762294450000,0.497449951171875,1.2838824569523333,1.9567443088710308,-3.3175887172117826
1780625762304479000,0.50747900390625,-0.2702659706562757,-0.7207686814755201,-2.779454192429781
1780625762314508800,0.5175087890625,0.581917260146141,-0.7969733847558498,-1.8173942903697489
1780625762324539000,0.527538818359375,3.182890031647682,1.776925209598243,0.344688466694951
1780625762334568000,0.53756787109375,6.131242993146181,5.4478761138260365,3.376324107035994
1780625762344598000,0.547597900390625,8.944895807775854,9.439026647919416,6.3221092638731
1780625762354626800,0.557626708984375,10.409722276377677,12.264916428309679,7.580886505663394
1780625762364657700,0.56765771484375,10.582354971277713,12.124335406708717,6.974705157354474
1780625762374686700,0.577686767578125,10.347821408259868,8.94621039750576,6.467962672919034
1780625762384716800,0.587716796875,9.792916658201813,6.593095950019359,6.172025085389614
1780625762394746600,0.59774658203125,6.579540302875637,7.896341279089451,4.644495200115442
1780625762404775700,0.607775634765625,2.0372633682191372,11.92149228246212,2.9318934096068143
1780625762414805800,0.6178056640625,-3.0935435227215287,16.312903532868624,0.3934422684699297
1780625762424834800,0.627834716796875,-8.69391146069467,17.78999385523796,-3.6405467058748004
1780625762434864600,0.63786474609375,-10.65291377762556,13.523118500560521,-8.045634599456191
1780625762444894500,0.64789453125,-7.4840996176034205,6.495764287558198,-10.51314991762638
1780625762454923500,0.657923583984375,-4.822110359603166,1.9813290072903036,-11.726290028357505
1780625762464953600,0.66795361328125,-4.827410804098844,0.9732530578561127,-12.199883691906928
1780625762474982700,0.677982666015625,-6.801026752793788,1.5262274243734777,-11.932593522191047
1780625762485012500,0.688012451171875,-9.688514034441113,0.4758182077310979,-11.657678848946095
1780625762495042600,0.69804248046875,-11.774571536445617,-2.3640900150090456,-11.533175686442851
1780625762505071600,0.708071533203125,-12.80675419152379,-5.5854871797055,-11.708777752542495
1780625762515101700,0.718101806640625,-12.375521998363732,-6.379833138567209,-11.77643265414238
1780625762525130800,0.728130859375,-9.612405192750693,-6.530164569810032,-12.293180399763584
1780625762535160600,0.73816064453125,-5.524575322625041,-11.765233214735984,-17.8104006834507
1780625762545190700,0.748190673828125,0.21218349178284404,-15.020213500082493,-18.544045797634123
1780625762555219700,0.7582197265625,5.364967528992891,-13.601728511416912,-15.190322229462861
1780625762565249800,0.768249755859375,5.919267298895121,-7.912839993947744,-10.164030190485715
1780625762575278600,0.778278564453125,5.394425094145536,-4.860985741442442,-4.698429619398713
1780625762585308700,0.78830859375,2.7963828231379386,-2.035649064890295,-1.7820184410840272
1780625762595338500,0.79833837890625,0.009792202956974506,-1.0118336945325135,-1.5174018744915723
1780625762605367600,0.808367431640625,-1.3805758215099573,-1.2775601220630108,-1.3785966303914785
1780625762615397600,0.818397705078125,-3.058277563551068,-0.8676302446506917,-0.4558177683621645
1780625762625426400,0.828426513671875,-2.9385189652264114,0.9778761876121163,1.1525070705920457
1780625762635456500,0.83845654296875,-0.8984370324552059,2.5569354768544432,3.773043205219507
1780625762645486600,0.848486572265625,5.398547142511606,3.048661593943834,7.071930436831712
1780625762655515600,0.858515625,1.3355024618133902,7.243111179357767,6.928586380258202
1780625762665545700,0.868545654296875,-8.899728632315993,8.562473530492186,8.050302591267227
1780625762675574500,0.878574462890625,-7.45228526019156,6.981282782179116,8.048277222919463
1780625762685604600,0.8886044921875,-8.267939964541792,8.49571703903675,7.791151888865232
1780625762695634700,0.898634765625,-8.166997710368037,7.725626985031366,6.837257173082232
1780625762705663700,0.908663818359375,-7.344922033059596,5.550415866324305,4.010137558636069
1780625762715693800,0.91869384765625,-4.20858186340183,3.3723926128059625,1.4645096577376127
1780625762725722600,0.92872265625,3.6199420170024035,-1.0131652353972196,-1.5664385848611593
1780625762735752700,0.938752685546875,5.2006853138089175,-1.0402964034289122,-4.881808749240636
1780625762745782500,0.948782470703125,4.661129231791198,2.42004132707268,-5.574139271739125
1780625762755811600,0.9588115234375,3.022268092536926,5.780677743372321,-4.059768143245577
1780625762765841700,0.968841552734375,-0.6228454828619957,5.911774312791228,-2.308908810535073
1780625762775870500,0.978870361328125,-5.247746340191364,7.004087903705239,-0.2650596341848373
1780625762785900500,0.988900634765625,0.6305313611894846,4.537922831100225,0.36283261067271233
1780625762795930600,0.9989306640625,4.028794328311085,3.7318385036498305,-0.15156301886439322
1780625762805959700,1.008959716796875,6.847241976001858,0.9229281343068927,-0.17494973967075347
1780625762815989800,1.01898974609375,9.362651848769188,-0.8926695549696684,-0.013270984983444213
1780625762826018600,1.0290185546875,10.880117436146735,-0.6434294942725449,0.5917132624953985
1780625762836048600,1.039048583984375,12.097034727329016,-0.11815043247565626,2.6020161430746316
1780625762846078700,1.04907861328125,12.150255445384978,1.022857923502475,3.991577235072851
1780625762856107800,1.059107666015625,9.031575143319367,1.7806803243480622,3.03285436848104
1780625762866137900,1.069137939453125,3.7580513877928254,1.904580552522093,1.0667863509476183
1780625762876166700,1.079166748046875,-0.9417804996192455,1.8065061088696122,-0.20511457630991933
1780625762886196700,1.08919677734375,-3.7396404095724223,2.1438282845802603,-0.584819411328435
1780625762896226600,1.0992265625,-4.045802161735296,1.6592264664128422,-0.12042787588834762
1780625762906255600,1.109255615234375,-2.744003524342179,0.4201934972733259,0.8037304578006267
1780625762916285700,1.11928564453125,-0.6228600959092379,-0.539092848420143,1.498992942097783
1780625762926314500,1.129314453125,0.6864572465509176,-1.2447282581716774,1.4389906010776756
1780625762936344600,1.139344482421875,0.6502391012221574,-1.862896689133346,0.2860474771559238
1780625762946374700,1.149374755859375,0.7662450690150261,-3.1941654588997364,-0.6302268252849579
1780625762956403700,1.15940380859375,1.5910913800805806,-3.8104245491087436,-0.262799872559309
1780625762966433500,1.16943359375,0.6042950961709023,-2.998500555719435,-0.35825580427646636
1780625762976462600,1.179462646484375,-1.687584253630042,-2.6287387303054333,-1.962021372491121
1780625762986492700,1.18949267578125,-5.104451383456587,-3.257977421335876,-4.279184216630458
1780625762996522800,1.199522705078125,-8.971744651734829,-3.699607966652512,-5.903083641335368
1780625763006551800,1.2095517578125,-10.778971768355369,-3.7461695190802216,-6.276414265146851
1780625763016581600,1.21958154296875,-10.276028091681003,-2.9893396364033222,-6.281687821635604
1780625763026610700,1.229610595703125,-8.772739498215913,-1.593438819989562,-5.207932216197252
1780625763036640800,1.239640869140625,-5.602991272214055,-0.1578776088386774,-2.0617185950398444
1780625763046670600,1.249670654296875,-1.8298709101051092,0.7745856118589639,0.8289934938728809
1780625763056699600,1.25969970703125,-0.8578501705229282,1.9350059397935866,2.573086985710263
1780625763066729500,1.2697294921875,-1.8097458214432,3.3358716851383448,2.819340797138214
1780625763076758500,1.279758544921875,-4.165573035019636,4.4880052462428806,1.80540048571527
1780625763086788600,1.28978857421875,-7.5082538156509395,4.837726446408033,0.44222880347073074
1780625763096818700,1.299818603515625,-9.63896703646183,4.300153939422965,-1.3472276786595583
1780625763106847500,1.309847412109375,-9.714618197512626,3.364225088441372,-2.794075422978401
1780625763116877600,1.319877685546875,-8.526898943763971,1.3642010252922772,-3.31060981810987
1780625763126906600,1.32990673828125,-5.867185229480266,-1.0402098941892386,-4.330494717150926
1780625763136936700,1.339936767578125,-3.652407531799376,-3.2092583986133336,-6.723340871044993
1780625763146966800,1.349966796875,-2.832821333219111,-5.3466784235864875,-10.066823031187058
1780625763156995600,1.35999560546875,-1.0366302821367979,-8.204016066163778,-14.019801947796344
1780625763167025700,1.370025634765625,1.115967438223958,-10.606355440068244,-17.788237951481342
1780625763177054700,1.3800546875,2.2490865022569895,-12.803296160024404,-21.044382604432105
1780625763187084800,1.390084716796875,3.970946534976363,-14.597876561039685,-21.647632575464247
1780625763197114600,1.400114501953125,7.811772652089595,-14.652202025467156,-20.575991185700893
1780625763207143400,1.410143310546875,12.429785503470898,-13.440587516868113,-17.793495141357184
1780625763217173500,1.420173583984375,16.360607533329723,-10.666219833922385,-14.008380390071869
1780625763227202600,1.43020263671875,17.965038287454842,-7.6838260711342095,-9.731979666680097
1780625763237232600,1.440232666015625,17.567973736834524,-4.064513876467943,-6.701476245239377
1780625763247262700,1.4502626953125,13.9095868383646,-1.0818044718593358,-4.400318779483437
1780625763257291500,1.46029150390625,12.62129708636403,0.09713292501866817,-2.7474083643496034
1780625763267321600,1.470321533203125,12.038674892818927,1.9578461326330898,-0.6238800866067409
1780625763277350700,1.4803505859375,10.049745639657974,5.884531501078605,3.9156408273398875
1780625763287380700,1.490380615234375,7.305279173979163,6.731468647921085,6.118192372915148
1780625763297410800,1.500410888671875,4.89802806263566,6.738797383373975,5.310633296737074
1780625763307439600,1.510439697265625,1.8278899654209613,7.6708409173548215,5.198580450484156
1780625763317469700,1.5204697265625,-3.079324443233013,9.846735342150925,6.855852567958832
1780625763327498800,1.530498779296875,-6.942219768813252,8.868322855705022,4.480458484125137
1780625763337528800,1.54052880859375,-8.30576846767664,8.203412839573621,3.92939930357933
1780625763347558700,1.55055859375,-4.8752755480796095,7.3078294429838655,2.328176405584812
1780625763357587500,1.56058740234375,-2.1387880984559655,8.52609697973132,1.8154355575174093
1780625763367617500,1.570617431640625,-0.14560206463336944,8.686457053035497,5.054759424048662
1780625763377647600,1.580647705078125,2.8549332117840645,8.161948025763035,5.615259217634796
1780625763387676400,1.590676513671875,3.584410684894025,6.714094319272041,5.003596223044395
1780625763397706500,1.60070654296875,1.7932529518038034,9.695799515274166,6.506478573796152
1780625763407735600,1.610735595703125,4.928512048226595,5.486855540561676,6.733970986130833
1780625763417765600,1.620765625,6.236619430375099,1.9466493235751985,5.107415493959188
1780625763427795700,1.630795654296875,5.276707646259665,-2.4458631660714745,3.377938556495309
1780625763437824500,1.640824462890625,4.028740552297235,-2.452538406051695,0.08739245224893093
1780625763447854600,1.6508544921875,0.8819926781326531,-0.14481032973378896,-0.49098845046460626
1780625763457883600,1.660883544921875,-2.2614397878736257,0.727719815787673,0.2928904749184847
1780625763467913700,1.670913818359375,-6.229409937387705,1.728021185697615,0.5252513700723648
1780625763477943600,1.680943603515625,-3.6496979805797336,-1.1192968749076126,0.17166180404126644
1780625763487972600,1.69097265625,-2.0555410754486916,-0.10003215359151363,-1.5999071392208337
1780625763498002400,1.70100244140625,-3.117957833009958,1.3864347766712306,-2.0174474916368723
1780625763508032500,1.711032470703125,-3.2566759833484884,1.5790084358379244,0.3697212011426687
1780625763518061600,1.7210615234375,-1.3423397604875267,3.140100691235065,2.887137153035402
1780625763528091600,1.731091552734375,1.998771432739496,5.1607443485647435,5.455842562660575
1780625763538120400,1.741120361328125,0.9965016853660345,7.248412208375334,7.122307455894351
1780625763548150500,1.751150634765625,3.4624159980803726,5.961078734186291,5.581842101201414
1780625763558180600,1.7611806640625,6.112299223223328,4.74114355648756,2.702031930053234
1780625763568209700,1.771209716796875,1.74496048393026,4.450976953575015,-1.0019155271083116
1780625763578239700,1.78123974609375,0.15326105495393275,-2.017043002489209,-3.8908991847932337
1780625763588268500,1.7912685546875,3.1060487840294835,-3.986744992610812,-4.086184441006183
1780625763598298600,1.801298583984375,3.9960722084045406,-3.6609102794677018,-3.5221342614620923
1780625763608328700,1.81132861328125,1.2106360189557075,-2.8582401443749665,-4.4454409467577936
1780625763618357800,1.821357666015625,-0.7530203343261033,-1.0190157149910926,-6.147670980855822
1780625763628387600,1.8313876953125,-0.7285499099362641,-0.24586042819619178,-6.550956597948074
1780625763638416600,1.841416748046875,0.09530165447089821,-0.25764614305794237,-5.979191898503899
1780625763648446500,1.851446533203125,1.1079799466013909,0.10671733044385909,-5.146325947111845
1780625763658476500,1.8614765625,2.4884710124373433,0.6596089871138334,-4.784059153628349
1780625763668505600,1.871505615234375,2.028224321717024,-0.14254793775975702,-3.81929905269891
1780625763678535700,1.88153564453125,-1.6217583210229873,-3.3425621226876974,3.551709900036454
1780625763688565500,1.8915654296875,-0.16402270573126151,-2.0253245086222886,8.173812651079892
1780625763698594600,1.901594482421875,6.549719749629497,5.4614738465458155,2.8303561121493575
1780625763708624600,1.911624755859375,0.06750935564935207,8.605633457782863,0.9224293179392814
1780625763718653700,1.92165380859375,-4.4211832883358,6.421960800200701,1.6164654753118752
1780625763728683800,1.931683837890625,-3.0443659425765275,2.5249931091487405,1.4366232874244451
1780625763738713600,1.941713623046875,-0.6414338634759187,-0.651293578711152,0.49691988634020084
1780625763748742700,1.95174267578125,1.0275053109169006,-2.2551965095698834,-0.2654021640121937
1780625763758772700,1.961772705078125,2.678340673342347,-3.259164877554774,0.004127601324021816
1780625763768802600,1.971802490234375,2.6261194877177476,-4.715679444885254,1.2295289354741572
1780625763778831400,1.981831298828125,1.5768395673662423,-5.910262154662608,2.189722166879475
1780625763788861400,1.991861328125,0.9864988353330642,-5.088522577440738,2.0598621535182
1780625763798890500,2.001890380859375,-1.8831161780804395,-3.4911370656520124,1.1333631019219756
1780625763808920600,2.011920654296875,-4.693340187305211,-4.47493241418004,0.5402732903763652
1780625763818950700,2.02195068359375,-0.3104530196160078,-7.002540089741349,-0.8555605982810258
1780625763828979500,2.0319794921875,1.0851999595165251,-7.020953698310255,-2.141913244739175
1780625763839009500,2.042009521484375,0.06823065566122531,-6.602451807385683,-1.9268162035971879
1780625763849038600,2.05203857421875,-0.5551373897701501,-5.927796057787537,-1.029872916831076
1780625763859068700,2.062068603515625,-0.7605681924223899,-5.100713950493931,0.22205124419406055
1780625763869098800,2.0720986328125,-0.012542688975203782,-4.685434528747201,1.3743619154311715
1780625763879127600,2.08212744140625,0.4342401062717661,-4.305409960255027,1.8688228643119333
1780625763889157600,2.09215771484375,1.2490098810136316,-3.6928140687286852,1.529709567400813
1780625763899187500,2.1021875,2.14317172036767,-2.9058167190641164,1.1547411132544279
1780625763909216800,2.112216796875,1.0047183095693588,0.705416214042902,0.1847616702415049
1780625763919246600,2.12224658203125,0.1393640470266342,5.678132730177045,-1.2105185300558805
1780625763929275400,2.132275390625,0.6635914078135043,7.628243300122022,-1.1428498921915888
1780625763939305500,2.142305419921875,1.0395499689757823,7.795236527830362,-0.7120459343809634
1780625763949335600,2.15233544921875,0.9351672189593314,5.906822827863693,-0.5206019368313253
1780625763959364600,2.162364501953125,0.2757189753651619,3.7876357941955328,-0.4590097693365067
1780625763969394700,2.172394775390625,0.5947141978770494,2.2264912240892647,-0.6400315954625606
1780625763979423500,2.182423583984375,1.46981127127707,-0.4454267227292061,-0.0909210282338783
1780625763989453600,2.19245361328125,1.0300520727902651,-3.1577357166469096,0.9497375961035489
1780625763999483600,2.202483642578125,0.10673530449196696,-4.0951206116557115,1.484277895785868
1780625764009512700,2.2125126953125,-0.19053886540345846,-4.502949132874607,2.3428069884836673
1780625764019542800,2.222542724609375,-0.6096440559834242,-3.772364575305581,2.828510776543617
1780625764029572600,2.232572509765625,-1.2684266752757132,-2.040642489263415,3.0770775410890576
1780625764039601700,2.2426015625,-2.7039965081244706,-0.23818156413137911,3.241703162883222
1780625764049631500,2.252631591796875,-4.409722567644715,1.2342992186158894,3.343038508027792
1780625764059660800,2.262660888671875,-5.654741333195567,3.2939655573010445,3.1455119026288387
1780625764069690600,2.272690673828125,-6.22123013806343,4.952386844810843,2.1593376961402595
1780625764079720400,2.282720458984375,-5.008346632441878,3.236067495083809,0.3077659724891186
1780625764089749500,2.29274951171875,-3.315436215353012,1.2516034046381712,-1.2028725453473628
1780625764099779600,2.302779541015625,-3.797363115222752,2.4101795660108327,-0.9975327819794416
1780625764109809700,2.3128095703125,-4.9781262662231915,1.843770840641856,-0.31924174461886284
1780625764119838700,2.322838623046875,-3.6242429290667175,1.4413701896905897,-0.5052708044476807
1780625764129868500,2.33286865234375,-2.934019900241494,1.3021744849681853,-1.6770362638697027
1780625764139897600,2.342897705078125,-1.0962538529723882,0.8575199156552553,-2.667874224385619
1780625764149927700,2.352927734375,2.4638895288884637,0.8539625154346228,-3.7770132778942584
1780625764159957800,2.362957763671875,4.818179449895024,1.7405302463978527,-4.692776415942609
1780625764169986600,2.372986572265625,3.968482775211334,2.0304589489012956,-4.989865803855658
1780625764180016600,2.3830166015625,2.100956964972615,1.1530617818653583,-4.920896312525868
1780625764190046500,2.39304638671875,1.0143424624830484,-0.2962368627369404,-4.270982789996266
1780625764200075500,2.403075439453125,-0.3482141566030681,-0.6629910307675599,-2.870787491258979
1780625764210105600,2.413105712890625,-1.6646867776453493,0.07047171258628368,-1.6240988927997648
1780625764220134400,2.423134521484375,-2.74939164712131,1.2025824763596058,-0.7184782324507832
1780625764230164500,2.43316455078125,-2.9578479350745677,2.1276520796746015,0.17974208851382134
1780625764240194600,2.443194580078125,-2.4240315657526255,2.622036602318287,0.9720056881435215
1780625764250223600,2.4532236328125,-1.5914118442066012,2.5694308012902733,1.249282706605643
1780625764260253700,2.463253662109375,-0.6057938102960586,2.752552741500735,0.9387927159801125
1780625764270283800,2.47328369140625,0.05803878586217761,2.5080665242671967,0.46285336608737704
1780625764280312600,2.4833125,-0.12276121420674026,1.370311032605171,0.279933670450747
1780625764290342700,2.4933427734375,-0.7955617643922567,0.3700099549561739,0.4031108450472355
1780625764300371700,2.503371826171875,-1.483791281312704,-0.3451835567355156,0.6309381884247064
1780625764310401800,2.51340185546875,-1.226323417431116,-1.4646967047423123,0.7085609418094158
1780625764320431600,2.523431640625,-1.0197896219730376,-2.1449048277705907,0.6960521733701228
1780625764330460700,2.533460693359375,-1.153826921018958,-2.465793316683173,0.8371998889431357
1780625764340490500,2.543490478515625,-1.4736387206107378,-2.8623879117041824,1.1454673812136054
1780625764350519600,2.55351953125,-2.5454911227762698,-3.7561604594796894,1.7961156477585434
1780625764360549400,2.56354931640625,-2.9163761070013043,-3.293312646350264,2.484026015727222
1780625764370579500,2.573579345703125,-0.8368493950050324,-1.8767688548803327,2.2062530304417014
1780625764380608500,2.5836083984375,1.5498948618173598,-0.32820553392767904,1.2581491730198264
1780625764390638600,2.593638671875,3.6651661833465097,0.10171616115570067,-0.08520750942528248
1780625764400668400,2.60366845703125,3.1285926242709157,0.4027566247820854,-0.8322118713974952
1780625764410697500,2.613697509765625,0.7693230151556432,0.798515353500843,-0.784442112223804
1780625764420727600,2.6237275390625,-1.086583084437996,0.38619302799403665,-0.5899529748246073
1780625764430757600,2.633757568359375,-0.7294669517159461,-0.6095481943935156,-0.5829416347578168
1780625764440786400,2.643786376953125,0.7718995876453817,-1.4095768750667572,-0.622048487265408
1780625764450816500,2.65381640625,1.8734942171238362,-1.5735954708784818,-0.5906280976071954
1780625764460845600,2.663845458984375,1.9201764733217654,-1.3764280541807412,-0.43838264943659305
1780625764470875400,2.67387548828125,1.5233129982315003,-1.5026865359187125,-0.4484589300319552
1780625764480905500,2.683905517578125,0.9865350026249885,-1.4911445666849612,-0.48096331553459165
1780625764490934300,2.693934326171875,0.22771920682787894,-1.2983926283419132,-0.47039632881283755
1780625764500964400,2.70396435546875,-0.5953377366028726,-0.8237702062666415,-0.25597791758477684
1780625764510994400,2.713994384765625,-1.085348574206978,-0.06447510251998902,0.081554832136631
1780625764521023500,2.7240234375,-1.1538789434671402,0.3877151229947805,0.284741655254364
1780625764531053600,2.734053466796875,-1.0840778236187993,0.5935702885389328,0.449171754476428
1780625764541082400,2.744082275390625,-1.2555329991720616,-0.11273147616684435,1.442429343354702
1780625764551112400,2.754112548828125,-1.0441244372844696,-2.6185008294075724,4.513252500224113
1780625764561142500,2.764142578125,-0.41427155987843867,-2.600467744588852,5.698149682289362
1780625764571171600,2.774171630859375,1.2747570473410188,-1.8920330595076083,4.471596547755599
1780625764581201700,2.78420166015625,2.1513665711306036,-2.729581615757942,3.0273119319230317
1780625764591231500,2.7942314453125,1.8199847452543674,-3.2219156356126066,1.600747681698203
1780625764601260500,2.804260498046875,0.8279366782963276,-2.8961048878669735,0.6334621539443731
1780625764611290400,2.814290283203125,0.7126772910870611,-2.2455822935283183,0.11956219896972178
1780625764621319400,2.8243193359375,1.0840051967740059,-1.3688409600526095,-0.3509714924871921
1780625764631349500,2.834349609375,1.2358546313643455,-0.6557517271637916,-0.9891127441585064
1780625764641379300,2.84437939453125,1.217567279523611,-0.514665094128251,-1.6455857713341713
1780625764651408400,2.854408447265625,0.9907027898289262,-0.24454525394439697,-1.6934867556720972
1780625764661438500,2.8644384765625,0.20758476581573485,0.36221126390397546,-0.757623371142149
1780625764671468500,2.874468505859375,-0.4491349295973778,0.6810831522971391,0.46947453779280185
1780625764681497600,2.88449755859375,0.014883096355199812,0.2475491119354963,0.9880553440600633
1780625764691527400,2.89452734375,1.395899062848091,-0.2839092960834503,0.8219383146643638
1780625764701556500,2.904556396484375,2.206775885272026,-0.7010854913622141,0.5873410387605429
1780625764711586600,2.914586669921875,2.283677923166752,-0.9565110357612371,0.35597616890668865
1780625764721616400,2.924616455078125,2.086277866756916,-0.9650000471651553,0.08354571369290352
1780625764731645700,2.934645751953125,1.5997522409200668,-0.7895937958985567,-0.07771452332139014
1780625764741675300,2.94467529296875,1.073388014234975,-0.4461082752525806,-0.07540332376956939
1780625764751705300,2.954705322265625,0.7602221554636954,-0.2898708348363638,-0.06466682569980621
1780625764761734400,2.964734375,0.2702946852941066,0.1923293290168047,0.025561726757884023
1780625764771764500,2.974764404296875,0.12273209771011025,0.6536643994957209,0.2774316245019436
1780625764781793300,2.984793212890625,0.15124270086884498,0.911570070272684,0.7006687272548675
1780625764791823400,2.9948232421875,0.13546994393123313,0.8496768009394406,1.0428221225142478
1780625764801853400,3.004853515625,0.010175347922509535,0.7435954303115606,1.28083008364439
1780625764811882500,3.014882568359375,-0.2736217108249664,0.5990244622915983,1.3328344116479158
1780625764821912600,3.02491259765625,-0.5307388615727424,0.38074703754782674,1.331032330662012
1780625764831942700,3.034942626953125,-0.7480231836259364,0.14599252525568007,1.280226272532344
1780625764841971500,3.044971435546875,-0.954735842782259,-0.04997837513387203,1.1904846268087625
1780625764852001500,3.05500146484375,-0.8281400919139384,-0.26728549354076386,1.0661690958321093
1780625764862031400,3.06503125,-0.43538697475194926,-0.7087298686355352,0.8284136481583118
1780625764872060400,3.075060302734375,-0.09642273092269897,-1.1923626956403255,0.5657856250345706
1780625764882090500,3.085090576171875,-0.1159410858631134,-1.158607141032815,0.5457452920466661
1780625764892119300,3.095119384765625,-0.04286766634583473,-0.6296984174966812,0.732154583364725
1780625764902149400,3.1051494140625,0.0186567696750164,-0.07817278848290443,0.9599433482974767
1780625764912179500,3.115179443359375,-0.046316345494985575,0.21708733817636966,0.9903957697063683
1780625764922208500,3.12520849609375,-0.2832639839172363,0.27175533243119715,0.8392652970403432
1780625764932238600,3.135238525390625,-0.04687397937774658,0.42912732983529567,0.5942009876579046
1780625764942268400,3.145268310546875,0.4257037851274013,0.39538755731880665,0.1037456211566925
1780625764952297500,3.15529736328125,0.6112175889104604,0.3184697373330593,-0.39740824949145315
1780625764962327600,3.16532763671875,0.44138884551525115,0.25550387033224103,-0.79721537681818
1780625764972356600,3.175356689453125,0.21013795742988586,0.07827683337926865,-1.0864438220977783
1780625764982386700,3.18538671875,-0.2689654094517231,-0.07270107907354831,-1.3242208970814942
1780625764992416300,3.195416259765625,-0.8052975609868764,-0.15356500633656978,-1.3390262520253657
1780625765002445600,3.205445556640625,-1.0716092410594225,-0.023932664251327514,-1.0527093102782965
1780625765012475400,3.215475341796875,-1.0747370176911353,0.13429974937438965,-0.5283779776602984
1780625765022505500,3.22550537109375,-0.7764414688587188,-0.051642508953809736,-0.06806932761967181
1780625765032534300,3.2355341796875,-0.4961784203231334,-0.32805764988958835,0.20395546940267084
1780625765042564400,3.245564453125,-0.5348007041841745,-0.2123755072236061,0.4903302788168192
1780625765052593400,3.255593505859375,-0.590673398053646,-0.0823696556508541,0.6544061577737331
1780625765062623500,3.26562353515625,-0.521440871873498,-0.12520225068330765,0.5819271970182657
1780625765072653600,3.275653564453125,-0.4569342051714658,-0.23939152444303036,0.37465924206674095
1780625765082682400,3.285682373046875,-0.4535036462008953,-0.35526772837638854,0.11526245594918727
1780625765092712400,3.29571240234375,-0.4724386482954025,-0.25972937907278537,-0.03641863633692265
1780625765102742500,3.305742431640625,-0.4353606712669134,-0.032571313259005544,-0.040835868257284164
1780625765112771600,3.315771484375,-0.41121231843829154,0.24802666631937026,0.041781040152907366
1780625765122801700,3.3258017578125,-0.41564124079644676,0.42315877681970593,0.10561199955046176
1780625765132831500,3.33583154296875,-0.4532780207514763,0.473597755202651,-0.013311901515722273
1780625765142860300,3.3458603515625,-0.5981892170438543,0.46844519474506374,-0.20043197145164013
1780625765152890400,3.355890380859375,-0.7998153301835059,0.46378363267481326,-0.33913550874292847
1780625765162919400,3.36591943359375,-0.44437282976210113,-1.1554343562155962,-0.9319722223103046
1780625765172949500,3.375949462890625,-0.6399801575362682,-0.07887479927241801,-0.6202876150727271
1780625765182979600,3.3859794921875,-1.1765022786855697,1.2707213620841502,-0.3303811244010925
1780625765193008400,3.39600830078125,-0.5748188263177871,0.4001917427301407,-0.5620756646007299
1780625765203038500,3.40603857421875,-0.9122726655840874,0.4399789787173271,-0.6834902134388685
1780625765213068500,3.416068603515625,-0.9752613289386033,0.24939094040989873,-0.8947481148093939
1780625765223097600,3.42609765625,-1.174471138184145,-0.39575288349986076,-1.0889923375368118
1780625765233127400,3.43612744140625,-1.4582657949119806,-0.7983937729477882,-1.0274830990850925
1780625765243156500,3.446156494140625,-1.3683973079383371,-0.6250438696891069,-0.6851087545514106
1780625765253186600,3.4561865234375,-1.1323761367112397,-0.12059972532391547,-0.20785949110388754
1780625765263216400,3.46621630859375,-0.4710129628738388,-0.4201882365763187,0.04028349507153034
1780625765273245700,3.47624560546875,0.4429880243401974,-0.6286158829569817,0.3218324917644262
1780625765283275300,3.486275146484375,0.5964461362361908,-0.2050865192592144,0.8793459630161523
1780625765293305300,3.496305419921875,0.4629314362922683,0.16272387982606887,1.2168477330774068
1780625765303334400,3.50633447265625,0.492727439619042,0.30831074689030646,1.0835738196194171
1780625765313364500,3.516364501953125,0.3654004518667236,0.381615637075901,0.5532809482485056
1780625765323394600,3.52639453125,-0.13241579879131168,0.5479810882747173,-0.06746727007329463
1780625765333423400,3.53642333984375,-0.9233785814881325,0.611352613466978,-0.5998030454486608
1780625765343453400,3.546453369140625,-1.0531523778706788,0.46783904554545874,-0.83651102989614
1780625765353482500,3.556482421875,-0.9834107331246137,0.5113438407510519,-0.8047305747538804
1780625765363512300,3.56651220703125,-0.8930214371472597,0.46812487674951553,-0.6805079827576875
1780625765373542400,3.57654248046875,-0.8390718202948569,0.355632470035553,-0.5347235472947359
1780625765383571200,3.5865712890625,-1.108128415161371,0.3925158012747764,-0.5575701698750257
1780625765393601300,3.596601318359375,-1.1928905189067125,0.26197803478240966,-0.8302198207974434
1780625765403631000,3.606631103515625,-1.3138187455326318,-0.07620294971466064,-1.1665636529952288
1780625765413660200,3.61666015625,-1.31055828243196,-0.5677724149376153,-1.4964076017796992
1780625765423690200,3.626690185546875,-1.1956529693573712,-1.0127923104315995,-1.704883763477206
1780625765433720000,3.636719970703125,-1.3385703249514103,-0.9604898762643337,-1.592362715190649
1780625765443749000,3.6467490234375,-1.432874748545885,-0.2863613654106855,-1.1940624852955342
1780625765453779200,3.656779296875,-1.4670967516213655,0.4137503124833107,-0.7074088491648435
1780625765463808300,3.666808349609375,-1.6901538118571042,1.053715272450447,-0.28205928430259225
1780625765473838300,3.67683837890625,-1.4459925887942313,1.0296686264306307,-0.17694062122702597
1780625765483868200,3.6868681640625,-1.5016361500829458,0.6060469082742929,-0.3126438076585531
1780625765493897200,3.696897216796875,-1.4954595072746275,0.12449965537190437,-0.46928690626621244
1780625765503927300,3.70692724609375,-0.758395524558425,-0.26995617405474187,-0.6290922682970762
1780625765513957400,3.716957275390625,1.229678573077917,-0.8810995286852121,-1.0907365508556366
1780625765523986400,3.726986328125,-0.06600478717214428,0.12107435709834098,-1.04421679174304
1780625765534016300,3.737016357421875,-2.3040841668576,0.09402794474065303,-0.6469248621076346
1780625765544046000,3.747046142578125,-1.5422025537490844,0.10079904631078243,-0.9852706817775965
1780625765554075100,3.7570751953125,-0.9031126230508089,0.46360769158601756,-1.1203437536120413
1780625765564105200,3.767105224609375,-1.2088041273534298,0.7118371870011091,-0.714271136149764
1780625765574134000,3.777134033203125,-0.3659650634795427,-0.3847182792663574,-0.9020289194673299
1780625765584164000,3.7871640625,-1.342380823150277,-0.12514496753811835,0.37415479967594145
1780625765594194200,3.797194091796875,-2.381170329147577,0.4323047908276319,1.6843553547114132
1780625765604223200,3.80722314453125,-0.5898971529841422,-0.39543081193864343,1.5979349623650312
1780625765614253300,3.81725341796875,0.7766893061399459,-0.21053484779298304,1.1846885077506304
1780625765624283400,3.827283447265625,0.530405684095621,0.17064473595321178,0.3370049264550209
1780625765634312200,3.837312255859375,-0.5238858904054388,0.05119418066442012,-0.3773731772005558
1780625765644342300,3.84734228515625,-0.15818327725436537,-0.7684510546267033,-0.9567653027832508
1780625765654371300,3.857371337890625,0.10467618000507355,-1.304495036870241,-0.8625508955597877
1780625765664401400,3.8674013671875,0.2130500089516863,-1.7528583975732326,-0.33384207850992675
1780625765674431200,3.87743115234375,0.34312837777137756,-2.0030881268948315,0.38303076457083224
1780625765684460300,3.887460205078125,0.6138952106218785,-1.946969349309802,1.0994891816318035
1780625765694490000,3.897489990234375,1.0490203926324844,-1.591262060472369,1.6445669496804476
1780625765704520200,3.907520263671875,1.5645792207300662,-1.2139011582314967,1.718200341168046
1780625765714549200,3.91754931640625,1.9050877713918686,-0.21037878044843672,1.7126251713842153
1780625765724579300,3.927579345703125,2.1634265728890893,1.2381389429092406,1.576553151640296
1780625765734609200,3.937609130859375,2.1408523375093935,1.9449241072177885,0.902687091115117
1780625765744638200,3.94763818359375,2.015217540627718,1.6442390329003334,0.2767623469382524
1780625765754668300,3.957668212890625,1.8532992780961095,0.9597089550197124,-0.12172142283022402
1780625765764697300,3.967697265625,1.7752946857869625,0.470065489423275,-0.39282442883253094
1780625765774727200,3.97772705078125,1.806251987978071,0.13796762423217296,-0.4173609041959047
1780625765784757200,3.98775732421875,1.7950750526644288,-0.2249631861180067,-0.1705997277677059
1780625765794786300,3.997786376953125,1.6358289319515227,-0.5998094751894474,0.18098492818176745
1780625765804816100,4.007816162109375,1.4925414278708398,-0.780898448267579,0.48721127001345155
1780625765814846200,4.01784619140625,1.2081062082171439,-0.8163432711362838,0.688250559708476
1780625765824875000,4.027875,1.0157200344465673,-0.7168237432420254,0.7801865006059407
1780625765834905000,4.037905029296875,1.1405027445435523,-0.6043149699151515,0.8315291498303413
1780625765844935200,4.04793505859375,1.2190261000297964,-0.5878694465488195,0.8390893559515475
1780625765854964200,4.057964111328125,1.2439128501355647,-0.4838286418378353,1.143401388594508
1780625765864994300,4.067994384765625,1.0257098058022558,-0.22899930976629257,1.3312714001148938
1780625765875023000,4.078023193359375,0.5903016421318054,-0.2175824282169342,1.1040578047215939
1780625765885053200,4.08805322265625,0.2574083887793124,-0.1684001718968153,0.7309376087903976
1780625765895083300,4.098083251953125,0.1911912648975849,-0.1625087757706642,0.39201252792775626
1780625765905112300,4.1081123046875,0.3127801473893225,-0.12439561047554015,0.1793804155945778
1780625765915142400,4.118142333984375,0.44377486386895176,-0.12957973511517046,0.08800152405798435
1780625765925172200,4.128172119140625,0.38993557552322744,-0.1727045910924673,0.12500117515325546
1780625765935201300,4.138201171875,0.2477987027823925,-0.21510054827332495,0.31209727969169615
1780625765945231000,4.148231201171875,0.22274726363420486,-0.2574929983228445,0.5222609560847282
1780625765955261200,4.15826123046875,0.3179261319756508,-0.15965747799277305,0.7019879931598901
1780625765965290200,4.168290283203125,0.30530148207172747,-0.1546001946032047,0.7703875756472349
1780625765975320300,4.1783203125,0.13407514683827756,-0.3996007910996675,0.7323048054903746
1780625765985349000,4.18834912109375,-0.09132343502230941,-0.8312930029869079,0.44588966406583785
1780625765995379200,4.198379150390625,-0.25118666472025214,-1.1980980244219301,0.059141340276598925
1780625766005409300,4.2084091796875,-0.39311537460312246,-1.4739192911177872,-0.14884733016490936
1780625766015438300,4.218438232421875,-0.5602958685118705,-1.508806480103731,-0.029519524472951888
1780625766025468200,4.22846826171875,-0.7125450430095195,-1.3372604113966227,0.2339946338355541
1780625766035498200,4.238498291015625,-0.8995313304979353,-1.071731406134367,0.46866322140991684
1780625766045527300,4.24852734375,-1.0185388181943447,-0.9175947373896837,0.4775280803889036
1780625766055557400,4.258557373046875,-0.8190671431422233,-0.9041653469741344,0.15777414846420287
1780625766065587200,4.268587158203125,-0.5727706616163254,-0.8714543329834937,-0.34267128165364263
1780625766075616000,4.278615966796875,-0.6475755080360919,-0.8659013750314712,-0.7709551464021206
1780625766085646000,4.28864599609375,-0.8839270071960985,-0.9090274000525475,-0.9499702358156442
1780625766095676200,4.29867626953125,-0.9393898050904274,-1.0809960780858994,-0.8778022407054901
1780625766105705200,4.308705322265625,-0.9598238135710359,-1.3433704187095163,-0.5876894138067961
1780625766115735300,4.3187353515625,-0.7997368581198155,-1.6889467741549014,-0.20712416256666183
1780625766125764000,4.32876416015625,-0.6001426526665687,-2.032969470417499,0.12109949153959751
1780625766135794200,4.338794189453125,-0.3056817135609686,-2.273034948599338,0.3241109580904245
1780625766145824300,4.34882421875,0.09774024326205254,-2.2374784820497036,0.37330782745778557
1780625766155853300,4.358853271484375,0.39719767548069357,-1.9516069459825753,0.2853670936763286
1780625766165883400,4.36888330078125,0.4800291034244001,-1.403060625040531,0.04366378515958786
1780625766175913200,4.378913330078125,0.3539924477435648,-0.7359744339138269,-0.2715437355071306
1780625766185942300,4.3889423828125,0.11200842258930206,0.06088613811731338,-0.5721440541505813
1780625766195972000,4.39897216796875,-0.10278013712540268,0.7920213153064251,-0.7875579061567783
1780625766206002200,4.409002197265625,-0.37107042379453775,1.099564584955573,-0.8910469222038984
1780625766216031200,4.41903125,-0.41917584466338154,1.1229285094082355,-0.7261854458272456
1780625766226061000,4.42906103515625,-0.2423778467774391,0.9303963512957095,-0.41227497923374173
1780625766236090000,4.439090087890625,-0.16998028069511054,0.653074616909027,-0.0714075321316719
1780625766246120200,4.4491201171875,-0.18870251682177186,0.40155601682066916,0.2559796711504459
1780625766256150300,4.459150390625,-0.2566331666231155,0.06629179655313491,0.5050274972110986
1780625766266179300,4.469179443359375,-0.35483050600290295,-0.25972178028821946,0.7072223866820335
1780625766276209200,4.479209228515625,-0.41806437629014254,-0.6829729115664959,0.7732499793410301
1780625766286239200,4.4892392578125,-0.33277737188786266,-1.1121434960216283,0.6685521720260381
1780625766296268300,4.499268310546875,-0.27675489428415895,-1.304002869439125,0.33157705618739125
1780625766306298400,4.50929833984375,-0.25862054104804993,-1.3949468766897917,-0.12954057214856146
1780625766316328200,4.519328125,-0.14605097744464873,-1.295644206416607,-0.5142471609771251
1780625766326357200,4.529357177734375,0.11317001371458173,-0.9829927999734878,-0.7060989356100559
1780625766336387000,4.539386962890625,0.37117373803853987,-0.5593669901639223,-0.7328975106865168
1780625766346417200,4.549417236328125,0.6473351964741945,-0.23444003951549527,-0.5115297187119722
1780625766356446200,4.5594462890625,0.9907678178891539,0.08975625877082348,-0.032848961156606675
1780625766366476800,4.569476806640625,1.1726993792712688,0.33915362892150874,0.46747313484251496
1780625766376505900,4.579505859375,1.2089242466017602,0.6161059454739093,0.8206792545139789
1780625766386536000,4.589535888671875,0.7443567700728774,1.0421662889540195,0.9961930578082799
1780625766396566000,4.59956591796875,0.047912967036664485,1.2704226713985205,1.043894135659933
1780625766406594800,4.6095947265625,-0.297151347233355,1.1189900009155274,0.8590718212723731
1780625766416625000,4.619625,-0.31019203059226275,0.5808727195292711,0.47288639206290245
1780625766426654700,4.62965478515625,-0.4949778123617172,-0.2501426355600357,-0.03377893548309803
1780625766436683800,4.639683837890625,-0.5287397967100144,-0.8744324720114469,-0.3743360014617443
1780625766446713900,4.6497138671875,-0.5668062002539634,-1.1693471462339162,-0.47395548259913917
1780625766456744000,4.659743896484375,-0.6759741387203335,-1.2749667445689439,-0.29532150145769115
1780625766466772700,4.669772705078125,-0.4414952284991741,-1.276195409581065,0.3257897049576044
1780625766476802800,4.679802734375,-0.13263649233728647,-1.2066706224560737,0.7863233959257602
1780625766486831900,4.689831787109375,0.07238251464366913,-1.0692997950732708,0.9327367769420146
1780625766496862000,4.699862060546875,0.2497849081635475,-0.7276186935007571,0.695714319717884
1780625766506891800,4.709891845703125,0.4260492375642061,-0.16189736587405204,0.1273953768134117
1780625766516920800,4.7199208984375,0.5538070179492235,0.32695465708374977,-0.6105687696129083
1780625766526951000,4.729950927734375,0.8216960303410887,0.6651952628135681,-1.1667501154780386
1780625766536981000,4.73998095703125,1.0128162758290766,0.8947270720213651,-1.31783207282722
1780625766547010000,4.750010009765625,1.1808908690333366,0.8279398931667208,-1.2246312265604733
1780625766557039600,4.76003955078125,1.077201361978054,0.517663983683288,-0.8657295255959033
1780625766567069700,4.770069580078125,0.7670482020914554,0.24585896689146755,-0.26413024438023563
1780625766577098800,4.7800986328125,0.5163207523807883,-0.11150485698133707,0.32022739465534683
1780625766587128800,4.79012890625,0.452752535572648,-0.472756628203392,0.6919903307586908
1780625766597159000,4.800158935546875,0.5495125356256961,-0.45760728212743995,0.8402963936537504
1780625766607187700,4.810187744140625,0.5723071357578039,-0.09904752646833657,0.7819283758372068
1780625766617217800,4.8202177734375,0.49308454596102236,0.4041553856641054,0.5742822352230549
1780625766627246800,4.830246826171875,0.445003528881073,0.7341945647597312,0.3547615324199199
1780625766637277000,4.84027685546875,0.4105021243423223,0.8202034536957741,0.18375439289510248
1780625766647307000,4.85030712890625,0.5498828302428126,0.8600415430873632,0.0828320124655962
1780625766657335800,4.860335693359375,0.624756577180326,0.9194742675259708,0.031032267123460768
1780625766667366000,4.870365966796875,0.38084173009395594,0.8630012696757912,0.022525135540962218
1780625766677395700,4.880395751953125,-0.15164631323367356,0.6799065097332,0.06692717184722423
1780625766687425000,4.890425048828125,-0.5130222953572869,0.5039557763263582,0.043539281997084615
1780625766697454800,4.900454833984375,-0.40840778241157527,0.4126397208929062,-0.10861936467289925
1780625766707485000,4.91048486328125,-0.263474995341897,0.3483031500607729,-0.19692308654785154
1780625766717513700,4.920513671875,-0.10459434694051742,0.22790829965919254,-0.16713526652753352
1780625766727543800,4.930543701171875,-0.002229366487264633,0.11910744093954563,-0.07915186264812946
1780625766737572900,4.94057275390625,-0.13022680084705351,0.03695873456299305,0.051534956926107406
1780625766747603000,4.95060302734375,-0.17970365619957446,-0.06710135937035083,0.20091829366385935
1780625766757632800,4.9606328125,-0.16255027682483195,-0.0720759329125285,0.28152093964219094
1780625766767661800,4.970661865234375,-0.12632219462394714,0.047263270956277845,0.2657452783614397
1780625766777692000,4.98069189453125,-0.05712970819324255,0.2021782305970788,0.16547522436082363
1780625766787722000,4.990721923828125,-0.10206512072384356,0.2540992642313242,-0.10137772298157215
1780625766797751000,5.0007509765625,-0.17104571796953677,0.22275661598443983,-0.3990080859035253
1780625766807780900,5.01078076171875,-0.2139437794536352,0.09182663530409335,-0.618680179876089
1780625766817810700,5.020810791015625,-0.17047727043181657,0.04362228410542011,-0.6569365530341863
1780625766827839700,5.03083984375,-0.04419628460109234,-0.009956161347031593,-0.5623281780570745
1780625766837869800,5.040869873046875,-0.026651275560259816,-0.15620762979984282,-0.5157072966575622
1780625766847900000,5.05089990234375,-0.07250672554522752,-0.24954291610121726,-0.5324374821841716
1780625766857928700,5.0609287109375,-0.11247983949333429,-0.26596038241684433,-0.5402759207248687
1780625766867958800,5.070958740234375,-0.13383446995019913,-0.2408703648239374,-0.5595686502158641
1780625766877987800,5.08098779296875,-0.21478052253872154,-0.16628011100292206,-0.5943436109989881
1780625766888018000,5.091017822265625,-0.2535948218405247,-0.052750177934765816,-0.6250000305473804
1780625766898048000,5.101048095703125,-0.20107085387706755,0.11500585083961486,-0.6132464643895625
1780625766908076800,5.111076904296875,-0.1933212626636028,0.26233576217889787,-0.5075087926328182
1780625766918107000,5.12110693359375,-0.3294149097174406,0.23559271668195722,-0.4184802636146545
1780625766928136700,5.13113671875,-0.42636400260180235,0.042805122503638264,-0.3401104912549257
1780625766938166000,5.141166015625,-0.48919952122122046,-0.17619652486145496,-0.19250234749615192
1780625766948195800,5.15119580078125,-0.54142976693511,-0.2773912924915552,0.09067162005007266
1780625766958226000,5.161225830078125,-0.5305506455242633,-0.1744464663237333,0.3116244014829397
1780625766968254700,5.171254638671875,-0.5533224493026733,-0.09938742594718933,0.37852351627945896
1780625766978284800,5.181284912109375,-0.5447691404908895,-0.24779928730428216,0.22467267873883245
1780625766988315000,5.19131494140625,-0.51994508035779,-0.4156996929854154,0.04866729253530502
1780625766998344000,5.201343994140625,-0.4127522413566708,-0.6249047534793615,0.0006371288597583771
1780625767008373800,5.211373779296875,-0.28251696494221684,-0.8318249179065227,0.0408475586950779
1780625767018402800,5.22140283203125,-0.33255379226505755,-0.9280126710295676,0.12888240050077437
1780625767028433000,5.231432861328125,-0.29796032552868124,-0.996694577589631,0.22377543763816354
1780625767038463000,5.241462890625,-0.0076554831892251965,-1.0205874943524598,0.20759411816596984
1780625767048492000,5.251491943359375,0.2509451841145754,-0.6624912645518779,0.06983283016085624
1780625767058521900,5.26152197265625,0.48136780468225476,-0.22965455880463123,-0.10839841539859771
1780625767068551700,5.2715517578125,0.6049219958975911,-0.08351941020786761,-0.5644827257424593
1780625767078580700,5.281580810546875,0.5058440742909908,-0.05437281070053577,-1.082977022770047
1780625767088610800,5.29161083984375,0.0017336919248104093,0.0793891785353422,-1.2932833225041627
1780625767098641000,5.301640869140625,-0.4320499392837286,0.4817155952066183,-0.943664998191595
1780625767108669700,5.311669677734375,-0.5224947648406029,0.7511170579880475,-0.25504092899560926
1780625767118699800,5.32169970703125,-0.4006593602418899,0.6669780545771121,0.33144670780599117
1780625767128729900,5.331729736328125,-0.6673506872817874,0.29045184959471226,0.6068284140408039
1780625767138759000,5.341759033203125,-0.9312041605472564,-0.10619535239636897,0.4663292255043983
1780625767148789000,5.3517890625,-0.9166618404537439,-0.39411856029629705,0.5354407556533813
1780625767158817800,5.36181787109375,-0.5108621947139501,-0.8576175308108329,0.7653045732945203
1780625767168848000,5.371847900390625,-0.29795827970206734,-1.1286685143649577,0.43870530551970005
1780625767178878000,5.3818779296875,-0.04535977542251348,-0.7728758853316307,0.1561655442237854
1780625767188907000,5.391906982421875,0.3339151437461376,-0.28962825825214383,-0.056979778328537935
1780625767198936800,5.401936767578125,0.619129677209258,-0.04605915586352348,-0.20448563075661658
1780625767208966700,5.411966552734375,0.7760667903274298,-0.048505964493751524,-0.3466284948468208
1780625767218995700,5.42199560546875,0.598223082780838,-0.11466098292469977,-0.46189738053679463
1780625767229025800,5.43202587890625,0.21391922953426837,0.25947686561644073,-0.3234229758262634
1780625767239056000,5.442055908203125,0.38870238046646116,0.6367454133987427,0.2855652465969324
1780625767249085000,5.4520849609375,0.37288054195642467,0.6293880363732576,0.3043833443135023
1780625767259114800,5.46211474609375,-0.05846095679700374,0.6538672285914421,0.4665010749399662
1780625767269144800,5.472144775390625,-0.38951194328367705,0.7287152565658092,0.700555914530158
1780625767279174000,5.482173828125,-0.4570277286738157,0.8354168049186468,1.1136498089313507
1780625767289204000,5.492203857421875,-0.4443716607183218,0.700554160964489,1.6127596065312624
1780625767299233800,5.50223388671875,-0.06806465144455433,0.6142237849891186,2.111315277379751
1780625767309262800,5.512262939453125,0.2069026287704706,0.41212124997675414,2.6035586963415143
1780625767319292700,5.522292724609375,0.4635819726228714,0.1713105063855648,2.9598885009914633
1780625767329322000,5.532322021484375,0.3211123607963323,0.0045984337061643595,2.9314994418531652
1780625767339351800,5.542351806640625,-0.022713351589441298,-0.02027589530944824,2.4784745190799233
1780625767349382000,5.5523818359375,0.32980361677408215,0.19812310998737812,1.6921932087302207
1780625767359410700,5.56241064453125,0.8749977046787738,0.03136778268814087,0.8638555484175682
1780625767369440000,5.57243994140625,1.2355752299010754,-0.510828876966238,0.1250736558675766
1780625767379470000,5.582469970703125,1.4554238494843244,-0.9014292000085115,-0.3610609248250723
1780625767389499100,5.5924990234375,1.441767080053687,-1.033631100320816,-0.4873842884927988
1780625767399529000,5.602529052734375,1.3040601525843143,-1.2266612710833549,-0.10182371318340301
1780625767409559000,5.61255908203125,1.304993049520254,-1.2117606390714644,0.4369587541133165
1780625767419588000,5.622588134765625,1.299008129891753,-1.348850311425328,1.3327899879842995
1780625767429618200,5.6326181640625,1.1040028596639633,-2.033575619617104,1.7065671865195036
1780625767439648300,5.642648193359375,-0.002243395012617111,-3.5381641897648572,4.130492953810095
1780625767449677000,5.652677001953125,-0.4853536594480276,-9.938794032645225,16.513468190789222
1780625767459707100,5.66270703125,-1.8260750249534845,-12.622511722850799,32.24696907668113
1780625767469736200,5.672736083984375,-6.4964896792232985,-4.080541466683149,7.208892683413624
1780625767479766000,5.68276611328125,-5.979398819252848,2.4406939467400313,-10.93300146959424
1780625767489796000,5.692796142578125,-18.239750716125965,8.217833579114078,-17.38853253096342
1780625767499825000,5.702824951171875,12.385431982481478,16.10921518996954,-21.03023717470169
1780625767509855000,5.71285498046875,25.052708729732036,13.68838037443161,-14.4069459929049
1780625767519885000,5.722885009765625,5.836838022011518,2.0883260314583776,-0.47415714265108105
1780625767529914000,5.7329140625,1.3137719837814568,0.29012451733648775,2.5204934596419335
1780625767539944200,5.742944091796875,-1.1401783348947763,-3.494439614328742,1.1317834315150976
1780625767549974300,5.752974365234375,-3.759624336197972,-5.871984738716483,1.9417162510871886
1780625767560003000,5.763003173828125,-5.270042927673459,-4.803891981345415,2.1335510745853186
1780625767570033200,5.773033203125,-3.9213621275961397,-1.7699971639007328,1.1652806274473666
1780625767580063200,5.783063232421875,-1.3891039958804845,-0.057929041877388954,0.15740356158614158
1780625767590092300,5.79309228515625,1.4602964239567517,-0.7023918977856636,-0.8617232125639915
1780625767600122000,5.8031220703125,2.575011231771111,-1.716762417319417,-1.809492138943076
1780625767610152000,5.81315185546875,2.37894505431354,-1.7415309478729963,-1.999610806173086
1780625767620181000,5.823180908203125,0.6066068802446126,-1.1846195341676473,-1.339285195222497
1780625767630211000,5.833211181640625,-0.025037995144724844,-0.7852963909655809,-1.7121897025763988
1780625767640240000,5.843240234375,-0.7330050627142191,-0.554594953456521,-1.4092045346230269
1780625767650270000,5.85327001953125,-0.4556161083102226,0.2182926223129034,-0.9156050248771905
1780625767660300000,5.863300048828125,0.21512626723647116,0.6809066266864537,-0.23708996950238942
1780625767670329000,5.8733291015625,1.0121440756559372,0.9616244332522154,0.08693447934836149
1780625767680359200,5.883359130859375,1.2076467740118504,1.3609335479289293,0.2826765394181013
1780625767690389200,5.89338916015625,1.0640209778875112,0.48083647428452964,0.6492755168870091
1780625767700418000,5.90341796875,0.5547112733125686,-0.23932255086004733,1.0203513475090265
1780625767710448000,5.9134482421875,-0.5386293225616217,-0.7908347358703612,1.0192626754894851
1780625767720478000,5.92347802734375,-1.0153051700353621,-1.533586701095104,0.5844757124572992
1780625767730507000,5.933507080078125,-0.6124181968718767,-1.642311279708147,-0.04722761512100696
1780625767740537000,5.943537109375,0.1611667135119438,-1.4447282679468392,-0.5095484817668795
1780625767750567200,5.953567138671875,0.3586111935853958,-1.064297456741333,-0.981724095211923
1780625767760596000,5.963595947265625,0.6321376273423432,-0.3537093930184841,-1.4383406127363443
1780625767770626000,5.9736259765625,1.4578443546295166,0.03295768222808838,-1.515935016809404
1780625767780656000,5.98365625,0.6415028370589018,0.23552140501141547,-1.111198324126005
1780625767790685200,5.993685302734375,0.2520031687349081,-0.5096551570117474,-0.5372869680419564
1780625767800715300,6.00371533203125,0.14564765734076499,0.20716566362082958,0.20476415543705223
1780625767810744000,6.013744140625,0.3757312552124262,1.8255010244578123,0.7391355282932519
1780625767820774100,6.023774169921875,0.37019349482953545,1.7915256896197795,1.063536409240961
1780625767830804200,6.03380419921875,-0.09805822317004204,0.5157955594629049,1.097847259643674
1780625767840833300,6.043833251953125,-0.8188789270937442,-0.7290946112722158,1.165684824334085
1780625767850863000,6.053863037109375,-0.03426584221720695,-1.000924177983403,0.9990677364617585
1780625767860893000,6.063892822265625,0.4033271181464195,-0.5028408008217812,0.9339026058509945
1780625767870922000,6.073921875,0.7938485307335853,0.013799977293610571,0.8079302475780248
1780625767880952000,6.0839521484375,1.1665306275084615,0.8591945708692074,0.39740620366483925
1780625767890982100,6.093982177734375,2.1267995544984934,0.9481909511834382,0.3264066678121686
1780625767901011000,6.104010986328125,1.982247583439946,1.2890478768914937,0.23006401638835666
1780625767911041000,6.114041015625,0.41003830622285603,1.3066419857710598,-0.7872001787602901
1780625767921071000,6.124071044921875,-0.45471389877349133,0.5987678571820259,-1.5152598940268158
1780625767931100200,6.13410009765625,-2.1499176874965427,0.12429390366673469,-1.708904981817305
1780625767941130200,6.144130126953125,-3.4046906620815394,-0.22436112857162951,-2.4217519303828476
1780625767951160300,6.154160400390625,-2.444993397499621,-0.9614519992947578,-2.9318200521096585
1780625767961189000,6.164189208984375,-1.3724874998614192,-1.4478946230232714,-3.0610052349492904
1780625767971219000,6.174218994140625,0.2413105098068714,-1.1632616888403893,-3.4480089948043227
1780625767981249000,6.1842490234375,1.0645309732362627,-0.4663847550839185,-3.9416085045501585
1780625767991278000,6.194278076171875,2.785698347516358,-0.06150631584227085,-4.418156049469113
1780625768001308200,6.20430810546875,3.9380788691192863,-0.29870529867708684,-4.349863726748526
1780625768011337000,6.2143369140625,1.4187126599416136,-0.4576806396245956,-3.7049504967242477
1780625768021367000,6.224366943359375,-0.11731938847899437,-0.14129180021882057,0.4264367755770683
1780625768031397000,6.234397216796875,-0.3493652263343334,2.0772166084229946,3.1241116794645785
1780625768041426200,6.24442626953125,-1.433568576028943,2.361643790900707,1.8961083461225032
1780625768051456300,6.254456298828125,-2.6968057198375464,0.8426888417482375,0.1866378393769264
1780625768061486000,6.264486083984375,-3.0385499497741457,0.5608253722786903,0.5468377634584903
1780625768071515100,6.27451513671875,-2.74493466771245,0.23132921401858328,1.2779513133376836
1780625768081545200,6.284545166015625,-2.314718958118558,-0.558412465918064,1.8313363064825534
1780625768091575000,6.294574951171875,-2.0846017502382397,-1.517540406179428,2.2630846324712035
1780625768101604000,6.30460400390625,-2.0318334521248937,-2.901901006925106,2.684099967521429
1780625768111634000,6.314634033203125,-2.352466212710738,-3.8842917493522164,3.1428005978435274
1780625768121664000,6.3246640625,-2.5478715881720184,-4.011971203804016,2.850989734855294
1780625768131693000,6.334693115234375,-2.151750455881655,-3.856633927097916,2.503720604017377
1780625768141723100,6.34472314453125,-1.4501792268291116,-3.2923727351516483,2.1581933484107254
1780625768151753200,6.354753173828125,-1.1309364592969418,-2.561206578302383,1.6783645898640154
1780625768161782000,6.364781982421875,-1.0603969421714543,-1.6892565707564353,1.3586509899497032
1780625768171812000,6.37481201171875,-1.1141481138423084,-0.6084282504528761,1.0108598810642957
1780625768181842200,6.38484228515625,-0.9326467605710029,0.03283668619692325,0.6162058987170458
1780625768191871200,6.394871337890625,-0.7511950916603207,0.0731242729216814,0.08800620023310184
1780625768201901300,6.4049013671875,-0.4042196830719709,-0.14076982217133044,-0.36274317882359025
1780625768211930000,6.41493017578125,0.060659343624114986,-0.29448972680866714,-0.6967541841596364
1780625768221960200,6.424960205078125,0.537222378373146,-0.2993897738099098,-0.764736418017745
1780625768231990000,6.434989990234375,0.9883008432537317,-0.030721886000037193,-0.6492249557435512
1780625768242019000,6.44501904296875,1.382357444229722,0.21577508653402327,-0.6789496473997831
1780625768252049200,6.455049072265625,1.7718822469949722,0.3470528577387333,-0.7701438300192356
1780625768262079000,6.465078857421875,1.882078067204356,0.5638502730578184,-1.034193994900584
1780625768272108000,6.47510791015625,1.7231828057557343,0.66340136513412,-1.3003449314534663
1780625768282138000,6.48513818359375,1.2739677966594696,0.6099211193591356,-1.510339681020379
1780625768292168200,6.495168212890625,0.7461550516664981,0.3494616724461317,-1.5233189895808696
1780625768302197000,6.505197021484375,0.6985147640913725,-0.10472352627813815,-1.1336124005079269
1780625768312227000,6.51522705078125,1.1877759523719549,-0.20495324826836583,-0.6267980198800563
1780625768322257200,6.525257080078125,1.6375906809270382,0.2881868272721767,-0.2631108382046223
1780625768332286200,6.5352861328125,1.8907962111890315,1.0656687450945377,0.002319382858276367
1780625768342316000,6.54531591796875,2.1104992848217488,1.671582382377982,0.14243687860071658
1780625768352346000,6.55534619140625,2.1211223856449126,1.6843594463646412,0.14874620787799359
1780625768362375000,6.565375,1.9339894562274216,1.277560852715373,0.18064356739819049
1780625768372406000,6.575406005859375,1.5308838718771933,0.7560743881344795,0.2643471020013094
1780625768382436000,6.58543603515625,0.8077870397150516,0.20471359429359434,0.37079496785402294
1780625768392465000,6.59546484375,0.32022447204589843,-0.1659030943840742,0.4812906477928161
1780625768402495000,6.605494873046875,0.10958324126899242,-0.19528116455972194,0.6586416033864021
1780625768412524000,6.61552392578125,-0.08190963692367076,-0.04480068023502826,0.8317126897037028
1780625768422554000,6.62555419921875,-0.03512976557016372,0.13955109403133392,0.8770645740807056
1780625768432584000,6.635583984375,0.18240999254882334,0.2290110002040863,0.8163274890452623
1780625768442613000,6.645613037109375,0.3805962309002876,0.14839315665662287,0.6047931088209152
1780625768452642800,6.655642822265625,0.47034839801788325,0.07599018374681472,0.2702268076896667
1780625768462673000,6.6656728515625,0.5105979908198118,0.20387246729433536,-0.14278525364696978
1780625768472702000,6.675701904296875,0.5805220063954591,0.8511866209805011,-0.29642507878541946
1780625768482732000,6.68573193359375,0.876183699592948,1.8465356291800736,0.08202186512649058
1780625768492762000,6.69576220703125,1.03427641248703,2.456469023498893,0.6889923179864883
1780625768502791000,6.705791015625,0.7974731509715318,2.3290017504930494,1.1511579940706491
1780625768512821000,6.715821044921875,0.6761439423292875,1.8923644834190605,1.623084601190686
1780625768522851000,6.72585107421875,0.6455541582763195,1.6250380733460188,2.1291379343181847
1780625768532880100,6.735880126953125,0.13600246163904667,1.2530667551890016,2.6084505600363013
1780625768542910000,6.745909912109375,-1.1980208675324917,0.4600964685946703,2.951612840077281
1780625768552939800,6.755939697265625,-2.367412437430024,-0.516757682493329,2.871788192734122
1780625768562969000,6.765968994140625,-2.1745266435742376,-1.3334966749489308,2.1902876918077467
1780625768572999000,6.7759990234375,-1.3925655345112085,-1.6895388948291539,0.9767068515717983
1780625768583029000,6.786029052734375,-0.8485381522983312,-1.316593178682029,-0.267016613471508
1780625768593057800,6.796057861328125,-1.1064438230752944,-0.9213459066167473,-1.2937889339387416
1780625768603088000,6.806087890625,-1.7316145340144633,-0.7510185660496353,-2.2494909914046524
1780625768613118000,6.816117919921875,-1.9858008920073509,-1.0823492462605238,-3.076097882401943
1780625768623147000,6.82614697265625,-2.009493317762017,-1.5830723242759703,-3.5141157901793716
1780625768633177000,6.836177001953125,-1.8350714013576506,-1.9479077992036937,-3.1576158896595237
1780625768643207200,6.846207275390625,-1.6495166810423134,-2.1757167301416396,-2.3021032221734523
1780625768653236000,6.856236083984375,-1.643652172923088,-2.0897642475679516,-1.4088520679235457
1780625768663266000,6.86626611328125,-1.4340660041570663,-1.6636735089495778,-0.6705944915086031
1780625768673296000,6.8762958984375,-1.241898003181815,-1.2050684479564429,-0.16070727930665016
1780625768683325000,6.886324951171875,-1.221096038171649,-0.9944909300655126,0.09014788843691349
1780625768693355000,6.89635498046875,-1.4305740703880787,-1.093682541179657,0.08245382680296898
1780625768703384800,6.906384765625,-1.559281114321947,-1.3026435637846587,-0.08825812916755675
1780625768713414000,6.916413818359375,-1.8261609496712683,-1.6952490891695022,-0.2806353889793157
1780625768723444000,6.92644384765625,-1.744841679856181,-2.1430571540772916,-0.7086579724431038
1780625768733474000,6.93647412109375,-1.3254904786258934,-2.1701114574804903,-1.2082809802621601
1780625768743502800,6.9465029296875,-0.8264794652253389,-1.659273520424962,-1.7272066544443367
1780625768753533000,6.956532958984375,-0.2816395975857973,-0.7663543746083974,-2.149536579224467
1780625768763563000,6.96656298828125,0.21299510042667388,0.20214082119613885,-2.3359207361012695
1780625768773592000,6.976592041015625,0.6613678134799004,0.8530006846651434,-2.4025480482190846
1780625768783622100,6.9866220703125,0.9661275898903607,1.1606821937412022,-2.1826438990563153
1780625768793652000,6.99665185546875,1.0240899495154618,1.2947370284438133,-1.589035616594553
1780625768803681000,7.006680908203125,0.778078714671731,1.2235232653185724,-0.5941793603479862
1780625768813710800,7.0167109375,0.26936346885859963,0.9619000353232026,0.5760486603736877
1780625768823741000,7.026740966796875,-0.08370178103744984,0.5975523439124226,1.4872072272360324
1780625768833770000,7.03677001953125,-0.2010036338597536,0.05925970595926046,1.9877730688631534
1780625768843800000,7.046800048828125,-0.06281272226572036,-0.5153562912628055,1.9625304910570383
1780625768853830000,7.056829833984375,0.18299860609173774,-0.6322048473596572,1.6042483832955359
1780625768863859000,7.06685888671875,0.4134399313598871,-0.12521101851165295,0.9899141236692667
1780625768873889000,7.076888916015625,0.4863736501455307,0.6456172866404056,0.5994885726720094
1780625768883919000,7.086919189453125,0.5800643257558346,1.2928881857067345,0.5407534751087427
1780625768893948200,7.0969482421875,0.6854945389986038,1.633294152776897,0.6993979766666889
1780625768903978000,7.10697802734375,0.7722346648186444,1.739752540023625,1.047594743743539
1780625768914007800,7.1170078125,0.8547071963220835,1.7126669646993278,1.5059481680631637
1780625768924036900,7.127036865234375,0.866177853885293,1.275339669534564,1.7324907323271035
1780625768934067000,7.13706689453125,0.9574556231349706,0.44543139890432354,1.5828706642240284
1780625768944096000,7.147095947265625,1.1534323687434196,-0.5920765428498387,0.9958435137182473
1780625768954125800,7.157125732421875,1.249203357759118,-1.4823130254536867,0.1724526621580124
1780625768964156000,7.167156005859375,1.2817355080515145,-1.695549533420801,-0.5653285289168357
1780625768974186000,7.17718603515625,1.402697052425146,-1.30598907482028,-1.0404635766893624
1780625768984215000,7.187215087890625,1.4339438390821218,-0.4950120068922639,-1.0109031356841325
1780625768994245000,7.1972451171875,1.3357120129108428,0.2719596228316426,-0.4148118042349815
1780625769004275200,7.207275146484375,1.4490964000284672,0.5962222643524407,0.45257893257141113
1780625769014304000,7.217303955078125,1.3963701874911785,0.4442240689411759,1.0339987645894289
1780625769024334000,7.227333984375,1.2658593090057373,0.32776948059797284,1.2677876467198133
1780625769034364000,7.237364013671875,1.4607850842565298,0.49602410654425616,1.2472662522166966
1780625769044393000,7.24739306640625,2.0037030439227816,0.7340829210788011,0.994952702358365
1780625769054422800,7.2574228515625,2.3764456387132404,0.63038143132478,0.6101005675792693
1780625769064452900,7.267452880859375,2.378865559336543,0.17651859642267226,0.2407353402674198
1780625769074482000,7.27748193359375,2.247123677751422,-0.22123627454936504,-0.04647358188331127
1780625769084512000,7.287511962890625,2.156056920903921,-0.26578093419671056,-0.07706044332683086
1780625769094542000,7.2975419921875,2.017950764983892,-0.11220774455368518,0.26113223160803317
1780625769104571000,7.30757080078125,1.548342956200242,-0.016820201897621154,0.6335615226656198
1780625769114601000,7.31760107421875,1.376833127850294,0.09331307446956634,0.8047878578990697
1780625769124631000,7.327631103515625,1.7518197021752595,0.47104427132755516,0.9467617951631545
1780625769134660000,7.33766015625,2.2159669074654578,0.9512205281376838,1.215042144960165
1780625769144690000,7.34768994140625,2.315434997433424,1.494393923869729,1.5496885255903006
1780625769154719000,7.357718994140625,1.93572723980546,2.1599279171183703,1.9063930087715386
1780625769164748800,7.367748779296875,1.5067489630520343,2.5245704998224974,2.35701320849061
1780625769174779000,7.37777880859375,1.360585172882676,2.4119141347184776,2.7117887694358824
1780625769184808000,7.387807861328125,1.8689368460804223,2.231056340047717,3.133711282458901
1780625769194838000,7.397838134765625,2.4739988349705935,1.9742419716387987,3.6004391518920658
1780625769204868000,7.4078681640625,2.6322347557276484,1.6707178745031357,3.803485689756274
1780625769214897000,7.41789697265625,2.846873531708121,1.4040852919131517,3.558362343662977
1780625769224927000,7.427927001953125,2.713869082841277,0.8881319115400313,2.6909622545063496
1780625769234957000,7.43795703125,1.9408301159024237,0.15009703796505927,1.461976339867711
1780625769244986000,7.447986083984375,1.2105389883220194,-0.37141397653520103,0.21041326723992823
1780625769255016200,7.45801611328125,0.5972147825211286,-0.6737712218485772,-0.8384872984051704
1780625769265045800,7.468045654296875,-0.40731531099975105,-0.9516276476338505,-1.656765336996317
1780625769275075800,7.478075927734375,-1.2556143938452005,-1.1037037305869162,-2.0502876849651335
1780625769285105000,7.48810498046875,-1.5186223561972378,-0.8852515337981283,-1.994030960214138
1780625769295135000,7.498135009765625,-1.711319934004545,-0.48779038507565853,-1.648195077049732
1780625769305165000,7.5081650390625,-1.7077666254371404,-0.14372005027905105,-1.0011989032715558
1780625769315193900,7.51819384765625,-1.181671205756068,0.16629326274543998,-0.1463093361198902
1780625769325224000,7.528223876953125,-0.1664700806170702,0.43211715930104255,0.6070943715006113
1780625769335254000,7.53825390625,0.739967302942276,0.40883141465112566,1.258869596248865
1780625769345283000,7.548282958984375,1.1401742432415485,0.06626081689298152,1.6319021138966083
1780625769355313200,7.558313232421875,1.142478428530693,-0.6526860559828579,1.3190432021826506
1780625769365343000,7.568343017578125,0.46863808696866033,-1.316960842950642,0.5350894579976797
1780625769375372300,7.578372314453125,0.29228257215321063,-0.4398026723023504,0.384295669940114
1780625769385402000,7.588402099609375,-0.1873001026779413,-0.18837562295496463,0.08362462414801121
1780625769395432200,7.59843212890625,-0.6836509569585323,0.19381883692219853,-0.050959787386655804
1780625769405461200,7.608461181640625,-0.8922329171180725,0.5822979300267994,0.009074117815494536
1780625769415491300,7.6184912109375,-0.8340098607301711,0.9805151578135788,0.13289572779536246
1780625769425521400,7.628521484375,-0.8718196591645478,1.0009129259370266,0.26735914329886434
1780625769435550200,7.63855029296875,-0.8058949423581361,0.8029245482452213,0.3559317452430725
1780625769445580300,7.648580322265625,-1.0535440075367688,0.7123034893386065,0.4363379918664694
1780625769455610400,7.6586103515625,-1.6305799253821371,0.40532179909497495,0.5611807615876198
1780625769465639400,7.668639404296875,-1.9125345802664755,0.16798958180192858,0.2713002821400761
1780625769475669200,7.678669189453125,-1.8533418020635841,-0.03227452226951718,-0.21085399674475191
1780625769485699000,7.688698974609375,-1.4099229120254515,-0.42423641598857936,-0.22317659496217965
1780625769495728000,7.69872802734375,-0.8523965812921523,0.5075112037856131,0.020494798757135866
1780625769505758200,7.70875830078125,-1.6232891838520764,-0.31121962007433174,0.22001783867031335
1780625769515788300,7.718788330078125,-2.5892075149059295,-0.99975513420403,-0.2434276480913162
1780625769525817000,7.728817138671875,-3.346550315541029,-1.0158372310854493,-0.45771804902553553
1780625769535847200,7.73884716796875,-3.865754222142696,-1.3227816580586134,-0.981478011496365
1780625769545877200,7.748877197265625,-4.024148548331857,-1.1940268294602632,-1.465051801790297
1780625769555906300,7.75890625,-3.8892935031622646,-1.1352908551141618,-1.346129654289782
1780625769565936400,7.768936279296875,-3.7489702557146547,-0.9380093105174601,-2.138406113401055
1780625769575966500,7.778966552734375,-3.113480395334959,-0.41864714461416,-2.9487670952573417
1780625769585995300,7.788995361328125,-2.4458967760801316,0.3191061355404556,-3.401976142425835
1780625769596025300,7.799025390625,-1.7192121485590934,0.7684528081923723,-4.005939814685285
1780625769606055200,7.80905517578125,-1.502394859495759,0.990275358197093,-3.9012189187556503
1780625769616084200,7.819084228515625,-1.9265958388447761,0.3645863224722445,-3.6770509746685622
1780625769626114300,7.8291142578125,-2.32995159856379,-0.7864461455225944,-3.3240321942627427
1780625769636144000,7.83914404296875,-3.018675621002912,-1.7299059765309095,-2.7411358599513767
1780625769646173200,7.849173095703125,-3.295952931725979,-1.9383971896670757,-2.3292393586412072
1780625769656203300,7.859203369140625,-3.1023838317811485,-2.0452773094572128,-2.645537597154081
1780625769666233300,7.8692333984375,-3.1220377957999705,-2.0146321419551967,-3.3992297663271427
1780625769676262400,7.879262451171875,-3.0460791762351986,-1.5391832059279082,-3.913369959798455
1780625769686292200,7.889292236328125,-2.7549510348141193,-0.9159078072160481,-3.8302889410078524
1780625769696322300,7.899322265625,-1.2699603145837783,-0.32513869370296594,-2.4399960276037453
1780625769706351400,7.909351318359375,1.2840730110883711,2.1092855251178144,1.5562199731856583
1780625769716381200,7.919381103515625,5.852416699415445,7.152604979002476,10.534274538719654
1780625769726411300,7.929411376953125,7.390016727805137,6.002397417524457,13.208501931524276
1780625769736440000,7.939440185546875,3.3874259312868116,1.0974085759654642,4.594016474243999
1780625769746470100,7.94947021484375,3.6209587928295135,-1.4120428267888725,-4.144209344473481
1780625769756500200,7.959500244140625,-0.33354689495563505,-5.324803276386857,-9.260355841898917
1780625769766529300,7.969529296875,-2.4044752168893813,-3.5672833167433735,-5.012489723595976
1780625769776559400,7.979559326171875,-1.4070529095470905,0.5556622904270887,0.6083014092028141
1780625769786589200,7.989589111328125,-1.449676245743036,2.38469938005656,0.06998685167878865
1780625769796618200,7.9996181640625,0.31077158404588695,2.4545284108251333,-0.24007453827112912
1780625769806648300,8.0096484375,2.869258966517448,2.567055888852477,1.1142650182202458
1780625769816678400,8.019678466796876,3.8347605334639545,2.8137323096066713,1.2767808082535863
1780625769826707500,8.02970751953125,2.5292244631081817,1.7248289655275642,0.5112807123869657
1780625769836737300,8.0397373046875,2.4369699577808377,-0.15533479248806834,1.9093550734475253
1780625769846767000,8.04976708984375,2.0089649099737406,-2.6042081001609563,2.3710762206345795
1780625769856796200,8.059796142578126,0.5751888286739587,-2.8201602968275545,1.3295128660097717
1780625769866826200,8.069826171875,0.38529578689336774,-1.1747639105856418,1.4765446711853145
1780625769876856300,8.079856201171875,0.8944985239624976,0.017976093934476373,1.6886612352117896
1780625769886885000,8.089885009765625,0.8887187715172767,0.5855681838691235,0.6182859198614955
1780625769896915200,8.099915283203124,0.19194354456961155,0.9344697382144629,-0.20737638376206158
1780625769906945300,8.1099453125,-0.23443185620903967,1.7133581618338822,0.31122838790267704
1780625769916974300,8.119974365234375,-0.24536416911184786,2.230088371798396,0.9707534961253405
1780625769927004400,8.13000439453125,-0.006154430976510048,1.8221496682032943,1.3210738312274217
1780625769937034500,8.140034423828125,0.17542144883573055,1.048588430956006,1.268066171400249
1780625769947063300,8.150063232421875,0.09069909257888793,0.7977224495574832,0.7861983082413673
1780625769957093000,8.160093017578125,-0.06677694972157477,0.9313033831380307,0.3719359545826912
1780625769967123200,8.170123291015624,-0.4299854079693556,0.9794025203965604,0.008950491435825825
1780625769977152300,8.18015234375,-0.7918336837798357,0.9193082633092999,-0.311515680411458
1780625769987182300,8.190182373046875,-0.7780792991936206,0.7385058520875871,-0.7682377041369676
1780625769997212200,8.200212158203126,-1.0498831469416618,0.639859161505103,-0.9130243607342242
1780625770007241200,8.2102412109375,-0.9927987391948699,0.8591397719420493,-0.9272206438690423
1780625770017271300,8.220271240234375,-1.0983096164584158,1.2021573828153311,-0.9490051901757717
1780625770027301400,8.23030126953125,-1.2453320692837238,1.2989455860495567,-0.8812994351714849
1780625770037330200,8.240330078125,-1.3498118499338627,1.3892938193641602,-0.538798249387741
1780625770047360300,8.2503603515625,-1.5964292339771986,1.15117494520545,-0.1933481506705284
1780625770057390300,8.260390380859375,-1.5728887839138508,0.8934687425233423,0.13135785070359707
1780625770067419400,8.27041943359375,-1.6073668075770138,0.3562435876712203,0.521295325922966
1780625770077449200,8.28044921875,-1.4306933128535746,-0.13175415654480457,0.922154008129239
1780625770087479300,8.290479248046875,-0.9134510617136955,-0.4642671784080565,1.6729098315894604
1780625770097508000,8.300508056640625,-0.5014133983671665,-0.7397524911478162,1.8143828335940837
1780625770107538200,8.3105380859375,-0.4611375020802021,-0.7570837113074957,1.0047978045463561
1780625770117568300,8.320568359375,-0.3890051628053188,-0.13039514315128325,0.13517244055569172
1780625770127598300,8.330598388671875,-0.5046358675450087,0.9005351737782359,-0.4033230264931917
1780625770137627400,8.34062744140625,-0.828439367121458,1.6297759155228733,-0.780954562368989
1780625770147657200,8.3506572265625,-1.1289736347913741,1.698517881707102,-1.0716092410594225
1780625770157687300,8.360687255859375,-1.3395067290186882,1.4470062958814203,-1.3226298284977673
1780625770167716400,8.37071630859375,-1.4316057515233753,0.9714300802126526,-1.3647452151715755
1780625770177746200,8.38074609375,-1.221257950735092,0.39256782372295856,-1.0842793375402688
1780625770187776300,8.3907763671875,-0.8769581910967826,0.09964680753573775,-0.8428472471803427
1780625770197805000,8.40080517578125,-0.4990303026229143,0.2383252103857696,-0.5343365938037633
1780625770207835100,8.410835205078126,-0.06822539496421813,0.5305367631293832,0.06521919888556003
1780625770217865200,8.420865234375,0.1350374159991741,0.8486984574265778,0.059928691262006756
1780625770227894300,8.430894287109375,0.20837036323547362,1.0504732217893005,-0.38019466436207294
1780625770237924400,8.44092431640625,0.09999474419057369,0.9040629095129669,-0.5603332048475742
1780625770247954400,8.450954345703124,-0.12349661580920218,0.7795020254731178,-0.5148977338403463
1780625770257983200,8.460983154296875,-0.22784663259983062,0.4971272454805672,-0.020135610055923462
1780625770268013300,8.471013427734375,-0.5119990897893906,0.08839213081076741,-0.09613631519675254
1780625770278043400,8.48104345703125,-0.65103638907969,-0.14548296829834578,-0.41659050434529776
1780625770288072400,8.491072509765624,0.009247136294841765,0.31078064413517714,-0.692885233771801
1780625770298102300,8.501102294921875,0.4498427856057882,1.0021111958108841,-0.9786310976326466
1780625770308132000,8.511132080078125,0.7647814262032508,1.4312445169955492,-1.2378607104897499
1780625770318161200,8.5211611328125,1.1070458806216716,1.677099830625206,-1.1642477772682904
1780625770328191200,8.531191162109375,1.3341834881693124,2.2881026077412066,-0.8581184660702943
1780625770338221300,8.54122119140625,0.9411550611972809,1.6496205798082053,-0.12556290068924425
1780625770348250000,8.55125,1.1781512149363755,-1.1777252446092665,0.09597732524275779
1780625770358280200,8.5612802734375,0.9288812705576419,-0.0609179945603013,0.3735638480454683
1780625770368310300,8.571310302734375,0.8612725461870432,-0.8529413556933403,0.6302081205844878
1780625770378338800,8.5813388671875,0.5971814647734165,-1.175556960659474,0.6092606096237898
1780625770388369000,8.591368896484376,0.6167044958889484,-1.308677437121421,0.39014439596831796
1780625770398399000,8.60139892578125,0.9404004434376955,-1.105861785403639,0.22561142089366912
1780625770408428000,8.611427978515625,1.2676438543349504,-0.8093051891930401,-0.020975568011403083
1780625770418458000,8.6214580078125,1.35462831030488,-0.5261345826476812,0.06987550025880336
1780625770428487700,8.63148779296875,1.3152531622499226,-0.2777195015326142,0.11682020678520202
1780625770438516700,8.641516845703125,1.215469430461526,-0.1426893920570612,-0.48151568872034545
1780625770448546800,8.651546875,1.2988637529850005,-0.07126432426869869,-0.9101566963434219
1780625770458577000,8.661576904296876,1.2435644750893116,-0.41758448381870983,-0.8813087875217199
1780625770468606000,8.67160595703125,1.171546702104807,-0.846198018912971,-0.630828882831335
1780625770478635800,8.6816357421875,1.4290654193907975,-1.2815721341833473,-0.22329554516673086
1780625770488665900,8.691665771484375,1.291419866719842,-1.6257590810969471,0.1840150896579027
1780625770498696000,8.701696044921874,1.451232243013382,-1.8788167273208498,0.5190630368262529
1780625770508725000,8.71172509765625,1.4747458050698041,-1.235331484273076,1.138230123436451
1780625770518755000,8.721755126953125,1.0150187543094158,0.18234452609717844,0.8456897771298885
1780625770528785000,8.731784912109376,0.9238169729053973,-3.7807892893016337,0.4777928688049316
1780625770538814000,8.74181396484375,1.064105149039626,-1.467015503078699,0.5173112247228622
1780625770548843800,8.75184375,1.3493126682400702,-0.723752957983315,1.0382026460200549
1780625770558873900,8.761873779296875,1.6460311770141123,-0.8504749655798077,1.121736084753275
1780625770568903000,8.77190283203125,1.9343033444821833,-1.108691894263029,1.3183750936627388
1780625770578933000,8.78193310546875,2.0121049615651367,-1.9826687314614653,1.4490858786344527
1780625770588962800,8.791962890625,2.1304460943073034,-2.23526548217535,1.8791040198296307
1780625770598992000,8.801991943359376,1.9860089818000792,-2.7268077671304343,2.0589432851076124
1780625770609022000,8.81202197265625,1.8502765692740677,-2.3251275394082067,1.962812230607867
1780625770619052000,8.822052001953125,1.7633768689781426,-3.162340872354805,1.92041510438323
1780625770629080800,8.832080810546875,1.5059779786795378,-3.1051722934558987,1.4946113660126923
1780625770639111000,8.84211083984375,0.7212789690852165,-1.1494731097236275,0.6949877590090036
1780625770649140700,8.852140625,0.3461065167993307,-0.5648831232368946,0.05188859266936779
1780625770659169800,8.862169677734375,-0.19431611891984937,0.205685946457088,-0.5664975726962089
1780625770669200000,8.872199951171876,-0.7604530416101217,0.980683646248281,-1.2434183446168898
1780625770679230000,8.88222998046875,-1.3035662315875292,1.7602873785302042,-1.7842554063558578
1780625770689258800,8.8922587890625,-1.803514818099141,2.3860543017968534,-2.073992970201373
1780625770699288800,8.902288818359375,-1.9401842192143202,2.802272757959366,-2.2845815940082073
1780625770709319000,8.91231884765625,-2.04880241484344,2.963953266212344,-2.613979552590847
1780625770719348000,8.922347900390625,-2.1940777317404745,2.817936483298242,-2.6327070494145155
1780625770729378000,8.9323779296875,-2.337683654120564,2.5053823997497555,-2.3398563219845294
1780625770739408000,8.942407958984376,-2.6232471471518277,1.9957816032737492,-1.9457915377020836
1780625770749437000,8.95243701171875,-2.7687206169694663,1.5195087836429475,-1.3689040884166954
1780625770759467000,8.962467041015625,-2.5052432835400102,1.530569399100542,-1.0589572647571563
1780625770769496800,8.972496826171875,-2.3803841472059486,1.944488930670917,-1.3173416589617728
1780625770779527000,8.98252685546875,-2.196822646534443,2.2247192459806797,-1.2631523881345987
1780625770789555700,8.9925556640625,-1.8399989208877086,2.287352812287211,-0.9969938527971506
1780625770799585800,9.002585693359375,-1.3618208521574735,2.2500468717217443,-0.6561924566686153
1780625770809616000,9.012615966796876,-0.8226946859896183,2.2649384436443447,-0.1292570790320635
1780625770819645000,9.02264501953125,-0.6387754579216242,2.2303856011793015,0.043296120890974996
1780625770829675000,9.032675048828125,-0.543833905467391,1.999726249246299,0.1383101540595293
1780625770839705000,9.042705078125,-0.4406839121162891,1.8074170862346886,0.4544394657462835
1780625770849734000,9.05273388671875,-0.530023406779766,1.6868559393554925,0.664898910215497
1780625770859764000,9.062763916015625,-0.9804244107902049,1.4185875722572208,0.31461656903624535
1780625770869793800,9.072793701171875,-1.3125363045066594,0.9400260571673512,0.10595686746537684
1780625770879822800,9.08282275390625,-1.4196160385221241,0.5624734317466616,-0.010694412493705749
1780625770889853000,9.09285302734375,-1.4103010976880788,0.08015314864516258,-0.10697978077232836
1780625770899882800,9.1028828125,-1.2371996162325143,-0.283846459980309,-0.28953356570601463
1780625770909911800,9.112911865234375,-1.0487737243950366,-0.5402706600278616,-0.423923331451416
1780625770919942000,9.12294189453125,-0.9517290621817112,-0.5793807274058461,-0.3543962062388658
1780625770929972000,9.132971923828125,-0.8458990359663963,-0.29770342815816403,0.17741174587011335
1780625770940000800,9.143000732421875,-0.7980652716457843,0.3274368876427412,0.3420581181913614
1780625770950030800,9.15303076171875,-0.7803244477719068,1.1282590567812323,0.19177812487483023
1780625770960061000,9.16306103515625,-0.670995473524928,1.9051289801850915,0.058518824464082714
1780625770970090000,9.173090087890625,-0.7998907335072756,2.405805588710308,-0.6335159299582243
1780625770980120000,9.1831201171875,-1.048597783306241,2.3872192539229986,-1.0165426028758286
1780625770990150000,9.19314990234375,-1.041826097214222,1.7415253949150442,-0.6062614278078079
1780625771000180000,9.203179931640625,-1.2551444382458925,0.5370736175522208,-0.5348047958374023
1780625771010208800,9.213208740234375,-1.4404606736302374,-0.0697536274448037,-0.3189128049254417
1780625771020238800,9.22323876953125,-1.1612041717886925,-0.1772472029581666,-0.11818155826628207
1780625771030269000,9.23326904296875,-0.8435726388454436,0.13770721973031758,-0.040616088026762004
1780625771040298000,9.243298095703125,-0.5996750351548195,0.9199062292024492,-0.13412030115425586
1780625771050327800,9.253327880859375,-0.36139585586786266,1.5883312677174806,-0.1621960565596819
1780625771060358000,9.26335791015625,-0.28754502223730083,1.6983721896260975,-0.3215320475131273
1780625771070387000,9.273386962890624,-0.5692226137459278,1.1702180838495493,-0.7772516161978245
1780625771080417000,9.2834169921875,-0.46177112380862234,1.3117542142182588,-0.2863052513092756
1780625771090446800,9.29344677734375,0.05376899958848953,0.7052174766004086,0.6420031877964735
1780625771100476000,9.303475830078124,0.31420214301645755,-0.24514146627187727,1.0310419606104493
1780625771110505700,9.313505615234375,0.4702478602528572,-1.2655442517071962,0.8230041903302073
1780625771120535800,9.323535888671875,-0.011540215668082237,-1.2535378798320889,0.04898205757290124
1780625771130564900,9.33356494140625,-0.17794950600862502,-0.25122253975123165,-0.13302140000164508
1780625771140595000,9.343594970703125,-0.11094050109684467,0.2846168598309159,-0.27919804965257644
1780625771150625000,9.353625,0.3056687079489231,1.1566364254817365,-0.059006023459136483
1780625771160653800,9.36365380859375,0.9400865551829337,1.8306544616982339,0.42459465484172104
1780625771170684000,9.373683837890624,1.0370710116416215,1.2960557098269463,0.3050117053449154
1780625771180714000,9.3837138671875,0.8284966502666473,0.4009209337875247,-0.21757892108559607
1780625771190743800,9.393743896484375,0.8594657890260219,-0.45326896066218614,-0.005440145227313041
1780625771200773000,9.403773193359376,1.2818886527866125,-1.0341840580284596,0.8645726106457412
1780625771210802700,9.413802734375,0.9353642028361558,-1.6225909724548457,0.9723685301065444
1780625771220832800,9.423832763671875,0.7365805831134319,-1.4140505133494734,0.6611728754296898
1780625771230861800,9.43386181640625,1.5703613112628458,-0.9489332939833403,0.5123123935222625
1780625771240892000,9.443891845703124,2.3148031292706728,-1.3494038536548614,0.40680604630336165
1780625771250922000,9.453921875,2.6526918528228998,-1.6983721896260975,0.4864958152204752
1780625771260950800,9.46395068359375,2.430466567236185,-1.9517334949716925,0.7893738695375621
1780625771270980900,9.47398095703125,2.131058673247695,-2.2046406268090006,0.9953007851436734
1780625771281011000,9.484010986328125,2.098842164775729,-2.390524140687287,1.1265532757766543
1780625771291040000,9.4940400390625,2.0123107132703066,-2.356746081987023,0.9331209539540112
1780625771301070000,9.504070068359376,1.956417561134696,-2.2054063504844903,0.1545648310288787
1780625771311100000,9.514099853515624,1.9630758499801158,-2.019134129549563,-0.41489772895276544
1780625771321129000,9.52412890625,2.136468423336744,-1.067415881022811,0.9085643125854432
1780625771331158800,9.53415869140625,3.4127959348648784,-0.13220219257324933,3.3421012271776793
1780625771341188900,9.54418896484375,4.166496579605341,-0.0707081516906619,4.074257564108073
1780625771351218000,9.554218017578124,4.7106063794046635,-1.0655196920126675,2.8510481870442628
1780625771361247700,9.564247802734375,4.846548050767183,-2.313159745977819,0.678716715426743
1780625771371277800,9.57427783203125,3.8829216300427913,-2.5792586600825187,-0.009571034486964345
1780625771381307400,9.584307373046874,2.2471973275095225,-1.8139999717563389,1.1922227757129817
1780625771391336400,9.59433642578125,1.0802613340705634,-0.7443494635492562,2.4292975234568117
1780625771401366300,9.6043662109375,-0.014212065225839614,-0.4059025215923786,1.8871113851964472
1780625771411396400,9.614396240234376,-0.8573276079535483,-0.7349462599098682,1.03252343133986
1780625771421425400,9.62442529296875,-1.3742162233501671,-0.9116846365630626,0.8589785900309681
1780625771431455500,9.63445556640625,-1.9326076464802027,-0.5754939491003751,0.4550940571974963
1780625771441485300,9.6444853515625,-1.540679874226451,0.7348118198752402,0.6598321283452212
1780625771451514400,9.654514404296876,-1.3671785797983407,2.0930273410171267,1.2528152646459638
1780625771461544200,9.664544189453125,-1.8148422677993774,2.533491472902894,1.0943814832292496
1780625771471574300,9.67457421875,-2.203155941209197,2.7682652744174003,0.9327011941719799
1780625771481603300,9.684603271484375,-2.5013433534920213,2.5904554691404105,0.8862756892140954
1780625771491633400,9.69463330078125,-2.957823385155201,1.5835229906529187,0.433123779060319
1780625771501663500,9.70466357421875,-2.961474308878183,0.8426929334014653,-0.15233893514033406
1780625771511693300,9.714693359375,-2.976295445913076,0.5323346063315868,-0.7169272036164999
1780625771521722400,9.724722412109376,-2.8062860852539537,1.035363623201847,-1.2787431943677365
1780625771531752400,9.73475244140625,-2.313901211994886,1.9528864643990993,-1.4488064771711826
1780625771541782300,9.7447822265625,-1.84046244674623,2.4660586896210908,-1.388530579906702
1780625771551811600,9.7548115234375,-1.3106558975875378,2.1718805129796266,-1.3180964228518306
1780625771561841200,9.764841064453124,-1.085924182137847,1.2442208931714296,-1.5823486861765383
1780625771571871200,9.774871337890625,-1.0765309153705835,0.15394494556486607,-1.8476913750864565
1780625771581900300,9.784900390625,-0.9319242915153503,-0.5393073679536581,-1.9190935003906486
1780625771591930400,9.794930419921876,-0.9540215570330619,-0.744898329603672,-1.4691890477254985
1780625771601960400,9.80496044921875,-0.9166852213293314,-0.5728957493007183,-0.8844115758426487
1780625771611989200,9.8149892578125,-0.4083844015359878,-0.3559410975933075,-0.40955903480593114
1780625771622019300,9.825019287109376,0.27417291496694085,0.030098785665631293,-0.5437998570673167
1780625771632049400,9.83504931640625,0.4327367525041103,0.607766279412806,-1.120033445553854
1780625771642078500,9.845078369140625,-0.4043652290225029,1.016674704822898,-1.3646898317225276
1780625771652108500,9.855108642578125,-1.3002782959580421,1.2403151179045437,-1.2777854552514851
1780625771662138400,9.865138427734376,-1.5046955376535653,1.256549628868699,-1.2920607949718832
1780625771672167400,9.87516748046875,-1.2045856328755618,1.150026067431271,-1.2507678305968641
1780625771682197200,9.885197265625,-0.8525310213267803,0.8781479854032397,-0.8686464359559118
1780625771692227300,9.895227294921876,-0.9027461278259754,0.379418711553514,-0.2376603167362511
1780625771702257400,9.90525732421875,-0.9281102861851454,0.00404722956418991,0.2654484143067151
1780625771712286200,9.9152861328125,-0.36252222954928875,-0.21552461890429256,0.9376018987603485
1780625771722316300,9.92531640625,0.6534551406592131,-0.16496172188073396,2.0385481473326683
1780625771732346400,9.935346435546874,1.3716583555608988,0.060436640784144395,3.219583977794647
1780625771742375400,9.94537548828125,1.618931573164463,-0.3386994554132223,3.5806226907879113
1780625771752405500,9.955405517578125,0.17594108879566192,-1.085599480228126,2.582671391135454
1780625771762435300,9.965435302734376,-1.390005913156271,-1.5842989434614776,-0.1479443169105798
1780625771772464400,9.97546435546875,-0.3419534887731075,-1.5601400692388414,-1.906619803264737
1780625771782494200,9.985494140625,1.6607383322805165,-0.9644155252754688,-1.355567783112079
1780625771792524300,9.995524169921875,2.057806390032172,0.27890578870773314,-0.10352120128367095
1780625771802553300,10.00555322265625,1.593631127691269,1.624983420549333,0.6320918154392391
1780625771812583400,10.01558349609375,1.3723241259932517,2.358594632463157,0.3568094048604369
1780625771822613200,10.02561328125,1.173713524749875,2.214129462905228,-0.4884565208341926
1780625771832642300,10.035642333984375,1.016498763734102,1.5243565159350634,-0.6412174442462623
1780625771842672400,10.04567236328125,1.112328789460659,0.8130261094123125,0.025684476354718207
1780625771852702500,10.055702392578125,1.1625497411787509,0.17189911992847917,0.48143926248326896
1780625771862732300,10.065732177734375,0.5430138212561607,-0.5116890009269118,0.23703082319367674
1780625771872761300,10.07576123046875,-0.7846773822844028,-0.999954456168413,-0.4626418787611648
1780625771882791200,10.085791259765625,-1.53902158562541,-1.084107488104701,-1.0411327081225812
1780625771892821200,10.0958212890625,-1.8266805896311997,-0.8981994243070482,-1.2895942587278784
1780625771902850300,10.105850341796875,-1.7124498148173093,-0.4810597616463899,-1.0397400847204028
1780625771912880400,10.11588037109375,-1.2911363736033439,-0.0006599252134561538,-0.497011071754992
1780625771922910500,10.125910400390625,-0.902948372399807,0.22959786018133163,-0.07373095184424891
1780625771932939300,10.135939208984375,-0.6306020883381367,0.3590212356910109,0.1319184437284246
1780625771942969300,10.14596923828125,-0.7043003617554903,0.24986674122810362,0.007369618877483298
1780625771952999400,10.15599951171875,-0.9391583344221115,0.03431289622932672,-0.27060486548813056
1780625771963028500,10.166028564453125,-1.091377186846733,0.20798224070072172,-0.2649042244274169
1780625771973058600,10.17605859375,-1.1368354542076586,0.35362726769298314,-0.10001533032087609
1780625771983088000,10.186088134765624,-1.0714344690144062,0.5499579413056374,-0.011771576738543808
1780625771993118200,10.1961181640625,-1.1178589510589838,0.7356085232108831,-0.050400765264406795
1780625772003147300,10.206147216796875,-1.3893588474243879,0.6585881196334957,-0.19665033402107654
1780625772013177300,10.21617724609375,-1.5821481951683758,0.346889191609621,0.03748721541650593
1780625772023207400,10.22620751953125,-1.4426765961140393,-0.1289765085250139,0.6468599071126431
1780625772033236200,10.236236328125,-0.9599620529979467,-0.5568491621240973,1.1232102489590645
1780625772043266300,10.246266357421876,-0.5308575195163489,-0.975000924436748,0.9230086521971971
1780625772053296400,10.25629638671875,-0.12712415865659712,-1.2863997004702687,0.353790787691623
1780625772063325400,10.266325439453125,0.26916648498177526,-1.0936427936911581,-0.09008439474664628
1780625772073355500,10.27635546875,0.8265700661182404,-0.9033461395457386,-0.08654109611660242
1780625772083385300,10.28638525390625,1.1695102278411387,-0.8463941260069608,0.5647621272057295
1780625772093414400,10.296414306640624,0.9286907164216041,-0.7309504682719707,1.1712228039126842
1780625772103444200,10.3064443359375,0.5904588785201311,-0.7997861040890216,1.0352556327827274
1780625772113474300,10.316474365234376,0.12043489015102386,-0.9949074019119143,0.5498856067217887
1780625772123504400,10.32650439453125,0.16983868026733398,-1.0354001558199524,-0.06176672034412622
1780625772133533200,10.336533203125,0.4103320284724235,-1.1257032348185776,-0.35843715219274164
1780625772143563300,10.346563232421875,0.546258502265811,-1.2113874218448997,-0.6731089585475624
1780625772153593300,10.35659326171875,1.2685609691798687,-1.0428834973126648,-0.8194942825131117
1780625772163622400,10.366622314453124,2.085724909049272,-0.9613143443897366,0.026411329324543476
1780625772173652500,10.376652587890625,2.609262460941076,-1.0429743904665112,0.7217799043446779
1780625772183682600,10.3866826171875,2.526718033245206,-1.6963631878912449,0.4266906042076647
1780625772193711400,10.39671142578125,2.721075653219223,-2.6736525155261157,0.06315130657032132
1780625772203741400,10.406741455078125,2.828366984158754,-3.4403047040373087,0.037662352787703274
1780625772213771300,10.416771240234375,2.649677473437786,-4.027149775974452,-0.22837343295291065
1780625772223800300,10.42680029296875,2.793445308381319,-4.265606942176818,-0.4055918482080102
1780625772233830400,10.436830322265624,3.1390608267933127,-4.061558533793687,0.1445616156697273
1780625772243860200,10.446860107421875,3.4296950472176073,-3.046472267206013,0.3927294440254569
1780625772253889300,10.45688916015625,3.2322552433192726,-1.6878177701249717,0.3732749481014907
1780625772263919400,10.46691943359375,2.5375194132447243,-0.7255538699254394,0.28981106747314334
1780625772273949400,10.476949462890625,1.7228753472417593,-0.08731587988138198,-0.05704758286774158
1780625772283979500,10.4869794921875,0.7011486197263002,0.5147258844047784,-0.4153288138464093
1780625772294008300,10.49700830078125,-0.2640156780898571,0.9635089318245649,-0.7470867795586585
1780625772304038400,10.507038330078124,-0.785829474928975,1.1259867279350757,-0.6703596598394215
1780625772314068200,10.517068115234375,-1.1006792681992053,1.256264382186532,-0.5587900670588016
1780625772324097300,10.52709716796875,-1.1955775660336017,1.2855682180821895,-0.7439150176547468
1780625772334127400,10.53712744140625,-1.0011661700457335,1.5801035375982522,-0.8425001873083412
1780625772344157400,10.547157470703125,-1.025195280408859,1.6228998922735451,-0.6775339353829621
1780625772354186200,10.557186279296875,-1.2564064210057257,1.583302625900507,-0.8249598544426262
1780625772364216300,10.56721630859375,-1.1946154430031777,1.446298878264427,-0.5877050497673452
1780625772374247400,10.577247314453125,-1.4390993221491575,1.001642555385828,0.367626274690032
1780625772384276200,10.587276123046875,-1.7244401123404502,0.7712579287409782,0.48974414949193595
1780625772394306300,10.597306396484376,-1.926269675630331,0.7137848139375448,0.022143150486052036
1780625772404336000,10.607336181640624,-1.5981547425955533,1.0106927078038452,0.039905747800320385
1780625772414366200,10.6173662109375,-0.9668564886868,1.2377613417685032,0.2153459013365209
1780625772424395300,10.627395263671875,-0.693043639203906,1.2441665326356888,-0.08366115676611662
1780625772434425000,10.637425048828124,-0.03695522743165493,0.9003045798927545,0.02424202246144414
1780625772444455200,10.647455078125,0.13916297149658202,0.26570903800427914,0.700137981379032
1780625772454484200,10.657484130859375,0.1234399171859026,-0.46123511723577976,1.050476144398749
1780625772464514300,10.667514404296876,0.13437749078571795,-1.2690747639209032,0.8449505030699074
1780625772474544400,10.67754443359375,0.10593056398034095,-2.1537644260525703,0.7280987321026623
1780625772484573200,10.6875732421875,0.18541268149614332,-2.7273189315229653,0.9030161769390106
1780625772494603300,10.697603271484375,0.13832944328188895,-3.107458066305518,0.9080106242254375
1780625772504633000,10.707633056640624,0.15427636947631834,-3.258611335325241,0.5382524520732462
1780625772514662100,10.717662109375,0.4973381117522716,-2.904873885256052,0.26398703651726246
1780625772524692200,10.727692138671875,1.0910884330332278,-2.1274065804809332,0.17813216909915208
1780625772534722300,10.737722412109376,1.5742805305331944,-1.1291168426543474,0.19883710347563027
1780625772544752000,10.747752197265624,1.4631184956401586,-0.03539396946430206,0.2854546258293092
1780625772554781200,10.75778125,0.9727700966447591,0.8302367719322442,0.23419380966946482
1780625772564811300,10.767811279296875,0.7498714418411254,1.0552905589431523,0.18798764655068514
1780625772574841300,10.77784130859375,0.7705009728938341,1.0898743810683489,0.42963966327160596
1780625772584870400,10.787870361328125,0.37288171100020406,1.0445587370485068,0.7219217970333993
1780625772594900200,10.797900146484375,-0.10101005871295929,1.1654092222630976,0.6949731459617614
1780625772604930000,10.807929931640626,-0.6961456968724727,1.273952014568448,0.6524908256717026
1780625772614959400,10.81795947265625,-1.0299988812983036,1.2690128046005964,0.6644894526317715
1780625772624989200,10.8279892578125,-0.8699030118882656,1.0006342551261187,0.5448229165047407
1780625772635019300,10.838019287109375,-0.6492576889693736,0.5838824227392673,0.5239987396627664
1780625772645048000,10.848048095703126,-0.26623101605176924,0.1626654276371002,0.29856355211883784
1780625772655078100,10.858078125,0.5784522143840789,-0.14046470174491404,-0.024747780026495456
1780625772665108200,10.868108154296875,1.116724394071102,-0.2898603134423494,-0.025795243252813814
1780625772675138300,10.87813818359375,1.1576923642754553,-0.6133966865152121,0.11407821460068225
1780625772685167400,10.88816748046875,1.197111935994029,-0.7757388735473155,0.33353198964744807
1780625772695197200,10.898197265625,1.2960264837324618,-0.6309177301585674,0.4253080638080835
1780625772705227300,10.908227294921875,0.8449988722562789,-0.5611842687189579,0.7473807940691709
1780625772715256300,10.91825634765625,0.4910509943068027,-0.25788345894515513,1.149872922696173
1780625772725286100,10.9282861328125,0.6741302644193172,0.09669979429841041,1.4210989705562591
1780625772735316200,10.938316162109375,0.9493103106021881,0.5792594391137361,1.233548400248587
1780625772745345000,10.948344970703126,1.3106710951566696,1.089838725233078,0.7797302812710404
1780625772755375000,10.958375,1.424751063323021,1.2897417043745516,0.27475831363946196
1780625772765405200,10.9684052734375,1.3364496795356273,1.4396481882035732,-0.13356354405432938
1780625772775434200,10.978434326171875,0.9300193346768617,1.3548720559328793,-0.0010047931283712387
1780625772785464300,10.98846435546875,0.39857612422704697,1.2294763285040855,-0.013668167607486247
1780625772795494400,10.998494384765625,-0.14328735795021055,0.7156278114557266,0.057550856214761734
1780625772805524200,11.008524169921875,-0.5139923094332218,-0.0731242729216814,0.12399112132787704
1780625772815553300,11.01855322265625,-0.910952815157175,-0.6625672523975372,0.1639920000657439
1780625772825583000,11.0285830078125,-0.8391554069250822,-0.7847241440355778,0.6886594327703118
1780625772835613200,11.03861328125,-0.1035188266634941,-0.3430471292287111,0.9856894917115568
1780625772845642200,11.048642333984375,0.4646387881994247,-0.013001520392298698,0.7659975239947437
1780625772855672000,11.058672119140626,0.30304128205478187,0.018250526961684225,0.30474282527565955
1780625772865702100,11.0687021484375,0.27211189078390596,0.14146715678572655,-0.4383960934400558
1780625772875731200,11.078731201171875,0.14962182166874408,0.36286125224530696,-0.9670981884881853
1780625772885761300,11.08876123046875,0.1239192251354456,0.5014975695192814,-1.2430424970418215
1780625772895791400,11.098791259765624,0.03577916938960552,0.5733516763746738,-1.5327461586177349
1780625772905820200,11.108820068359375,-0.050480479437112806,0.5459791008025408,-1.5822379192784428
1780625772915850200,11.118850341796875,-0.1248988838225603,0.4067822270363569,-1.111326918941736
1780625772925880300,11.12888037109375,-0.476346761649847,0.20930559825897216,-0.6429860613539815
1780625772935910100,11.13891015625,-0.3075643124371767,0.20777999612689016,-0.44539223593771454
1780625772945939200,11.148939208984375,-0.2416232290178537,0.08294599423408508,-0.1770858749166131
1780625772955969300,11.15896923828125,-0.15698562843501568,-0.1161982754945755,0.05923515603989362
1780625772965999000,11.1689990234375,0.1117845507055521,-0.14131693466007708,0.5529106536313891
1780625772976028200,11.179028076171875,-0.04657645773589611,-0.26673662748634813,1.2613608285427094
1780625772986058200,11.189058349609375,-0.28521511798501015,-0.45913025391101836,1.2635107000529766
1780625772996088300,11.19908837890625,-0.29787469307184217,-0.3986024277120828,0.4510480697423219
1780625773006117000,11.2091171875,-0.13728314909934997,0.044812955194711686,-0.4529816681534052
1780625773016147200,11.219147216796875,-0.06795417680740357,0.5944640225082636,-1.1046163153871893
1780625773026177300,11.22917724609375,-0.3446779453009367,0.9207096545398235,-1.4384049101442098
1780625773036206300,11.239206298828124,-0.8775678474277258,0.8726625397294759,-1.2791884539172051
1780625773046236200,11.249236083984375,-0.9512252043128013,0.6356541110306978,-0.8352285888701677
1780625773056266200,11.259266357421875,-0.6145739136010409,0.2712742709159851,-0.12751841867119074
1780625773066296300,11.26929638671875,-0.4159533754855394,-0.288078106200695,0.30042554659843446
1780625773076325000,11.2793251953125,-0.10490706615149974,-0.5488935269445181,0.03297521788477897
1780625773086355200,11.289355224609375,0.060602060478925704,-0.6529746636658906,-0.3419318614631891
1780625773096385300,11.29938525390625,-0.03701894031763077,-0.6533668778538704,-0.7326976042002439
1780625773106414300,11.309414306640624,-0.24597499448657034,-0.510437247300148,-1.071074695791304
1780625773116444200,11.319444091796875,-0.6651029083549976,-0.448761420109868,-1.3573244175210595
1780625773126474200,11.32947412109375,-0.805695620393753,-0.5305822097063064,-1.4709569341808557
1780625773136503300,11.33950341796875,-0.7724415855675936,-0.546062687432766,-1.1423346361458302
1780625773146533400,11.349533447265625,-0.7147294013112783,-0.3760387137264013,-0.6884001973122358
1780625773156563200,11.359563232421875,-0.4445136995375156,-0.16266250502765178,-0.27814854059964417
1780625773166592000,11.369592041015625,-0.29796295587718485,-0.15259586904346942,-0.0235673380702734
1780625773176622000,11.3796220703125,-0.3516670735359192,-0.2148193932443857,0.026143618299067018
1780625773186652200,11.389652099609375,-0.2901338696867227,-0.13796060996949672,-0.023032500541210175
1780625773196682200,11.39968212890625,-0.22194354603588579,-0.17717559902667998,0.03536825050115585
1780625773206711300,11.409711181640626,-0.07904664870798588,-0.19800269847810267,0.19198475336283444
1780625773216741400,11.419741455078125,0.20713526848256586,-0.10289455728530883,0.1804518442183733
1780625773226771200,11.429771240234375,0.09801087689697742,-0.03506371459662914,0.046799160575866694
1780625773236800300,11.43980029296875,-0.05273848749697208,-0.25609949813783167,-0.18528174859285354
1780625773246830300,11.449830322265624,-0.4539607423186302,-0.5011982943117618,-0.4691638644084334
1780625773256860200,11.459860107421875,-1.0229173986047506,-0.7056354097515344,-0.6531468053624033
1780625773266889200,11.46988916015625,-1.4080845906823873,-0.7532581616699695,-0.7035097958996892
1780625773276919000,11.4799189453125,-1.5898054319232702,-0.7159586508452892,-0.7418357271626591
1780625773286949000,11.48994921875,-1.401359666341543,-0.7150789454013109,-0.6680009678840637
1780625773296978200,11.499978271484375,-0.7647709048092365,-0.6360428180873393,-0.5917261219769716
1780625773307008300,11.51000830078125,0.043621699583530425,-0.5467150138616561,-0.37015228603631256
1780625773317038300,11.520038330078124,0.5709218188792466,-0.4333417326599359,0.02794862189441919
1780625773327068400,11.530068359375,0.776174342355132,-0.24322072734236716,0.333203780606389
1780625773337097200,11.54009716796875,0.6799386584371327,0.004433598533272743,0.6406281000509858
1780625773347127300,11.550127197265626,0.40293256587088105,0.2298509581595659,0.8501829968959093
1780625773357157000,11.5601572265625,0.2109323226779699,0.34335517226457596,0.8497565881773829
1780625773367186400,11.5701865234375,0.09304711700975894,0.2237041259676218,0.8131576268374919
1780625773377215700,11.5802158203125,-0.07076981875002383,-0.0012269114464521407,0.7247817165091633
1780625773387245600,11.59024560546875,-0.38676819753348823,-0.12098492524921893,0.40212358757555483
1780625773397274400,11.6002744140625,-0.5972802489727735,-0.15850012465119362,-0.3527101528480649
1780625773407304400,11.610304443359375,-0.4481768982201814,-0.34818799924850463,-0.9201131499513984
1780625773417334500,11.62033447265625,-0.3739484634488821,-0.34121991380155087,-1.1489026163592935
1780625773427364600,11.630364501953125,-0.428677247980237,-0.2479196988135576,-1.1757248645722866
1780625773437393700,11.6403935546875,-0.1155488716751337,-0.09899754984676837,-1.0659227198556065
1780625773447423700,11.650423828125,0.3246463801413774,0.1183721124023199,-0.5218748793765903
1780625773457453600,11.66045361328125,0.7462403918623923,0.20715280413925646,0.45773500016033647
1780625773467482600,11.670482666015625,0.8557821320772171,0.2275023492068052,1.3684957998767495
1780625773477512700,11.6805126953125,0.5680675984919071,0.25298048933446404,1.6230506989210842
1780625773487542500,11.69054248046875,0.47754736961126326,0.19507190572321415,1.4068255305320023
1780625773497571600,11.700571533203124,0.5856196217954158,0.23908289688527581,1.1880208670437336
1780625773507601400,11.710601318359375,0.5662479818493128,0.19201368719637393,1.144052545979619
1780625773517631500,11.720631591796876,0.5338590394198894,0.07178805588185787,1.1797080889895557
1780625773527660500,11.73066064453125,0.45271103451848027,-0.22721242634952066,0.6869330473691224
1780625773537690600,11.740690673828125,0.30509470745325085,-0.3116214788734913,-0.03564648292064666
1780625773547720700,11.750720703125,0.242491828545928,-0.012619827598333359,-0.4728019286498427
1780625773557750800,11.760750732421876,0.03858662802577018,-0.00978548095524311,-0.6035533378928899
1780625773567779600,11.770779541015624,-0.28214871615171433,0.1426928991883993,-0.6841045459449291
1780625773577809700,11.7808095703125,-0.2980015343219042,0.5582143129974604,-0.5519008920669556
1780625773587839500,11.790839599609376,-0.1876934859097004,0.8192424997091293,-0.05740180313289165
1780625773597868800,11.800868896484374,-0.25501930168569087,1.08517248698771,0.3709492816329002
1780625773607898600,11.810898681640625,-0.2310585803836584,0.9615443537533283,0.5329834256291389
1780625773617928400,11.820928466796875,-0.3736825059890747,0.6609890432953834,0.5942047870501875
1780625773627957500,11.83095751953125,-0.5189198289632797,0.26605098330974575,0.39369448966532944
1780625773637987600,11.840987548828124,-0.46715807754397387,-0.3935086117044091,-0.07033493446409701
1780625773648017700,11.851017578125,0.16239304043650626,-0.8168804467529058,-0.6185057000920177
1780625773658046500,11.86104638671875,0.34638182660937306,-0.9489657349482178,-0.9694473819628358
1780625773668076500,11.87107666015625,0.3988140246361494,-0.717197252729535,-1.0524427682965993
1780625773678106600,11.881106689453125,0.33338089073896404,-0.38239422023296354,-0.8241141973987222
1780625773688136700,11.89113671875,0.3084428488373756,0.06748129859864711,-0.4717527118578553
1780625773698165800,11.901165771484376,0.1725818414956331,0.3296688844785094,-0.1790551291629672
1780625773708195600,11.911195556640624,0.3803746971040964,0.30295331151038407,0.02537672557979822
1780625773718225400,11.921225341796875,0.6292600260794162,0.005268588052690029,0.0811497584670782
1780625773728254500,11.93125439453125,0.5792635307669639,-0.2638283388242125,0.10330313808619976
1780625773738284500,11.941284423828124,0.23683541021943091,-0.34751901394575835,-0.1496712137684226
1780625773748314600,11.951314697265625,0.025623101556301115,-0.3116904524564743,-0.3421235846430063
1780625773758343700,11.96134375,-0.003155249160528183,-0.3401300727382302,-0.1826359102591872
1780625773768373500,11.97137353515625,0.1298316640496254,-0.23962650224268436,0.38283670330345626
1780625773778403600,11.981403564453124,0.004120294800400734,-0.0741483552724123,1.1090864465385675
1780625773788433700,11.99143359375,-0.03922609497308731,0.19325199681967495,1.212367665053904
1780625773798462700,12.001462646484375,-0.4758066634237766,0.42917379932552574,0.610957184408605
1780625773808492500,12.011492431640624,-1.260600365564227,0.7649331096336245,0.008037175983190536
1780625773818522600,12.021522705078125,-1.2399766797304153,0.6710320061430335,-0.2972375642120838
1780625773828551400,12.031551513671875,-0.45915188122093675,0.20418898589760065,-0.401028485815227
1780625773838581500,12.04158154296875,-0.0012158055305480956,-0.42637978469282384,0.037593525335192675
1780625773848611600,12.051611572265625,0.29530571936666966,-0.9307847660914063,0.40624446689784527
1780625773858640600,12.061640625,0.6206430043816566,-1.078348193925619,0.8295069963529705
1780625773868670700,12.071670654296875,0.5186147085368633,-0.8349345743596553,1.2477198412030934
1780625773878700500,12.081700439453124,0.3501788808047771,-0.1525511531189084,1.6436100873470305
1780625773888730600,12.091730712890625,0.20082769277095794,0.8058072640746832,1.5775494692012666
1780625773898759700,12.101759765625,0.41083763990700245,1.6403160142377018,0.7880363373234868
1780625773908789800,12.111789794921876,0.41760348078012466,1.8026137776061892,-0.726285399070382
1780625773918819600,12.121819580078125,-0.08780454018115996,1.6846087449505924,-1.1072829042479395
1780625773928848400,12.131848388671875,-0.49941491802632804,1.148211419224739,-0.044505204419791694
1780625773938878500,12.14187841796875,-0.13221651335954665,0.3021940175756812,0.31171354107111693
1780625773948908500,12.151908447265624,0.4609843573451042,-0.2715215236753225,-0.4230179070442915
1780625773958937600,12.1619375,0.6328191798657179,-0.9327090121522545,-1.1885022208198903
1780625773968967700,12.1719677734375,0.550837062227726,-1.74886289819628,-1.763068533681333
1780625773978997800,12.181997802734376,0.5724573578834533,-1.8557307430267334,-1.2846499341934918
1780625773989026600,12.192026611328124,0.4283481621563434,-1.0099389668270944,-0.008952537262439728
1780625773999056600,12.202056640625,0.2150420960843563,-0.24127397718876598,0.21876842313110828
1780625774009086700,12.212086669921876,-0.23940321488082408,0.4190452040210366,-0.07934037095755338
1780625774019116500,12.222116455078124,-0.3996721027702093,0.5776905823618174,-0.45542058573812244
1780625774029145600,12.2321455078125,-0.6226783096015452,0.30334201856702564,-0.7805754999235271
1780625774039175400,12.242175537109375,-0.42606385061144825,-0.2838289243236184,-1.139606380225718
1780625774049205500,12.25220556640625,-0.025599136158823966,-0.7103273669600486,-1.0424532892018556
1780625774059234600,12.262234619140624,0.09701368255317211,-0.9023840165153145,-0.783354609248042
1780625774069264600,12.2722646484375,0.2151683528125286,-0.753050071877241,-0.4808279987171292
1780625774079294700,12.282294677734376,0.4246978229552507,-0.22031740613877773,-0.15794833598732946
1780625774089323500,12.292323486328126,0.3636345747053623,0.3545063886150718,-0.016920739662647247
1780625774099353600,12.302353515625,0.22327917855381965,0.49190994922369713,0.06333703840076924
1780625774109383700,12.3123837890625,-0.056413961139321324,0.3982195658743381,0.29101152930408714
1780625774119413500,12.32241357421875,-0.38940848290920255,-0.0067751932233572005,0.8044345144167542
1780625774129442800,12.33244287109375,-0.259317875662446,-0.4649412782773375,1.2527452681496738
1780625774139472400,12.342472412109375,-0.3008399726182222,-0.661409314534068,1.3028405476614833
1780625774149502500,12.35250244140625,-0.39888007560968397,-0.8574488962456583,1.075554471553862
1780625774159531500,12.362531494140624,0.09380874903202056,-1.0336091807499528,0.9109180361047386
1780625774169561600,12.3725615234375,0.20217793833613396,-0.9171282889217138,1.1833756715863943
1780625774179591700,12.382591796875,0.4343500329196453,-0.7210510055482388,1.665722842694819
1780625774189620500,12.392620361328126,0.6598141542971134,-0.5282540590196848,1.1887459664478897
1780625774199650600,12.402650634765624,-0.3023246582180261,-0.24770050310492514,-0.15110066204965114
1780625774209680600,12.4126806640625,-0.6963818437159061,-0.08218786934316158,-0.5913280625700951
1780625774219710500,12.42271044921875,-0.5760474913299083,-0.07637947532534599,-0.051447570903599256
1780625774229739800,12.43273974609375,-0.5168102894634008,-0.4183665741071105,0.014741057536005972
1780625774239769600,12.44276953125,-0.5039379484087229,-0.5758157284006477,-0.2492071082755923
1780625774249799400,12.45279931640625,-0.7521937473088502,-0.6107052554741501,-0.47050329631865023
1780625774259828500,12.462828369140626,-0.8016302706509828,-0.6321197994247079,-0.4877265260592103
1780625774269858600,12.472858642578124,-0.7392097625732421,-0.6657678020045161,-0.6534767679691315
1780625774279888600,12.482888671875,-0.3971574896007776,-0.49661184330433605,-0.9825894798696041
1780625774289917700,12.492917724609375,-0.39658524267077444,-0.31431904739439487,-1.3511004284396766
1780625774299947500,12.502947509765624,-0.38614918885231014,-0.10756459492295979,-1.5431944873958825
1780625774309977600,12.5129775390625,-0.2653098095536232,0.3364011153429746,-1.2946174937173724
1780625774320007700,12.523007568359375,-0.3301934928745031,0.8947577594205737,-0.8873246868103742
1780625774330036700,12.53303662109375,-0.4165636163383722,0.9538429855957626,-1.0891904904574155
1780625774340066600,12.543066650390625,-0.27457506602704523,0.7221008068621159,-3.157982969406247
1780625774350096600,12.5530966796875,-0.1331213532447815,0.7876847474068402,-3.1462972077876326
1780625774360125400,12.56312548828125,-0.042567222094535825,0.42741058904528617,-1.0232917848750949
1780625774370155500,12.573155517578124,0.09261223272383212,0.08165800025016069,0.712301589642465
1780625774380185900,12.583185791015625,0.7683043396323919,0.345606166061759,1.6163140841424464
1780625774390215000,12.59321484375,1.360702661782503,0.6130366210311651,1.3591037021532655
1780625774400245000,12.603244873046876,1.3572352779328822,0.7961991855129599,0.3879688054949045
1780625774410274800,12.61327490234375,1.0208218876302242,0.9451613742291927,-0.46191287036687134
1780625774420304000,12.623303955078125,0.5647358237206935,0.9638605217412114,-0.6595623714931309
1780625774430334000,12.633333984375,-0.07805354601740837,0.7836223202735185,-0.7545043623387813
1780625774440363800,12.64336376953125,-0.22094284456074237,0.5203618444651364,-0.7871814740598201
1780625774450393900,12.653393798828125,-0.07179916179776191,0.3461068090602755,-0.8214782959371805
1780625774460422700,12.663422607421875,0.3412175757139921,0.20563772340118883,-0.9143702223852276
1780625774470452700,12.67345263671875,0.578200285449624,0.3069292294040322,-0.6849665696017444
1780625774480482800,12.68348291015625,0.7456061856120825,0.6381213779270648,-0.1760306667752564
1780625774490512000,12.693511962890625,0.7714882303655147,0.8170636943653226,0.4913242582902312
1780625774500542000,12.7035419921875,0.21845511939823625,0.695251962903142,0.9314853155761956
1780625774510572000,12.713572021484374,0.030026304951310156,0.4640653722256422,1.3748305558562277
1780625774520600800,12.723600830078125,0.15977905854582786,0.3579720188990235,1.214597177671641
1780625774530631000,12.733630859375,0.3341676572024822,-0.04561024305224418,0.5332989213190973
1780625774540660700,12.74366064453125,0.2472352236807346,-0.7243684595331549,0.2512998427711427
1780625774550690800,12.75369091796875,0.2130512145280838,-0.8721499140322208,-0.08489771282374858
1780625774560719600,12.7637197265625,0.3836865981310606,-0.3012663813367486,-1.0020146035686135
1780625774570749700,12.773749755859376,0.555339049822092,0.04973462950587272,-1.9504335182890296
1780625774580779800,12.78377978515625,0.4283177670180797,0.31140608255714175,-1.831677521135658
1780625774590808800,12.793808837890625,0.3376151673078537,0.30688246765285726,-0.6875789440572262
1780625774600839000,12.8038388671875,0.1853057139903307,-0.059764732871949666,0.620059505405277
1780625774610869000,12.813868896484376,0.304706584918499,-0.8229591821447014,1.9167668110087512
1780625774620897800,12.823897705078124,0.5094815540105104,-1.3030135661408304,2.760126391625404
1780625774630928000,12.833927978515625,0.19156068273186683,-1.4248732283979653,3.0303239732205864
1780625774640958000,12.8439580078125,-0.38292964228391646,-1.1897522208809852,2.8385964094892144
1780625774650987800,12.85398779296875,-1.129552311462164,-0.8358496433779596,2.5002719248682257
1780625774661016800,12.864016845703125,-1.3129337793916462,-0.7158180733308196,2.405125935883075
1780625774671046700,12.874046630859375,-1.4258254145562648,-0.31565614121705293,2.2810556118391454
1780625774681076700,12.88407666015625,-1.1879741052925585,-0.11739128467142582,1.7036827171243727
1780625774691105800,12.894105712890624,-0.8682575827687978,0.35685908922106024,0.9364696798600256
1780625774701136000,12.904135986328125,-0.7331354110956192,0.6291629954457283,0.5766194459989666
1780625774711166000,12.914166015625,-0.6047855100363493,0.8058236306875943,0.7458972775131464
1780625774721194800,12.92419482421875,-0.0020446575701236723,0.8435778995424509,1.1262132301673293
1780625774731224800,12.934224853515625,0.6946826385825872,0.7373521520078182,1.2025317690856754
1780625774741255000,12.9442548828125,0.6934007820785045,0.2015524999141693,0.8845791874945164
1780625774751284700,12.95428466796875,0.27670857092440126,-0.36278146500736475,0.6415405387207865
1780625774761313800,12.964313720703124,-0.5601344674050808,-0.3396878819286823,0.4712438855528831
1780625774771344000,12.97434375,-1.2546832504749297,0.16158961509913206,0.4090098399579525
1780625774781373700,12.984373779296876,-1.8583564153552055,0.6836594325259328,0.6938608008056879
1780625774791402800,12.99440283203125,-2.0198247421622275,1.0259487291246652,0.57748979909271
1780625774801432800,13.004432861328125,-1.7933809620976446,0.6652499156102538,0.5291632828190922
1780625774811463000,13.014462890625,-1.4218132563054562,0.131992056953907,0.6600082155644893
1780625774821492000,13.024491943359376,-1.0661328554749487,-0.5324263762682676,0.7620777202025055
1780625774831521800,13.034521728515625,-0.7853788085520267,-0.5745620750777423,0.7908397043064236
1780625774841552000,13.0445517578125,-0.6808148567497729,-0.061470440811291334,0.8369105506077408
1780625774851581700,13.054581787109376,-0.984379870417714,0.2385891950841993,0.884965848724544
1780625774861611000,13.064611083984374,-1.8390192622005939,0.029082375164702533,0.9202616185113787
1780625774871640800,13.074640869140625,-2.820650126171112,-0.280005749306269,1.013513318182528
1780625774881671000,13.0846708984375,-3.376893431356549,-0.7986724437586963,1.375046536694467
1780625774891699700,13.09469970703125,-3.375115900290012,-0.8669254573822021,1.7269740147322414
1780625774901729800,13.104729736328125,-2.771667776337266,-0.21796496126111595,1.5513544129759071
1780625774911760000,13.114759765625,-1.4076958836257456,0.48462563743442294,0.9157570005685091
1780625774921789000,13.124788818359375,0.5175228216469288,0.5500560313852504,0.13680237984508276
1780625774931819000,13.134819091796874,3.752197985589504,-0.4436413006171584,-0.9413584748148918
1780625774941848800,13.144848876953125,7.564734996807575,-2.058997791773826,-2.651540344700217
1780625774951879000,13.15487890625,8.610281575849651,-3.497956682538986,-4.676214280459284
1780625774961908000,13.164907958984376,7.261233696025609,-4.288196375125646,-5.670078018537163
1780625774971937800,13.174937744140625,5.895524019736051,-4.3581835190653795,-4.2451893003091214
1780625774981968000,13.1849677734375,3.2975475074410436,-3.7682171002373095,-1.473045430892706
1780625774991996700,13.19499658203125,1.1792623910486697,-2.41751414668262,0.14391250411123035
1780625775002026800,13.20502685546875,-0.04147182807326317,-0.8477952249765396,0.5536410137325525
1780625775012056800,13.215056884765625,-1.063747421643138,0.5559889650981873,0.18105302498191594
1780625775022086000,13.2250859375,-1.2267793445050716,1.5406212759070097,-0.16546411844491957
1780625775032116000,13.235115966796876,-0.9126888451695442,2.1394743271544576,0.21726678639650343
1780625775042145800,13.245145751953125,-1.224324352568388,2.0053039032481608,1.2417796374991534
1780625775052176000,13.25517578125,-1.2844114492624998,1.2417182627007364,1.9597826536536216
1780625775062205000,13.265204833984376,-1.031128177589178,0.4542598713956773,1.5681784142658113
1780625775072234800,13.27523486328125,-0.6940554465949536,0.08391590784532017,0.41057577410042284
1780625775082264800,13.285264892578125,-0.19753332740068436,0.10024672792395577,-0.550014639928937
1780625775092293600,13.295293701171875,0.22020810054540632,0.22442982815997672,-1.010579602818191
1780625775102323700,13.30532373046875,0.14675006562471388,0.6523590890508145,-1.291651045127213
1780625775112353800,13.315353759765625,-0.05818798507452011,1.1961563888348639,-1.5271207199513912
1780625775122382800,13.3253828125,-0.4018757502943277,1.6175377807185052,-1.5286387232989072
1780625775132413000,13.335412841796876,-0.2844061396896839,1.788149929576367,-1.127709313943982
1780625775142443000,13.345443115234374,-0.18181319569945334,1.7125816245034335,-0.644320524828136
1780625775152472800,13.355472900390625,-0.44366146662235256,1.4070453107625245,-0.5166466233342886
1780625775162502000,13.365501953125,-0.4195400018006563,1.020194549512118,-0.587596182565391
1780625775172532000,13.375531982421874,-0.23209376865029333,0.656533379060775,-0.08454816873371601
1780625775182561800,13.385561767578125,-0.359996510463953,0.30011366763766856,0.6421878967136144
1780625775192590800,13.3955908203125,-0.7504232305049896,-0.36826661842018366,1.0818529871761797
1780625775202620700,13.40562060546875,-1.1120599093914032,-0.9968385161049663,1.32448977715075
1780625775212650800,13.415650634765624,-1.2003285599529743,-1.4009804577656089,1.319794020549953
1780625775222679800,13.4256796875,-0.8900023815870285,-1.431643014793843,1.1527400025650858
1780625775232710000,13.4357099609375,-0.14185644836425781,-1.2095941086873412,0.8460852061882614
1780625775242740000,13.445739990234374,0.6244155086576938,-1.0434811709448695,0.6171811734899878
1780625775252770000,13.45577001953125,0.8948165038704872,-0.9095487205129116,0.5671475610375404
1780625775262798800,13.465798828125,0.7278945878326892,-0.660910571231693,0.4574494612172246
1780625775272829000,13.475828857421876,0.4310024760574102,-0.30689313517734407,0.10576222167611121
1780625775282858800,13.485858642578124,0.40394320421814917,0.022631226263940332,-0.29895664308965203
1780625775292887800,13.4958876953125,0.6150292561531067,0.46551644781678914,-0.3734747084572911
1780625775302918000,13.50591796875,0.7340951960384845,0.8389641952019185,-0.23484394414126872
1780625775312947700,13.51594775390625,0.5067851545333862,0.8049491128753871,0.18166151226907967
1780625775322977800,13.525977783203125,0.22953590086102485,0.22990181156396863,0.6156158238694072
1780625775333006800,13.5360068359375,0.22187515697479246,-0.5266811106145382,0.6850421190559863
1780625775343037000,13.546036865234376,0.6312760420769453,-0.9268264569196849,0.8247142091184854
1780625775353067000,13.55606689453125,0.7064905652761458,-0.831156809386611,0.8819728043884039
1780625775363095800,13.566095703125,0.4096878853499889,-0.47405455905944105,0.37610038078576324
1780625775373126000,13.5761259765625,0.19476736981868742,0.026393793667852876,-0.19469518136531114
1780625775383155700,13.58615576171875,0.13227438102662561,0.5651921891860664,-0.3773144327506423
1780625775393185000,13.59618505859375,0.05710428149104118,1.2000357144862412,-0.592081511285901
1780625775403214800,13.60621484375,0.29858313360214234,1.7184465710140764,-0.6549108924254775
1780625775413245000,13.616244873046876,0.42780397227704525,1.8220998377121984,-0.34386429083049297
1780625775423274800,13.626274658203124,0.3101303635329008,1.3525773691244423,0.027647885382175445
1780625775433303800,13.6363037109375,0.21909750895500182,0.47035307419300076,0.3080012425497174
1780625775443334000,13.646333984375,0.09552022912502288,-0.39794966289177536,0.413486693111062
1780625775453364000,13.656364013671874,-0.05743804349005222,-0.7556161229729652,0.62445993232131
1780625775463392800,13.666392822265625,-0.030978491109609603,-0.7730231848478317,0.6080158702597022
1780625775473421800,13.676421875,0.049939796689152716,-0.5892414655543864,0.27472645719647404
1780625775483452000,13.686451904296876,0.12208324187994003,-0.11848740934506058,0.0556961682587862
1780625775493482000,13.69648193359375,0.06131517718434334,0.35910803719162937,0.00844224965274334
1780625775503511800,13.70651171875,0.097205990254879,0.4960059863656759,0.022035013936460016
1780625775513540900,13.716540771484375,0.13697101441025733,0.29513416219204663,0.13970453102737665
1780625775523570700,13.72657080078125,0.11381167261898517,-0.15216142314895986,0.28168577481508256
1780625775533600800,13.736600830078125,0.11971475918292998,-0.547152674626559,0.3414236196801066
1780625775543629800,13.7466298828125,0.1832914515584707,-0.6858424756534397,0.4891290863335132
1780625775553660000,13.756659912109376,0.22633038281798362,-0.46513183241337536,0.3928612537115812
1780625775563690000,13.76668994140625,0.24407763643264768,0.08634542741402983,0.1369526019707322
1780625775573718800,13.77671875,0.18464345068931579,0.6138346395410597,-0.19945581989586353
1780625775583748900,13.786748779296875,0.0766793350547552,0.89721713527143,-0.35528672533780337
1780625775593779000,13.796779052734376,-0.18269699279665946,0.6184221134617924,-0.1144686752229929
1780625775603808800,13.806808837890625,-0.45904257562756534,-0.07376870830506085,0.31042846969664095
1780625775613838000,13.816838134765625,-0.5939245088040829,-0.7352068105421959,0.43533787491321563
1780625775623867600,13.82686767578125,-0.4082914625555277,-1.0920967332929372,0.3708513742163777
1780625775633897700,13.836897705078124,0.16963877378106115,-1.1907150745637713,0.26001696384251116
1780625775643926800,13.8469267578125,0.7200602409452199,-0.8624423206187785,0.14613865572810172
1780625775653956900,13.856956787109375,0.9227928905546665,-0.10736790330708026,0.1545817821636796
1780625775663987000,13.866987060546874,0.7242413260221481,0.537594572686404,0.09512918398082255
1780625775674017000,13.87701708984375,0.32959961863458154,0.7739717177443206,-0.13911241035312413
1780625775684045800,13.8870458984375,-0.1280056176662445,0.4909617085881531,-0.39074791481941934
1780625775694076000,13.897075927734376,-0.735243197029829,-0.0851779910698533,-0.276960792119801
1780625775704105700,13.907105712890624,-0.9904565599828958,-0.657123600038886,-0.1495794438317418
1780625775714135000,13.917135009765625,-0.6564315261214971,-1.1484670014210046,-0.2624579272538423
1780625775724164900,13.927164794921875,-0.3707055360049009,-1.3762000906437635,-0.04355214147865772
1780625775734194700,13.937194580078126,-0.22302608057558534,-1.1019799755342303,0.2365539629295468
1780625775744223700,13.9472236328125,0.08473287765085696,-0.47641851171180605,0.04970657245516777
1780625775754253800,13.95725390625,0.4528957434356212,0.08190335331335663,-0.39744536663144825
1780625775764284000,13.967283935546876,0.5490706370770931,0.5672355315819382,-0.5116439927414059
1780625775774314000,13.97731396484375,0.26187749701738355,0.8169014895409346,-0.3152458068504929
1780625775784342800,13.9873427734375,-0.014948562806844711,0.7999693517014383,-0.08693097221702337
1780625775794372900,13.997372802734375,-0.1496773512482643,0.5227502009063959,-0.12223930922448635
1780625775804403000,14.00740283203125,-0.4209872779995203,-0.02166325801461935,-0.025170389352738857
1780625775814432000,14.017431884765625,-0.5606885941565036,-0.3751163381844759,0.24787761323750018
1780625775824461800,14.0274619140625,-0.23346154987215995,-0.6463900245785713,0.2650619722723961
1780625775834491600,14.03749169921875,-0.14992869566082953,-0.7665544272251427,0.2491489483475685
1780625775844520700,14.047520751953124,-0.2585597507715225,-0.6814953863598406,0.33725188695341346
1780625775854550800,14.05755078125,-0.28364509218931194,-0.3548293369591236,0.3582169335708022
1780625775864580900,14.067580810546875,-0.40180853027701374,-0.14988690234571694,0.2924775102034211
1780625775874611000,14.07761083984375,-0.33111294580698014,0.06250555601269006,0.17935732697993517
1780625775884639700,14.0876396484375,-0.07967793234884739,0.35796675820201634,-0.23139526499211788
1780625775894669800,14.097669921875,0.2952373303055763,0.76482964925915,-0.7275123105168342
1780625775904700000,14.107699951171876,0.3944569984704256,1.0864993516772985,-0.8520417765051126
1780625775914729000,14.11772900390625,0.2552040106028318,1.1715846960276364,-0.6040732701137661
1780625775924758800,14.1277587890625,0.1674070692062378,0.7173895604312419,-0.3891331730991602
1780625775934788900,14.137788818359375,0.03595978665351868,0.12204290986955166,-0.3746940211191773
1780625775944818700,14.147818603515624,-0.09106967945694923,-0.2451227615714073,-0.3615700433909893
1780625775954847700,14.15784765625,0.04605097255706787,-0.5231216645672917,-0.40572628824263807
1780625775964877800,14.1678779296875,0.09442483510375023,-0.3750795133054256,-0.2740624403297901
1780625775974908000,14.177907958984376,0.10779051263332366,0.0309197466596961,-0.13595043919086455
1780625775984937000,14.18793701171875,0.1511187822282314,0.3423635308787226,-0.13905834207832812
1780625775994966800,14.197966796875,0.24227847805619238,0.387958576361835,-0.22189064680486917
1780625776004996900,14.207996826171875,0.3828103998184204,0.4828700259387493,-0.09095394412279129
1780625776015026000,14.21802587890625,0.19129297170639037,0.21714082192927597,-0.0414005164027214
1780625776025056000,14.228055908203125,0.06906827552914618,-0.14625643688887358,0.014114450070261955
1780625776035085800,14.2380859375,-0.018177461725473402,-0.31157530164420605,0.048856677627563475
1780625776045116000,14.248115966796876,-0.10705167696475983,-0.5114487624302506,0.21910832260996102
1780625776055144700,14.258144775390624,-0.07794248685836791,-0.6041515960469842,0.17588643599897621
1780625776065174800,14.2681748046875,-0.07929740859866141,-0.409493824082613,0.09867781637310981
1780625776075204900,14.278204833984375,-0.07729132947325706,-0.11087415786236524,0.20189502974152565
1780625776085234000,14.28823388671875,-0.03687105627954006,0.1297176822811365,-0.0712374362617731
1780625776095264000,14.298263916015625,-0.03680032913088798,0.13203648061752318,-0.2697378551289439
1780625776105293800,14.3082939453125,-0.014487959557771681,0.0597960047930479,-0.2129816564232111
1780625776115324000,14.318323974609376,-0.00011807342171669006,-0.1176794539630413,-0.08583762402236461
1780625776125353000,14.32835302734375,0.15243512552380561,-0.31580081038475033,-0.045620179924368856
1780625776135382800,14.3383828125,0.18152561092972755,-0.5276052397221327,0.06389145741313695
1780625776145412900,14.348412841796875,0.06500234126448631,-0.6342679173693061,0.17824995025992393
1780625776155441700,14.358441650390626,0.011291209343075752,-0.6183253750890493,0.24960370637774465
1780625776165471700,14.3684716796875,0.0059440030962228775,-0.5573039201542734,0.4469821354776621
1780625776175501800,14.378501708984375,0.22387480635941026,-0.428921578130126,0.4713593286260962
1780625776185531000,14.38853076171875,0.4716179795622825,-0.3438572765678167,0.2319943999290466
1780625776195561000,14.39856103515625,0.4612111518383026,-0.3386521091401577,-0.0423895274400711
1780625776205591000,14.408591064453125,0.2058791309416294,-0.33745968448519703,-0.272900703074038
1780625776215620900,14.418620849609376,-0.02485387074947357,-0.2621235807329416,-0.40784985626786946
1780625776225650000,14.42864990234375,-0.2991886982798576,-0.28687399110794065,-0.2982292055979371
1780625776235679700,14.4386796875,-0.3527133677184582,-0.35303631606251,-0.09492109418809414
1780625776245709800,14.448709716796875,-0.14455284784138203,-0.47727352110594506,0.012732348062098026
1780625776255738600,14.458738525390626,0.03565934240221977,-0.5540393654003739,-0.034931612649559976
1780625776265768700,14.468768798828124,0.1531979265898466,-0.42867490989267826,-0.18498188886344433
1780625776275798800,14.478798828125,0.13767068711221217,-0.2556236973196268,-0.4660191366419196
1780625776285828900,14.488828857421876,-0.038114334338903426,0.008889116637408732,-0.7092489240735769
1780625776295858000,14.49885791015625,-0.024863223099708554,0.28997400294989345,-0.6820753782048821
1780625776305888000,14.508887939453125,0.008171616017818451,0.22813509415239094,-0.5277291583627463
1780625776315917800,14.518917724609375,0.07523848859667777,0.11195318527072667,-0.25285072547495363
1780625776325947000,14.52894677734375,0.047183191457390784,0.06978431484401226,-0.08652443724274635
1780625776335977000,14.53897705078125,0.02074526638686657,-0.13895254361629486,-0.20286855094879863
1780625776346006800,14.5490068359375,0.12700024001598356,-0.22743746727705,-0.2951946602076292
1780625776356035800,14.559035888671875,0.12471651299297809,0.03278554053157568,-0.024175825357437133
1780625776366065700,14.569065673828124,0.07396656896471977,0.23727029450535772,-0.05594312875717878
1780625776376096000,14.579095947265625,-0.09176818311512469,0.3518587967157364,-0.24397534510195254
1780625776386126000,14.5891259765625,-0.38980654231607914,0.6416773168429732,-0.13877367991805076
1780625776396155100,14.599155029296876,-0.36863340590596194,0.816868756315112,-0.11843933241963386
1780625776406185000,14.60918505859375,-0.3345230465114116,0.8716098158061504,-0.06850567321032286
1780625776416215000,14.619215087890625,-0.3637392041236162,0.9048729107216,0.2547644501417875
1780625776426244000,14.629244140625,-0.15822306127548216,0.8475888887494802,0.3427724039405584
1780625776436274200,14.639274169921874,0.04013444198966026,0.6221142459779977,0.41391573217809197
1780625776446304000,14.649303955078125,0.09173895702064037,0.48294162987023587,0.7575655034750699
1780625776456334000,14.659333984375,0.16606734503507614,0.4105392414823174,0.9905106282576918
1780625776466363000,14.66936279296875,0.19470950215160845,0.5017608966305852,0.8070055339485407
1780625776476393000,14.67939306640625,-0.02116612214744091,0.4520096082508564,0.4375774705335498
1780625776486423000,14.689423095703125,-0.21303601695895194,0.3505830776914954,0.17529080819338558
1780625776496452000,14.6994521484375,-0.22470775005221366,0.1419204535111785,-0.009361702585220337
1780625776506482200,14.709482177734374,-0.1749608455866575,-0.24674188720583914,-0.147962071762979
1780625776516512000,14.719511962890625,0.20765900009572505,-0.5590455031245947,-0.05174947645962238
1780625776526541800,14.729541748046875,0.34933132406473155,-0.7420759656593203,0.2935921934470534
1780625776536571100,14.739571044921876,0.4528571649909019,-0.6758163178101182,0.23323943155407903
1780625776546601000,14.74960107421875,0.5256038367718457,-0.3758274090632796,0.04991992294490337
1780625776556631000,14.759631103515625,0.20192542487978934,-0.06502630666196346,-0.13369886087179184
1780625776566659800,14.769659912109375,-0.06618833617866039,0.03642594286054372,-0.26618425430059434
1780625776576690000,14.77968994140625,-0.3633049043595791,0.12613807022869586,-0.15373451768457888
1780625776586720000,14.789719970703125,-0.44038931308388707,-0.04452946207821369,0.008376490940153598
1780625776596749000,14.7997490234375,-0.3863461727291345,-0.5826385601580143,0.04535509924739599
1780625776606779100,14.809779052734376,-0.26497312494516373,-0.8600821673586964,0.22044775452017784
1780625776616809200,14.819809326171875,-0.02164192296564579,-0.8269093810752034,0.25544454136043787
1780625776626839000,14.829839111328125,0.10777823767364024,-0.7695140076830983,0.08777443730384112
1780625776636868000,14.8398681640625,0.20907880376577376,-0.3642717035651207,-0.007430150000751018
1780625776646898000,14.84989794921875,0.2459936991870403,0.03997457525283098,-0.06945756710767746
1780625776656928000,14.859927978515625,0.13694821805655955,0.2354062541991472,-0.09612871641218662
1780625776666956800,14.869956787109375,0.03615326339900493,0.11040244869738816,-0.08650690158605576
1780625776676987000,14.87998681640625,0.08223287752866744,-0.20544336987286804,0.06712181763648986
1780625776687017000,14.890016845703125,0.09616203415989875,-0.41764118244200943,0.002933715364336967
1780625776697047000,14.900047119140625,0.009769698864221573,-0.3320721462279558,-0.1847036564439535
1780625776707076000,14.910076171875,-0.00035188217759132384,-0.07816489743739366,-0.1803390314936638
1780625776717106200,14.920106201171874,0.06815759042501449,0.08922259028553962,-0.07314356214404105
1780625776727136000,14.930135986328125,0.013414777368307113,0.17521452808678148,0.07321633511930703
1780625776737165000,14.9401650390625,-0.016706220129132268,0.1819540654748678,0.15062866062372923
1780625776747195000,14.95019482421875,0.017123568758368492,-0.032355624681711194,0.14387567923218011
1780625776757225000,14.960224853515625,-0.3180167328685522,-0.3774900815784931,0.38480566528886556
1780625776767255000,14.970255126953125,-0.31131460488140583,-0.6125652041271329,0.4656622860282659
1780625776777283800,14.980283935546876,-0.16471943755745888,-0.6715797031536698,0.29981735157221556
1780625776787314000,14.99031396484375,-0.11609890677332878,-0.5236749145358801,0.18123130415827035
1780625776797344000,15.000343994140625,-0.04559621452689171,-0.40663405073732134,0.015921791753172872
1780625776807373000,15.010373046875,0.024161796832084654,-0.33141835849434137,0.03492255256026983
1780625776817403100,15.020403076171876,0.007541501420736312,-0.2842164623364806,0.12457184382528066
1780625776827433200,15.03043310546875,-0.02566518713235855,-0.4824684594005346,0.3003299772694707
1780625776837462000,15.0404619140625,-0.05230769486427307,-0.591492313221097,0.2507815179854631
1780625776847492000,15.0504921875,-0.09573182604908943,-0.6799725607067346,0.10802373686730861
1780625776857522000,15.06052197265625,0.11929273437857627,-0.6844730869963764,-0.13187135318368673
1780625776867552000,15.070552001953125,0.19295418291687963,-0.17503683343231677,-0.639038785032928
1780625776877581000,15.0805810546875,0.012580664631724357,0.04479921893030405,-0.6275134746730328
1780625776887611000,15.09061083984375,0.014559855750203132,0.06887567556649446,-0.23371318654567003
1780625776897641000,15.100640869140625,0.07449789936244487,0.30240152284651994,-0.11734773779064417
1780625776907670000,15.110669921875,0.13299217390716075,0.40477760921567674,-0.03421235846430063
1780625776917700000,15.1207001953125,0.090417353028059,0.4636611753389239,0.2555556005194783
1780625776927730200,15.130730224609374,0.02096446209549904,0.5264113537624479,0.354215004453063
1780625776937760000,15.140760009765625,0.009520692539215087,0.5282204490110278,0.07686784336417914
1780625776947789000,15.1507890625,-0.1402624571710825,0.38215865791141984,-0.0665232672214508
1780625776957819000,15.16081884765625,-0.15687223118841648,0.3055687547057867,-0.18279548473507165
1780625776967849000,15.170848876953125,-0.1763034923672676,0.3283057794317603,-0.3553033842116594
1780625776977878000,15.1808779296875,-0.22332769387066362,0.3691866558745503,-0.34073885228633877
1780625776987908000,15.190908203125,-0.2891068647265434,0.29375965896844863,-0.19372925894260407
1780625776997938000,15.20093798828125,-0.1839203971117735,0.1665747100353241,0.04922931033223867
1780625777007968000,15.210968017578125,-0.029436522364616392,0.019120587794482707,0.46918636850118633
1780625777017997000,15.2209970703125,0.043402503874897955,-0.1832373832836747,0.9662079616501926
1780625777028027100,15.231027099609374,0.2616974642753601,-0.3302326558411121,1.275492522008717
1780625777038057200,15.24105712890625,0.44143677631020545,-0.3634010582104325,1.329900111761689
1780625777048086000,15.2510859375,0.5604653067946433,-0.24966011274009942,0.787998635661602
1780625777058115800,15.26111572265625,0.42443478810489177,0.05448825377374887,-0.17320844896137713
1780625777068146000,15.27114599609375,0.1240145022034645,0.5482242493808269,-0.7187178864255547
1780625777078175000,15.281175048828125,-0.0028869536131620405,1.0559425931110977,-0.8174196681961416
1780625777088205000,15.291205078125,-0.06660276219844817,1.27012514975667,-0.886741333964467
1780625777098235100,15.301235107421874,-0.04946808752417564,1.1522764767065643,-0.6353653572171926
1780625777108265000,15.311264892578125,0.07114858893454075,0.6606535277307033,0.04305062169730663
1780625777118294000,15.3212939453125,0.21984218984246254,0.1358528240352869,0.63719783334136
1780625777128324000,15.331323974609376,0.3323918797016144,-0.24330869788676499,1.004147231683135
1780625777138354200,15.341354248046875,0.20761223834455012,-0.6406093953505158,1.2563953150898217
1780625777148383000,15.351383056640625,-0.0642138212352991,-0.9427397000402211,1.2446943559020758
1780625777158413000,15.3614130859375,0.0587198999941349,-0.9038558426335453,0.7207008769363165
1780625777168443000,15.37144287109375,-0.052657238954305643,-0.6113377081587911,-0.010161913052201271
1780625777178473000,15.381472900390625,-0.3076449764579534,-0.21673165660649538,-0.4033230264931917
1780625777188502000,15.391501953125,-0.3430336852252483,0.1292249303281307,-0.46770402098894115
1780625777198532000,15.401531982421876,-0.1297346334159374,0.3920110666230321,-0.49518356406688685
1780625777208562000,15.41156201171875,0.05864625023603439,0.47991760587394233,-0.2807254053503275
1780625777218591000,15.421591064453125,0.2519751116842031,0.44924452745169396,0.2537126030012965
1780625777228621000,15.43162109375,0.5969681142836809,0.12883213161826132,0.7287237321332096
1780625777238651100,15.441651123046874,0.7419932558119297,-0.352191389670968,0.8894470857918262
1780625777248681000,15.451680908203125,0.5993547171592712,-0.7397177120953797,0.6822206318944692
1780625777258710000,15.4617099609375,0.5514408733397722,-0.8422779228597879,0.28557985964417454
1780625777268739800,15.47173974609375,0.6361947937786578,-0.6210252816975116,-0.12103402508795261
1780625777278770000,15.48177001953125,0.38456221192181106,-0.12556348521113395,-0.43371582666933534
1780625777288799000,15.491799072265625,-0.05803308677375316,0.2685205882936716,-0.4294163759097457
1780625777298829000,15.5018291015625,-0.06294599325656891,0.5871876017645001,-0.17678104675114154
1780625777308859100,15.511859130859374,0.17413959233164786,0.6760095022946596,0.1896884591192007
1780625777318889000,15.521888916015625,0.009238952988386154,0.4452209710240364,0.5294207647114992
1780625777328918000,15.53191796875,-0.11860709020197391,0.30124796889722344,0.6694093733772635
1780625777338948000,15.541947998046876,-0.12400047367811202,0.1332362117961049,0.6112497376143932
1780625777348978000,15.55197802734375,-0.12945873908400535,0.016933891405165196,0.46243601745814084
1780625777359007200,15.56200732421875,-0.08317863394618034,0.1287555592507124,0.33058103088736535
1780625777369036800,15.572036865234375,-0.03719838853776455,0.3591793488621712,0.1144052545979619
1780625777379067000,15.58206689453125,0.1065472345739603,0.7720616463392973,-0.15274930603951214
1780625777389095700,15.592095703125,0.4301040659129619,1.1124738970197736,-0.24290917717516422
1780625777399125800,15.602125732421875,0.6243599790781736,0.9820908826977014,-0.28391134191006423
1780625777409155800,15.61215576171875,0.5698240867704153,0.6641214961022138,-0.28782588500529527
1780625777419186000,15.62218603515625,0.5847837554931641,0.33019290835261345,0.014205343224108219
1780625777429215000,15.632215087890625,0.4979243872076273,-0.1133561839364469,0.36869916461855173
1780625777439245000,15.6422451171875,0.18884031785726546,-0.6175735338084399,0.5524681705608964
1780625777449275000,15.65227490234375,-0.013398995277285575,-0.9502648348480462,0.5531529379546642
1780625777459304000,15.662303955078125,-0.15161036513745785,-1.229929479099065,0.48168812267780303
1780625777469333800,15.672333740234375,-0.2505214057445526,-1.3079516070649027,0.23846125785559413
1780625777479363800,15.68236376953125,-0.23917817395329474,-0.7779770078629255,0.07345920396447181
1780625777489394000,15.692393798828125,-0.266977450504899,-0.25095570550858975,0.17448913642168043
1780625777499422700,15.702422607421875,-0.23988836804926394,0.21504574934616683,0.14871113656461238
1780625777509452800,15.712452880859376,-0.10186521423757075,0.5914198325067758,-0.08679974705278873
1780625777519483000,15.72248291015625,0.015428455278277397,1.0320080291636287,-0.26959903118014333
1780625777529512000,15.732511962890625,0.16384966898560524,1.1509516578435897,-0.19080957210361957
1780625777539542000,15.7425419921875,0.24390812508463858,-0.12448650362938642,0.1240367140352726
1780625777549572000,15.752572021484376,0.15625088441967963,0.5321845303364098,0.23707331062853335
1780625777559601700,15.7626015625,0.2724602658301592,0.11779650447145104,0.6012865620046853
1780625777569631000,15.772630859375,0.15491700546741485,-0.6726683751732111,0.9504811079472303
1780625777579660800,15.782660888671876,0.03157937961220741,-0.7932862206757069,1.0365449419409036
1780625777589691000,15.79269091796875,0.02944178306162357,-1.0670651678889989,0.8645055367588996
1780625777599720000,15.802719970703125,-0.09188216488361359,-0.6312604061163961,0.6549906796634197
1780625777609749800,15.812749755859375,-0.06986322529911995,-1.4519922676004469,0.4700894548207521
1780625777619779800,15.82277978515625,-0.2872416553765535,-0.9164664640121162,0.09496376428604125
1780625777629810000,15.832809814453125,-0.2960439705133438,-0.4843829147197306,-0.15402268697619437
1780625777639839000,15.8428388671875,-0.41019875748157497,-0.14985183103233574,-0.3901157543957233
1780625777649869000,15.852869140625,-0.18636720574200152,-0.15264204627275466,-0.43782384651005263
1780625777659899000,15.86289892578125,-0.2601630943149328,0.23015315597653388,-0.5135474882751703
1780625777669928000,15.872927978515625,-0.23888591300845144,0.6044906187430024,-0.5480529844671488
1780625777679957800,15.882957763671875,-0.38735213490128517,0.6314633813425898,-0.48347675966024395
1780625777689987800,15.89298779296875,-0.6943728419810533,0.4925720663942396,-0.6494944203346967
1780625777700018000,15.903017822265625,-0.7216495559632777,0.3050600745312869,-0.8084317673593759
1780625777710047000,15.913046875,-0.47075522525310515,0.3828109843403101,-0.8138637292802333
1780625777720076800,15.923076904296876,-0.32911563450992104,0.5996821955479681,-0.6804191354304552
1780625777730107000,15.93310693359375,-0.23304361672103405,0.6168181853964925,-0.580440173330903
1780625777740136000,15.943135986328125,0.0056780456364154816,0.5967703997544944,-0.6930997533053159
1780625777750166000,15.953166015625,-0.039891280883550644,0.49400224532783027,-0.7164443885356188
1780625777760196000,15.963196044921874,-0.465900770959258,0.43584377860873935,-0.6168687465399504
1780625777770226000,15.973225830078125,-0.6110305419057608,0.3491282027080655,-0.8535656250715256
1780625777780254700,15.983254638671875,-0.6445885281145572,-0.008880056548118591,-1.022728013512492
1780625777790284800,15.993284912109376,-0.5519897393941879,-0.5508231798328459,-0.932620457085967
1780625777800315000,16.00331494140625,-0.15420096615254877,-0.9819419757463037,-0.7019605206310748
1780625777810344000,16.013343994140627,-0.1301274321258068,-1.0368518159329891,-0.3237625830441713
1780625777820373800,16.023373779296875,-0.09627543140649795,-0.8367305178657174,0.07727963903546332
1780625777830403800,16.03340380859375,-0.4186240559995174,-0.6797085029430687,0.3384036873370409
1780625777840434000,16.043433837890625,-0.6729132898449898,-0.5653203456103801,0.05911094513833522
1780625777850463000,16.053462890625,-0.26270167288184165,-0.4470787277199328,-0.4600169736176729
1780625777860493000,16.0634931640625,0.25752982320189477,-0.246260095038265,-0.8463941260069608
1780625777870523000,16.07352294921875,0.5040203659951686,-0.03809825998693704,-0.8330226032584905
1780625777880552000,16.083552001953127,0.24395839396715163,-0.056216246610134836,-0.6459808592557906
1780625777890581800,16.093581787109375,-0.26883973724544047,-0.1605395215243101,-0.6220090320378542
1780625777900611800,16.10361181640625,-0.46907881647348404,-0.2467576692968607,-0.43311902981996536
1780625777910642000,16.113641845703125,-0.1688666203647852,-0.3420389750994742,0.1218926877439022
1780625777920671000,16.1236708984375,0.40368718363046646,-0.3458398286871612,0.6308949338048696
1780625777930700800,16.13370068359375,0.48633039552569385,-0.2569043847799301,1.0519447556465864
1780625777940731000,16.14373095703125,0.6083353114724159,-0.13732012010887265,1.3263620007634163
1780625777950760000,16.153760009765627,0.7414712777644396,-0.09172112910300492,1.3586813850879669
1780625777960790000,16.1637900390625,0.5380716886788607,0.045899727518111465,1.1740391034424305
1780625777970819800,16.17381982421875,0.11409107408225536,0.2532517074912786,0.8210404890418053
1780625777980850000,16.183849853515625,-0.23625673354864118,0.38119332001060247,0.538691866403818
1780625777990878700,16.193878662109373,-0.5601227769672871,0.36476562456190587,0.4319909025728702
1780625778000908800,16.20390869140625,-0.6525660828649997,0.15677081664055584,0.40896249368488785
1780625778010939000,16.21393896484375,-0.5945435174852609,-0.16003069521933794,0.4027402581691742
1780625778020968000,16.223968017578127,-0.6354138725340366,-0.4336655577868223,0.4548837023824453
1780625778030998000,16.233998046875,-0.5937625962406397,-0.6372592081397771,0.27037644529342647
1780625778041027800,16.24402783203125,-0.04308510848879814,-0.5672421074531973,-0.16367723502814768
1780625778051057000,16.254056884765625,0.6216016202807426,-0.30995997540205716,-0.25818448771834374
1780625778061087000,16.2640869140625,0.5288035095959901,-0.05770692355930805,-0.24566870501637458
1780625778071116800,16.27411669921875,0.05904723225235939,0.14830240963324903,-0.358802916765213
1780625778081147000,16.28414697265625,-0.4961088622182607,0.3939366278581321,-0.6160071612745524
1780625778091175700,16.29417578125,-0.7851461688399315,0.7360363932341337,-1.008572646909952
1780625778101205800,16.304205810546875,-1.1316805556625127,0.8921620438389479,-1.0893395435392856
1780625778111235800,16.31423583984375,-1.3202701136291026,0.7756352670423686,-1.0063713374733925
1780625778121265000,16.324264892578125,-1.2310095294207333,0.564120468301326,-0.7427285843491553
1780625778131295000,16.334294921875,-0.7701397383660078,0.22957579447999596,-0.11797872917056083
1780625778141325000,16.344324951171874,-0.6186883631825447,-0.15635376027226447,0.3797124338030815
1780625778151355000,16.35435498046875,-0.3072890026271343,-0.30195874751508234,0.4029436717867851
1780625778161384000,16.364384033203127,0.6140723938196897,0.025126696341484782,-0.06327683264613151
1780625778171414000,16.3744140625,0.8775473891615867,-0.10418079770356416,-0.14085223975777625
1780625778181443800,16.38444384765625,0.156125212213397,-0.6608516806513071,-0.02586217100918293
1780625778191473000,16.394472900390625,-0.3922007439762354,-1.1508303695514797,-0.13680384114980698
1780625778201502700,16.404502685546873,-0.640765754956007,-1.1927977260567246,-0.4877133743166923
1780625778211532800,16.41453271484375,-0.7472703194320202,-0.9811892576828598,-0.7116314352959394
1780625778221563000,16.42456298828125,-0.5958300501644611,-0.5720180896833539,-0.6471785446077585
1780625778231592000,16.434592041015627,-0.44716158369779585,-0.12542495352327823,-0.26255203527808185
1780625778241622000,16.4446220703125,-0.13206103053689003,0.1930024059727788,0.05664718537330627
1780625778251652000,16.454652099609376,0.4508581001281738,0.31743922524154183,0.03795329855829477
1780625778261681000,16.464680908203125,1.2469476877868175,0.3573974338814616,-0.14222791202515364
1780625778271711000,16.4747109375,1.665299356585741,0.33671997203379866,-0.4390001968130469
1780625778281740800,16.48474072265625,1.2684995943814514,0.22440175284296274,-0.5933344339564443
1780625778291771000,16.49477099609375,0.47610476958751674,0.15346417631059883,-0.5992895429685712
1780625778301799700,16.504799560546875,-0.35348142948150635,0.09761603236049413,-0.531053042088449
1780625778311829800,16.514829833984376,-0.7766086421191691,0.18084639649391174,-0.5047513106182218
1780625778321859800,16.52485986328125,-0.891368409243226,0.36405426142215724,-0.5486410134881734
1780625778331889000,16.534888916015625,-0.7252128014028072,0.5762471055552363,-0.6035220659717917
1780625778341919000,16.5449189453125,-0.2542640994042158,0.8282496897682547,-0.6532841680064797
1780625778351949000,16.554948974609374,0.41970775958299633,0.988402842323482,-0.5096884747594594
1780625778361979000,16.564978759765626,0.8859884697705507,0.9241498581215739,-0.026706805139780042
1780625778372008000,16.575008056640623,0.9665992990553378,0.955015536506474,0.4516626945093274
1780625778382038000,16.5850380859375,0.41525078017413614,0.7770116699621081,0.6979758349090814
1780625778392068000,16.595068115234376,-0.18186930980086324,0.6629942456379533,0.7620742130711674
1780625778402097000,16.605096923828125,-0.7905231857031584,0.6346113239794969,0.5516413643479346
1780625778412127000,16.615126953125,-1.0959878955125808,0.4198883768469095,0.3503676813751459
1780625778422157000,16.625156982421874,-1.2146586986005306,0.3303393310859799,0.025807518212497233
1780625778432187100,16.635187255859375,-1.0796060850322247,0.44176089369803667,-0.43415392582565543
1780625778442216200,16.64521630859375,-0.5503548316687346,0.6390326475530862,-0.7980442288577556
1780625778452246300,16.655246337890624,-0.0736076725244522,0.8699494813784956,-0.8689391352921724
1780625778462276000,16.665276123046876,-0.07493044556081295,0.8494985217630863,-0.7407032160013913
1780625778472306000,16.675305908203125,-0.06088321550786495,0.5273451274812221,-0.08694324717670679
1780625778482335000,16.6853349609375,-0.3084451869249344,-0.23747896881997585,0.42829000222831964
1780625778492365000,16.695364990234374,-0.6176169345587491,-0.9251464679434895,0.4236173342421651
1780625778502395100,16.70539501953125,-0.6508230385899544,-1.0513400677517055,0.1616919064298272
1780625778512424000,16.715423828125,-0.27928981958925725,-1.146656006476283,-0.056579380834102626
1780625778522454000,16.7254541015625,0.027839024040102956,-1.2951865257769821,-0.2624070738494396
1780625778532484000,16.735484130859376,0.4020850091308355,-1.295996673116088,-0.2909384640678763
1780625778542513200,16.74551318359375,0.6079466044157743,-0.991963165153563,-0.1632715768367052
1780625778552543200,16.755543212890625,0.6536100389599799,-0.5239414565175772,0.22887392982095478
1780625778562573300,16.7655732421875,0.7810884178817272,-0.32008623261898755,0.7178083703652024
1780625778572603000,16.775602783203126,0.58234805277884,-0.26030659443885085,0.7157678044483066
1780625778582632200,16.785632080078123,0.3365250339835882,-0.22026304560303686,0.5651894127070903
1780625778592662000,16.795662109375,0.3237672592192888,-0.24742460877299308,0.386373352997005
1780625778602692000,16.805692138671876,0.4123801931738853,-0.44306730012148615,0.31553543744683266
1780625778612722200,16.81572216796875,0.266390006005764,-0.7824298956185579,0.24710107590705155
1780625778622751000,16.8257509765625,0.031202362993359566,-1.050701477587223,0.18386340622752903
1780625778632781000,16.835781005859374,-0.3118734078079462,-1.2416422748550773,0.10347703334838151
1780625778642811100,16.84581103515625,-0.5436743309915065,-1.249513154360652,0.025280279467999933
1780625778652840200,16.855840087890623,-0.7560685429155826,-1.1296753533199428,0.006402998910099268
1780625778662870300,16.865870361328124,-1.0004863710880278,-0.9705158879771828,0.2522390233173966
1780625778672900000,16.875900146484376,-0.48306291816234587,-0.8162760511189698,0.7173049508877098
1780625778682930000,16.885929931640625,0.4390718007445335,-0.660197016134858,1.074065255909413
1780625778692959000,16.895958984375,1.0883785895526408,-0.5761836849302053,1.318734574624896
1780625778702989000,16.905989013671874,1.3649848691463469,-0.28312223735898734,1.5496195520073175
1780625778713019100,16.91601904296875,1.6355881089329718,0.4178457651033997,1.8734091691888868
1780625778723048200,16.926048095703123,1.85269707441926,1.1265540064290165,2.1282138052105903
1780625778733078000,16.936078125,1.3467080386996269,1.317188514226675,1.838579847870022
1780625778743108000,16.946108154296876,0.48386955837011336,0.9154451581403612,1.1574899735711515
1780625778753138200,16.95613818359375,-0.2199865667492151,0.46820758659690614,0.6202193721421062
1780625778763167200,16.966167236328126,-0.7144587676763534,0.1984679779022932,0.3232756763100624
1780625778773197000,16.976197021484374,-0.9586761048406361,0.03698796065747738,0.09562851180508732
1780625778783227100,16.98622705078125,-1.0705354743480682,-0.16630115379095076,-0.1708082559518516
1780625778793256000,16.996255859375,-1.0056213958889246,-0.3777349962502718,-0.4141914803795516
1780625778803286000,17.0062861328125,-0.6137199271202087,-0.46881724292784926,-0.5315684442646801
1780625778813316000,17.016316162109376,-0.1943675568461418,-0.6391179877489804,-0.570943446189165
1780625778823346200,17.02634619140625,-0.052691725745797155,-0.8018664174944162,-0.5323864826492964
1780625778833375200,17.036375244140626,0.16972586754262448,-0.8843333960399031,-0.3226549140632152
1780625778843405000,17.046405029296874,0.4002373354375362,-0.6955287340179085,-0.19883958769366145
1780625778853435100,17.05643505859375,0.683465078997612,-0.11462328126281499,-0.15643383977115152
1780625778863464200,17.066464111328123,0.6664701050549745,0.5443713733449578,0.04429842980131506
1780625778873494300,17.076494384765624,0.42991584986448284,1.0584589598461984,0.3422736606381833
1780625778883524000,17.086524169921876,0.0641530309587717,1.432895206812024,0.4967432145990431
1780625778893554200,17.09655419921875,-0.21905308529138565,1.552868909192085,0.3876148774906993
1780625778903583000,17.1065830078125,-0.3323462869942188,1.4735066186636685,0.028520868824422358
1780625778913613000,17.116613037109374,-0.3609451894909143,1.1529627054050564,-0.3623252456724643
1780625778923643100,17.12664306640625,-0.3507593110412359,0.6032856268674135,-0.6793753254659474
1780625778933672200,17.136672119140623,-0.347200741776824,0.07819792292416096,-0.7676091969750821
1780625778943702000,17.146701904296876,-0.44418169110417366,-0.3497776065275073,-0.7326419284902512
1780625778953732000,17.156732177734376,-0.5277531237602233,-0.40246407157629727,-0.6375352486021816
1780625778963762000,17.166761962890625,-0.45571430798768997,-0.16319909612238406,-0.5468851097315549
1780625778973791200,17.176791259765626,-0.2501601712167263,-0.02779664620310068,-0.4899364571936428
1780625778983821000,17.186821044921874,-0.028436989933252332,0.11569207953810691,-0.4262045742563903
1780625778993851100,17.19685107421875,0.17808862221837043,0.2516287824645638,-0.420965358428657
1780625779003880000,17.2068798828125,0.3140291245371103,0.28584523258209227,-0.40657369885221123
1780625779013910000,17.216909912109376,0.4959352592170238,0.2770294734418392,-0.47228024286329745
1780625779023940000,17.226940185546876,0.5805290206581354,0.29508184748291966,-0.41123219218254087
1780625779033970200,17.23697021484375,0.4172492605149746,0.3544473519042134,-0.10216595074981451
1780625779043999200,17.246999267578126,0.1391851833283901,0.5238081855267286,0.33251272960230704
1780625779054029000,17.257029052734374,-0.06844166806340217,0.6250371476873755,0.6424037314213812
1780625779064059100,17.26705908203125,-0.2789227398425341,0.4760977553248405,0.7523474765658378
1780625779074088200,17.277088134765624,-0.5890203701496124,0.10842676471024751,0.6584754530392587
1780625779084118000,17.287117919921876,-0.5737392143875361,-0.16236001494973898,0.4022118503808975
1780625779094148000,17.297148193359376,-0.24778175164759159,-0.17605623960793018,-0.03872662101835012
1780625779104178200,17.30717822265625,0.05346738629341125,-0.07764584199935197,-0.44395226626247164
1780625779114207000,17.31720703125,0.034922260299324985,0.08758680577725171,-0.5245803389430046
1780625779124237000,17.327237060546874,0.0035696751803159714,0.2905655391022563,-0.35828459197953344
1780625779134267100,17.33726708984375,0.02808160062432289,0.4056146445617079,-0.06295724530294537
1780625779144296200,17.347296142578124,-0.18493804972171782,0.5189753585428,0.3508744618535042
1780625779154326300,17.357326171875,-0.32111060723066326,0.7455816356927156,0.7495416253648698
1780625779164356000,17.367356201171877,-0.06032616614699363,0.8653320507109165,0.812349817585945
1780625779174386000,17.377385986328125,0.21766835293471812,0.793134829506278,0.6978055929087102
1780625779184415000,17.3874150390625,0.35689737540483474,0.5543339644327759,0.4865582129321992
1780625779194445000,17.397445068359374,0.3514706741809845,0.25617986989766356,0.23453064040839672
1780625779204475100,17.40747509765625,0.24352175611555574,0.0029001053556799885,0.060806789270788426
1780625779214505200,17.417505126953124,0.09990122068822384,-0.2573264095842838,-0.0732275871656835
1780625779224534000,17.427533935546876,0.002650222247838974,-0.43609220041185615,-0.11188304264396429
1780625779234564000,17.437564208984377,0.0626981559753418,-0.5602694919615984,0.027616905722022054
1780625779244594200,17.44759423828125,0.1480605637013912,-0.6273582841113209,0.1896114483602345
1780625779254623200,17.457623291015626,0.3182031953513622,-0.6926885421559215,0.36140710791423913
1780625779264653300,17.4676533203125,0.35942718614339825,-0.7268304657325149,0.5206204954013228
1780625779274683000,17.477682861328127,0.23729016824960708,-0.7227008185818791,0.5248658778861165
1780625779284713000,17.487712890625,0.20281740528345107,-0.6920400151193141,0.30075594759657975
1780625779294742000,17.497741943359376,0.25356910287737844,-0.33659488434940577,-0.15501242866590617
1780625779304773000,17.507773193359377,0.2509393388956785,-0.327554668803513,-0.14622969501242042
1780625779314802200,17.51780224609375,0.10573007297217846,-0.23308745586276053,-0.18548574673235416
1780625779324832300,17.527832275390626,-0.117622170817852,-0.155474347089231,-0.19352000010609627
1780625779334862000,17.537862060546875,-0.43094519291222094,-0.18864713337272404,-0.23050211554467676
1780625779344891100,17.54789111328125,-0.5196738622009753,-0.20247896710932253,-0.3146419957384467
1780625779354921200,17.557921142578124,-0.10600421373844146,-0.08411503801345825,-0.4529980347663164
1780625779364951000,17.567950927734376,0.23480361213088033,0.00019289222359657285,-0.5874297399573027
1780625779374981000,17.577981201171873,0.28823358902335167,0.02301964105963707,-0.6749126469686627
1780625779385009400,17.588009521484373,0.1920458359003067,0.1759679768025875,-0.6553168428778648
1780625779395039200,17.598039306640626,0.01866729106903076,0.4068792576700449,-0.593950227767229
1780625779405069300,17.6080693359375,-0.24083821612000464,0.5857707207038998,-0.5126702670492231
1780625779415098400,17.618098388671875,-0.4068658136665821,0.6025009062305092,-0.40985812735036015
1780625779425128400,17.62812841796875,-0.22030863831043243,0.5745552069455385,-0.29761662665754557
1780625779435158500,17.638158447265624,0.05583002377152443,0.2811386623263359,0.09995485057160258
1780625779445188400,17.648188232421877,-0.17895137652754783,-0.43438101257979866,0.48775955154597755
1780625779455217400,17.658217529296873,-0.5344464839190244,-0.5526654466986656,0.488136422034353
1780625779465247500,17.66824755859375,-0.31333003635704515,-0.3791527540937066,0.321266820705682
1780625779475276500,17.678276611328126,1.3143752103716135,-0.5617132610291242,0.00085310969799757
1780625779485306600,17.688306640625,0.3647545186460018,-1.304892511755228,-0.023632512260973453
1780625779495336200,17.698336181640624,-0.9688456166774034,-0.9678454997241497,0.5676449891656636
1780625779505366300,17.7083662109375,0.09333996247649193,-0.2657072844386101,0.940047830607742
1780625779515395300,17.718395263671876,0.5921294420808554,0.24212299523353575,0.35791356671005486
1780625779525425400,17.72842529296875,-0.6930652665138244,-0.359366103605926,-0.3860819688349962
1780625779535455500,17.73845556640625,-1.0332347944796085,-0.8088526231199502,-0.21853782924562692
1780625779545484300,17.748484375,-0.488622305855155,-0.5499854138344527,0.5031732476465404
1780625779555514400,17.758514404296875,0.009430676168203353,-0.13746990384310484,0.8064176510579883
1780625779565544400,17.76854443359375,0.5101975933253765,0.14673048414140938,0.5333326774582267
1780625779575574300,17.77857421875,0.6789765354067087,0.2747308411106467,-0.10613105498850345
1780625779585603600,17.788603515625,0.4695382506787777,0.5057219092160463,-0.6438537840992212
1780625779595633400,17.79863330078125,0.18286182796955108,0.6121086925312876,-0.8976773001290858
1780625779605663200,17.808663330078126,-0.05383680412769317,0.5154524451136588,-0.8067481981866061
1780625779615693300,17.818693359375,-0.1361047529697418,0.45294192066490646,-0.4813113983199
1780625779625722400,17.828722412109375,-0.1115226848989725,0.3882172272980213,-0.16582564523369073
1780625779635752400,17.83875244140625,-0.15870821444392202,0.29444033470898867,0.12127820910736918
1780625779645782500,17.848782470703124,-0.21294483154416083,0.07048895598202944,0.28525106608122586
1780625779655811300,17.858811279296877,-0.23460662825405595,-0.1982958362057805,0.29941271629408
1780625779665841400,17.86884130859375,-0.30735797621011735,-0.3888964417338371,0.25515827176496386
1780625779675871500,17.87887158203125,-0.2286322300195694,-0.7180547463417053,0.16540668916925788
1780625779685901300,17.8889013671875,-0.16856266898214817,-0.8873211796790361,0.10799202655479312
1780625779695930400,17.898930419921875,-0.05432546442747116,-0.9512307572707533,-0.06529723255783319
1780625779705960200,17.908960205078124,-0.012414660415053368,-0.9129024879202247,-0.2641989257022738
1780625779715990300,17.918990234375,0.06679448537826538,-0.7786284575089811,-0.41295828532278533
1780625779726019300,17.929019287109377,0.06476911703050137,-0.5425871202766895,-0.49479982544630763
1780625779736049400,17.93904931640625,0.0615343728929758,-0.34184505996257064,-0.599960427967459
1780625779746079500,17.94907958984375,-0.004609539622068405,-0.41877632395178077,-0.5589531486660242
1780625779756109600,17.959109619140627,-0.16007015044689177,-0.5845473163887858,-0.3110417792893946
1780625779766138400,17.969138427734375,-0.4007335945218801,-1.2319283978313207,0.5042103356093168
1780625779776168400,17.97916845703125,-1.5109581051796674,-5.131866044604778,4.329261668224633
1780625779786198300,17.9891982421875,-5.81359743167758,-11.706115839856862,9.950502006095647
1780625779796227300,17.999227294921877,-1.2380910121142863,-5.91684387114048,4.4064302481010555
1780625779806257400,18.00925732421875,6.403023460018634,7.297571668341756,-7.12042471088767
1780625779816287200,18.019287353515626,3.8335482350647445,5.501573801743984,-5.247372246181965
1780625779826317300,18.0293173828125,-0.1222761341035366,1.8810694746837018,-6.967758114695549
1780625779836346400,18.039346435546875,0.13463058876395226,0.35525457663387056,-2.928163867689669
1780625779846376400,18.04937646484375,-1.9488766442358492,0.40689328619539733,0.45909401355385776
1780625779856406500,18.059406494140624,-0.9037859922677278,2.1533239888086912,0.5771062066026031
1780625779866435300,18.069435302734377,0.21716157245635986,2.102820128495991,0.2925003796223551
1780625779876465400,18.07946533203125,0.04749064997136593,0.9569564414411783,-0.5505670131146907
1780625779886495200,18.0894951171875,-2.256045235353708,-0.6988114089503884,-1.4037657045699654
1780625779896525300,18.099525390625,-2.1724387313842772,-1.3559066596776246,-1.2049888799142092
1780625779906554400,18.109554443359375,0.08188508700430393,-0.622298370373249,-1.0786071371227501
1780625779916584400,18.11958447265625,4.456705852615833,0.287363820451498,0.0863850287720561
1780625779926614300,18.1296142578125,4.017914622378349,1.4561419346258044,1.777054096674919
1780625779936643300,18.139643310546877,2.0351509061098096,1.7267720624193548,1.4870755636803805
1780625779946673400,18.14967333984375,0.7696727053761482,1.7702596142292022,0.19340696818567812
1780625779956703500,18.159703369140626,0.06405073962807654,1.5808376970916986,-0.4949532624423504
1780625779966733600,18.169733642578127,-0.2660223417371511,1.4074500921711324,-0.6262020998135208
1780625779976762400,18.179762451171875,-0.17843115204572677,1.8100380823880433,-0.6327725642450154
1780625779986792400,18.18979248046875,0.003661445116996765,2.203257648018002,-0.6033213192353025
1780625779996822300,18.199822265625,-0.008840309059619904,2.281681780913472,-0.40595757624786344
1780625780006852400,18.209852294921873,0.04668927046060562,1.9754057547211645,-0.01970879034544341
1780625780016881400,18.21988134765625,0.3035679362773895,1.1537713914394379,0.6250731688488275
1780625780026911500,18.229911376953126,0.3848322610348463,0.41127106288820503,1.0454711026530712
1780625780036941300,18.23994140625,0.49153731651902194,-0.31649902178198097,1.3712991668596863
1780625780046970400,18.249970458984375,0.25064064821004867,-0.9289891148462891,1.75339951871261
1780625780057000400,18.26000048828125,-0.6998106491208076,-1.084256541186571,1.6443740574568508
1780625780067030500,18.270030517578125,-0.9417080189049243,-1.2277440978839993,1.4012918618023396
1780625780077060400,18.280060302734373,-1.3666226994812487,-1.4434256609156726,1.2153199389882385
1780625780087089400,18.29008935546875,-1.6386515881568193,-1.400436706277728,0.822361873838678
1780625780097119200,18.300119140625,-1.3352537477493285,-0.8940262302756309,0.49973940074034034
1780625780107149300,18.3101494140625,-0.6340951911509036,-0.07493190686553716,-0.020481464351527392
1780625780117178400,18.320178466796875,0.03129179484248161,0.3226686503276229,-0.17201090973988176
1780625780127208400,18.33020849609375,0.035088849037885665,0.005803717842698097,-0.0011986717326566577
1780625780137238500,18.340238525390625,-0.11117138724327087,0.04377016814351081,0.04275167528335005
1780625780147268400,18.350268310546873,0.22642624440789222,0.2165481167331338,0.21654534025415778
1780625780157297400,18.36029736328125,0.44856326718926426,0.20439766021221875,0.12362711032107472
1780625780167327500,18.370327392578126,0.31842063749432564,0.18176146551221609,0.04601381888445467
1780625780177357300,18.380357421875,0.2901929063975811,0.15574527298510074,-0.039733825299516315
1780625780187386400,18.390386474609375,0.18705284991860388,0.017747253614664078,-0.10201770138554274
1780625780197416200,18.400416259765624,0.08311842819154262,-0.11478753191381692,-0.1732209796493873
1780625780207446300,18.4104462890625,-0.024774375772476195,-0.17193594480752944,-0.26813210043273866
1780625780217476400,18.420476318359373,-0.162962364757061,-0.20124854853153226,-0.3250956948114559
1780625780227505400,18.43050537109375,-0.18924480700492857,-0.17500439246743915,-0.28004301257673647
1780625780237535500,18.440535400390626,-0.11851999644041061,-0.16810557286441324,-0.24264259866084903
1780625780247565300,18.4505654296875,-0.030292262411117554,-0.18680764298588037,-0.23464023826271294
1780625780257594400,18.460594482421875,-0.061386488854885096,-0.18661533528417348,-0.19323190387971698
1780625780267624400,18.47062451171875,-0.060418520605564116,-0.17091215471774338,-0.20813469131607562
1780625780277654500,18.480654541015625,-0.022825579792261123,-0.10377104785889386,-0.2405612623421475
1780625780287684400,18.490684326171873,-0.07156535304188728,-0.08264262737333775,-0.22717439589407293
1780625780297713200,18.500713134765626,-0.09280863207876681,-0.0028077508971095086,-0.22084018790386617
1780625780307743200,18.5107431640625,-0.09602876316905021,0.015614040978252888,-0.2345914672175422
1780625780317773300,18.520773193359375,-0.12543372135162353,0.02683890708684921,-0.2244676576860249
1780625780327803400,18.530803466796876,-0.09567512742578983,0.025660218696296214,-0.1319259329151362
1780625780337832400,18.54083251953125,-0.06828267810940743,-0.02455897945612669,0.0159368066592142
1780625780347862500,18.550862548828125,-0.11659224324822424,-0.20428484748750925,0.19347108293045312
1780625780357892400,18.560892333984373,-0.15361936687231062,-0.2939917141586542,0.28485490637049077
1780625780367921400,18.57092138671875,0.03455927220582962,-0.2906961797446012,0.20275668807215988
1780625780377951500,18.580951416015626,0.14827683680057524,-0.32727672864496704,0.13495441389083862
1780625780387981000,18.59098095703125,0.17948913666605948,-0.39906829165816304,0.18557269436344503
1780625780398011100,18.60101123046875,0.2942255229145288,-0.4276721625909209,0.29509054224602876
1780625780408040000,18.6110400390625,0.4307371031194925,-0.4314277157321572,0.3801857869358733
1780625780418070000,18.621070068359376,0.3916828575819731,-0.40830870595127344,0.3760128121001646
1780625780428100000,18.63110009765625,0.28402035524249075,-0.28910511116087434,0.3413615142293274
1780625780438129200,18.641129150390626,0.17629706262648104,-0.12233750890195369,0.2450836716700345
1780625780448159000,18.651158935546874,-0.044212066692113874,-0.043026948560774325,0.11237524660769849
1780625780458189000,18.66118896484375,-0.23722236371040342,-0.04182575607746839,0.0380506945181638
1780625780468219100,18.67121923828125,-0.3801163384288549,-0.08718845410943031,-0.026434016080386934
1780625780478248200,18.681248291015624,-0.37834582162499425,-0.056148880462348456,-0.13283687374759465
1780625780488278300,18.6912783203125,-0.21394085684418676,0.049265258428454396,-0.1781518601803109
1780625780498308000,18.70130810546875,-0.12107435709834098,0.10224836833626032,-0.17636724178586155
1780625780508337000,18.7113369140625,-0.12275427300930022,0.14208967259824276,-0.1283640757150948
1780625780518367000,18.721366943359374,-0.06658522654175758,0.21177432646006344,-0.11057075446899979
1780625780528397000,18.73139697265625,0.012989245432615279,0.21938100207149983,-0.06178706901241093
1780625780538427100,18.74142724609375,0.01608838049173355,0.16218232029527424,0.01772621082663536
1780625780548456200,18.751456298828124,0.040647652208805084,0.09075666798502206,0.0935349370593205
1780625780558486000,18.761486083984376,0.06707973206043243,0.025682430528104302,0.09724928140733391
1780625780568516000,18.77151611328125,-0.007985738056898117,0.009416647642850875,0.08158778455816208
1780625780578546000,18.7815458984375,-0.09707038117647171,0.054125265680253505,0.08280881425309926
1780625780588575200,18.7915751953125,-0.13233341773748397,0.08178747184872627,0.04081672516539692
1780625780598605000,18.80160498046875,-0.03859598037600517,0.15524258415997028,0.020112265712954103
1780625780608635100,18.81163525390625,-0.06376666198968887,0.15773498549759388,-0.08132401905544101
1780625780618664000,18.821663818359376,-0.12947276760935783,0.10885317342877388,-0.16022877507470548
1780625780628694000,18.831694091796876,-0.14287819262742996,0.08302139755785465,-0.12347224855292588
1780625780638724000,18.84172412109375,-0.07334113054275512,0.04446370336562395,-0.06405830188002437
1780625780648754200,18.851754150390626,0.12381927189230918,0.0353334714487195,-0.004279138623923063
1780625780658783200,18.861783203125,0.16848258948326109,-0.0789738757327199,-0.006141498429700732
1780625780668813000,18.87181298828125,0.10775018062293529,-0.19403788650035858,0.09034626055322587
1780625780678843100,18.881843017578124,0.13740122252106665,-0.2764887906938791,0.17045812733992932
1780625780688872200,18.8918720703125,0.17913257831335067,-0.2776289006397128,0.16711751167513428
1780625780698902000,18.901902099609377,0.13067746722400186,-0.2649076584935188,0.14775705071017145
1780625780708932000,18.91193212890625,0.09155483262538909,-0.2226882269233465,0.14629676889926194
1780625780718962200,18.921962158203126,0.0009288052827119827,-0.17459698071032762,0.12485314498469233
1780625780728991000,18.931990966796874,-0.032440964877605435,-0.12861147460490466,0.08826057685296981
1780625780739021000,18.94202099609375,0.03418751628398895,-0.08003069130927323,0.06434369469266385
1780625780749051100,18.952051025390624,0.019853870505094528,0.0010065466940402984,0.10180288959108293
1780625780759081200,18.962081298828124,-0.14337328266799448,0.04304886813163757,0.15259784180484712
1780625780769110300,18.9721103515625,-0.19793255585134029,0.02518061848580837,0.11023476398028433
1780625780779140000,18.98214013671875,-0.09491057279407977,-0.028762568625807762,0.010824541679397224
1780625780789170000,18.992169921875,-0.04743862752318382,-0.11375438947379589,-0.08709423648733645
1780625780799199200,19.00219921875,-0.06463000082075596,-0.1360959851413965,-0.11792831415757536
1780625780809229000,19.01222900390625,0.014983634120225905,-0.09869389072507619,-0.1468540009232238
1780625780819259100,19.022259033203124,0.08169277930259704,-0.026238018584251403,-0.1715684997346252
1780625780829289200,19.032289306640624,-0.024913491982221602,0.020326748713850974,-0.11209149776287376
1780625780839318000,19.042318115234377,-0.03728022160232067,0.0033440497308969497,-0.012800737123191356
1780625780849348000,19.05234814453125,-0.05807867948114872,-0.03243365835398435,-0.043399690863303836
1780625780859378200,19.062378173828126,-0.04779986205101013,-0.012019523617625236,-0.06250957460068166
1780625780869407200,19.0724072265625,0.008814590096473693,0.017410861267149448,-0.09012629765961319
1780625780879437300,19.082437255859375,0.008688917890191078,0.030128304021060464,-0.09060608053319155
1780625780889467000,19.092466796875,0.05558686266541481,0.01791734948456287,-0.09024206952638923
1780625780899497000,19.1024970703125,0.073298460444808,-0.03741320033222437,-0.046180151894688604
1780625780909526000,19.112526123046877,0.08723287777304649,-0.05022358206659555,-0.007419811269827187
1780625780919556000,19.12255615234375,0.0777472565472126,-0.0629310879483819,0.08474624858908354
1780625780929586200,19.132586181640626,0.010303951871395111,-0.05611147106140851,0.14007095318697393
1780625780939615000,19.142614990234375,-0.07039747830629349,-0.060954527178406714,0.15036485858839005
1780625780949645000,19.15264501953125,-0.05558803170919418,-0.09033055152744054,0.11254859388060867
1780625780959675100,19.162675048828124,-0.0076566522330045695,-0.07465338218510151,0.12355835593380034
1780625780969705200,19.172705322265625,-0.009483283138275145,-0.03829232125431299,0.09594250965770333
1780625780979734300,19.182734375,-0.02037058785557747,-0.08625672621726989,0.09435995317399501
1780625780989764000,19.19276416015625,-0.03552957854270935,-0.08730126683413982,0.05259798304773867
1780625780999794000,19.2027939453125,-0.033249943172931666,-0.06993161436021328,0.015655907358601687
1780625781009824000,19.212823974609375,-0.03806815710961819,-0.03418956211060285,-0.00043378830738365645
1780625781019853000,19.22285302734375,-0.05078443081974983,0.0002937222495675087,0.011558956901170312
1780625781029883100,19.232883056640624,-0.052499418044090265,0.0035951018825173377,0.007674735878966749
1780625781039913200,19.242913330078125,-0.04258358870744705,-0.03415653662383556,0.0030517887860536572
1780625781049942000,19.25294189453125,0.0025607903987169265,-0.07183189502358436,-0.007707322974316776
1780625781059972000,19.26297216796875,0.06311433556079864,-0.09868775324523449,-0.015294526700302957
1780625781070002200,19.273002197265626,0.14483108026087282,-0.03274462399929762,0.002049954799748957
1780625781080032000,19.283031982421875,0.11535305684208869,0.011485855132341384,-0.002927285623550415
1780625781090061300,19.293061279296875,0.03833645265698433,0.03635200084149837,-0.023988924483209845
1780625781100091000,19.3030908203125,-0.056552492827177045,0.02016834328174591,-0.002086523950472474
1780625781110121000,19.313120849609376,-0.14025135125517843,0.03289163125455379,0.0247359434582293
1780625781120150000,19.32314990234375,-0.1101508120238781,0.031678456072509284,0.02302694758325815
1780625781130180000,19.33318017578125,-0.08871113363206386,0.037977848477661606,-0.039138708950579165
1780625781140210200,19.343210205078126,-0.05775193174481392,0.03247837427854538,-0.12015526949204504
1780625781150240300,19.353240234375,-0.023908114331960675,-0.006695405985414981,-0.19392273568809032
1780625781160269000,19.36326904296875,-0.027247487887740132,-0.012973463341593742,-0.21977548128180205
1780625781170299100,19.373299072265624,0.05915536880195141,-0.035679508407413955,-0.21128274355083704
1780625781180329000,19.383328857421876,0.09737374803721904,-0.06819383078217506,-0.08688961729332804
1780625781190359000,19.393359130859373,0.0833458072066307,-0.10324030198305845,0.053635363271459936
1780625781200388000,19.40338818359375,0.09866261880397796,-0.14571195474863052,0.1342129478737712
1780625781210418000,19.41341796875,0.025583938589692115,-0.16264964554607866,0.19146387129388748
1780625781220448000,19.423447998046875,-0.053398412710428236,-0.21817484115213154,0.254218068305403
1780625781230477000,19.43347705078125,-0.16102525921463964,-0.22049363948851822,0.1877699121467769
1780625781240507100,19.443507080078124,-0.1005436102449894,-0.12619827598333358,0.06091631405986845
1780625781250537200,19.453537109375,0.025583938589692115,-0.017788462407886983,-0.02894990789145231
1780625781260567300,19.4635673828125,0.054334232255816454,0.04449614433050155,-0.08204458841495216
1780625781270596000,19.47359619140625,-0.0143172791659832,0.10948065767735242,-0.07890336777977645
1780625781280626200,19.483626220703126,-0.009829320096969603,0.0823392605125904,-0.050603740490600464
1780625781290656000,19.493656005859375,-0.031359014859795566,0.01610240901708603,0.004375365540012717
1780625781300686000,19.50368603515625,-0.04642039039134979,-0.011365443623065947,0.044787236231565476
1780625781310715100,19.513715087890624,0.010668693530559539,0.007216214989125728,0.041796968374401326
1780625781320745000,19.523744873046876,0.0287128842651844,0.03452712350189686,-0.0013096943590790032
1780625781330775000,19.533775146484373,-0.003497778987884521,0.031003041028976438,-0.02589782684445381
1780625781340804000,19.54380419921875,-0.06462006394863128,0.0010980243697762489,0.00016819617375731468
1780625781350834200,19.553834228515626,-0.059875499770045276,-0.036710020498931406,0.046685398003086444
1780625781360864300,19.5638642578125,-0.03633738779425621,-0.05114654213041067,0.029949878714233637
1780625781370894000,19.57389404296875,-0.021482933011651037,-0.06617810704559088,-0.008813494117930532
1780625781380923600,19.583923583984376,0.01208382102549076,-0.04278671006411314,-0.04659026706553995
1780625781390953700,19.59395361328125,0.04145078528523445,0.028683950431644914,-0.07398439688235521
1780625781400983800,19.60398388671875,0.06506663867235184,0.05274900889098644,-0.08172405122369528
1780625781411012600,19.6140126953125,0.058007367810606954,0.05210954194366932,-0.058268576030060644
1780625781421042700,19.624042724609374,0.059091655915975566,0.054369595830142496,-0.051018239575624465
1780625781431072800,19.63407275390625,0.04401099116206169,0.03482610644847155,-0.0279318168900907
1780625781441102800,19.644102783203124,0.006812602624297142,-0.01793400835841894,-0.009825009248033166
1780625781451132000,19.6541318359375,-0.05699263781011104,-0.07048749467730522,0.005172434201836586
1780625781461161700,19.66416162109375,-0.046422728478908534,-0.10652648404687642,0.023100085884705183
1780625781471191600,19.674191650390625,-0.015466449201107024,-0.12186521521508693,0.019924962979927657
1780625781481221600,19.6842216796875,0.004796586626768112,-0.11347615705430507,0.025551278429105876
1780625781491250700,19.694250732421875,-0.018790040665864944,-0.08678425722271203,0.031922713157162066
1780625781501280800,19.70428076171875,0.011691022315621375,-0.043213703304529186,0.021594759355671702
1780625781511310800,19.714310791015624,0.051584056764841076,-0.04216711686104536,-0.027153124135173855
1780625781521339600,19.724339599609376,-0.009767360776662825,-0.04306172761321068,-0.06226754600573331
1780625781531369700,19.73436962890625,-0.026983868515491484,-0.02759264806360006,-0.05329524459689855
1780625781541399800,19.74439990234375,0.01824643530845642,-0.003924479967355728,-0.08336706919036806
1780625781551429600,19.7544296875,0.05616553933620452,-0.01918576198518276,-0.08220533193461596
1780625781561459000,19.764458984375,0.030418519139289855,-0.04371493082493543,-0.05941697888020426
1780625781571488800,19.77448876953125,0.04149053277373314,-0.037467268607020376,-0.0126808736031875
1780625781581518600,19.7845185546875,0.030394553741812703,-0.022885201025009155,0.0121583475664258
1780625781591548700,19.794548583984376,-0.010583353334665297,0.027560499359667298,0.05666512288879603
1780625781601577700,19.80457763671875,-0.046419221347570414,0.004820552024245262,0.11018157248832285
1780625781611607800,19.81460791015625,-0.13818214376568794,-0.0611880436733365,0.09131470372658222
1780625781621638000,19.824637939453126,-0.10812719724178313,-0.08617635445743799,0.06719513860102742
1780625781631666700,19.834666748046875,-0.004140753066539764,-0.09809534031003712,0.016020174093730747
1780625781641696800,19.84469677734375,0.039729952841997145,-0.08039251035898923,-0.050962709996104236
1780625781651726800,19.854726806640624,0.037189620709419245,-0.05994271978735923,-0.06181907158587128
1780625781661756700,19.864756591796876,0.034870237851142884,-0.06890957783609629,-0.009302629341743886
1780625781671785700,19.87478564453125,0.04203822978436947,-0.07275017891228198,-0.00461706534139812
1780625781681815800,19.88481591796875,0.029650457376241682,-0.003731295482814312,0.021309951064921916
1780625781691845600,19.894845703125,0.004835165071487427,0.03679389939010143,0.024803747997432946
1780625781701875700,19.904875732421875,-0.039536476096510884,0.0756491152241826,-0.031460575538128616
1780625781711904800,19.91490478515625,-0.049751580640673636,0.06624941871613264,-0.06081990448068827
1780625781721934800,19.924934814453124,-0.10756021100878715,0.0320984350502491,-0.06543616610448807
1780625781731965000,19.93496484375,-0.07328034026622772,0.016764087796211243,-0.06866422477290034
1780625781741993700,19.94499365234375,0.01104161849617958,-0.0023170447707176207,0.0024188611773774027
1780625781752023800,19.95502392578125,0.03234276520013809,-0.0727300129070878,0.025707090045325457
1780625781762053600,19.9650537109375,-0.013272738549113273,-0.13052344570606947,0.045710926947742696
1780625781772083700,19.975083740234375,0.011492869395017624,-0.16877368138432502,0.04904474754557013
1780625781782112800,19.98511279296875,0.027922610670328137,-0.17895166878849267,0.04421959241144359
1780625781792142800,19.995142822265624,0.05538754070103168,-0.09256722453832626,0.06397164650987833
1780625781802172700,20.005172607421876,0.09297697438299656,-0.01770750612616539,0.09077055037990212
1780625781812201700,20.01520166015625,0.02209843456149101,0.0043473815545439715,0.06977678912468255
1780625781822231800,20.025231689453125,-0.029247137272357938,0.022163608752191064,0.04863974694125354
1780625781832262000,20.035261962890626,-0.07287409755289555,0.06339519832879305,0.04498297799937427
1780625781842291700,20.045291748046875,-0.09934183323979377,0.06758885062634945,0.03880735810436308
1780625781852320800,20.05532080078125,-0.046188919723033905,0.028709961655735968,0.00765226831883192
1780625781862350600,20.0653505859375,-0.047265024521946905,-0.013315408647060394,-0.037709625995531675
1780625781872380700,20.075380615234376,-0.040886721661686894,-0.048128655613958835,-0.0739363930221647
1780625781882410800,20.08541064453125,-0.016871639823913574,-0.051179859878122805,-0.11855061077438295
1780625781892439800,20.095439697265626,-0.018705284991860388,-0.055417059056460855,-0.13593516855649648
1780625781902470000,20.105469970703126,0.024715923583507535,-0.04859598086476326,-0.06466499906890094
1780625781912499700,20.115499755859375,0.02228898869752884,-0.041272798369824885,0.0722939230447635
1780625781922528800,20.12552880859375,-0.003704699736833572,-0.02743716524094343,0.11024123025368898
1780625781932558800,20.135558837890624,0.12925766355395316,-0.060464697834849354,0.06511256017331034
1780625781942589000,20.1455888671875,0.05408171879947185,-0.061553077593445776,0.08312014522459357
1780625781952618800,20.15561865234375,-0.035707857719063756,-0.07613894456773995,0.052063218583911657
1780625781962647600,20.1656474609375,-0.055585693621635436,-0.03161123605519533,-0.06173135676980018
1780625781972677600,20.175677734375,-0.09945347692072391,0.043853754773736,-0.03722056383695453
1780625781982707700,20.185707763671875,-0.07816343613266945,-0.004261749097704887,0.007672215128317475
1780625781992737800,20.19573779296875,-0.11280454140305518,-0.11013649123758076,-0.021908903338760135
1780625782002766800,20.205766845703124,-0.06406359910964965,-0.0171297062382102,0.034193471100740135
1780625782012797000,20.215796875,-0.011167290702462196,-0.02979863367527723,0.00921279563382268
1780625782022826800,20.22582666015625,0.013293196815252303,-0.04924480016231537,0.002123641090467572
1780625782032855800,20.235855712890626,0.041838907819986344,-0.04640577734410763,-0.004164426203072071
1780625782042886000,20.245885986328126,0.06592354776263237,-0.04358458244353532,-0.022646716094017028
1780625782052915700,20.255915771484375,0.02376549099087715,0.0054614802762866016,0.01168532322719693
1780625782062945800,20.26594580078125,-0.08422083647549151,0.026972178077697754,0.07152692072764039
1780625782072974600,20.275974609375,-0.07194646131396293,0.024072364982962606,0.07169825870655476
1780625782083004700,20.286004638671876,-0.08997545447945594,0.06295856047719717,0.06389087289124727
1780625782093034800,20.29603466796875,-0.1004471641331911,0.05117693726867437,0.046556109067611394
1780625782103064800,20.30606494140625,-0.011882160973548888,0.02559592128843069,0.04806684242412448
1780625782113094000,20.316093994140626,0.015709025785326958,0.0015264789149165153,0.059299782241322097
1780625782123123700,20.326123779296875,0.010932897424697875,-0.019338906720280647,0.06146532624475658
1780625782133153800,20.33615380859375,0.024093407770991324,-0.06435410648882389,0.0499674153484404
1780625782143182800,20.346182861328124,0.02962123128175735,-0.07716448822319508,0.08348495994899421
1780625782153212700,20.356212646484376,0.03452127828299999,-0.08341536531150341,0.12198690536599606
1780625782163242800,20.36624267578125,-0.011304068824648857,-0.09416676868945359,0.09958492128066718
1780625782173272800,20.37627294921875,-0.01169043779373169,-0.07349222945123911,0.08358838379085064
1780625782183301600,20.386301513671874,-0.028154665860533713,-0.04964461313486099,0.07871748981885611
1780625782193331700,20.396331787109375,-0.03815641991496086,-0.026855565960705277,0.04330269676223397
1780625782203361800,20.40636181640625,0.021112346133589744,0.016156185030937194,0.021892280997522173
1780625782213390800,20.416390869140624,0.06230886439681053,-0.008725742769241332,-0.0014096841348335146
1780625782223421000,20.4264208984375,-0.0012432780593633651,-0.057387774607539174,0.008393697803281247
1780625782233450800,20.43645068359375,-0.014032032483816147,-0.08215659742206334,0.025597382593154906
1780625782243480600,20.44648046875,-0.0016834230422973632,-0.07531856809556484,0.03282715118359774
1780625782253509600,20.456509521484374,-0.011787468427419661,-0.07325169869363307,-0.012558160538971424
1780625782263539700,20.466539794921875,-0.014196867656707763,-0.04949497553110122,-0.035131738331541415
1780625782273569800,20.47656982421875,-0.03164133893251419,-0.06538549536317587,-0.027194296395778656
1780625782283600000,20.486599853515624,-0.03091244013607502,-0.044641982541978355,-0.024384718867763874
1780625782293628700,20.496628662109377,-0.005167758026719093,-0.007374035899341106,-0.05418083179239183
1780625782303658800,20.50665869140625,0.034330139625072476,0.027776480197906493,-0.013054310025461017
1780625782313688800,20.516688720703126,0.03709317459762096,0.026656243996322153,0.010477591405250132
1780625782323718000,20.5267177734375,0.007213000118732452,-0.011861994968354701,0.05463825670368969
1780625782333748000,20.536748046875,0.060842883497476574,0.028358079478144643,0.06444963928516954
1780625782343777500,20.546777587890624,0.06782675103545188,0.08818798654079436,0.07318710902482271
1780625782353807600,20.5568076171875,-0.018498948764801026,0.09427022906392812,0.12703184073064475
1780625782363836700,20.566836669921877,-0.09659691844582557,0.013042436924576758,0.13302344582825898
1780625782373866800,20.57686669921875,-0.15781272690892217,-0.049371056890487666,0.09477967642340808
1780625782383897000,20.58689697265625,-0.13594167136251925,-0.045078328132629394,0.08512162124011666
1780625782393927200,20.59692724609375,-0.06251110897064209,-0.0427992772847414,0.022718064297176897
1780625782403956000,20.6069560546875,0.030216274565458296,-0.022060732899606226,-0.0520088580481708
1780625782413986000,20.616986083984376,0.030891981869935987,-0.017973463585972786,-0.05445928340759128
1780625782424016000,20.627015869140624,0.09063830230236053,-0.0037257425248622893,-0.028735972879827022
1780625782434045200,20.637045166015625,0.12404781995117664,0.017169161465764044,-0.03080645901095122
1780625782444075000,20.647074951171874,0.061304655790328975,-0.0005529577076435089,-0.08952014846000819
1780625782454104800,20.657104736328126,-0.00868015006184578,-0.03242138339430094,-0.1818852380223572
1780625782464135000,20.667135009765627,-0.07788987988829613,-0.03815641991496086,-0.25482136796079574
1780625782474164000,20.6771640625,-0.07325111417174339,-0.052879649533331394,-0.2276581242904067
1780625782484194000,20.687194091796876,-0.09566168342232703,-0.0648024347782135,-0.12052885204479098
1780625782494224100,20.69722412109375,-0.11375965017080307,-0.11357815612405538,0.0518576495418325
1780625782504254200,20.707254150390625,-0.07921791362166404,-0.13288929805457592,0.1666375826710835
1780625782514283000,20.717282958984374,0.010078326421976088,-0.13558277492225168,0.19724022620562462
1780625782524313000,20.72731298828125,0.042592941057682035,-0.16781769583374262,0.1790240399049595
1780625782534343000,20.737343017578127,0.012592939591407774,-0.1780479979470372,0.10874576753154397
1780625782544372000,20.7473720703125,0.03661971186697483,-0.1621928416892886,0.020550547532364724
1780625782554402000,20.757402099609376,0.02150339127779007,-0.13791414047926664,-0.08667743584737181
1780625782564432000,20.767431884765625,0.0010486322700977325,-0.07527297538816928,-0.09748948337137699
1780625782574462000,20.7774619140625,0.07021276938915252,0.02401215922832489,-0.02567815621178597
1780625782584491000,20.787490966796874,0.11173311277925968,0.08139525766074657,0.02212057332806289
1780625782594521000,20.79752099609375,0.07947627229690551,0.09870821151137352,0.062350876907631754
1780625782604551200,20.80755126953125,0.05618775116801262,0.14431962360739706,0.07616681895535439
1780625782614581000,20.8175810546875,0.036329204487800595,0.12154928113371133,0.02101809197887778
1780625782624610000,20.827610107421876,-0.06338964537084102,0.1068280973419547,-0.05542736125476658
1780625782634640000,20.837639892578125,-0.1035714336335659,0.12237082664966582,-0.10488759426604956
1780625782644670000,20.847669921875,-0.10785597908496856,0.1423538764923811,-0.1275060706462711
1780625782654699000,20.857698974609374,-0.16062544624209404,0.12577800474464892,-0.15711108144558966
1780625782664729000,20.86772900390625,-0.15666004974246023,0.08089110753089189,-0.16160627397298813
1780625782674759000,20.877759033203127,-0.09161328481435775,0.04098901299238205,-0.10724416732955723
1780625782684789000,20.8877890625,-0.0501017092525959,-0.035352760671079154,-0.09194715641122311
1780625782694818000,20.897818115234376,0.013621698117256163,-0.08749912749379873,-0.049982503319717944
1780625782704848100,20.90784814453125,0.016316344028711318,-0.12078735685050487,0.038691476639732714
1780625782714878200,20.917878173828125,0.0328910467326641,-0.10735621286928652,0.1484169028583914
1780625782724908000,20.927907958984374,0.06688800888061523,-0.10027151530534029,0.19402623259518295
1780625782734936800,20.937936767578126,-0.02028290957212448,-0.1283349957510829,0.07926047412175685
1780625782744967000,20.947966796875,-0.08091770327687263,-0.07104951247423887,-0.008008205617032945
1780625782754997000,20.9579970703125,-0.10423077432513236,0.020737083080410956,-0.039585502870008345
1780625782765026000,20.968026123046876,-0.11180442444980143,0.06783990277796983,-0.03743807904515415
1780625782775056100,20.97805615234375,-0.049590837121009826,0.08969546849429606,-0.00572104452792555
1780625782785086000,20.9880859375,0.0351484702706337,0.031843291245400904,0.012135624277964234
1780625782795116000,20.998115966796874,0.08623568342924118,-0.03558306229561567,0.029219628210924563
1780625782805145000,21.00814501953125,0.08319032438397407,-0.11449380966424941,0.08752886504493654
1780625782815175200,21.018175048828127,0.1337654963672161,-0.16617840419411659,0.12189115337394177
1780625782825205000,21.028205078125,0.12130582776665687,-0.19936814161241054,0.05413414310645312
1780625782835235000,21.038235107421876,0.07138532029986382,-0.201055071786046,-0.0630856209229678
1780625782845264000,21.048263916015625,0.06923135713636874,-0.18618366586863994,-0.11805321917887776
1780625782855294000,21.0582939453125,-0.02899579285979271,-0.13435177182257174,-0.1630582263469696
1780625782865324000,21.068323974609374,-0.14994389322996138,-0.05750380220264196,-0.14178159302975982
1780625782875353000,21.07835302734375,-0.19698387682437896,-0.03714665835052729,-0.09215714590009301
1780625782885383200,21.088383056640627,-0.1674935784459114,-0.030512042641639706,-0.07678560844082385
1780625782895413000,21.0984130859375,-0.15133505532741545,-0.07009528048932552,-0.04563504869993776
1780625782905443000,21.108443115234376,-0.06318798531889915,-0.10541238532513379,-0.03750409348607063
1780625782915472100,21.11847216796875,0.07325228321552277,-0.13408786018937827,0.02508077484052628
1780625782925502000,21.128501953125,0.19996961463689802,-0.11098726284801959,0.07202423925790935
1780625782935532000,21.138531982421874,0.2622282101511955,-0.06812339589446782,0.11495901602320373
1780625782945562000,21.14856201171875,0.21958500021100044,-0.06245499486923217,0.14152184611503035
1780625782955591000,21.1585908203125,0.15065233376026152,-0.033305765013396736,0.14328319323174654
1780625782965621000,21.16862109375,0.05891396126151085,0.011025251883268356,0.13336466048136353
1780625782975651000,21.178651123046876,-0.0815899034500122,0.07187222703397274,0.08065671425312756
1780625782985680100,21.18868017578125,-0.14531798699498175,0.09728080905675887,0.0069936948122456665
1780625782995710000,21.1987099609375,-0.17903204054832458,0.0931163828536868,-0.003418758934922516
1780625783005740000,21.208739990234374,-0.2287275070875883,0.012443886509537696,-0.03634491351358592
1780625783015769900,21.218769775390626,-0.1736228749811649,-0.04323006991744041,-0.05728201267812401
1780625783025799000,21.228798828125,-0.09611761049628258,-0.10733049390614031,-0.028040574494190514
1780625783035829000,21.2388291015625,-0.03822773158550262,-0.14841566074937582,0.005054616508446633
1780625783045859000,21.248859130859376,0.0859036749958992,-0.10096037435233593,0.07673157669864594
1780625783055889200,21.25888916015625,0.126014736109972,-0.03514437861740589,0.21216617532186208
1780625783065918000,21.26891796875,0.13356208274960518,0.021807634921371936,0.29753855645265426
1780625783075948000,21.278947998046874,0.12626900313198566,0.14678952085226774,0.28328119078036396
1780625783085978000,21.28897802734375,0.14612170459330082,0.2515475339218974,0.2590740935018286
1780625783096007200,21.299007080078123,0.004926350486278533,0.24641250912100074,0.24092088943477719
1780625783106037000,21.309037109375,-0.13484861542880533,0.13064941017329693,0.12526519638430325
1780625783116066800,21.31906689453125,-0.1928162357509136,0.07127572244554757,0.07670081623420119
1780625783126097000,21.329096923828125,-0.09887187764048576,0.07266630002111196,0.01632587904203683
1780625783136126000,21.3391259765625,-0.007613397613167762,0.11298778901547193,-0.1077225619636476
1780625783146156000,21.349156005859374,-0.04035889839529991,0.13546031758636234,-0.16685915299989282
1780625783156186000,21.35918603515625,-0.11224924560785293,0.0764160079434514,-0.12056874566376209
1780625783166216000,21.3692158203125,-0.09376958606541157,0.0011474164694547653,-0.0069175973687320945
1780625783176245000,21.379244873046876,-0.04061141185164451,-0.042886078785359855,0.06922335649300367
1780625783186275000,21.389275146484376,0.0506897382736206,-0.06735854900181293,0.07985938986297697
1780625783196305200,21.39930517578125,0.12180091780722141,-0.05327303276509046,0.09869484057314694
1780625783206334200,21.409334228515625,0.08290858483314514,-0.003324468247592449,0.09442388525567948
1780625783216364000,21.419364013671874,0.06816811181902885,0.07509644977748393,0.0861332094354555
1780625783226393900,21.429393798828126,-0.0000526069700717926,0.14091156872957944,0.04720032525528222
1780625783236424000,21.439423828125,-0.11404022067785262,0.1571060399442911,-0.015439378531090914
1780625783246453000,21.449452880859376,-0.1492553264439106,0.1267053487226367,-0.11494995593391358
1780625783256483000,21.459483154296876,-0.12147183198332785,0.055310676072537895,-0.19296181823406366
1780625783266513200,21.46951318359375,-0.08302432016730309,-0.06981646354794502,-0.18158493990153074
1780625783276543000,21.47954296875,-0.08224222987890244,-0.14904899021685122,-0.13836524524763225
1780625783286572000,21.489572021484374,0.026292963641881942,-0.13373393218517302,-0.07299326695315539
1780625783296602000,21.49960205078125,0.07881225543022155,-0.09419482574015856,-0.05325078440066427
1780625783306632000,21.5096318359375,0.07866378687024116,-0.09393617480397223,-0.05384816577192396
1780625783316662000,21.519662109375,0.07309095517396927,-0.09692571200877427,-0.09062102237399668
1780625783326690800,21.52969091796875,0.02963350624144077,-0.08378653671145439,-0.1142789978697896
1780625783336721000,21.539720947265625,0.03264379397332668,-0.08963409369587898,-0.16894447137396781
1780625783346751000,21.5497509765625,0.018448679882287978,-0.13223258771151303,-0.1958595124369487
1780625783356781000,21.559781005859374,-0.04932955583631992,-0.13573504287451504,-0.16814754884261637
1780625783366810000,21.56981005859375,-0.054985389640927314,-0.14379501521140337,-0.06727087071835994
1780625783376840200,21.579840087890624,0.014497311908006667,-0.11014379776120185,-0.07057502683028578
1780625783386869800,21.589869873046876,0.07206511925756931,-0.14775456649214028,-0.08786763201262801
1780625783396899600,21.599899658203125,-0.08322422665357589,-0.12333791811615227,-0.0425380325326696
1780625783406929000,21.609928955078125,0.030606735187768935,-0.14935966360121963,0.02354421292301267
1780625783416958700,21.619958740234374,0.08969079231917858,-0.06325900472849608,0.013302731828577816
1780625783426988800,21.62998876953125,0.14059855725765227,-0.013271861766278743,-0.022934958450868726
1780625783437017600,21.640017578125,0.029364041650295256,-0.024767361509799957,0.021090572693198917
1780625783447047700,21.650047607421875,-0.0473392588019371,-0.04119914861172438,0.10360168264135718
1780625783457077800,21.660077880859376,-0.028272154760360716,0.0033440497308969497,0.054382966768369075
1780625783467107800,21.67010791015625,-0.16527005717754362,0.006369242770969868,0.08210976260565221
1780625783477136600,21.68013671875,-0.034811201140284534,-0.08028320476561784,0.027909495460428296
1780625783487166700,21.690166748046874,-0.07470072845816612,-0.11936463057100773,0.03782053902409971
1780625783497196800,21.70019677734375,-0.100189974501729,-0.09403700482994318,0.10522687269039452
1780625783507226600,21.7102265625,0.016418050837516785,-0.04473842865377664,0.057849437302537256
1780625783517255700,21.720255615234375,0.05652969647347927,-0.027681787651777267,-0.061667899612151085
1780625783527285800,21.73028564453125,0.053744449669122694,0.03942570919841528,-0.08172985990997403
1780625783537315600,21.740315673828125,0.04329027567207813,0.0760386990636587,-0.07185016133263707
1780625783547344600,21.7503447265625,0.06636427726745606,0.05527238988876342,-0.04816522476468235
1780625783557374700,21.760374755859374,0.014851532173156738,0.01735971560180187,0.007427848445810377
1780625783567404800,21.77040478515625,-0.07505962489843368,-0.025574293978512287,0.01042323086950928
1780625783577435000,21.780434814453123,-0.10392331581115723,-0.0490060229703784,0.0033841625455766915
1780625783587463700,21.790463623046875,-0.03645663025975227,-0.03873889597803354,-0.018281104763038455
1780625783597493800,21.80049365234375,0.010723638588190079,0.001708265222609043,-0.022326142370142042
1780625783607523600,21.810523681640625,-0.046021746462583536,0.05099807357043028,0.04037986811809242
1780625783617553700,21.8205537109375,-0.0011035773277282715,0.056930678489804265,0.05013784001190215
1780625783627582700,21.830582763671874,0.036999651095271105,0.03793547064065933,0.020330876899696884
1780625783637612800,21.84061279296875,-0.060362406504154205,0.020713702204823492,0.06024411388672888
1780625783647642600,21.850642578125,-0.15134557672142981,-0.020914777734875677,0.11867675790470093
1780625783657671700,21.860671630859375,-0.10183540362119674,-0.10582067386507987,0.09229790607765316
1780625783667701800,21.87070166015625,-0.009074117815494536,-0.14982348172068596,0.02095010477658361
1780625783677731800,21.88073193359375,0.028770167410373686,-0.05518968004137277,-0.01680938824266195
1780625783687761700,21.89076171875,0.0037280806124210357,0.03007832739949226,-0.032097631332650776
1780625783697790700,21.900790771484374,0.025033903491497037,0.10318272657692432,0.0006827946323901415
1780625783707820500,21.910820556640626,0.03210895644426345,0.14975655396431684,0.053560106078162785
1780625783717850600,21.9208505859375,-0.07216039632558822,0.12171090143620968,0.10995828512646257
1780625783727880700,21.930880615234376,-0.11307575955986976,0.04248071285486221,0.03765625184047967
1780625783737909800,21.94090966796875,-0.11920271800756453,0.01937280898988247,-0.05758965385518968
1780625783747939800,21.95093994140625,-0.09482289451062678,-0.0354293330386281,-0.030871633201651275
1780625783757969700,21.9609697265625,-0.041165538603067396,-0.1176490588247776,-0.09886384046450257
1780625783767998700,21.970998779296874,0.001939443629980087,-0.09689239426106214,-0.10559650972038506
1780625783778028800,21.98102880859375,-0.020021628287434576,-0.055638885113596916,0.0063417337095364925
1780625783788059000,21.991058837890623,0.030115152278542518,-0.055742637749016284,0.0420256260311231
1780625783798088700,22.001088623046876,0.08953355593085288,-0.06596124942451716,0.04239782034438103
1780625783808117500,22.011117431640624,0.09676233814060688,-0.08444500062018633,0.08883161820657551
1780625783818147600,22.021147705078125,0.10929799458682536,-0.1308943248450756,0.12357943525444716
1780625783828177700,22.031177734375,0.013747954845428467,-0.11029226632118225,0.07032609357051552
1780625783838207700,22.041207763671874,0.0016378303349018097,-0.00410392818748951,-0.06361209248248487
1780625783848236800,22.05123681640625,-0.11970073065757751,0.0704793113708496,0.007770451338402927
1780625783858267000,22.061266845703123,-0.09123393010795115,0.04344634301662445,0.07011639634259045
1780625783868296700,22.071296630859376,-0.06100128892958164,0.011972177344560622,0.07854677289444953
1780625783878326500,22.081326416015624,-0.04577098657190799,-0.0015516133561730384,0.15922219184804706
1780625783888355800,22.09135595703125,0.031956980752944945,-0.06047668053358793,0.1508331336872652
1780625783898385700,22.1013857421875,0.11605331406593322,-0.0664361734598875,0.07411215144786984
1780625783908415700,22.111415771484374,0.09027531420886516,-0.035088264515995976,0.030528957243822513
1780625783918444500,22.121444580078126,0.021697452545166016,-0.04978635969310999,0.027340098074637352
1780625783928474600,22.131474609375,-0.051794484645128244,-0.07749035917669535,0.00877122587878257
1780625783938504700,22.141504638671876,-0.12838789498209952,-0.07414455588012933,0.012419665383733808
1780625783948534800,22.15153466796875,-0.1041115318596363,-0.022986323311924933,-0.0005747676806524396
1780625783958563800,22.161563720703125,-0.037301848912239075,0.03395399978905916,0.0343572833603248
1780625783968594000,22.171593994140625,-0.05419686961174011,0.04571750281900167,0.10242299425080419
1780625783978623700,22.181623779296874,-0.04705810377299785,0.006884791077673435,0.10677373680621385
1780625783988653600,22.191653564453127,0.005247837525606155,-0.02617547474205494,0.09124379391483962
1780625783998682600,22.2016826171875,0.023401918375492093,-0.05143032750785351,0.0742995272461325
1780625784008712700,22.211712646484376,0.041186581391096114,-0.07662175964862107,0.029193836182542142
1780625784018742800,22.22174267578125,0.013407763105630873,-0.058467094276845454,0.02645524153150618
1780625784028771600,22.231771484375,-0.053687166523933405,-0.04506429960727691,0.018293854646757243
1780625784038801700,22.2418017578125,-0.029367548781633376,-0.05439765288084745,-0.02393397942557931
1780625784048831700,22.251831787109374,-0.013745616757869719,-0.0579988922432065,-0.018480061401240526
1780625784058861800,22.26186181640625,-0.06984919677376747,-0.0422436892285943,0.046006804621778426
1780625784068891000,22.271890869140623,-0.04720540328919887,0.0034761516779661175,0.10779657704792917
1780625784078920700,22.281920654296876,0.009969020828604697,0.023009704187512397,0.11345423748344183
1780625784088950500,22.291950439453124,0.05120119492709636,0.04857815294712781,0.07070479068979621
1780625784098980600,22.301980712890625,0.030365327647328376,0.05182078813016414,0.03072930212151259
1780625784109009700,22.312009765625,0.010402151548862457,0.038518238964676856,0.00021543284896761178
1780625784119039700,22.322039794921874,0.008220131334662437,0.02410889760106802,-0.03099186204783618
1780625784129069800,22.33206982421875,0.012805705559253693,0.014395897360146044,-0.056127581945993
1780625784139100000,22.342099853515624,-0.03318681480884552,-0.037215924194455144,-0.0615113573435694
1780625784149128700,22.352128662109376,-0.06235094997286796,-0.07719459110051394,-0.06092701811697334
1780625784159158800,22.36215869140625,-0.07148235093355178,-0.08948562513589858,-0.048689321704022584
1780625784169188900,22.37218896484375,-0.04398410315513611,-0.06584522182941437,-0.03545088728331029
1780625784179218000,22.382218017578126,0.0038426469027996062,-0.017649346198141572,0.00967274129576981
1780625784189247500,22.39224755859375,0.02262918043732643,0.0006777531310915946,0.03796820386648178
1780625784199277600,22.402277587890627,0.0005412672698497772,-0.009277823694050311,0.005334565960988402
1780625784209307600,22.4123076171875,0.019155951368808745,0.020811317360401153,-0.027665969028137623
1780625784219336700,22.422336669921876,0.0779167678952217,0.07774784106910228,-0.0603536021431908
1780625784229366800,22.43236669921875,-0.0029378070175647736,0.045400107432901855,0.0031035920385271308
1780625784239396900,22.44239697265625,-0.11921791557669639,-0.07871990097165107,-0.003153312931768596
1780625784249426700,22.4524267578125,-0.10204583150148391,-0.12443623474687338,-0.03018606209028512
1780625784259455700,22.462455810546874,-0.035140286964178084,-0.0987783541381359,-0.001303629944473505
1780625784269485800,22.47248583984375,-0.0433089803725481,-0.03229775701463222,-0.03880586026702076
1780625784279515600,22.482515625,-0.013897007927298545,0.011380348931252955,-0.08723075888119637
1780625784289544700,22.492544677734376,0.024604864424467087,0.05162760364562273,-0.06836589941345154
1780625784299574500,22.502574462890625,0.031191257077455518,0.03606587737649679,-0.03038414194565266
1780625784309604600,22.5126044921875,0.02921791117787361,0.05052022692561149,-0.021980726465955374
1780625784319634700,22.522634765625,0.023525252494215963,0.0492740262567997,-0.02648165461439639
1780625784329663700,22.532663818359374,0.00005903671085834503,0.0037497079223394393,-0.03787749337572604
1780625784339693800,22.54269384765625,-0.010552958196401596,0.008484335228800773,-0.024742592394724486
1780625784349724000,22.552723876953124,-0.10258943685889244,-0.02504822427779436,0.03538702826686203
1780625784359753700,22.562753662109376,-0.11721183645129203,-0.033358079722523686,0.06496146126482635
1780625784369782800,22.57278271484375,-0.05216857865452766,-0.01626958227753639,0.08719908510129898
1780625784379812600,22.5828125,0.0060644146054983136,0.029517186385393142,0.11861742893289774
1780625784389842000,22.592842041015626,0.01024082350730896,0.0574324905321002,0.18420995464287698
1780625784399871200,22.602871337890626,-0.024634090518951414,0.01717500668466091,0.2377265503728762
1780625784409901000,22.612901123046875,-0.014747487276792525,-0.00046031098812818525,0.24172899094726888
1780625784419931100,22.62293115234375,-0.042349779951572415,-0.029740181486308574,0.20701368792951105
1780625784429961200,22.632961181640624,-0.04160626810789108,-0.04449088363349438,0.18233930193278938
1780625784439990000,22.642989990234376,-0.025218612408638,-0.03560761221498251,0.1471753783646971
1780625784450020000,22.65302001953125,0.0034288054049015043,-0.05097966113090515,0.05660710909124463
1780625784460050200,22.66305029296875,-0.02258300320804119,-0.07292144382596015,0.003196786747314036
1780625784470080300,22.673080322265626,-0.0622796383023262,-0.09361059611141681,-0.040357985079847274
1780625784480109300,22.683109375,-0.04254851739406586,-0.09689356330484152,-0.12192640735041349
1780625784490139000,22.693138916015624,-0.03394084804654121,-0.06821048965603113,-0.1635571157798171
1780625784500169000,22.7031689453125,-0.015970891591906546,-0.06231149474531412,-0.18112762458808718
1780625784510199000,22.713198974609377,0.0677566084086895,-0.07975713506489991,-0.2177613284477964
1780625784520228000,22.72322802734375,0.0891933641910553,-0.055177112820744514,-0.26472280344590543
1780625784530258200,22.733258056640626,0.07240180386602878,-0.03823182323873043,-0.2853379041144624
1780625784540288300,22.743288330078126,0.0772726247727871,-0.04490238704383373,-0.26249044128395616
1780625784550317000,22.753317138671875,0.030529578298330307,-0.008270692478120326,-0.21051343967877328
1780625784560347100,22.76334716796875,0.036734862679243085,-0.0070125091105699535,-0.12599840602967888
1780625784570377200,22.773377197265624,0.030602059012651443,-0.008741817121207713,-0.00601969868093729
1780625784580407000,22.783406982421877,-0.005917115089297294,0.0026031682357192036,0.04237619303446263
1780625784590436000,22.79343603515625,-0.008252280038595199,0.0300941094905138,0.07888290951363743
1780625784600466000,22.8034658203125,-0.07643442038297653,0.049231356158852574,0.17979137101564555
1780625784610496000,22.81349609375,-0.11114917541146278,0.006896481515467167,0.20105536404699087
1780625784620526000,22.823526123046875,-0.1374257724404335,0.027939269544184207,0.2253979242734611
1780625784630555100,22.83355517578125,-0.15402385601997376,0.0295952200576663,0.22787388593293725
1780625784640585200,22.843585205078124,-0.1158797110646963,0.0019075871869921684,0.1464484157970175
1780625784650615300,22.853615234375,-0.047855391630530354,0.007180266892910003,0.07161642564199865
1780625784660645000,22.86364501953125,0.0010053776502609252,0.03869564135819673,0.004583747593685984
1780625784670674200,22.873674072265626,0.007502922976016998,0.039008068308234216,0.006455313619226217
1780625784680704000,22.8837041015625,0.0019347674548625944,0.03028320232182741,0.03133044635243714
1780625784690734000,22.893734130859375,-0.005044423907995223,0.027813012816011905,0.040250725313089784
1780625784700763000,22.903762939453124,0.04991349320411682,-0.014885434442758558,-0.005055310628190636
1780625784710793000,22.91379296875,0.07841478054523468,-0.040053777968883514,-0.05060341169703751
1780625784720823000,22.923822998046877,0.04647299736142158,-0.05537848061174154,-0.057546764561533924
1780625784730853000,22.93385302734375,0.018211363995075225,-0.09516396303325891,-0.02660012989491224
1780625784740882200,22.943882080078126,0.02749941682219505,-0.13055705571472645,-0.05460008011776954
1780625784750912300,22.953912353515626,-0.0014636428117752074,-0.19765403117090463,-0.09052797379568218
1780625784760942000,22.963942138671875,-0.04739186577200889,-0.19434242240488528,-0.1011910413030535
1780625784770972000,22.973971923828124,-0.010174772533774376,-0.12087182026356458,-0.12464428800698368
1780625784781001200,22.984001220703124,-0.035388124245405196,-0.07870908731669186,-0.091079652861692
1780625784791031000,22.994031005859377,-0.06479308242797852,-0.030717794346809386,-0.0044592078985646365
1780625784801061000,23.00406103515625,-0.03828267664313316,0.03679594521671534,0.03146488638706505
1780625784811090000,23.01408984375,0.022754268121719358,0.09208703980594873,0.011409027036465704
1780625784821120000,23.0241201171875,0.029618893194198605,0.12088175713568926,-0.011368000906333327
1780625784831150000,23.034150146484375,-0.05288637153506279,0.10508826793730258,-0.02270688531603664
1780625784841180200,23.04418017578125,-0.05975216565132141,0.0889490340411663,-0.034711832419037816
1780625784851209200,23.054209228515624,-0.02323649868071079,0.04512596666663885,-0.01807900631967932
1780625784861239300,23.0642392578125,-0.025614918249845502,0.03420388289690018,-0.012307473713532089
1780625784871268900,23.074268798828125,-0.01560731897652149,0.010024842669069766,0.01906330464929342
1780625784881299000,23.084298828125,0.04800327566862106,-0.010431669904291629,0.0008272446043789386
1780625784891328000,23.094327880859375,0.036220483416318894,-0.027341011390089986,-0.030814386589080093
1780625784901358000,23.104358154296875,-0.05054126971364021,-0.038033670318126676,-0.023734072939306496
1780625784911388200,23.11438818359375,-0.029968437284231184,-0.019364917944371698,0.03083159345220774
1780625784921418200,23.124418212890625,-0.007111293309926986,0.015258651669323444,0.044069004959613085
1780625784931447000,23.134447021484377,-0.0063899932980537415,0.00964694926738739,0.013475494579598306
1780625784941477000,23.14447705078125,0.012248071676492691,0.014182546870410442,0.053656406059488654
1780625784951507200,23.154507080078126,-0.021305822879076,0.007146364623308182,0.051227717607840895
1780625784961536300,23.164536376953127,-0.025481647258996962,-0.002226151616871357,0.01692614649012685
1780625784971566000,23.174566162109375,0.007052841120958328,-0.03150689889788628,0.05484700408354401
1780625784981596000,23.184595947265624,-0.02870119382739067,-0.10866057346612214,0.038295536124706264
1780625784991626000,23.1946259765625,-0.05974456686675548,-0.1446276666432619,0.0001511719737201929
1780625785001655000,23.204655029296877,0.003369184172153473,-0.11316899080127477,0.02064684751369059
1780625785011685000,23.21468505859375,-0.015521394258737563,-0.07169219429194927,-0.01006550347302109
1780625785021715200,23.224715087890626,0.03329962753355503,-0.010590952119231223,-0.022912089031934736
1780625785031745300,23.234745361328127,0.024558687195181846,0.034845687931776045,-0.033092085730098184
1780625785041774000,23.244774169921875,-0.029829321074485778,0.01868248863816261,-0.07463025703784078
1780625785051804200,23.25480419921875,-0.04236848465204238,0.05202770887911319,-0.08917871461119502
1780625785061834000,23.264833984375,-0.04253215078115463,0.05440232905596494,-0.09872881590798496
1780625785071863300,23.27486328125,-0.010929974815249443,0.041131928594410415,-0.0845305965444073
1780625785081893000,23.28489306640625,-0.01629880837202072,0.07267886724174022,-0.05079948225840926
1780625785091923000,23.2949228515625,-0.0013490765213966369,0.005337269374728203,0.00019764146395027636
1780625785101953000,23.304953125,-0.034983050575852395,-0.03707973059415817,0.025287841719947753
1780625785111982000,23.314982177734375,-0.017953005319833754,-0.03224368873983621,0.0032438407594338058
1780625785122012200,23.32501220703125,-0.01387888774871826,-0.008418576516211033,-0.01513184695187956
1780625785132042200,23.335042236328125,0.009983633875846862,-0.017113339625298978,-0.01027074372153729
1780625785142072300,23.345072265625,0.008993453794717788,-0.05334814382791519,-0.004365574798360467
1780625785152101000,23.35510107421875,-0.011121697995066642,-0.047746962819993494,0.030787790843099353
1780625785162131000,23.365130859375,-0.036329789009690285,-0.04093260663002729,0.022847134036943315
1780625785172161000,23.3751611328125,0.017745500048995017,-0.039616555595397944,0.00939582405053079
1780625785182191000,23.385191162109376,0.02411971125602722,0.010033318236470221,-0.0053245194910094135
1780625785192220200,23.39522021484375,-0.038052375018596644,0.0515416789278388,0.019178163200616834
1780625785202250000,23.40525,-0.04583820658922195,0.002234919445216656,-0.003223090232349932
1780625785212280000,23.415280029296873,0.01424889010488987,-0.009089899906516074,-0.012215776842087507
1780625785222309000,23.42530908203125,0.04246668432950973,0.003916004399955273,-0.014235957558080553
1780625785232339200,23.435339111328126,0.028842648124694822,0.012268237681686877,0.019071670618839562
1780625785242369300,23.445369384765623,-0.051714405146241184,-0.0010299275696277618,0.008862740087136625
1780625785252399000,23.455399169921876,-0.09046177669167518,-0.04953793788999319,-0.02535951871667057
1780625785262428200,23.46542822265625,-0.059033203727006905,-0.04998568165749311,-0.058805970842391246
1780625785272458000,23.4754580078125,-0.00013677812218666077,-0.03807546363323927,-0.0683872344624251
1780625785282488000,23.485488037109373,-0.014449965634942054,-0.05092880772650241,-0.07705277147702873
1780625785292518100,23.49551806640625,-0.04890460842251777,-0.01944938135743141,-0.03284567322097719
1780625785302547000,23.505546875,-0.003634557110071182,0.04424655348360538,-0.02125146234333515
1780625785312577000,23.515576904296875,0.031386487388610836,0.061199734111130236,0.019133666471764444
1780625785322607000,23.525607177734376,0.02073649855852127,0.038213118538260454,0.05720467312559485
1780625785332637200,23.53563720703125,0.04591945513188839,0.021748013688623904,0.056709181226231156
1780625785342666200,23.545666259765625,0.027538579788804054,0.03437339424490928,0.057102966316789384
1780625785352696000,23.555696044921874,-0.049285716694593425,0.03208616009056568,0.09119787241388112
1780625785362726100,23.56572607421875,-0.07130699436664581,-0.03474105851352215,0.04317355395723134
1780625785372755000,23.5757548828125,-0.0934147812783718,-0.04467851516008377,-0.009122925393283366
1780625785382785000,23.585784912109375,-0.010674538749456406,-0.0407274394467473,0.00421538920532912
1780625785392815600,23.595815673828124,0.008169277930259703,-0.04162555733025074,-0.015159575209021567
1780625785402845700,23.605845703125,-0.0070458268582820885,-0.05443593906462192,-0.03603266922663897
1780625785412874800,23.615874755859377,-0.007049918511509895,-0.07737900775671004,-0.007150346678681671
1780625785422904600,23.625904541015625,-0.02981879968047142,-0.06183043323010206,0.05044836726579815
1780625785432934400,23.635934326171874,-0.04733399810492992,-0.038135669387876985,0.07523308176919817
1780625785442964500,23.645964599609375,-0.04725391860604286,-0.02103051306903362,0.018002981941401958
1780625785452993500,23.65599365234375,-0.014170564171671866,-0.02082183875441551,0.0075844637796282765
1780625785463023600,23.666023681640624,0.018758476483821868,0.020124504140019414,-0.002039652601443231
1780625785473053700,23.6760537109375,-0.03089841161072254,0.026658289822936058,-0.029516747993975877
1780625785483083500,23.68608349609375,-0.062490650704503055,0.05208440750241279,-0.040428858358971774
1780625785493112600,23.696112548828125,-0.031359014859795566,0.04627922835499048,-0.03514978544488549
1780625785503142700,23.706142578125,-0.00761047500371933,0.016662380987405776,0.004774703588522971
1780625785513172700,23.7161728515625,-0.047129999965429305,-0.004132569760084152,0.06620488545466215
1780625785523202600,23.72620263671875,-0.04905249246060848,-0.02273848603069782,0.0658718541080132
1780625785533231600,23.736231689453124,0.004396773654222488,-0.04755027120411396,0.032969993720389904
1780625785543261400,23.746261474609376,0.010061959809064864,-0.07142682135403156,0.01757317568939179
1780625785553291500,23.75629150390625,0.026511574828624724,-0.06602583909332752,0.033752778128534555
1780625785563320600,23.766320556640625,0.029314941811561582,-0.04338672178387642,0.07658730938974767
1780625785573350700,23.7763505859375,0.042028292912244795,-0.03439882094711065,0.07546389485038817
1780625785583380700,23.786380615234375,0.04522562764883041,-0.012025076575577259,0.04791618190705776
1780625785593410600,23.79641064453125,-0.017150456765294073,0.008918927253782748,-0.018333748265728353
1780625785603439600,23.806439697265624,-0.06465045908689498,0.02108428908288479,-0.04566328841373324
1780625785613469700,23.8164697265625,-0.1047521678507328,-0.01080108773857355,-0.04032137939650565
1780625785623499500,23.82649951171875,-0.09567454290390014,-0.014314064295589924,-0.010183430764265358
1780625785633529600,23.836529541015626,-0.03242226017713547,0.011628478473424912,0.03105024117156863
1780625785643558400,23.846558349609374,0.016157938596606254,0.042406186313927174,-0.0008913958817720412
1780625785653588500,23.85658837890625,0.014359364742040633,0.04544920727163553,-0.03594287205133587
1780625785663618600,23.86661865234375,-0.08786065428256988,0.012155424956977367,0.024735358936339616
1780625785673648600,23.876648681640624,0.016366612911224366,-0.03780424547642469,0.002984313040412962
1780625785683677700,23.886677734375,0.06837269448041916,-0.026074060194194316,0.009431370287947357
1780625785693707800,23.896707763671873,0.05482815325260162,-0.031063539044559,0.01915280956365168
1780625785703737600,23.906737548828126,-0.057632689279317854,-0.050127428215742106,0.16155220569819212
1780625785713766700,23.9167666015625,-0.09664660280644893,-0.09766542446017265,0.15634364073704926
1780625785723796500,23.92679638671875,-0.06688625531494617,-0.03761719847172498,0.07718264493439346
1780625785733826600,23.93682666015625,-0.05922843403816223,0.05972790799289941,0.08315507040750235
1780625785743856600,23.946856689453124,-0.07156301495432853,0.08158142788261175,0.20304701278824358
1780625785753885400,23.956885498046876,-0.0954676221549511,-0.002471066288650036,0.22228918113578108
1780625785763915500,23.96691552734375,-0.047769466912746424,-0.002013093388080597,0.21854626828040927
1780625785773945600,23.976945556640626,0.04295651367306709,0.009412263728678226,0.16407876503374427
1780625785783975700,23.9869755859375,-0.016927753925323485,0.0010337269619107247,0.14478066524788735
1780625785794004700,23.997004638671875,-0.08930909952521324,-0.035383448070287704,0.19699001430422067
1780625785804034800,24.007034912109376,-0.08854922106862068,-0.10409691881239413,0.22786387599557636
1780625785814064400,24.017064453125,-0.11384615941047668,-0.11053688873201609,0.23574136790502814
1780625785824094500,24.027094482421877,-0.0800607941865921,-0.07800210809111595,0.1893501305429265
1780625785834123500,24.03712353515625,-0.08123626770675182,-0.06349456705003977,0.10773191431388258
1780625785844153600,24.047153564453126,-0.07457797886133194,-0.045756665785610676,0.01934427701514214
1780625785854183700,24.05718359375,-0.00047872342765331263,-0.0486813210606575,-0.07519731633607298
1780625785864213800,24.0672138671875,0.06999649628996849,0.01229249534010887,-0.21036716307587922
1780625785874242600,24.07724267578125,0.06207271755337715,0.00381371306926012,-0.34598961242139337
1780625785884272600,24.087272705078124,0.09499415942430496,-0.007193710896372794,-0.4164964693862945
1780625785894302700,24.097302734375,0.0844353560090065,0.013590426196157931,-0.41794707005340603
1780625785904331800,24.107331787109374,0.08196692006886006,-0.0014773790761828422,-0.3835072960413992
1780625785914361600,24.117361572265626,0.035060791987180706,-0.02261515191197395,-0.36315011565666644
1780625785924391400,24.127391357421875,0.03223638221621513,-0.028549802657961844,-0.3264447348002344
1780625785934421500,24.13742138671875,0.048403088641166686,-0.01622486635297537,-0.24895945365745573
1780625785944450600,24.147450439453124,0.006794482445716858,-0.010122457824647426,-0.1889614965515211
1780625785954480600,24.157480712890624,-0.00793722274005413,-0.014601941326260566,-0.09297072730530052
1780625785964510700,24.1675107421875,-0.028989947640895842,0.01648439407199621,-0.03127035019565373
1780625785974540800,24.177540771484374,-0.05376198532581329,0.07390490190535784,0.05432751025408506
1780625785984569600,24.187569580078126,-0.06710545102357864,0.0962736778408289,0.08376461714059114
1780625785994599700,24.197599609375,-0.13715572332739828,0.10874825174957513,0.08374229571092873
1780625786004629500,24.20762939453125,-0.14687515330910683,0.11509557494968176,0.12761333041302858
1780625786014659600,24.21765966796875,-0.08697335005402565,0.12435673976987599,0.19058548102416098
1780625786024688400,24.2276884765625,-0.06466682569980621,0.1146226967409253,0.24810561330709605
1780625786034718500,24.237718505859377,-0.07451485049724578,0.09727437931597233,0.3317908450685441
1780625786044748500,24.24774853515625,-0.015229717835783958,0.06427665733844042,0.3256231527516618
1780625786054778600,24.257778564453126,-0.046750060737133024,0.10419044231474399,0.27203162862192837
1780625786064807700,24.2678076171875,-0.0919078838467598,0.09704583125710486,0.1964621910378337
1780625786074837800,24.277837646484375,-0.07391396199464798,-0.008522621412575244,0.13222202978488057
1780625786084867600,24.28786767578125,-0.058736266607046124,-0.10137713845968246,0.11381086890138685
1780625786094897400,24.2978974609375,0.01179974338710308,-0.16828852821588516,0.08366287379916756
1780625786104926500,24.307926513671877,0.08983400018215179,-0.1556356751307845,0.07758209258075803
1780625786114956500,24.31795654296875,0.07106032612919808,-0.13864450058043,0.08870178128182887
1780625786124986600,24.327986572265626,0.057252750051021574,-0.12039368135780096,0.20700006126295775
1780625786135015400,24.338015380859375,0.03689326811134815,-0.15543547638356683,0.2447946621282026
1780625786145045500,24.34804541015625,-0.021827216404676435,-0.16051467934399843,0.17660875892415642
1780625786155075600,24.35807568359375,0.03019523177742958,-0.09564005611240864,0.09159158443920314
1780625786165105700,24.368105712890625,0.055819502377510065,-0.08369973521083593,-0.09253587955199181
1780625786175134700,24.378134765625,-0.028272154760360716,-0.05396978285759687,-0.2539143361184746
1780625786185164800,24.388164794921874,-0.026357261049747466,-0.03694236795008182,-0.28545623326450587
1780625786195194400,24.3981943359375,-0.004872574472427368,-0.045537177816033364,-0.28095351501777766
1780625786205224400,24.408224365234375,0.006482347756624221,-0.034981297010183335,-0.25753599721435455
1780625786215253500,24.41825341796875,0.0032920272827148436,0.00467120668143034,-0.22540731315631418
1780625786225283600,24.42828369140625,-0.012166238611936568,0.015369710828363895,-0.21738632112294434
1780625786235313700,24.438313720703125,-0.02115384718775749,0.0665118690446019,-0.21487287699729202
1780625786245343700,24.44834375,-0.02092822173833847,0.12190116331130266,-0.1886029654374346
1780625786255372500,24.45837255859375,-0.060190557068586344,0.1620990259259939,-0.15034604429006576
1780625786265402600,24.468402587890626,-0.0993663831591606,0.17423866879194974,-0.08495357119683176
1780625786275432700,24.4784326171875,-0.03566401857733726,0.17032529474049807,-0.0340150092612952
1780625786285462500,24.488462646484376,0.02478840429782867,0.12972498880475758,-0.036191074658744035
1780625786295491600,24.49849169921875,-0.051988545912504194,0.04872399115860462,-0.0025759149026125666
1780625786305521400,24.508521484375,-0.05235737922489643,-0.028159342035651205,0.06403192532975226
1780625786315551500,24.518551513671873,0.06664601681828498,-0.027502631692588327,0.10506408334411681
1780625786325580500,24.52858056640625,0.06159048699438571,-0.02431143443584442,0.14219221965726464
1780625786335610600,24.538610595703126,-0.033225393253564835,-0.08927695082128047,0.15162388220615683
1780625786345640700,24.548640625,-0.09322656522989273,-0.1515054434582591,0.1931902932276949
1780625786355670800,24.5586708984375,-0.04284662355780601,-0.0989309143513441,0.13126604423429816
1780625786365699600,24.568699462890624,-0.02434066053032875,-0.04596095618605613,0.07480751330088824
1780625786375729700,24.578729736328125,-0.06701251204311848,0.005526362206041813,0.02297605764623731
1780625786385759500,24.588759521484373,-0.08130582581162452,0.015086802233755588,-0.0023900004090741276
1780625786395789300,24.598789306640626,-0.05247895977795124,-0.0011143909826874733,0.04037409596443176
1780625786405818400,24.608818359375,-0.029835166293382644,0.027089666977524757,0.07396927237845957
1780625786415848200,24.61884814453125,-0.015815408769249917,0.0008642156139016151,0.08621274094507098
1780625786425878300,24.628878173828124,0.07770517097115516,0.0041433834150433535,-0.01220865298155695
1780625786435908400,24.638908447265624,0.09431377594470977,0.013243804715573787,-0.07455733793210238
1780625786445937400,24.6489375,0.04139291761815548,-0.019971651665866372,-0.04622143375314772
1780625786455967500,24.658967529296874,0.047502924931049344,-0.04827040217220783,-0.05183920056968927
1780625786465997600,24.66899755859375,0.04632920497655868,-0.057578913265466686,-0.045883616633526976
1780625786476027100,24.679027099609375,0.03213175279796123,-0.06643734250366687,-0.04275225980523974
1780625786486056400,24.689056396484375,0.03837269301414489,-0.04986030171215534,-0.03493712907489389
1780625786496086300,24.699086181640624,0.05192892467975616,0.01803776099383831,0.050176345391385255
1780625786506116400,24.709116455078124,0.05778174236118793,0.048529345369338985,0.14583178173601627
1780625786516146400,24.719146484375,-0.02355973928570747,0.00964694926738739,0.1643976582571864
1780625786526175200,24.72917529296875,-0.10479191533923149,0.028750585927069184,0.19551617889199405
1780625786536205300,24.739205322265626,-0.06064239248931408,0.046294133663177486,0.18649503337275236
1780625786546235400,24.7492353515625,-0.03629530221819877,-0.014509002345800399,0.061050023442134255
1780625786556265500,24.759265380859375,-0.06880407163500786,-0.008600655084848403,-0.08675397168230264
1780625786566294500,24.76929443359375,-0.05597615424394607,0.004770867663621902,-0.2064691692566499
1780625786576324400,24.779324462890624,-0.03507365146875381,-0.018834756590425966,-0.28021489854492243
1780625786586354200,24.789354248046877,-0.029781974801421165,0.04379384128004312,-0.2878145233610645
1780625786596383200,24.79938330078125,0.07563947061300277,0.04768032732456922,-0.2870662622770294
1780625786606413300,24.809413330078126,0.16907178754806518,0.03706014911085367,-0.2420347689608112
1780625786616443400,24.819443359375,0.1818459289252758,0.04115443268716335,-0.1719363831989467
1780625786626473500,24.829473388671875,0.1392296069920063,0.057282852928340434,-0.17068861162755639
1780625786636502300,24.839502197265624,0.11440145520567893,0.06747603790163993,-0.17468184598218647
1780625786646532400,24.849532470703124,0.09530395602583884,0.012693769617378711,-0.1964981756666675
1780625786656562400,24.8595625,0.019124971708655358,-0.09419073408693075,-0.23436945849731564
1780625786666592300,24.86959228515625,-0.09337854092121124,-0.16736702945679424,-0.28431736542768776
1780625786676621300,24.879621337890626,-0.20063596959114074,-0.21413433358967304,-0.32353374272435903
1780625786686651100,24.889651123046875,-0.3367781319618225,-0.2142541605770588,-0.3182990569412708
1780625786696681200,24.89968115234375,-0.2304267122209072,-0.16477701296359298,-0.37671602846607566
1780625786706711300,24.909711181640624,-0.11849193938970565,0.03491115438342094,-0.4060320297235623
1780625786716740400,24.919740234375,-0.04836041854321956,0.29101708226203915,-0.39770847454704344
1780625786726770400,24.9297705078125,0.15966741486489772,0.3565156826108694,-0.3298037994371727
1780625786736800500,24.939800537109374,0.3411199605584144,0.28341128343343736,-0.19426975902747362
1780625786746830300,24.949830322265626,0.4130822039633989,0.23415216248482465,-0.09315278760762885
1780625786756859400,24.959859375,0.44378363169729707,0.10590309145152568,-0.019229016605019567
1780625786766889200,24.96988916015625,0.39059038617014885,-0.035625147871673105,0.03581829582359641
1780625786776919300,24.979919189453124,0.29382512542009354,-0.18409516915678978,0.022205237670522182
1780625786786949400,24.989949462890625,0.16821020228266714,-0.2544657594561577,0.0033074805801734325
1780625786796978200,24.999978271484373,0.09997311688065529,-0.29009879837334157,0.06668145345784723
1780625786807008300,25.01000830078125,0.041673488125205035,-0.38163551082015035,0.1591133794450201
1780625786817038300,25.020038330078126,-0.028999299991130826,-0.4425140501528978,0.1856327174549922
1780625786827068400,25.030068359375,-0.16418401550650596,-0.44815556317120786,0.12162358847893774
1780625786837097500,25.040097412109375,-0.34288054049015043,-0.30732173585295675,0.046999797714501614
1780625786847127600,25.05012744140625,-0.4363806619644165,-0.023330898965895176,-0.08677505100294947
1780625786857157000,25.0601572265625,-0.43850013833642004,0.2368178745627403,-0.2920231905646622
1780625786867186400,25.0701865234375,-0.34847792210578915,0.35414047791212794,-0.619441227376461
1780625786877216300,25.08021630859375,-0.18266542861461638,0.36023178052455185,-0.9646458269000053
1780625786887246300,25.090246337890626,-0.0007195464462041854,0.352773281212151,-1.1793999728884548
1780625786897276400,25.1002763671875,0.21557518004775045,0.23903642739504574,-1.1928269521512092
1780625786907305200,25.11030517578125,0.30724808609485627,0.22775573944598435,-1.1174020010717212
1780625786917335300,25.120335205078124,0.3799731305658817,0.3229591577067971,-0.9318662777177988
1780625786927365400,25.130365478515625,0.3294838833004236,0.45609570852071046,-0.8829588928163051
1780625786937395500,25.1403955078125,0.24601357293128967,0.5642357652440667,-0.8370335924655199
1780625786947424500,25.150424560546874,0.15103227298855781,0.5430506461352109,-0.5787985436037183
1780625786957454300,25.160454345703126,-0.003759644794464111,0.3431234093353152,-0.4840939051778987
1780625786967484200,25.170484130859375,-0.18853636647462843,0.11718348713964223,-0.219599412328843
1780625786977514200,25.18051416015625,-0.2723509602367878,0.044726153694093225,0.17197463285010306
1780625786987543300,25.190543212890624,-0.3468412608146667,-0.11039514217376709,0.3995528237720951
1780625786997573400,25.200573486328125,-0.2690928352236748,-0.1684589163467288,0.2566500081600621
1780625787007603500,25.210603515625,-0.2333013908743858,-0.047507016584277154,-0.04015652139072772
1780625787017633500,25.220633544921874,-0.2403250059008598,-0.13724457065463067,-0.1159290940312203
1780625787027662300,25.230662353515626,-0.23761048624515532,-0.3006231149971485,-0.2884943588513881
1780625787037692400,25.2406923828125,-0.3310053937792778,-0.17459639618843792,-0.7933917999420315
1780625787047722200,25.25072216796875,-0.39998423745930195,-0.14264029221832752,-1.1428705696534365
1780625787057752300,25.26075244140625,-0.09963000253140926,-0.07574556133598088,-1.2208473241075872
1780625787067781400,25.270781494140625,0.25994799025952814,0.2031990980774164,-1.4322776594355702
1780625787077811200,25.280811279296874,0.44344928517639637,0.549768263952434,-1.5943538890078663
1780625787087841300,25.29084130859375,0.590341389620304,0.8593693429142236,-1.6658657582968472
1780625787097871400,25.300871337890626,0.4402051886886358,1.0290326666146516,-2.017781545896828
1780625787107900400,25.310900390625,0.21649171037077902,0.9823089093625544,-2.4743787741988896
1780625787117930500,25.320930419921876,0.024091069683432578,0.8681967924922704,-2.909657027879357
1780625787127960300,25.330960205078124,-0.1206289514183998,1.1604957312583923,-2.798818233591318
1780625787137990100,25.340990234375,0.01201543196439743,1.5853665726929902,-2.071217952530086
1780625787148019200,25.351019287109374,0.8305541673183441,1.5872928645804523,-1.5110937142580747
1780625787158049300,25.36104931640625,0.822775350010395,1.2622948945224284,-1.7712898340597747
1780625787168079400,25.371079345703127,-0.8836381072521209,0.41268955138400193,-2.43587909380421
1780625787178109400,25.381109375,-2.834820690342784,-0.4428725082017481,-2.649449509900808
1780625787188138200,25.39113818359375,-3.432347607553005,-1.116615526869148,-2.137545551048964
1780625787198168300,25.401168212890624,-2.7342244731277225,-1.5295957317627966,-1.4323366961464286
1780625787208198400,25.411198486328125,-1.4302104977726935,-1.4033447026789188,-1.0235377224601805
1780625787218228200,25.421228271484374,-0.9028490036785602,-0.9079080406337976,-0.6887659618847072
1780625787228257500,25.431257568359374,-0.8090963687479495,-0.7521864407852291,-0.37294966166988014
1780625787238287400,25.441287353515627,-0.48031683432459826,-0.6766495537638664,-0.5297490833504125
1780625787248317200,25.451317138671875,-0.3352840940117836,-0.3603630056887865,-0.43249216662589457
1780625787258347300,25.46134716796875,0.11084288594126701,0.12121055069863795,-0.09178228470571338
1780625787268376300,25.471376220703124,0.7013228072494267,0.37642771304398776,0.14237170441001654
1780625787278406400,25.481406494140625,1.0307938310682774,0.41674627942889925,0.44861956395376473
1780625787288436500,25.4914365234375,1.1764397348433733,0.5657134365811943,0.5994851020732894
1780625787298466600,25.501466552734374,1.327901046898961,0.7361921683177352,0.690786434861645
1780625787308495400,25.511495361328127,1.2317875280559063,0.8529930858805775,0.6891747618813068
1780625787318525400,25.521525390625,0.7832219227790832,0.6942217430725693,0.4644820632677525
1780625787328555300,25.53155517578125,-0.07358546069264411,0.4772445872724056,0.07766615413501858
1780625787338584300,25.541584228515624,-0.6415203727155924,0.3564312191978097,-0.31727395167723293
1780625787348614400,25.551614501953125,-0.6818161427468061,0.22537556631118058,-0.4733539365094155
1780625787358644200,25.561644287109374,-0.5041548060297966,-0.12626257339119912,-0.5160342635896057
1780625787368674300,25.57167431640625,-0.4692442361682653,-0.57670653976053,-0.6580758592624217
1780625787378703400,25.581703369140627,-0.5488391664087772,-0.8628992706060409,-0.7333561411742121
1780625787388733700,25.591733642578124,-0.5452724138379097,-1.0618173303633929,-0.5436953007142991
1780625787398763800,25.601763671875,-0.6770236477732658,-1.1399062399551272,-0.2683173938717693
1780625787408793600,25.611793701171877,-0.7541828752994537,-1.1033400118410586,-0.030444457298144698
1780625787418822700,25.62182275390625,-0.6268716696381569,-0.8148056863054632,0.256744225782156
1780625787428852700,25.631852783203126,-0.3283727071881294,-0.6898503961205482,0.6403025944236665
1780625787438882800,25.6418828125,0.11104162338376045,-0.7296800099447369,0.8476011637091636
1780625787448912600,25.65191259765625,0.35137130545973777,-0.7200149404987692,0.9160323103785515
1780625787458941700,25.661941650390624,0.5177507851839065,-0.6023331484481692,0.927957652906701
1780625787468971800,25.6719716796875,0.7593406964540481,-0.2836418773189187,0.9054671502877026
1780625787479001900,25.682001953125,1.0919044255912302,0.13375439045131204,0.9227339269090443
1780625787489031700,25.69203173828125,1.1309235998153686,0.6139639650091528,0.8308033928390591
1780625787499060700,25.702060791015626,0.5551648622989654,0.9609653848215937,0.7538636532824486
1780625787509090600,25.712090576171875,0.01841243952512741,1.0444242970138788,0.52158159551844
1780625787519120600,25.72212060546875,-0.25261867028474805,0.9620993572875857,0.20045513313151894
1780625787529150700,25.732150634765624,-0.5625906283855437,0.7735472087219357,-0.18476941515654324
1780625787539179800,25.7421796875,-0.6929612216174602,0.528290883898735,-0.430961851786077
1780625787549209900,25.7522099609375,-0.5827320836603641,0.17570114255994557,-0.430238213686645
1780625787559239700,25.76223974609375,-0.44845103898644445,-0.2703068871885538,-0.34929143044576044
1780625787569269800,25.772269775390626,-0.3361982862472534,-0.6296618848785758,-0.17788944638445972
1780625787579298800,25.782298828125,-0.12157646140158175,-0.8877905507564544,0.2017300484381616
1780625787589328600,25.79232861328125,0.14099135596752166,-0.9038163874059915,0.6469898901678621
1780625787599358700,25.802358642578124,0.3366962988972664,-0.7745037787944078,0.9731956285804509
1780625787609388800,25.812388916015625,0.42237434844374655,-0.7089724452197551,1.0860586221724748
1780625787619417600,25.82241748046875,0.33333412898778914,-0.5828481112554669,1.0104059998169541
1780625787629447700,25.83244775390625,0.1952396635055542,-0.34815731184929605,0.8616516086325049
1780625787639477800,25.842477783203126,0.1132791731774807,-0.07193447861522435,0.7815022593796253
1780625787649507800,25.8525078125,-0.11661737768948077,0.04555559025555849,0.6688482323631644
1780625787659537000,25.862536865234375,-0.2643991244494915,0.21014526395350694,0.3860449978254735
1780625787669566700,25.872566650390624,-0.3533966738075018,0.44704146444946524,-0.1732980269409716
1780625787679596500,25.882596435546876,-0.42763270736336706,0.6988391737401485,-0.9253671249568461
1780625787689626600,25.892626708984373,-0.5119388840347529,0.903395823906362,-1.2485539539396762
1780625787699655700,25.90265576171875,-0.6921054815709591,0.7006853861287236,-1.0608372332848608
1780625787709685800,25.912685791015626,-0.7162450665712357,0.5193064901933073,-0.7929641491144895
1780625787719715800,25.9227158203125,-0.5937655188500881,0.44738253297209735,-0.5487473964720964
1780625787729745700,25.93274560546875,-0.4541694166332483,0.2978162408828735,-0.5874678800106048
1780625787739774700,25.942774658203124,-0.3115723790347576,0.20522592772990464,-0.39079160783067346
1780625787749804800,25.9528046875,-0.6284580620467662,-0.3757216106012463,0.23669863209724426
1780625787759835000,25.9628349609375,-0.8205553358733654,-1.0118787027180194,0.6234289818383753
1780625787769864700,25.97286474609375,-0.5195575423449278,-1.2102785838201642,0.02420037527680397
1780625787779893800,25.982893798828126,-0.4894494043290615,-0.9395639926135539,-1.2673306967325508
1780625787789923600,25.992923583984375,-0.8802548945546149,-0.4199070815473795,-1.7732612802632153
1780625787799953700,26.00295361328125,-1.510544848203659,-0.25326719732135533,-1.4946939297296107
1780625787809983700,26.012983642578124,-1.777964197257161,-0.023591595728695392,-1.4266322008945047
1780625787820012800,26.0230126953125,-1.5998603774696587,0.02974339635670185,-1.6428488937161863
1780625787830043000,26.03304296875,-1.2358452790141106,-0.16207622957229614,-1.9426821735098956
1780625787840072700,26.04307275390625,-1.3424877906560897,-0.24921996775716543,-1.978414142756909
1780625787850102800,26.053102783203126,-1.3131319323122501,-0.30883477076441046,-1.8852733561143278
1780625787860131800,26.0631318359375,-1.3706442100822924,-0.5748325625821947,-1.9364112765468655
1780625787870161700,26.07316162109375,-1.491460208505392,-0.9107835960701107,-2.099959624498337
1780625787880191700,26.083191650390624,-1.1503706430852412,-1.0579597781524062,-2.3118533395543692
1780625787890221800,26.093221923828125,-0.6901163535803556,-1.1259122013941407,-2.478497607694566
1780625787900250600,26.103250732421873,-0.15318565163016318,-0.9282885653614997,-2.5872324154406785
1780625787910280700,26.11328076171875,0.423845005518198,-0.2975400542899966,-2.382863250670582
1780625787920310800,26.123310791015626,0.3237842103540897,0.4025675319507718,-2.0848795442663133
1780625787930340900,26.1333408203125,-0.4943231478452682,0.7833432110711932,-1.655749584082514
1780625787940369700,26.14336962890625,-1.5103484488487242,0.725584265063703,-0.9370935108467936
1780625787950399700,26.153399658203124,-2.1637398766219613,0.3633914135992527,-0.7988092218808829
1780625787960429600,26.1634296875,-2.481014266690612,-0.11890285827815532,-1.0916863989263772
1780625787970459600,26.173459716796874,-2.635339151483774,-0.6721420132115483,-1.8197788474187253
1780625787980488700,26.18348876953125,-3.019251959586143,-1.324866793769598,-2.523901222258806
1780625787990518800,26.193518798828126,-2.853772643572092,-1.7725003788933158,-3.0695541598469016
1780625788000548900,26.203548828125,-2.135111163508892,-1.8723460700020194,-3.558632977297902
1780625788010578700,26.21357861328125,-1.6531886475533246,-1.8599398851543665,-3.8532419465720653
1780625788020607700,26.223607666015624,-1.2840917157888412,-1.6891253455922006,-3.6966257359713315
1780625788030637800,26.233637939453125,-0.6809504658281803,-1.152773612573743,-3.566950723788142
1780625788040667600,26.243667724609374,-0.2942670239686966,-0.3621656711965799,-3.4580651093944903
1780625788050697700,26.25369775390625,-0.09449906938374042,0.48479251843392845,-3.333897754716873
1780625788060727800,26.263727783203127,0.1409668060481548,1.2104980717897413,-3.4000893057659267
1780625788070756600,26.273756591796875,0.3339560602784157,1.5522411326825618,-3.568740822075307
1780625788080786700,26.28378662109375,0.4027227225124836,1.2923060019046066,-3.5853403669595716
1780625788090816800,26.293816650390625,-0.27608137893676754,0.6450546843215823,-3.0607138507872818
1780625788100846800,26.303846923828125,-1.2304478038847446,-0.2288981874793768,-2.260304207972437
1780625788110875600,26.313875732421874,-1.740619678246975,-1.0024307831540704,-1.5529035421140491
1780625788120905700,26.32390576171875,-1.729839341035485,-1.3995710293591022,-1.1850871516793966
1780625788130935600,26.333935546875,-1.543613005068898,-1.5050348526105284,-1.2216229846552014
1780625788140965600,26.343965576171875,-1.5036907445251941,-1.3889382839247584,-1.7676888869583605
1780625788150994700,26.35399462890625,-1.4228490290939808,-1.3056626193448901,-2.5693799478858708
1780625788161024800,26.364024658203125,-1.2382792281627655,-1.2947183237433433,-3.2904233546495436
1780625788171054800,26.374054931640625,-1.2041308748453854,-1.0882958797052502,-3.6806574747279286
1780625788181084700,26.384084716796874,-1.114553479772806,-0.7752335543736815,-3.7329394506290554
1780625788191113700,26.39411376953125,-0.9422954634040593,-0.3804273040741682,-3.628398587441444
1780625788201143800,26.404143798828127,-0.8894552690982818,0.13838409607857466,-3.5206621430829164
1780625788211174000,26.414173828125,-0.8592647134959697,0.6151628194049,-3.4030157146066426
1780625788221203700,26.42420361328125,-0.8550695998936891,0.8696195187717676,-2.9504987413555384
1780625788231232800,26.434232666015625,-1.336245096874237,0.66929451482594,-2.2806183894656598
1780625788241262600,26.4442626953125,-1.5066408265024422,-0.1841258565559983,-1.7954558686755597
1780625788251292700,26.454292724609374,-1.2175707866549492,-1.0453054637625814,-1.7918733340136705
1780625788261322800,26.46432275390625,-1.1318781240612268,-1.436410813717544,-2.203737102098018
1780625788271351800,26.474351806640627,-0.8567904323369264,-1.783742196136713,-2.553819390660524
1780625788281381600,26.484381591796875,-0.7473053907454014,-2.072446909803152,-2.8499650679826734
1780625788291411700,26.49441162109375,-1.0919956110060214,-1.9475331206724047,-2.9990894615232944
1780625788301441800,26.50444189453125,-1.3936322869598865,-1.5106021313488482,-3.2004911547899244
1780625788311470800,26.514470947265625,-1.7019424493283033,-0.9134344028398395,-3.2684365637689825
1780625788321500700,26.524500732421874,-2.0856161879777906,-0.40386955446004863,-3.3300387412011623
1780625788331530800,26.53453076171875,-2.521790513715148,-0.16087679065465926,-3.465101291641593
1780625788341560800,26.544560791015623,-2.475847093185782,0.023320962093770502,-3.5806425645321607
1780625788351589600,26.554589599609375,-1.7539982152581215,-0.04435176742374897,-3.731058459188044
1780625788361619700,26.56461962890625,-1.036232807251811,-0.3863628316029906,-3.6946062128424644
1780625788371649800,26.57464990234375,-0.6132452953457832,-1.062272088393569,-3.4440783773571253
1780625788381679900,26.584679931640625,-0.7257897245079279,-1.4860060347527264,-3.1065088027566667
1780625788391709200,26.594709228515626,-1.1439344725579024,-1.4461545013576744,-2.75910873901546
1780625788401739000,26.604739013671875,-1.2745026341885328,-1.2695435504764319,-2.4042153969094158
1780625788411768800,26.614768798828123,-1.3391530932754276,-1.1253636276006698,-2.3076319224670527
1780625788421799000,26.624798828125,-1.3969225606769322,-1.0510627121150493,-2.4611972210645674
1780625788431828000,26.634827880859376,-1.1641472395032644,-1.0036427892923354,-2.747963660144806
1780625788441858000,26.644858154296877,-0.698226594799757,-0.9386129754990339,-3.2491973180308937
1780625788451888000,26.65488818359375,-0.6381798301160335,-0.7877706721246243,-3.740637019394338
1780625788461918000,26.66491796875,-0.8730781347930431,-0.705026337942481,-3.9295883964106437
1780625788471947000,26.674947021484375,-1.2040671619594097,-0.7113526183545589,-3.7064173544064163
1780625788481977000,26.68497705078125,-1.3124936344087124,-0.6868857010960578,-3.2754183854803443
1780625788492007000,26.6950068359375,-1.1453659666657448,-0.6092307990074157,-2.691731485313177
1780625788502037000,26.705037109375,-0.8378536766767501,-0.5771586674422026,-2.225898665023595
1780625788512065800,26.715065673828125,-0.4449678730458021,-0.5843892032176256,-1.9250655605375766
1780625788522095900,26.725095947265626,-0.12678455143868922,-0.6092921738058328,-1.9211099547795951
1780625788532126000,26.7351259765625,0.03217325385212898,-0.8301666293054819,-2.1119589821107683
1780625788542156000,26.745156005859375,-0.16506547451615333,-1.044804236242175,-2.303161937446147
1780625788552185000,26.75518505859375,-0.31156945642530914,-0.8867758207559585,-2.8518305695936084
1780625788562215200,26.765215087890624,-0.7596785501062869,-0.6470394283980131,-3.3035695442095396
1780625788572245000,26.775244873046876,-2.415394085788727,-0.47317163874506946,-3.188658093655109
1780625788582274800,26.78527490234375,-3.7734617228925225,-0.451040470957756,-2.647298177085817
1780625788592305000,26.795304931640626,-3.6337522234290835,-0.33163901550769803,-2.3875161910429594
1780625788602334000,26.805333984375,-2.314514959979057,-0.2566962949872017,-2.6341277298673984
1780625788612364000,26.815364013671875,-0.7026110934942961,-0.8214613448023795,-2.9204285972625015
1780625788622394000,26.82539404296875,0.2426040567487478,-2.582048290801048,-2.787949049052596
1780625788632424000,26.835423828125,0.22400632378458976,-3.4132647214204073,-2.280594131807238
1780625788642453000,26.845452880859376,-0.2401210077613592,-2.6783365816891194,-1.7553876237899064
1780625788652483000,26.855483154296873,-0.44335634619593617,-1.628870198854804,-1.5792153565868734
1780625788662513000,26.865512939453126,-0.6724696377307177,-0.7100771915912628,-1.701979420337826
1780625788672543000,26.87554296875,-1.0076210452735423,-0.1430897895514965,-2.068389012714475
1780625788682571800,26.88557177734375,-1.3238321900248526,0.34093583616316314,-2.558086984977126
1780625788692601900,26.895601806640624,-1.7642250102400778,0.2872077531069517,-3.054691229496896
1780625788702632000,26.9056318359375,-1.7871148874402045,-0.3676782971382141,-3.3106846369117497
1780625788712662000,26.915662109375,-1.159069497847557,-1.3300935885071754,-3.3720942143812773
1780625788722691000,26.925691162109374,-0.9817781634867191,-1.8261404914051294,-3.3145559253871437
1780625788732721200,26.93572119140625,-0.9999766680002212,-1.8370225354254244,-2.990731090761721
1780625788742751000,26.9457509765625,-0.8427280047148465,-1.595631946119666,-2.2131413286507127
1780625788752780800,26.95578076171875,-1.3085901972293852,-1.329281103080511,-1.637306749419123
1780625788762810000,26.96581005859375,-1.800266045436263,-1.0246826547116041,-1.4742717578172684
1780625788772840000,26.97583984375,-1.8260247560709715,-0.8933891014158725,-1.5985411115646362
1780625788782870000,26.9858701171875,-1.592968864390254,-0.7782195844471455,-1.9970004775442183
1780625788792900000,26.995900146484374,-1.2876724968850612,-0.5751403133571148,-2.552691555674374
1780625788802929000,27.005928955078126,-0.8464455639332532,-0.34195641138255595,-3.0800021963641044
1780625788812959000,27.015958984375,-0.5771984149307012,-0.14265607430934904,-3.3520991818398236
1780625788822989000,27.025989013671875,-0.7223235097020864,-0.2961567832380533,-3.146074797208607
1780625788833019100,27.03601904296875,-0.503357518172264,-0.7087900743901729,-2.9423817781344055
1780625788843048000,27.0460478515625,-0.25041385371685027,-0.8779232367366552,-3.077311934366822
1780625788853078000,27.056078125,-1.1338093843847512,-1.0180576836138964,-2.8316221865624187
1780625788863107800,27.06610791015625,-2.417472645628452,-1.4977017332434652,-1.835830841422826
1780625788873138000,27.076137939453126,-3.3581425536572933,-1.9545020829021928,-1.0281818950042128
1780625788883167000,27.0861669921875,-3.658947454962134,-2.422339374881983,-0.8185259489376098
1780625788893197000,27.096197021484375,-3.2762194727301597,-2.8395979877471924,-1.0346268333598971
1780625788903227000,27.106226806640624,-1.9736136106073856,-3.1161516603708264,-1.585790643323958
1780625788913257000,27.116257080078125,-0.5079401697874069,-2.7479940552830695,-2.153623994668573
1780625788923286000,27.1262861328125,0.025398645150661467,-1.6778367665976286,-2.5455776320159433
1780625788933316000,27.136316162109374,-0.535206362375617,-0.43067689736485476,-2.894116636659205
1780625788943346000,27.146345947265626,-1.257193187469244,0.37035599191486834,-3.1371611306518314
1780625788953376000,27.1563759765625,-1.7548650612205265,0.7176800678104162,-3.397787458564341
1780625788963404800,27.16640478515625,-2.2456360695421695,0.9951333196222781,-3.446749350132048
1780625788973435000,27.176434814453124,-2.0663678821504115,0.8055851457566022,-3.5663495430245993
1780625788983465000,27.18646484375,-1.0906693308383226,-0.8572153797507286,-3.4325998287484047
1780625788993495000,27.1964951171875,-1.047180317723751,-3.1370383810549973,-2.080396115241945
1780625789003525000,27.206525146484374,-0.4404214617878198,-4.0306496007889505,-1.2462462615191936
1780625789013554000,27.216553955078126,1.3915455438137054,-3.194007637989521,-2.1243147519454357
1780625789023584000,27.226583984375,2.101589417657256,-1.5415128179192543,-3.6697879979282617
1780625789033613800,27.23661376953125,1.2711287738412618,-0.6422159537643194,-4.448694980117678
1780625789043644000,27.246643798828124,-0.5677876125067473,-0.21403788747787475,-3.843511118413508
1780625789053673000,27.2566728515625,-2.4768092162162065,-0.012658406043052673,-2.663344472001493
1780625789063703000,27.266703125,-3.4770296298444268,0.14860358453691005,-1.7988811669491231
1780625789073732900,27.27673291015625,-3.047180999997258,0.07237842299044132,-1.6413763369455932
1780625789083763000,27.286762939453126,-2.0700714128434656,-0.4202233078896999,-1.9324431035682559
1780625789093792000,27.2967919921875,-0.9830272867649793,-0.8552794432520866,-2.419233517821133
1780625789103822000,27.306822021484376,-0.19630115525722502,-0.7802630729734897,-2.7732310801312328
1780625789113852000,27.316851806640624,0.19733692804574965,-0.42026422442197797,-3.0976939203992484
1780625789123882000,27.326882080078125,0.017393033349514007,-0.3517138352870941,-3.3567040452867745
1780625789133910800,27.336910888671873,-1.2767156340628862,-0.4606096788138151,-3.3215164120495317
1780625789143940900,27.34694091796875,-2.663672096520662,-0.5356161122202873,-2.9791625257819887
1780625789153971000,27.356970947265626,-2.7475708614349363,-1.165188857510686,-2.3873488716520366
1780625789164001000,27.3670009765625,-1.3356103061020375,-3.1176117960512637,-1.3330154673032462
1780625789174030000,27.377030029296876,-0.18539339227378368,-4.125594660374522,-0.5436537265948951
1780625789184060000,27.387059814453124,-0.23202947124242781,-3.1231998253166675,-0.5585516551930457
1780625789194090000,27.397090087890625,-0.27304829485118387,-1.6476128932476042,-1.0094915883857756
1780625789204119800,27.407119873046874,0.17072539997398853,-0.5769032313764095,-1.9262392804920672
1780625789214149000,27.417149169921874,0.5287117396593094,0.04660393026471138,-3.0253911929935215
1780625789224179000,27.427178955078126,0.17431787150800226,0.10118015458285808,-3.459330599285662
1780625789234209000,27.437208984375,-0.5360621024221182,-0.010120411998033523,-3.5907787586212154
1780625789244238800,27.44723876953125,-1.6626245844185352,0.04492752148509025,-3.570598432640731
1780625789254268000,27.457267822265624,-3.581093815430999,-0.1549637672185898,-2.678133752593398
1780625789264298000,27.467298095703125,-4.459433231753111,-1.4629747032552958,-1.1445075232055038
1780625789274328000,27.477328125,-3.3777573547095057,-2.8039351382136344,-0.4232375411443412
1780625789284358100,27.487358154296874,-1.7717191653877495,-2.9872575694322583,-1.2576029373139141
1780625789294387000,27.497386962890626,-1.251478901475668,-2.64122119525969,-2.6167922719240186
1780625789304416800,27.507416748046875,-1.3675561809390782,-1.8976766183525322,-3.4674627600759265
1780625789314446800,27.51744677734375,-1.0356722507596015,-0.7301485042393208,-3.440103920768201
1780625789324477000,27.527476806640625,-1.3152180909365414,-0.1381008952230215,-3.019890549750626
1780625789334507000,27.537507080078125,-1.5043383947789668,-0.7017986080676317,-2.2945254803955555
1780625789344536000,27.5475361328125,-0.3199199361413717,-2.2753508243262766,-1.4844174503870307
1780625789354566000,27.55756591796875,0.2040057382851839,-3.038104544094205,-1.1306016013193876
1780625789364596000,27.567595947265627,-0.11587912654280662,-3.1376421921670437,-0.9082468441341072
1780625789374626000,27.5776259765625,-0.15792320154607295,-2.5002874146983025,-1.482986248540133
1780625789384655000,27.587655029296876,0.23342589403688907,-1.4704481078758835,-2.687943491207063
1780625789394685000,27.597684814453125,0.05183715474307537,-0.6192968504697084,-3.4831139181941744
1780625789404715000,27.607715087890625,-0.8380816402137279,-0.1791962911993265,-3.2371067750036713
1780625789414744800,27.617744873046874,-2.262263963738084,0.03166471980810165,-2.4280339332617817
1780625789424774000,27.62777392578125,-3.4310675046145915,0.12277414675354957,-1.6702335981175302
1780625789434804000,27.637803955078127,-3.3481846387445926,0.10092062686383724,-1.5542223696276545
1780625789444834000,27.647833984375,-2.0895126108944413,-0.11374532938450574,-2.191800142197311
1780625789454864100,27.657864013671876,-0.9247896173298359,-0.7890987058579921,-2.7007737466856834
1780625789464893000,27.667892822265625,-0.42074937759041786,-1.5631231767028568,-2.7404037462845445
1780625789474923000,27.677923095703125,-0.35175241373181343,-2.018505476257205,-2.7421111347243188
1780625789484952800,27.687952880859374,-0.4391863670349121,-2.3876243275925515,-2.6113787224426863
1780625789494983000,27.69798291015625,-0.5834802716791629,-2.8651418865874407,-2.1833368497565386
1780625789505012000,27.708011962890627,-0.46697629123628137,-2.753974006475508,-1.9978397048473358
1780625789515042000,27.7180419921875,-0.03092588413953781,-1.6372940360680222,-2.496406189350784
1780625789525072000,27.72807177734375,-0.16472878990769385,-0.3702703594580293,-3.0425042403578755
1780625789535102000,27.73810205078125,-1.006217608216405,0.4377782538026571,-3.0136157072648406
1780625789545131000,27.748131103515625,-1.8381652757197617,0.7937064919143915,-2.648150117740035
1780625789555161000,27.7581611328125,-2.1084815152585503,0.888865486511588,-2.191240754748881
1780625789565191000,27.76819091796875,-2.0354168635696173,-0.20722294676601885,-1.5365261155478656
1780625789575221000,27.778220947265623,-1.7540028914332388,-2.1596298109546304,-0.6367987510211766
1780625789585249800,27.788249755859376,-1.7444336835771799,-2.9008234408214686,-0.25429661343432963
1780625789595280000,27.79827978515625,-1.1590648216724395,-3.0093688634753226,-0.5508196727015078
1780625789605310000,27.80831005859375,-0.5004898537814617,-2.3041692147925494,-1.822245237532258
1780625789615340000,27.818340087890626,0.03436813354790211,-0.9050178721502423,-3.1420635157406327
1780625789625370000,27.8283701171875,-0.683944386947155,0.1267594169974327,-3.6418636336922643
1780625789635399000,27.83839892578125,-1.263474459695816,0.7397697345435619,-3.3071213914722204
1780625789645429000,27.848428955078123,-0.38950434449911114,0.8802598629906773,-3.147428549905121
1780625789655458800,27.858458740234376,0.4669067331314087,-0.5042170576110482,-2.998079407697916
1780625789665489000,27.868489013671876,0.42655543352067465,-2.255669095517695,-2.1655657768748697
1780625789675518000,27.87851806640625,-0.3237935627043247,-2.3653239407181736,-0.9889704861436038
1780625789685548000,27.888548095703126,-0.9373907402276992,-2.2995286955103276,-0.3257256998106837
1780625789695577900,27.898577880859374,-0.9190765003800392,-1.1600690302789212,-1.5757766143098473
1780625789705608000,27.90860791015625,-0.4844564183473587,0.1314148415878415,-2.990077887549996
1780625789715637000,27.918636962890623,-1.1743366250842808,-0.011444938600063324,-3.3386265368044374
1780625789725667000,27.9286669921875,-2.815238037994504,-0.3879802036717534,-3.2011385127827525
1780625789735697200,27.938697265625,-3.346257470074296,-0.7319692899256944,-2.94352977912575
1780625789745727000,27.94872705078125,-2.8036054678678513,-1.189185819169879,-2.952905510236323
1780625789755755800,27.958755859375,-2.0952643062889575,-2.028932469986379,-2.851057539394498
1780625789765785900,27.968785888671874,-1.4226795177459717,-2.441706630913913,-2.4319494992703197
1780625789775816000,27.97881591796875,-1.027094392028451,-2.871571919634938,-1.3599364997155963
1780625789785846000,27.988845947265624,-1.0476526114106177,-3.1944708715870975,-0.4099174563221633
1780625789795875000,27.998875,-1.4256839602589606,-2.170230699945986,-0.7651446334924549
1780625789805905000,28.00890478515625,-0.993516532075405,-1.7949682312890887,-1.1335429885335266
1780625789815935000,28.01893505859375,-0.6153577574551106,-1.4419675710618496,-1.5868673326447604
1780625789825964800,28.02896484375,-0.3117775462180376,-0.7338494045838713,-2.3100199866473674
1780625789835994000,28.038994140625,-0.008017302238941192,-0.7308093062356114,-2.5507605876117943
1780625789846024000,28.04902392578125,-0.377467869746685,-0.9650836337953805,-2.0750901177883145
1780625789856054000,28.059053955078124,-1.3342331725299357,-1.0235662179023026,-1.088464952661842
1780625789866083800,28.069083740234376,-1.4506173259854316,-0.8897703263968229,-0.6175087980091571
1780625789876113000,28.07911279296875,-0.6101560971587896,-0.5168187650308013,-1.199397270452231
1780625789886143000,28.08914306640625,-0.22613749059438704,-0.2797264574408531,-2.2035952094092965
1780625789896173000,28.099173095703126,-0.5032230781376361,-0.2513005734235048,-2.92584010091722
1780625789906203100,28.109203125,-1.0822352644920348,-0.3363423708930611,-3.3438498244106767
1780625789916233000,28.11923291015625,-1.6563205158382652,-0.795505358029902,-3.0352012238681314
1780625789926262000,28.129261962890624,-1.6962299169003963,-2.3440651718512178,-1.9743952625043688
1780625789936291800,28.139291748046876,-2.2338006703197957,-3.70064695431143,-0.8397240005932748
1780625789946322000,28.149322021484377,-2.9454104783058166,-4.1464185449555515,0.15886077465713022
1780625789956352000,28.15935205078125,-3.659121642485261,-3.8579151990801095,0.7539118032731116
1780625789966381000,28.169381103515626,-3.819472363439202,-2.92092573312968,0.5300028023831546
1780625789976411000,28.179410888671875,-3.1130104397356506,-1.623711500917375,-0.5704021789193153
1780625789986441000,28.18944091796875,-1.965954620286822,-0.7799030074894427,-1.7632025353245435
1780625789996471000,28.199470947265624,-0.8883090216726064,-0.37937048849761484,-2.7319313937544822
1780625790006500000,28.2095,-0.08417699733376502,-0.2527776602387428,-3.4248040603056547
1780625790016530000,28.219530029296877,0.4900947164952755,-0.4942743402674794,-3.385101287731528
1780625790026560000,28.22956005859375,0.4171569060564041,-1.2275576354011892,-2.53544757540673
1780625790036589800,28.23958984375,-0.09071253658235072,-1.3185074878707528,-1.943108874489367
1780625790046619000,28.249618896484375,-0.5860977607011795,-0.7233508069232106,-2.111476751551777
1780625790056649000,28.25964892578125,-0.9579688333541154,-0.9824997557595372,-2.1819348740041256
1780625790066679000,28.269678955078124,-1.0729816984564065,-1.3469012231841682,-2.1342127533644435
1780625790076709000,28.279709228515625,-0.192886378377676,-1.3763602496415377,-2.460394087988138
1780625790086738000,28.289738037109377,0.9821171861827372,-1.0286027507647872,-3.8311359132260083
1780625790096768000,28.29976806640625,0.5349912583202123,-0.8313102463826537,-4.398087074908614
1780625790106797800,28.3097978515625,-1.5530524490654467,-1.1655535991698502,-3.463451770868897
1780625790116828000,28.319827880859375,-2.2609219014793633,-1.7801693060860038,-1.8757699069708584
1780625790126857000,28.32985693359375,-2.6536639127254484,-2.1145427149936555,-0.8956076542481779
1780625790136887000,28.339886962890624,-3.63152110337615,-2.3749293889313936,0.1066613624729216
1780625790146916900,28.349916748046876,-4.457276345980167,-2.420260815042257,0.4876299338169396
1780625790156947000,28.359947021484373,-4.531541021108627,-2.178263784275949,-0.3042006812229752
1780625790166977000,28.36997705078125,-2.867471498578787,-2.281058972840011,-1.4547079562999308
1780625790177006000,28.380006103515626,0.04932137252986431,-2.722658830757439,-2.3450489221915602
1780625790187036200,28.3900361328125,2.3256132770985363,-2.3194170528069136,-3.1390707636654374
1780625790197066000,28.40006591796875,2.7023510790050027,-1.087611989094317,-3.879279474148154
1780625790207095800,28.410095703125,0.7054653138816356,-0.464470445895195,-3.1852877404391764
1780625790217124900,28.420124755859376,-1.721944788393378,-0.449846877259016,-1.2796269914649425
1780625790227155000,28.430155029296873,-2.793616573294997,-0.07529694078564643,-0.19763313451334832
1780625790237185000,28.44018505859375,-2.9029309344947336,-0.013297580729424953,0.11931640751510858
1780625790247215000,28.450215087890626,-2.8316800542294978,-0.2211272612169385,-0.2843871427282691
1780625790257244000,28.460243896484375,-2.6110043361723423,-1.0701745320811866,-0.5321786851175129
1780625790267274000,28.47027392578125,-0.7331541157960891,-1.5713126206383108,-0.9456947504535317
1780625790277303800,28.4803037109375,1.5522458088576794,-0.47584962578266854,-3.0775667859107254
1780625790287334000,28.490333984375,3.1120290274828672,-0.19298048640191554,-4.953136201873422
1780625790297363000,28.500363037109373,2.1105074681282043,-1.495764919961989,-5.061821032997965
1780625790307393000,28.51039306640625,-0.6385223599433899,-2.4827336378291247,-2.897692741580307
1780625790317422800,28.5204228515625,-2.4185598563432693,-2.180507179288566,-0.6656735478498041
1780625790327453000,28.530452880859375,-3.1804373777985573,-1.8881568025961517,0.13911138743981719
1780625790337482000,28.54048193359375,-3.5888936755269762,-1.5762275729477404,-0.06914411724433303
1780625790347512000,28.550511962890624,-3.7362510593950744,-0.9334706441745162,-1.1164023225098847
1780625790357542100,28.560542236328125,-2.7358196333646774,0.16579934174865482,-2.4141107679799196
1780625790367572000,28.570572021484374,-1.0302724375426768,0.43427842898815866,-3.465836912439763
1780625790377601000,28.58060107421875,0.6150163966715335,-0.4489531432896852,-3.8385897363632915
1780625790387630800,28.590630859375,0.8745581442177295,-1.8534347410440444,-3.126902479226887
1780625790397661200,28.6006611328125,0.5150748439729214,-3.0928733683750034,-1.982558841346204
1780625790407691300,28.610691162109376,0.7546423095047473,-2.787907840259373,-2.174321914782375
1780625790417721300,28.620721435546876,0.5779962873101234,-1.4083613617971538,-3.3343525127470492
1780625790427750100,28.630750244140625,0.9457254378527402,0.014258242455124854,-4.060217348317802
1780625790437780200,28.6407802734375,2.2753490707606074,1.067208668012917,-4.278742025820911
1780625790447810000,28.65081005859375,4.357259389957785,1.0233850161165,-4.064868681254983
1780625790457840000,28.660840087890627,6.970083927294612,0.46250236069262024,-4.379825149770081
1780625790467869200,28.670869140625,10.270054277968406,-0.17030775908380746,-5.506726946723461
1780625790477899300,28.680899169921876,13.464481602674722,-0.8690960794195532,-6.544190172553062
1780625790487929000,28.69092919921875,13.966444451618194,0.03175385939627886,-7.207499183228611
1780625790497959200,28.700959228515625,8.136709539610147,2.775429466958344,-6.51737406181991
1780625790507988200,28.71098828125,2.734710210818052,3.539193532812595,-3.9521681847482917
1780625790518018300,28.721018310546874,2.032344031995535,2.972552459992468,-1.912819973079115
1780625790528048400,28.73104833984375,3.054607350605726,3.483193413171172,-2.445120969402045
1780625790538078200,28.741078125,4.964064423123002,2.5345588098734617,-2.6963188131034372
1780625790548107300,28.751107177734376,8.225305522429943,1.4034101691305636,-2.8328064279109237
1780625790558137000,28.76113720703125,13.624349508547782,2.366350068895519,-5.377793692818284
1780625790568167200,28.771167236328125,21.064237643980977,3.3182112330242988,-8.327913663989305
1780625790578197200,28.781197265625,20.36646346912384,4.4304783554255955,-9.716230308884382
1780625790588226300,28.791226318359374,9.043910308757424,4.137811167868971,-6.832686211904883
1780625790598256000,28.801256103515627,1.7660434578388928,3.2177684528052803,-3.186147572138905
1780625790608286200,28.8112861328125,-0.6857131501853465,3.157041304641962,-1.070023140911758
1780625790618316300,28.82131640625,-1.6565093164086342,3.0685777160301804,-0.1119352112226188
1780625790628346000,28.83134619140625,0.26202362748980523,4.662089016734063,-0.75251114269495
1780625790638375200,28.841375244140625,6.384239264571666,7.883740740713477,-2.9055811567425724
1780625790648405200,28.8514052734375,13.132839080035685,6.939822060021758,-4.5114968887284395
1780625790658435000,28.86143505859375,8.086004603767394,1.4161606373712419,-2.8225179658696056
1780625790668465200,28.871465087890623,-0.43298225169777865,-1.6383306856393813,0.9474316572487353
1780625790678494200,28.881494140625,1.0779904665291309,-2.4226363120019436,2.9788199959546326
1780625790688524300,28.891524169921876,4.293936380082369,0.4436892314121127,0.5870876485213637
1780625790698554400,28.901554443359377,7.121351762604713,3.0306147728607056,-2.325693648858368
1780625790708584200,28.911584228515625,6.914076793390512,4.304304044839739,-3.0606665045142174
1780625790718613200,28.92161328125,5.822852166756987,3.9150194805711505,-3.213067143246531
1780625790728643000,28.93164306640625,6.885214271521568,3.3053453217104076,-3.4297225197464227
1780625790738673200,28.941673095703123,13.910375942915676,3.5852564880684015,-4.94398142003715
1780625790748703200,28.951703125,18.32250732526779,4.6319215497463935,-6.914778219658136
1780625790758732300,28.961732177734376,8.251112163859606,3.6035730660036203,-4.854659168769419
1780625790768762000,28.97176220703125,3.02541282030344,0.5508011141315102,0.7576976054221392
1780625790778792200,28.981792236328126,6.814096662247181,1.696846002972126,2.2555948612377046
1780625790788822300,28.991822265625,11.945593289017676,4.912475105661153,-0.3310676453605294
1780625790798851300,29.001851318359375,10.213580111074448,5.3798307516038415,-2.1304875953614713
1780625790808881400,29.01188134765625,4.303656394585967,3.5528617004200815,-0.5682768573284149
1780625790818911200,29.0219111328125,5.450034168642759,3.8827331217333674,0.6824304752528667
1780625790828941000,29.031941162109376,11.553326494067907,5.989636720150709,-0.8698322847396135
1780625790838971100,29.04197119140625,11.716481751048564,7.256479194974899,-3.5201997862681744
1780625790849000200,29.052000244140626,4.014347869807482,5.29365118227601,-2.676503228782117
1780625790859030300,29.0620302734375,-2.2565315575659275,2.5385364813327786,0.17257833436429498
1780625790869060400,29.072060302734375,-3.131466133880615,0.173380298396945,2.0983996817052364
1780625790879090400,29.08209033203125,-0.6950701765954495,-1.5057456312283872,3.2427444886296986
1780625790889119200,29.092119140625,2.9978771631240844,-0.029953531976044175,2.277536351671815
1780625790899149000,29.102149169921876,6.80585315003693,3.4361142666101454,-1.7178969743072985
1780625790909179100,29.11217919921875,10.11773138064742,5.89457534070909,-5.194591088587045
1780625790919209200,29.122209228515626,15.864328575241565,6.366569167846441,-5.931829258826375
1780625790929238300,29.13223828125,20.513917299103735,8.045195038995146,-6.521202680197358
1780625790939268000,29.14226806640625,18.200508254539965,7.890072866344451,-5.988083060967922
1780625790949298200,29.152298095703124,12.449580921787023,6.499861201483011,-2.5666782877117393
1780625790959328300,29.162328369140624,5.8000458761870854,5.660013720640539,1.0928139416515827
1780625790969357300,29.172357421875,1.3801608109682797,3.114217185176909,3.670701605641842
1780625790979387400,29.182387451171873,1.0827730246305465,1.0219774874061345,4.984509245258569
1780625790989417200,29.192417236328126,5.3723073703616855,0.8644125977784395,5.420124768069386
1780625790999447000,29.202447021484375,10.990102243953942,3.073732906836271,2.5849124480605123
1780625791009476000,29.21247607421875,11.766113504701853,5.253817184537649,-1.6470605200618504
1780625791019506200,29.222506103515624,4.6294671423316,4.366328539337218,-1.1440332567572593
1780625791029536300,29.232536376953124,4.245224663883447,2.107294643561542,0.9176274706155061
1780625791039566300,29.24256640625,9.281044994184374,2.9997306820362803,-0.3998047892391681
1780625791049596400,29.252596435546874,12.389821741873025,5.027058347174525,-1.7604829011023044
1780625791059625200,29.262625244140626,10.209458062708377,5.919644900035858,-1.5258517229288815
1780625791069655300,29.2726552734375,6.940598889613151,5.8158782360911365,0.22197452569603918
1780625791079685000,29.28268505859375,7.580048885795474,5.790952469149231,0.858795926940441
1780625791089715200,29.292715087890624,10.123631544601917,6.061028470191359,0.23161446070075034
1780625791099744300,29.302744140625,12.309528307974338,6.276648658424615,-0.548988804012537
1780625791109774000,29.312774169921877,12.941008348190783,5.809725558680295,-0.12873451646268366
1780625791119804200,29.32280419921875,9.959137732493877,5.558980865573883,0.9246855724334716
1780625791129834200,29.332834228515626,3.4700381635218855,3.0077666889756918,3.723918232044577
1780625791139863300,29.34286328125,3.513813592362404,0.7072108423747122,5.573619631779193
1780625791149893400,29.352893310546875,5.14077591176927,0.8704610841624438,5.025057528746128
1780625791159923200,29.362923095703124,8.167743560299277,2.4562793461456893,3.2618016557991503
1780625791169953000,29.372953125,9.490115614643692,3.7757208999961613,2.1327035178452727
1780625791179982000,29.382982177734377,7.151982463189959,4.425983966615796,2.272479652804136
1780625791190012200,29.39301220703125,5.662621857312321,4.211575492259859,2.948190464413166
1780625791200042200,29.403042236328126,5.53645631455481,4.242589346943795,2.6497745040714737
1780625791210072300,29.413072265625,4.713988423058391,4.826553310486674,1.7866437627971172
1780625791220102400,29.423102294921875,3.541064002859592,5.05211387797594,1.4211702822268009
1780625791230131200,29.433131103515624,2.382870118802786,4.876546883189678,1.5475678801745176
1780625791240161300,29.443161376953125,1.7221499555766582,3.39395620983839,2.379557048732042
1780625791250191000,29.453191162109373,1.8182459387630223,1.4722481430351733,3.8129923537701367
1780625791260221200,29.46322119140625,2.191683530080318,0.7960222215108573,4.8547301881790155
1780625791270250200,29.473250244140626,3.125253835237026,0.9812371884778142,5.584485309186578
1780625791280280000,29.483280029296875,4.698223867693543,1.8800331173732876,5.9648664360314605
1780625791290310100,29.49331005859375,6.394878732007742,3.2046085269808766,5.678292889174819
1780625791300340200,29.50334033203125,6.16753771084249,3.9655522747173904,4.867295655241608
1780625791310369300,29.513369384765625,7.01673169670105,3.719087158626318,4.168096416017413
1780625791320399400,29.5233994140625,14.574024560809134,4.03491281119138,2.834873881834745
1780625791330429400,29.533429443359374,19.91376997026205,6.802593855980038,-0.18025427581965922
1780625791340459000,29.543458984375,11.940837618923187,7.368156778174638,-1.4170628469079731
1780625791350488000,29.553488037109375,2.90010360211432,3.8545015912443397,2.3712702819019555
1780625791360518100,29.56351806640625,0.246717921808362,2.677217806792259,4.2990825107991695
1780625791370548200,29.57354833984375,-1.4078174641788006,1.7771370987832544,4.924399352210759
1780625791380578300,29.583578369140625,-1.844884354841709,1.58780987419188,5.246464483687281
1780625791390607000,29.593607177734373,-2.119320304659009,1.970904643909633,5.311278024381399
1780625791400636400,29.603636474609374,-2.8398043239742514,1.690128092893958,5.442900663501024
1780625791410666200,29.613666259765626,-3.2780817594707012,0.7774241232205182,5.5955146527230735
1780625791420696300,29.6236962890625,-3.7284085292011495,-0.017925898117199537,5.502024468120932
1780625791430726400,29.633726318359376,-3.6310219216823576,-0.5952260929219424,5.002316704627871
1780625791440755500,29.64375537109375,-2.6093472166150806,-0.8971886398293077,4.479955210778117
1780625791450785300,29.653785400390625,-1.0898054074853658,-0.40233357706442474,4.23682742241621
1780625791460815400,29.6638154296875,0.6649012483030557,0.403287078396976,4.2931694873631
1780625791470845400,29.673845458984374,2.3099212024480105,1.006544429017976,4.612946215641498
1780625791480874200,29.683874267578126,3.135398212632537,1.3309236095905304,5.272575076499581
1780625791490904300,29.693904296875,2.7050726129233835,1.9224530399516224,6.102403267630934
1780625791500934400,29.703934326171876,1.592328812921047,2.750592547343671,6.520251078560948
1780625791510964500,29.713964599609376,0.6558844136327505,2.916110441802442,6.543481732022762
1780625791520993300,29.7239931640625,-1.0264788904786109,2.625190097913146,6.556679067248106
1780625791531023400,29.7340234375,-2.771276146671176,1.9528158833809195,6.512996577388048
1780625791541053200,29.74405322265625,-3.820612181124091,0.6904397403158247,6.318812560415267
1780625791551083300,29.754083251953126,-4.006564376324415,-0.7310115508094429,6.169223471972346
1780625791561112300,29.7641123046875,-4.145878738990426,-1.7870340772889552,5.890156355223059
1780625791571142400,29.774142333984376,-3.8916362668961284,-2.132399274201691,5.6652422689437865
1780625791581172200,29.784172119140624,-3.26784444309473,-1.9659835541203616,5.252426022440194
1780625791591202300,29.794202392578125,-3.0255051747620105,-1.2856591112360358,4.493554697063565
1780625791601231400,29.8042314453125,-3.355377180597186,-0.5538344904780388,3.6886803299248214
1780625791611261400,29.814261474609374,-3.9372318969011304,0.07037965038865804,3.0581010379403826
1780625791621291500,29.82429150390625,-4.602440603718161,0.440794094492495,2.701336349004507
1780625791631321300,29.8343212890625,-5.194799178379774,0.5034485574565828,2.7441040621072053
1780625791641351400,29.844351318359376,-5.416618221253156,0.6767329942636191,3.269692701309919
1780625791651380200,29.854380126953124,-5.228012296673655,0.52181452749148,3.93913568469584
1780625791661410300,29.864410400390625,-4.383895467948913,-0.3196408269390464,4.6383904534995555
1780625791671440400,29.8744404296875,-3.2514655552238225,-1.0482580299578605,5.074726107278466
1780625791681470500,29.884470458984374,-2.6789924152493474,-1.3609025682687759,5.29327942635417
1780625791691499300,29.894499267578126,-2.831688822057843,-1.2674024467945098,5.560484255874156
1780625791701529300,29.904529296875,-2.9357570992976427,-0.7264005498826503,5.902161265793443
1780625791711559200,29.91455908203125,-3.4053099630236625,-0.22663988715857267,5.564341515824198
1780625791721589200,29.92458935546875,-4.588051428359747,-0.40430356196314093,4.655058387444913
1780625791731618300,29.934618408203125,-5.545924984645843,-1.0477312296047807,3.697381522774696
1780625791741648400,29.9446484375,-5.9814820552676915,-1.3251172613993287,2.6516087337613103
1780625791751678200,29.95467822265625,-5.817993036288023,-1.4734300462961196,1.6589000109374523
1780625791761708300,29.964708251953127,-5.4800633962035175,-1.498944426780939,0.8832683971568942
1780625791771737300,29.9747373046875,-5.160957114532589,-1.6583710186272858,0.45110739871412514
1780625791781767400,29.984767333984376,-5.052633517935872,-1.9321967275917529,0.2877358686342835
1780625791791797500,29.994797607421877,-5.2507081126064055,-1.5799594529524446,0.4878735333144664
1780625791801827300,30.004827392578125,-5.732701940232515,-1.0895900111690162,1.103055934202671
1780625791811857400,30.014857421875,-6.114323422527313,-1.371402042712271,1.7412378101453183
1780625791821886200,30.02488623046875,-5.940020164066553,-1.7769746016979215,2.3579694863021374
1780625791831916300,30.034916259765627,-5.350990441566705,-1.9608195954859255,2.8308295748800036
1780625791841946400,30.0449462890625,-4.354730163741111,-2.0581056652396916,3.2284207797229287
1780625791851976400,30.0549765625,-3.6825264834702014,-2.3400702569961545,3.3204312471613284
1780625791862005200,30.065005126953125,-3.3279198493510482,-2.9124662400811907,3.0295009663999077
1780625791872035300,30.075035400390625,-2.876020131215453,-3.403451475675404,2.4056883920714256
1780625791882065400,30.0850654296875,-2.566757782688737,-3.4208640905082226,1.370311032605171
1780625791892095200,30.09509521484375,-2.0481319682359693,-2.6979706719636916,0.3204223327055573
1780625791902124300,30.105124267578127,-1.6917910576701163,-1.7090385450690984,-0.23993819854035972
1780625791912154400,30.115154296875,-2.2919009771108625,-1.2595347821593283,0.27733079447597264
1780625791922184200,30.12518408203125,-3.4865012225449084,-1.842288200868666,1.268146981551498
1780625791932214300,30.13521435546875,-3.29263109382689,-1.758732258042693,1.7275978457190095
1780625791942243300,30.145243408203125,-2.449135027348995,-0.5158011124208569,1.1240072445556522
1780625791952273400,30.1552734375,-1.1171709687948226,1.144846911227703,-0.25436039938554167
1780625791962303500,30.165303466796875,1.0642933650881052,2.7739976805895563,-1.5835995630204676
1780625791972333300,30.175333251953123,3.816071030563116,3.6030022803783415,-2.111452493893355
1780625791982363400,30.18536328125,3.882104468441009,2.6290277763798833,-1.6044450749114154
1780625791992392200,30.19539208984375,0.9912520942747592,0.3771761933237314,-0.08602715524509548
1780625792002422300,30.20542236328125,-1.1390180589437484,-0.6207976104214787,1.1980325579702853
1780625792012452400,30.215452392578126,-1.8616811758637428,-0.22507015362381932,1.3934693514831364
1780625792022482400,30.225482421875,-1.696890426635742,0.7458435014992952,0.3349837958909571
1780625792032511200,30.23551123046875,-1.2865280030250548,0.839732037769258,-1.5724538996279238
1780625792042541300,30.245541259765623,-0.809940418356657,-0.1831339229092002,-2.8772371057897805
1780625792052571400,30.2555712890625,-0.7761269960820675,-1.2313362771570682,-2.9635438086286183
1780625792062601200,30.265601318359376,-1.5369921256244181,-1.889156042766571,-1.8829751621745525
1780625792072630500,30.275630615234373,-2.3311340863466263,-2.3328382599160076,-0.6508226001985371
1780625792082660400,30.285660400390626,-2.631936065042019,-2.365067920130491,0.41091435840502377
1780625792092690200,30.295690185546874,-2.067607068556547,-1.9432883227095006,1.4652040697425603
1780625792102720300,30.30572021484375,-0.751414579629898,-0.8571730019137263,1.97247700779289
1780625792112749300,30.315749267578123,0.2916612253844738,0.33977205308079717,1.74498342641443
1780625792122779400,30.325779296875,1.1252280185222625,1.1098673677831887,1.1644755946747958
1780625792132809500,30.3358095703125,1.862368573606014,1.56418963689059,0.20769845532327888
1780625792142839600,30.345839599609373,1.8163585175812242,1.5585747196182607,-0.7846481561899185
1780625792152869400,30.355869384765626,1.317777712291479,0.8623276081979274,-1.1427186670273541
1780625792162898200,30.365898193359374,0.8468307638585567,-0.13589987804740666,-1.0232982146158813
1780625792172928300,30.37592822265625,0.33925884286165237,-0.6486962556943296,-0.7117806345082819
1780625792182958300,30.385958251953124,-0.34283260969519613,-0.8002715495184063,-0.2530688982702792
1780625792192988400,30.395988525390624,-0.7753846532821654,-0.6847840526416897,0.0743982383802533
1780625792203017200,30.406017333984376,-0.5446031362742185,-0.3646940206304192,-0.0069803604066371915
1780625792213047300,30.41604736328125,-0.12804770324230194,0.024050737673044203,-0.4974279819928109
1780625792223077400,30.426077392578126,-0.08730418944358825,0.407998032566905,-0.8083803294330835
1780625792233107500,30.436107421875,-0.06431260543465614,0.23806086036115884,-0.766143508336693
1780625792243136500,30.446136474609375,-0.6016904666304588,-0.30251696591973304,-0.5135156318321824
1780625792253166300,30.456166259765624,-1.2597791123092175,-0.8723314080789685,-0.20554113115891812
1780625792263196200,30.466196044921876,-1.2121300569057465,-1.1291524984896182,0.07634206592440605
1780625792273226200,30.476226318359377,-0.8375906418263912,-0.8816253061249851,0.20912878038734195
1780625792283255300,30.48625537109375,-0.6094388888001442,-0.3306029504582286,0.23661168446615338
1780625792293285400,30.496285400390626,-0.4666986433386802,0.18907061948180198,0.28169264294728635
1780625792303315500,30.5063154296875,-0.26123452293872834,0.5961801787763834,0.0418089510731399
1780625792313345500,30.516345458984375,0.13091302954554557,1.0602402903050183,-0.5109554259553551
1780625792323375400,30.526375244140624,0.5530220050513744,1.458408418253064,-1.0316492788538336
1780625792333404400,30.536404296875,0.7454407659173011,1.356797471037507,-1.3130818095602095
1780625792343434200,30.546434326171877,0.41565877645313737,0.8981216828957199,-1.114526445635408
1780625792353464300,30.55646435546875,-0.18230887026190756,0.49956893954426046,-0.344478769467026
1780625792363494400,30.566494384765626,-0.44919630439579483,0.16070026504397392,0.3374677216611802
1780625792373523200,30.576523193359375,-0.6190262168347835,-0.21138094322830436,0.800078365033865
1780625792383553300,30.58655322265625,0.027185528567433354,-0.24808394946455953,0.8159209540709853
1780625792393583900,30.596583984375,0.7059305933058262,-0.10346446612775326,0.22454043066129087
1780625792403613700,30.60661376953125,0.5405658435821533,-0.1629313850969076,-0.375970324665308
1780625792413643000,30.61664306640625,-0.1640998443543911,-0.1984679779022932,-0.748864164494723
1780625792423672800,30.6266728515625,-0.6073673432230949,0.02029284644424915,-1.0709005082681775
1780625792433703000,30.636702880859374,-0.13209493280649184,0.594112724852562,-1.382077019853145
1780625792443733000,30.64673291015625,0.7035013203322887,1.2657614015892147,-1.2824682062402366
1780625792453761800,30.65676171875,1.3231015376627444,1.3027028927564621,-0.8797554205998778
1780625792463791900,30.6667919921875,1.5184920078158377,1.1044327755138277,-0.3275558378472924
1780625792473822000,30.676822021484377,-0.4114735997229814,0.9648360887750983,0.47598055868595834
1780625792483852000,30.68685205078125,-2.121743732413649,0.35980654084980485,1.1360698766626416
1780625792493881900,30.6968818359375,-2.448220835113525,-0.21112404585778713,1.1284065024279057
1780625792503910700,30.70691064453125,-1.884435443985462,-0.7247089435338974,0.3592332710064947
1780625792513940700,30.716940673828127,-0.37084289864897724,-0.6313833018437027,-0.5074726984061301
1780625792523970800,30.726970703125,0.7314847212791442,-0.3908522519767284,-0.8086071239262819
1780625792534001000,30.7370009765625,0.719368167027831,-0.21488573647886514,-0.7217552082948386
1780625792544030000,30.747030029296877,0.3394084804654121,0.08912877452224492,-0.17964768822863697
1780625792554060000,30.75706005859375,-0.25767010845541954,0.46465983098745345,0.3398741982810199
1780625792564089900,30.76708984375,-0.2790928357124328,0.8068883373096585,0.4343408266998827
1780625792574119700,30.77711962890625,0.29960955404043194,1.077652905137837,0.3801910111002624
1780625792584149000,30.78714892578125,0.35146249087452885,1.0357502844318747,0.29324484131410716
1780625792594178800,30.7971787109375,0.03641571372747421,0.7197498598217964,0.29212635867819187
1780625792604209000,30.807208984375,-0.21695815883874892,0.23771628470718859,0.0916318433843553
1780625792614237700,30.81723779296875,-0.16242752722799778,-0.2692518251776695,-0.40759471246302126
1780625792624267800,30.827267822265625,0.01683598398864269,-0.1559934025272727,-0.47870048516914243
1780625792634296800,30.837296875,-0.16694354334771633,0.1844321460261941,-0.3792512460321188
1780625792644327000,30.847326904296875,-0.15014613780379293,0.4948854579031467,-0.15857216697409748
1780625792654357000,30.85735693359375,-0.020090017348527906,0.7344473704770207,0.060412383125722405
1780625792664387000,30.867386962890624,0.324565131598711,1.0131190581679343,0.2488978961959481
1780625792674415900,30.877415771484376,0.972248118597269,1.206735212124884,0.43994770679622885
1780625792684446000,30.887446044921877,1.3182915070325136,1.2154828744649886,0.5659788095191121
1780625792694475800,30.897475830078125,1.3485235636889934,1.190580488398671,0.7676096353664994
1780625792704505900,30.907505859375,1.1440507924139498,1.045389927175641,0.9382613855823874
1780625792714536000,30.917535888671875,0.38614626624286175,0.7696230210155248,0.8874253707058727
1780625792724564700,30.927564697265623,-0.7449708103179932,0.540943152461946,0.5761632266640663
1780625792734594800,30.9375947265625,-1.5135224027097225,0.2837450454324484,0.24121903213113544
1780625792744625000,30.947625,-1.7166496045947073,0.06414645508751272,-0.06191869603544473
1780625792754655000,30.957655029296873,-1.1611831290006638,0.0648207010872662,-0.5926074348561465
1780625792764684000,30.96768408203125,-0.035235564032197,0.3451467318564653,-1.3654612544864415
1780625792774714000,30.977714111328126,2.4097949506074188,1.0839866382040082,-2.0201858305595812
1780625792784743700,30.98774365234375,5.467353552234172,1.651237951876968,-2.329211739981919
1780625792794773800,30.997773681640624,7.215936756706237,1.6797415773056446,-2.171812708440423
1780625792804802800,31.007802734375,7.205875381419062,1.7367529198162257,-2.1603926120206713
1780625792814833000,31.0178330078125,2.5737480799674985,0.9346674527436494,1.896786537645012
1780625792824863000,31.027863037109373,2.462201429671049,0.14987462738603352,2.073769682839513
1780625792834893000,31.03789306640625,4.749949963277578,-0.5314014171347021,-0.0519008676290512
1780625792844923000,31.0479228515625,4.039787431490421,0.169027363884449,-1.789662379965931
1780625792854952000,31.057951904296875,0.4431704682350158,0.24061215227916835,-0.6567093201495706
1780625792864982000,31.06798193359375,-1.1510270611673592,0.5365539775922894,0.18630539255216716
1780625792875011800,31.07801171875,1.3130898467361927,1.4726383113965391,-0.39519875674843785
1780625792885042000,31.0880419921875,7.646931633979082,2.177879899524897,-1.3365055013760923
1780625792895070700,31.09807080078125,12.980695046412944,2.726491540788114,-1.5519418574750423
1780625792905100800,31.108100830078126,14.032512960809468,3.2353122928023335,-0.9274000920891762
1780625792915131000,31.118130859375,10.386389331585168,3.1381957343965765,0.8959797024309635
1780625792925161000,31.128160888671875,5.712483328068256,2.2227020609393713,2.722078692781925
1780625792935190000,31.13818994140625,2.581208917367458,1.625692153340578,2.8855928462028504
1780625792945220000,31.14822021484375,-0.2934592147171497,1.544643663290888,1.9925529966160653
1780625792955249700,31.158249755859377,-3.0637527800917623,1.1750649393588304,0.706496118234098
1780625792965279700,31.16827978515625,-4.3069133505553,1.4004539496734738,-0.11665478709042072
1780625792975309800,31.178309814453126,-4.599470647996664,1.5869200857453047,0.011272796903550625
1780625792985339000,31.1883388671875,-3.6928362805604933,1.275991265311092,1.115555058030784
1780625792995369000,31.198368896484375,-2.442503041988611,0.3445641096629202,2.6685955243974924
1780625793005399000,31.20839892578125,-1.3152221825897692,-0.4131280889317393,4.082878969720006
1780625793015428900,31.218428955078124,0.15719196466207502,-0.43253567697405815,5.171659125810861
1780625793025458000,31.2284580078125,0.8243985672980546,0.11055354760587215,5.536712335142493
1780625793035488000,31.238488037109374,-0.5739046340823173,0.9166809835456311,4.511707024347782
1780625793045517800,31.248517822265626,-1.5400632036328314,1.3306731419607996,2.746443903231621
1780625793055548000,31.2585478515625,-1.2103139473944902,1.2596093087002633,1.0337737236618996
1780625793065576700,31.26857666015625,-1.2874702523112296,1.096806518419087,-0.30744711579829453
1780625793075606800,31.278606689453124,-0.8751818290740251,1.0583932011336088,-1.1743845558792352
1780625793085636900,31.288636962890624,-0.8690706527173518,1.006837347549945,-1.1838567331016063
1780625793095667000,31.2986669921875,1.477331145387888,1.1888539568670093,-0.3889002411261201
1780625793105696000,31.308696044921874,2.2313222975075244,1.0884349959149957,0.9007724896654487
1780625793115726000,31.31872607421875,2.5417688873827458,1.013783659556508,1.9111676758274434
1780625793125756000,31.328755859375,2.568637020564079,1.280107468458265,2.4393971849277616
1780625793135785700,31.33878564453125,1.7050468450844287,1.4438174367122352,2.400240940320492
1780625793145815800,31.34881591796875,0.7752794393420219,1.3359354464031754,2.0169602926418184
1780625793155844900,31.358844970703124,0.6829167974650859,1.1778095618918538,1.6809364861786364
1780625793165875000,31.368875,0.7019505837589501,0.8028408154845237,1.577358622804284
1780625793175905000,31.378905029296874,0.1964507928609848,0.41685646180510516,1.9543866398289798
1780625793185934800,31.388934814453126,0.20393033496141433,0.32219474920555946,2.318679678443074
1780625793195964000,31.3989638671875,0.5681365720748901,0.30250892874374985,2.330431783296168
1780625793205994000,31.408993896484375,0.783724027082324,0.43907326204925773,2.0919909837067125
1780625793216023800,31.41902392578125,1.0549719945132732,0.6208655610911548,1.651078815792501
1780625793226054000,31.429053955078125,0.9880863237202167,0.8864050877474248,1.3203379181683064
1780625793236082700,31.439082763671873,0.6707166565835475,1.211564970368892,1.2683622317373753
1780625793246112800,31.44911279296875,0.43633974543213844,1.37491516539976,1.3270350777193902
1780625793256142800,31.459142822265626,0.1254348903954029,1.326972241616249,1.544855406345427
1780625793266173000,31.4691728515625,-0.14531389534175396,1.088657991015911,1.798188654640317
1780625793276203000,31.479203125,-0.30490415331721304,0.7758315202668309,1.8180165139213202
1780625793286232000,31.489232177734376,-0.22906886787116526,0.6112041449069976,1.3717664921104906
1780625793296262000,31.499261962890625,0.19176117374002932,0.6397722138740122,1.0739055353030562
1780625793306291700,31.509291748046873,0.04176467353999615,0.4977835174322128,1.701769723109901
1780625793316321800,31.51932177734375,0.07872925332188606,0.6183923028454185,1.8965724565029143
1780625793326350800,31.529350830078126,0.8024614607781171,0.8879474948838353,1.5375512208119033
1780625793336381000,31.539380859375,0.48223991134166716,1.2099573890417814,1.3148854979813098
1780625793346411000,31.549410888671876,0.48071489373147486,1.2085802554696798,1.3083230707257985
1780625793356440800,31.55944091796875,0.052882864403724666,1.2065613168627023,1.3881141080603003
1780625793366470000,31.569469970703125,0.3848363526880741,0.8459324998445809,1.7225561982899904
1780625793376500000,31.5795,0.6692682113409042,0.6931263490512967,1.9490254050567746
1780625793386529800,31.58952978515625,0.9247720816731453,0.6445556487582623,2.211168567273021
1780625793396559600,31.5995595703125,0.7868623251080512,0.6990931485012173,2.530848264917731
1780625793406589700,31.609589599609375,0.531996752679348,0.9222374486289918,2.5943027922183273
1780625793416618800,31.61961865234375,0.17254735470414162,1.0020919065885245,2.631217687639594
1780625793426648600,31.629648681640624,-0.024495558831095693,0.8872805554077029,2.616553202471137
1780625793436678700,31.6396787109375,-0.008370937982201575,0.8834498912036418,2.289802251265943
1780625793446708700,31.649708740234374,-0.06401333022713661,1.0015304733134807,1.9440137143746017
1780625793456737800,31.65973779296875,-0.11571955206692218,1.0516165466055274,1.5573394787348807
1780625793466768000,31.669767822265626,0.05032265852689743,0.9060461922846734,1.1186394339121877
1780625793476797700,31.679797607421875,0.3813035023868084,0.7047963285788893,0.8809434613406658
1780625793486827500,31.68982763671875,0.4285808018684387,0.4669178390473127,1.1420238166309893
1780625793496856600,31.699856689453124,0.3889741831451654,0.3137067607149482,1.5234741801425813
1780625793506886700,31.70988671875,0.39254970354437824,0.30092385150939227,1.5665325467549263
1780625793516916700,31.719916748046874,0.2960229277253151,0.5011119312025606,1.5205682295680045
1780625793526946800,31.72994677734375,0.3371171546578407,0.7874705201342701,1.4367565584152937
1780625793536977000,31.739976806640627,0.6349819108575582,1.07485859824419,1.190234889831394
1780625793547005700,31.750005615234375,0.9291337840139865,1.1478368868239224,1.027782374292612
1780625793557035800,31.760035888671876,1.0824433542847633,0.9106504712097346,1.157905714765191
1780625793567065600,31.770065673828125,0.8459715166807175,0.6422248677231371,1.5551001753754914
1780625793577095700,31.780095703125,0.32146599653959274,0.5334603954911231,2.1550056582853196
1780625793587124700,31.790124755859374,-0.18718495186567305,0.5301385575920343,2.691962955981493
1780625793597154600,31.800154541015626,-0.35758009697198867,0.533412172435224,2.979895516231656
1780625793607184600,31.8101845703125,-0.36120647077560425,0.6455977051571011,2.9451573803275823
1780625793617214700,31.820214599609375,-0.38939445438385006,0.8463783439159392,2.762165203976631
1780625793627243800,31.830243896484376,-0.2830769369125366,0.9463033838711679,2.5295903738111254
1780625793637273900,31.84027392578125,-0.5241454546570777,0.909587664283812,2.3594497879877685
1780625793647304000,31.850303955078125,-1.0388730926275254,0.9510447331793606,2.127852570682764
1780625793657333500,31.86033349609375,-1.1877724452406166,1.0348723325535654,1.76425832798779
1780625793667362800,31.87036279296875,-0.7579074487805366,0.9931808703802525,1.4499381115496157
1780625793677392600,31.880392578125,0.049048400807380675,0.8788393286682665,1.4047668444365262
1780625793687422700,31.890422607421876,0.7456646378010511,0.7096978368848562,1.5391180317372082
1780625793697452800,31.900452880859376,1.3451052796781062,0.5040355635643005,1.6376806972980498
1780625793707483000,31.91048291015625,1.890506288331747,0.24102467860281465,1.4752373879790306
1780625793717511700,31.92051171875,2.097211933225393,0.1279812138773501,1.264787588120997
1780625793727541800,31.930541748046874,1.6884043378412723,0.19916750447377563,1.255003568470478
1780625793737571800,31.94057177734375,1.3656196599185466,0.34397856485992667,1.2807143483102321
1780625793747601700,31.9506015625,1.1664274593949318,0.6253405145481229,1.3167983458653092
1780625793757630700,31.960630615234376,0.8233890979945659,0.9586920330621301,1.4765841264128685
1780625793767660500,31.97066064453125,0.5873521446764469,1.0733970012590288,1.5336226491913199
1780625793777690600,31.980690673828125,0.6232447113126516,0.9524373565815388,1.2613608285427094
1780625793787720700,31.990720703125,0.8588649005234241,0.7245246730081737,0.867882319715619
1780625793797749800,32.000749755859374,1.364891345643997,0.506622511317581,0.7432780349254607
1780625793807779800,32.01077978515625,1.3728396742999553,0.5492911479599774,0.7864654347449541
1780625793817810000,32.02080981445312,1.2480068414509295,0.547976119838655,1.2091846511036157
1780625793827839500,32.03083959960937,0.5576771373808384,0.8512325059488415,1.5542323064997792
1780625793837869600,32.04086962890625,-0.07446107448339462,1.1083654387876392,1.7570546802192926
1780625793847898600,32.050898681640625,-0.15243629456758498,1.2790724263221025,1.720716123381257
1780625793857928700,32.0609287109375,0.051931262767314905,1.1995516572963445,1.5858806596949695
1780625793867958800,32.070958740234374,0.23581834213137626,0.9326634925100952,1.5016612845242023
1780625793877988900,32.08098876953125,0.3284580473840236,0.6246763515509665,1.5920114175349473
1780625793888017700,32.091017578125,0.4030605761647224,0.4422573719780892,1.7147691976755857
1780625793898047700,32.1010478515625,0.31430794147849084,0.5365743627931923,1.6935981070920825
1780625793908077800,32.111077880859376,0.33869185662865636,0.8397636750165373,1.47247844465971
1780625793918107600,32.121107666015625,0.561392943033576,1.177457898909971,1.0503700536757707
1780625793928136700,32.13113671875,0.8898276095420121,1.2890405703678727,0.8072948722839355
1780625793938166500,32.14116650390625,1.2912860112071036,0.9593313538789748,0.4763660508722067
1780625793948196600,32.15119653320313,1.1519511902749537,0.6198750887490808,0.29506343504339455
1780625793958226700,32.16122680664063,0.6217360603153705,0.4820587826211005,0.6374614527136087
1780625793968256800,32.1712568359375,0.25278058284819127,0.47744756249859927,1.1430945146024227
1780625793978285800,32.18128588867187,0.47147360265552996,0.6385637148670852,1.7081828050225971
1780625793988316000,32.19131591796875,1.1092717399775982,0.7802006752617656,2.339551201558113
1780625793998345700,32.201345703125,1.717571980136633,0.5898075384719297,2.289568734771013
1780625794008375600,32.21137548828125,1.999213331288099,0.26791805582325906,1.718778141056001
1780625794018404600,32.22140454101562,1.5341267993211745,0.5238067242220044,1.434114811734855
1780625794028434700,32.2314345703125,0.8327636600613594,1.0953438985206185,1.3527645622596143
1780625794038464800,32.24146484375,0.5152560457587242,1.5680929279394447,1.0294619979426265
1780625794048494800,32.25149487304687,0.37313130184710025,1.5645152155831454,0.5807575687170028
1780625794058524700,32.26152465820312,0.12487608746886253,1.311363315204531,0.12376754170507191
1780625794068553700,32.2715537109375,-0.12554127337932586,0.48995625787265595,-0.3279264247253537
1780625794078583800,32.281583740234375,-0.45768706936538217,-0.38865284223631025,-0.3367652724802494
1780625794088613600,32.29161352539062,-0.6718915455818176,-0.752641783337295,0.5592193983867764
1780625794098643700,32.301643798828124,-0.6986217315971851,-0.5926925558563322,2.009038267470896
1780625794108672500,32.311672607421876,-0.5370189647555351,-0.4201731851376593,3.0068507431745526
1780625794118702600,32.32170263671875,-0.5220563734233379,-0.3900009689096361,3.0271196242213247
1780625794128732700,32.331732666015625,-0.9533838436514138,-0.2474693246975541,2.498929278087616
1780625794138762800,32.3417626953125,-1.2000094110012054,-0.5405908318929374,2.3491379450708627
1780625794148791800,32.35179174804688,-0.6814169142961501,-0.9167300103191286,2.502136841957271
1780625794158822000,32.36182177734375,0.6140408296376466,-0.6212305950112641,2.7981702910766004
1780625794168851700,32.37185180664063,1.6080091971337793,-0.03381758699305355,3.0341075834125277
1780625794178881500,32.381881591796876,2.824446595844626,1.437023246527463,3.160521547973156
1780625794188910800,32.39191088867187,5.094449629402161,3.1267543029278513,2.861108977809548
1780625794198940700,32.40194067382812,7.758968698140978,5.206969508644939,1.8441537024796009
1780625794208970800,32.411970703125,8.699809871083497,6.570363309207559,0.6688102384403347
1780625794219000800,32.42200073242188,5.074902048367262,5.895614036107063,-0.9955369319871067
1780625794229030700,32.43203076171875,0.9809569102317094,3.4658769521892068,-0.6226198574125766
1780625794239059700,32.442059814453124,0.18833353737890718,1.508562149953842,0.6802186444222926
1780625794249089800,32.45208984375,0.12571136924922466,0.4679959896728396,2.226500284178555
1780625794259119900,32.46211987304687,0.7077052017629146,-0.28370895120576023,3.602644845242798
1780625794269149700,32.47214965820312,1.3302198452353478,-0.4917075585193932,4.067271943004429
1780625794279178500,32.482178466796874,1.2781588186085224,-0.4660759813956916,3.943592371843755
1780625794289208600,32.49220849609375,1.3134364682167767,0.4942436528682708,2.656105460658669
1780625794299238700,32.50223876953125,1.010557098725438,1.0558554993495344,1.4501982237905262
1780625794309268700,32.512268798828124,0.9294716376662254,1.65774791829288,0.27679420338124033
1780625794319298800,32.522298828125,0.9094207832843064,2.4313050638869402,-0.3624450726598501
1780625794329327900,32.53232788085938,0.7337871530026197,2.9294685205474496,-0.26754560578167436
1780625794339357700,32.542357666015626,0.5127829336434603,3.3280452292963862,0.6064087273240089
1780625794349387500,32.552387451171874,0.5357710105210542,3.720063602443039,1.877999273458123
1780625794359417600,32.56241748046875,1.7215753705590962,3.6637455028936263,3.241665753482282
1780625794369446700,32.57244677734375,2.3910861584842205,3.0108591020330784,4.1602345966011285
1780625794379476700,32.58247680664063,2.343452300649881,3.0112475168287753,3.9608071260169146
1780625794389506300,32.59250634765625,1.6726970656216145,1.508310221019387,3.9181618702501058
1780625794399536000,32.6025361328125,1.7282716533273457,1.6903689159125088,2.8964760592669245
1780625794409565200,32.61256518554688,1.6651596558541057,2.4414190461441874,2.109156491910666
1780625794419595300,32.62259521484375,1.6990069803982972,3.202487589304149,1.390439482267946
1780625794429625300,32.63262524414063,1.9493343248754738,4.063875578564406,0.6577578793544322
1780625794439655400,32.64265551757813,1.8301923971444367,4.282269907686114,0.18297456762902437
1780625794449685200,32.652685302734376,1.2516881603121757,3.824587514495849,-0.0046270752787590025
1780625794459714000,32.66271411132813,0.3170142778277397,2.920931286087632,0.24321725674364714
1780625794469744000,32.672744140625,-0.1559247212052345,2.0369617549240586,0.941919981155172
1780625794479774200,32.68277416992188,0.10552022961378096,1.974048056501895,1.3562811920784412
1780625794489804300,32.69280419921875,0.8073264364659786,2.533362878087163,1.9108340599589049
1780625794499833000,32.7028330078125,1.297613460662961,3.0420266859740015,2.2333467890724537
1780625794509863200,32.71286328125,1.0634428857386111,3.312151786854863,2.1875239261828363
1780625794519893200,32.72289331054687,0.23990648822784422,2.9688702643483875,1.952378661007434
1780625794529923300,32.73292333984375,-0.4569143314272165,2.1160779617369174,1.7861552486278116
1780625794539952400,32.742952392578125,-0.6246300281912088,1.2486030537784099,1.3379260356985032
1780625794549982200,32.752982177734374,-0.2774327935457229,0.7990252027191221,0.9540789863087237
1780625794560012300,32.76301220703125,-0.23365794922709462,0.9244494255900383,0.8454416475877166
1780625794570042000,32.7730419921875,-0.05951134263277053,1.4094349823780357,0.649033232563734
1780625794580072200,32.783072265625,0.2753518956184387,2.0794918598785994,-0.00002075052708387375
1780625794590101200,32.793101318359376,0.5778080712616444,2.505603933545947,-0.7244061611950398
1780625794600131300,32.80313134765625,0.6827332575917243,2.5274217976003883,-1.0574655648946762
1780625794610161400,32.813161376953126,0.9724451024740933,1.8933380046263335,-1.56545804939121
1780625794620191200,32.823191162109374,1.2370523167163132,2.127495866199583,-2.0155691305443644
1780625794630220300,32.83322021484375,0.9006447716325521,2.608378371582925,-1.1337518089786172
1780625794640250000,32.84325,0.4126256923675537,2.19215611602813,0.4090598165795207
1780625794650280200,32.8532802734375,-0.1303226624369621,1.0778896365031598,1.582671926781535
1780625794660310300,32.86331030273438,-0.6627203971326351,-0.5927006660975516,2.065408097207546
1780625794670339000,32.87333911132812,-0.5157037895262241,-2.336091124232113,1.251741936326027
1780625794680369200,32.883369140625,0.08319850769042968,-3.500220828078687,-0.6310679522842169
1780625794690399200,32.89339916992188,0.23463526982665062,-3.2795036089673637,-2.7372224858999252
1780625794700429300,32.90342919921875,0.35400866822600363,-1.486070624421537,-3.1368922505825756
1780625794710459100,32.91345922851563,0.16579904948771,0.5145397141829132,-2.5902403650850054
1780625794720488200,32.92348828125,-0.06783084268867969,2.187899627627432,-2.3756992042601106
1780625794730518000,32.93351806640625,-0.3566723344773054,3.001192571282387,-2.491957100987434
1780625794740548000,32.94354809570312,-0.5004927763909102,2.8748239071682096,-2.5170915422439575
1780625794750578200,32.953578125,-0.5807569841951131,1.9485637788943946,-3.0206068813264366
1780625794760607200,32.963607177734374,0.06093231534659862,1.5753503517217933,-3.3556823010236023
1780625794770637300,32.97363720703125,0.1178624093145132,1.3125453645959495,-2.5777672524809834
1780625794780667400,32.98366748046875,0.3414315107256174,1.2561410480678081,-2.7610183720290657
1780625794790697200,32.993697265625,-1.5651719259262085,0.8191586208179593,-0.7163292377233504
1780625794800726300,33.00372631835938,-1.7986656245023012,0.6537095538116992,-0.248752642506361
1780625794810756000,33.013756103515625,-1.9101251810371875,0.14764891416057943,-0.8242080131620169
1780625794820786200,33.0237861328125,-1.9356693721383809,-0.7921988638304174,-1.7485650842934846
1780625794830816300,33.033816162109375,-2.726864173492789,-1.4077899916499852,-1.272280866485834
1780625794840846300,33.043846435546875,-3.716345458702743,-2.1357921315103767,1.2944108652293682
1780625794850875100,33.05387524414063,-3.47463659722805,-3.2780829285144804,4.332387983551621
1780625794860905200,33.0639052734375,-1.4043003959685563,-2.207250224785507,6.944567208722233
1780625794870935300,33.07393530273438,0.7596127913936972,-0.3367031670294702,6.565196720224619
1780625794880965000,33.083965087890626,-0.45507191843092437,-1.064449286302179,1.4014689719349145
1780625794890994400,33.09399438476562,-2.669989024582505,-0.8423962885424494,-1.9609405915170908
1780625794901024000,33.10402392578125,-2.7388772673696278,0.7713803130116313,-1.7096838572353124
1780625794911054000,33.11405419921875,-1.526993878701329,1.2605845834732055,-0.41022155383527276
1780625794921084200,33.12408422851563,-1.0872218207329511,1.036114953025803,0.2264706680715084
1780625794931114200,33.1341142578125,-1.756425442405045,0.5576402394365519,0.251316940036416
1780625794941143300,33.14414331054687,-2.3985940498962997,0.5205978817107155,0.24407763643264768
1780625794951173400,33.15417333984375,-2.3700872095972296,0.162990093014203,-0.511004233533144
1780625794961203500,33.16420336914062,-2.296032377827167,0.008689392814226447,-0.8380693652540445
1780625794971233000,33.17423291015625,-1.833852673217654,0.49201322693508115,0.24174480957090852
1780625794981262000,33.18426196289062,-0.9694558575302362,0.7338590491950512,2.0501497377991673
1780625794991292200,33.194292236328124,-0.6777522543087601,0.35464999833684413,3.219752320098877
1780625795001322200,33.204322265625,-0.9413429849848151,-0.39334626074954865,2.9138527260035274
1780625795011352300,33.21435229492187,-1.4586127086535094,-1.386077926057577,1.1983511224001646
1780625795021381000,33.224381103515626,-2.3559075853362677,-1.830628158213198,-0.6112491530925035
1780625795031411200,33.2344111328125,-2.8690555528998374,-1.2920878291092812,-1.835121085718274
1780625795041441300,33.244441162109375,-2.751596171428263,0.09983824758776463,-2.025907276946306
1780625795051471400,33.254471435546876,-2.0657228622451425,0.8824320924632251,-1.7219149777770042
1780625795061501200,33.264501220703124,-1.217431085923314,1.5683118313871323,-0.6541057135224342
1780625795071530000,33.274530029296876,-0.5573769853904843,1.9381404384270309,0.7627905446469784
1780625795081560000,33.28456005859375,-0.2149555868446827,1.8023026658304035,1.7861504263222217
1780625795091590100,33.294590087890626,-0.2423927520856261,1.5562455460183322,2.3260838172197342
1780625795101620200,33.3046201171875,-0.6307537717685103,1.2426609503783286,2.308587908017635
1780625795111649300,33.31464916992188,-0.9539496608406305,0.7710986465260387,1.9400953718870877
1780625795121679400,33.32467944335937,-1.0597156819090245,0.39167555105835195,1.4728297423154115
1780625795131709400,33.33470947265625,-1.1217392996236681,0.29400683866254984,1.126885138079524
1780625795141739000,33.34473901367188,-1.1025184663251042,0.17554419843256472,1.1325924098104239
1780625795151768300,33.35476831054687,-1.061194230028987,0.18407551460824906,0.9382961646348238
1780625795161798100,33.36479809570312,-0.6581082271620631,0.41752997715249657,0.28301848472356794
1780625795171828200,33.374828125,-0.5480211280241608,0.45598727971017355,-0.1887953096717596
1780625795181858300,33.3848583984375,-0.29058219797611234,0.6606598113410175,-0.6347954483747482
1780625795191888400,33.39488842773437,0.012770341984927654,1.0474106193482875,-1.0170523059636354
1780625795201917200,33.404917236328124,0.26338907062411304,1.3371740482874215,-1.2582090865135191
1780625795211947300,33.414947265625,0.3721910983875394,1.4792936776325105,-1.2945540730923413
1780625795221977300,33.424977294921874,0.37547581914663314,1.6215288961812853,-1.1807213576853275
1780625795232007200,33.43500708007812,0.43028585222065446,1.5235544057719408,-0.9136667502909899
1780625795242036200,33.4450361328125,0.557481907069683,1.3529567238308489,-0.6430985818177462
1780625795252066000,33.455066162109375,0.6650432871222496,1.080861491920799,-0.34207623836994167
1780625795262096100,33.46509619140625,1.0378209532260894,0.8704442791581153,-0.14203765015006065
1780625795272126200,33.475126220703125,1.3781775281965731,0.42720074568688865,0.03698094639480114
1780625795282156300,33.48515625,1.414978149588406,0.4028158076234162,0.030108722537755966
1780625795292185300,33.49518530273438,1.519452085019648,-0.047192397677153344,0.5537134944468737
1780625795302215400,33.50521533203125,1.342519062577188,-0.0658056204713881,0.5661743320912123
1780625795312245200,33.51524536132813,1.296417821137607,-0.05782850411236286,0.5413578707426786
1780625795322275000,33.525275146484375,1.2778022602558134,-0.372518138384819,0.5692606076687574
1780625795332304100,33.53530419921875,1.0332423932641743,-0.9523264435529708,0.4721826277077198
1780625795342334200,33.54533422851563,0.7648831330120563,-1.60080905649662,0.11535422588586806
1780625795352364300,33.5553642578125,0.6188871006250382,-1.833412820495665,-0.4219061464101076
1780625795362394400,33.56539428710938,0.7352291685044765,-1.3792296675980091,-1.0456558846354485
1780625795372423200,33.57542309570312,0.9367860523328184,-0.4489692176416516,-1.53092771101892
1780625795382453200,33.58545336914062,1.7151188878960906,0.49189387487173075,-1.53253105456233
1780625795392483300,33.5954833984375,2.338401885392517,1.0722074992135167,-1.2896651320070027
1780625795402513200,33.60551318359375,2.1177990864410994,1.2650213968768715,-0.9020517158210277
1780625795412543200,33.61554321289063,2.2074200283944605,1.2028306059017777,-0.9036258332699537
1780625795422572000,33.62557202148437,1.6342799489438533,0.6260469092518091,0.10328443338572979
1780625795432602000,33.63560205078125,1.5155436794042587,0.36605507985055447,0.5349468346565962
1780625795442632200,33.64563208007812,1.4573241301476954,0.06959259166419506,0.8578414026945829
1780625795452662300,33.65566235351562,1.2553015285037457,-0.2938756865635514,0.9060749799877404
1780625795462691300,33.66569140625,1.084644663721323,-0.5812640569344163,1.0000421344518662
1780625795472721400,33.675721435546876,0.9411864792488515,-1.3441267900347709,1.6649936516374348
1780625795482751200,33.685751220703125,0.8449300448037683,-2.886628618991375,3.7881764769434927
1780625795492781000,33.695781005859374,0.07340528182014823,-3.2575770238414403,5.289857050690054
1780625795502811100,33.70581103515625,0.10945172384381294,-2.3550822404280303,4.560986311301589
1780625795512840200,33.715840087890626,0.8619429197292774,-1.6107669714093207,2.362904604616761
1780625795522870300,33.72587036132813,-0.1778514524616301,-1.2684531248912214,-0.8684697642147541
1780625795532900400,33.735900390625,-0.855547154277563,-1.0600643492162227,-3.260918443223834
1780625795542930200,33.74593017578125,-1.1917127803642302,-1.3710340861827135,-4.3958565393775695
1780625795552959200,33.75595922851563,-1.9726678541898726,-0.9874702376484871,-4.666671376088261
1780625795562989300,33.7659892578125,-2.6441478963613507,-0.7666010428458452,-4.612271092858911
1780625795573019400,33.77601928710938,-2.2451450711548326,-1.4613620073616505,-4.262744538483023
1780625795583049200,33.78604931640625,-1.4889093549787997,-1.9357482825934886,-4.03714130089581
1780625795593079300,33.79607934570313,-1.1913128943264484,-1.8768851747363804,-3.811697637784481
1780625795603108000,33.80610815429687,-1.2427309468746184,-1.7471902888089417,-3.2944723377794025
1780625795613138200,33.81613818359375,-1.4016548498958348,-1.6320669490695,-2.4815561184823514
1780625795623168300,33.82616821289062,-1.5060282475620508,-1.517012582913041,-1.7386358109533786
1780625795633198300,33.8361982421875,-1.6367138980925082,-1.4783037898123264,-1.0432049843519926
1780625795643227400,33.846227294921874,-1.9827087712109088,-1.569206296008825,-0.43250820444524285
1780625795653257200,33.85625732421875,-2.321849686781317,-1.702220681747794,0.5335860676974058
1780625795663287000,33.866287109375,-2.8975656080693004,-2.022880622601509,1.075181838849187
1780625795673317000,33.87631713867187,-3.266067496550083,-2.2740175298959016,1.0480185221135616
1780625795683347200,33.88634716796875,-3.5732074460953474,-2.2534014428466556,1.028936805024743
1780625795693376300,33.896376220703125,-3.683204528862238,-2.3908242926776406,0.8195464510917663
1780625795703406300,33.90640625,-3.3619296709805724,-2.6093992390632628,0.5847001688629389
1780625795713436200,33.916436279296875,-2.4696119981884954,-2.68766029035151,0.6424100150316954
1780625795723466200,33.92646630859375,-1.5939759956061839,-2.704413564492762,0.6471393816411495
1780625795733495300,33.93649536132813,-0.6712528092868626,-2.6666020124927163,0.7848527388513088
1780625795743525400,33.946525390625,0.10266995474919677,-2.557051504449546,0.9975807127743959
1780625795753555200,33.95655517578125,0.6457483656741678,-2.3463860160142183,1.2651029376804828
1780625795763585300,33.966585205078125,1.2464261481307446,-1.9870365712821483,1.3928525347590446
1780625795773614000,33.97661401367188,1.689277613544464,-1.3047209545806049,1.5538479833573102
1780625795783644200,33.98664404296875,1.4999479047350586,-0.1658171696662903,1.5965648430556059
1780625795793674200,33.99667431640625,0.9239210178017616,0.8693430399179458,1.613793041232228
1780625795803704300,34.00670434570313,0.30483547199517486,1.7003215701282024,1.679144926586747
1780625795813734400,34.016734375,-0.25220249069929124,2.5379361773520706,1.7251216648638248
1780625795823763200,34.02676318359375,-0.4297665045216679,2.719554142740369,1.5864695654988288
1780625795833793300,34.03679321289062,-0.4156535157561302,2.0058096608132123,1.218941490486264
1780625795843823000,34.04682299804688,-0.8250219598934054,1.0830343059152363,0.5005746094554663
1780625795853853200,34.05685327148438,-1.2233159061782062,0.19248831897079943,-0.12126257314682005
1780625795863882200,34.06688232421875,-1.2825564690455793,-0.35580256590545173,-0.34692718553245067
1780625795873912300,34.076912353515624,-1.3719658140748738,-0.7726981906771659,-0.54461891836524
1780625795883942100,34.08694213867187,-0.9207125771492719,-1.126581186696887,-0.5906096851676702
1780625795893972200,34.09697216796875,0.019427754047513006,-1.3912322400808335,-0.2147550958365202
1780625795904002300,34.10700219726562,0.8032903128176927,-1.5709551855027675,0.21920038480758666
1780625795914031400,34.11703125,1.2016034021943807,-1.4796967054754495,0.5234633176118135
1780625795924061200,34.127061279296875,1.215849369689822,-1.5346534535437821,0.5702373437464237
1780625795934091300,34.13709130859375,0.7058131044059991,-1.1366162584990263,0.28841245272159577
1780625795944121000,34.14712109375,0.020018705677986144,-1.3036591705679892,-0.03291092047691345
1780625795954150100,34.157150146484376,-0.46094095659479495,-1.469427240395546,-0.26350714404582976
1780625795964180200,34.16718017578125,-0.5696896467357874,-1.444253051650524,-0.6240045897692441
1780625795974210300,34.177210205078126,-0.15437807628512382,-1.0558131215125321,-0.993386183694005
1780625795984240400,34.187240478515626,0.5624436211302876,-0.29922669220268727,-1.040043305450678
1780625795994270200,34.197270263671875,1.4338890401549635,0.7519681218594312,-0.849187556117773
1780625796004299300,34.20729931640625,1.914874421390891,1.7510136464893817,-0.6176181036025286
1780625796014329000,34.2173291015625,1.7340151654154061,2.6746599390029906,-0.27000468937158584
1780625796024359200,34.22735913085938,1.5064613782823084,3.470865846517682,0.11777999172806738
1780625796034389200,34.23738916015625,1.1097001945227385,3.901240546065569,0.301351429271698
1780625796044418300,34.24741821289062,0.47403906922936434,3.412202645146847,0.01648351728916168
1780625796054448000,34.2574482421875,-0.4533215676322579,2.1051900724977255,-0.5502227297216653
1780625796064478200,34.26747827148437,-1.156848022405803,0.6488549533873796,-1.0165285743504762
1780625796074508300,34.27750830078125,-1.2633376815736292,-0.5574561881065369,-1.213995850777626
1780625796084538000,34.2875380859375,-1.0091486932322382,-1.2563286795943975,-0.990493384861946
1780625796094567400,34.2975673828125,-0.6278402224093675,-1.166744270259142,-0.6637210986077785
1780625796104597200,34.30759716796875,0.31828736650347705,-0.2495709731519222,-0.4395154528588056
1780625796114627000,34.317626953125,1.5902449923843145,0.8829600618600845,-0.3798059573054313
1780625796124657200,34.3276572265625,2.2385206845790147,1.5598673897773025,-0.40956864288449285
1780625796134686200,34.337686279296875,1.8129760355360804,1.7831436457216738,-0.46543432249128813
1780625796144716300,34.34771630859375,1.3366905025541782,1.7636118467777966,-0.37775720808207985
1780625796154746400,34.357746337890624,0.9451742337107658,1.6828922964215278,-0.06555880610346794
1780625796164776400,34.3677763671875,0.8516168290913104,1.5489496899217365,0.2330582297682762
1780625796174806000,34.37780590820312,0.7792354834914207,1.019663949766755,0.17426409549415112
1780625796184835000,34.3878349609375,0.7837459466531872,1.0282529144138097,0.16689035185575485
1780625796194865200,34.397865234375,-0.29197599042207,-0.13004443001747132,-0.5646411311745644
1780625796204895200,34.407895263671875,-0.6106032564043998,-0.4497767346322536,-0.9720499656766652
1780625796214925300,34.41792529296875,-0.919248349815607,-0.5243681574970483,-1.0937059220552443
1780625796224954000,34.4279541015625,-1.0701512973360716,-0.3559060262799263,-0.8436474576473235
1780625796234984200,34.43798413085938,-0.7851695497155189,-0.11925707854330539,-0.3540507538020611
1780625796245014300,34.44801416015625,-0.7163309912890196,0.15706161628067491,0.13961422239542007
1780625796255044000,34.458044189453126,-0.6090092652112246,0.4633499174326658,0.5882698440432548
1780625796265074200,34.46807421875,-0.5477203915119171,0.7521995925277472,0.7773322802186012
1780625796275103200,34.47810327148437,-0.6520347524672746,0.9092804980307817,0.6023264264464377
1780625796285133000,34.48813305664063,-0.5836901150375604,0.9119587773293256,0.24674247172772884
1780625796295163100,34.4981630859375,-0.4168275279715657,0.8591910637378692,-0.12936638462543487
1780625796305193200,34.50819311523438,-0.41628056161329147,0.7542775678455829,-0.3578156592935324
1780625796315222300,34.51822216796875,-0.3365536755561828,0.5596557439774275,-0.505772762620449
1780625796325252400,34.52825244140625,-0.13036737836152315,0.2543827573478222,-0.5842383965700865
1780625796335282400,34.53828247070312,-0.19914690007716415,-0.19311843356788158,-0.453769019138813
1780625796345312000,34.54831201171875,-0.15841332315057516,-0.7878343850106,-0.03965981021523476
1780625796355342000,34.55834204101563,0.12182166833430529,-1.2910960415929555,0.4202613018125295
1780625796365371100,34.56837109375,0.2746330798245966,-1.6429519156992434,0.7110849073290825
1780625796375401200,34.57840112304687,0.4490671250581741,-1.6347358760178088,0.8974889379501342
1780625796385431300,34.588431396484374,0.674394614443928,-1.02025139426589,1.0052706827551126
1780625796395461000,34.59846118164062,0.6672621322154998,0.08317278872728347,0.9163876996874809
1780625796405490200,34.608490234375,0.4889601595073938,0.9225701877146959,0.584936900228262
1780625796415520300,34.618520263671876,0.13455284735262393,1.1201555375635623,-0.06071604224741459
1780625796425550000,34.628550048828124,-0.2434931145429611,0.8609504746258259,-0.749230805850029
1780625796435580000,34.63857983398437,-0.549783169260621,0.4608481637448072,-1.2736848880648612
1780625796445610000,34.64860986328125,-0.643964258736372,0.11777765364050864,-1.5327449895739556
1780625796456894200,34.659894287109374,-0.6974351521611213,0.05361468580961227,-1.4635259073972702
1780625796466924300,34.66992431640625,-0.9308686449825763,-0.11167758319973944,-1.346871704828739
1780625796476953000,34.679953125,-1.3065911323666572,0.001373041918873787,-0.7092313884168863
1780625796486983200,34.689983154296876,-1.3753016804993152,0.18280922099947927,0.08031915286183357
1780625796497013000,34.700012939453124,-1.160802020728588,0.04974222829043865,0.681129914048314
1780625796507043000,34.71004296875,-1.328319710702449,-0.28233284054696556,0.94507311142385
1780625796517073200,34.7200732421875,-1.4844669886171817,-0.6580471446245908,0.8412403965055942
1780625796527102000,34.73010205078125,-1.379848676279187,-0.9034639207065105,0.6523860501229762
1780625796537132000,34.740132080078126,-1.1268470710914582,-0.7876146047800779,0.7068173130124807
1780625796547162000,34.750162109375,-0.7982102330744266,-0.48147301862239833,0.9411515540659428
1780625796557192200,34.760192138671876,-0.6995219683725387,-0.2369055528461933,1.2333055314034223
1780625796567221200,34.77022119140625,-0.7472031724799424,-0.09227028741836547,1.665185374817252
1780625796577251000,34.7802509765625,-0.16781740357279776,-0.21284020212590693,2.3594553409457206
1780625796587281000,34.79028100585938,0.06251991333160549,-0.613853782632947,2.3566133955180644
1780625796597311000,34.80031103515625,-0.673643942207098,-0.8549953656136989,2.1875673269331455
1780625796607341000,34.81034106445313,-1.0642980412632226,-1.052100238469243,2.217186220127344
1780625796617370000,34.8203701171875,-1.5248895998984575,-0.8362111701667309,2.438790158945322
1780625796627400200,34.83040014648437,-2.0127520272970196,-0.24989304471313953,2.9927988369464873
1780625796637429000,34.840428955078124,-2.110640154597163,0.21624211952388286,3.4636189441293475
1780625796647459000,34.850458984375,-2.253189845922589,0.4165682925134897,3.809211081665754
1780625796657489200,34.8604892578125,-2.2100760958611962,0.5720990459650754,4.4575691914469004
1780625796667519000,34.87051904296875,-2.0563328103482723,0.6043558864474297,4.798799626642466
1780625796677548300,34.88054833984375,-2.0595757377922532,0.5358066663563251,4.808737083289027
1780625796687578000,34.890578125,-2.2281214556396005,0.7696651065915823,4.800473697334528
1780625796697608000,34.90060791015625,-2.4987492453455924,1.4138877240031957,4.758420854502916
1780625796707638000,34.910637939453125,-2.841758380651474,2.074060190218687,4.69190635510981
1780625796717668000,34.920668212890625,-3.329399274253845,2.6060335620224473,4.520680019876361
1780625796727697200,34.930697265625,-3.527295005226135,2.9722230819076296,4.149393469113111
1780625796737727200,34.94072729492188,-3.4455472808659073,3.0918548389822242,3.67385627028048
1780625796747757300,34.95075732421875,-3.3974446364760396,3.224324450320005,3.2368174366682765
1780625796757787000,34.960786865234375,-3.2789597113490103,3.4143583618760105,2.9351509500980377
1780625796767817000,34.97081689453125,-3.156319127847254,3.697950847095251,2.579443076738715
1780625796777846000,34.98084594726563,-3.009915975964069,4.202405512854456,2.5045915416330096
1780625796787876000,34.9908759765625,-2.9461987060740586,4.628151383557915,2.418970190709829
1780625796797906200,35.00090625,-3.229556213493645,4.862942136207223,1.8677444214254617
1780625796807936300,35.01093627929688,-3.035870501431823,5.010014857915044,1.3434984290033578
1780625796817965000,35.02096508789062,-2.9120255105763673,4.716621109649538,0.598252893397212
1780625796827995100,35.0309951171875,-3.0245956587016583,4.194315729901194,-0.012881108883023261
1780625796838025200,35.04102514648437,-3.0400264520674942,3.5679233682125804,-0.345333778861165
1780625796848055000,35.05105493164063,-2.356410858683288,3.432733976522088,-0.7346265264362096
1780625796858085000,35.06108520507812,-1.8805089181914925,3.7790719639897343,-0.633236528494954
1780625796868114000,35.071114013671874,-1.4224386947274208,3.718958563810587,-0.33518297172486783
1780625796878144000,35.08114404296875,0.11041706174463033,3.36228856742084,-0.35828210776150227
1780625796888174000,35.09117407226562,2.969453617194295,2.736748438647389,-1.9006641097307204
1780625796898204200,35.1012041015625,6.234338041439652,1.4186825570642947,-4.936414199653267
1780625796908233200,35.111233154296876,6.264997383597493,0.4653036818489432,-8.094259221893548
1780625796918263300,35.12126318359375,3.851566122314334,0.6664172058239579,-9.101459995928407
1780625796928292900,35.13129296875,3.0486905277773735,1.655021123677492,-5.304149195414781
1780625796938323000,35.141322998046874,1.8372876161023974,2.3942583587795494,-1.7885469660699367
1780625796948353000,35.15135302734375,-0.4455202462315559,1.9734744943976401,-1.6258821229547262
1780625796958382000,35.16138208007813,-1.777227699676156,1.3355942317500709,-2.81069454934597
1780625796968412200,35.171412109375,-1.5166080937653779,1.1184390890344977,-2.4949387471467257
1780625796978442200,35.181442138671876,-0.4065647848933935,0.6277057823747396,-1.9638404046118259
1780625796988472000,35.19147216796875,0.2418324878543615,-0.14669365926235914,-1.552701151409745
1780625796998501000,35.20150122070312,0.26863047840893267,-0.6706421300426125,-2.3278736232459543
1780625797008531200,35.21153125,1.387167474859953,-0.7225386137574911,-3.888112768945098
1780625797018561000,35.22156103515625,2.445953474703431,0.566587004545331,-4.451163416057825
1780625797028591000,35.23159106445313,1.681168541368842,2.249633614745736,-4.205342735350132
1780625797038621200,35.24162109375,-0.07052490407824516,2.8444404593423007,-3.7776632662355896
1780625797048650000,35.25164990234375,-0.6192226161897182,2.59199422301501,-2.3944407296091317
1780625797058680000,35.26168017578125,-0.421185430920124,1.8117554076999425,-2.122941417765617
1780625797068710100,35.27171020507812,-0.007971709531545638,1.2521788664385676,-2.00255036675632
1780625797078740200,35.281740234375,0.4730658402830362,1.0218623365938664,-1.4687228915184736
1780625797088769300,35.291769287109375,0.7268781042665243,0.8088061536297202,-1.730736582136154
1780625797098799000,35.301799072265624,1.669970855528116,-0.28701573766618965,-1.9587562332153319
1780625797108829000,35.31182885742187,2.06452371558845,0.09192308141589164,-2.4326976872891186
1780625797118859000,35.32185888671875,1.9188509238064289,0.871194513003528,-3.1270021402090786
1780625797128889000,35.33188916015625,1.7639418093845247,1.214326105645299,-3.5940094111055134
1780625797138918100,35.341918212890626,1.425772515325248,1.6700944819077848,-3.973782635185122
1780625797148948200,35.3519482421875,1.4130232161283491,2.440893853226304,-4.104700925427675
1780625797158978000,35.36197802734375,1.7193115172803402,2.9734064464733003,-3.906531053689122
1780625797169008000,35.372008056640624,1.9037556460052727,3.1494290760725736,-3.4469437036603687
1780625797179038000,35.38203784179687,1.74502083581537,2.605558930248022,-3.192267516323924
1780625797189067000,35.39206689453125,1.728735763707757,2.213530620229244,-2.8260382489502427
1780625797199097000,35.40209716796875,2.1432380636021495,1.9807380556598304,-2.346575985628366
1780625797209127200,35.412127197265626,2.900651883646846,1.711741958808899,-1.7492407915979622
1780625797219157000,35.422156982421875,3.5879613631129263,1.3992439893618225,-1.0668436340928078
1780625797229186000,35.43218603515625,4.13947413264513,1.1446645403981208,-0.44905192748904227
1780625797239216000,35.44221606445313,4.114013820435106,1.0847399407893419,0.239058346965909
1780625797249246200,35.45224609375,2.953408199061453,0.7506064781174063,0.6738987937510014
1780625797259276000,35.46227612304688,1.8037883743435144,0.5317161821722984,1.0717758297979831
1780625797269305000,35.47230517578125,0.8828890424504876,0.035657881097495556,2.0938462561845776
1780625797279335000,35.4823349609375,0.04530073871165514,0.3532274547204375,2.452868953180313
1780625797289365000,35.49236499023438,-0.3387850878700614,0.7035127185091375,1.8930553882926702
1780625797299395000,35.50239501953125,-1.0004299647256731,0.21501053190231323,1.5217904648393392
1780625797309425200,35.51242504882813,-1.3818129620894788,-0.055340486688911915,1.55990947535336
1780625797319454200,35.5224541015625,-1.5381433414861558,-0.1693967817187309,1.6158067191421985
1780625797329484000,35.53248413085937,-1.4948700169488787,-0.24799627118110656,1.508265797355771
1780625797339514000,35.54251416015625,-1.2640554744541643,-0.31711116233095527,1.2481377743542195
1780625797349544000,35.5525439453125,-1.153700079768896,-0.26845833671242,1.0047352607041597
1780625797359574000,35.56257397460938,-1.1142580039575696,-0.16712401448115705,0.8179647348582744
1780625797369603000,35.57260302734375,-0.9435156528487801,-0.22341975606828926,0.8131073579549789
1780625797379633200,35.582633056640624,-0.7683797429561614,-0.22575492101758718,0.8922264873772859
1780625797389663000,35.5926630859375,-0.9735010412678122,-0.7047374379985034,0.9300234263300895
1780625797399695600,35.602695556640626,-1.237519349706173,-1.155985706488043,1.0601064347922802
1780625797409724700,35.612724609375,-1.3981974029183386,-1.4446438045337795,1.0802262627571821
1780625797419754800,35.62275463867188,-1.4519205175384877,-1.9498735463187098,0.9580828151226043
1780625797429784600,35.63278466796875,-1.2758163471356034,-2.587403095832467,0.6889058087468147
1780625797439814700,35.64281469726563,-0.7127449494957924,-2.7505715045556425,0.18217326118350027
1780625797449844500,35.65284448242188,-0.09669336455762385,-2.535096277751028,-0.39328912373483177
1780625797459873800,35.66287377929687,0.6201338858157396,-2.1956679235413668,-0.9322247357666492
1780625797469903600,35.67290356445312,1.1683391382351518,-1.7349385638706385,-1.463804139816761
1780625797479933700,35.68293359375,0.8048486481755971,-1.3107540972650051,-1.8884288975358008
1780625797489963500,35.69296362304687,-0.2763265858694911,-0.9716052906490862,-2.2431167801976204
1780625797499992600,35.70299267578125,-0.8412675767734646,-0.7266849928472191,-2.528638187652826
1780625797510022700,35.713022705078124,-0.9630372226595878,-0.4308206897497177,-2.4271517435997723
1780625797520052700,35.723052734375,-0.9154489575326442,0.19224632690846918,-1.9638094249516724
1780625797530082800,35.733082763671874,-0.4153004645347595,1.0265278441868722,-1.0963894620507955
1780625797540112600,35.74311254882812,0.5701321298062801,1.5501953060686586,0.2565828977406025
1780625797550141700,35.7531416015625,1.6036007330417632,1.4624519945554435,1.5323574515610932
1780625797560171500,35.763171630859375,2.2077169655144213,0.8454172437988221,2.433502573931217
1780625797570201600,35.77320166015625,1.668710334073007,-0.07133315172120928,2.4083745624154806
1780625797580231700,35.783231689453125,0.17100626274198294,-0.7207425241209566,1.3747656739264726
1780625797590260700,35.7932607421875,-1.322004097814858,-0.760247289904952,-0.09712123458087443
1780625797600290600,35.80329052734375,-2.4875676338568327,-0.3643541942168027,-1.6544570600539446
1780625797610320600,35.813320556640626,-3.036845191682875,0.27479104686528444,-2.935722612506151
1780625797620350700,35.82335083007813,-3.027361616283655,0.7186491320382803,-3.4758997490316625
1780625797630380500,35.833380615234375,-3.0141344704419373,1.021705246336013,-3.4692636720180507
1780625797640409600,35.84340966796875,-2.878569815698266,0.7657679530225694,-3.0564865884810684
1780625797650439700,35.85343969726563,-2.0744430520564316,0.054143742051860316,-1.9579682977080344
1780625797660469500,35.86346948242188,-1.0730176465526222,-0.844772223893553,-0.7069611053973436
1780625797670499600,35.87349951171875,-0.49588615937829017,-1.7334182224355636,0.24393852022290227
1780625797680528600,35.88352856445312,-0.4960334588944912,-2.384210135234892,0.9100503133594989
1780625797690558700,35.89355883789062,-0.4392687846213579,-2.918346530291438,1.4297721063554285
1780625797700588800,35.9035888671875,0.07874678897857666,-3.1491365228667854,1.9862024585455655
1780625797710618600,35.91361865234375,0.6154793380081653,-3.2595527078285813,2.4935721349686384
1780625797720648400,35.9236484375,0.5230962378650903,-3.195348531204462,2.4922207203596827
1780625797730677500,35.93367749023437,0.053172202739119524,-3.177067609104514,1.9580483772069215
1780625797740707600,35.94370751953125,-1.5143144298702478,-3.0083994339212774,0.90161858510077
1780625797750737700,35.95373754882812,-2.5023914012402293,-2.381663081100583,-0.5366881253659724
1780625797760767700,35.96376782226562,-2.3801947621136903,-1.6206129503801463,-1.6563742918521165
1780625797770797800,35.9737978515625,-1.434585059595108,-0.9406703464202583,-2.0959090339332818
1780625797780826600,35.98382666015625,0.035061376509070395,-0.23126272465363143,-1.9733377162754535
1780625797790856700,35.993856689453125,0.9216372907787561,0.907862447926402,-1.40285721142292
1780625797800886500,36.003886474609374,1.0323059891968964,1.7702892787151037,-0.6267547652602196
1780625797810916600,36.01391650390625,0.9468646710157393,2.595535548883676,0.5159224007129669
1780625797820945700,36.023945556640626,-0.13781155688762664,3.5229993538588285,1.1727245137125253
1780625797830975500,36.0339755859375,-1.2949077088356018,4.002020887675881,1.0372188956797121
1780625797841005600,36.044005615234376,-2.3798025479257103,4.478889042851328,0.2396294248521328
1780625797851035600,36.05403564453125,-2.907071103039384,4.255734951981902,-0.7918652479618787
1780625797861065700,36.064065673828125,-2.6377584875851867,3.24262992233932,-1.7601953163325785
1780625797871094800,36.0740947265625,-2.172746774420142,2.062109786314517,-2.6746862424880264
1780625797881124600,36.08412451171875,-1.3954770380437374,1.0731276827983558,-2.902551579788327
1780625797891154400,36.09415454101563,-0.41010464945733544,0.3133978408962488,-2.5518551048502323
1780625797901184500,36.1041845703125,0.4884446112006902,-0.47615138520821926,-1.9038208201959728
1780625797911213600,36.11421362304687,0.840444277691841,-0.9156427265390753,-1.426591430492699
1780625797921243600,36.12424365234375,0.5304764112442731,-1.0333838475614785,-1.2349448230430482
1780625797931273700,36.13427368164062,0.050126259171962735,-0.7359248956836759,-1.3381675893694163
1780625797941303800,36.1443037109375,-0.24610475834608075,0.12926657751277087,-1.9487477571591734
1780625797951333600,36.15433374023438,-0.25470190629959105,0.6194583246417343,-2.703226692795753
1780625797961362700,36.16436279296875,0.1567442208945751,0.31680750320926304,-2.9128607923567293
1780625797971392500,36.174392578125,0.49320554199218747,-0.3560197157874703,-2.1895637614473697
1780625797981422600,36.18442260742187,0.3713876730501652,-0.9298369638472795,-1.082988420946896
1780625797991452700,36.19445263671875,0.09515431842207908,-0.8050506004884839,-0.3501464398398995
1780625798001481500,36.2044814453125,-0.015787936240434647,-0.455857808111608,-0.03572042493969202
1780625798011511600,36.214511474609374,0.09289689488410949,-0.1507547712214291,-0.020614333483576774
1780625798021541600,36.224541748046875,-0.05835515833497047,-0.004088584487885237,-0.2124383433267474
1780625798031571700,36.23457177734375,-0.24401976876556872,0.24842034181207417,-0.6540121900200844
1780625798041601500,36.2446015625,-0.4962526546031236,0.699352968481183,-1.34198334826529
1780625798051630800,36.254630859375,-0.7651543511688709,1.4079334917739033,-1.723099511386454
1780625798061660400,36.264660400390625,-0.7657084779202937,1.994836431378126,-1.8535130669772624
1780625798071690500,36.2746904296875,-0.8512380589067935,1.7205448584675789,-1.7995353930741547
1780625798081720600,36.284720458984374,-0.7692419127434492,0.8937643644690513,-1.2585717823460698
1780625798091750700,36.294750732421875,-0.40670156301558014,0.12936200071126222,-0.34796208153814073
1780625798101779700,36.30477978515625,-0.23970599721968172,-0.22847002519518136,0.4632967259407043
1780625798111809800,36.31480981445313,-0.1184685585141182,-0.2328413721472025,0.6956131974309683
1780625798121839600,36.324839599609376,-0.03865910874009132,-0.34281975021362304,0.15410276647508145
1780625798131869400,36.334869384765625,0.15175006586909293,-0.09128799838274716,-0.7721540007978678
1780625798141898800,36.34489868164062,0.0480278255879879,0.43405952554047106,-1.7395736763253806
1780625798151928600,36.35492846679688,-0.8888865292996168,0.5847048450380563,-2.291254788161814
1780625798161958700,36.36495874023438,-1.9755939707696437,0.48959728836715216,-2.3258050002783537
1780625798171988700,36.37498876953125,-2.4944857426822185,0.3122372726842761,-2.040598065599799
1780625798182018800,36.38501879882813,-2.4008289693415166,0.13269845165759325,-1.6420441532045602
1780625798192047600,36.39504760742187,-2.1504642154634,0.04582914649993181,-1.2197452080845832
1780625798202077700,36.40507763671875,-1.7175556135237215,-0.015070435620844364,-1.0699141275793314
1780625798212107800,36.41510766601562,-1.2252210091471671,-0.0345949280411005,-1.138183361685276
1780625798222137600,36.4251376953125,-0.7435901696145534,0.12409896561652421,-1.1255845768749713
1780625798232166700,36.435166748046875,-0.2069645880907774,0.17739537925720214,-0.990256653496623
1780625798242196500,36.445196533203124,0.2550572956085205,0.16899609196335078,-0.6047679743796587
1780625798252226600,36.4552265625,0.4585749581158161,0.6500722202226519,0.3799298759460449
1780625798262256600,36.46525659179687,0.284439457437396,1.5396785882294177,1.732661412718892
1780625798272286700,36.47528662109375,-0.2612427062451839,2.1798589445129037,2.5346599321603773
1780625798282315800,36.485315673828126,-1.1048995162427424,2.2161095308065413,2.1636165425032376
1780625798292345600,36.495345703125,-1.8396330101847647,2.1207405467204747,0.6036567982673645
1780625798302375700,36.505375732421875,-1.9724930821448563,2.2951161397650837,-1.3967033649682998
1780625798312405500,36.515405517578124,-2.038580296036601,2.0924453033454715,-3.271550896397233
1780625798322434600,36.5254345703125,-2.1530857961386443,1.3295945529438555,-4.644509813162684
1780625798332464600,36.53546459960938,-2.0517893216997383,0.7206760347560047,-4.842103346318006
1780625798342494700,36.54549462890625,-1.8413889139413833,0.13830840049386023,-3.5563065801769493
1780625798352524500,36.555524658203126,-2.4079718268334864,-1.2493551873199642,-2.207622272968292
1780625798362554600,36.5655546875,-2.472166358846426,-2.2886166947431863,-1.1240250724732874
1780625798372583700,36.57558374023437,-2.0565502524912356,-2.5806074443429705,0.13128887712061404
1780625798382613800,36.58561376953125,-0.8886340158432722,-2.4499440056443214,2.083767929762602
1780625798392643600,36.5956435546875,-0.6941822878450155,-2.7018983668014407,3.0922686804801223
1780625798402671400,36.60567138671875,-2.2974363994061946,-3.0530700580358503,2.2049615293264386
1780625798412701400,36.615701416015625,-3.5743349888205525,-3.029742958462238,0.6030360360205174
1780625798422730500,36.62573046875,-3.163411424195766,-2.6834327357843515,-1.102653198620677
1780625798432760300,36.63576025390625,-1.1761159097164868,-2.2289500154182313,-2.506789928460121
1780625798442790100,36.6457900390625,1.6613929967969654,-2.0447373573616145,-3.6272868268072602
1780625798452820200,36.6558203125,3.307744491806626,-1.790213730238378,-4.28843193744719
1780625798462849300,36.66584936523437,3.374726608711481,-1.3790440818980336,-4.303208650818467
1780625798472879400,36.67587939453125,2.0576807178258893,-0.9366603801265359,-3.978466409087181
1780625798482909400,36.68590942382812,0.20837211680114268,-0.572987848030962,-3.3699639243543147
1780625798492939300,36.69593920898438,-1.1904653375864027,-0.26770050408244134,-2.5816899788826704
1780625798502969300,36.70596923828125,-1.7294333905830979,-0.2481141619397327,-1.860074909710884
1780625798512998400,36.71599829101562,-1.6560250400230287,-0.898262771866843,-1.7796283310770988
1780625798523028500,36.726028564453124,-1.1172849505633116,-1.1164307448867707,-2.135079014804959
1780625798533058300,36.73605834960937,-0.7174725625395775,-0.9180801828190683,-2.453025605046749
1780625798543088400,36.74608837890625,-0.20440087508261204,-0.27259240430984644,-2.268906470492482
1780625798553117200,36.7561171875,0.267887551087141,0.5915046612460166,-1.5938064842581747
1780625798563147300,36.766147216796874,1.8128820736423135,1.9677233835250139,2.0295470947533847
1780625798573177300,36.77617724609375,2.7946456240817903,1.7192293919548391,7.271357615154981
1780625798583207400,36.78620751953125,0.6358128087237477,-1.0098360909745097,10.200285745215416
1780625798593237500,36.796237548828124,-0.4793590952083468,-2.493927232016623,13.86309162917137
1780625798603266300,36.806266357421876,0.8699602950334548,-3.7001729070588945,16.80657786141634
1780625798613296400,36.81629638671875,4.511825974552333,-4.908457686713338,16.214337944698332
1780625798623326200,36.826326171875,6.506701276636123,-3.3209146467640993,10.966313372087479
1780625798633356300,36.836356201171874,6.7654960052073,-0.14442224373165516,6.2917456897914406
1780625798643386400,36.846386474609375,6.449720913785695,1.0143869592119008,5.1569075468808405
1780625798653415400,36.85641552734375,5.068722482949495,0.3906017843469977,4.5494747372061015
1780625798663445200,36.8664453125,2.560832484292984,-0.4232677901521325,2.7444536061972378
1780625798673475300,36.876475341796876,0.4072171113222837,-0.6619857261825353,0.7024240464895963
1780625798683505400,36.88650537109375,-0.8357862227529287,-0.34403095263428984,-1.1072773512899874
1780625798693534500,36.89653442382812,-1.327609954997897,0.2552422967866063,-2.735335649240017
1780625798703564300,36.90656420898438,-1.4885487049728632,0.7617217463716864,-3.9292210244029757
1780625798713594400,36.91659448242188,-1.3109241931349038,0.6363957231782377,-4.374305217304825
1780625798723624200,36.92662426757813,-0.7189040566474199,0.13142127132862805,-4.0506881802111865
1780625798733654300,36.936654296875,0.02806377270668745,-0.31914939016029237,-3.2805355823636053
1780625798743683300,36.94668334960937,1.0802911446869372,-0.6244743992380798,-2.3283973548591135
1780625798753713400,36.95671337890625,2.134642961475253,-0.7181587912380695,-1.3799948067516088
1780625798763743500,36.96674340820312,3.2253941253781315,-0.5402113310560583,-0.47433249921798704
1780625798773773300,36.97677319335938,3.9756396612286564,-0.07835267509445548,0.3051543286859989
1780625798783802400,36.98680224609375,3.769217801712453,0.47962797527760265,1.0332640205740928
1780625798793832200,36.996832275390624,2.540080788165331,0.9744204942002892,1.7292618334084748
1780625798803862300,37.0068623046875,1.5212231863453984,1.3831576546967028,2.0923680003255605
1780625798813892400,37.01689233398437,1.1140288713768125,1.4861032115168868,2.012477886530757
1780625798823922400,37.02692236328125,1.199929623763263,1.51590462167114,1.5210235721200704
1780625798833951200,37.036951171875,1.3889286393135785,1.6305976071693002,0.5119178412467241
1780625798843981300,37.046981201171874,1.2230959798172116,1.5900586760319768,-0.5645534528911114
1780625798854011400,37.057011474609375,0.8337512097939849,1.3604654920257626,-1.316826695176959
1780625798864041200,37.067041259765624,0.4257204440012574,1.0757906183972954,-1.6414058553010225
1780625798874071300,37.0770712890625,0.1152208087645471,0.8324386658906936,-1.7334756517112253
1780625798884100400,37.08710034179688,-0.26419965635463594,0.8044219471961259,-1.7953280045121907
1780625798894130200,37.097130126953125,-0.7612545672513544,0.9279334683135151,-1.9216198039978742
1780625798904160300,37.10716015625,-1.1684629107452928,0.9917994990244507,-2.0736241368889807
1780625798914190300,37.1171904296875,-1.4074268574260174,0.972923241379857,-2.122727482753992
1780625798924219400,37.12721948242187,-1.4835130488932131,1.0101306900069118,-1.9178578211158512
1780625798934249500,37.13724951171875,-1.556796896290779,1.1150576299026609,-1.4626409412562846
1780625798944279600,37.14727954101563,-1.9034218840062618,1.1676079013511538,-0.9784744457662105
1780625798954309400,37.15730932617188,-2.3655671018242836,1.0864487905338407,-0.3835246855676174
1780625798964339200,37.167339111328126,-2.66602596617043,1.1079711787730455,0.24803601866960523
1780625798974368300,37.1773681640625,-2.668325475284457,1.2548308422520755,0.8245967202186584
1780625798984398300,37.1873984375,-2.46068868702054,1.0759197977349162,1.323807640105486
1780625798994428400,37.19742846679687,-1.86584530980587,0.4105702211424708,1.477314194253087
1780625799004458500,37.20745849609375,-0.4411842628538608,-0.4507078780025244,0.9439923304498196
1780625799014488600,37.21748852539063,0.6803431475847959,-0.8260209078028797,-0.2103103913873434
1780625799024517400,37.22751733398437,0.80535842432864,-0.8280065286621451,-1.3104530684918165
1780625799034547500,37.23754736328125,0.6356523574650287,-0.8776505572751164,-2.103680252456665
1780625799044577300,37.24757739257812,0.7676841619074344,-0.8161185224696993,-2.4362638553380966
1780625799054607400,37.257607421875,1.1189660355180502,-0.5822027990892529,-2.149805459293723
1780625799064636200,37.26763623046875,1.4812673157930374,-0.021791560569405555,-1.5354086558252573
1780625799074666200,37.277666259765624,1.6091332327276466,0.3809820153474808,-0.8146949194073677
1780625799084696300,37.2876962890625,1.3235475278645754,0.6364619202822447,0.028141221857070922
1780625799094726400,37.29772631835937,0.8413759325187653,0.8695122590050101,0.7922282360553741
1780625799104756500,37.307756591796874,0.42756124956235286,1.2884294527322053,1.5806728619188068
1780625799114785500,37.31778564453125,-0.13528700684607028,1.6410405291199683,2.4522744944185018
1780625799124815400,37.3278154296875,-0.20664777722656727,2.8272362265631554,2.290703291758895
1780625799134845200,37.33784521484375,-1.0650320546261967,3.9654192959874868,3.1509055783659217
1780625799144875300,37.347875244140624,-3.281250452634692,5.745006126010417,4.282005703791976
1780625799154904300,37.357904296875,-5.223149659073353,7.135526418429612,4.013349506419897
1780625799164934400,37.36793432617188,-1.5461340479791164,3.071036507359147,2.4298446359455586
1780625799174964500,37.37796459960938,2.381153962534666,-1.6923662272095679,-0.17021511236429213
1780625799184994600,37.38799462890625,1.3667483716875315,-1.0198737931251525,-0.518085716226697
1780625799195024100,37.398024169921875,-0.34867242176458235,-0.20151684407889842,0.03968494465649128
1780625799205053400,37.40805346679687,-1.3268255266219378,-0.12480652936398982,0.3046843730866909
1780625799215083300,37.41808325195313,-1.0176379968971014,-1.3309855689108372,-0.7237474050253629
1780625799225113300,37.42811328125,-1.3221556351147592,-1.032446858972311,-1.665629611453414
1780625799235143400,37.43814331054688,-1.6527818203181028,-0.9214759627372026,-2.4983839191645383
1780625799245173500,37.44817358398438,-0.5228839102886617,-2.6851415855288505,-4.496219532358646
1780625799255202300,37.45820239257812,0.793965581241995,-3.933206294646859,-4.294710287064314
1780625799265232400,37.468232421875,0.4523628056026995,-2.9855951891779897,-3.9433763910055157
1780625799275262500,37.47826245117187,0.1369740831501782,-0.9719687171339988,-3.711381991076469
1780625799285292300,37.48829223632813,-0.7422992530211806,1.2497417024195194,-2.646543851587176
1780625799295321300,37.4983212890625,-1.3345961606234311,2.7892501947790382,-2.1239842048168183
1780625799305351200,37.50835107421875,-2.812294385758042,3.5298376754462715,-1.8626064740151165
1780625799315381200,37.51838134765625,-4.214000089058279,3.2077275357842443,-1.6280331635087728
1780625799325411300,37.52841137695312,-4.906119014632702,1.4480530284553765,-1.2671943570017814
1780625799335441400,37.53844140625,-5.347794860395789,-0.8222001804709435,-0.36160511470437046
1780625799345470500,37.548470458984376,-3.1211861474066973,-1.1988526421815155,-0.6611234833300114
1780625799355500500,37.55850048828125,0.6669518972225487,-5.109578224951028,-2.271284890061617
1780625799365530400,37.5685302734375,2.1742251764096316,-5.033068985766172,-2.199862160360813
1780625799375560200,37.578560302734374,2.6390923665374517,-3.1028081946730612,-1.5894003582537173
1780625799385590300,37.58859033203125,2.510394674953818,-2.1713585349321365,-1.1246914274275301
1780625799395619300,37.59861938476563,1.3197253392279147,-2.3173341090530157,-1.0200754531770944
1780625799405649400,37.6086494140625,-0.06635434039533138,-2.948570403641462,-1.0742536180883646
1780625799415679500,37.618679443359376,-1.8618992025285959,-3.810899180883169,-1.4441034140467643
1780625799425709600,37.62870947265625,-1.4077923297375439,-4.41346058512926,-1.5337819314062595
1780625799435738400,37.63873828125,-0.036781039908528324,-4.2599335727155205,-1.1935060204565524
1780625799445768400,37.6487685546875,-0.3212374484807253,-3.8802041877776383,-1.1416291182249785
1780625799455798300,37.65879833984375,-0.9814356336593627,-4.291342856457829,-1.3354998314648865
1780625799465828400,37.66882836914063,-1.2642151950605214,-4.719959898683428,-1.2014210313647984
1780625799475858400,37.6788583984375,-1.0818068099468945,-3.9481408289283513,0.07376198630332946
1780625799485887200,37.68888720703125,-1.37150696439147,-1.8877111046552657,2.4597055212020873
1780625799495917300,37.69891723632813,-6.799777044993639,-2.4234178177684544,6.973804409122467
1780625799505947400,37.70894750976562,-8.765223131236434,0.569279896891117,9.245538796517252
1780625799515977500,37.7189775390625,-1.1953022562235593,10.068017793929576,9.302188904500007
1780625799526007300,37.72900732421875,3.396472576573491,11.912042901593447,8.295473283633589
1780625799536036600,37.73903662109375,3.1029788750648497,7.735171058446168,3.25363354691267
1780625799546066200,37.74906616210937,0.7844446695070714,4.184107055097818,-1.269979603806138
1780625799556096300,37.75909619140625,0.16500409971773625,1.1523895816922187,-2.9677468132764098
1780625799566126300,37.76912622070312,1.9782699119806288,-0.5843652378201485,-4.563362392783165
1780625799576155400,37.7791552734375,2.871954196950793,-1.4408213236361742,-4.517482685139775
1780625799586185500,37.789185546875,3.2476006964892146,-1.217324702939391,-3.6059342421770095
1780625799596215600,37.799215576171875,3.129390496650338,-0.28305472508072854,-2.1850246567130087
1780625799606245400,37.809245361328124,3.6051544899761674,0.7511211496412754,-0.5676280380308628
1780625799616275200,37.81927514648437,4.151936723855138,1.9652701451539991,0.6239379542738199
1780625799626304500,37.829304443359376,4.034648315036296,2.40889770950675,1.4219091178953647
1780625799636334300,37.839334228515625,3.0665912183880804,1.706064497694373,1.5772650993019341
1780625799646364400,37.849364501953126,1.903824035066366,1.2259078223675488,0.9182909029603004
1780625799656394500,37.85939453125,1.2852005538135767,1.2188181563675402,0.3528407934904098
1780625799666424300,37.86942431640625,0.877293122139573,1.3408037830919026,-0.2960504002541303
1780625799676453400,37.87945336914063,0.3441344860740006,1.634474594733119,-1.0667483570247889
1780625799686483500,37.8894833984375,-0.6326333019047975,2.1534289104878903,-1.6383458832085132
1780625799696513500,37.89951342773438,-1.108987516208738,2.622507726961374,-2.205454865801334
1780625799706543400,37.90954345703125,-0.6671988577209412,3.1880893538564443,-2.447070496034622
1780625799716572200,37.919572265625,0.4773059620708227,2.7609856388032434,-2.446516369283199
1780625799726602200,37.92960229492188,1.6693898407697676,1.1257283692598343,-2.7746389011025427
1780625799736632300,37.93963232421875,2.4141297649413347,-1.088094511914253,-2.853504348024726
1780625799746662400,37.94966235351563,1.9258692781358957,-1.802369739717245,-2.228823466429114
1780625799756692500,37.9596923828125,1.3582942854665219,-1.9131641103416681,-2.0516507900118826
1780625799766721500,37.96972143554687,1.2030049395553768,-2.050239754170179,-2.0198416932970282
1780625799776751400,37.97975146484375,0.8745585826091468,-1.7817285182267426,-1.3951163880378008
1780625799786781200,37.98978125,0.6100133276872336,-2.0951620149582624,-1.0257359631568193
1780625799796811300,37.99981127929688,0.7798989889014512,-1.930868693858385,-0.667159256362915
1780625799806841300,38.00984130859375,1.5480261453360318,-1.1338923864930868,-0.3401455625683069
1780625799816870400,38.019870361328124,2.446188452503085,0.1016191305220127,0.01649754581451416
1780625799826900500,38.029900390625,2.493615974110365,1.7619038738161323,0.5117740488618612
1780625799836930300,38.03993041992187,1.3215196752987801,3.4496278281778094,1.2535451863557099
1780625799846960400,38.04996044921875,-0.6095967097103595,4.243220338323712,1.6001012004882096
1780625799856989400,38.059989501953126,-1.6816285600960255,3.392828667113185,1.273364570069313
1780625799867019500,38.07001953125,-2.1344068146318196,3.331394831985235,1.4639724821209907
1780625799877049300,38.08004931640625,-2.041218827846646,2.6993542352765796,1.1321195316016672
1780625799887079400,38.090079345703124,-1.798514817854762,0.32741759842038154,-0.41833880931735035
1780625799897109200,38.10010913085937,-2.4854122093886137,-0.8321697858214377,-1.660696246704459
1780625799907138300,38.11013818359375,-3.522701247695088,-0.2794353655397892,-1.5266829130560158
1780625799917168400,38.12016845703125,-3.4902363174200057,0.2668552854299545,-0.7573100674092769
1780625799927198500,38.130198486328126,-2.4873972457259894,0.12740589820742607,0.046644846796989436
1780625799937228500,38.140228515625,-2.143769686260819,0.6014943595364689,0.9169745596647262
1780625799947258400,38.15025830078125,-1.5528548806667326,0.349490898540616,1.3323153562098742
1780625799957287400,38.16028735351563,-0.5288642633398994,-0.5413596243083477,1.240607378849387
1780625799967317200,38.17031713867188,0.28639640019144863,-1.3755524403899908,-0.12399988915622234
1780625799977347300,38.18034741210938,0.04709606116320938,-1.3238131930634378,-1.247093818259239
1780625799987377400,38.19037744140625,-0.8562959268182515,-1.1062979848638177,-1.825059125909209
1780625799997406500,38.20040649414062,-1.666160941851139,-1.0160136105656623,-2.0033681128799916
1780625800007436300,38.21043627929687,-2.6660084305137395,-0.6506549885466695,-1.7513515001416204
1780625800017466400,38.22046630859375,-3.4118969401985404,-0.08912614417374133,-0.9862409881144761
1780625800027496400,38.23049633789063,-3.478025070622563,0.24818594853430984,-0.23404665628373622
1780625800037526300,38.2405263671875,-2.4350568176358935,0.32897739508301016,-0.07109598196446895
1780625800047555300,38.250555419921874,-1.104926404249668,0.10550853917598724,-0.4277741616606712
1780625800057585400,38.26058544921875,-0.23749179176893084,-0.5008551799625158,-1.000663481220603
1780625800067615200,38.270615234375,0.1572375573694706,-0.719841922019422,-1.796636749023199
1780625800077645300,38.28064526367187,-0.0544108046233654,-0.7880939127296209,-2.311860061556101
1780625800087675400,38.29067529296875,-0.3870885155290365,-0.9325555751562118,-2.639959212499857
1780625800097704400,38.300704345703124,-0.5807002490391955,-1.0018164506480096,-2.248829897147417
1780625800107734500,38.310734619140625,-0.6395546256005764,-1.0304331810623406,-1.339974931052327
1780625800117764400,38.320764404296874,-0.8337246140480041,-0.7950210816442966,-0.5387123246699571
1780625800127794400,38.33079443359375,-1.2931319313347338,0.6225836170554161,0.8505261112451553
1780625800137823200,38.3408232421875,-1.4434294603079556,1.5524176582932472,1.9212498016417026
1780625800147853300,38.350853271484375,-1.6969336812555789,2.0353473054647444,2.6348352936148642
1780625800157883400,38.36088330078125,-1.9507967986434698,1.5056488928556442,2.2450901260972023
1780625800167913500,38.37091357421875,-1.944311528277397,0.7125339370936155,1.0116004702985286
1780625800177943600,38.380943603515625,-1.6064070226341485,1.1714283364221454,0.006831891846656799
1780625800187972400,38.39097241210938,-1.2020949851036071,1.0313085025921462,-1.0992910287111997
1780625800198002400,38.40100244140625,-0.8608422650109976,1.1990443653613327,-1.6984838333070278
1780625800208032300,38.4110322265625,-0.5683545622071251,1.5629112875178455,-1.6654419799268245
1780625800218062300,38.421062255859376,-0.5680822115391493,0.7227560559004544,-1.6957658065199852
1780625800228092400,38.431092529296876,-0.6436193908214569,-0.13676467818319796,-1.8642910661011933
1780625800238121200,38.44112133789063,-0.351411600937508,-0.3144447196006775,-2.0895161180257795
1780625800248151300,38.4511513671875,-0.23229597669150678,-0.17469021195173262,-1.8551684329688547
1780625800258181400,38.46118139648438,-0.676609221753478,-0.3176914464369416,-1.0278507633537053
1780625800268211500,38.47121142578125,-1.448516554313898,0.01737637447565794,0.26076690542697906
1780625800278240500,38.48124047851562,-2.3754104504466054,0.8137640682980418,1.7032804199337959
1780625800288270600,38.4912705078125,-2.8271973558574914,1.2521768206119537,2.95526960901916
1780625800298300400,38.50130053710937,-2.660979204174876,1.2207903332233427,3.268838714829087
1780625800308330200,38.51133032226563,-1.476465468469262,-0.1265691551223397,1.73251586676836
1780625800318360300,38.5213603515625,-1.3179846330404281,-0.4981394912630319,0.8331424302458763
1780625800328389400,38.531389404296874,-1.2935679846644401,0.3285810892418027,1.1202566598504782
1780625800338419500,38.54141943359375,-0.549645222094655,-0.7845385583356023,0.1545879196435213
1780625800348449500,38.55144946289062,-0.1167079785823822,-1.3904784991040826,-0.5281891770899295
1780625800358479600,38.561479736328124,0.33599136549830433,-2.0586066004991532,-1.3430325650572776
1780625800368509200,38.57150927734375,0.484319640225172,-2.2011294038176534,-2.336363803693652
1780625800378538500,38.58153857421875,0.22354570226920767,-1.8887506768360733,-2.6656016032785175
1780625800388568300,38.591568359375,-0.41221660011000927,-1.6288818892925976,-2.6056641441881654
1780625800398599200,38.60159912109375,-1.0040367570459843,-1.7952628303214906,-2.49603121855855
1780625800408629200,38.61162915039063,-1.4659284384943545,-1.8100918584018946,-2.2543682420521973
1780625800418658000,38.62165795898437,-1.5452970126330852,-1.7544620333775878,-2.149229705232382
1780625800428688100,38.63168823242187,-1.2930337316572666,-1.8330729210168122,-2.029813052213192
1780625800438718200,38.64171826171875,-1.1437667147755621,-1.87826639996171,-1.7849439731419086
1780625800448748000,38.651748046875,-1.2771639623522757,-0.9443070954874158,0.7066179910480975
1780625800458778000,38.66177807617188,-1.3943198308326303,-0.9405722928732633,0.7169733808457851
1780625800468808200,38.67180810546875,-1.6959177822113036,-0.07837035688161849,2.9966221946269274
1780625800478838300,38.68183837890625,-1.3979074800610543,0.5294748329862952,5.073536605232953
1780625800488868000,38.6918681640625,-0.010048077414184809,0.1291425127416849,5.883755840530991
1780625800498897200,38.70189721679687,1.6764657705053687,-0.15042495474517345,5.053665199071169
1780625800508927200,38.71192724609375,3.0532091742455956,0.9511077154129743,3.547791849809885
1780625800518957000,38.72195703125,3.5166380021333694,1.6685323471575975,2.098532368174195
1780625800528987100,38.73198706054688,2.925694554966688,1.8232643514469264,0.7895534638881683
1780625800539016000,38.74201586914062,2.027271404906362,2.1195690187230705,-0.02149637701511383
1780625800549046000,38.7520458984375,1.6731927401840685,2.1917934201955793,-0.40797698977887625
1780625800559076000,38.762076171875,1.8294247737728058,1.869767159424722,-0.69786652931571
1780625800569106200,38.77210620117187,1.9723554272398351,1.4371131167680025,-0.5890256308466195
1780625800579136300,38.78213623046875,2.227831532782316,1.0886974462434649,0.5818588079571724
1780625800589165300,38.792165283203126,2.204757092795521,1.1819947386220098,2.3727573055893183
1780625800599195000,38.80219482421875,1.4370632862769066,0.7935363960444927,3.743147248649597
1780625800609225000,38.81222485351562,0.17479308780431746,-0.06707505588531494,3.476764256906509
1780625800619255000,38.822255126953124,-0.39228907984681427,-0.9464464456036686,0.9665028529435395
1780625800629284000,38.8322841796875,0.183648521367833,-1.6531886475533246,-2.1738836694955825
1780625800639314200,38.84231420898438,0.5754125544272363,-1.9275874802306294,-3.628507308512926
1780625800649344300,38.85234423828125,0.1871975190863013,-2.7867595470070836,-4.9676282530844205
1780625800659374000,38.8623740234375,-0.14877375347204505,-3.1796126174122095,-4.576073405796289
1780625800669403100,38.87240307617188,-0.3029180210012942,-2.8539053300410506,-3.1760370970129963
1780625800679433200,38.88243310546875,-0.48718730461597437,-2.795216409707069,-2.1829285612165927
1780625800689463000,38.89246313476563,-0.38043504898920655,-2.5421812675759194,-1.8708184220433235
1780625800699493000,38.9024931640625,-0.07537417074032128,-2.271883440476656,-1.8733727827012538
1780625800709523200,38.91252319335938,0.4658755634527653,-1.4527695355832575,-0.8599936122924089
1780625800719552000,38.92255200195312,0.8238121457122266,-1.35665163282603,0.23368366819024083
1780625800729582000,38.93258203125,1.0839818158984185,-1.658488215266168,3.111798141336441
1780625800739612200,38.94261206054688,1.538344709277153,-0.6311752120509744,6.300463833776116
1780625800749642200,38.95264233398437,2.5572423508465287,0.6355366221308708,7.858516867607832
1780625800759672000,38.96267211914063,4.0742835753321645,0.21071458827406167,5.277307950240373
1780625800769701000,38.972701171875,5.231330627441406,0.24539427198916672,1.6493617827415465
1780625800779731000,38.98273095703125,4.804865794813633,1.4068866130694746,0.6475193208694457
1780625800789761000,38.99276098632812,3.1963936563432216,0.940464740845561,-0.5072644624829292
1780625800799791000,39.002791015625,1.9054829081892966,-0.5429416328027844,-1.6035440344184637
1780625800809820200,39.012820068359375,1.491362154958397,-1.1077715645477175,-2.528203303366899
1780625800819850200,39.022850341796875,1.722442070391029,-1.3260107031077146,-3.3214836788237094
1780625800829880000,39.032880126953124,2.2033576012611387,-1.1614558084622024,-3.3670851540476083
1780625800839910100,39.04291015625,2.6142063470840453,-0.8215288570806384,-2.830287723088264
1780625800849940000,39.05293994140625,2.7498236087977883,-0.9686068394854664,-2.3950860417753455
1780625800859969000,39.062968994140626,2.6505811442792413,-1.2574532997101544,-2.101548501124978
1780625800869999000,39.0729990234375,2.436807460695505,-1.441964940713346,-1.6839046883344648
1780625800880029200,39.083029296875,1.983476832973957,-1.5896043563932178,-1.7490291946738958
1780625800890059000,39.09305908203125,1.6898609663903712,-1.6760355623945593,-1.8669523942649364
1780625800900089000,39.103089111328124,1.4100795638918875,-2.2735846914365885,-0.3237450473874807
1780625800910118100,39.1131181640625,1.1253086825430392,-2.718276085628569,1.3828735770583152
1780625800920148200,39.12314819335938,1.0425076497375965,-3.256872967225313,3.036365591472387
1780625800930178000,39.133177978515626,1.1037094296753407,-2.649322960911691,4.270377225318551
1780625800940208000,39.1432080078125,0.9662953476727009,-1.94613348300755,3.996436950063705
1780625800950237000,39.15323681640625,1.3857891722440718,-1.4492945529490708,2.3922499415665865
1780625800960267000,39.16326708984375,1.9249989250421522,-0.3174737120330334,0.5381517681777477
1780625800970297000,39.17329711914063,1.3094213873565197,-0.6383686306864023,-0.47755029222071166
1780625800980327200,39.1833271484375,0.06608019962906837,-3.1615660885900256,-0.9038660717666148
1780625800990357200,39.19335717773438,0.038273324292898175,-4.6504216675549745,0.5844453173190355
1780625801000386000,39.20338598632812,0.957417629212141,-4.228875586628914,2.653804782500863
1780625801010416000,39.213416015625,1.433022048062086,-4.098988100738823,3.0316151820749044
1780625801020446000,39.22344604492187,2.292126602560282,-0.5863017588406801,0.4594675230413675
1780625801030476000,39.23347607421875,2.7934651821255683,2.1662018828213214,-2.7505086684525013
1780625801040506000,39.24350610351563,1.8209785785973072,-0.3832482067137956,-4.253253072038293
1780625801050535200,39.25353515625,1.3751286620199679,-1.931607237266004,-4.5111943986505265
1780625801060565000,39.26356494140625,1.60683313909173,-1.5288111572563647,-4.3918490573018785
1780625801070595000,39.27359497070312,1.1919698969304562,-1.6621721644759178,-4.607324868628383
1780625801080625200,39.28362524414062,0.6516179883599281,-0.5870166291117668,-4.94836474968791
1780625801090654200,39.293654296875,0.6327145504474639,0.419727048805356,-5.209461325460672
1780625801100684300,39.303684326171876,1.2835440187782048,2.3367092561304568,-3.626757834497094
1780625801110714000,39.313714111328125,1.3049983102172613,4.721664364513755,-0.9618079731255769
1780625801120744000,39.32374389648437,0.3459650990346446,7.756137274107337,1.8668623778939246
1780625801130774000,39.33377392578125,-1.078392544523999,9.941777432370186,3.812778418758511
1780625801140803000,39.343802978515626,-1.6852461660712956,7.982271257570385,3.4059348169237373
1780625801150833200,39.35383325195313,-0.3899935527881607,3.793973765045404,2.523364631164074
1780625801160863200,39.36386328125,-0.11353117517717182,1.5004302814245223,2.232498355549574
1780625801170893300,39.373893310546876,-0.29487901838719843,1.27570148858428,2.7697026137441396
1780625801180923000,39.3839228515625,-0.8420826925486325,1.4626456174314022,3.003139029175043
1780625801190952000,39.39395190429688,-2.651402982056141,2.125056802484393,2.960148613232374
1780625801200982000,39.40398193359375,-3.8409301620095966,1.448070564112067,2.4238141236096618
1780625801211012000,39.41401220703125,-3.281609933596849,-0.14579934077113865,1.6965280230641364
1780625801221042200,39.42404223632813,-3.4464614731013774,-0.8287117543220519,1.671914390811324
1780625801231072300,39.434072265625,-3.233418441879749,-2.6088147171735763,1.8588076662540434
1780625801241101000,39.44410107421875,-1.5058898620046675,-2.2605594979077575,1.905452513051033
1780625801251131100,39.45413110351563,-1.0975509070456027,-1.4538789581298828,2.2523773604959247
1780625801261161200,39.4641611328125,0.08426986324898898,-2.342343170364201,1.6025374877244234
1780625801271191000,39.47419091796875,0.9779449419993906,-3.235033183600008,0.3913666312396526
1780625801281220000,39.48422021484375,1.1596557733029127,-2.653295371674001,0.1082943705022335
1780625801291250000,39.49425,0.8820897818315774,-1.6377397340089082,-0.03537526476383209
1780625801301280000,39.50428002929687,0.7761557107198983,-1.297626320144534,0.30418694495856763
1780625801311310000,39.51431005859375,1.0685569408167153,0.801971339173615,2.3005244285494086
1780625801321340200,39.52434008789062,0.09714169284701346,-0.7224708092182874,3.0878759984791277
1780625801331369200,39.534369140625,-0.8474275607079267,-5.341057076573372,3.719271867543459
1780625801341399300,39.5443994140625,0.7747733164507895,-6.114547294411063,5.151252297598123
1780625801351428900,39.55442895507812,-0.2729424963891506,-4.868699676820635,2.7347990581452843
1780625801361459000,39.564458984375,-0.2516915455024689,-4.289747696220875,-0.17077917598783968
1780625801371489000,39.57448901367187,0.43862990219593045,-5.510931997197866,-1.5102952573567627
1780625801381518000,39.58451806640625,1.039209850301221,-7.216422494396567,-2.7743185831069943
1780625801391548200,39.594548095703125,2.1793637083418664,-7.676604303187132,-4.395593504527211
1780625801401577200,39.6045771484375,4.456542186486721,-6.89024642046988,-5.5565936781764025
1780625801411607300,39.61460717773438,4.9082419981360434,-6.038439621764421,-5.717926980426907
1780625801421637400,39.62463745117188,3.273027983212471,-5.922838143119216,-5.253539536640048
1780625801431666200,39.63466625976562,1.9701859742462633,-5.473650022029877,-4.687932775303721
1780625801441696300,39.6446962890625,1.7442339232213795,-5.3767848080366845,-4.498596782884001
1780625801451726000,39.65472607421875,1.3966560186952353,-4.365274354109168,-4.058106932035089
1780625801461756200,39.66475610351562,0.8412484336815774,-1.2092664841681717,-3.108879039019346
1780625801471785200,39.67478515625,-1.2165928815335034,5.584784584394097,-1.3015923011660575
1780625801481815300,39.684815185546874,-5.046028420582413,14.32878255677223,0.23465105191767213
1780625801491845000,39.69484521484375,-9.028678252834082,19.048228660714624,0.18035890523791312
1780625801501875200,39.704875244140624,-7.449380770921707,15.852967807793616,-1.3216074997127056
1780625801511905300,39.7149052734375,-2.396479395829886,9.852831905460357,-1.9981249515295028
1780625801521934300,39.724934326171876,0.053049599272757764,5.279351438766717,-1.7992752808332442
1780625801531964400,39.73496435546875,0.3232967190980911,1.4429355393111705,-1.8902005833834408
1780625801541994200,39.744994140625,-0.07675678420513868,-1.3324240772813558,-1.9411404970258472
1780625801552024000,39.755024169921874,-1.0730094632461666,-2.084281724503636,-1.8770751443505287
1780625801562054100,39.76505419921875,-3.215029967752099,-0.3990449107825756,-2.030008282524347
1780625801572083200,39.77508325195313,-2.1298795464657245,-0.5509896224409342,1.9943723209977149
1780625801582113300,39.78511328125,-0.9683291915878653,-1.595971261076629,2.7773247791856526
1780625801592143400,39.79514331054688,0.6533464195877313,-4.7679970766216515,2.0786352430492636
1780625801602173400,39.80517333984375,1.790897182457894,-6.818675806730985,2.265355500012636
1780625801612202200,39.8152021484375,2.6862720508635043,-6.025788229984045,0.7233651277095079
1780625801622232300,39.825232421875,2.633690507493913,-5.407001667124033,0.5875573118597268
1780625801632262100,39.83526220703125,1.239992169560492,-3.984348452863097,1.1968518237531185
1780625801642292200,39.84529223632813,-3.74651701734364,-2.894301053315401,-1.776347409710288
1780625801652322300,39.855322265625,-13.320818981671332,0.9872387669801711,-5.9030988389045
1780625801662351000,39.86535107421875,-5.946729890838265,0.2079319718182087,2.1684189743489024
1780625801672381200,39.87538110351562,-5.260162754172087,0.7013713225662708,8.398116496506333
1780625801682411300,39.88541137695312,-3.9818578050911424,-0.9734364515990018,8.279615789288282
1780625801692441300,39.89544140625,-2.783960271677375,-2.0635048939347267,6.175493638283014
1780625801702471200,39.90547119140625,-1.9641070927239954,-0.7006552832514047,3.842809984406829
1780625801712500200,39.915500244140624,15.275857655668258,1.1055746390253305,0.15151859520077704
1780625801722530000,39.92553002929687,30.163031635570523,5.170835534468293,-6.542868568560481
1780625801732560100,39.93556005859375,11.16269519136548,4.876997549566626,-1.3972516465008258
1780625801742590200,39.94559008789062,3.461372626507282,4.817442367792129,7.662008791601657
1780625801752620300,39.95562036132812,2.9668139163404703,3.059242024669051,10.101908373093604
1780625801762649300,39.9656494140625,0.48244917017817496,0.15752105048596857,10.27624085764885
1780625801772679400,39.975679443359375,-6.602227935501933,-2.0860084021657705,8.1128516941607
1780625801782709200,39.985709228515624,-21.550620646476744,-0.9322416869014502,2.2152438538879156
1780625801792739000,39.99573901367187,-6.472040882143378,0.3177285635769367,0.24006197105050087
1780625801802769200,40.00576904296875,-4.0189232148990035,0.8441068918526172,5.427592035210132
1780625801812798200,40.015798095703126,-2.8635613393977284,4.357879567682743,5.027770294836163
1780625801822828300,40.025828369140626,-2.9531004482865333,5.0156362049281595,2.2846850543826815
1780625801832858400,40.0358583984375,-5.153934668549895,2.9285078588217495,0.5902496196836233
1780625801842888200,40.04588818359375,-7.266503160861134,0.2729986104905605,-2.4989193412154913
1780625801852917200,40.05591723632813,-6.377968513739108,-2.7848154272019863,-2.3345903642803427
1780625801862947300,40.065947265625,-5.880709896963834,-5.183935839059949,-2.1559145898237824
1780625801872977200,40.07597705078125,-2.2443749635651704,-6.779660139638185,0.10020283398330211
1780625801883007200,40.08600732421875,-0.13648089280575512,-7.738790417987108,1.1824684936136007
1780625801893037300,40.09603735351563,-6.766977183675766,-9.575338906159997,1.6827151862889527
1780625801903066000,40.10606616210937,-4.411586023429036,-10.482103621977567,2.2887527422130107
1780625801913096200,40.11609619140625,-4.134304913313686,-9.905710093688965,2.6224732401698825
1780625801923126300,40.12612622070313,-3.993848102614283,-8.075669087713957,0.2406508768543601
1780625801933156400,40.13615625,-0.35909634675383567,-6.720393127155304,-3.092610918046534
1780625801943186200,40.14618627929688,0.900999284158647,-7.007119234225153,-3.9790705124601717
1780625801953215200,40.15621533203125,1.419927880950272,-8.408308804696798,-2.133119405169785
1780625801963245000,40.1662451171875,1.7861416584938763,-12.10771277320981,-0.5568266580313443
1780625801973275100,40.17627514648437,2.914463259117305,-17.334618569946286,-3.332580826899409
1780625801983305200,40.18630517578125,5.505223556423187,-13.584854533505439,-6.024605157679319
1780625801993335300,40.19633520507813,6.094553723174333,-1.2687573685348033,-5.73103137667179
1780625802003364400,40.2063642578125,15.304694458574057,5.099229264894127,-6.019527416023612
1780625802013394200,40.216394287109374,9.168546742251515,5.040084417486191,-9.451132680776714
1780625802023424300,40.22642431640625,-1.6935218269854784,3.7119688510537143,-15.099600925052165
1780625802033454000,40.2364541015625,-1.2800322112649678,2.910017093363404,-17.183133877015113
1780625802043483100,40.246483154296875,3.4395141381815075,2.0570529413163663,-12.60676937931776
1780625802053513200,40.25651318359375,7.349607560527324,0.5396387918651103,-4.6978491891622545
1780625802063543300,40.266543212890625,9.54344096211791,-1.4239707266002892,2.055592513374984
1780625802073573000,40.27657299804687,5.5463411642313,-0.76692779058218,3.746808109244704
1780625802083603200,40.286603271484374,-1.0698951306179165,-0.5037982476770878,1.8957227078057823
1780625802093632300,40.29663232421875,-4.873286127828061,-1.3289748136103152,0.25684710163474084
1780625802103662300,40.30666235351563,-3.22264658023566,-2.868366401591897,1.4372937340319156
1780625802113692200,40.316692138671876,-1.194516074281931,-3.5965362992346286,1.8559896862238645
1780625802123722200,40.32672216796875,-4.722694876605272,0.9125234254747628,0.6997346612751484
1780625802133752000,40.336751953125,-3.1012036820858717,7.221828737354278,-2.9564959359437224
1780625802143781000,40.34678100585938,-2.2434984729915857,7.64421185362637,-1.7488108757480978
1780625802153811200,40.35681127929688,-6.657706661617755,5.30336885869205,0.17814882797300816
1780625802163841300,40.36684130859375,-2.7855928413152693,3.9343180552810426,2.7926597109615803
1780625802173871400,40.37687133789063,1.1431062050402163,0.5711474443286657,3.3161528391897677
1780625802183901200,40.386901123046876,1.8436159423410892,-2.649738263714313,3.5942809215232727
1780625802193930200,40.39693017578125,1.4638772050529718,-3.745202427613735,3.1604435143008827
1780625802203960000,40.4069599609375,0.8387041560262442,-2.9879543195247646,1.9104212413743138
1780625802213990100,40.416990234375,0.857962398725748,-1.8817361218988895,-0.14194441890865564
1780625802224020200,40.42702026367188,-1.7038567585170268,-0.28731998130977154,-2.96090206194818
1780625802234050300,40.43705029296875,-0.4073258323937654,-0.9743991591513156,-3.4176559421166774
1780625802244079000,40.4470791015625,2.124697321522236,-1.3310527889281512,-0.4648237893775105
1780625802254109200,40.45710913085937,1.5654109953790902,6.004899171212315,2.213556631453335
1780625802264139300,40.46713916015625,7.238357847350835,11.935528991121053,4.29349594283849
1780625802274169000,40.47716918945312,8.498076753905416,7.21733084141314,4.98145102673173
1780625802284199200,40.48719921875,-1.4821961210757493,5.026611187928915,2.2950167710438367
1780625802294228200,40.497228271484374,-4.103707822737097,9.92791257314682,-3.1851135529160497
1780625802304258000,40.50725805664062,2.468477441200614,11.866112340545653,-7.604847226965427
1780625802314288000,40.5172880859375,4.698538924992084,7.858640786248445,-4.918749363625049
1780625802324318200,40.52731811523437,8.205072881740332,0.2026744896814227,0.10257672350779175
1780625802334348300,40.53734838867187,7.963122320464253,-2.6493682613581417,1.457668413540721
1780625802344377300,40.54737744140625,7.186052490574121,-1.4955048077210784,1.5463839310869574
1780625802354407400,40.557407470703126,7.085059382995962,-1.174015722566843,1.8174201554633675
1780625802364437000,40.56743701171875,6.003484043717384,-3.3043811528533693,0.8655242122821509
1780625802374467000,40.57746704101562,4.549810837292671,-5.7757373643606895,-0.3121658148832619
1780625802384496000,40.58749609375,1.1126783335506916,-8.096262378409504,-2.970122602497041
1780625802394526200,40.597526123046876,-2.6107033073991537,-9.222335615584253,-6.08683803423047
1780625802404556500,40.607556640625,-5.403897855889797,-9.199598298597335,-8.784988738936185
1780625802414586600,40.61758666992188,-8.700777839332819,-9.809179810738563,-9.621168344920873
1780625802424616400,40.627616455078126,-15.60245341631174,-9.390300318673253,-11.306199991458653
1780625802434645500,40.6376455078125,-17.788233275306222,-9.716896663838625,-13.583554556822776
1780625802444675300,40.64767529296875,-13.090080134761333,-10.068878210151196,-13.872020785558222
1780625802454705400,40.65770532226563,-8.497654729101061,-9.621722471672296,-10.381707311248778
1780625802464735500,40.66773559570313,-6.650020783290267,-6.856109757590294,-8.466254797708988
1780625802474765600,40.677765625,-11.247842495036124,-4.035982193988561,-6.402246630427241
1780625802484794400,40.68779443359375,-12.547262712860107,-2.284042664825916,-3.6323072853177782
1780625802494824400,40.69782446289062,-5.2293642958045,-6.216188636764883,0.9099538672477007
1780625802504854500,40.7078544921875,-4.16538014279604,-4.980669520965218,0.35768940256536
1780625802514884400,40.71788427734375,-3.1761224372088908,-3.445871105992794,-2.0444734457284213
1780625802524914400,40.72791455078125,-0.45104631617665286,-4.574078432586789,-3.1690994067043063
1780625802534943500,40.737943603515625,0.1346194828480482,-4.715585921382904,-4.245189008048176
1780625802544973300,40.74797338867187,0.347812443934381,-2.8256659085065126,-4.358023944589496
1780625802555003400,40.75800341796875,-2.269883498831093,-1.1123165145009755,-3.533772676807642
1780625802565033500,40.76803344726562,-5.6017707905083896,-1.4082500103771687,-2.1838649652838704
1780625802575063600,40.7780634765625,-7.725608864852785,-1.2200742939084768,-0.3006330518692732
1780625802585092600,40.788092529296875,-8.139989876455068,-0.822510561594367,1.142887009331584
1780625802595122700,40.798122802734376,-6.950720470654964,-0.045859249377250666,0.9679805242806673
1780625802605152300,40.80815234375,-6.436502535772323,0.7091197447359562,0.22995383401215075
1780625802615182300,40.818182373046874,-5.820229417037964,0.6576753887027502,0.6365034213364124
1780625802625212400,40.82821240234375,-5.316017327862978,-0.1014274073421955,1.4131044646710156
1780625802635241500,40.838241455078126,-3.576252220618725,-1.1847037053197622,3.7024382216423746
1780625802645271600,40.848271484375,0.8683402926161885,-0.7239309448987246,5.925699962291121
1780625802655301600,40.858301513671876,-1.0411176566839218,0.07335749715566635,5.169057418879866
1780625802665331500,40.86833154296875,-1.7753040381371974,-0.8509148183017968,5.0972155869841576
1780625802675360500,40.87836059570313,-1.217759587225318,-0.5620131207585335,4.487993555805087
1780625802685390600,40.888390625,-1.5278694924920797,-0.24351707994043825,4.461071646609902
1780625802695420400,40.89842041015625,-1.8226859670370816,-0.11876198850274085,4.713817158144712
1780625802705450500,40.90845043945313,-3.585375438272953,1.4779267731934784,3.9332928038865327
1780625802715480600,40.91848046875,-4.2597821815460915,1.9327695590436458,3.5546295868754383
1780625802725510400,40.928510498046876,-5.869035825783014,1.1192021823614835,2.9080972312167286
1780625802735539500,40.93853955078125,-8.126772082963585,1.0825415539622307,3.156748166914284
1780625802745569500,40.94856958007812,-8.075582578474283,1.4622472657635808,5.401069938987493
1780625802755599600,40.958599609375,-6.542102260363102,3.4335862094372507,6.702887865602969
1780625802765629400,40.96862939453125,-5.131163449293375,5.719921369114518,6.291582023662328
1780625802775658500,40.97865844726562,-3.3900825832754373,6.284409355553985,4.888602647164464
1780625802785688300,40.98868823242187,-2.4036095399707555,5.910502977681159,3.1730630496382712
1780625802795718400,40.99871850585937,-2.5316619193881746,4.418195796957612,2.460778118869662
1780625802805748500,41.00874853515625,-1.4490771108061073,2.8688372339740393,2.8621102638065814
1780625802815778600,41.01877856445312,-0.9645452891349792,2.507049163918197,3.4721026948362588
1780625802825807600,41.0288076171875,-2.3721990871846677,2.41942582552284,4.221546851176023
1780625802835837400,41.03883740234375,-5.65249735366106,0.36949674473702904,7.269672438547015
1780625802845867500,41.04886743164062,-9.261095262089372,-1.0852408760488033,7.34514064424634
1780625802855897300,41.0588974609375,-10.964681386971472,-0.947230873979628,4.692195693445205
1780625802865927400,41.06892749023437,-10.909866093200444,0.11737725614607333,2.3297996228724718
1780625802875956500,41.07895654296875,-9.333767115068435,1.4737328286349773,1.1682704569131135
1780625802885986600,41.088986572265625,-7.748442627951502,2.11817624919042,0.34803711953572924
1780625802896016400,41.099016357421874,-6.308909590560197,3.1025016129419205,-0.07833261868711561
1780625802906046500,41.10904638671875,-5.748832406300306,4.234133653287589,-0.38884215426333246
1780625802916076500,41.11907666015625,-4.460341578769683,5.244829575961828,1.8158549519732594
1780625802926105600,41.12910571289063,-1.0554080478429795,5.792926399570703,4.316783294923603
1780625802936135400,41.139135498046876,3.1766210343807932,5.100056947889923,3.4150475131839513
1780625802946165500,41.14916552734375,5.609613905224204,4.53894895927757,1.6651082179278134
1780625802956195300,41.1591953125,5.638206377980112,4.143300705195963,1.1274416029185057
1780625802966225400,41.169225341796874,5.13376515622437,2.7632699503481386,0.7112316223233938
1780625802976254500,41.17925439453125,3.7183360479980707,1.1018974118173122,0.6171639300942421
1780625802986284500,41.18928442382813,-1.431601075348258,0.21889321855455635,0.4028047017075121
1780625802996314600,41.19931469726563,-6.456518318840861,0.3154138568937778,-0.3595839841403067
1780625803006344400,41.209344482421876,-5.582127932405472,1.2962132384762166,1.2044601067997514
1780625803016374500,41.21937451171875,-6.141373926538229,1.9002815401539206,1.4883721793621778
1780625803026403300,41.2294033203125,-4.614351406264305,3.827639303281903,0.023445319125801323
1780625803036433400,41.23943334960938,-1.8784189601749182,5.713074279698729,-2.108284823642671
1780625803046463500,41.24946337890625,0.027303017467260358,5.625163941055536,-3.329375016595423
1780625803056493600,41.25949365234375,0.6668430300205945,4.006481081955134,-3.09088365586251
1780625803066523600,41.26952368164063,0.40391339360177514,1.6173916502460837,-2.5048002159476277
1780625803076552400,41.27955249023437,0.9149228878319263,-0.753156454861164,-2.542138012956083
1780625803086582500,41.28958251953125,0.10691606788635254,-0.3045873424530029,-3.760301504807174
1780625803096612400,41.2996123046875,-2.2602970475792885,2.8328113963469863,-0.9721002345591783
1780625803106642400,41.30964233398438,0.25949907744824885,4.045228161239624,3.2753158018887043
1780625803116672500,41.31967260742187,1.8293185369193552,4.117099219229817,1.8009294777810572
1780625803126701300,41.329701416015624,0.8834674268603324,4.238551177468896,0.6643775166898965
1780625803136731400,41.3397314453125,0.5801981812685728,4.278308602839708,-1.1678075155764818
1780625803146761500,41.34976147460937,2.679782688844204,3.6876115316495297,-3.6585219230264423
1780625803156791600,41.35979150390625,4.781013210061192,2.3384631140604615,-4.9704246058046815
1780625803166820600,41.369820556640626,2.912842672178149,0.47171939411014313,-5.627032657536864
1780625803176850400,41.379850341796875,-1.199864449572563,-1.0791729543119668,-5.3985564948618405
1780625803186880500,41.389880615234375,-5.303499791595339,-1.481174961334467,-4.940334003445506
1780625803196910300,41.399910400390624,-7.377883806940913,-0.7731471034884453,-4.700497950105369
1780625803206940400,41.4099404296875,-6.720308956003189,0.9849427649974822,-4.29238447446525
1780625803216969500,41.41996948242188,-3.791748490211367,2.7859330330550667,-4.056380838894844
1780625803226999600,41.42999951171875,-0.6196013863742351,3.088576840224862,-3.994818701212108
1780625803237029600,41.440029541015626,0.9708850135505199,2.734753465437889,-4.167850332301855
1780625803247059500,41.4500595703125,0.5332879615336656,1.898454616987705,-4.538180897514522
1780625803257089300,41.46008935546875,-1.5599994917243718,0.5201029012680053,-4.308016051100195
1780625803267118300,41.47011840820313,-2.9706045407950876,-0.5319505754500627,-3.642961073540151
1780625803277148400,41.4801484375,-3.4941607973873614,-0.8676385740876197,-3.173333391012251
1780625803287178500,41.49017846679688,-3.398497944921255,-1.9446125570505857,-2.735821971452236
1780625803297208600,41.50020849609375,-1.7882020981550215,-2.8100971679747104,-1.66272746027112
1780625803307238700,41.51023876953125,-0.29870763676464557,-1.9724223549962043,-1.20851449675709
1780625803317267500,41.52026733398438,0.05937047285735607,-0.969967314183712,-1.2105392805829644
1780625803327297500,41.53029760742187,1.243612405884266,-0.2505091307848692,-1.1775786757454276
1780625803337327400,41.54032739257813,4.554484674322605,0.24004969609081744,-1.3738333615124225
1780625803347357400,41.550357421875,6.7375207875669,1.1036194133043289,-1.4163611283794044
1780625803357387500,41.56038745117188,2.267963052162528,1.7516788323998451,2.7224899039313195
1780625803367416300,41.57041625976562,0.6812859813928603,2.867314846712351,4.11562037884891
1780625803377446400,41.5804462890625,0.8010942640781402,3.121225310373306,3.2152196451053023
1780625803387476500,41.5904765625,-0.10426643016040324,1.884933456635475,3.0526570933207866
1780625803397506600,41.60050659179687,0.8796540060520172,1.3623895919561386,2.044535112787783
1780625803407537000,41.61053686523437,3.140580583706498,1.1453332334399222,-0.442866224591434
1780625803417566000,41.62056591796875,4.368043818822503,0.4101122482419014,-1.5931491893932221
1780625803427595800,41.630595703125,3.3229975905179976,0.29780630401074887,-0.7123243859961629
1780625803437625900,41.6406259765625,1.9598592260211705,0.7101888352721929,0.7900280956625938
1780625803447656000,41.650656005859375,1.2541729628652334,0.8019809837847948,2.1615742230206725
1780625803457686000,41.66068603515625,1.5261457374393939,0.9025462213397025,3.1674519317582246
1780625803467715000,41.67071508789063,1.8266063553512095,1.6610311777472495,4.032449928209186
1780625803477745200,41.6807451171875,1.9334148712098598,2.874009375914931,4.0122631724879145
1780625803487775000,41.69077490234375,2.5000492220282555,2.933642883622646,3.1997678089514374
1780625803497804800,41.7008046875,3.197418907737732,2.454562313094735,2.5985399913966654
1780625803507835000,41.7108349609375,3.862602480113506,2.697218392291665,1.9926307380273938
1780625803517864000,41.72086401367188,4.762364039170742,2.6594161926418542,1.7503148505702615
1780625803527894000,41.73089404296875,4.842769701272249,2.5106027647465465,2.0767355469077824
1780625803537924000,41.74092407226563,6.06917728985548,1.814130320137739,3.639760523933172
1780625803547954200,41.7509541015625,8.19209298865795,1.4688082317143678,3.649637774825096
1780625803557984000,41.76098388671875,4.25892702602148,2.4935943468004464,2.503829032827914
1780625803568013000,41.77101293945312,0.06932429611682892,2.6943396219849585,3.1920848532333967
1780625803578043000,41.78104296875,-1.5729922442883253,1.9159861820250748,3.1996833455383777
1780625803588073000,41.79107299804687,-1.595508612000942,1.2147598208874464,2.479585402931273
1780625803598103000,41.80110302734375,-0.44558863529264925,0.44340749186128375,1.8559169132485984
1780625803608133000,41.81113305664063,0.7876625355750322,0.28946839151531456,1.0949044841900468
1780625803618162000,41.82116186523437,0.4716588960945606,0.8273255606606602,-0.21343261506110428
1780625803628192000,41.83119189453125,-2.2225264121115207,1.0606079545736313,0.3459823058977723
1780625803638222000,41.84122216796875,-2.449944590166211,1.8334999142572284,0.2938616580381989
1780625803648252000,41.851251953125,-0.8159972341775894,2.8114216945767403,-0.37581367279887196
1780625803658281000,41.861281005859375,2.8426714038431644,4.196265694925189,-0.8951265927329659
1780625803668310800,41.871310791015624,5.8522612165927885,4.727819672273099,-0.016423603795468807
1780625803678340900,41.8813408203125,6.298906082940102,2.632916308251023,1.57015760538429
1780625803688371000,41.89137084960937,7.128736612159013,-0.8449079791024326,1.5973542398676275
1780625803698401000,41.901401123046874,4.189147971874475,-0.3206029499694705,0.9997516270726918
1780625803708431000,41.91143115234375,1.2340157254993915,0.1158472700998187,-1.627984355930984
1780625803718460200,41.92146020507813,-1.58454648848176,0.451504873599112,-3.405996776244044
1780625803728490000,41.931489990234375,-8.027704390490054,1.0346262488380074,-2.796137616205215
1780625803738519800,41.941519775390624,-9.126396284264326,2.580902627897262,-2.968925501666963
1780625803748550000,41.9515498046875,-6.839933698815107,2.768232248930633,-3.514848196107149
1780625803758579000,41.96157885742188,-4.4608279009819025,2.9195728572160005,-3.4112367227241394
1780625803768609000,41.97160913085938,0.015928221493959425,5.0705081973224875,-4.402182527528703
1780625803778639000,41.98163916015625,-0.5502449415534735,4.130028258907795,-3.6642896927729245
1780625803788669000,41.9916689453125,-0.26829963901937004,0.790176856483519,-2.1260054815113545
1780625803798699000,42.001698974609376,-0.8472212244808673,-5.1509810794413085,-1.4153732863858342
1780625803808728000,42.01172802734375,-3.5316315731257197,-12.22274668110013,0.7943006584152579
1780625803818758000,42.0217578125,-1.0308476070821284,-10.1526448731184,-0.17339871083647013
1780625803828788000,42.0317880859375,-0.8170867829799652,-7.102137359046935,-2.9136849682211876
1780625803838818000,42.04181811523438,0.16989947054386137,-4.598813353131711,-4.171574905782938
1780625803848848000,42.05184790039063,2.5363994693040848,-2.4811972220420837,-4.924337977412343
1780625803858877000,42.061876953125,4.118371723383665,-2.6537238262191414,-5.458266574937105
1780625803868907000,42.07190698242187,4.2003041566610335,-3.6111511000424623,-5.902789626824855
1780625803878937000,42.08193701171875,-6.209231072711944,-1.6091794099569319,-7.225920390582084
1780625803888967000,42.091966796875,-7.66282536868155,2.5921038208693266,-6.702153121587633
1780625803898997000,42.1019970703125,-4.945032390394807,0.1309220896348357,-4.941226568371057
1780625803909025800,42.11202587890625,-0.3212017926454544,-1.2008742111369968,-5.741355202287435
1780625803919056000,42.12205590820312,1.670155564445257,-1.3220081894680857,-5.874775830739736
1780625803929086000,42.1320859375,1.5847235986143349,-0.841390034109354,-5.004466576138139
1780625803939116000,42.14211596679687,1.6833371175795793,-0.023616145648062227,-3.9377874849572776
1780625803949146000,42.15214599609375,3.418482748329639,0.2641910346567631,-3.360178151138127
1780625803959175000,42.1621748046875,5.545455029046535,-0.356896790882945,-3.803366739551723
1780625803969205000,42.172205078125,3.3067069654524324,-0.0911862915739417,-4.2956174650371075
1780625803979234800,42.18223486328125,0.21921382881104945,0.409652229514718,-4.526123964495957
1780625803989265000,42.19226489257812,0.6419190166443586,0.13868731680884958,-3.956136503857374
1780625803999295000,42.202294921875,2.3126924207270143,-0.1330633394472301,-2.9420810416221617
1780625804009324000,42.212323974609376,3.0187913563370703,0.26276041733175515,-2.0242314526885745
1780625804019353900,42.222353759765625,3.3293589422434566,0.2908965246222913,-0.9896329686403273
1780625804029384000,42.232384033203125,4.481285582599043,0.08206541200727224,-0.27818536547869444
1780625804039414000,42.2424140625,1.1596072579860686,-0.6299067995503544,0.36150077754706145
1780625804049443800,42.25244384765625,0.3577741582393646,-1.3639353600934148,0.9908293388180434
1780625804059473200,42.26247314453125,-3.0949504669100043,-2.125361046127975,1.7460558779515325
1780625804069503000,42.2725029296875,-3.838370540654659,-1.0545587375372647,1.8678908441588282
1780625804079532800,42.28253271484375,-1.9362544785499571,0.8384475509166717,0.9383094625078141
1780625804089563000,42.29256298828125,-0.3819575823813677,1.2936717372998594,0.3875976340949535
1780625804099593000,42.302593017578126,1.0643149923980235,0.8557464762419462,-0.19799787617251277
1780625804109622000,42.3126220703125,2.2329116125255823,0.4087734008535743,-0.9124581051535904
1780625804119652000,42.32265209960938,1.7083786198556423,-0.6880120747774839,-1.6305946845598518
1780625804129682200,42.33268212890625,1.0146762244820595,-0.9098886930570006,-1.5501313009217381
1780625804139711700,42.342711669921876,0.8554051154583692,0.23646277751475572,-1.2855369461610913
1780625804149741800,42.352741943359376,0.1625824255287647,1.7764830187886953,-1.304329324914515
1780625804159771000,42.36277099609375,-1.5442822826325893,2.672458045044541,-1.0432988731805235
1780625804169801000,42.37280102539062,-2.171816215571761,2.7168200416013595,-0.41068844069465993
1780625804179831000,42.3828310546875,-1.5781757844060658,1.276779346948862,0.39574820732474325
1780625804189861000,42.39286108398438,-0.5022258837938308,-0.5839858831137419,1.309386169912666
1780625804199891200,42.40289111328125,0.30229893925487994,-1.6048679764986038,1.2530578412301838
1780625804209920000,42.412919921875,0.368996978521347,-1.8146683725371955,0.44197760518863793
1780625804219950000,42.4229501953125,-0.4663040910631418,-1.7354314619541167,-0.453228372923471
1780625804229980000,42.43297998046875,-1.3419821792215108,-1.1143445131972431,-0.7959788938257842
1780625804240010000,42.44301000976562,-1.4110545464038848,-0.3935904447689652,-0.6616023528881371
1780625804250040000,42.4530400390625,-1.4363298574358223,0.050098202121257776,-0.6088640480542555
1780625804260068900,42.46306884765625,-1.4005582868307829,-0.03275163826197386,-0.12664156277142463
1780625804270099000,42.473098876953124,-0.680628394266963,-0.9613231122180819,0.7274558310892433
1780625804280129000,42.48312890625,0.11967384265065192,-1.9306132577925919,1.1447478347674012
1780625804290159000,42.4931591796875,0.5077250657320023,-2.189392204272747,1.1003906605161726
1780625804300189000,42.50318896484375,0.7805962504506111,-1.7025655496627092,0.917657573492825
1780625804310218000,42.513218017578126,0.6838514479666948,-1.2702511142238975,0.7524707376193255
1780625804320247800,42.523247802734375,0.24752222392857073,-1.0601055580094456,0.8821519603475928
1780625804330278000,42.53327783203125,0.3083984251737594,-0.5030661340102554,0.7707347816497087
1780625804340308000,42.543307861328124,0.7471674435794353,-0.6481479741618037,0.6158673144124448
1780625804350338000,42.553338134765625,1.7192793685764074,-1.096308213508129,0.455460990813747
1780625804360367000,42.5633671875,1.9355892926394938,-1.5623840487733482,-0.037024420210346576
1780625804370397000,42.57339697265625,1.2583254063695668,-1.979869748392701,-0.44711255692429835
1780625804380427000,42.583427001953126,-0.042561961397528644,-2.2371967424988743,-0.6602490385830402
1780625804390456800,42.593456787109375,-1.3486971666902303,-2.5434303908541795,-0.6409910150792449
1780625804400487000,42.60348681640625,-1.4497522335886954,-2.423048984456062,-0.6580396189052611
1780625804410515500,42.613515380859376,-1.3206196577191351,-2.1210373377099634,-0.9683858171459286
1780625804420545500,42.623545654296876,-1.1857675351589918,-1.92750243229568,-1.5107185973353683
1780625804430575400,42.633575439453125,-0.8930144228845834,-1.6167524755597114,-1.8689494133010505
1780625804440605400,42.64360546875,-1.290925361201167,-1.2583227760210633,-1.8152552325144409
1780625804450635500,42.653635498046874,-1.7560545632660387,-0.9447177221149206,-1.5707698920637367
1780625804460664600,42.66366455078125,-1.6410697552144526,-0.9218804518848657,-0.7754192862041294
1780625804470694700,42.67369458007813,-0.6382365287393331,-0.9524757888957858,0.5470305095516145
1780625804480724500,42.683724365234376,1.4147890567570924,-0.3503632974609732,2.0726938703015447
1780625804490754300,42.69375439453125,2.638438871064782,1.019348892468214,2.722998730236292
1780625804500783400,42.70378344726562,1.2095751117259264,2.4367598221614957,2.243284391849488
1780625804510813400,42.7138134765625,-0.5517740508168936,2.6868501430124043,1.6214581690326333
1780625804520843500,42.72384350585938,-1.5077356360018253,1.4322197917684911,1.0589076534617692
