time,seconds_elapsed,z,y,x
1780625761854400000,0.05739990234375,0.10503187775611877,-0.664912760257721,0.33131614327430725
1780625761864429800,0.067429931640625,0.10259588062763214,-0.5155400633811951,0.19296492636203766
1780625761874460000,0.0774599609375,0.11541314423084259,-0.41285282373428345,0.06306605041027069
1780625761884489000,0.087489013671875,0.13336125016212463,-0.3455214500427246,0.030729150399565697
1780625761894519000,0.09751904296875,0.16563530266284943,-0.2842535674571991,0.07562871277332306
1780625761904547800,0.1075478515625,0.18370725214481354,-0.24699567258358002,0.20778807997703552
1780625761914578000,0.117577880859375,0.16470159590244293,-0.31488046050071716,0.35214099287986755
1780625761924608000,0.12760791015625,0.17414569854736328,-0.4441095292568207,0.48165690898895264
1780625761934637000,0.137636962890625,0.1723746955394745,-0.5959590077400208,0.6382140517234802
1780625761944667000,0.1476669921875,0.18656109273433685,-0.7910352945327759,0.790219783782959
1780625761954696000,0.157696044921875,0.37154051661491394,-0.79746013879776,0.9199503660202026
1780625761964726000,0.16772607421875,0.5682885050773621,-0.6308674216270447,1.0781610012054443
1780625761974756000,0.177756103515625,0.6752290725708008,-0.4715145230293274,1.2314903736114502
1780625761984785200,0.18778515625,0.7204700112342834,-0.40754434466362,1.3441027402877808
1780625761994815000,0.19781494140625,0.7447996139526367,-0.3912372589111328,1.4129492044448853
1780625762004844000,0.207843994140625,0.7745487093925476,-0.3485819399356842,1.4521543979644775
1780625762014873900,0.217873779296875,0.816512942314148,-0.2983717918395996,1.4455108642578125
1780625762024904000,0.227904052734375,0.8755820989608765,-0.376540869474411,1.335813045501709
1780625762034933000,0.23793310546875,0.8727903366088867,-0.5865505933761597,1.0938127040863037
1780625762044962800,0.247962890625,0.8369457721710205,-0.8460319638252258,0.7742224931716919
1780625762054992000,0.257991943359375,0.7262586951255798,-1.0095343589782715,0.5560683012008667
1780625762065022000,0.26802197265625,0.6631412506103516,-0.8782090544700623,0.5158604383468628
1780625762075051000,0.278051025390625,0.7653692960739136,-0.6536779403686523,0.5102890729904175
1780625762085080800,0.288080810546875,0.8298234343528748,-0.40642794966697693,0.5775962471961975
1780625762095111000,0.29811083984375,0.7719995379447937,-0.0625523254275322,0.7100977897644043
1780625762105140000,0.308139892578125,0.7356945276260376,0.43087202310562134,0.7509581446647644
1780625762115170000,0.318170166015625,0.6117179989814758,0.9952746629714966,0.5423902869224548
1780625762125199000,0.32819921875,0.39365169405937195,1.2493420839309692,0.0008639294537715614
1780625762135229000,0.33822900390625,0.11632794141769409,1.1072838306427002,-0.5781325697898865
1780625762145259000,0.348259033203125,-0.1264016181230545,0.8139541745185852,-0.8045029044151306
1780625762155288000,0.3582880859375,-0.2681520879268646,0.40981122851371765,-0.6713520288467407
1780625762165318000,0.36831787109375,-0.25656068325042725,-0.13446806371212006,-0.32937443256378174
1780625762175347200,0.37834716796875,-0.061830610036849976,-0.7531848549842834,0.13849902153015137
1780625762185376800,0.388376708984375,0.1796129047870636,-1.1490839719772339,0.5649983882904053
1780625762195406800,0.39840673828125,0.35059821605682373,-1.1821506023406982,0.6957710981369019
1780625762205436000,0.408435791015625,0.44397398829460144,-0.9656411409378052,0.5093420743942261
1780625762215466000,0.418466064453125,0.432758092880249,-0.6282945871353149,0.1014198288321495
1780625762225494800,0.428494873046875,0.30820974707603455,-0.31488683819770813,-0.33694925904273987
1780625762235524900,0.43852490234375,0.15978460013866425,-0.14968429505825043,-0.5128707885742188
1780625762245555000,0.448554931640625,0.06340480595827103,-0.2588331699371338,-0.18881599605083466
1780625762255584000,0.458583984375,0.2855878174304962,-1.1444625854492188,0.5684064626693726
1780625762265614000,0.468614013671875,0.8132066130638123,-2.6626944541931152,1.5473295450210571
1780625762275643000,0.478642822265625,1.3730459213256836,-3.5762460231781006,2.4838995933532715
1780625762285673000,0.4886728515625,1.60402512550354,-3.3298590183258057,2.8469643592834473
1780625762295703000,0.498703125,1.3530216217041016,-2.487980842590332,2.439404249191284
1780625762305732000,0.508732177734375,0.8336671590805054,-1.28829026222229,1.6506307125091553
1780625762315762000,0.518761962890625,0.38155826926231384,-0.29829347133636475,0.7685760259628296
1780625762325791000,0.528791015625,0.23118874430656433,0.10757040232419968,0.0329933688044548
1780625762335820800,0.53882080078125,0.4159221053123474,-0.1702585518360138,-0.26367372274398804
1780625762345851000,0.548850830078125,0.903475284576416,-0.8703261017799377,0.03725282847881317
1780625762355880000,0.5588798828125,1.4949274063110352,-1.44279944896698,0.7974843978881836
1780625762365910500,0.56891064453125,1.8266960382461548,-1.5783528089523315,1.3692394495010376
1780625762375939600,0.578939697265625,1.7360858917236328,-1.9472213983535767,0.7606443166732788
1780625762385969700,0.5889697265625,1.6224195957183838,-2.56467342376709,-1.070713996887207
1780625762395998700,0.598998779296875,1.8257540464401245,-3.0484378337860107,-2.8696696758270264
1780625762406028800,0.60902880859375,2.5577948093414307,-3.579047679901123,-3.694162130355835
1780625762416058600,0.61905859375,3.619351387023926,-3.9049367904663086,-3.3293890953063965
1780625762426087700,0.629087646484375,4.24150276184082,-3.789280891418457,-1.7401565313339233
1780625762436117800,0.63911767578125,3.870575428009033,-3.9738776683807373,0.5404863953590393
1780625762446146800,0.649146728515625,2.8502047061920166,-4.485418319702148,2.51937198638916
1780625762456176600,0.6591767578125,1.9739677906036377,-4.542544841766357,3.4065957069396973
1780625762466206500,0.66920654296875,1.8246078491210938,-3.8535640239715576,2.907299280166626
1780625762476235500,0.679235595703125,2.1443722248077393,-2.35361385345459,1.3647544384002686
1780625762486265600,0.689265625,2.410210132598877,-0.5806133151054382,-0.5627914667129517
1780625762496294700,0.699294677734375,2.283811092376709,0.8603515028953552,-1.9220366477966309
1780625762506324500,0.709324462890625,1.7830462455749512,1.6828882694244385,-2.2003774642944336
1780625762516354600,0.7193544921875,1.2681314945220947,1.7454009056091309,-1.5537395477294922
1780625762526383600,0.729383544921875,1.0434068441390991,1.0503747463226318,-0.0626884177327156
1780625762536413700,0.73941357421875,-0.3713120222091675,-0.11501500010490417,1.2017852067947388
1780625762546442800,0.74944287109375,-1.3595736026763916,-1.9718966484069824,2.121767282485962
1780625762556472600,0.75947265625,-1.7392727136611938,-3.4013559818267822,2.6220290660858154
1780625762566502700,0.769502685546875,-1.668347954750061,-4.284734725952148,2.666754961013794
1780625762576531700,0.77953173828125,-1.3117375373840332,-4.5105695724487305,2.400052547454834
1780625762586561800,0.789561767578125,-0.8571064472198486,-3.6939547061920166,1.6888669729232788
1780625762596590600,0.799590576171875,-0.5879439115524292,-2.4155025482177734,0.7211261987686157
1780625762606620700,0.80962060546875,-0.5880842804908752,-0.8559167981147766,-0.305891215801239
1780625762616650500,0.819650390625,-0.5097716450691223,0.5607445240020752,-1.1869051456451416
1780625762626679600,0.829679443359375,-0.37300819158554077,1.232381820678711,-1.5783565044403076
1780625762636709600,0.839709716796875,-0.3980741500854492,0.1626749336719513,-1.2705472707748413
1780625762646738400,0.849738525390625,-0.14533402025699615,-1.5900053977966309,-0.4058700203895569
1780625762656768500,0.8597685546875,0.4448525607585907,-1.027746558189392,-0.07789693027734756
1780625762666798600,0.869798583984375,0.8542014360427856,-0.7096394896507263,0.06257656216621399
1780625762676827600,0.87982763671875,1.3778351545333862,0.014599449001252651,0.03952557221055031
1780625762686857700,0.889857666015625,1.875023365020752,0.5795581936836243,-0.06178800016641617
1780625762696886500,0.899886474609375,2.2391979694366455,1.2631679773330688,0.02051965519785881
1780625762706916600,0.90991650390625,2.3219809532165527,1.7741504907608032,0.03431855887174606
1780625762716946700,0.91994677734375,1.9299992322921753,1.3627134561538696,-0.5665243864059448
1780625762726975700,0.929975830078125,1.4527617692947388,1.5752962827682495,-1.48149836063385
1780625762737005800,0.940005859375,1.2735379934310913,2.421987295150757,-2.325279474258423
1780625762747034600,0.95003466796875,1.5822449922561646,3.3757004737854004,-2.4160585403442383
1780625762757064700,0.960064697265625,1.8100509643554688,3.929487705230713,-2.1206283569335938
1780625762767094500,0.970094482421875,2.485048532485962,4.972776889801025,-0.7471064329147339
1780625762777123600,0.98012353515625,2.53314208984375,4.755512237548828,-0.4623812139034271
1780625762787153700,0.990153564453125,2.489542245864868,4.58199405670166,-0.5087753534317017
1780625762797182500,1.000182373046875,2.5013856887817383,4.08153772354126,-0.5675204396247864
1780625762807212500,1.010212646484375,2.1776046752929688,3.147901773452759,-0.744563102722168
1780625762817242600,1.02024267578125,1.780760407447815,1.9261807203292847,-0.8500255942344666
1780625762827271700,1.030271728515625,1.5801568031311035,0.42733561992645264,-0.8846368789672852
1780625762837301800,1.0403017578125,1.6506024599075317,-1.2411153316497803,-0.7662534713745117
1780625762847330600,1.05033056640625,1.9856507778167725,-2.615940570831299,-0.6171412467956543
1780625762857360600,1.060360595703125,2.3272905349731445,-3.2177834510803223,-0.656697154045105
1780625762867390700,1.070390625,2.5607106685638428,-3.1266655921936035,-0.7946470379829407
1780625762877419800,1.080419677734375,2.824854850769043,-2.6844117641448975,-0.6456549167633057
1780625762887449900,1.090449951171875,3.0331947803497314,-2.3422937393188477,-0.16836504638195038
1780625762897478700,1.100478759765625,3.080549955368042,-2.158093214035034,0.3820938467979431
1780625762907508700,1.1105087890625,3.0553650856018066,-2.1405029296875,0.7270552515983582
1780625762917538600,1.12053857421875,3.077846050262451,-2.139859199523926,0.7891076803207397
1780625762927567600,1.130567626953125,3.094381809234619,-1.9478503465652466,0.5659886002540588
1780625762937597700,1.14059765625,2.9250686168670654,-1.6361145973205566,0.10650806874036789
1780625762947626500,1.15062646484375,2.6321470737457275,-1.7094697952270508,-0.35249146819114685
1780625762957656600,1.160656494140625,2.337822198867798,-2.062436580657959,-0.574274480342865
1780625762967686700,1.170686767578125,2.165067672729492,-2.461927890777588,-0.5173611044883728
1780625762977715700,1.1807158203125,2.1177666187286377,-2.4928243160247803,-0.4488944411277771
1780625762987745500,1.19074560546875,2.031804084777832,-1.8074195384979248,-0.6147518754005432
1780625762997774600,1.200774658203125,1.8662878274917603,-0.5833728909492493,-0.8639379739761353
1780625763007804700,1.2108046875,1.6809468269348145,0.6628605127334595,-1.0603564977645874
1780625763017834800,1.220834716796875,1.614859700202942,1.488232970237732,-1.0874812602996826
1780625763027863800,1.23086376953125,1.7222228050231934,1.6897202730178833,-0.9696739912033081
1780625763037893600,1.2408935546875,1.897832989692688,0.7696884274482727,-0.618282675743103
1780625763047922700,1.250922607421875,2.2147934436798096,-0.8006138801574707,0.06054217368364334
1780625763057952800,1.260952880859375,2.7587177753448486,-2.462419271469116,0.980372428894043
1780625763067982600,1.270982666015625,3.4458699226379395,-3.784249782562256,2.0000381469726562
1780625763078011600,1.28101171875,3.8810439109802246,-4.371957778930664,3.0113885402679443
1780625763088041500,1.29104150390625,4.239108085632324,-4.174638271331787,3.9233736991882324
1780625763098070500,1.301070556640625,4.606022357940674,-3.5414867401123047,4.581530570983887
1780625763108100600,1.3111005859375,4.7413530349731445,-2.8646535873413086,4.896949768066406
1780625763118130700,1.321130615234375,4.605063438415527,-2.5242502689361572,4.975653648376465
1780625763128159500,1.331159423828125,4.319762229919434,-2.548353433609009,5.082961082458496
1780625763138189600,1.341189453125,3.8775687217712402,-2.5840976238250732,5.275196075439453
1780625763148218600,1.351218505859375,3.2016961574554443,-2.72220516204834,5.5094709396362305
1780625763158248700,1.361248779296875,2.226144790649414,-2.8753066062927246,5.721396446228027
1780625763168278800,1.37127880859375,1.0851303339004517,-2.648592233657837,5.755951881408691
1780625763178307600,1.3813076171875,-0.21620553731918335,-1.6572734117507935,5.286594390869141
1780625763188337700,1.391337646484375,-1.51303231716156,-0.45085692405700684,4.203300476074219
1780625763198366700,1.40136669921875,-2.7237889766693115,0.5746427774429321,2.6057872772216797
1780625763208396800,1.411396728515625,-3.642653703689575,0.9183306694030762,0.7570309638977051
1780625763218426600,1.421426513671875,-4.115941047668457,0.9812824130058289,-0.9979788661003113
1780625763228455400,1.431455322265625,-4.286369800567627,0.721846342086792,-2.4415924549102783
1780625763238485500,1.441485595703125,-4.209899425506592,0.7145426273345947,-3.1852405071258545
1780625763248514600,1.4515146484375,-4.098384380340576,0.8748385310173035,-3.387258291244507
1780625763258544600,1.461544677734375,-4.158635139465332,0.6893523335456848,-3.4851467609405518
1780625763268574700,1.47157470703125,-3.7894554138183594,-0.13428696990013123,-3.1767706871032715
1780625763278603500,1.481603515625,-3.4792377948760986,-1.240775227546692,-2.388016700744629
1780625763288633600,1.491633544921875,-3.2692863941192627,-2.3430533409118652,-1.8439644575119019
1780625763298662700,1.50166259765625,-2.986462116241455,-3.2269339561462402,-1.1516907215118408
1780625763308692700,1.511692626953125,-2.460792064666748,-4.006718158721924,-0.24954192340373993
1780625763318722800,1.521722900390625,-1.9718233346939087,-3.030233860015869,-0.8294638991355896
1780625763328751600,1.531751708984375,-1.273728370666504,-1.582281231880188,-1.1472114324569702
1780625763338781700,1.54178173828125,-1.1809459924697876,-0.35165125131607056,-2.4081640243530273
1780625763348811500,1.5518115234375,-1.1790120601654053,0.9610083103179932,-3.4583394527435303
1780625763358840600,1.561840576171875,-1.3612949848175049,1.1984120607376099,-3.711859941482544
1780625763368870400,1.571870361328125,-1.392586350440979,1.00269615650177,-3.4516119956970215
1780625763378899500,1.5818994140625,-1.6456249952316284,0.7330039143562317,-3.290738821029663
1780625763388929500,1.591929443359375,-1.240142822265625,1.0633306503295898,-2.8243560791015625
1780625763398959600,1.601959716796875,-0.7567214965820312,1.1950751543045044,-2.9801712036132812
1780625763408988700,1.61198876953125,-0.2467125803232193,1.4701871871948242,-3.390439748764038
1780625763419018500,1.6220185546875,0.21706679463386536,1.8681646585464478,-4.023457050323486
1780625763429047600,1.632047607421875,0.3684177100658417,2.16410231590271,-4.655269145965576
1780625763439077600,1.64207763671875,0.31197014451026917,1.9200576543807983,-4.98813533782959
1780625763449107700,1.652107666015625,0.4430101811885834,0.7477540969848633,-4.276487350463867
1780625763459136500,1.662136474609375,0.6373900771141052,-0.001546763931401074,-2.6549177169799805
1780625763469166600,1.67216650390625,1.245848298072815,0.19245679676532745,-2.024571418762207
1780625763479195600,1.682195556640625,1.1841915845870972,-0.35887959599494934,-1.6845873594284058
1780625763489225700,1.692225830078125,0.9802499413490295,-0.4783567190170288,-1.1361199617385864
1780625763499255600,1.702255615234375,0.8574094772338867,-0.07733606547117233,-0.878602921962738
1780625763509284600,1.71228466796875,0.7846852540969849,0.40551286935806274,-1.1280215978622437
1780625763519314400,1.722314453125,0.8943198323249817,0.2471163123846054,-1.4397858381271362
1780625763529344500,1.732344482421875,1.3337489366531372,0.1979181468486786,-1.5991626977920532
1780625763539373600,1.74237353515625,1.8604563474655151,0.018143050372600555,-1.5393345355987549
1780625763549403600,1.752403564453125,2.1648128032684326,-0.9094908237457275,-1.170830488204956
1780625763559432400,1.762432373046875,2.586695909500122,-1.1009849309921265,-0.800814151763916
1780625763569462500,1.772462646484375,2.6990551948547363,-0.11500488221645355,-0.6854188442230225
1780625763579492600,1.78249267578125,2.8361096382141113,0.9703370928764343,-1.105236291885376
1780625763589521700,1.792521728515625,2.777268409729004,0.7502217888832092,-1.7684108018875122
1780625763599551700,1.8025517578125,2.9614012241363525,0.47375398874282837,-2.418447971343994
1780625763609580500,1.81258056640625,3.3944525718688965,0.6004173755645752,-2.887669801712036
1780625763619610600,1.822610595703125,3.9339301586151123,0.7597018480300903,-3.1461074352264404
1780625763629640700,1.832640625,4.4081010818481445,0.7229565978050232,-3.2493956089019775
1780625763639669800,1.842669677734375,4.970185279846191,0.47097229957580566,-3.169485330581665
1780625763649699600,1.852699462890625,5.781184196472168,-0.12493500858545303,-2.878925323486328
1780625763659729400,1.8627294921875,6.629083156585693,-0.8256606459617615,-2.4497451782226562
1780625763669758500,1.872758544921875,6.466963768005371,-0.5689550638198853,-1.7226617336273193
1780625763679788500,1.88278857421875,2.8305399417877197,1.9221439361572266,0.1309249997138977
1780625763689817600,1.892817626953125,0.4886133670806885,1.0825142860412598,0.9636570811271667
1780625763699847700,1.90284765625,-0.04334214702248573,-0.18209710717201233,0.955485463142395
1780625763709877500,1.91287744140625,0.020367855206131935,-0.15129470825195312,0.7393007278442383
1780625763719906600,1.922906494140625,-0.003022687742486596,0.5694373846054077,0.6709256172180176
1780625763729936600,1.9329365234375,-0.028872927650809288,1.161927580833435,0.7641472220420837
1780625763739965700,1.942965576171875,0.060446031391620636,1.479019045829773,0.8952620625495911
1780625763749995800,1.952995849609375,0.3440234065055847,1.3278363943099976,0.8689327239990234
1780625763760025600,1.963025634765625,0.630690336227417,0.8117956519126892,0.5549801588058472
1780625763770054700,1.9730546875,0.7308630347251892,0.4546050429344177,0.10223875194787979
1780625763780084700,1.983084716796875,0.8763693571090698,0.23369957506656647,-0.3235096335411072
1780625763790114600,1.993114501953125,1.360247015953064,0.4396415650844574,-0.709962010383606
1780625763800143400,2.003143310546875,1.9463680982589722,1.5300443172454834,-1.2016286849975586
1780625763810173400,2.01317333984375,2.1175479888916016,2.0482335090637207,-1.5382716655731201
1780625763820202500,2.023202392578125,2.141075611114502,1.7599859237670898,-1.6553490161895752
1780625763830232600,2.033232666015625,2.2143969535827637,1.445920705795288,-1.69594144821167
1780625763840262700,2.0432626953125,2.337716817855835,1.0762736797332764,-1.6213761568069458
1780625763850291500,2.05329150390625,2.4500386714935303,0.6668003797531128,-1.44729483127594
1780625763860321500,2.063321533203125,2.4959895610809326,0.01780669391155243,-1.235673189163208
1780625763870350600,2.0733505859375,2.432778835296631,-0.8023318648338318,-0.9740197062492371
1780625763880380700,2.083380615234375,2.3127148151397705,-1.784826636314392,-0.6316416263580322
1780625763890410800,2.09341064453125,2.1995770931243896,-2.874443531036377,-0.34151312708854675
1780625763900439600,2.103439453125,2.2166881561279297,-3.636507034301758,-0.03292066603899002
1780625763910469600,2.1134697265625,2.441451072692871,-3.5835444927215576,0.2763836681842804
1780625763920499500,2.12349951171875,2.7230453491210938,-3.1564226150512695,0.5205736756324768
1780625763930528800,2.13352880859375,2.9639899730682373,-2.706860065460205,0.798944354057312
1780625763940558600,2.14355859375,2.8657896518707275,-2.1842081546783447,1.2428672313690186
1780625763950587400,2.15358740234375,2.5195157527923584,-1.4527982473373413,1.7748045921325684
1780625763960617500,2.163617431640625,2.184823989868164,-0.7795823216438293,2.3411428928375244
1780625763970647600,2.1736474609375,1.99240243434906,-0.6441728472709656,2.7254607677459717
1780625763980676600,2.183676513671875,1.542251706123352,-0.8299829363822937,2.8201892375946045
1780625763990706700,2.193706787109375,0.9439353346824646,-0.9444828629493713,2.615985631942749
1780625764000736800,2.20373681640625,0.3344693183898926,-1.115679144859314,2.213538408279419
1780625764010765600,2.213765625,-0.1615297794342041,-1.2573553323745728,1.707301378250122
1780625764020795600,2.223795654296875,-0.4139646887779236,-1.4439510107040405,1.0828460454940796
1780625764030824700,2.23382470703125,-0.3591744005680084,-1.4109749794006348,0.47308605909347534
1780625764040854800,2.243854736328125,-0.04196103289723396,-1.0182743072509766,0.10535118728876114
1780625764050884600,2.253884521484375,0.547006368637085,-0.44255346059799194,0.1759321540594101
1780625764060913700,2.26391357421875,1.3531692028045654,0.2923721969127655,0.7299250364303589
1780625764070943500,2.273943603515625,2.0759899616241455,1.0434653759002686,1.4534600973129272
1780625764080972500,2.28397265625,2.3538248538970947,1.5780318975448608,1.8666253089904785
1780625764091002600,2.294002685546875,2.4028499126434326,1.914046049118042,1.769841194152832
1780625764101032400,2.304032470703125,2.2031338214874268,2.328066349029541,1.1804310083389282
1780625764111061500,2.3140615234375,1.6554012298583984,2.3077309131622314,0.3551575541496277
1780625764121091600,2.324091552734375,1.0093319416046143,2.217945098876953,-0.040107738226652145
1780625764131121700,2.33412158203125,0.3980634808540344,2.0814921855926514,-0.1006094291806221
1780625764141150700,2.344150634765625,-0.17460882663726807,1.553363561630249,-0.23358319699764252
1780625764151180500,2.3541806640625,-0.5094081163406372,0.5379116535186768,-0.7010443806648254
1780625764161209600,2.364209716796875,-0.5502410531044006,-0.34551265835762024,-1.0431684255599976
1780625764171239700,2.37423974609375,-0.32733577489852905,-0.7247289419174194,-0.880466103553772
1780625764181269800,2.384269775390625,-0.041606299579143524,-0.7545427680015564,-0.5847755670547485
1780625764191298600,2.394298583984375,0.16637299954891205,-0.5358426570892334,-0.43338391184806824
1780625764201328600,2.40432861328125,0.25974342226982117,-0.24785161018371582,-0.45712095499038696
1780625764211358500,2.4143583984375,0.38245657086372375,0.0294329896569252,-0.557465672492981
1780625764221387500,2.424387451171875,0.5744345188140869,0.21069972217082977,-0.6871206164360046
1780625764231417600,2.43441748046875,0.873437225818634,0.22809042036533356,-0.8281344175338745
1780625764241446400,2.4444462890625,1.1822762489318848,0.04727590084075928,-1.0091931819915771
1780625764251476500,2.4544765625,1.4123685359954834,-0.2947466969490051,-1.176803469657898
1780625764261506600,2.464506591796875,1.570054054260254,-0.6643412709236145,-1.2898828983306885
1780625764271535600,2.47453564453125,1.710483431816101,-0.8394227623939514,-1.3261809349060059
1780625764281565700,2.484565673828125,1.8141762018203735,-0.7851707339286804,-1.282157063484192
1780625764291595800,2.494595703125,1.9288148880004883,-0.44970110058784485,-1.2209964990615845
1780625764301624600,2.50462451171875,1.923441767692566,-0.06919132173061371,-1.2840391397476196
1780625764311654700,2.514654541015625,1.8113540410995483,0.24714107811450958,-1.445244550704956
1780625764321683700,2.52468359375,1.6448071002960205,0.4975264370441437,-1.5956138372421265
1780625764331713800,2.5347138671875,1.4629462957382202,0.6551072597503662,-1.7380952835083008
1780625764341743600,2.54474365234375,1.1944307088851929,0.7317514419555664,-1.989875316619873
1780625764351772700,2.554772705078125,0.9081248641014099,0.8315765857696533,-2.3277125358581543
1780625764361802500,2.564802490234375,0.6037173271179199,0.5965587496757507,-2.6086230278015137
1780625764371832300,2.574832275390625,0.35027384757995605,-0.040530916303396225,-2.7873384952545166
1780625764381861400,2.584861328125,0.15119804441928864,-0.9886711239814758,-2.900233268737793
1780625764391891500,2.594891357421875,0.09729672223329544,-1.8476260900497437,-2.8653745651245117
1780625764401920500,2.60492041015625,0.27255481481552124,-2.120893955230713,-2.6197545528411865
1780625764411950600,2.61495068359375,0.528102457523346,-1.7639071941375732,-2.208707332611084
1780625764421980400,2.62498046875,0.6997706294059753,-1.2492156028747559,-1.7729566097259521
1780625764432009500,2.635009521484375,0.7865598201751709,-1.0113426446914673,-1.452039361000061
1780625764442039600,2.64503955078125,0.8554850816726685,-1.1374781131744385,-1.2716336250305176
1780625764452069600,2.655069580078125,0.9819865822792053,-1.3928366899490356,-1.1415096521377563
1780625764462098400,2.665098388671875,1.1584206819534302,-1.603810429573059,-1.0113368034362793
1780625764472128500,2.67512841796875,1.3809771537780762,-1.7071863412857056,-0.8725956678390503
1780625764482157600,2.685157470703125,1.641610026359558,-1.6596564054489136,-0.6749097108840942
1780625764492187400,2.6951875,1.9385054111480713,-1.4375221729278564,-0.4007663130760193
1780625764502217500,2.705217529296875,2.2615408897399902,-1.097593903541565,-0.04268088564276695
1780625764512246300,2.715246337890625,2.544609308242798,-0.7037437558174133,0.3344906270503998
1780625764522276400,2.7252763671875,2.716010093688965,-0.30817142128944397,0.6329532265663147
1780625764532306400,2.735306396484375,2.7008419036865234,0.16982179880142212,0.8272327184677124
1780625764542335500,2.74533544921875,2.0738141536712646,0.6774002909660339,0.9857009053230286
1780625764552365600,2.755365478515625,1.1938146352767944,1.0515118837356567,1.0577510595321655
1780625764562394400,2.765394287109375,0.6409744024276733,0.8493862152099609,0.9536388516426086
1780625764572424400,2.775424560546875,0.28604772686958313,0.257436066865921,0.611939549446106
1780625764582454500,2.78545458984375,-0.03074619546532631,-0.36635348200798035,0.17020635306835175
1780625764592483600,2.795483642578125,-0.24352078139781952,-0.6613257527351379,-0.10830783098936081
1780625764602513700,2.805513671875,-0.34273257851600647,-0.7946827411651611,-0.1793210208415985
1780625764612543500,2.81554345703125,-0.33362191915512085,-0.9555643200874329,-0.12197171151638031
1780625764622572500,2.825572509765625,-0.26066967844963074,-1.1273208856582642,-0.018494589254260063
1780625764632602400,2.835602294921875,-0.24262861907482147,-1.2266725301742554,0.059852682054042816
1780625764642632400,2.845632568359375,-0.27759405970573425,-1.2358965873718262,0.0955832451581955
1780625764652661500,2.85566162109375,-0.24728116393089294,-1.0689412355422974,0.1647106558084488
1780625764662691300,2.86569140625,-0.16167092323303223,-0.6843439936637878,0.29956647753715515
1780625764672720400,2.875720458984375,-0.1677549183368683,-0.2299133539199829,0.3727796971797943
1780625764682750500,2.88575048828125,-0.24684546887874603,-0.03747786581516266,0.2528359889984131
1780625764692780500,2.895780517578125,-0.273724228143692,-0.11818203330039978,0.05462329834699631
1780625764702809600,2.9058095703125,-0.2933399975299835,-0.29326704144477844,-0.10916589945554733
1780625764712839400,2.91583935546875,-0.33687204122543335,-0.48080870509147644,-0.1668771356344223
1780625764722869500,2.925869384765625,-0.43325290083885193,-0.630159854888916,-0.09276535362005234
1780625764732898600,2.935898681640625,-0.5486292839050293,-0.6708981990814209,0.0869668573141098
1780625764742928400,2.945928466796875,-0.6782517433166504,-0.6389464139938354,0.3214784264564514
1780625764752957700,2.955957763671875,-0.7374255657196045,-0.5441309213638306,0.5794519186019897
1780625764762987300,2.9659873046875,-0.7063989639282227,-0.453648179769516,0.7839909195899963
1780625764773017300,2.976017333984375,-0.6050283908843994,-0.41326001286506653,0.9014422297477722
1780625764783046400,2.98604638671875,-0.4981538653373718,-0.3950381278991699,0.9061195254325867
1780625764793076500,2.996076416015625,-0.4136807918548584,-0.33953893184661865,0.7952553033828735
1780625764803106600,3.0061064453125,-0.3514222204685211,-0.2139841914176941,0.6085584163665771
1780625764813135400,3.01613525390625,-0.3117717504501343,-0.04391685873270035,0.42706769704818726
1780625764823165400,3.02616552734375,-0.28839343786239624,0.12065025418996811,0.28989601135253906
1780625764833194500,3.036194580078125,-0.25378432869911194,0.28234007954597473,0.21357379853725433
1780625764843224600,3.046224609375,-0.20090781152248383,0.381771057844162,0.19282084703445435
1780625764853254700,3.056254638671875,-0.17984700202941895,0.379004567861557,0.21528302133083344
1780625764863283500,3.066283447265625,-0.2160140573978424,0.28745895624160767,0.253592848777771
1780625764873313500,3.0763134765625,-0.24882392585277557,0.1940288543701172,0.3128974437713623
1780625764883343400,3.08634326171875,-0.2387918084859848,0.10948628187179565,0.3619278371334076
1780625764893372400,3.096372314453125,-0.18201640248298645,0.049549177289009094,0.37429770827293396
1780625764903402500,3.106402587890625,-0.13049009442329407,0.02642415091395378,0.3357180953025818
1780625764913431300,3.116431396484375,-0.12858328223228455,0.09676489233970642,0.2740326225757599
1780625764923461400,3.12646142578125,-0.17704588174819946,0.1554015725851059,0.17046548426151276
1780625764933491500,3.136491455078125,-0.2348705679178238,0.12234854698181152,0.04339461028575897
1780625764943520500,3.1465205078125,-0.2652660310268402,0.003294063964858651,-0.04083983972668648
1780625764953550600,3.156550537109375,-0.24636130034923553,-0.07945860922336578,-0.06232729181647301
1780625764963580400,3.166580322265625,-0.2251122146844864,-0.12044385820627213,-0.033799510449171066
1780625764973609500,3.176609375,-0.20051099359989166,-0.10223449021577835,0.04863997548818588
1780625764983639600,3.1866396484375,-0.18690010905265808,0.0008974852971732616,0.16766010224819183
1780625764993668600,3.196668701171875,-0.15041746199131012,0.13633280992507935,0.2872520089149475
1780625765003698700,3.20669873046875,-0.08806727081537247,0.2366495579481125,0.3775305151939392
1780625765013728300,3.216728271484375,-0.03175872936844826,0.24584731459617615,0.3986099660396576
1780625765023757600,3.226757568359375,-0.014575480483472347,0.17655186355113983,0.3508293926715851
1780625765033787400,3.236787353515625,0.004834702704101801,0.12019351869821548,0.2835630178451538
1780625765043817500,3.2468173828125,0.025015870109200478,0.11445840448141098,0.23911938071250916
1780625765053846300,3.25684619140625,0.029739785939455032,0.10808439552783966,0.21665853261947632
1780625765063876400,3.26687646484375,0.022877885028719902,0.06812925636768341,0.20116452872753143
1780625765073906400,3.276906494140625,0.02171541564166546,0.005844839382916689,0.1821458339691162
1780625765083935500,3.286935546875,0.04706471413373947,-0.05070525407791138,0.17317630350589752
1780625765093965600,3.296965576171875,0.09744133800268173,-0.11207646876573563,0.17111928761005402
1780625765103994400,3.306994384765625,0.16333593428134918,-0.17368417978286743,0.16275057196617126
1780625765114024400,3.3170244140625,0.20561787486076355,-0.2176590859889984,0.1549333930015564
1780625765124054500,3.327054443359375,0.21203316748142242,-0.25818440318107605,0.13420547544956207
1780625765134083600,3.33708349609375,0.2027248740196228,-0.27075958251953125,0.1186949610710144
1780625765144113700,3.34711376953125,0.1943708062171936,-0.2677597999572754,0.13101181387901306
1780625765154143500,3.3571435546875,0.0758361741900444,-0.31531134247779846,0.14014725387096405
1780625765164172300,3.36717236328125,0.02779221720993519,-0.4075973331928253,0.10677624493837357
1780625765174202400,3.377202392578125,0.15135596692562103,-0.35635945200920105,0.1750415861606598
1780625765184232400,3.387232421875,0.16386616230010986,-0.44504696130752563,0.18206141889095306
1780625765194261500,3.397261474609375,0.1304059475660324,-0.45357200503349304,0.14792342483997345
1780625765204291600,3.40729150390625,0.07765831053256989,-0.41499054431915283,0.11151187866926193
1780625765214320400,3.4173203125,0.010750382207334042,-0.33480194211006165,0.07090133428573608
1780625765224350500,3.4273505859375,-0.0462934635579586,-0.1970350444316864,0.057364221662282944
1780625765234380500,3.437380615234375,-0.06606397032737732,-0.08193375170230865,0.09372968971729279
1780625765244409600,3.44740966796875,-0.044495828449726105,-0.013826066628098488,0.1576641947031021
1780625765254439400,3.457439453125,-0.05252552404999733,0.007955128327012062,0.1393837183713913
1780625765264469500,3.467469482421875,-0.0770774707198143,-0.03760836273431778,-0.011188738979399204
1780625765274498600,3.47749853515625,-0.04121481254696846,-0.062490276992321014,-0.14127270877361298
1780625765284528400,3.4875283203125,0.04717230424284935,0.014598383568227291,-0.15605297684669495
1780625765294557700,3.4975576171875,0.12711401283740997,0.08633595705032349,-0.10201851278543472
1780625765304587300,3.507587158203125,0.15739655494689941,0.13350985944271088,-0.007239803206175566
1780625765314617300,3.517617431640625,0.17475982010364532,0.16065040230751038,0.09958943724632263
1780625765324646400,3.527646484375,0.24005042016506195,0.27889102697372437,0.2421116977930069
1780625765334676500,3.537676513671875,0.2963826656341553,0.4131183326244354,0.36656999588012695
1780625765344706600,3.54770654296875,0.34609028697013855,0.47858893871307373,0.40370991826057434
1780625765354735400,3.5577353515625,0.38397216796875,0.4838431179523468,0.36808162927627563
1780625765364765200,3.56776513671875,0.3899317979812622,0.4410482347011566,0.2988780438899994
1780625765374795300,3.577795166015625,0.3902095556259155,0.4521171450614929,0.24863724410533905
1780625765384824300,3.58782421875,0.397085577249527,0.4812696874141693,0.21331679821014404
1780625765394854400,3.5978544921875,0.3993639051914215,0.5296105742454529,0.19495724141597748
1780625765404883200,3.60788330078125,0.40638986229896545,0.5847944617271423,0.19131030142307281
1780625765414913300,3.617913330078125,0.42215895652770996,0.5997449159622192,0.1793878674507141
1780625765424943000,3.627943115234375,0.4420032501220703,0.6250481605529785,0.16030125319957733
1780625765434972200,3.63797216796875,0.47056058049201965,0.6898646950721741,0.13707369565963745
1780625765445002200,3.648002197265625,0.5112731456756592,0.7243686318397522,0.10079878568649292
1780625765455032000,3.658031982421875,0.570459246635437,0.7866532802581787,0.09576646983623505
1780625765465061000,3.66806103515625,0.605437159538269,0.7585422992706299,0.04482286423444748
1780625765475091200,3.67809130859375,0.587130606174469,0.7096315026283264,-0.04211975634098053
1780625765485121300,3.688121337890625,0.5272142887115479,0.6804863810539246,-0.09633159637451172
1780625765495150300,3.698150390625,0.4764815866947174,0.5157352685928345,-0.17032167315483093
1780625765505180200,3.70818017578125,0.3967561423778534,0.06004229933023453,-0.3953436017036438
1780625765515209200,3.718209228515625,0.43880292773246765,-0.45901578664779663,-0.6479138135910034
1780625765525239300,3.7282392578125,0.4761042296886444,-0.2870056629180908,-0.5670884847640991
1780625765535269400,3.738269287109375,0.4381307363510132,-0.1491663157939911,-0.47068068385124207
1780625765545298400,3.74829833984375,0.41703665256500244,-0.28789544105529785,-0.3838834762573242
1780625765555328300,3.758328369140625,0.4940344989299774,-0.5130233764648438,-0.2432083934545517
1780625765565358000,3.768358154296875,0.5816410183906555,-0.6794269680976868,-0.21996378898620605
1780625765575387100,3.77838720703125,0.8188045620918274,-0.637942910194397,-0.43932196497917175
1780625765585417200,3.788417236328125,1.1892380714416504,-0.07262440025806427,-0.5678879618644714
1780625765595446000,3.798446044921875,1.220971703529358,0.2845904529094696,-0.8544105291366577
1780625765605476000,3.80847607421875,1.066445231437683,0.20670710504055023,-1.222664713859558
1780625765615506200,3.818506103515625,0.853502631187439,-0.13017398118972778,-1.4472919702529907
1780625765625535200,3.82853515625,0.6719751954078674,-0.260804682970047,-1.4305685758590698
1780625765635565300,3.8385654296875,0.47954341769218445,-0.375823438167572,-1.3823614120483398
1780625765645595400,3.848595458984375,0.4063432514667511,-0.4609614908695221,-1.3644343614578247
1780625765655624200,3.858624267578125,0.47114914655685425,-0.4352417588233948,-1.3915191888809204
1780625765665654300,3.868654296875,0.5885056257247925,-0.31975695490837097,-1.4485104084014893
1780625765675684000,3.87868408203125,0.6655197143554688,-0.1553829312324524,-1.521174669265747
1780625765685713400,3.88871337890625,0.7151575684547424,-0.0034700988326221704,-1.6063162088394165
1780625765695743200,3.8987431640625,0.635104775428772,0.07704392075538635,-1.7000224590301514
1780625765705773000,3.90877294921875,0.4555398225784302,0.06251557916402817,-1.728280782699585
1780625765715802000,3.918802001953125,0.3166953921318054,-0.028967203572392464,-1.6209644079208374
1780625765725832200,3.928832275390625,0.2169882357120514,-0.0783454030752182,-1.41441011428833
1780625765735861200,3.938861328125,0.15225638449192047,-0.08491808921098709,-1.1684120893478394
1780625765745891300,3.948891357421875,0.1206774190068245,-0.07746203243732452,-0.9069357514381409
1780625765755921200,3.958921142578125,0.12310381978750229,-0.08935943990945816,-0.6413128972053528
1780625765765950200,3.9689501953125,0.15698722004890442,-0.13961568474769592,-0.41416895389556885
1780625765775980300,3.978980224609375,0.2052743285894394,-0.19918100535869598,-0.2636873126029968
1780625765786010400,3.98901025390625,0.23908235132694244,-0.17008012533187866,-0.2117157131433487
1780625765796039200,3.9990390625,0.2508351504802704,-0.08129964768886566,-0.22477053105831146
1780625765806069200,4.0090693359375,0.2214255928993225,0.06552547961473465,-0.2167661339044571
1780625765816098300,4.019098388671875,0.17710287868976593,0.23155440390110016,-0.15244919061660767
1780625765826128100,4.029128173828125,0.1273779273033142,0.30966731905937195,-0.04056473821401596
1780625765836158200,4.039158203125,0.12226838618516922,0.2757919132709503,0.10388512164354324
1780625765846187000,4.04918701171875,0.15359781682491302,0.15643355250358582,0.2604568898677826
1780625765856217000,4.059217041015625,0.19539107382297516,0.05355217307806015,0.3949979245662689
1780625765866247200,4.0692470703125,0.17840808629989624,0.05465978384017944,0.46985912322998047
1780625765876276200,4.079276123046875,0.15198686718940735,0.13374660909175873,0.5128327012062073
1780625765886306300,4.089306396484375,0.12136930227279663,0.21558316051959991,0.5332980155944824
1780625765896336400,4.09933642578125,0.09486658871173859,0.2552639842033386,0.5417921543121338
1780625765906365200,4.109365234375,0.07644151151180267,0.23477256298065186,0.548429012298584
1780625765916395300,4.119395263671875,0.07126539200544357,0.20404021441936493,0.5621504187583923
1780625765926425300,4.12942529296875,0.06136295944452286,0.20598219335079193,0.5854772925376892
1780625765936454400,4.139454345703125,0.03256593272089958,0.2272065281867981,0.6162149906158447
1780625765946484200,4.149484130859375,0.0049620019271969795,0.22783049941062927,0.6408907771110535
1780625765956513300,4.15951318359375,-0.019964653998613358,0.19982948899269104,0.6560057997703552
1780625765966543000,4.169543212890625,-0.038185734301805496,0.17281624674797058,0.6820499300956726
1780625765976573200,4.1795732421875,-0.046477220952510834,0.16138648986816406,0.6903523206710815
1780625765986602200,4.189602294921875,-0.023332219570875168,0.14727360010147095,0.6600463390350342
1780625765996632300,4.19963232421875,0.022977221757173538,0.1351141482591629,0.5779253840446472
1780625766006662100,4.209662109375,0.06830635666847229,0.14179441332817078,0.4472808241844177
1780625766016691200,4.219691162109375,0.07990175485610962,0.16593730449676514,0.28899824619293213
1780625766026721300,4.22972119140625,0.06738223880529404,0.20547433197498322,0.13936933875083923
1780625766036751400,4.23975146484375,0.05560360848903656,0.2696716785430908,0.018270084634423256
1780625766046780200,4.2497802734375,0.05163842812180519,0.2848770022392273,-0.06902327388525009
1780625766056810200,4.259810302734375,0.05938130244612694,0.2032838761806488,-0.12619549036026
1780625766066839300,4.26983935546875,0.0894145667552948,0.10394823551177979,-0.16911977529525757
1780625766076869400,4.279869384765625,0.1279347985982895,0.08129032701253891,-0.2178870588541031
1780625766086899200,4.289899169921875,0.15714940428733826,0.09881871938705444,-0.27158623933792114
1780625766096928000,4.299927978515625,0.19023466110229492,0.123405821621418,-0.31241729855537415
1780625766106958000,4.3099580078125,0.21935392916202545,0.14263518154621124,-0.3537881672382355
1780625766116988200,4.31998828125,0.2508074641227722,0.14387275278568268,-0.38760045170783997
1780625766127017200,4.330017333984375,0.2703670561313629,0.13867318630218506,-0.4140232801437378
1780625766137047300,4.34004736328125,0.2758113443851471,0.0979984700679779,-0.4366670548915863
1780625766147077400,4.350077392578125,0.26434963941574097,0.041553303599357605,-0.46866893768310547
1780625766157106200,4.360106201171875,0.2442544847726822,-0.0008591357618570328,-0.5008969306945801
1780625766167136300,4.37013623046875,0.21427100896835327,0.005374525208026171,-0.5136297345161438
1780625766177165300,4.380165283203125,0.17899371683597565,0.05825105682015419,-0.47733381390571594
1780625766187195400,4.3901953125,0.14612525701522827,0.1320672184228897,-0.37926530838012695
1780625766197225200,4.40022509765625,0.12679389119148254,0.25124821066856384,-0.2697467803955078
1780625766207254300,4.410254150390625,0.14117923378944397,0.3798868656158447,-0.17155471444129944
1780625766217284000,4.4202841796875,0.18496878445148468,0.4156408905982971,-0.10139692574739456
1780625766227314200,4.430314208984375,0.24067147076129913,0.3907291293144226,-0.06703788787126541
1780625766237343200,4.44034326171875,0.3096635937690735,0.3559911251068115,-0.09029021859169006
1780625766247373000,4.450373046875,0.38265761733055115,0.3478375971317291,-0.15733397006988525
1780625766257403100,4.460403076171875,0.44588959217071533,0.3630349338054657,-0.2620236277580261
1780625766267432200,4.47043212890625,0.4875805974006653,0.40401458740234375,-0.4047594666481018
1780625766277462300,4.480462158203125,0.49985429644584656,0.4237595200538635,-0.5928881168365479
1780625766287491300,4.4904912109375,0.49036651849746704,0.44745367765426636,-0.8180751204490662
1780625766297521200,4.500521240234375,0.46338921785354614,0.5066392421722412,-1.0543574094772339
1780625766307551200,4.51055126953125,0.4260048270225525,0.577643096446991,-1.222454309463501
1780625766317580300,4.520580322265625,0.3813452124595642,0.6259642839431763,-1.2741636037826538
1780625766327610400,4.5306103515625,0.3365023732185364,0.6178605556488037,-1.1941230297088623
1780625766337640200,4.54064013671875,0.3140561878681183,0.5717993378639221,-0.9969255924224854
1780625766347669200,4.550669189453125,0.31074297428131104,0.45807090401649475,-0.7411851286888123
1780625766357699000,4.560698974609375,0.3197114169597626,0.3215268850326538,-0.5231090188026428
1780625766367730000,4.57072998046875,0.29346010088920593,0.1554819941520691,-0.4017349183559418
1780625766377758700,4.5807587890625,0.22081440687179565,0.0021201425697654486,-0.3695144057273865
1780625766387788800,4.590788818359375,0.12146571278572083,0.014882276766002178,-0.40451952815055847
1780625766397819000,4.60081884765625,0.016318252310156822,0.13820047676563263,-0.46035483479499817
1780625766407848000,4.610847900390625,-0.056236907839775085,0.22525042295455933,-0.48142948746681213
1780625766417878000,4.6208779296875,-0.09096293151378632,0.25400111079216003,-0.45318612456321716
1780625766427906800,4.63090673828125,-0.07760903984308243,0.2194034606218338,-0.4222244918346405
1780625766437937000,4.64093701171875,-0.007795604877173901,0.1694454848766327,-0.42842698097229004
1780625766447966700,4.650966796875,0.07065153121948242,0.17752978205680847,-0.47173798084259033
1780625766457995800,4.660995849609375,0.15232162177562714,0.19728776812553406,-0.5359489321708679
1780625766468025900,4.67102587890625,0.18845327198505402,0.19252391159534454,-0.6184350252151489
1780625766478056000,4.681055908203125,0.16233883798122406,0.20465300977230072,-0.7368772029876709
1780625766488084700,4.691084716796875,0.0868733823299408,0.23509933054447174,-0.8902063369750977
1780625766498114800,4.70111474609375,0.006943926215171814,0.2782614529132843,-1.0304244756698608
1780625766508145000,4.711144775390625,-0.016581906005740166,0.3594686985015869,-1.104256272315979
1780625766518174000,4.721174072265625,-0.0213063545525074,0.42603999376296997,-1.0676621198654175
1780625766528204000,4.7312041015625,0.01350755337625742,0.47663044929504395,-0.9290075302124023
1780625766538232800,4.74123291015625,0.0846906527876854,0.45161619782447815,-0.6933912634849548
1780625766548263000,4.751262939453125,0.1403411328792572,0.39743658900260925,-0.44283920526504517
1780625766558293000,4.76129296875,0.1741182655096054,0.3847532570362091,-0.22707709670066833
1780625766568322000,4.771322021484375,0.19357027113437653,0.39097681641578674,-0.0593717135488987
1780625766578351600,4.7813515625,0.17755773663520813,0.42209291458129883,0.020250942558050156
1780625766588381700,4.791381591796875,0.1265968233346939,0.4272565245628357,0.01134160440415144
1780625766598410800,4.80141064453125,0.06469457596540451,0.38336601853370667,-0.036317795515060425
1780625766608440800,4.81144091796875,0.01116050872951746,0.3365151584148407,-0.10267231613397598
1780625766618471000,4.821470947265625,-0.02166588045656681,0.28995460271835327,-0.1555541753768921
1780625766628499700,4.831499755859375,-0.038719963282346725,0.25486159324645996,-0.17514784634113312
1780625766638529800,4.84152978515625,-0.05157744139432907,0.2158830314874649,-0.16735383868217468
1780625766648559900,4.851559814453125,-0.05991845950484276,0.14729411900043488,-0.13322143256664276
1780625766658589000,4.8615888671875,-0.07401510328054428,0.07534348964691162,-0.05956399440765381
1780625766668619000,4.871618896484375,-0.10613309592008591,0.04068244993686676,0.04388436675071716
1780625766678647800,4.881647705078125,-0.1467718631029129,0.04922320693731308,0.11089669167995453
1780625766688678000,4.891677978515625,-0.169683575630188,0.022406505420804024,0.08895038068294525
1780625766698707700,4.901707763671875,-0.16783054172992706,-0.014043913222849369,0.002793123247101903
1780625766708737000,4.911737060546875,-0.15503405034542084,-0.022671490907669067,-0.10240333527326584
1780625766718766800,4.921766845703125,-0.14761582016944885,-0.026641197502613068,-0.18179988861083984
1780625766728797000,4.931796875,-0.1329178363084793,-0.024524783715605736,-0.1919316202402115
1780625766738825700,4.94182568359375,-0.11472737789154053,-0.015905994921922684,-0.15559491515159607
1780625766748855800,4.951855712890625,-0.09237547218799591,-0.002686064224690199,-0.08458758890628815
1780625766758886000,4.961885986328125,-0.07721515744924545,0.03310548886656761,-0.0054703992791473866
1780625766768915000,4.9719150390625,-0.07419673353433609,0.058692872524261475,0.06596197187900543
1780625766778944800,4.98194482421875,-0.08768084645271301,0.06361252814531326,0.10978801548480988
1780625766788974800,4.991974853515625,-0.11131960153579712,0.038182538002729416,0.11755166202783585
1780625766799004000,5.00200390625,-0.13713441789150238,0.014515825547277927,0.08810269087553024
1780625766809034000,5.012033935546875,-0.16293805837631226,0.030472422018647194,0.030979754403233528
1780625766819063000,5.02206298828125,-0.18970762193202972,0.045818354934453964,-0.008618787862360477
1780625766829092900,5.0320927734375,-0.20475687086582184,0.04388250410556793,-0.0029116340447217226
1780625766839122700,5.042122802734375,-0.19903907179832458,0.04204652085900307,0.03244848549365997
1780625766849151700,5.05215185546875,-0.19382406771183014,0.052799031138420105,0.07436184585094452
1780625766859181800,5.062181884765625,-0.1966523379087448,0.06594812124967575,0.10865271091461182
1780625766869212000,5.0722119140625,-0.2121458202600479,0.07789133489131927,0.12800323963165283
1780625766879240700,5.08224072265625,-0.23552250862121582,0.09392569959163666,0.10417433828115463
1780625766889270800,5.092270751953125,-0.26770415902137756,0.10478633642196655,0.019283682107925415
1780625766899300900,5.10230078125,-0.2935866117477417,0.09646368771791458,-0.09310118108987808
1780625766909330000,5.112329833984375,-0.3092145621776581,0.09045639634132385,-0.16368746757507324
1780625766919360000,5.122360107421875,-0.31025612354278564,0.0875900387763977,-0.17058052122592926
1780625766929390000,5.13239013671875,-0.30551543831825256,0.06850235909223557,-0.12394324690103531
1780625766939419000,5.1424189453125,-0.2983289062976837,0.07454480975866318,-0.043416183441877365
1780625766949448700,5.15244873046875,-0.30499958992004395,0.09588737785816193,0.028989307582378387
1780625766959478000,5.16247802734375,-0.32692858576774597,0.12556219100952148,0.07433361560106277
1780625766969507800,5.1725078125,-0.3489215075969696,0.1516939252614975,0.10592563450336456
1780625766979538000,5.182537841796875,-0.34476909041404724,0.16280515491962433,0.11054489016532898
1780625766989566700,5.192566650390625,-0.32067015767097473,0.17229267954826355,0.09217466413974762
1780625766999596800,5.2025966796875,-0.2802859842777252,0.15564711391925812,0.06952608376741409
1780625767009627000,5.212626953125,-0.23950180411338806,0.17902034521102905,0.05168503150343895
1780625767019656000,5.222656005859375,-0.2047768533229828,0.25662779808044434,0.050342001020908356
1780625767029685800,5.232685791015625,-0.18077430129051208,0.3228776454925537,0.0627555251121521
1780625767039715800,5.2427158203125,-0.18073062598705292,0.4200705289840698,0.03828267380595207
1780625767049745000,5.252744873046875,-0.20906905829906464,0.5221795439720154,0.011030014604330063
1780625767059775000,5.26277490234375,-0.24958932399749756,0.5458566546440125,0.043780770152807236
1780625767069804800,5.2728046875,-0.28157496452331543,0.4603273868560791,0.12179221212863922
1780625767079833900,5.282833740234375,-0.2992636561393738,0.37820643186569214,0.2033909410238266
1780625767089863700,5.29286376953125,-0.3065072000026703,0.3910455107688904,0.23324842751026154
1780625767099892700,5.302892822265625,-0.29822903871536255,0.43162569403648376,0.2090885043144226
1780625767109922800,5.3129228515625,-0.27422142028808594,0.3987159729003906,0.14610926806926727
1780625767119953000,5.322952880859375,-0.2478521466255188,0.3846698999404907,0.05518548935651779
1780625767129981700,5.332981689453125,-0.2669350206851959,0.4279923439025879,-0.04338662326335907
1780625767140011800,5.34301171875,-0.2515257000923157,0.510543704032898,-0.1496368944644928
1780625767150041900,5.353041748046875,-0.1365077793598175,0.5095993280410767,-0.2231113761663437
1780625767160071000,5.36307080078125,-0.12621839344501495,0.5139988660812378,-0.30044904351234436
1780625767170101000,5.37310107421875,-0.14390310645103455,0.5583325028419495,-0.39226844906806946
1780625767180131000,5.383131103515625,-0.14507517218589783,0.5760089755058289,-0.44855913519859314
1780625767190160000,5.393159912109375,-0.14346101880073547,0.5427061319351196,-0.45422130823135376
1780625767200190000,5.40318994140625,-0.13307256996631622,0.4343136250972748,-0.39087188243865967
1780625767210219800,5.4132197265625,-0.1333753615617752,0.3178751766681671,-0.27890247106552124
1780625767220248800,5.423248779296875,-0.1341969519853592,0.2970212996006012,-0.15743117034435272
1780625767230278700,5.433278564453125,-0.1591411828994751,0.31158319115638733,-0.08690054714679718
1780625767240307700,5.4433076171875,-0.1681051254272461,0.21943408250808716,-0.06067719683051109
1780625767251593000,5.454593017578125,-0.16191540658473969,0.1359972506761551,-0.06064177677035332
1780625767261622000,5.4646220703125,-0.14707839488983154,0.09523171186447144,-0.07730064541101456
1780625767271651800,5.47465185546875,-0.10880318284034729,0.09320904314517975,-0.10356953740119934
1780625767281681700,5.484681640625,-0.059703279286623,0.11778788268566132,-0.12434272468090057
1780625767291711000,5.4947109375,0.008413990959525108,0.09208598732948303,-0.1501932293176651
1780625767301740800,5.50474072265625,0.06500642746686935,0.05992378666996956,-0.17870956659317017
1780625767311771000,5.51477099609375,0.08739615976810455,-0.018132664263248444,-0.16426457464694977
1780625767321799700,5.524799560546875,0.04500768706202507,-0.09850367158651352,-0.10493840277194977
1780625767331829800,5.534829833984375,-0.03706933930516243,-0.08512235432863235,-0.023314910009503365
1780625767341859800,5.54485986328125,-0.09463649243116379,-0.05493275821208954,0.008161257021129131
1780625767351889000,5.554888916015625,-0.1238793358206749,-0.05640628561377525,0.0025768745690584183
1780625767361919000,5.5649189453125,-0.14663870632648468,-0.09321649372577667,0.018318288028240204
1780625767371947000,5.574947021484375,-0.16227519512176514,-0.13529443740844727,0.04222282022237778
1780625767381977000,5.58497705078125,-0.16098728775978088,-0.15432165563106537,0.09005185961723328
1780625767392007200,5.595007080078125,-0.18315944075584412,-0.10647717118263245,0.11138005554676056
1780625767402036200,5.6050361328125,-0.25366610288619995,-0.04361938312649727,0.08078192919492722
1780625767412065000,5.61506494140625,-0.32443881034851074,-0.011378888040781021,0.058576494455337524
1780625767422095000,5.62509521484375,-0.46355539560317993,-0.2017461657524109,0.03983663022518158
1780625767432125200,5.635125244140625,-0.826755166053772,-0.29359593987464905,-0.044144824147224426
1780625767442154200,5.645154296875,-1.9891941547393799,-1.1530842781066895,-0.8114427924156189
1780625767452184300,5.655184326171875,-3.202385663986206,-4.447002410888672,-1.3279690742492676
1780625767462214000,5.6652138671875,-3.8435099124908447,-4.093976020812988,-1.681072473526001
1780625767472243000,5.675242919921875,-4.244218826293945,-2.3928282260894775,-2.1879823207855225
1780625767482273000,5.68527294921875,-3.373072624206543,2.2164626121520996,-1.3532909154891968
1780625767492303000,5.69530322265625,-1.3704373836517334,3.4579217433929443,-0.689857006072998
1780625767502332200,5.705332275390625,0.77019202709198,1.5519925355911255,0.4553334414958954
1780625767512362000,5.715362060546875,1.0007184743881226,0.8133330941200256,0.7046356797218323
1780625767522392000,5.72539208984375,0.7588019371032715,0.6397773027420044,0.7284760475158691
1780625767532421000,5.735421142578125,0.48771214485168457,0.6669852137565613,0.7872381210327148
1780625767542451200,5.745451171875,0.3695064187049866,0.9751904606819153,0.8601014018058777
1780625767552480000,5.75547998046875,0.24278122186660767,1.449876070022583,0.9253365993499756
1780625767562510000,5.765510009765625,0.24630936980247498,1.7187442779541016,1.037461519241333
1780625767572540200,5.7755400390625,0.3224502205848694,1.758787751197815,0.999489963054657
1780625767582569200,5.7855693359375,0.42212140560150146,1.4337058067321777,0.8190027475357056
1780625767592599000,5.79559912109375,0.44075822830200195,1.0306257009506226,0.5819931030273438
1780625767602629000,5.805629150390625,0.2227662354707718,0.5667387843132019,0.30074891448020935
1780625767612658000,5.815657958984375,0.03165113553404808,0.4068780243396759,0.20710338652133942
1780625767622688000,5.82568798828125,-0.15331631898880005,0.35059022903442383,0.20076718926429749
1780625767632718000,5.835718017578125,-0.28426235914230347,0.41616472601890564,0.21225208044052124
1780625767642747100,5.8457470703125,-0.35905882716178894,0.5713478922843933,0.2293540984392166
1780625767652777200,5.855777099609375,-0.3641260266304016,0.6971039772033691,0.22425946593284607
1780625767662807000,5.86580712890625,-0.31370866298675537,0.6886841058731079,0.2253793329000473
1780625767672836000,5.875836181640625,-0.1975724697113037,0.5896896123886108,0.25706082582473755
1780625767682866200,5.8858662109375,-0.09388548135757446,0.4295681416988373,0.309553325176239
1780625767692896000,5.89589599609375,-0.049071405082941055,0.2267809510231018,0.3187582790851593
1780625767702925300,5.90592529296875,-0.09301596134901047,0.1393006294965744,0.34353551268577576
1780625767712955000,5.915954833984375,-0.218157097697258,0.17763817310333252,0.33969151973724365
1780625767722984200,5.925984130859375,-0.3474234640598297,0.1929662525653839,0.2753759026527405
1780625767733014000,5.936013916015625,-0.424917995929718,0.07314424961805344,0.2029842734336853
1780625767743044000,5.946044189453125,-0.4839634895324707,-0.009943710640072823,0.16132497787475586
1780625767753073200,5.9560732421875,-0.4376729428768158,-0.18081159889698029,0.10168774425983429
1780625767763103000,5.96610302734375,-0.3500688076019287,-0.3998059928417206,0.09122684597969055
1780625767773133000,5.976133056640625,-0.27241048216819763,-0.35410428047180176,0.16253937780857086
1780625767783162000,5.986162109375,-0.3528781533241272,-0.18868522346019745,0.180048868060112
1780625767793192200,5.996192138671875,-0.39787787199020386,-0.06937135010957718,0.18725058436393738
1780625767803222300,6.00622216796875,-0.2947637140750885,-0.1337258368730545,0.20579977333545685
1780625767813251000,6.0162509765625,-0.17913034558296204,-0.21418020129203796,0.28725069761276245
1780625767823281200,6.02628125,-0.13917572796344757,-0.2915964424610138,0.364059716463089
1780625767833311000,6.03631103515625,-0.1725560575723648,-0.19975678622722626,0.42168599367141724
1780625767843340000,6.046340087890625,-0.2326524257659912,-0.22119896113872528,0.4190326929092407
1780625767853370000,6.0563701171875,-0.21445584297180176,-0.25466370582580566,0.41198381781578064
1780625767863400000,6.06639990234375,-0.22422350943088531,-0.2961547076702118,0.3302189111709595
1780625767873429000,6.076428955078125,-0.16099394857883453,-0.358527272939682,0.2565380334854126
1780625767883459000,6.086458984375,-0.1525442749261856,-0.557249128818512,0.31587833166122437
1780625767893488000,6.096488037109375,-0.1550399214029312,-0.7185706496238708,0.3724028766155243
1780625767903518200,6.106518310546875,-0.13451732695102692,-0.6996768712997437,0.32095858454704285
1780625767913548000,6.116548095703125,-0.12859046459197998,-0.6381461024284363,0.19736020267009735
1780625767923577000,6.1265771484375,-0.187576025724411,-0.42865628004074097,0.012970926240086555
1780625767933607200,6.136607177734375,-0.26571476459503174,-0.10775735229253769,-0.13952727615833282
1780625767943637200,6.14663720703125,-0.3048371374607086,0.07894488424062729,-0.24224725365638733
1780625767953666300,6.156666259765625,-0.38211700320243835,0.15022093057632446,-0.3316804766654968
1780625767963696000,6.166696044921875,-0.4417276084423065,0.04680212587118149,-0.4427174925804138
1780625767973726000,6.176725830078125,-0.39546290040016174,-0.16758394241333008,-0.5992282629013062
1780625767983755000,6.186755126953125,-0.30876263976097107,-0.6722167134284973,-0.7038547992706299
1780625767993785000,6.19678515625,-0.2981635332107544,-1.3779206275939941,-0.5463200807571411
1780625768003815200,6.206815185546875,-0.11544430255889893,-1.6541354656219482,-0.2693910002708435
1780625768013844000,6.216843994140625,0.6271888017654419,-1.4731528759002686,-0.13551335036754608
1780625768023874000,6.2268740234375,1.8213279247283936,-1.3726168870925903,0.045163482427597046
1780625768033904000,6.236904052734375,2.7183175086975098,-1.4484552145004272,0.53049635887146
1780625768043933200,6.24693310546875,2.768937826156616,-1.3354213237762451,1.078243613243103
1780625768053963300,6.25696337890625,2.61979079246521,-0.8784942626953125,1.2587662935256958
1780625768063993000,6.2669931640625,2.5037379264831543,-0.32553789019584656,1.1039273738861084
1780625768074022100,6.277022216796875,2.41367244720459,0.03044179454445839,0.9038617014884949
1780625768084052000,6.287052001953125,2.3281073570251465,0.16618897020816803,0.8067537546157837
1780625768094081300,6.297081298828125,2.1258280277252197,0.21809904277324677,0.7441604137420654
1780625768104111000,6.307111083984375,1.7760354280471802,0.3894886374473572,0.6082268357276917
1780625768114141000,6.317140869140625,1.4069325923919678,0.6016623973846436,0.39199894666671753
1780625768124170000,6.327169921875,1.0281956195831299,0.6849381327629089,0.15938512980937958
1780625768134200000,6.337199951171875,0.6938772797584534,0.5697393417358398,-0.10305953770875931
1780625768144230100,6.347230224609375,0.39750662446022034,0.3257882297039032,-0.3752647042274475
1780625768154259200,6.35725927734375,0.13922500610351562,0.09008088707923889,-0.6453113555908203
1780625768164289000,6.3672890625,-0.05949262157082558,-0.02809049002826214,-0.9198350310325623
1780625768174319000,6.377319091796875,-0.2154177725315094,-0.02058916538953781,-1.1387181282043457
1780625768184348200,6.38734814453125,-0.33274680376052856,0.03682965412735939,-1.268688440322876
1780625768194378200,6.397378173828125,-0.41333910822868347,0.07720556855201721,-1.3157498836517334
1780625768204408000,6.407407958984375,-0.45807117223739624,0.07932491600513458,-1.336828351020813
1780625768214437000,6.41743701171875,-0.4713805615901947,0.04091067984700203,-1.3415192365646362
1780625768224467000,6.427467041015625,-0.4760618805885315,0.03038080967962742,-1.2962939739227295
1780625768234497000,6.4374970703125,-0.48632943630218506,0.023321034386754036,-1.2069315910339355
1780625768244526000,6.447526123046875,-0.493130087852478,-0.048286572098731995,-1.1078723669052124
1780625768254556200,6.45755615234375,-0.4510023295879364,-0.17056214809417725,-1.0395513772964478
1780625768264586200,6.467586181640625,-0.3804780840873718,-0.2931003272533417,-0.9892189502716064
1780625768274615000,6.477614990234375,-0.26289287209510803,-0.3800053894519806,-0.8953707218170166
1780625768284645000,6.48764501953125,-0.09670337289571762,-0.3547082841396332,-0.7706498503684998
1780625768294674200,6.497674072265625,0.03902889043092728,-0.23602238297462463,-0.6555951833724976
1780625768304704300,6.507704345703125,0.08874557912349701,-0.16894347965717316,-0.5953781604766846
1780625768314734000,6.517734130859375,0.08433592319488525,-0.18112212419509888,-0.604302167892456
1780625768324763100,6.52776318359375,0.05549654737114906,-0.20316830277442932,-0.66886967420578
1780625768334793200,6.537793212890625,0.024814801290631294,-0.26472726464271545,-0.7150039076805115
1780625768344823000,6.547822998046875,0.0030218889005482197,-0.3312101662158966,-0.7079172134399414
1780625768354852000,6.55785205078125,-0.007414240390062332,-0.34602025151252747,-0.6244683861732483
1780625768364883000,6.567883056640625,0.00944996066391468,-0.3761938810348511,-0.47604456543922424
1780625768374913000,6.5779130859375,0.050038933753967285,-0.3580188751220703,-0.3393477201461792
1780625768384942000,6.587942138671875,0.0980655774474144,-0.2926430404186249,-0.24453571438789368
1780625768394972200,6.59797216796875,0.14195872843265533,-0.21711979806423187,-0.18325451016426086
1780625768405002000,6.608001953125,0.15198872983455658,-0.11514096707105637,-0.13996988534927368
1780625768415031000,6.618031005859375,0.1274527609348297,-0.03773565962910652,-0.10309655964374542
1780625768425060900,6.628060791015625,0.10815789550542831,-0.013857225887477398,-0.1326989233493805
1780625768435091000,6.638091064453125,0.0759272575378418,-0.017615212127566338,-0.22430740296840668
1780625768445119700,6.64811962890625,0.020268253982067108,-0.054128747433423996,-0.3006727397441864
1780625768455149800,6.65814990234375,-0.04082093387842178,-0.11457584798336029,-0.34051018953323364
1780625768465180000,6.668179931640625,-0.043115511536598206,-0.150332510471344,-0.3933883011341095
1780625768475209000,6.678208984375,0.04300845414400101,-0.15068191289901733,-0.5164723992347717
1780625768485239000,6.688239013671875,0.16454926133155823,-0.17283596098423004,-0.606179416179657
1780625768495269000,6.69826904296875,0.28284209966659546,-0.1855299174785614,-0.6101717352867126
1780625768505298000,6.7082978515625,0.4061190187931061,-0.15967275202274323,-0.6450663208961487
1780625768515328000,6.718327880859375,0.530576765537262,-0.09493184089660645,-0.7268975377082825
1780625768525358000,6.728358154296875,0.6398891806602478,-0.005380384158343077,-0.7084884643554688
1780625768535387100,6.73838720703125,0.7173208594322205,0.12976065278053284,-0.48896729946136475
1780625768545417000,6.7484169921875,0.7345687747001648,0.31518271565437317,-0.21206805109977722
1780625768555446800,6.75844677734375,0.6337780356407166,0.41135159134864807,-0.12286626547574997
1780625768565475800,6.768475830078125,0.3674997091293335,0.3884228467941284,-0.29690465331077576
1780625768575506000,6.778505859375,0.05714664235711098,0.2516753673553467,-0.6247419118881226
1780625768585535000,6.788534912109375,-0.15966609120368958,0.054559916257858276,-0.8604074120521545
1780625768595565000,6.79856494140625,-0.22676309943199158,-0.05243018642067909,-0.9460472464561462
1780625768605595000,6.808594970703125,-0.17799796164035797,-0.09880061447620392,-0.9173575043678284
1780625768615624000,6.8186240234375,-0.05444486439228058,-0.12959155440330505,-0.8175073862075806
1780625768625654000,6.828654052734375,0.1008073017001152,-0.16709284484386444,-0.685385525226593
1780625768635684000,6.83868408203125,0.2135186791419983,-0.23225906491279602,-0.5675433278083801
1780625768645713000,6.848712890625,0.26339036226272583,-0.2521542012691498,-0.4923098385334015
1780625768655743000,6.858742919921875,0.27413061261177063,-0.2467583864927292,-0.4670521318912506
1780625768665772800,6.868772705078125,0.25933462381362915,-0.213577002286911,-0.4806355834007263
1780625768675802000,6.878802001953125,0.23155227303504944,-0.17790235579013824,-0.48760536313056946
1780625768685832000,6.88883203125,0.1962595283985138,-0.1291944682598114,-0.4910890460014343
1780625768695862000,6.898862060546875,0.1637878715991974,-0.12332699447870255,-0.4834713339805603
1780625768705890800,6.908890869140625,0.13189704716205597,-0.08804996311664581,-0.4442075490951538
1780625768715921000,6.9189208984375,0.0854152962565422,-0.06565837562084198,-0.3990302085876465
1780625768725951000,6.928950927734375,0.05504700541496277,-0.1041940450668335,-0.39766666293144226
1780625768735980000,6.93897998046875,0.034748658537864685,-0.16537190973758698,-0.4288267195224762
1780625768746010000,6.949010009765625,0.019876502454280853,-0.21972116827964783,-0.47713539004325867
1780625768756040000,6.9590400390625,0.02424195595085621,-0.25355130434036255,-0.5463624000549316
1780625768766069000,6.969069091796875,0.03021569363772869,-0.3022187054157257,-0.6055876612663269
1780625768776099000,6.97909912109375,0.03843793645501137,-0.3311382532119751,-0.6391432285308838
1780625768786129000,6.98912890625,0.058692608028650284,-0.29846206307411194,-0.6151143312454224
1780625768796158000,6.999157958984375,0.10221505165100098,-0.24951209127902985,-0.5117591619491577
1780625768806187800,7.009187744140625,0.15764369070529938,-0.21142596006393433,-0.3829668164253235
1780625768816217900,7.0192177734375,0.17844244837760925,-0.18235409259796143,-0.30385681986808777
1780625768826247000,7.029246826171875,0.1384926289319992,-0.11840254068374634,-0.27220648527145386
1780625768836277000,7.039277099609375,0.055992428213357925,-0.004002198576927185,-0.2748057246208191
1780625768846307000,7.04930712890625,-0.042080607265233994,0.1338760405778885,-0.2838101387023926
1780625768856336000,7.0593359375,-0.10992703586816788,0.2326391041278839,-0.2904115915298462
1780625768866366000,7.069365966796875,-0.13830514252185822,0.2773200273513794,-0.32836323976516724
1780625768876396000,7.07939599609375,-0.1336057335138321,0.2570054233074188,-0.4262661039829254
1780625768886425000,7.089425048828125,-0.10554719716310501,0.19489119946956635,-0.5748185515403748
1780625768896455200,7.099455078125,-0.0475989431142807,0.10203182697296143,-0.7195587158203125
1780625768906485000,7.109485107421875,0.037336986511945724,-0.018565429374575615,-0.8144593834877014
1780625768916513800,7.119513671875,0.09667141735553741,-0.12747566401958466,-0.8290990591049194
1780625768926544000,7.1295439453125,0.10403957962989807,-0.16404272615909576,-0.7585955858230591
1780625768936574000,7.139573974609375,0.04855608567595482,-0.15461620688438416,-0.6292234659194946
1780625768946603000,7.14960302734375,-0.05215508118271828,-0.12573502957820892,-0.4656217694282532
1780625768956632800,7.1596328125,-0.1414247751235962,-0.09236028790473938,-0.3250278830528259
1780625768966663000,7.169662841796875,-0.18585188686847687,-0.07661568373441696,-0.2327837198972702
1780625768976692000,7.17969189453125,-0.2046910971403122,-0.08097714185714722,-0.19311513006687164
1780625768986722000,7.18972216796875,-0.17697371542453766,-0.06091075390577316,-0.2199621945619583
1780625768996752100,7.199752197265625,-0.13315832614898682,-0.07454933226108551,-0.2469746321439743
1780625769006781000,7.209781005859375,-0.1015378087759018,-0.10524306446313858,-0.22652608156204224
1780625769016811000,7.21981103515625,-0.09739872813224792,-0.12253816425800323,-0.18596374988555908
1780625769026840800,7.2298408203125,-0.10818932205438614,-0.13406459987163544,-0.1501500904560089
1780625769036870000,7.239869873046875,-0.11265810579061508,-0.1784275323152542,-0.1556290090084076
1780625769046900000,7.24989990234375,-0.12150885164737701,-0.22774741053581238,-0.19782546162605286
1780625769056930000,7.259929931640625,-0.13869982957839966,-0.22792690992355347,-0.20031818747520447
1780625769066958800,7.269958740234375,-0.16953390836715698,-0.20639978349208832,-0.1595878005027771
1780625769076989000,7.279989013671875,-0.1895957589149475,-0.1619201898574829,-0.1274612843990326
1780625769087019000,7.29001904296875,-0.18774087727069855,-0.12063080817461014,-0.1102743074297905
1780625769097048000,7.300048095703125,-0.20444901287555695,-0.07208111882209778,-0.09005346149206161
1780625769107078100,7.310078125,-0.23854519426822662,-0.02527765929698944,-0.11544856429100037
1780625769117108000,7.32010791015625,-0.24747024476528168,-0.05213004723191261,-0.213392436504364
1780625769127137000,7.330136962890625,-0.21012075245380402,-0.15576855838298798,-0.36499127745628357
1780625769137167000,7.3401669921875,-0.1424461007118225,-0.212384432554245,-0.5614100694656372
1780625769147197000,7.350197021484375,-0.0634082704782486,-0.1007029116153717,-0.7240914106369019
1780625769157226000,7.36022607421875,0.014878282323479652,0.0968967154622078,-0.7704578042030334
1780625769167255800,7.370255859375,0.08106023073196411,0.32153037190437317,-0.786546528339386
1780625769177286000,7.380285888671875,0.11292175948619843,0.5240904092788696,-0.9403475522994995
1780625769187315000,7.39031494140625,0.12723810970783234,0.6427581906318665,-1.1657463312149048
1780625769197345000,7.400344970703125,0.1414141207933426,0.7320675849914551,-1.3742262125015259
1780625769207375000,7.410375,0.14273370802402496,0.7526865601539612,-1.5415455102920532
1780625769217404000,7.42040380859375,0.09628978371620178,0.7120869159698486,-1.6418827772140503
1780625769227434000,7.43043408203125,0.024358602240681648,0.6937859654426575,-1.6565093994140625
1780625769237464000,7.440464111328125,-0.02576395310461521,0.7150278687477112,-1.624415636062622
1780625769247493000,7.4504931640625,-0.0368802547454834,0.7352758646011353,-1.566731572151184
1780625769257523000,7.46052294921875,-0.03160133585333824,0.8046147227287292,-1.4461861848831177
1780625769267552800,7.470552734375,-0.035047199577093124,0.9159127473831177,-1.2974896430969238
1780625769277581800,7.480581787109375,-0.039689622819423676,0.9775745272636414,-1.2213664054870605
1780625769287612000,7.49061181640625,-0.04111894220113754,1.0003434419631958,-1.183803915977478
1780625769297642000,7.50064208984375,-0.026280872523784637,0.9774972796440125,-1.1696542501449585
1780625769307671000,7.510671142578125,0.027903269976377487,0.9309095740318298,-1.242255687713623
1780625769317700900,7.520700927734375,0.11644298583269119,0.8869791030883789,-1.4128271341323853
1780625769327731000,7.53073095703125,0.19967955350875854,0.9184262752532959,-1.6119568347930908
1780625769337760000,7.540760009765625,0.22893677651882172,1.043120265007019,-1.7123992443084717
1780625769347790000,7.5507900390625,0.2393297702074051,1.137423038482666,-1.6721309423446655
1780625769357820200,7.560820068359375,0.20236162841320038,1.3171565532684326,-1.5965451002120972
1780625769367849500,7.570849365234375,0.2176939696073532,1.384157419204712,-1.4890495538711548
1780625769377879300,7.58087939453125,0.2435506135225296,1.3765836954116821,-1.4372878074645996
1780625769387909000,7.5909091796875,0.23192298412322998,1.4152251482009888,-1.4596399068832397
1780625769397938200,7.600938232421875,0.19583182036876678,1.4571256637573242,-1.4860957860946655
1780625769407968300,7.61096826171875,0.1720053106546402,1.494105577468872,-1.513094186782837
1780625769417998300,7.620998291015625,0.1968001425266266,1.5631091594696045,-1.5588243007659912
1780625769428027100,7.631027099609375,0.2866394817829132,1.5322304964065552,-1.6558963060379028
1780625769438057200,7.64105712890625,0.4585571885108948,1.4006946086883545,-1.7911816835403442
1780625769448087300,7.65108740234375,0.6153944730758667,1.2819408178329468,-1.9650429487228394
1780625769458116400,7.661116455078125,0.7114331126213074,1.274312973022461,-2.093346118927002
1780625769468146400,7.671146484375,0.7839491367340088,1.2876039743423462,-2.0988028049468994
1780625769478176300,7.68117626953125,0.9244633913040161,1.3861875534057617,-2.082355499267578
1780625769488205300,7.691205322265625,1.0966215133666992,1.4293012619018555,-2.011146068572998
1780625769498235100,7.701235107421875,1.1213452816009521,1.391237735748291,-1.901761770248413
1780625769508265200,7.71126513671875,1.0711742639541626,1.2310227155685425,-1.7349860668182373
1780625769518294300,7.721294189453125,1.0267069339752197,1.0164209604263306,-1.552391529083252
1780625769528324400,7.731324462890625,0.9362196326255798,0.8528466820716858,-1.3583985567092896
1780625769538354200,7.741354248046875,0.8178583383560181,0.6615228056907654,-1.2057573795318604
1780625769548383200,7.75138330078125,0.7697049379348755,0.42831674218177795,-1.1028804779052734
1780625769558413300,7.761413330078125,0.5839044451713562,0.22241336107254028,-1.0092387199401855
1780625769568443400,7.771443359375,0.35353249311447144,0.06947281956672668,-0.9097232818603516
1780625769578472400,7.781472412109375,0.07832063734531403,-0.07063768059015274,-0.7197733521461487
1780625769588502300,7.791502197265625,-0.24261343479156494,-0.2046080082654953,-0.5527135133743286
1780625769598532000,7.801531982421875,-0.5472785234451294,-0.3819305896759033,-0.37984880805015564
1780625769608561200,7.81156103515625,-0.7822098135948181,-0.46165257692337036,-0.2399500161409378
1780625769618591200,7.82159130859375,-0.9079720377922058,-0.48298850655555725,-0.11057630926370621
1780625769628621300,7.831621337890625,-0.9612194895744324,-0.5789475440979004,0.017799237743020058
1780625769638650000,7.841650146484375,-1.015920877456665,-0.6129110455513,0.13720525801181793
1780625769648680200,7.85168017578125,-1.0828598737716675,-0.6785547733306885,0.23926931619644165
1780625769658710300,7.861710205078125,-1.1583105325698853,-0.7525515556335449,0.3327776789665222
1780625769668739300,7.8717392578125,-1.2868332862854004,-0.796120822429657,0.4299588203430176
1780625769678769400,7.881769287109375,-1.3817150592803955,-0.8096760511398315,0.5235532522201538
1780625769688799500,7.891799560546875,-1.325649380683899,-0.5807664394378662,0.3681356906890869
1780625769698828300,7.901828369140625,-0.9399579167366028,-0.01949806697666645,-0.13372184336185455
1780625769708858400,7.9118583984375,0.15205956995487213,0.8678573369979858,-1.0729135274887085
1780625769718888200,7.92188818359375,0.8306047916412354,0.4492214620113373,-1.1346344947814941
1780625769728917200,7.931917236328125,0.5464625358581543,0.5116392970085144,-0.7142821550369263
1780625769738947000,7.941947021484375,-0.2671440839767456,0.9144924879074097,-0.6556012630462646
1780625769748977200,7.95197705078125,-0.9960533976554871,0.8683907985687256,-0.3433757424354553
1780625769759006200,7.962006103515625,-0.9341692328453064,0.294498473405838,-0.29275837540626526
1780625769769036300,7.972036376953125,-0.9431140422821045,-0.1623031497001648,-0.5493821501731873
1780625769779066400,7.98206640625,-1.1588537693023682,-0.10217031091451645,-0.5323512554168701
1780625769789095200,7.99209521484375,-1.1673407554626465,0.1563991904258728,-0.43723538517951965
1780625769799125200,8.002125244140625,-1.0242624282836914,0.29246968030929565,-0.4664779603481293
1780625769809155300,8.0121552734375,-1.037765383720398,0.1028084009885788,-0.5236421823501587
1780625769819184400,8.022184326171875,-1.249570369720459,0.036665868014097214,-0.5108193159103394
1780625769829214200,8.032214111328125,-1.1965441703796387,0.18925993144512177,-0.5479917526245117
1780625769839244300,8.042244384765626,-1.0755985975265503,0.201756551861763,-0.4234362244606018
1780625769849273000,8.052273193359374,-1.093562364578247,0.13655412197113037,-0.23222045600414276
1780625769859303200,8.06230322265625,-1.0644463300704956,-0.04280232638120651,-0.1087440550327301
1780625769869333200,8.072333251953125,-1.0478025674819946,-0.24109463393688202,-0.06090542674064636
1780625769879363300,8.08236328125,-1.0806002616882324,-0.39171984791755676,-0.07103316485881805
1780625769889392400,8.092392333984375,-1.0832679271697998,-0.47984036803245544,0.006724481470882893
1780625769899422200,8.102422119140625,-1.0034319162368774,-0.5656327605247498,0.07893556356430054
1780625769909452300,8.112452392578126,-0.9353958964347839,-0.5819446444511414,0.07380764186382294
1780625769919481300,8.1224814453125,-0.890554666519165,-0.5313664078712463,0.016284164041280746
1780625769929511400,8.132511474609375,-0.8702853322029114,-0.4974425435066223,-0.05916159227490425
1780625769939541200,8.142541259765625,-0.8683231472969055,-0.49784255027770996,-0.11356011778116226
1780625769949570300,8.1525703125,-0.8419663906097412,-0.5016846656799316,-0.17312704026699066
1780625769959600000,8.16260009765625,-0.8032788634300232,-0.47373533248901367,-0.20576301217079163
1780625769969630200,8.172630126953125,-0.7216692566871643,-0.41249167919158936,-0.20665623247623444
1780625769979659300,8.1826591796875,-0.646828830242157,-0.5004100799560547,-0.221613347530365
1780625769989689300,8.192689453125,-0.5459429621696472,-0.4949415624141693,-0.1984875202178955
1780625769999719400,8.202719482421875,-0.46866095066070557,-0.42721444368362427,-0.14903555810451508
1780625770009748200,8.212748291015625,-0.4027312099933624,-0.3605518043041229,-0.10122249275445938
1780625770019778300,8.2227783203125,-0.33305492997169495,-0.3254380226135254,-0.07398980855941772
1780625770029808400,8.232808349609375,-0.2644476294517517,-0.33477771282196045,-0.06538033485412598
1780625770039837400,8.24283740234375,-0.17961636185646057,-0.35094842314720154,-0.06311185657978058
1780625770049867300,8.2528671875,-0.11910481750965118,-0.3838917315006256,-0.061828214675188065
1780625770059897000,8.26289697265625,-0.05090286210179329,-0.38518282771110535,-0.06016746535897255
1780625770069926100,8.272926025390625,0.03068574145436287,-0.39781901240348816,-0.06423863768577576
1780625770079956200,8.282956298828125,0.14029665291309357,-0.3975803852081299,-0.10911183804273605
1780625770089986300,8.292986328125,0.21737812459468842,-0.4308091700077057,-0.13330452144145966
1780625770100015000,8.30301513671875,0.2268960028886795,-0.4550303518772125,-0.11733328551054001
1780625770110045200,8.313045166015625,0.19491036236286163,-0.4855664372444153,-0.08339369297027588
1780625770120075300,8.3230751953125,0.1779731959104538,-0.5045686364173889,-0.06522853672504425
1780625770130104300,8.333104248046874,0.1583784520626068,-0.5047406554222107,-0.055138617753982544
1780625770140134400,8.343134521484375,0.14338938891887665,-0.4719401001930237,-0.06830448657274246
1780625770150164500,8.35316455078125,0.14347007870674133,-0.4790206551551819,-0.0737522542476654
1780625770160193300,8.363193359375,0.15011173486709595,-0.5123213529586792,-0.07176446914672852
1780625770170223400,8.373223388671875,0.18326009809970856,-0.5324417948722839,-0.06749701499938965
1780625770180253200,8.383253173828125,0.19567042589187622,-0.5500567555427551,-0.04171735420823097
1780625770190282200,8.3932822265625,0.1981692761182785,-0.5262840390205383,-0.020657608285546303
1780625770200312300,8.403312255859374,0.23459626734256744,-0.45831298828125,-0.03305009379982948
1780625770210342100,8.413342041015625,0.26010748744010925,-0.38337188959121704,-0.0579352043569088
1780625770220371200,8.42337109375,0.28458431363105774,-0.3039276599884033,-0.10824977606534958
1780625770230401300,8.4334013671875,0.3327723741531372,-0.2537726163864136,-0.1426365077495575
1780625770240431400,8.443431396484375,0.3749682903289795,-0.1811346411705017,-0.19805049896240234
1780625770250460200,8.453460205078125,0.44369301199913025,-0.09321782737970352,-0.2609303891658783
1780625770260490200,8.463490234375,0.46935898065567017,-0.08681052923202515,-0.2643001079559326
1780625770270520300,8.473520263671874,0.4834825098514557,-0.05673571676015854,-0.2382114976644516
1780625770280549400,8.48354931640625,0.45460373163223267,-0.11855780333280563,-0.2077830284833908
1780625770290579200,8.4935791015625,0.3966946303844452,-0.23593316972255707,-0.20090647041797638
1780625770300609300,8.503609375,0.3139219880104065,-0.3057125210762024,-0.17691458761692047
1780625770310638000,8.51363818359375,0.23642319440841675,-0.36776310205459595,-0.17190039157867432
1780625770320668200,8.523668212890625,0.1799018532037735,-0.40208619832992554,-0.19003358483314514
1780625770330698200,8.5336982421875,0.30047646164894104,-0.26881176233291626,-0.09743601083755493
1780625770340728300,8.543728271484374,0.15217168629169464,-0.3629065752029419,-0.1743054836988449
1780625770350757400,8.55375732421875,0.15475788712501526,-0.37125957012176514,-0.16725583374500275
1780625770360787200,8.563787109375,0.19165146350860596,-0.3642067313194275,-0.159989133477211
1780625770370817000,8.573817138671876,0.20339307188987732,-0.34073173999786377,-0.17451508343219757
1780625770380845800,8.583845703125,0.2267569750547409,-0.3184314966201782,-0.22668348252773285
1780625770390876000,8.5938759765625,0.25019678473472595,-0.28474652767181396,-0.28370121121406555
1780625770400905700,8.60390576171875,0.23343512415885925,-0.3194594979286194,-0.3162407875061035
1780625770410935000,8.61393505859375,0.2149152308702469,-0.3447113037109375,-0.3358626961708069
1780625770420964900,8.62396484375,0.20270943641662598,-0.3537924289703369,-0.3354565501213074
1780625770430995000,8.633994873046875,0.14402587711811066,-0.3679977357387543,-0.30915144085884094
1780625770441023700,8.644023681640626,0.08059630542993546,-0.3580226004123688,-0.28036296367645264
1780625770451053800,8.6540537109375,0.03803233802318573,-0.36788612604141235,-0.19976504147052765
1780625770461084000,8.664083984375,0.02293168194591999,-0.34424152970314026,-0.09728580713272095
1780625770471113000,8.674113037109375,0.03723099082708359,-0.37100762128829956,-0.021579859778285027
1780625770481143000,8.68414306640625,0.05363020673394203,-0.3941771388053894,0.08462167531251907
1780625770491172900,8.6941728515625,0.08919725567102432,-0.3265645205974579,0.14347034692764282
1780625770501202000,8.704201904296875,0.13200810551643372,-0.2909250557422638,0.183786079287529
1780625770511232000,8.71423193359375,0.3807699680328369,-0.18924716114997864,0.2597050666809082
1780625770521261800,8.72426171875,0.11373642086982727,-0.22881081700325012,0.1469534933567047
1780625770531291000,8.734290771484375,0.04144730791449547,-0.36679717898368835,-0.0003981425834354013
1780625770541320700,8.74432080078125,0.015597068704664707,-0.45273393392562866,-0.145530566573143
1780625770551350800,8.754350830078126,-0.002975017298012972,-0.4751601219177246,-0.277121365070343
1780625770561379800,8.7643798828125,0.011591142043471336,-0.5127823352813721,-0.39657264947891235
1780625770571410000,8.774409912109375,-0.01377919502556324,-0.5250619053840637,-0.4682377874851227
1780625770581440000,8.78443994140625,-0.0338040366768837,-0.5862888097763062,-0.5216653347015381
1780625770591468800,8.79446875,-0.07041211426258087,-0.6377668976783752,-0.5282225608825684
1780625770601499000,8.804498779296875,-0.1278301328420639,-0.6748777627944946,-0.48473820090293884
1780625770611529000,8.814529052734375,-0.1868460476398468,-0.6291528940200806,-0.43406009674072266
1780625770621558000,8.82455810546875,-0.3690624535083771,-0.8631262183189392,-0.5037329196929932
1780625770631588000,8.834588134765625,-0.4694785475730896,-0.942631185054779,-0.5285583734512329
1780625770641617700,8.84461767578125,-0.5163320899009705,-0.9952813386917114,-0.5210341215133667
1780625770651647700,8.854647705078126,-0.5337890982627869,-0.9936618804931641,-0.5238528251647949
1780625770661676800,8.8646767578125,-0.5118574500083923,-1.002402901649475,-0.5223287343978882
1780625770671707000,8.874706787109375,-0.4567829966545105,-1.0181241035461426,-0.5339568853378296
1780625770681737000,8.884737060546875,-0.3853745758533478,-0.9594666361808777,-0.5470572113990784
1780625770691765800,8.894765869140626,-0.3603712320327759,-0.8337249159812927,-0.5437024235725403
1780625770701795800,8.9047958984375,-0.3497534692287445,-0.6834121346473694,-0.5032548904418945
1780625770711826000,8.914825927734375,-0.28973886370658875,-0.5803227424621582,-0.4101071059703827
1780625770721855000,8.92485498046875,-0.25176751613616943,-0.44457799196243286,-0.2990282475948334
1780625770731885000,8.934885009765624,-0.2006063312292099,-0.25686347484588623,-0.17098452150821686
1780625770741915000,8.944914794921875,-0.12406841665506363,-0.049858104437589645,-0.05583423748612404
1780625770751944000,8.95494384765625,-0.04157380759716034,0.15854516625404358,0.053531136363744736
1780625770761973800,8.964973876953126,0.013302755542099476,0.35445982217788696,0.15963652729988098
1780625770772003800,8.97500390625,0.09709778428077698,0.4867725670337677,0.21781009435653687
1780625770782033000,8.985032958984375,0.18179483711719513,0.5967254638671875,0.21790489554405212
1780625770792063000,8.99506298828125,0.24281691014766693,0.664607048034668,0.18846924602985382
1780625770802092800,9.0050927734375,0.28353822231292725,0.6865445375442505,0.10428272932767868
1780625770812121900,9.015121826171875,0.3055894672870636,0.7029317617416382,0.032401882112026215
1780625770822152000,9.02515185546875,0.31606900691986084,0.6781761050224304,-0.01462634652853012
1780625770832182000,9.03518212890625,0.3064161241054535,0.6269696354866028,-0.030611172318458557
1780625770842210800,9.0452109375,0.29495733976364136,0.6215695142745972,-0.02696210891008377
1780625770852241000,9.055240966796875,0.2908920347690582,0.6477353572845459,-0.00941906776279211
1780625770862270700,9.065270751953125,0.31828850507736206,0.6621217727661133,0.03220720589160919
1780625770872300000,9.075300048828124,0.36205753684043884,0.7059012055397034,0.08733250945806503
1780625770882329900,9.085329833984375,0.4364428222179413,0.7433833479881287,0.13862872123718262
1780625770892360000,9.09535986328125,0.5103783011436462,0.8292308449745178,0.19820763170719147
1780625770902390000,9.10539013671875,0.6017516255378723,0.9227975606918335,0.267598956823349
1780625770912418800,9.115418701171874,0.6904979944229126,1.0122627019882202,0.32325688004493713
1780625770922449000,9.125448974609375,0.7994077205657959,1.0961861610412598,0.361746221780777
1780625770932479000,9.13547900390625,0.8592004776000977,1.2003085613250732,0.38538578152656555
1780625770942508000,9.145508056640624,0.9057839512825012,1.2697696685791016,0.39594998955726624
1780625770952537900,9.155537841796875,0.9600487947463989,1.2906895875930786,0.35136255621910095
1780625770962567700,9.165567626953125,1.0043995380401611,1.277674913406372,0.3237016499042511
1780625770972597000,9.175596923828126,1.0458416938781738,1.2577204704284668,0.3045005202293396
1780625770982626800,9.185626708984374,1.145277500152588,1.2675645351409912,0.24714107811450958
1780625770992657000,9.195656982421875,1.2135069370269775,1.2618131637573242,0.24496901035308838
1780625771002685700,9.205685791015625,1.2757433652877808,1.319215178489685,0.24963699281215668
1780625771012715800,9.2157158203125,1.3693550825119019,1.4020980596542358,0.24684733152389526
1780625771022745900,9.225745849609375,1.4436386823654175,1.4699077606201172,0.23942910134792328
1780625771032775000,9.23577490234375,1.5000102519989014,1.4792823791503906,0.2355041354894638
1780625771042805000,9.245804931640626,1.5622241497039795,1.4369173049926758,0.22179816663265228
1780625771052835000,9.2558349609375,1.5979808568954468,1.3403944969177246,0.228506937623024
1780625771062864000,9.26586376953125,1.5624563694000244,1.1334419250488281,0.3240795433521271
1780625771072894000,9.27589404296875,1.5780673027038574,1.108488917350769,0.30965158343315125
1780625771082923800,9.285923828125,1.6433559656143188,1.1533812284469604,0.25941798090934753
1780625771092953900,9.295953857421875,1.743600845336914,1.2689647674560547,0.19345255196094513
1780625771102983000,9.30598291015625,1.8000832796096802,1.316210389137268,0.16383633017539978
1780625771113012700,9.3160126953125,1.8156652450561523,1.3526192903518677,0.2068205624818802
1780625771123042800,9.326042724609374,1.843725562095642,1.3447933197021484,0.21067361533641815
1780625771133072000,9.33607177734375,1.849332571029663,1.181809663772583,0.21583935618400574
1780625771143102000,9.34610205078125,1.7768930196762085,1.064408540725708,0.20453396439552307
1780625771153132000,9.356132080078124,1.699681282043457,1.0408538579940796,0.14629197120666504
1780625771163160800,9.366160888671875,1.667453646659851,0.9497665762901306,0.13865481317043304
1780625771173191000,9.37619091796875,1.5887672901153564,0.8122697472572327,0.2110922634601593
1780625771183220700,9.386220703125,1.5218626260757446,0.7547739148139954,0.2890869379043579
1780625771193250000,9.39625,1.5488446950912476,0.7474382519721985,0.23894280195236206
1780625771203280000,9.40627978515625,1.583702802658081,0.7430365681648254,0.1894807070493698
1780625771213310000,9.41631005859375,1.5631107091903687,0.7782153487205505,0.12050271034240723
1780625771223338800,9.4263388671875,1.5043277740478516,0.8031837940216064,0.01936757192015648
1780625771233368800,9.436368896484375,1.3763946294784546,0.7018550634384155,-0.010207363404333591
1780625771243399000,9.44639892578125,1.1883916854858398,0.5601155161857605,-0.020929250866174698
1780625771253428000,9.456427978515626,1.035203218460083,0.46705347299575806,-0.02532719448208809
1780625771263457800,9.466457763671874,0.9489841461181641,0.3580920994281769,-0.04683301970362663
1780625771273488000,9.47648779296875,0.9312174320220947,0.2624497413635254,-0.10564973205327988
1780625771283518000,9.48651806640625,0.9450299143791199,0.21000009775161743,-0.18399539589881897
1780625771293547000,9.496547119140626,0.9705789089202881,0.1806320995092392,-0.27555567026138306
1780625771303576800,9.506576904296875,0.9615300297737122,0.09011418372392654,-0.27299612760543823
1780625771313607000,9.51660693359375,0.8066658973693848,0.10497861355543137,-0.25416702032089233
1780625771323635700,9.5266357421875,0.6654411554336548,0.1798858791589737,-0.4149806797504425
1780625771333665800,9.536665771484374,0.7159708738327026,0.32210347056388855,-0.5326801538467407
1780625771343696000,9.54669580078125,0.935687780380249,0.3874148428440094,-0.6246428489685059
1780625771353725000,9.556724853515625,1.1871607303619385,0.45703837275505066,-0.6517234444618225
1780625771363755000,9.566755126953124,1.3891109228134155,0.43528807163238525,-0.5748867392539978
1780625771373784300,9.576784423828125,1.4377021789550781,0.5118758082389832,-0.526454508304596
1780625771383813400,9.5868134765625,1.406090497970581,0.6147601008415222,-0.5914385318756104
1780625771393843500,9.596843505859376,1.3823935985565186,0.6372374296188354,-0.6971157193183899
1780625771403873500,9.60687353515625,1.2908709049224854,0.5038037896156311,-0.7245976328849792
1780625771413902300,9.61690234375,1.1558973789215088,0.27091431617736816,-0.6924881935119629
1780625771423932400,9.626932373046875,1.031191110610962,0.12548841536045074,-0.5391678810119629
1780625771433962200,9.636962158203126,0.9553371071815491,-0.023544473573565483,-0.4197503924369812
1780625771443992300,9.646992431640625,0.9424623250961304,-0.1428072154521942,-0.35965296626091003
1780625771454021400,9.657021484375,0.9717182517051697,-0.27352607250213623,-0.2659035921096802
1780625771464051200,9.66705126953125,0.9930075407028198,-0.3864494264125824,-0.18675071001052856
1780625771474081300,9.677081298828124,1.0087380409240723,-0.45417070388793945,-0.1323537826538086
1780625771484110300,9.6871103515625,1.0198378562927246,-0.5118904709815979,-0.06397871673107147
1780625771494140400,9.697140380859375,1.0128198862075806,-0.5231044888496399,0.0046602655202150345
1780625771504170500,9.70717041015625,0.9672225713729858,-0.4495796859264374,0.10461269319057465
1780625771514199300,9.71719921875,0.8717676401138306,-0.31108465790748596,0.20164470374584198
1780625771524229400,9.7272294921875,0.7617802023887634,-0.1462821066379547,0.2645972967147827
1780625771534259200,9.73725927734375,0.6812350153923035,0.029691848903894424,0.28661099076271057
1780625771544288500,9.74728857421875,0.634574294090271,0.09749513119459152,0.2785690426826477
1780625771554318300,9.757318359375,0.6020541787147522,0.04839016869664192,0.29865992069244385
1780625771564348400,9.767348388671875,0.5534139275550842,-0.05931925028562546,0.38365790247917175
1780625771574377200,9.777377197265626,0.4865150451660156,-0.1636057049036026,0.5065683722496033
1780625771584407300,9.7874072265625,0.40561699867248535,-0.24356631934642792,0.6313531994819641
1780625771594437400,9.797437255859375,0.3288865387439728,-0.29572007060050964,0.7158699631690979
1780625771604467500,9.807467529296876,0.25448209047317505,-0.3479483723640442,0.7583447098731995
1780625771614496300,9.817496337890624,0.14734284579753876,-0.4075946807861328,0.7604637742042542
1780625771624526300,9.8275263671875,0.025736521929502487,-0.494029700756073,0.7282312512397766
1780625771634556400,9.837556396484375,-0.09238212555646896,-0.5912119150161743,0.7095997929573059
1780625771644585500,9.84758544921875,-0.22228020429611206,-0.6491292715072632,0.6850540041923523
1780625771654615300,9.857615234375,-0.3456556797027588,-0.6984174251556396,0.6416441798210144
1780625771664645400,9.867645263671875,-0.45512357354164124,-0.7276510000228882,0.5730374455451965
1780625771674674200,9.877674072265625,-0.5349347591400146,-0.6984544992446899,0.5027424693107605
1780625771684704300,9.887704345703124,-0.585781991481781,-0.6523599624633789,0.4919676184654236
1780625771694734300,9.897734375,-0.6166757345199585,-0.6267328858375549,0.5163823962211609
1780625771704763400,9.907763427734375,-0.5854411125183105,-0.5423833727836609,0.48271286487579346
1780625771714793500,9.91779345703125,-0.3967968821525574,-0.3866446614265442,0.36772793531417847
1780625771724823300,9.9278232421875,-0.0009142631897702813,-0.20084549486637115,0.1774778515100479
1780625771734852400,9.937852294921875,0.41740682721138,-0.10339056700468063,0.011393269523978233
1780625771744882400,9.94788232421875,0.6389825940132141,-0.004346545320004225,0.0788482129573822
1780625771754912300,9.957912353515624,0.6238793134689331,0.08076169341802597,0.2591428756713867
1780625771764942300,9.9679423828125,0.6265448331832886,0.05372767522931099,0.2099047601222992
1780625771774971100,9.97797119140625,0.721849799156189,-0.0945693850517273,-0.05981459841132164
1780625771785001200,9.988001220703126,0.8146359324455261,-0.10936164110898972,-0.27817249298095703
1780625771795031300,9.99803125,0.8011494278907776,0.041549574583768845,-0.3135344982147217
1780625771805060400,10.008060302734375,0.7019296288490295,0.07537864148616791,-0.2685757875442505
1780625771815090400,10.01809033203125,0.573676347732544,-0.06399522721767426,-0.24253833293914795
1780625771825120500,10.02812060546875,0.4560495615005493,-0.19059444963932037,-0.27287253737449646
1780625771835149300,10.0381494140625,0.36611461639404297,-0.18986794352531433,-0.3394955098628998
1780625771845179400,10.048179443359375,0.3370451331138611,-0.04941282421350479,-0.4396689832210541
1780625771855209500,10.05820947265625,0.35915204882621765,0.09523836523294449,-0.4534654915332794
1780625771865238500,10.068238525390624,0.443594753742218,0.19305627048015594,-0.3457150459289551
1780625771875268400,10.078268310546875,0.5700421929359436,0.19921350479125977,-0.2332012951374054
1780625771885298200,10.088298095703125,0.6771779656410217,0.10382439941167831,-0.16905426979064941
1780625771895328300,10.098328369140624,0.746872067451477,-0.003212837502360344,-0.18566280603408813
1780625771905357300,10.108357421875,0.7845461964607239,-0.02780579775571823,-0.2534213364124298
1780625771915387400,10.118387451171875,0.7706916332244873,0.030851390212774277,-0.2982948124408722
1780625771925417500,10.12841748046875,0.7105262875556946,0.15429210662841797,-0.28366073966026306
1780625771935446300,10.1384462890625,0.6582854986190796,0.2732163667678833,-0.19819511473178864
1780625771945476400,10.148476318359375,0.6318733096122742,0.2830183804035187,-0.09070833027362823
1780625771955506400,10.15850634765625,0.643163800239563,0.24927933514118195,-0.019697271287441254
1780625771965535500,10.168535400390626,0.6646400690078735,0.24968039989471436,0.009353820234537125
1780625771975565300,10.1785654296875,0.6881301999092102,0.29974624514579773,-0.006848851218819618
1780625771985595400,10.188595458984375,0.7108480334281921,0.38267600536346436,-0.02967480570077896
1780625771995624200,10.198624267578126,0.742009699344635,0.43234822154045105,-0.05832669138908386
1780625772005654300,10.208654296875,0.7698588967323303,0.4807455837726593,-0.07359752058982849
1780625772015684400,10.218684326171875,0.7922643423080444,0.5216858386993408,-0.12057168781757355
1780625772025713400,10.22871337890625,0.844534158706665,0.5573351383209229,-0.1506291925907135
1780625772035743200,10.2387431640625,0.9173122644424438,0.6185236573219299,-0.13483983278274536
1780625772045773300,10.248773193359375,0.9927769303321838,0.6197586059570312,-0.09431931376457214
1780625772055803400,10.258803466796875,1.072550892829895,0.5924827456474304,-0.07022356241941452
1780625772065832400,10.26883251953125,1.1310756206512451,0.5650977492332458,-0.054244861006736755
1780625772075862500,10.278862548828124,1.1277704238891602,0.5224179029464722,-0.024057665839791298
1780625772085892400,10.288892333984375,1.1091549396514893,0.5447676777839661,-0.018851984292268753
1780625772095921200,10.298921142578125,1.1326333284378052,0.5980657935142517,-0.07603804022073746
1780625772105951200,10.308951171875,1.187717318534851,0.6013585329055786,-0.13436339795589447
1780625772115981300,10.318981201171875,1.2702322006225586,0.5096611380577087,-0.20536381006240845
1780625772126010400,10.32901025390625,1.3627182245254517,0.40532833337783813,-0.31049662828445435
1780625772136040400,10.33904052734375,1.4360121488571167,0.26116955280303955,-0.3809518814086914
1780625772146070300,10.3490703125,1.4298973083496094,0.004880508873611689,-0.4070412516593933
1780625772156099300,10.359099365234375,1.3253008127212524,-0.24227282404899597,-0.3646746277809143
1780625772166129400,10.36912939453125,1.1656445264816284,-0.29397091269493103,-0.2593567371368408
1780625772176159500,10.379159423828124,1.0542296171188354,-0.27553489804267883,-0.187485471367836
1780625772186188500,10.3891884765625,1.0140595436096191,-0.32938721776008606,-0.14962171018123627
1780625772196218400,10.39921826171875,1.0006697177886963,-0.384643018245697,-0.11363574862480164
1780625772206248200,10.409248291015626,1.0290288925170898,-0.4010544717311859,-0.14278697967529297
1780625772216278300,10.4192783203125,1.097741961479187,-0.4825035333633423,-0.24135403335094452
1780625772226307300,10.429307373046875,1.0623040199279785,-0.5517678260803223,-0.2708141803741455
1780625772236337400,10.43933740234375,0.955784797668457,-0.5570033192634583,-0.2956279218196869
1780625772246367500,10.449367431640624,0.7929884195327759,-0.5368781089782715,-0.27927958965301514
1780625772256396300,10.459396240234375,0.6343671083450317,-0.5473996996879578,-0.2595338225364685
1780625772266426400,10.46942626953125,0.5108100175857544,-0.5754196047782898,-0.3208935856819153
1780625772276456400,10.47945654296875,0.44166529178619385,-0.5779038071632385,-0.41494178771972656
1780625772286485500,10.489485595703124,0.41263842582702637,-0.5511584877967834,-0.49656155705451965
1780625772296515600,10.499515625,0.3726175129413605,-0.5264363884925842,-0.5533968806266785
1780625772306545200,10.509545166015625,0.33254918456077576,-0.4850023686885834,-0.5533034205436707
1780625772316574200,10.51957421875,0.27870965003967285,-0.4299345910549164,-0.48971909284591675
1780625772326604300,10.529604248046875,0.21891556680202484,-0.39183834195137024,-0.40099936723709106
1780625772336634400,10.53963427734375,0.14445091784000397,-0.326925128698349,-0.3213479220867157
1780625772346664400,10.54966455078125,0.09714625775814056,-0.22383415699005127,-0.2689100205898285
1780625772356693200,10.559693359375,0.07397835701704025,-0.10108187794685364,-0.22459901869297028
1780625772366724400,10.569724365234375,0.04376425966620445,0.06864537298679352,-0.17647384107112885
1780625772376754200,10.579754150390626,0.07388913631439209,0.1841069906949997,-0.13439428806304932
1780625772386783200,10.589783203125,0.1534675806760788,0.20311130583286285,-0.10804098099470139
1780625772396813000,10.59981298828125,0.2368442416191101,0.15651743113994598,-0.09177226573228836
1780625772406843100,10.609843017578125,0.2763175964355469,0.08749709278345108,-0.11441285908222198
1780625772416872200,10.6198720703125,0.29082465171813965,0.05926492065191269,-0.15231630206108093
1780625772426902300,10.62990234375,0.2300257384777069,0.07015778124332428,-0.18071198463439941
1780625772436932400,10.639932373046875,0.09504874795675278,0.15561382472515106,-0.19858738780021667
1780625772446961200,10.649961181640625,-0.038779351860284805,0.24391652643680573,-0.20445486903190613
1780625772456991200,10.6599912109375,-0.08352126181125641,0.35074469447135925,-0.17988720536231995
1780625772467021300,10.670021240234375,-0.06136801838874817,0.4191429316997528,-0.14887017011642456
1780625772477051100,10.680051025390625,0.0189643707126379,0.4652142822742462,-0.1505836546421051
1780625772487080400,10.69008056640625,0.11112545430660248,0.4943958818912506,-0.1262090653181076
1780625772497110000,10.700110107421875,0.1601308137178421,0.47523629665374756,-0.11125887930393219
1780625772507140000,10.71014013671875,0.1592778116464615,0.47387489676475525,-0.10058599710464478
1780625772517169200,10.720169189453125,0.12477948516607285,0.48171231150627136,-0.09732761979103088
1780625772527199200,10.73019921875,0.08580997586250305,0.4779426157474518,-0.12320928275585175
1780625772537229300,10.740229248046875,0.0326215922832489,0.5005626678466797,-0.12339357286691666
1780625772547258000,10.750258056640625,-0.05519428104162216,0.49142885208129883,-0.09271448850631714
1780625772557288200,10.7602880859375,-0.11168684810400009,0.43992650508880615,-0.09621521830558777
1780625772567318300,10.770318359375,-0.10960319638252258,0.35930198431015015,-0.0366930328309536
1780625772577347300,10.780347412109375,-0.0738672986626625,0.2852591574192047,0.022175876423716545
1780625772587377400,10.79037744140625,-0.0007518103811889887,0.24168479442596436,0.06165936961770058
1780625772597407000,10.800406982421874,0.09666235744953156,0.24754668772220612,0.06845255941152573
1780625772607437000,10.81043701171875,0.2055390477180481,0.2587687075138092,0.05161445960402489
1780625772617466000,10.820466064453125,0.31015920639038086,0.25806936621665955,0.03677905350923538
1780625772627496200,10.83049609375,0.3901440501213074,0.27473169565200806,0.04890948534011841
1780625772637526300,10.8405263671875,0.4413158893585205,0.2634100615978241,0.07708866149187088
1780625772647555000,10.85055517578125,0.47206419706344604,0.21858134865760803,0.10016388446092606
1780625772657585200,10.860585205078126,0.47267434000968933,0.2155250906944275,0.10642684251070023
1780625772667615200,10.870615234375,0.4508609175682068,0.22356145083904266,0.0932718887925148
1780625772677644300,10.880644287109375,0.4204729199409485,0.24500256776809692,0.042579684406518936
1780625772687674400,10.89067431640625,0.417222261428833,0.27369093894958496,-0.053706903010606766
1780625772697704200,10.9007041015625,0.4328504800796509,0.30716073513031006,-0.13050314784049988
1780625772707733200,10.910733154296874,0.48164254426956177,0.33295291662216187,-0.20984163880348206
1780625772717763000,10.92076318359375,0.5390182137489319,0.35452398657798767,-0.31472012400627136
1780625772727793200,10.930793212890626,0.5775006413459778,0.39553987979888916,-0.41735514998435974
1780625772737823200,10.9408232421875,0.5805059671401978,0.4508638381958008,-0.4883638322353363
1780625772747852300,10.950852294921875,0.5388496518135071,0.5171898603439331,-0.49117663502693176
1780625772757882000,10.960882080078125,0.48384469747543335,0.527723491191864,-0.454955518245697
1780625772767912200,10.970912109375,0.4278767704963684,0.5326708555221558,-0.39856600761413574
1780625772777941200,10.980941162109374,0.41114386916160583,0.5200788974761963,-0.3574414849281311
1780625772787971300,10.990971435546875,0.43747612833976746,0.46796107292175293,-0.30932191014289856
1780625772798001400,11.00100146484375,0.48333150148391724,0.3947931230068207,-0.2258930504322052
1780625772808030200,11.0110302734375,0.502406120300293,0.37320154905319214,-0.08773650974035263
1780625772818060000,11.02106005859375,0.46618396043777466,0.5135778188705444,0.05198836699128151
1780625772828090000,11.031090087890625,0.45656779408454895,0.6302043199539185,0.05618550628423691
1780625772838119200,11.041119140625,0.4487043023109436,0.5815004110336304,-0.07861252129077911
1780625772848149200,11.051149169921874,0.4378087520599365,0.5902230739593506,-0.17396406829357147
1780625772858179300,11.061179443359375,0.43588730692863464,0.5269586443901062,-0.258750319480896
1780625772868209200,11.071209228515626,0.412071168422699,0.4467519223690033,-0.33048176765441895
1780625772878238200,11.08123828125,0.36455878615379333,0.41416868567466736,-0.4013546109199524
1780625772888268300,11.091268310546875,0.30976158380508423,0.38265684247016907,-0.457420289516449
1780625772898298400,11.10129833984375,0.2635168731212616,0.34571772813796997,-0.49149462580680847
1780625772908327200,11.1113271484375,0.23032774031162262,0.3428657352924347,-0.48392778635025024
1780625772918357200,11.121357177734374,0.21279855072498322,0.3563740849494934,-0.425365149974823
1780625772928387000,11.131386962890625,0.20505674183368683,0.35408589243888855,-0.36776256561279297
1780625772938416000,11.141416015625,0.2024923861026764,0.3851301074028015,-0.330843448638916
1780625772948446200,11.1514462890625,0.19682012498378754,0.3863929808139801,-0.3260745108127594
1780625772958476300,11.161476318359375,0.2006252408027649,0.3987327218055725,-0.38490772247314453
1780625772968505000,11.171505126953125,0.22627387940883636,0.36962199211120605,-0.4177123010158539
1780625772978535200,11.18153515625,0.26033464074134827,0.28204527497291565,-0.3975127339363098
1780625772988565200,11.191565185546875,0.2843284010887146,0.2014702707529068,-0.2934936583042145
1780625772998595300,11.20159521484375,0.28370070457458496,0.17813298106193542,-0.17465968430042267
1780625773008624400,11.211624267578125,0.2627357542514801,0.1637873351573944,-0.11578945070505142
1780625773018654200,11.221654296875,0.23570440709590912,0.1262921541929245,-0.11429301649332047
1780625773028684000,11.23168408203125,0.2175711989402771,0.09179037064313889,-0.14497342705726624
1780625773038713300,11.24171337890625,0.21669982373714447,0.05000004917383194,-0.20480667054653168
1780625773048743200,11.2517431640625,0.22653166949748993,0.039021436125040054,-0.25786882638931274
1780625773058773200,11.261773193359375,0.24853284657001495,0.041738659143447876,-0.28828319907188416
1780625773068802000,11.271802001953125,0.273350328207016,0.037095967680215836,-0.29210004210472107
1780625773078832000,11.28183203125,0.26768285036087036,-0.0010269149206578732,-0.2861526608467102
1780625773088862200,11.2918623046875,0.25628557801246643,-0.055515188723802567,-0.25861451029777527
1780625773098891300,11.301891357421875,0.24307896196842194,-0.0969606339931488,-0.2097441703081131
1780625773108921300,11.31192138671875,0.23377972841262817,-0.12356960773468018,-0.13808037340641022
1780625773118951400,11.321951416015626,0.1962565928697586,-0.16054466366767883,-0.03652765229344368
1780625773128981000,11.33198095703125,0.14470233023166656,-0.1883014738559723,0.06580351293087006
1780625773139010300,11.34201025390625,0.0970274806022644,-0.1776685267686844,0.13896746933460236
1780625773149040000,11.3520400390625,0.05427921563386917,-0.17789676785469055,0.16541266441345215
1780625773159070200,11.3620703125,0.018263159319758415,-0.18897737562656403,0.1698039472103119
1780625773169099300,11.372099365234375,-0.005395297892391682,-0.19826409220695496,0.18016204237937927
1780625773179129000,11.382129150390625,-0.024156201630830765,-0.24159078299999237,0.18672780692577362
1780625773189159200,11.3921591796875,-0.04867938905954361,-0.27617591619491577,0.2048487514257431
1780625773199188200,11.402188232421874,-0.0847519040107727,-0.2692338526248932,0.22428210079669952
1780625773209218300,11.41221826171875,-0.11588612198829651,-0.23633450269699097,0.22397664189338684
1780625773219248400,11.422248291015626,-0.1155066192150116,-0.16708245873451233,0.2294853925704956
1780625773229277200,11.432277099609376,-0.14501658082008362,-0.13220436871051788,0.2146422564983368
1780625773239307300,11.442307373046875,-0.16931286454200745,-0.15163666009902954,0.18971213698387146
1780625773249337000,11.452337158203125,-0.18942105770111084,-0.17859691381454468,0.20141273736953735
1780625773259367200,11.4623671875,-0.19570159912109375,-0.2298201471567154,0.23510119318962097
1780625773269396200,11.472396240234374,-0.17908692359924316,-0.2969861328601837,0.28256484866142273
1780625773279426300,11.48242626953125,-0.1724388748407364,-0.37761786580085754,0.33730238676071167
1780625773289456000,11.4924560546875,-0.1658821851015091,-0.45724478363990784,0.3483462631702423
1780625773299485200,11.502485107421874,-0.1527610421180725,-0.5068517327308655,0.30873918533325195
1780625773309515300,11.512515380859375,-0.14089879393577576,-0.4680604040622711,0.25822967290878296
1780625773319545300,11.52254541015625,-0.146429643034935,-0.34909486770629883,0.2070178985595703
1780625773329574100,11.53257421875,-0.14470818638801575,-0.2210618108510971,0.15411420166492462
1780625773339604200,11.542604248046874,-0.12732146680355072,-0.09626021981239319,0.09475021064281464
1780625773349634000,11.552634033203125,-0.0861189067363739,0.003734018187969923,0.04265984520316124
1780625773359663400,11.562663330078125,-0.02948998101055622,0.07475253194570541,0.0025268071331083775
1780625773369692700,11.572692626953126,0.027302993461489677,0.09009979665279388,-0.03479526564478874
1780625773379722500,11.582722412109375,0.07375997304916382,0.026852918788790703,-0.048237837851047516
1780625773389752600,11.592752685546875,0.12790736556053162,-0.09502238780260086,-0.04904530569911003
1780625773399781600,11.60278173828125,0.1635385900735855,-0.27441638708114624,-0.033183254301548004
1780625773409811500,11.6128115234375,0.18854354321956635,-0.41825398802757263,0.0322042740881443
1780625773419841500,11.622841552734375,0.19851389527320862,-0.48819923400878906,0.13483931124210358
1780625773429870600,11.63287060546875,0.20309212803840637,-0.5468258261680603,0.22117792069911957
1780625773439900700,11.642900634765626,0.2044982761144638,-0.5885967016220093,0.271782785654068
1780625773449930800,11.6529306640625,0.19535565376281738,-0.5898028016090393,0.2693478465080261
1780625773459959600,11.66295947265625,0.15899470448493958,-0.5331600308418274,0.2327727973461151
1780625773469989600,11.67298974609375,0.1079416498541832,-0.4155367612838745,0.19035769999027252
1780625773480019500,11.68301953125,0.056649431586265564,-0.2801206111907959,0.13010446727275848
1780625773490049500,11.693049560546875,0.0595802403986454,-0.16803480684757233,0.05478282272815704
1780625773500078600,11.70307861328125,0.09244471043348312,-0.0528714694082737,-0.009812949225306511
1780625773510108700,11.713108642578124,0.16830486059188843,0.04115542769432068,-0.035687156021595
1780625773520138500,11.723138427734375,0.2603410482406616,0.07954063266515732,-0.03897642716765404
1780625773530167600,11.73316748046875,0.3322668969631195,0.009440906345844269,-0.00782623142004013
1780625773540197600,11.74319775390625,0.38731417059898376,-0.15673981606960297,0.04773982614278793
1780625773550227700,11.753227783203124,0.3774852454662323,-0.34494566917419434,0.10055457055568695
1780625773560256500,11.763256591796875,0.35001900792121887,-0.49073803424835205,0.13635703921318054
1780625773570286600,11.77328662109375,0.30949899554252625,-0.5983036160469055,0.18078629672527313
1780625773580316400,11.78331640625,0.23651400208473206,-0.6383141875267029,0.24630138278007507
1780625773590345700,11.793345703125,0.16594715416431427,-0.5846427083015442,0.33012038469314575
1780625773600375600,11.80337548828125,0.07422229647636414,-0.4967051148414612,0.40443456172943115
1780625773610405600,11.813405517578126,-0.005525260232388973,-0.39020317792892456,0.46968093514442444
1780625773620435700,11.823435791015624,-0.022706378251314163,-0.31563517451286316,0.5231193900108337
1780625773630464500,11.833464599609375,-0.012514726258814335,-0.3023737072944641,0.5277607440948486
1780625773640494600,11.84349462890625,0.022528745234012604,-0.4254186749458313,0.4619585871696472
1780625773650524700,11.853524658203124,0.058458514511585236,-0.5711042284965515,0.3745717406272888
1780625773660553700,11.8635537109375,0.08897008746862411,-0.6832842826843262,0.33497241139411926
1780625773670583600,11.87358349609375,0.08170738071203232,-0.6709674596786499,0.3119400441646576
1780625773680613600,11.883613525390626,0.04507160559296608,-0.6082097887992859,0.2866424322128296
1780625773690642700,11.893642578125,-0.00227913330309093,-0.4725206792354584,0.20755532383918762
1780625773700672500,11.903672607421875,-0.011335745453834534,-0.306528776884079,0.09623599052429199
1780625773710702600,11.91370263671875,0.020968398079276085,-0.13832591474056244,-0.026146382093429565
1780625773720732700,11.923732666015624,0.04602714627981186,0.04373709484934807,-0.1230899766087532
1780625773730761500,11.933761474609375,0.09173844009637833,0.2072322815656662,-0.19371141493320465
1780625773740791600,11.94379150390625,0.17383597791194916,0.31276935338974,-0.2489357888698578
1780625773750821600,11.953821533203126,0.25097575783729553,0.37021827697753906,-0.2901197075843811
1780625773760850700,11.9638505859375,0.2709808945655823,0.34909939765930176,-0.28999772667884827
1780625773770880800,11.973880859375,0.18934516608715057,0.2624249756336212,-0.24918052554130554
1780625773780910600,11.98391064453125,0.0270095132291317,0.06939984858036041,-0.19233934581279755
1780625773790939600,11.993939697265626,-0.1781894415616989,-0.13939571380615234,-0.12742586433887482
1780625773800969700,12.0039697265625,-0.33671411871910095,-0.22122693061828613,-0.0000476705827168189
1780625773810999600,12.01399951171875,-0.4270213544368744,-0.24205949902534485,0.12050697207450867
1780625773821028600,12.024028564453126,-0.46634799242019653,-0.26345905661582947,0.16390611231327057
1780625773831058400,12.034058349609374,-0.42633721232414246,-0.1999293565750122,0.19878420233726501
1780625773841088500,12.044088623046875,-0.33699294924736023,-0.04909457638859749,0.2428872138261795
1780625773851118600,12.05411865234375,-0.17470043897628784,0.10874432325363159,0.30690374970436096
1780625773861147600,12.064147705078126,-0.05035025626420975,0.266400009393692,0.48171523213386536
1780625773871177700,12.074177734375,0.03390044346451759,0.29733872413635254,0.6537303924560547
1780625773881207800,12.084207763671875,0.10395409911870956,0.1889035999774933,0.7096325755119324
1780625773891236600,12.094236572265626,0.10037481039762497,-0.04788097366690636,0.629427969455719
1780625773901266700,12.1042666015625,-0.062195196747779846,-0.38776078820228577,0.48101428151130676
1780625773911296500,12.114296630859375,-0.2876349687576294,-0.6026805639266968,0.3894747793674469
1780625773921325600,12.12432568359375,-0.4095001518726349,-0.5799299478530884,0.396563321352005
1780625773931355600,12.134355712890626,-0.4507104456424713,-0.4627988040447235,0.42442426085472107
1780625773941385500,12.144385498046875,-0.4733550548553467,-0.4565395712852478,0.36642593145370483
1780625773951415600,12.15441552734375,-0.4837634861469269,-0.5581521987915039,0.30074599385261536
1780625773961444600,12.164444580078126,-0.5261610150337219,-0.6769028306007385,0.2624257504940033
1780625773971474700,12.174474609375,-0.5783360600471497,-0.7579066157341003,0.16850006580352783
1780625773981504800,12.1845048828125,-0.5722342133522034,-0.6397874355316162,0.13896161317825317
1780625773991533600,12.194533447265625,-0.5930385589599609,-0.5251814723014832,0.09796731173992157
1780625774001563600,12.204563720703124,-0.6258178353309631,-0.40787696838378906,0.0777086466550827
1780625774011593500,12.214593505859375,-0.6481447219848633,-0.2821270227432251,0.05591972544789314
1780625774021622800,12.224622802734375,-0.6607422232627869,-0.13467925786972046,0.02865108661353588
1780625774031652600,12.234652587890626,-0.674919843673706,0.0036075180396437645,0.019699668511748314
1780625774041682400,12.244682373046874,-0.6617228388786316,0.05498149245977402,0.023083215579390526
1780625774051711500,12.25471142578125,-0.617381751537323,0.07315410673618317,0.027788221836090088
1780625774061741600,12.264741455078125,-0.5673883557319641,0.07591979950666428,0.03735163435339928
1780625774071771600,12.274771728515624,-0.5687257647514343,0.04177061468362808,0.042511507868766785
1780625774081801700,12.2848017578125,-0.5729607343673706,-0.02780180424451828,0.04891427978873253
1780625774091830500,12.29483056640625,-0.5696927905082703,-0.03026975505053997,0.03405650332570076
1780625774101860600,12.304860595703126,-0.5964562296867371,0.07505054026842117,0.04691930487751961
1780625774111890400,12.314890380859374,-0.6285629868507385,0.3231394290924072,0.06793563812971115
1780625774121919700,12.324919677734375,-0.640038013458252,0.6174754500389099,0.08206690847873688
1780625774131949600,12.334949462890625,-0.6108356714248657,0.8110066056251526,0.0926164835691452
1780625774141979600,12.344979736328124,-0.5249849557876587,0.982826292514801,0.09586421400308609
1780625774152008400,12.355008544921875,-0.4505639672279358,1.0578429698944092,0.050338804721832275
1780625774162038500,12.36503857421875,-0.3704358637332916,1.0634084939956665,-0.02002910152077675
1780625774172068600,12.375068603515626,-0.3014618456363678,1.1064488887786865,-0.12131790816783905
1780625774182098700,12.3850986328125,-0.30982762575149536,1.1456247568130493,-0.22630050778388977
1780625774192127700,12.395127685546875,-0.37331151962280273,1.127051591873169,-0.1821753978729248
1780625774202157600,12.405157470703125,-0.4602280557155609,0.9312387108802795,-0.04903145879507065
1780625774212187600,12.415187744140624,-0.5176500678062439,0.6744852066040039,0.04291790723800659
1780625774222216700,12.425216796875,-0.5629158020019531,0.5482415556907654,0.1135081872344017
1780625774232246500,12.43524658203125,-0.6253679990768433,0.46228453516960144,0.16376815736293793
1780625774242276600,12.445276611328126,-0.68165522813797,0.3451230525970459,0.21137508749961853
1780625774252305400,12.455305419921874,-0.712273359298706,0.24622255563735962,0.2317781001329422
1780625774262335500,12.46533544921875,-0.7014271020889282,0.1792864054441452,0.23182550072669983
1780625774272365600,12.475365478515625,-0.6738119721412659,0.12017780542373657,0.23249369859695435
1780625774282395600,12.485395751953124,-0.6395378708839417,0.054009437561035156,0.288147896528244
1780625774292424700,12.4954248046875,-0.6064606308937073,-0.0051657333970069885,0.37391605973243713
1780625774302454800,12.505454833984375,-0.5839750170707703,-0.12361488491296768,0.4628874957561493
1780625774312484600,12.515484619140626,-0.5681582689285278,-0.3040166199207306,0.5448907613754272
1780625774322513700,12.525513671875,-0.5815067887306213,-0.3566872775554657,0.5579453110694885
1780625774332543500,12.53554345703125,-0.8393860459327698,-0.14675721526145935,0.49448084831237793
1780625774342573600,12.545573486328125,-1.0649642944335938,0.029633259400725365,0.5027193427085876
1780625774352602400,12.555602294921876,-1.1059924364089966,0.012091283686459064,0.4545656442642212
1780625774362632400,12.565632568359375,-1.0250227451324463,0.0905836969614029,0.34662505984306335
1780625774372662800,12.575662841796875,-0.9187700748443604,0.11919642984867096,0.25134167075157166
1780625774382692900,12.58569287109375,-0.8395980000495911,0.09461705386638641,0.16799113154411316
1780625774392722000,12.595721923828124,-0.7839102745056152,0.011530156247317791,0.11093903332948685
1780625774402752000,12.605751953125,-0.7619436979293823,-0.023624636232852936,0.08597216755151749
1780625774412782000,12.615781982421876,-0.7516148686408997,0.023502396419644356,0.07779732346534729
1780625774422811000,12.625810791015626,-0.7329525351524353,0.06545810401439667,0.10255566984415054
1780625774432840700,12.6358408203125,-0.7004854083061218,0.07447023689746857,0.09103377163410187
1780625774442870800,12.645870849609375,-0.6599156260490417,0.11826512217521667,0.04507346823811531
1780625774452899800,12.65589990234375,-0.613201379776001,0.10257803648710251,-0.01877288892865181
1780625774462930000,12.665929931640624,-0.5637816190719604,0.061480406671762466,-0.08984067291021347
1780625774472959700,12.675959716796875,-0.4996585547924042,0.04098418354988098,-0.1097848191857338
1780625774482988800,12.68598876953125,-0.41739964485168457,-0.04529797285795212,-0.11215876042842865
1780625774493019000,12.696018798828124,-0.341830849647522,-0.0815686285495758,-0.0921483039855957
1780625774503049000,12.706049072265625,-0.3089277446269989,-0.03497849032282829,-0.007238738238811493
1780625774513079000,12.7160791015625,-0.2759959101676941,0.02323315106332302,0.059957344084978104
1780625774523107800,12.72610791015625,-0.26252323389053345,-0.039260320365428925,0.11050014197826385
1780625774533138000,12.736137939453124,-0.2383342683315277,-0.11199124902486801,0.16022935509681702
1780625774543167700,12.746167724609375,-0.2490212768316269,-0.16799059510231018,0.2327733337879181
1780625774553196800,12.75619677734375,-0.23965413868427277,-0.17939744889736176,0.27589043974876404
1780625774563227000,12.766226806640624,-0.2237185835838318,-0.20486073195934296,0.301448255777359
1780625774573256700,12.776256591796875,-0.22438544034957886,-0.26938965916633606,0.3666517734527588
1780625774583285800,12.78628564453125,-0.22850801050662994,-0.3638136386871338,0.4813615679740906
1780625774593315800,12.79631591796875,-0.15494030714035034,-0.38962870836257935,0.5808354020118713
1780625774603346000,12.806345947265624,-0.037451501935720444,-0.3117738664150238,0.6696502566337585
1780625774613376000,12.8163759765625,0.11807737499475479,-0.18434454500675201,0.7524319291114807
1780625774623404800,12.82640478515625,0.24133245646953583,-0.04261430725455284,0.8645414710044861
1780625774633435000,12.836434814453124,0.3455081284046173,0.03898388519883156,1.0213345289230347
1780625774643464700,12.846464599609375,0.4610232710838318,0.11550262570381165,1.1604201793670654
1780625774653493800,12.85649365234375,0.5509219765663147,0.16835545003414154,1.2883068323135376
1780625774663523800,12.86652392578125,0.6479912996292114,0.2391100525856018,1.4060600996017456
1780625774673554000,12.876553955078125,0.7344750761985779,0.2544972598552704,1.5165892839431763
1780625774683582700,12.886582763671875,0.8378413915634155,0.2775924503803253,1.621828556060791
1780625774693612800,12.89661279296875,0.9266253113746643,0.3223159909248352,1.7225337028503418
1780625774703643000,12.906642822265624,0.9885528683662415,0.3027694523334503,1.8078447580337524
1780625774713673000,12.9166728515625,1.006899356842041,0.2403995543718338,1.85853910446167
1780625774723702000,12.926701904296875,1.0449870824813843,0.1399049013853073,1.8317033052444458
1780625774733731800,12.93673193359375,1.132137417793274,0.11832477897405624,1.8135509490966797
1780625774743761700,12.94676171875,1.2218316793441772,0.14977644383907318,1.7947654724121094
1780625774753791000,12.956791015625,1.30442476272583,0.18615949153900146,1.7906641960144043
1780625774763820800,12.96682080078125,1.3484926223754883,0.1999799609184265,1.7931444644927979
1780625774773851000,12.976850830078124,1.3064168691635132,0.22703661024570465,1.763100028038025
1780625774783879700,12.986879638671875,1.2280746698379517,0.2411913126707077,1.7188524007797241
1780625774793909800,12.99690966796875,1.1492499113082886,0.2662343382835388,1.7061741352081299
1780625774803939800,13.00693994140625,1.1071200370788574,0.296366423368454,1.689219355583191
1780625774813970000,13.016969970703125,1.0928521156311035,0.28358057141304016,1.6532256603240967
1780625774823999000,13.0269990234375,1.1054414510726929,0.25787654519081116,1.5760688781738281
1780625774834029000,13.037029052734376,1.1157456636428833,0.2689638137817383,1.437347173690796
1780625774844059000,13.047058837890624,1.1360666751861572,0.3347952961921692,1.2744728326797485
1780625774854088000,13.057087890625,1.181960940361023,0.40987300872802734,1.1378276348114014
1780625774864117800,13.06711767578125,1.2090545892715454,0.4833402931690216,1.0056031942367554
1780625774874147800,13.07714794921875,1.191082239151001,0.5018066763877869,0.8413405418395996
1780625774884176600,13.0871767578125,1.141770601272583,0.42355045676231384,0.6293912529945374
1780625774894206700,13.097206787109375,1.0753183364868164,0.34069234132766724,0.3539165258407593
1780625774904236800,13.10723681640625,0.9823029637336731,0.2572784125804901,0.025844380259513855
1780625774914267000,13.117266845703124,0.8420395851135254,0.22595776617527008,-0.24844469130039215
1780625774924296000,13.1272958984375,0.7036092877388,0.20860247313976288,-0.390847384929657
1780625774934326000,13.137325927734375,0.5941821336746216,0.0973779484629631,-0.406578928232193
1780625774944355800,13.14735595703125,0.5867303609848022,-0.021144965663552284,-0.22871068120002747
1780625774954385000,13.157385009765624,0.5339379906654358,0.01678697019815445,0.1106274425983429
1780625774964414700,13.167414794921875,0.43448567390441895,0.03782940283417702,0.26036739349365234
1780625774974444800,13.17744482421875,0.3917936086654663,-0.05878342315554619,0.21881863474845886
1780625774984475000,13.187474853515624,0.3867202699184418,-0.09898916631937027,0.17663975059986115
1780625774994503700,13.197503662109375,0.42205217480659485,-0.09096851944923401,0.13290585577487946
1780625775004533800,13.20753369140625,0.5072280764579773,-0.059367984533309937,0.03940226882696152
1780625775014563800,13.217563720703126,0.5721333026885986,-0.11857245117425919,-0.08035316318273544
1780625775024593000,13.227593017578124,0.5315027832984924,-0.2829430103302002,-0.14244875311851501
1780625775034623000,13.237623046875,0.3981383144855499,-0.33513885736465454,-0.08050549775362015
1780625775044653000,13.247653076171876,0.24561642110347748,-0.26639387011528015,0.006520483642816544
1780625775054681900,13.257681884765624,0.12399518489837646,-0.14107030630111694,0.06795268505811691
1780625775064712000,13.2677119140625,0.06429536640644073,-0.046612776815891266,0.09814067929983139
1780625775074741800,13.27774169921875,0.05741935223340988,-0.04951561987400055,0.09919742494821548
1780625775084771800,13.287771728515626,0.10514319688081741,-0.1298045963048935,0.09306203573942184
1780625775094801000,13.29780078125,0.1890849620103836,-0.16074387729167938,0.10360202193260193
1780625775104830700,13.307830810546875,0.2630225718021393,-0.17206870019435883,0.11648719757795334
1780625775114860800,13.31786083984375,0.26795047521591187,-0.19896316528320312,0.13758476078510284
1780625775124889900,13.327889892578124,0.19243575632572174,-0.27078330516815186,0.17485517263412476
1780625775134920000,13.337919921875,0.08352285623550415,-0.318293035030365,0.2309354841709137
1780625775144950000,13.347949951171875,-0.016593357548117638,-0.2836889624595642,0.32188695669174194
1780625775154978800,13.357978759765626,-0.11323920637369156,-0.268195241689682,0.4038606584072113
1780625775165009000,13.3680087890625,-0.21147416532039642,-0.2885122299194336,0.4420149624347687
1780625775175038700,13.378038818359375,-0.27752774953842163,-0.24910302460193634,0.480651319026947
1780625775185068800,13.38806884765625,-0.3094222843647003,-0.16509361565113068,0.5372634530067444
1780625775195097900,13.398097900390624,-0.32405903935432434,-0.11452843993902206,0.6095797419548035
1780625775205128000,13.4081279296875,-0.2920196056365967,-0.08656737953424454,0.6892628073692322
1780625775215157800,13.41815771484375,-0.2245742529630661,-0.07398021966218948,0.7326294779777527
1780625775225186800,13.428186767578126,-0.1427326500415802,-0.08961856365203857,0.7200028896331787
1780625775235217000,13.438216796875,-0.0561937652528286,-0.09868796169757843,0.6647819876670837
1780625775245247000,13.4482470703125,0.028418857604265213,-0.04740133881568909,0.6098228693008423
1780625775255276000,13.458276123046875,0.08139844983816147,0.02329014241695404,0.5990599989891052
1780625775265305900,13.468305908203124,0.10154180228710175,0.04899763688445091,0.6315425634384155
1780625775275335700,13.478335693359375,0.06661737710237503,0.01119406521320343,0.6713032722473145
1780625775285365800,13.48836572265625,0.004223773255944252,-0.05383659899234772,0.6938040852546692
1780625775295394800,13.498394775390626,-0.05645209178328514,-0.09294618666172028,0.711530327796936
1780625775305426000,13.508426025390625,-0.1346486210823059,-0.0917363092303276,0.7337977886199951
1780625775315455000,13.518455078125,-0.1944778710603714,-0.08570665121078491,0.756513237953186
1780625775325484800,13.52848486328125,-0.22152386605739594,-0.06227322667837143,0.7247276306152344
1780625775335515000,13.538514892578124,-0.24879063665866852,-0.05040671303868294,0.6009989976882935
1780625775345544000,13.5485439453125,-0.25104740262031555,-0.022407570853829384,0.4679482877254486
1780625775355574000,13.558573974609375,-0.23535872995853424,0.006409695837646723,0.41829898953437805
1780625775365603800,13.568603759765624,-0.24176469445228577,-0.01008166279643774,0.4198840856552124
1780625775375632600,13.578632568359374,-0.28385835886001587,-0.015446600504219532,0.42545169591903687
1780625775385662700,13.588662841796875,-0.3358946442604065,0.0380331352353096,0.4572674334049225
1780625775395692800,13.59869287109375,-0.43640872836112976,0.08243975043296814,0.47774553298950195
1780625775405723000,13.608722900390624,-0.5370581150054932,0.08963321149349213,0.5009368658065796
1780625775415752000,13.618751953125,-0.6151140332221985,0.09878223389387131,0.5166907906532288
1780625775425782000,13.628781982421875,-0.6619982123374939,0.10936590284109116,0.5095359683036804
1780625775435811800,13.638811767578124,-0.6745352745056152,0.12189021706581116,0.4927622973918915
1780625775445841000,13.6488408203125,-0.6523785591125488,0.13085095584392548,0.469001829624176
1780625775455871000,13.65887109375,-0.5984951257705688,0.12621812522411346,0.436911016702652
1780625775465900800,13.66890087890625,-0.5489427447319031,0.1055394783616066,0.41248103976249695
1780625775475929900,13.678929931640624,-0.5493478178977966,0.07872650027275085,0.40572354197502136
1780625775485959700,13.688959716796875,-0.5818868279457092,0.09090061485767365,0.4326470196247101
1780625775495989800,13.69898974609375,-0.6259192824363708,0.12286493927240372,0.465562641620636
1780625775506019800,13.709019775390624,-0.6660973429679871,0.14876072108745575,0.4910283088684082
1780625775516049000,13.719048828125,-0.6756897568702698,0.18474695086479187,0.4955082833766937
1780625775526079000,13.729078857421875,-0.6547823548316956,0.23151551187038422,0.47613725066185
1780625775536108800,13.73910888671875,-0.6025806665420532,0.24528644979000092,0.4587705135345459
1780625775546137900,13.749137939453124,-0.5508818030357361,0.2271636426448822,0.443411260843277
1780625775556168000,13.75916796875,-0.5236024856567383,0.18380577862262726,0.42451614141464233
1780625775566197800,13.76919775390625,-0.5404744148254395,0.1710636168718338,0.40458211302757263
1780625775576227000,13.77922705078125,-0.585940420627594,0.17204952239990234,0.4022504985332489
1780625775586256600,13.789256591796875,-0.6362726092338562,0.19440756738185883,0.4083150625228882
1780625775596286700,13.79928662109375,-0.6565938591957092,0.22962254285812378,0.43306222558021545
1780625775606316800,13.80931689453125,-0.6268631219863892,0.24170903861522675,0.46851155161857605
1780625775616345900,13.819345947265624,-0.5688373446464539,0.20708900690078735,0.5006553530693054
1780625775626376000,13.8293759765625,-0.49604010581970215,0.1583976298570633,0.4908519983291626
1780625775636406000,13.839406005859376,-0.4250445067882538,0.10146430879831314,0.4489082992076874
1780625775646434800,13.849434814453126,-0.38174229860305786,0.03545333072543144,0.4012148082256317
1780625775656465000,13.85946484375,-0.3805055320262909,0.006976683158427477,0.3627454340457916
1780625775666494700,13.86949462890625,-0.41575512290000916,0.019704729318618774,0.3505348563194275
1780625775676524800,13.87952490234375,-0.446879506111145,0.06440748274326324,0.33372363448143005
1780625775686553900,13.889553955078124,-0.458425372838974,0.14280109107494354,0.3272886574268341
1780625775696583700,13.899583740234375,-0.4249369204044342,0.17652097344398499,0.3518504500389099
1780625775706613800,13.90961376953125,-0.35033831000328064,0.13343767821788788,0.3676469922065735
1780625775716642800,13.919642822265626,-0.2648487091064453,0.09415392577648163,0.37365561723709106
1780625775726673000,13.9296728515625,-0.19757193326950073,0.07312960177659988,0.3955334722995758
1780625775736703000,13.939702880859375,-0.15139351785182953,0.01648336835205555,0.4352332353591919
1780625775746731800,13.949731689453126,-0.13860635459423065,-0.06386686116456985,0.46278175711631775
1780625775756761900,13.959761962890624,-0.15273813903331757,-0.11177819967269897,0.46171116828918457
1780625775766792000,13.9697919921875,-0.18315011262893677,-0.08718550205230713,0.42057865858078003
1780625775776821800,13.97982177734375,-0.23838487267494202,-0.0523952953517437,0.3793283998966217
1780625775786850800,13.989850830078124,-0.29080015420913696,-0.0388355478644371,0.3599214255809784
1780625775796881000,13.999880859375,-0.3072478175163269,-0.012197543866932392,0.3765225112438202
1780625775806910700,14.00991064453125,-0.2844410538673401,-0.017320666462183,0.4212670624256134
1780625775816939800,14.019939697265626,-0.24528032541275024,-0.10784976929426193,0.4545866847038269
1780625775826969900,14.029969970703124,-0.19950725138187408,-0.18866924941539764,0.49095988273620605
1780625775837000000,14.04,-0.16102510690689087,-0.21418632566928864,0.5294542908668518
1780625775847028700,14.05002880859375,-0.1366787552833557,-0.2134411782026291,0.5349632501602173
1780625775857058800,14.060058837890624,-0.1280815303325653,-0.1663985699415207,0.4987996816635132
1780625775867089000,14.0700888671875,-0.1117670089006424,-0.08359449356794357,0.4494020342826843
1780625775877118700,14.08011865234375,-0.11580543220043182,-0.023314910009503365,0.4149990677833557
1780625775887147800,14.090147705078126,-0.16201047599315643,-0.031247135251760483,0.37019777297973633
1780625775897177900,14.100177734375,-0.21773259341716766,-0.043346140533685684,0.3358376622200012
1780625775907207700,14.110207763671875,-0.27628299593925476,-0.044023916125297546,0.31671056151390076
1780625775917236700,14.12023681640625,-0.3211982548236847,-0.01774277724325657,0.2938667833805084
1780625775927266800,14.130266845703124,-0.3522331416606903,0.04291684180498123,0.2787189781665802
1780625775937297000,14.140296875,-0.35393837094306946,0.08002346009016037,0.2897372841835022
1780625775947327000,14.150326904296875,-0.34950047731399536,0.05344351753592491,0.2974069118499756
1780625775957355800,14.160355712890626,-0.3359857201576233,0.01377866230905056,0.28859904408454895
1780625775967385900,14.1703857421875,-0.3432084918022156,-0.027708327397704124,0.2689976394176483
1780625775977415700,14.180415771484375,-0.3735581338405609,-0.025489646941423416,0.2594515383243561
1780625775987445000,14.190445068359375,-0.417631059885025,0.014507303945720196,0.2290228009223938
1780625775997474800,14.200474853515624,-0.4592687785625458,0.026757311075925827,0.1989264190196991
1780625776007505000,14.2105048828125,-0.49594077467918396,0.07120121270418167,0.18637573719024658
1780625776017533700,14.22053369140625,-0.5121914148330688,0.0776580423116684,0.20255550742149353
1780625776027563800,14.230563720703126,-0.5168857574462891,0.04869749769568443,0.2197912186384201
1780625776037593900,14.24059375,-0.5132023096084595,0.023526631295681,0.25267618894577026
1780625776047624000,14.2506240234375,-0.4973810017108917,-0.005257612559944391,0.28740063309669495
1780625776057653000,14.260653076171875,-0.49936720728874207,-0.031136613339185715,0.3119131624698639
1780625776067682800,14.270682861328124,-0.5006124973297119,-0.036617930978536606,0.3194267153739929
1780625776077713000,14.280712890625,-0.505459189414978,-0.033665020018815994,0.31584078073501587
1780625776087742000,14.290741943359375,-0.5192181468009949,-0.035594213753938675,0.3166317343711853
1780625776097771800,14.300771728515626,-0.5413303375244141,-0.03738119453191757,0.3136356770992279
1780625776107801900,14.3108017578125,-0.5514583587646484,-0.028669461607933044,0.32318177819252014
1780625776117832000,14.32083203125,-0.5523499846458435,-0.05234416574239731,0.34421515464782715
1780625776127860700,14.33086083984375,-0.5273458361625671,-0.06318908929824829,0.3717373311519623
1780625776137890800,14.340890869140624,-0.49548086524009705,-0.07180041819810867,0.4197773039340973
1780625776147921000,14.3509208984375,-0.47901666164398193,-0.10944127291440964,0.4560929536819458
1780625776157950000,14.360949951171875,-0.4674484133720398,-0.15080522000789642,0.4611268639564514
1780625776167980000,14.37097998046875,-0.44631117582321167,-0.19446854293346405,0.44370394945144653
1780625776178009900,14.381009765625,-0.4207618832588196,-0.2038242369890213,0.40279218554496765
1780625776188039000,14.391038818359375,-0.4086359739303589,-0.1786285936832428,0.3616895079612732
1780625776198068700,14.40106884765625,-0.39294490218162537,-0.16664357483386993,0.3589557707309723
1780625776208098800,14.411098876953124,-0.3845735192298889,-0.1979341208934784,0.3692222535610199
1780625776218129000,14.42112890625,-0.3859948515892029,-0.21921038627624512,0.38233938813209534
1780625776228157700,14.43115771484375,-0.37988075613975525,-0.244735449552536,0.3970637321472168
1780625776238187800,14.441187744140626,-0.3625473082065582,-0.23648443818092346,0.3944666087627411
1780625776248217900,14.4512177734375,-0.33170682191848755,-0.21377140283584595,0.39413052797317505
1780625776258247000,14.461246826171875,-0.2896669805049896,-0.21861569583415985,0.39231452345848083
1780625776268277000,14.471277099609376,-0.24991662800312042,-0.24034789204597473,0.3805428147315979
1780625776278307000,14.48130712890625,-0.2129271775484085,-0.24652482569217682,0.377999484539032
1780625776288336600,14.491336669921875,-0.20920221507549286,-0.3030607998371124,0.360590398311615
1780625776298366000,14.501365966796875,-0.22351618111133575,-0.3337540030479431,0.3300956189632416
1780625776308395800,14.511395751953126,-0.24819809198379517,-0.32170212268829346,0.30289435386657715
1780625776318425900,14.52142578125,-0.2579308748245239,-0.26136210560798645,0.2829648554325104
1780625776328454700,14.53145458984375,-0.2537696957588196,-0.21822261810302734,0.28104445338249207
1780625776338484700,14.541484619140626,-0.23564527928829193,-0.22077365219593048,0.2684410512447357
1780625776348514800,14.551514892578124,-0.2002505362033844,-0.20480240881443024,0.25616228580474854
1780625776358544000,14.5615439453125,-0.1535714566707611,-0.20446765422821045,0.24778956174850464
1780625776368574000,14.571573974609375,-0.11130735278129578,-0.23599602282047272,0.22639532387256622
1780625776378604000,14.58160400390625,-0.08204986155033112,-0.24206030368804932,0.19945745170116425
1780625776388633900,14.5916337890625,-0.10728064924478531,-0.23059912025928497,0.17593081295490265
1780625776398663200,14.6016630859375,-0.13394874334335327,-0.18178658187389374,0.12259276211261749
1780625776408693000,14.61169287109375,-0.1515572965145111,-0.09087824076414108,0.06566210091114044
1780625776418723000,14.62172314453125,-0.1665056198835373,-0.03856709972023964,0.02106746844947338
1780625776428752000,14.631751953125,-0.1650046706199646,-0.04044302925467491,0.00430073868483305
1780625776438782000,14.641781982421875,-0.17241358757019043,-0.05162883922457695,0.01769404299557209
1780625776448812000,14.65181201171875,-0.1919742375612259,-0.025681395083665848,0.03141917660832405
1780625776458842000,14.661842041015625,-0.20395632088184357,0.01543568167835474,0.018695656210184097
1780625776468871200,14.67187109375,-0.20663520693778992,0.029286783188581467,-0.009176986292004585
1780625776478901000,14.68190087890625,-0.20712043344974518,0.017591243609786034,-0.04235677793622017
1780625776488930800,14.691930908203124,-0.20146121084690094,0.008393485099077225,-0.056888848543167114
1780625776498960100,14.701960205078125,-0.17561016976833344,-0.011593805626034737,-0.018274344503879547
1780625776508990000,14.711989990234375,-0.16633304953575134,-0.06229639798402786,0.0019473034190014005
1780625776519020000,14.72202001953125,-0.13522759079933167,-0.045463621616363525,0.018069282174110413
1780625776529050000,14.732050048828125,-0.08837380260229111,-0.01696859672665596,0.026821494102478027
1780625776539079000,14.742078857421875,-0.04673980921506882,-0.023897875100374222,0.0231721643358469
1780625776549109000,14.75210888671875,-0.0341624990105629,-0.02136281318962574,-0.001279116258956492
1780625776559139000,14.76213916015625,-0.05879221111536026,-0.009886452928185463,-0.05163336545228958
1780625776569168100,14.772168212890625,-0.11033955961465836,-0.0102592958137393,-0.06605198979377747
1780625776579198200,14.7821982421875,-0.14314010739326477,0.02497459203004837,-0.04904424026608467
1780625776589228000,14.79222802734375,-0.1476011723279953,0.035471174865961075,-0.011638546362519264
1780625776599257000,14.802257080078125,-0.12335948646068573,-0.003052248852327466,0.026983680203557014
1780625776609287000,14.812286865234375,-0.09392915666103363,-0.03273158147931099,0.06806959956884384
1780625776619317000,14.82231689453125,-0.0785219743847847,-0.0674847662448883,0.10119186341762543
1780625776629347000,14.83234716796875,-0.07049014419317245,-0.10619274526834488,0.09933910518884659
1780625776639376000,14.8423759765625,-0.06564585864543915,-0.10717518627643585,0.07781676948070526
1780625776649406000,14.852406005859375,-0.07025232166051865,-0.08719455450773239,0.05661321058869362
1780625776659436000,14.86243603515625,-0.07933557033538818,-0.05741056054830551,0.04204545542597771
1780625776669465000,14.872465087890625,-0.09334805607795715,-0.02695784717798233,0.024217987433075905
1780625776679495200,14.8824951171875,-0.09804720431566238,-0.018208565190434456,0.015458318404853344
1780625776689525200,14.892525146484376,-0.10970652103424072,-0.06313236057758331,0.03977617621421814
1780625776699554800,14.902554931640625,-0.1287667602300644,-0.1152419000864029,0.058403920382261276
1780625776709584000,14.912583984375,-0.1565810889005661,-0.12001615017652512,0.05799219757318497
1780625776719614000,14.922614013671875,-0.1908533126115799,-0.08939352631568909,0.05971073359251022
1780625776729644000,14.93264404296875,-0.20982007682323456,-0.07594989240169525,0.05167491361498833
1780625776739672800,14.9426728515625,-0.21326035261154175,-0.06697557121515274,0.0423559807240963
1780625776749703000,14.952702880859375,-0.20431877672672272,-0.04555656760931015,0.06277896463871002
1780625776759733000,14.96273291015625,-0.17165564000606537,-0.06397738307714462,0.07896298915147781
1780625776769763000,14.97276318359375,-0.1512020379304886,-0.07487930357456207,0.09414487332105637
1780625776779792100,14.982792236328125,-0.1396593600511551,-0.07759812474250793,0.1273060292005539
1780625776789822200,14.992822265625,-0.13523346185684204,-0.08970751613378525,0.1628192812204361
1780625776799851800,15.002851806640624,-0.1355959177017212,-0.09649883955717087,0.19792187213897705
1780625776809881000,15.012881103515625,-0.13790647685527802,-0.08253482729196548,0.20538058876991272
1780625776819911000,15.022910888671875,-0.1404748260974884,-0.06409456580877304,0.20785225927829742
1780625776829941000,15.03294091796875,-0.1396106332540512,-0.04240098595619202,0.20327162742614746
1780625776839970000,15.042969970703124,-0.115102618932724,-0.024174578487873077,0.1782861202955246
1780625776850000000,15.052999755859375,-0.06255152821540833,-0.012021242640912533,0.150798037648201
1780625776860030000,15.063030029296876,-0.005305815953761339,-0.05511758103966713,0.1499498188495636
1780625776870060000,15.07306005859375,0.030420223250985146,-0.1211240291595459,0.13836133480072021
1780625776880089000,15.083089111328125,0.038539934903383255,-0.153542160987854,0.10210559517145157
1780625776890119200,15.093119140625,0.018514296039938927,-0.13324673473834991,0.0716552808880806
1780625776900149000,15.10314892578125,0.0022306637838482857,-0.050580620765686035,0.04633234441280365
1780625776910178000,15.113177978515624,-0.00006285060226218775,0.050032008439302444,0.014692126773297787
1780625776920208000,15.123207763671875,0.0059875850565731525,0.12175306677818298,-0.009252088144421577
1780625776930238000,15.133238037109376,0.025475798174738884,0.14409832656383514,-0.024959944188594818
1780625776940268000,15.14326806640625,0.04038736969232559,0.13531388342380524,-0.021462947130203247
1780625776950297000,15.153297119140625,0.04687057062983513,0.060991447418928146,-0.025133315473794937
1780625776960327000,15.163326904296875,0.038602784276008606,-0.03922916203737259,-0.0616934560239315
1780625776970357000,15.17335693359375,0.02214604802429676,-0.11536387354135513,-0.08275959640741348
1780625776980386000,15.183385986328124,0.003282346064224839,-0.1329687088727951,-0.08168687671422958
1780625776990416100,15.193416015625,-0.013789049349725246,-0.09482637792825699,-0.08659161627292633
1780625777000446200,15.2034462890625,-0.025059014558792114,-0.013429256156086922,-0.10631312429904938
1780625777010476000,15.21347607421875,-0.018322281539440155,0.09018421918153763,-0.11098697036504745
1780625777020504800,15.2235048828125,-0.0020216056145727634,0.15371552109718323,-0.1082329973578453
1780625777030535000,15.233534912109375,0.035350002348423004,0.1988462507724762,-0.11471246927976608
1780625777040565000,15.24356494140625,0.07019320130348206,0.2071388065814972,-0.10823512822389603
1780625777050594000,15.253593994140624,0.09654251486063004,0.18656162917613983,-0.07550807297229767
1780625777060624100,15.2636240234375,0.09782163798809052,0.1594596952199936,-0.05971153452992439
1780625777070654000,15.273654052734376,0.0813654288649559,0.09372622519731522,-0.07995928078889847
1780625777080683000,15.28368310546875,0.03255102038383484,0.03611645847558975,-0.11742303520441055
1780625777090713000,15.293713134765625,-0.02924257330596447,0.013626329600811005,-0.1520656943321228
1780625777100743200,15.3037431640625,-0.08506403118371964,0.005124720744788647,-0.1840990036725998
1780625777110773000,15.31377294921875,-0.126982182264328,0.015503059141337872,-0.19981856644153595
1780625777120802000,15.323802001953124,-0.14426690340042114,0.06012672185897827,-0.19669175148010254
1780625777130832000,15.333831787109375,-0.13176868855953217,0.13770993053913116,-0.1764402836561203
1780625777140862000,15.343862060546876,-0.0960700735449791,0.22134703397750854,-0.1074921041727066
1780625777150891000,15.35389111328125,-0.05265362560749054,0.2210673987865448,-0.06288842111825943
1780625777160921000,15.363921142578125,0.0008785768295638263,0.19628269970417023,-0.06991276890039444
1780625777170951200,15.373951171875,0.04307236894965172,0.18965888023376465,-0.07020918279886246
1780625777180981000,15.38398095703125,0.05341209098696709,0.18092423677444458,-0.09135414659976959
1780625777191010000,15.394010009765625,0.058935489505529404,0.15209393203258514,-0.1391722708940506
1780625777201040100,15.4040400390625,0.057135190814733505,0.1670835316181183,-0.2057981640100479
1780625777211070000,15.414070068359376,0.059296078979969025,0.2453487664461136,-0.26802772283554077
1780625777221099000,15.42409912109375,0.07668732106685638,0.34643277525901794,-0.31938251852989197
1780625777231128800,15.43412890625,0.10809717327356339,0.4429795742034912,-0.35602256655693054
1780625777241159000,15.444158935546875,0.16106131672859192,0.5301112532615662,-0.36368605494499207
1780625777251189000,15.45418896484375,0.2367486208677292,0.5577996373176575,-0.35290399193763733
1780625777261218000,15.464218017578125,0.3098366856575012,0.4942600429058075,-0.38586726784706116
1780625777271248100,15.474248046875,0.3787829875946045,0.4139854609966278,-0.4402812421321869
1780625777281278000,15.48427783203125,0.3991468548774719,0.39583149552345276,-0.4572381377220154
1780625777291307000,15.49430712890625,0.40213704109191895,0.4167357087135315,-0.4682729244232178
1780625777301337000,15.504337158203125,0.41725900769233704,0.4394631087779999,-0.5084166526794434
1780625777311367000,15.514366943359375,0.4258386492729187,0.5239138007164001,-0.54140704870224
1780625777321397000,15.52439697265625,0.4335234761238098,0.6478073000907898,-0.5633863806724548
1780625777331425800,15.53442578125,0.44988274574279785,0.7650523781776428,-0.5795522928237915
1780625777341456000,15.544455810546875,0.4817922115325928,0.8367848992347717,-0.5947229862213135
1780625777351486000,15.55448583984375,0.5025752186775208,0.8499491810798645,-0.6211580634117126
1780625777361515000,15.564514892578124,0.5059435963630676,0.8213300704956055,-0.633980929851532
1780625777371545000,15.574545166015625,0.47596681118011475,0.7496936917304993,-0.6377274990081787
1780625777381575000,15.584574951171875,0.4549912214279175,0.6675178408622742,-0.673357367515564
1780625777391604000,15.59460400390625,0.44344693422317505,0.6125680804252625,-0.7461663484573364
1780625777401634000,15.604634033203125,0.44893279671669006,0.6080063581466675,-0.8153408765792847
1780625777411664000,15.614663818359375,0.46427100896835327,0.6178618669509888,-0.8930713534355164
1780625777421693700,15.624693603515626,0.4877086877822876,0.6122889518737793,-0.9574045538902283
1780625777431722800,15.63472265625,0.5280145406723022,0.6208280920982361,-0.970946729183197
1780625777441752800,15.6447529296875,0.5778316259384155,0.660271406173706,-0.9512984156608582
1780625777451783000,15.654782958984375,0.6546265482902527,0.704581618309021,-0.9066723585128784
1780625777461811700,15.664811767578126,0.701449453830719,0.7284097075462341,-0.846620500087738
1780625777471841800,15.674841796875,0.7468227744102478,0.7240386605262756,-0.7880333662033081
1780625777481872000,15.684871826171875,0.7843097448348999,0.708017885684967,-0.7533392906188965
1780625777491902000,15.69490185546875,0.8174298405647278,0.6930988430976868,-0.7265281677246094
1780625777501931000,15.704930908203124,0.8360304236412048,0.6420878767967224,-0.7118240594863892
1780625777511961000,15.714961181640625,0.8564566373825073,0.5831688642501831,-0.7101329565048218
1780625777521990700,15.72499072265625,0.9509061574935913,0.5444830060005188,-0.7131617665290833
1780625777532020000,15.73502001953125,0.8601338863372803,0.4364425539970398,-0.679473876953125
1780625777542049800,15.7450498046875,0.8255375623703003,0.4081251621246338,-0.6582494974136353
1780625777552080000,15.755079833984375,0.8021334409713745,0.39245566725730896,-0.6476160287857056
1780625777562110000,15.76510986328125,0.7198377847671509,0.4539693593978882,-0.6152615547180176
1780625777572138800,15.775138671875,0.6753286719322205,0.5489121079444885,-0.5534890294075012
1780625777582168800,15.7851689453125,0.6724811792373657,0.6462538242340088,-0.5146726369857788
1780625777592199000,15.795198974609375,0.7738584280014038,0.7724331021308899,-0.4840090274810791
1780625777602228000,15.80522802734375,0.7499299049377441,0.828545093536377,-0.4245198667049408
1780625777612258000,15.815258056640625,0.7377174496650696,0.8509688973426819,-0.3456346392631531
1780625777622288000,15.825287841796875,0.6941329836845398,0.7311703562736511,-0.2931801974773407
1780625777632317700,15.835317626953126,0.6495503187179565,0.6230909824371338,-0.2806697487831116
1780625777642346800,15.8453466796875,0.5484849214553833,0.512556254863739,-0.2545185685157776
1780625777652376800,15.855376953125,0.4533352553844452,0.47035712003707886,-0.2079220414161682
1780625777662407000,15.865406982421876,0.3556113541126251,0.44482699036598206,-0.17141196131706238
1780625777672436000,15.87543603515625,0.23835265636444092,0.3663460314273834,-0.10019131749868393
1780625777682465800,15.8854658203125,0.11824221909046173,0.22014914453029633,0.001555818715132773
1780625777692496000,15.895495849609375,0.011328821070492268,0.04831293597817421,0.10408512502908707
1780625777702526000,15.90552587890625,-0.08745501190423965,-0.1317412555217743,0.1802472621202469
1780625777712555000,15.915554931640624,-0.1777484267950058,-0.2602936327457428,0.2152731567621231
1780625777722585000,15.925585205078125,-0.229868084192276,-0.3311308026313782,0.237192302942276
1780625777732615000,15.935614990234376,-0.2912139892578125,-0.3638884723186493,0.22272787988185883
1780625777742643700,15.945643798828126,-0.34822162985801697,-0.3284718990325928,0.19297264516353607
1780625777752673800,15.955673828125,-0.4033626317977905,-0.26618775725364685,0.22438836097717285
1780625777762704000,15.965703857421875,-0.44472765922546387,-0.29880160093307495,0.27404218912124634
1780625777772734000,15.97573388671875,-0.4810616970062256,-0.40409553050994873,0.30522623658180237
1780625777782763000,15.985762939453124,-0.5237873196601868,-0.4618339538574219,0.298161119222641
1780625777792792800,15.995792724609375,-0.5590451955795288,-0.35260066390037537,0.22874635457992554
1780625777802823000,16.005822998046874,-0.5538924932479858,-0.13014841079711914,0.1995413452386856
1780625777812852000,16.01585205078125,-0.4681171476840973,-0.0032570459879934788,0.16554981470108032
1780625777822882000,16.025882080078127,-0.3393152058124542,-0.03726508095860481,0.1657671332359314
1780625777832912000,16.035911865234375,-0.22478944063186646,-0.10829531401395798,0.18652726709842682
1780625777842942000,16.04594189453125,-0.18512006103992462,-0.09804241359233856,0.16587232053279877
1780625777852970800,16.055970703125,-0.21900425851345062,0.041361287236213684,0.10711473226547241
1780625777863000800,16.066000732421877,-0.27036252617836,0.2542535960674286,0.03298138454556465
1780625777873031000,16.076031005859374,-0.29748228192329407,0.4380636215209961,-0.012418853119015694
1780625777883060000,16.08606005859375,-0.29290351271629333,0.444044828414917,0.009905627928674221
1780625777893089800,16.09608984375,-0.24677303433418274,0.3166322708129883,0.03616439551115036
1780625777903120000,16.106119873046875,-0.18681755661964417,0.1974467635154724,0.023207051679491997
1780625777913150000,16.11614990234375,-0.12751588225364685,0.19411754608154297,-0.014639129862189293
1780625777923179000,16.126178955078124,-0.08325360715389252,0.21992117166519165,0.013432185165584087
1780625777933208800,16.136208740234373,-0.05715196952223778,0.19527629017829895,0.04129843786358833
1780625777943239000,16.146239013671874,-0.05646141245961189,0.21759703755378723,0.05838501453399658
1780625777953267700,16.156267822265626,-0.10083500295877457,0.2485640048980713,0.12213842570781708
1780625777963297800,16.1662978515625,-0.16399292647838593,0.1949029117822647,0.2136070877313614
1780625777973328000,16.176327880859375,-0.23080019652843475,0.05892057344317436,0.2894989252090454
1780625777983358000,16.18635791015625,-0.2873348295688629,-0.11008203029632568,0.3498211205005646
1780625777993387000,16.196386962890625,-0.33861905336380005,-0.2361012101173401,0.3826507031917572
1780625778003416800,16.206416748046873,-0.37573927640914917,-0.2906597852706909,0.4116003215312958
1780625778013447000,16.216447021484374,-0.3909666836261749,-0.33329087495803833,0.44768935441970825
1780625778023476000,16.22647607421875,-0.36736682057380676,-0.3978536128997803,0.4889907240867615
1780625778033505800,16.236505859375,-0.3255472183227539,-0.46946603059768677,0.49924764037132263
1780625778043536000,16.246535888671875,-0.28274381160736084,-0.4671911597251892,0.4831126034259796
1780625778053564700,16.256564697265624,-0.23620428144931793,-0.37665247917175293,0.49333488941192627
1780625778063594800,16.2665947265625,-0.21545745432376862,-0.2873532176017761,0.532878577709198
1780625778073624800,16.276624755859373,-0.23074986040592194,-0.30682119727134705,0.5877223610877991
1780625778083655000,16.286655029296874,-0.2859918177127838,-0.40988925099372864,0.655426561832428
1780625778093684000,16.29668408203125,-0.3818296492099762,-0.5252419710159302,0.7350300550460815
1780625778103714000,16.306714111328127,-0.4964766204357147,-0.6453686356544495,0.7991597652435303
1780625778113744000,16.316743896484375,-0.6125363707542419,-0.6922373175621033,0.8318309187889099
1780625778123773000,16.32677294921875,-0.6976158618927002,-0.7211589813232422,0.8203468322753906
1780625778133803000,16.336802978515625,-0.735592246055603,-0.7193189859390259,0.7985826730728149
1780625778143832800,16.346832763671873,-0.7341048717498779,-0.7214130759239197,0.779071033000946
1780625778153863000,16.35686279296875,-0.7156771421432495,-0.6792016625404358,0.7003671526908875
1780625778163891700,16.3668916015625,-0.6598250269889832,-0.5492449998855591,0.5920382738113403
1780625778173921800,16.376921875,-0.535047173500061,-0.43201079964637756,0.6087126135826111
1780625778183952000,16.386951904296875,-0.43387287855148315,-0.4750424325466156,0.7262261509895325
1780625778193981000,16.39698095703125,-0.3953990042209625,-0.6086257696151733,0.8548930883407593
1780625778204011000,16.407010986328125,-0.379673570394516,-0.7303674221038818,0.9696231484413147
1780625778214041000,16.417041015625,-0.3838094472885132,-0.8220301866531372,1.0568113327026367
1780625778224071000,16.42707080078125,-0.4235917329788208,-0.8386927843093872,1.0999525785446167
1780625778234100000,16.437099853515626,-0.4752240478992462,-0.7746123671531677,1.0930800437927246
1780625778244129800,16.4471298828125,-0.5169299244880676,-0.6879557371139526,1.014281988143921
1780625778254160000,16.457159912109375,-0.49906039237976074,-0.6347442269325256,0.8601839542388916
1780625778264189000,16.46718896484375,-0.4465785622596741,-0.6579509973526001,0.6681013703346252
1780625778274218800,16.47721875,-0.3895552158355713,-0.6949617266654968,0.5124606490135193
1780625778284248800,16.487248779296873,-0.36065006256103516,-0.7614358067512512,0.4629490077495575
1780625778294279000,16.49727880859375,-0.38277801871299744,-0.8182671666145325,0.5210360288619995
1780625778304308000,16.507307861328126,-0.454313188791275,-0.8742476105690002,0.6261786818504333
1780625778314338000,16.517338134765627,-0.5527939200401306,-0.9281891584396362,0.7274981141090393
1780625778324368100,16.5273681640625,-0.6593483686447144,-0.9925902485847473,0.7965032458305359
1780625778334397000,16.53739697265625,-0.7541670203208923,-1.021838665008545,0.8211820125579834
1780625778344426800,16.5474267578125,-0.8227766752243042,-0.9779462814331055,0.8013294339179993
1780625778354456800,16.557456787109373,-0.8612865209579468,-0.8394818902015686,0.7508401870727539
1780625778364487000,16.56748681640625,-0.9044278860092163,-0.7568802237510681,0.6974557638168335
1780625778374515700,16.577515625,-0.8961195945739746,-0.7075592875480652,0.6564191579818726
1780625778384546000,16.587546142578127,-0.8692909479141235,-0.711078941822052,0.6876095533370972
1780625778394576100,16.597576171875,-0.8555290699005127,-0.7269366979598999,0.7374239563941956
1780625778404605200,16.607605224609376,-0.8544952273368835,-0.7854865789413452,0.7790262699127197
1780625778414635300,16.61763525390625,-0.8787835240364075,-0.9088867902755737,0.8057755827903748
1780625778424665000,16.6276650390625,-0.9065461754798889,-1.0538698434829712,0.8184050917625427
1780625778434695000,16.63769482421875,-0.9667801856994629,-1.19957435131073,0.8307033181190491
1780625778444724000,16.647723876953126,-1.0485786199569702,-1.2840654850006104,0.8407120108604431
1780625778454754000,16.657754150390623,-1.0883949995040894,-1.1677790880203247,0.8101029992103577
1780625778464784100,16.6677841796875,-1.0358338356018066,-1.0264917612075806,0.7726051211357117
1780625778474814200,16.677814208984376,-0.9297204613685608,-0.9980723261833191,0.7399393320083618
1780625778484843000,16.687843017578125,-0.8532174229621887,-1.0745540857315063,0.7158286571502686
1780625778494873000,16.697873046875,-0.8217881321907043,-1.1604697704315186,0.7288858890533447
1780625778504903200,16.707903076171874,-0.8250169157981873,-1.2684524059295654,0.7660987377166748
1780625778514932200,16.71793212890625,-0.8418592810630798,-1.325551986694336,0.8304516673088074
1780625778524962300,16.72796240234375,-0.8699985146522522,-1.3447829484939575,0.9047016501426697
1780625778534992000,16.737991943359376,-0.9037303924560547,-1.2860358953475952,0.9208673238754272
1780625778545021200,16.748021240234376,-0.9151119589805603,-1.154679775238037,0.9234689474105835
1780625778555051000,16.758051025390625,-0.8712904453277588,-1.1738824844360352,0.9096215963363647
1780625778565081000,16.7680810546875,-0.7924536466598511,-1.2676407098770142,0.842583954334259
1780625778575111200,16.778111083984374,-0.6863613128662109,-1.2725318670272827,0.73253333568573
1780625778585140000,16.788139892578126,-0.5463807582855225,-1.2098489999771118,0.5931277871131897
1780625778595170000,16.798170166015623,-0.39218616485595703,-1.159258246421814,0.46793442964553833
1780625778605200100,16.8082001953125,-0.2624766230583191,-1.1111997365951538,0.4092106819152832
1780625778615230200,16.818230224609376,-0.2132025510072708,-1.0939456224441528,0.4367554783821106
1780625778625259300,16.82825927734375,-0.2526008188724518,-1.1459810733795166,0.5465131402015686
1780625778635289000,16.8382890625,-0.3605656325817108,-1.2802449464797974,0.6896910667419434
1780625778645319000,16.84831884765625,-0.500602662563324,-1.4234894514083862,0.8053691983222961
1780625778655348000,16.858347900390626,-0.5727695226669312,-1.4377341270446777,0.8487028479576111
1780625778665378000,16.8683779296875,-0.5409018397331238,-1.4001753330230713,0.793489933013916
1780625778675408100,16.878408203125,-0.3878481388092041,-1.3452914953231812,0.6399781107902527
1780625778685438200,16.888438232421876,-0.15635818243026733,-1.1901919841766357,0.45260074734687805
1780625778695467000,16.898467041015625,0.046128347516059875,-0.848339319229126,0.3001265227794647
1780625778705497000,16.9084970703125,0.09137491881847382,-0.46574053168296814,0.26633474230766296
1780625778715527200,16.918527099609374,0.014564028941094875,-0.2809786796569824,0.3691583275794983
1780625778725556200,16.92855615234375,-0.0677228569984436,-0.19375668466091156,0.45872578024864197
1780625778735586000,16.9385859375,-0.09799180924892426,-0.08294441550970078,0.41222482919692993
1780625778745616100,16.9486162109375,-0.11655057966709137,0.009583651088178158,0.26987117528915405
1780625778755646000,16.95864599609375,-0.1180933490395546,0.07457862794399261,0.11980949342250824
1780625778765675000,16.968675048828125,-0.07904182374477386,0.1113254576921463,0.0276273675262928
1780625778775705000,16.978705078125,-0.027608457952737808,0.1434948444366455,-0.009512544609606266
1780625778785735200,16.988735107421874,0.026220684871077538,0.177847757935524,-0.0222666896879673
1780625778795764200,16.99876416015625,0.09239890426397324,0.18621407449245453,-0.022488264366984367
1780625778805794000,17.0087939453125,0.15308861434459686,0.13959145545959473,-0.003509779926389456
1780625778815824100,17.01882421875,0.20191128551959991,0.1037953719496727,0.07539462298154831
1780625778825854000,17.02885400390625,0.2329605519771576,0.019096994772553444,0.20104148983955383
1780625778835883300,17.03888330078125,0.24390293657779694,-0.08579932898283005,0.3108345866203308
1780625778845913000,17.0489130859375,0.24882952868938446,-0.170953631401062,0.34915533661842346
1780625778855943200,17.058943115234374,0.2385510504245758,-0.1821325272321701,0.33039921522140503
1780625778865972000,17.068971923828126,0.21138973534107208,-0.11991655081510544,0.28449270129203796
1780625778876002000,17.079001953125,0.16073881089687347,-0.02286749891936779,0.22305545210838318
1780625778886032100,17.0890322265625,0.10273995995521545,0.04712889716029167,0.16164268553256989
1780625778896062200,17.099062255859376,0.05386243388056755,0.07749026268720627,0.10592776536941528
1780625778906091300,17.10909130859375,0.03321174904704094,0.06542161852121353,0.07404333353042603
1780625778916121000,17.11912109375,0.030106503516435623,0.022820094600319862,0.058930426836013794
1780625778926151000,17.12915087890625,0.05185627192258835,-0.04107899218797684,0.04547800123691559
1780625778936180200,17.13918017578125,0.07585641741752625,-0.08195026218891144,0.025854233652353287
1780625778946210000,17.1492099609375,0.12141058593988419,-0.08937674760818481,0.00768774701282382
1780625778956240100,17.159240234375,0.1861155480146408,-0.08360754698514938,-0.01732625998556614
1780625778966270200,17.169270263671876,0.22664512693881989,-0.0732334703207016,-0.05095958709716797
1780625778976299000,17.179299072265625,0.24692696332931519,-0.06780514866113663,-0.08356200158596039
1780625778986329000,17.1893291015625,0.2567545473575592,-0.06498245894908905,-0.09518643468618393
1780625778996359200,17.199359130859374,0.252393901348114,-0.06525517255067825,-0.07831637561321259
1780625779006388200,17.20938818359375,0.25092411041259766,-0.08567815274000168,-0.04327024146914482
1780625779016418000,17.21941796875,0.2480156570672989,-0.11142799258232117,-0.02473863586783409
1780625779026448100,17.2294482421875,0.24833470582962036,-0.07665296643972397,-0.061518486589193344
1780625779036478000,17.23947802734375,0.2569074332714081,0.027354659512639046,-0.13974271714687347
1780625779046507000,17.249507080078125,0.26798245310783386,0.14636680483818054,-0.2045358270406723
1780625779056537000,17.259537109375,0.27620017528533936,0.21701674163341522,-0.24687503278255463
1780625779066567200,17.269567138671874,0.27975016832351685,0.2436845600605011,-0.27839195728302
1780625779076596000,17.279595947265626,0.2727132737636566,0.21153701841831207,-0.3022991418838501
1780625779086626000,17.2896259765625,0.26062360405921936,0.1432570219039917,-0.3118351101875305
1780625779096656100,17.29965625,0.2429729700088501,0.07917844504117966,-0.27998849749565125
1780625779106686200,17.309686279296876,0.22434255480766296,0.04934704303741455,-0.2119671106338501
1780625779116715300,17.31971533203125,0.1997258961200714,0.029329925775527954,-0.15623940527439117
1780625779126745000,17.3297451171875,0.17588767409324646,0.00021145498612895608,-0.14859452843666077
1780625779136775000,17.33977490234375,0.13927772641181946,0.0019259981345385313,-0.17078186571598053
1780625779146804000,17.349803955078126,0.09880061447620392,0.05620654672384262,-0.2049904316663742
1780625779156834000,17.359833984375,0.07101105898618698,0.09538111090660095,-0.2656993269920349
1780625779166864100,17.369864013671876,0.062490008771419525,0.11354200541973114,-0.3202267289161682
1780625779176894200,17.379894287109376,0.05498362332582474,0.11715938150882721,-0.3241935074329376
1780625779186923000,17.389923095703125,0.030307305976748466,0.11008549481630325,-0.29250961542129517
1780625779196953000,17.399953125,0.005637645721435547,0.08784197270870209,-0.24267549812793732
1780625779206983200,17.409983154296874,-0.016328906640410423,0.05197371914982796,-0.19117341935634613
1780625779217013200,17.42001318359375,-0.02707982063293457,0.01991032436490059,-0.14532843232154846
1780625779227042300,17.430042236328124,-0.019939886406064034,-0.007240868639200926,-0.12212350964546204
1780625779237072000,17.44007177734375,0.0009531453251838684,-0.007951133884489536,-0.12438400089740753
1780625779247102000,17.45010205078125,0.0221543051302433,0.01074186060577631,-0.1380918323993683
1780625779257131000,17.460131103515625,0.033841319382190704,0.038605447858572006,-0.1442330777645111
1780625779267161000,17.4701611328125,0.04210963472723961,0.08513087034225464,-0.12988929450511932
1780625779277191200,17.480191162109374,0.04399275779724121,0.1161108911037445,-0.11650343984365463
1780625779287221200,17.49022119140625,0.03909200802445412,0.11727229505777359,-0.112178735435009
1780625779297250000,17.50025,0.03918894752860069,0.11426239460706711,-0.10431735217571259
1780625779307280100,17.510280029296876,0.04652382433414459,0.10937415808439255,-0.10871662944555283
1780625779317310200,17.520310302734377,0.06284953653812408,0.0917821153998375,-0.11940495669841766
1780625779327339300,17.53033935546875,0.07389499992132187,0.07222892343997955,-0.11403149366378784
1780625779337369000,17.540369140625,0.07642606645822525,0.06974419206380844,-0.09201408177614212
1780625779347399000,17.55039892578125,0.07954569160938263,0.04211176559329033,-0.07288059592247009
1780625779357429000,17.560428955078127,0.08099658042192459,0.00526799913495779,-0.05660495534539223
1780625779367458000,17.5704580078125,0.07928843051195145,-0.006515423767268658,-0.041674476116895676
1780625779377488100,17.580488037109376,0.07107657194137573,-0.020958544686436653,-0.02959890477359295
1780625779387517400,17.590517333984376,0.05632372573018074,-0.04806819185614586,-0.01901257410645485
1780625779397546200,17.600546142578125,0.033006686717271805,-0.09059035032987595,0.0068267472088336945
1780625779407576300,17.610576416015626,0.005623264703899622,-0.13825002312660217,0.05390743911266327
1780625779417606400,17.6206064453125,-0.024573519825935364,-0.20986774563789368,0.09609989821910858
1780625779427636500,17.630636474609375,-0.07920773327350616,-0.2562006115913391,0.18948684632778168
1780625779437665500,17.64066552734375,-0.11097045987844467,-0.18345105648040771,0.2390296310186386
1780625779447695600,17.650695556640624,-0.1202172189950943,-0.055561795830726624,0.20307961106300354
1780625779457725200,17.66072509765625,-0.09700297564268112,-0.00785525981336832,0.10635147243738174
1780625779467754200,17.670754150390625,-0.06139598414301872,-0.3046262264251709,0.19866356253623962
1780625779477783600,17.680783447265625,-0.10728304833173752,-0.3702446222305298,0.4300946593284607
1780625779487813400,17.6908134765625,-0.15582235157489777,0.0384584441781044,0.5467813014984131
1780625779497843500,17.700843505859375,-0.14294198155403137,0.2328425645828247,0.503957986831665
1780625779507872300,17.710872314453123,0.02064695581793785,0.01005050353705883,0.22957167029380798
1780625779517902300,17.72090234375,0.15058951079845428,-0.24008210003376007,-0.11876073479652405
1780625779527932400,17.730932373046876,0.15906475484371185,-0.29372963309288025,-0.15810973942279816
1780625779537962500,17.74096240234375,0.11089908331632614,-0.2436366230249405,-0.01654542051255703
1780625779547991300,17.7509912109375,0.05987878143787384,-0.13831526041030884,0.03972983732819557
1780625779558021400,17.761021484375,0.014545653015375137,-0.0767994374036789,-0.02515515498816967
1780625779568051500,17.771051513671875,-0.02816958539187908,-0.0607813261449337,-0.06003590673208237
1780625779578080500,17.78108056640625,-0.037029657512903214,-0.06919744610786438,-0.018186727538704872
1780625779588110300,17.7911103515625,-0.02473650500178337,-0.10437168180942535,0.027698205783963203
1780625779598140400,17.801140380859376,-0.0036658411845564842,-0.154609814286232,0.04423217475414276
1780625779608170200,17.811170166015625,0.018690863624215126,-0.1784573644399643,0.07393201440572739
1780625779618199300,17.82119921875,0.03515292704105377,-0.1697445660829544,0.10616158694028854
1780625779628229400,17.8312294921875,0.051594484597444534,-0.150517076253891,0.10413066297769547
1780625779638259500,17.841259521484375,0.058824967592954636,-0.14194434881210327,0.10339909046888351
1780625779648289500,17.85128955078125,0.06209160014986992,-0.14444772899150848,0.11063303798437119
1780625779658318300,17.861318359375,0.06523386389017105,-0.13740579783916473,0.10279961675405502
1780625779668348400,17.871348388671876,0.06280932575464249,-0.14403334259986877,0.08738364279270172
1780625779678378200,17.881378173828125,0.04072372615337372,-0.14071743190288544,0.07672407478094101
1780625779688407300,17.8914072265625,0.017899904400110245,-0.12463300675153732,0.08898606151342392
1780625779698437400,17.901437255859374,-0.004065581597387791,-0.11851385980844498,0.1134440004825592
1780625779708467500,17.911467529296875,-0.031007450073957443,-0.13045734167099,0.10951051115989685
1780625779718497300,17.921497314453124,-0.06271238625049591,-0.13142965734004974,0.08225546032190323
1780625779728526300,17.9315263671875,-0.09360744804143906,-0.13823963701725006,0.05054653063416481
1780625779738556400,17.941556396484376,-0.10833127051591873,-0.12305694818496704,0.045515552163124084
1780625779748586500,17.95158642578125,-0.14278991520404816,-0.12143056094646454,0.031439680606126785
1780625779758615600,17.961615478515625,-0.294689416885376,-0.06756626069545746,0.06461920589208603
1780625779768645400,17.971645263671874,-0.7369041442871094,-0.2393912822008133,-0.29226407408714294
1780625779778675200,17.98167529296875,-2.0045082569122314,-0.7736251354217529,-2.045332670211792
1780625779788705300,17.991705322265624,-2.6794912815093994,-0.3161643445491791,-2.0479419231414795
1780625779798734300,18.001734375,-1.6863417625427246,0.06714494526386261,-0.05445205792784691
1780625779808764400,18.011764404296876,-1.2411785125732422,0.4108453392982483,0.9190472960472107
1780625779818794500,18.02179443359375,-0.18996994197368622,0.09962140023708344,0.2230069786310196
1780625779828823300,18.0318232421875,0.09869222342967987,-0.9723004102706909,-0.06615585088729858
1780625779838853400,18.041853271484374,0.08629947155714035,-1.2376338243484497,-0.33794742822647095
1780625779848883500,18.051883544921875,0.19535166025161743,-1.2346177101135254,-0.6591051816940308
1780625779858913500,18.06191357421875,0.25355371832847595,-1.1926183700561523,-0.9864974617958069
1780625779868942600,18.071942626953124,0.300028532743454,-1.2630072832107544,-1.2129833698272705
1780625779878972400,18.081972412109376,0.2502809464931488,-1.166054368019104,-1.0485548973083496
1780625779889002200,18.092002197265625,0.12388972193002701,-1.1656908988952637,-0.6588314175605774
1780625779899031300,18.10203125,-0.013611416332423687,-1.0778100490570068,-0.09155814349651337
1780625779909061400,18.112061279296874,-0.1539837121963501,-1.105736255645752,0.0981081873178482
1780625779919091500,18.122091552734375,-0.11491113901138306,-0.9530249834060669,-0.05006210133433342
1780625779929121500,18.13212158203125,-0.04645990952849388,-0.8866462111473083,-0.18211494386196136
1780625779939150300,18.142150390625,0.002463157754391432,-0.9048371911048889,-0.26488491892814636
1780625779949180400,18.152180419921876,0.026440395042300224,-0.9879035949707031,-0.3100329637527466
1780625779959210500,18.16221044921875,0.008315454237163067,-1.0697723627090454,-0.36762621998786926
1780625779969239600,18.172239501953126,0.01594780758023262,-1.1016263961791992,-0.4024324119091034
1780625779979269600,18.18226953125,0.036265064030885696,-1.0171033143997192,-0.4082527458667755
1780625779989299200,18.19229931640625,0.08105836808681488,-0.823687732219696,-0.39575424790382385
1780625779999329300,18.202329345703124,0.10617224127054214,-0.5289831757545471,-0.28334036469459534
1780625780009358300,18.2123583984375,0.0982368215918541,-0.22405759990215302,-0.08395987749099731
1780625780019388400,18.222388427734376,0.08382272720336914,-0.010897921398282051,0.14376302063465118
1780625780029418500,18.23241845703125,0.07863036543130875,0.13918238878250122,0.40084248781204224
1780625780039448600,18.242448486328126,0.04148193076252937,0.34068140387535095,0.672305703163147
1780625780049477400,18.252477294921874,0.07527051866054535,0.6721914410591125,0.9643735289573669
1780625780059507500,18.262507568359375,0.0927850678563118,0.9158030152320862,1.156333088874817
1780625780069537300,18.272537353515624,0.08949819207191467,1.0271040201187134,1.1527857780456543
1780625780079566600,18.282566650390624,0.10697705298662186,1.085410475730896,1.0702900886535645
1780625780089596200,18.29259619140625,0.11396438628435135,1.0319349765777588,0.8923099637031555
1780625780099626200,18.302626220703125,0.11782996356487274,0.7493256330490112,0.5577064156532288
1780625780109656300,18.31265625,0.0961928442120552,0.31472837924957275,0.17355740070343018
1780625780119685400,18.322685302734374,0.0804290622472763,0.06962434947490692,-0.07850439846515656
1780625780129715500,18.332715576171875,0.08213721215724945,0.0753173902630806,-0.10104672610759735
1780625780139745500,18.34274560546875,0.06603947281837463,0.11172786355018616,-0.074017234146595
1780625780149774300,18.3527744140625,0.06311158835887909,0.08216757327318192,-0.06377152353525162
1780625780159804400,18.362804443359376,0.06596623361110687,0.0481821745634079,-0.06627995520830154
1780625780169834500,18.37283447265625,0.0689854621887207,0.03224289044737816,-0.06258322298526764
1780625780179864300,18.3828642578125,0.06823524832725525,0.03170839324593544,-0.047136884182691574
1780625780189893400,18.392893310546874,0.06759608536958694,0.04904264211654663,-0.04190217703580856
1780625780199923200,18.402923095703127,0.06896708160638809,0.05091830715537071,-0.052380383014678955
1780625780209953300,18.412953369140624,0.06724721193313599,0.042755719274282455,-0.07156126946210861
1780625780219982300,18.422982421875,0.06526795029640198,0.03015444055199623,-0.09198105335235596
1780625780230012400,18.433012451171876,0.06941502541303635,0.02281237207353115,-0.11010812968015671
1780625780240042500,18.44304248046875,0.07255196571350098,0.027512583881616592,-0.12121856957674026
1780625780250072600,18.453072509765626,0.07265742868185043,0.04223959892988205,-0.10608116537332535
1780625780260101400,18.463101318359374,0.07056897133588791,0.048593368381261826,-0.07725084573030472
1780625780270131500,18.47313134765625,0.0667172446846962,0.04896141588687897,-0.05374951288104057
1780625780280161300,18.483161376953124,0.05399266257882118,0.046902526170015335,-0.03439818695187569
1780625780290190300,18.4931904296875,0.04277702420949936,0.04543086513876915,-0.018606973811984062
1780625780300220400,18.503220458984377,0.03329377621412277,0.03532629832625389,-0.003934287931770086
1780625780310250200,18.513250244140625,0.02779248170554638,0.03039678744971752,0.010437993332743645
1780625780320280300,18.5232802734375,0.026973560452461243,0.03062422201037407,0.014960840344429016
1780625780330309400,18.533309326171874,0.023211579769849777,0.03392068296670914,0.005316202063113451
1780625780340339500,18.54333935546875,0.011330152861773968,0.05143895745277405,-0.010631871409714222
1780625780350369500,18.55336962890625,0.000913197931367904,0.0640207976102829,-0.016167517751455307
1780625780360399400,18.5633994140625,-0.003863980295136571,0.052548427134752274,-0.030596524477005005
1780625780370428400,18.573428466796877,-0.0057130130007863045,0.033668216317892075,-0.039735693484544754
1780625780380458200,18.583458251953125,-0.0054240599274635315,0.019600333645939827,-0.028487034142017365
1780625780390488000,18.593488037109374,0.003513508476316929,0.020124709233641624,-0.003111371072009206
1780625780400516900,18.603516845703126,0.01449931412935257,0.011030280962586403,0.030195185914635658
1780625780410547000,18.613546875,0.02466966025531292,-0.0065167550928890705,0.05512024462223053
1780625780420577000,18.623576904296876,0.03299576789140701,-0.007211573887616396,0.06486794352531433
1780625780430607000,18.633607177734376,0.03609568625688553,0.0013912353897467256,0.06999719142913818
1780625780440636200,18.64363623046875,0.03225674107670784,0.004086354281753302,0.06940916925668716
1780625780450666200,18.653666259765625,0.014414358884096146,-0.0006106628570705652,0.05169142410159111
1780625780460696000,18.663696044921874,-0.0022804648615419865,-0.02419588342308998,0.03255128487944603
1780625780470725000,18.67372509765625,-0.018874088302254677,-0.035838425159454346,0.01715315505862236
1780625780480755200,18.683755126953123,-0.028329109773039818,-0.041614290326833725,0.004421646241098642
1780625780490785000,18.693784912109376,-0.030721694231033325,-0.030954454094171524,0.006642988882958889
1780625780500815000,18.703815185546876,-0.03405916690826416,-0.016210395842790604,0.022352710366249084
1780625780510844000,18.713843994140625,-0.033239979296922684,-0.015036473982036114,0.03375556692481041
1780625780520874000,18.7238740234375,-0.030002107843756676,-0.013114470057189465,0.024824922904372215
1780625780530904000,18.733904052734374,-0.022535935044288635,0.00008415588672505692,0.011577027849853039
1780625780540934100,18.74393408203125,-0.012469719164073467,0.01625780016183853,-0.0023941819090396166
1780625780550963200,18.753963134765623,-0.0016977651976048946,0.029708627611398697,-0.013977068476378918
1780625780560993300,18.7639931640625,0.007724498864263296,0.041005488485097885,-0.02526700682938099
1780625780571023000,18.774023193359376,0.014547783881425858,0.05452396348118782,-0.034873828291893005
1780625780581052200,18.78405224609375,0.02375699393451214,0.06240345537662506,-0.04410194605588913
1780625780591082000,18.79408203125,0.025901371613144875,0.06360560655593872,-0.06394463032484055
1780625780601112000,18.804112060546874,0.018399780616164207,0.04946981370449066,-0.06677903234958649
1780625780611142100,18.81414208984375,0.0007060039788484573,0.037147633731365204,-0.05573996156454086
1780625780621171000,18.8241708984375,-0.01571265049278736,0.026076341047883034,-0.045580003410577774
1780625780631201000,18.834200927734376,-0.02684572897851467,0.022155102342367172,-0.03680328652262688
1780625780641231000,18.844231201171876,-0.02575756050646305,0.012450011447072029,-0.03958096355199814
1780625780651260200,18.85426025390625,-0.022844329476356506,-0.005097024142742157,-0.04204385727643967
1780625780661290200,18.864290283203125,-0.02328028902411461,-0.01901443675160408,-0.04508332163095474
1780625780671320300,18.8743203125,-0.016045812517404556,-0.020327908918261528,-0.03687093406915665
1780625780681350000,18.884349853515626,-0.007545800413936377,-0.018743060529232025,-0.0246113371104002
1780625780691379000,18.89437890625,0.0016250609187409282,-0.003698864486068487,-0.006607568822801113
1780625780701409000,18.904408935546876,0.004085821565240622,0.0046695866622030735,-0.0015275891637429595
1780625780711439000,18.914439208984376,0.0091719264164567,0.005041896365582943,-0.0006543386843986809
1780625780721468200,18.92446826171875,0.011452924460172653,-0.00049082055920735,-0.0051806471310555935
1780625780731498000,18.934498046875,0.011183944530785084,0.003051982494071126,-0.01101430132985115
1780625780741528000,18.944528076171874,0.005453887395560741,0.00027750138542614877,-0.018198978155851364
1780625780751558100,18.95455810546875,0.0010394317796453834,0.007902397774159908,-0.01828393153846264
1780625780761587200,18.964587158203123,-0.002636795863509178,0.016019446775317192,-0.01077115535736084
1780625780771617300,18.9746171875,-0.0021369203459471464,0.014486797153949738,-0.012179167941212654
1780625780781647000,18.984647216796876,-0.005632852204144001,0.019543606787919998,-0.008736765943467617
1780625780791677000,18.994677001953125,-0.009694704785943031,0.02635570801794529,0.0011701929615810513
1780625780801706000,19.0047060546875,-0.006730340886861086,0.026012692600488663,0.009289371781051159
1780625780811736000,19.014736083984374,-0.004313522018492222,0.027785291895270348,0.015336612239480019
1780625780821766100,19.02476611328125,-0.004228300880640745,0.04296717420220375,0.016039686277508736
1780625780831795200,19.034795166015623,-0.0027113643009215593,0.05318492278456688,0.006248041987419128
1780625780841825000,19.044824951171876,0.0054818508215248585,0.04531208798289299,-0.0075913406908512115
1780625780851855000,19.054855224609376,0.0018434401135891676,0.04177514463663101,-0.015960324555635452
1780625780861885200,19.06488525390625,0.0059785302728414536,0.04115942120552063,-0.023485884070396423
1780625780871914200,19.074914306640625,0.008475510403513908,0.044386107474565506,-0.02064216136932373
1780625780881944000,19.084944091796874,0.013688914477825165,0.04080894961953163,-0.016079101711511612
1780625780891974100,19.09497412109375,0.017252223566174507,0.03237045556306839,-0.01104599330574274
1780625780902003000,19.1050029296875,0.017790181562304497,0.02558285742998123,-0.005985986907035112
1780625780912033000,19.115032958984376,0.020115388557314873,0.020255204290151596,0.0031443943735212088
1780625780922063000,19.12506298828125,0.022164957597851753,0.013228720054030418,0.008266185410320759
1780625780932093200,19.13509326171875,0.02623826265335083,0.01582157425582409,0.021589182317256927
1780625780942122000,19.1451220703125,0.028508340939879417,0.016711601987481117,0.029927005991339684
1780625780952152000,19.155152099609374,0.031387750059366226,0.021807027980685234,0.02737196907401085
1780625780962182100,19.16518212890625,0.02707502618432045,0.026751453056931496,0.021378790959715843
1780625780972212000,19.1752119140625,0.018875153735280037,0.032819200307130814,0.013792777433991432
1780625780982241300,19.1852412109375,0.011440407484769821,0.03382347896695137,0.013006612658500671
1780625780992271000,19.19527099609375,0.005828860681504011,0.032108135521411896,0.007592938374727964
1780625781002301000,19.205301025390625,0.0018373148050159216,0.025423334911465645,0.005397162400186062
1780625781012330000,19.215330078125,0.0008652610122226179,0.028080370277166367,0.005109274294227362
1780625781022360000,19.225360107421874,-0.003097256412729621,0.023864852264523506,0.0076360818929970264
1780625781032390100,19.23539013671875,-0.0033041839487850666,0.01787513680756092,0.011457185260951519
1780625781042420200,19.245420166015624,-0.002444781828671694,0.011452125385403633,0.01438240148127079
1780625781052449000,19.255448974609376,-0.004787298385053873,0.008288555778563023,0.012974387966096401
1780625781062479000,19.26547900390625,-0.0035353463608771563,0.011475827544927597,0.006318083498626947
1780625781072509000,19.275509033203125,0.0014729943359270692,0.01751694269478321,0.000011717908819264267
1780625781082538200,19.285538330078126,0.0027286747936159372,0.01575419493019581,-0.0018839201657101512
1780625781092568000,19.295568115234374,0.005367068573832512,0.016410931944847107,-0.004729773849248886
1780625781102598100,19.30559814453125,0.0036605149507522583,0.023931432515382767,0.005024852231144905
1780625781112628000,19.3156279296875,0.0025856629945337772,0.030241791158914566,0.011836153455078602
1780625781122657000,19.325656982421876,0.0031902005430310965,0.024866733700037003,0.014430604875087738
1780625781132687000,19.33568701171875,0.0013369068037718534,0.014376542530953884,0.013398895971477032
1780625781142717200,19.34571728515625,-0.005118861794471741,0.0031103058718144894,0.009493636898696423
1780625781152747300,19.355747314453126,-0.012617524713277817,0.00018269284919369966,0.01260900218039751
1780625781162776000,19.365776123046874,-0.020974790677428246,-0.008757805451750755,0.012013252824544907
1780625781172806100,19.37580615234375,-0.023206518962979317,-0.015956861898303032,0.010182863101363182
1780625781182836000,19.3858359375,-0.018040785565972328,-0.015254853293299675,0.01696247234940529
1780625781192865000,19.395864990234376,-0.010570885613560677,-0.01967703178524971,0.029095834121108055
1780625781202895000,19.40589501953125,-0.0033358754590153694,-0.00791411567479372,0.03874313458800316
1780625781212925200,19.41592529296875,-0.00025486451340839267,-0.0036216326989233494,0.03221333026885986
1780625781222955000,19.425955078125,0.002168079372495413,-0.002996056107804179,0.016095878556370735
1780625781232984000,19.435984130859374,-0.0034647725988179445,-0.005289570428431034,0.002034921431913972
1780625781243014100,19.44601416015625,-0.010519485920667648,0.002273274352774024,-0.00944916158914566
1780625781253044200,19.456044189453124,-0.011977300979197025,0.0028453213162720203,-0.015361645258963108
1780625781263073300,19.4660732421875,-0.015259913168847561,0.005504487548023462,-0.007187339011579752
1780625781273103000,19.47610302734375,-0.014012754894793034,0.0014820491196587682,0.00013901700731366873
1780625781283133000,19.4861328125,-0.011500328779220581,-0.007848069071769714,0.001300155185163021
1780625781293163000,19.4961630859375,-0.009009740315377712,-0.009107477962970734,0.003066896228119731
1780625781303192000,19.506192138671874,-0.005922337528318167,-0.01016635075211525,0.0026341325137764215
1780625781313222100,19.51622216796875,-0.00007669904152862728,-0.003866909770295024,0.002581934677436948
1780625781323252200,19.526252197265624,0.003980094101279974,-0.002490854589268565,-0.0009275790071114898
1780625781333282000,19.536281982421876,0.007028614636510611,0.005132177844643593,0.0016138756182044744
1780625781343311000,19.54631103515625,0.012212458066642284,0.005879194475710392,0.0011121360585093498
1780625781353341200,19.556341064453125,0.016352076083421707,0.0005773733137175441,0.0012159993639215827
1780625781363371000,19.56637109375,0.023792413994669914,-0.006371080409735441,0.0021116205025464296
1780625781373400600,19.576400634765626,0.027514981105923653,-0.012764531187713146,0.005898635368794203
1780625781383430700,19.5864306640625,0.02901354245841503,-0.013570403680205345,0.013439642265439034
1780625781393460700,19.596460693359376,0.029501698911190033,-0.013823137618601322,0.02184884063899517
1780625781403490800,19.60649072265625,0.026736538857221603,-0.01871696300804615,0.024046747013926506
1780625781413520000,19.616519775390625,0.025408154353499413,-0.022342590615153313,0.018756909295916557
1780625781423549700,19.6265498046875,0.025720544159412384,-0.024085627868771553,0.0112798186019063
1780625781433579800,19.636579833984374,0.02550509385764599,-0.02383369393646717,0.01041429117321968
1780625781443609600,19.646609619140627,0.025771142914891243,-0.019050389528274536,0.01612011343240738
1780625781453639000,19.656638916015623,0.027846544981002808,-0.02520788460969925,0.016713732853531837
1780625781463668700,19.666668701171876,0.02930782176554203,-0.033118005841970444,0.014425810426473618
1780625781473698800,19.67669873046875,0.025353560224175453,-0.031030353158712387,0.00944969430565834
1780625781483727600,19.6867275390625,0.022110361605882645,-0.021914619952440262,0.015976835042238235
1780625781493757700,19.6967578125,0.025115206837654114,-0.017300160601735115,0.020677048712968826
1780625781503787800,19.706787841796874,0.032822929322719574,-0.025202026590704918,0.025183117017149925
1780625781513817900,19.71681787109375,0.038068823516368866,-0.02762763202190399,0.03370363637804985
1780625781523847000,19.726846923828123,0.041304562240839005,-0.023086410015821457,0.045826077461242676
1780625781533876700,19.736876708984376,0.044791173189878464,-0.022760173305869102,0.05293964594602585
1780625781543906800,19.74690673828125,0.036373455077409744,-0.026575950905680656,0.055626776069402695
1780625781553936000,19.756935791015625,0.02755865640938282,-0.028977589681744576,0.05590880662202835
1780625781563965700,19.766965576171874,0.022183332592248917,-0.036857884377241135,0.05102110654115677
1780625781573995800,19.776995849609374,0.024400414898991585,-0.03984541818499565,0.0502445288002491
1780625781584025900,19.78702587890625,0.026039855554699898,-0.02905348874628544,0.03633537143468857
1780625781594054700,19.7970546875,0.02382836677134037,-0.027697674930095673,0.016261260956525803
1780625781604084700,19.807084716796876,0.021134845912456512,-0.030050311237573624,0.00038695731200277805
1780625781614114800,19.81711474609375,0.01387000922113657,-0.032175514847040176,-0.007750065065920353
1780625781624145000,19.827144775390625,0.015918778255581856,-0.03164474666118622,-0.0016322514275088906
1780625781634174000,19.837174072265626,0.020072510465979576,-0.028851620852947235,0.013101953081786633
1780625781644203800,19.847203857421874,0.02653200924396515,-0.028017519041895866,0.031918518245220184
1780625781654233600,19.857233642578127,0.03315449133515358,-0.029269471764564514,0.047993890941143036
1780625781664262700,19.8672626953125,0.036846697330474854,-0.03454918786883354,0.05492397025227547
1780625781674292700,19.877292724609376,0.036786243319511414,-0.02959863841533661,0.056299492716789246
1780625781684322800,19.88732275390625,0.03388925641775131,-0.023991351947188377,0.058465439826250076
1780625781694353000,19.897352783203125,0.030125943943858147,-0.015480422414839268,0.06114058569073677
1780625781704381700,19.907381591796874,0.025551432743668556,-0.022475481033325195,0.05589655414223671
1780625781714411800,19.917411865234374,0.01979021541774273,-0.03339923545718193,0.05096011981368065
1780625781724441900,19.92744189453125,0.014963769353926182,-0.03418886289000511,0.04519437626004219
1780625781734471700,19.9374716796875,0.01697365753352642,-0.032638102769851685,0.034636273980140686
1780625781744501000,19.9475009765625,0.01810896210372448,-0.033431194722652435,0.02582414075732231
1780625781754530600,19.957530517578125,0.020434968173503876,-0.0325494222342968,0.02099369838833809
1780625781764560600,19.967560546875,0.023749005049467087,-0.035228028893470764,0.024636104702949524
1780625781774589700,19.977589599609374,0.027100859209895134,-0.03530605882406235,0.03563123196363449
1780625781784619800,19.987619873046874,0.032273516058921814,-0.027576500549912453,0.04411579668521881
1780625781794649900,19.99764990234375,0.035286884754896164,-0.02142326720058918,0.04481887072324753
1780625781804680000,20.007679931640624,0.03771701827645302,-0.02220037765800953,0.041545044630765915
1780625781814708700,20.017708740234376,0.0346573144197464,-0.018847988918423653,0.03428740054368973
1780625781824738800,20.02773876953125,0.032830383628606796,-0.0142931854352355,0.03134966641664505
1780625781834769000,20.037768798828125,0.03143435716629028,-0.007727161981165409,0.029873477295041084
1780625781844798700,20.047798828125,0.029627667739987373,-0.009703227318823338,0.023731162771582603
1780625781854827800,20.057827880859374,0.02893657609820366,-0.014140053652226925,0.017401892691850662
1780625781864857600,20.067857666015627,0.02797411009669304,-0.020782509818673134,0.021262943744659424
1780625781874887700,20.0778876953125,0.027903269976377487,-0.030940871685743332,0.03550579771399498
1780625781884916700,20.087916748046876,0.028302477672696114,-0.04068058356642723,0.05056037753820419
1780625781894946800,20.09794677734375,0.032950494438409805,-0.041488319635391235,0.054131146520376205
1780625781904977000,20.107976806640625,0.053572412580251694,-0.02858184278011322,0.05234815925359726
1780625781915007000,20.118007080078126,0.06806427240371704,0.007977765053510666,0.06409802287817001
1780625781925035800,20.128035888671874,0.043060652911663055,0.012574913911521435,0.04372217878699303
1780625781935065900,20.13806591796875,0.02377590350806713,-0.0005779059720225632,0.017053285613656044
1780625781945095700,20.148095703125,0.020375046879053116,-0.0014660701854154468,0.00905847642570734
1780625781955124700,20.158124755859376,0.025254756212234497,-0.008886169642210007,0.012073440477252007
1780625781965154600,20.168154541015625,0.029557624831795692,-0.006989998742938042,0.011491007171571255
1780625781975184600,20.1781845703125,0.02961408533155918,-0.013042831793427467,0.005892243701964617
1780625781985214700,20.188214599609374,0.020783042535185814,-0.021205419674515724,-0.006414223462343216
1780625781995243800,20.198243896484374,0.010692325420677662,-0.019888486713171005,-0.0102539686486125
1780625782005273900,20.20827392578125,0.00830906257033348,-0.01781761273741722,-0.011776232160627842
1780625782015304000,20.218303955078124,0.007820372469723225,-0.015172295272350311,-0.007041930686682463
1780625782025333800,20.228333740234376,0.007390538230538368,-0.013581056147813797,0.0029047098942101
1780625782035362800,20.23836279296875,0.008697085082530975,-0.012444418855011463,0.003900465788319707
1780625782045392600,20.248392578125,0.00999084860086441,-0.010627610608935356,-0.0015393070643767715
1780625782055422700,20.258422607421874,0.008412659168243408,0.0046783750876784325,-0.0035326832439750433
1780625782065451800,20.26845166015625,0.007017962168902159,0.008881908841431141,-0.015183214098215103
1780625782075481600,20.278481689453123,0.005078914575278759,0.008982310071587563,-0.021328192204236984
1780625782085511700,20.28851171875,0.0010327738709747791,0.015263641253113747,-0.01878354139626026
1780625782095541800,20.298541748046876,-0.007502923719584942,0.01318051666021347,-0.023204388096928596
1780625782105570800,20.30857080078125,-0.010777280665934086,0.013055081479251385,-0.02407524175941944
1780625782115601000,20.318600830078125,-0.012860937044024467,0.008775115944445133,-0.02449682168662548
1780625782125631000,20.328630859375,-0.014289990067481995,0.0028013791888952255,-0.02299319952726364
1780625782135660500,20.33866064453125,-0.010869425721466541,-0.0007382282637991011,-0.020659739151597023
1780625782145689600,20.348689697265623,-0.005964681971818209,-0.004667189903557301,-0.017073525115847588
1780625782155719700,20.3587197265625,-0.0031430625822395086,-0.003231213428080082,-0.0126995500177145
1780625782165749800,20.368749755859376,-0.0015670040156692266,0.0041121868416666985,-0.013519004918634892
1780625782175778800,20.37877880859375,0.0018341189716011286,0.0036360137164592743,-0.015963787212967873
1780625782185808600,20.38880859375,-0.0010029464028775692,0.009305617772042751,-0.012736834585666656
1780625782195838700,20.398838623046874,-0.0008444883860647678,0.010610832832753658,-0.015132613480091095
1780625782205868800,20.408868896484375,0.00022024342615623027,0.008086156100034714,-0.013264939188957214
1780625782215897900,20.41889794921875,-0.0017808558186516166,0.006235525477677584,-0.010605240240693092
1780625782225928000,20.428927978515624,-0.0011611381778493524,0.00830000825226307,-0.012456403113901615
1780625782235957800,20.438957763671876,-0.002499643014743924,0.008620652370154858,-0.015456720255315304
1780625782245987600,20.448987548828125,-0.003462375607341528,0.014540060423314571,-0.01324283517897129
1780625782256016600,20.4590166015625,-0.0034381409641355276,0.01167423278093338,-0.011050786823034286
1780625782266046700,20.469046630859374,-0.0029017801862210035,0.013717143796384335,-0.012040417641401291
1780625782276076800,20.479076904296875,-0.0014969628537073731,0.012388226576149464,-0.00851226132363081
1780625782286105900,20.48910595703125,-0.000862864195369184,0.011300325393676758,-0.00515827676281333
1780625782296135700,20.4991357421875,-0.0027092336677014828,0.016056731343269348,0.0022887205705046654
1780625782306165800,20.509165771484376,-0.007163903210312128,0.012121377512812614,0.006088785361498594
1780625782316195800,20.51919580078125,-0.0105328019708395,0.008263256400823593,0.008583900518715382
1780625782326225000,20.529224853515625,-0.009035306982696056,0.006704774219542742,0.005064533557742834
1780625782336254700,20.539254638671874,-0.0030487868934869766,0.010459032841026783,0.0010016148444265127
1780625782346284800,20.549284912109375,0.0004703142330981791,0.026090189814567566,-0.00824035331606865
1780625782356314600,20.559314697265624,0.001520665013231337,0.02190423384308815,-0.02713042125105858
1780625782366343700,20.56934375,-0.006754841655492783,0.030284935608506203,-0.047516919672489166
1780625782376374000,20.5793740234375,-0.015724901109933853,0.039133019745349884,-0.05331408604979515
1780625782386404000,20.589404052734373,-0.01894759200513363,0.0507127121090889,-0.05511252209544182
1780625782396433200,20.59943310546875,-0.017007745802402496,0.05271700769662857,-0.04819522425532341
1780625782406463000,20.609462890625,-0.007241934072226286,0.052145227789878845,-0.0347696989774704
1780625782416493000,20.6194931640625,0.003061569994315505,0.05096784234046936,-0.02137000299990177
1780625782426523000,20.62952294921875,0.014123275876045227,0.05097103863954544,-0.012378105893731117
1780625782436552000,20.639552001953124,0.023687751963734627,0.041366882622241974,-0.007660316303372383
1780625782446582000,20.64958203125,0.028069185093045235,0.028744297102093697,-0.003242931328713894
1780625782456612000,20.659612060546873,0.027908863499760628,0.018750518560409546,0.002482066163793206
1780625782466642000,20.669641845703126,0.02359427511692047,0.01432301290333271,0.007958058267831802
1780625782476671000,20.6796708984375,0.01818033494055271,0.0111059146001935,0.005124188028275967
1780625782486701000,20.689701171875,0.006729808170348406,0.007448861375451088,0.0022072279825806618
1780625782496731100,20.699731201171875,-0.002310824813321233,0.011264372617006302,0.006577474996447563
1780625782506760200,20.70976025390625,-0.01173228956758976,0.014850851148366928,0.002689260058104992
1780625782516790000,20.7197900390625,-0.020952686667442322,0.014855911023914814,0.0012953615514561534
1780625782526819800,20.72981982421875,-0.02937306836247444,0.026913372799754143,0.009769273921847343
1780625782536850000,20.739849853515626,-0.03525439277291298,0.01900378428399563,0.011419900692999363
1780625782546879000,20.74987890625,-0.03904380649328232,0.006401173770427704,0.01320874597877264
1780625782556909000,20.759908935546875,-0.04054609313607216,0.004022438544780016,0.021200627088546753
1780625782566939100,20.769939208984376,-0.03135499358177185,-0.0005262406193651259,0.0234677754342556
1780625782576969000,20.779968994140624,-0.024211063981056213,-0.009571134112775326,0.02569977007806301
1780625782586998000,20.789998046875,-0.013000220991671085,-0.011346397921442986,0.03027454949915409
1780625782597028000,20.800028076171873,0.001716939965263009,-0.00878150761127472,0.03079972416162491
1780625782607058200,20.81005810546875,0.00902625173330307,-0.009000951424241066,0.021320734173059464
1780625782617087200,20.820087158203126,0.009996174834668636,-0.004026167094707489,0.012850550934672356
1780625782627116800,20.83011669921875,0.004157727118581533,0.002662362065166235,0.010881409980356693
1780625782637147000,20.84014697265625,0.0009467537747696042,0.001184574095532298,0.002665291540324688
1780625782647177000,20.850177001953124,-0.001972337020561099,-0.010663297027349472,-0.005914081819355488
1780625782657206000,20.8602060546875,-0.00890640914440155,-0.01569933444261551,-0.010283263400197029
1780625782667236000,20.870236083984373,-0.011319499462842941,-0.01690414920449257,-0.01133973989635706
1780625782677266200,20.88026611328125,-0.014991465955972672,-0.02039342187345028,-0.0023371900897473097
1780625782687295000,20.890294921875,-0.01480504497885704,-0.021874671801924706,0.004767591133713722
1780625782697325000,20.900324951171875,-0.007733287289738655,-0.023260315880179405,0.009553291834890842
1780625782707355100,20.910355224609376,0.008204400539398193,-0.0210027527064085,0.009286176413297653
1780625782717385000,20.920385009765624,0.020121246576309204,-0.026822825893759727,0.0012591425329446793
1780625782727414000,20.9304140625,0.03156671300530434,-0.04502047225832939,-0.008585765026509762
1780625782737443800,20.94044384765625,0.03570020571351051,-0.04567055031657219,-0.018548650667071342
1780625782747474000,20.950473876953126,0.02382810041308403,-0.0348471961915493,-0.027842283248901367
1780625782757504000,20.96050390625,0.012251872569322586,-0.013699034228920937,-0.037768684327602386
1780625782767533000,20.970532958984375,0.00512711750343442,0.0006740460521541536,-0.03940413147211075
1780625782777563100,20.980563232421876,-0.0005739112384617329,0.0019632822368294,-0.030194386839866638
1780625782787593200,20.99059326171875,-0.005279717035591602,-0.0076006618328392506,-0.02400813065469265
1780625782797622000,21.0006220703125,-0.00965715479105711,-0.019293271005153656,-0.0067748152650892735
1780625782807652000,21.010652099609374,-0.011054248549044132,-0.01943228766322136,0.009748767130076885
1780625782817682000,21.020681884765626,-0.012461729347705841,-0.02341531030833721,0.029564816504716873
1780625782827712000,21.0307119140625,-0.011928564868867397,-0.023782027885317802,0.05029699206352234
1780625782837740800,21.04074072265625,-0.012107795104384422,-0.03448687121272087,0.06840382516384125
1780625782847771000,21.05077099609375,-0.017117202281951904,-0.04339993745088577,0.06755533814430237
1780625782857801000,21.060801025390624,-0.023725835606455803,-0.04517040774226189,0.05691042169928551
1780625782867831000,21.0708310546875,-0.03367513790726662,-0.048953428864479065,0.042160503566265106
1780625782877860000,21.080860107421874,-0.040644098073244095,-0.0593823678791523,0.034936677664518356
1780625782887890200,21.09089013671875,-0.048046886920928955,-0.06238401681184769,0.03256726264953613
1780625782897920300,21.100920166015626,-0.05229143425822258,-0.06317657232284546,0.035467445850372314
1780625782907949800,21.11094970703125,-0.05417029559612274,-0.0611211434006691,0.04328275844454765
1780625782917979000,21.120978759765624,-0.051720451563596725,-0.05510799214243889,0.04650438576936722
1780625782928009000,21.131009033203124,-0.04511794447898865,-0.046791475266218185,0.045585326850414276
1780625782938039000,21.1410390625,-0.040705617517232895,-0.037816353142261505,0.04835954308509827
1780625782948067800,21.15106787109375,-0.03199441730976105,-0.026640398427844048,0.04667935520410538
1780625782958098000,21.161097900390626,-0.025562351569533348,-0.02617141604423523,0.038538336753845215
1780625782968128000,21.1711279296875,-0.01979687437415123,-0.02431679144501686,0.02936507947742939
1780625782978158000,21.181157958984375,-0.019241871312260628,-0.020653612911701202,0.02052205242216587
1780625782988187100,21.191187255859376,-0.021022194996476173,-0.013482519425451756,0.00560941593721509
1780625782998217200,21.20121728515625,-0.02888384647667408,-0.006678675301373005,0.006363889668136835
1780625783008246800,21.211246826171877,-0.03224075958132744,-0.014427674934267998,0.013863617554306984
1780625783018276000,21.221276123046874,-0.02965616248548031,-0.0275645162910223,0.026746125891804695
1780625783028306000,21.231305908203126,-0.023123428225517273,-0.024579644203186035,0.04324920475482941
1780625783038336000,21.2413359375,-0.01025769766420126,-0.022521819919347763,0.052017662674188614
1780625783048366000,21.251365966796875,0.0035750274546444416,-0.013567740097641945,0.06427299231290817
1780625783058395000,21.261394775390624,0.016018647700548172,0.00022956448083277792,0.06547674536705017
1780625783068425000,21.271425048828124,0.0317789688706398,0.008522914722561836,0.05554688349366188
1780625783078455000,21.281455078125,0.03958149626851082,0.023036077618598938,0.034990739077329636
1780625783088485000,21.291485107421874,0.03786882013082504,0.04849962517619133,0.014992265030741692
1780625783098514200,21.30151416015625,0.03134274110198021,0.04759654775261879,-0.013398629613220692
1780625783108544000,21.3115439453125,0.025610821321606636,0.045222073793411255,-0.04562447592616081
1780625783118573800,21.32157373046875,0.01667431741952896,0.044800229370594025,-0.055877380073070526
1780625783128603000,21.331602783203124,0.016387762501835823,0.040050212293863297,-0.05357534438371658
1780625783138633000,21.341633056640624,0.020832311362028122,0.03333558514714241,-0.04177088290452957
1780625783148663000,21.3516630859375,0.025666747242212296,0.029394373297691345,-0.022790268063545227
1780625783158693000,21.361693115234374,0.03520752117037773,0.025007614865899086,-0.00839721318334341
1780625783168722000,21.371721923828126,0.04298768192529678,0.021829131990671158,-0.005312739871442318
1780625783178752000,21.381751953125,0.046246323734521866,0.01575552672147751,-0.0054634748958051205
1780625783188782000,21.391781982421875,0.04926848039031029,0.008315720595419407,-0.010946124792098999
1780625783198812000,21.40181201171875,0.04573553055524826,0.010452108457684517,-0.008377239108085632
1780625783208841000,21.411841064453125,0.045157622545957565,0.020256269723176956,-0.010119212791323662
1780625783218871000,21.42187109375,0.040167391300201416,0.017258349806070328,-0.025008413940668106
1780625783228900900,21.43190087890625,0.037278927862644196,0.016514794901013374,-0.03403759375214577
1780625783238930000,21.441929931640626,0.03111530840396881,0.014639396220445633,-0.037823278456926346
1780625783248960000,21.4519599609375,0.03027268499135971,0.008640360087156296,-0.04812198877334595
1780625783258990000,21.461989990234375,0.029394906014204025,-0.001931058126501739,-0.04638028144836426
1780625783269020200,21.472020263671876,0.028270520269870758,0.00683233980089426,-0.04338289424777031
1780625783279049000,21.482049072265625,0.029077723622322083,0.006680007092654705,-0.03396036475896835
1780625783289079000,21.4920791015625,0.04009389132261276,0.011924836784601212,-0.016880447044968605
1780625783300363000,21.503363037109374,0.04590650647878647,0.00788775086402893,0.0010388991795480251
1780625783310393000,21.51339306640625,0.05414765700697899,-0.003040264593437314,0.004561462439596653
1780625783320423200,21.523423095703127,0.058106712996959686,-0.004225904121994972,0.004500475712120533
1780625783330453000,21.533452880859375,0.05551731958985329,-0.011007376946508884,0.00038722361205145717
1780625783340482000,21.54348193359375,0.04689134284853935,-0.020800620317459106,-0.006137254647910595
1780625783350512000,21.55351220703125,0.04362524300813675,-0.009543437510728836,-0.014518489129841328
1780625783360542000,21.5635419921875,0.03656386956572533,-0.008333830162882805,-0.004089283756911755
1780625783370571000,21.573571044921874,0.03525039926171303,-0.010543188080191612,-0.0014849785948172212
1780625783380600800,21.583600830078126,0.0350157730281353,-0.027595674619078636,0.009514142759144306
1780625783390630700,21.593630615234375,0.03855910897254944,-0.02966335415840149,0.006882407236844301
1780625783400660700,21.60366064453125,0.041541583836078644,-0.04096847027540207,0.01733051985502243
1780625783410689800,21.613689697265624,0.05240302160382271,-0.03423893079161644,0.026789270341396332
1780625783420719600,21.6237197265625,0.04960084334015846,-0.03162983059883118,0.02618126943707466
1780625783430749700,21.633749755859377,0.0462319441139698,-0.02581801451742649,0.03123941272497177
1780625783440779800,21.64377978515625,0.039812926203012466,-0.026443058624863625,0.03622005507349968
1780625783450808800,21.653808837890626,0.03598569706082344,-0.031690020114183426,0.03696094825863838
1780625783460839000,21.6638388671875,0.05086584389209747,0.006061887368559837,0.052190233021974564
1780625783470867700,21.67386767578125,0.02853364124894142,-0.023924240842461586,0.03544294461607933
1780625783480897800,21.683897705078124,0.026222549378871918,-0.04015407711267471,0.007890147157013416
1780625783490927600,21.693927734375,0.02178918570280075,-0.03674443066120148,0.003418433479964733
1780625783500957700,21.703957763671873,0.02564357779920101,-0.038786012679338455,0.005265069659799337
1780625783510986800,21.71398681640625,0.03283357992768288,-0.05013320967555046,0.013902765698730946
1780625783521016800,21.724016845703126,0.041843853890895844,-0.05031696707010269,0.03212811052799225
1780625783531046700,21.734046630859375,0.04971376061439514,-0.05813147872686386,0.04340073838829994
1780625783541076700,21.74407666015625,0.05818687379360199,-0.058209508657455444,0.0469382144510746
1780625783551105800,21.754105712890624,0.0568544939160347,-0.04628254473209381,0.05024426057934761
1780625783561135900,21.764135986328125,0.05089407414197922,-0.034517765045166016,0.059058524668216705
1780625783571165700,21.774165771484373,0.044508080929517746,-0.03093581087887287,0.06312117725610733
1780625783581194800,21.78419482421875,0.04038603976368904,-0.029919549822807312,0.0607251338660717
1780625783591224600,21.794224609375,0.03314223885536194,-0.025922676548361778,0.045282527804374695
1780625783601254700,21.804254638671875,0.041256360709667206,-0.0072925337590277195,0.040834516286849976
1780625783611284700,21.81428466796875,0.03467222675681114,-0.0032080437522381544,0.045699309557676315
1780625783621313800,21.824313720703124,0.034036796540021896,-0.014246580190956593,0.034448519349098206
1780625783631343600,21.834343505859376,0.0273290928453207,-0.029166940599679947,0.02033589780330658
1780625783641373700,21.844373779296873,0.03816762566566467,-0.033724673092365265,0.022476812824606895
1780625783651403800,21.85440380859375,0.0454082265496254,-0.04157913476228714,0.03531351685523987
1780625783661432800,21.864432861328126,0.045828208327293396,-0.044774129986763,0.04382684454321861
1780625783671462700,21.874462646484375,0.042145587503910065,-0.03520965203642845,0.04634566232562065
1780625783681492700,21.88449267578125,0.039858732372522354,-0.021743644028902054,0.0465797521173954
1780625783691522800,21.894522705078124,0.03349883854389191,-0.021640846505761147,0.03496437519788742
1780625783701551600,21.904551513671876,0.0283509474247694,-0.018677813932299614,0.01781175471842289
1780625783711581700,21.914581787109373,0.031681764870882034,-0.013214338570833206,0.004712463356554508
1780625783721611800,21.92461181640625,0.027397003024816513,-0.013873737305402756,-0.00544456671923399
1780625783731640800,21.934640869140626,0.028751753270626068,-0.01512941811233759,-0.008333830162882805
1780625783741670700,21.944670654296875,0.03223570063710213,-0.015592008829116821,-0.007059773895889521
1780625783751700700,21.95470068359375,0.028807412832975388,-0.020734572783112526,0.0017725999932736158
1780625783761730600,21.96473046875,0.025198031216859818,-0.025733059272170067,0.010881676338613033
1780625783771759900,21.974759765625,0.024629978463053703,-0.02743508666753769,0.01830310747027397
1780625783781789700,21.984789794921873,0.029574137181043625,-0.029795179143548012,0.024520788341760635
1780625783791819800,21.99481982421875,0.030122216790914536,-0.029351763427257538,0.031678833067417145
1780625783801849600,22.004849609375,0.028864137828350067,-0.016987772658467293,0.04020893946290016
1780625783811878700,22.014878662109375,0.02828143909573555,-0.010635600425302982,0.045452702790498734
1780625783821908700,22.02490869140625,0.03653617203235626,0.008773251436650753,0.06755933910608292
1780625783831938800,22.034938720703124,0.030066022649407387,-0.01955479197204113,0.053040847182273865
1780625783841967900,22.0449677734375,0.028627384454011917,-0.02165336348116398,0.03880252316594124
1780625783851997700,22.054997802734373,0.02653813362121582,-0.024382837116718292,0.019826168194413185
1780625783862027500,22.065027587890626,0.02034495212137699,-0.016170714050531387,-0.0017438378417864442
1780625783872057600,22.0750576171875,0.015080682002007961,-0.00239205127581954,-0.012768525630235672
1780625783882086700,22.085086669921875,0.015178686939179897,0.0011371697764843702,-0.010432134382426739
1780625783892116700,22.09511669921875,0.015311311930418015,-0.002311357529833913,-0.000711064029019326
1780625783902146800,22.105146728515624,0.016081232577562332,-0.002356364857405424,0.016655676066875458
1780625783912176600,22.1151767578125,0.019094066694378853,-0.0051931641064584255,0.027848143130540848
1780625783922205700,22.125205810546873,0.015586948953568935,-0.015240471810102463,0.02574717439711094
1780625783932235800,22.13523583984375,0.009983125142753124,-0.019000589847564697,0.025535985827445984
1780625783942265900,22.145265869140626,0.004211789462715387,-0.014519820921123028,0.02430187724530697
1780625783952295000,22.155294921875,0.0032554480712860823,-0.0062158177606761456,0.012687832117080688
1780625783962324700,22.16532470703125,-0.003808586625382304,0.0037230991292744875,0.005007275380194187
1780625783972354600,22.1753544921875,-0.010615093633532524,0.00866379588842392,-0.004467452876269817
1780625783982384600,22.185384521484377,-0.015091867186129093,0.00845580268651247,-0.008716792799532413
1780625783992413700,22.19541357421875,-0.017824536189436913,0.012224708683788776,-0.0016407734947279096
1780625784002443800,22.20544384765625,-0.01720481924712658,0.009383914060890675,0.005851231049746275
1780625784012473900,22.215473876953126,-0.015096660703420639,0.005613144487142563,0.005369998048990965
1780625784022503700,22.225503662109375,-0.014377607963979244,0.00794634036719799,0.009564210660755634
1780625784032532700,22.23553271484375,-0.012459599412977695,0.00800306536257267,0.009948770515620708
1780625784042562800,22.245562744140624,-0.0070669641718268394,0.005548696033656597,0.0054794540628790855
1780625784052592600,22.255592529296877,-0.007831291295588017,0.01185186579823494,0.0007946872501634061
1780625784062622700,22.265622802734374,-0.008733037859201431,0.019029084593057632,-0.004388090688735247
1780625784072651500,22.275651611328126,-0.008461661636829376,0.020781710743904114,-0.010122142732143402
1780625784082681600,22.285681640625,-0.007164169568568468,0.024379907175898552,-0.008478705771267414
1780625784092711700,22.295711669921875,-0.008991897106170654,0.029253758490085602,-0.007199855986982584
1780625784102740700,22.30574072265625,-0.007150054909288883,0.029266541823744774,-0.008548746816813946
1780625784112770800,22.315770751953124,-0.010223343037068844,0.02647155523300171,-0.014010890386998653
1780625784122801000,22.32580078125,-0.00945022702217102,0.024995896965265274,-0.013133112341165543
1780625784132830700,22.335830810546874,-0.006231264211237431,0.018279938027262688,-0.00971814151853323
1780625784142859800,22.34585986328125,-0.0005597964627668262,0.005762547720223665,-0.004771052859723568
1780625784152889900,22.355889892578126,0.007487477269023657,0.00270683690905571,0.00637800432741642
1780625784162919700,22.365919677734375,0.015253521502017975,0.006150570698082447,0.01438106968998909
1780625784172949800,22.37594970703125,0.013864150270819664,0.016406137496232986,0.013912886381149292
1780625784182978600,22.385978515625,0.0063063655979931355,0.02334234118461609,0.005350024439394474
1780625784193008600,22.396008544921877,-0.002398442942649126,0.020414726808667183,-0.002812031889334321
1780625784203038700,22.406038818359374,-0.006959904916584492,0.012074772268533707,-0.0016234630020335317
1780625784213067800,22.41606787109375,-0.006704507861286402,0.006965497974306345,-0.003409378696233034
1780625784223097900,22.426097900390626,-0.005575061310082674,0.0060262009501457214,-0.010604973882436752
1780625784233128000,22.4361279296875,-0.001939313835464418,-0.0019302591681480408,-0.019408052787184715
1780625784243157500,22.446157470703124,-0.006456567905843258,-0.0049406965263187885,-0.028121914714574814
1780625784253186800,22.456186767578124,-0.011151188053190708,0.001258343574590981,-0.034319356083869934
1780625784263216600,22.466216552734377,-0.012909140437841415,0.015251656994223595,-0.02991289086639881
1780625784273246700,22.476246826171874,-0.014538195915520191,0.01625327207148075,-0.025610821321606636
1780625784283276800,22.48627685546875,-0.012395682744681835,0.013516874052584171,-0.02243899554014206
1780625784293305600,22.4963056640625,-0.007551925722509623,0.008321845903992653,-0.02087598666548729
1780625784303335700,22.506335693359375,-0.005597432143986225,0.0067777447402477264,-0.014460165984928608
1780625784313365800,22.51636572265625,-0.003941478207707405,0.00777536490932107,-0.004050135146826506
1780625784323395800,22.526395751953125,-0.0032890038564801216,0.004079962614923716,0.0035001926589757204
1780625784333425000,22.5364248046875,-0.0022189458832144737,-0.00034700988908298314,0.004071706905961037
1780625784343454700,22.546454833984374,-0.003102049930021167,0.001502555445767939,0.004084756597876549
1780625784353484500,22.556484619140626,-0.008208128623664379,0.001919073867611587,0.005928462836891413
1780625784363513600,22.566513671875,-0.011450527235865593,0.006845389027148485,0.002109756227582693
1780625784373543700,22.576543701171875,-0.014710236340761185,0.013308081775903702,0.0002556634717620909
1780625784383573000,22.586572998046876,-0.01757606491446495,0.029586654156446457,-0.00407543545588851
1780625784393603000,22.59660302734375,-0.015811719000339508,0.032158203423023224,-0.00649651512503624
1780625784403632000,22.606632080078125,-0.01840590499341488,0.02991422265768051,-0.013734454289078712
1780625784413662200,22.616662109375,-0.01788126304745674,0.02797810547053814,-0.015176289714872837
1780625784423692000,22.626692138671874,-0.016107862815260887,0.026791401207447052,-0.017304155975580215
1780625784433722000,22.63672216796875,-0.018261028453707695,0.025587385520339012,-0.020010460168123245
1780625784443751200,22.646751220703123,-0.019457321614027023,0.02430747076869011,-0.01870710775256157
1780625784453781200,22.65678125,-0.016683105379343033,0.01678856648504734,-0.020675716921687126
1780625784463811000,22.66681103515625,-0.016708405688405037,0.013728328980505466,-0.018219484016299248
1780625784473839900,22.67683984375,-0.016923855990171432,0.009863549843430519,-0.01486443355679512
1780625784483870000,22.686869873046874,-0.012559201568365097,0.010657171718776226,-0.015751799568533897
1780625784493900000,22.696900146484374,-0.01218955498188734,0.004239219706505537,-0.016151806339621544
1780625784503930000,22.70693017578125,-0.010513893328607082,0.0021843246649950743,-0.019353192299604416
1780625784513959200,22.716959228515623,-0.005167331546545029,-0.002487392397597432,-0.017180051654577255
1780625784523989200,22.7269892578125,0.0009052084642462432,-0.008826514706015587,-0.009705091826617718
1780625784534019000,22.73701904296875,0.005372394807636738,-0.016400277614593506,0.0014152037911117077
1780625784544049200,22.747049072265625,0.0059934440068900585,-0.01257810927927494,0.013497166335582733
1780625784554078200,22.757078125,0.0033041839487850666,-0.007881092838943005,0.017769409343600273
1780625784564108000,22.76710791015625,0.001532116555608809,-0.009718406945466995,0.014601579867303371
1780625784574138000,22.77713818359375,0.0007472829893231392,-0.00953704584389925,0.01447188388556242
1780625784584168200,22.787168212890624,-0.0024687503464519978,-0.002095375210046768,0.016016516834497452
1780625784594197000,22.797197021484376,-0.007710383739322424,0.011510981246829033,0.016267653554677963
1780625784604227000,22.80722705078125,-0.008350874297320843,0.017653295770287514,0.002040514023974538
1780625784614257200,22.817257080078125,-0.013461746275424957,0.019033612683415413,-0.013874003663659096
1780625784624286200,22.8272861328125,-0.01841575838625431,0.023199595510959625,-0.019542010501027107
1780625784634316300,22.83731640625,-0.02062991075217724,0.02803349867463112,-0.025462748482823372
1780625784644346000,22.84734619140625,-0.01847221702337265,0.02635464258491993,-0.025608690455555916
1780625784654376000,22.8573759765625,-0.019747072830796242,0.020201940089464188,-0.023062974214553833
1780625784664405000,22.867405029296876,-0.018495652824640274,0.01643037237226963,-0.01943708024919033
1780625784674435000,22.87743505859375,-0.017738251015543938,0.013088904321193695,-0.017855962738394737
1780625784684465200,22.887465087890625,-0.017186444252729416,0.011833489872515202,-0.019814183935523033
1780625784694495200,22.8974951171875,-0.014814898371696472,0.00330285239033401,-0.01625353842973709
1780625784704524000,22.90752392578125,-0.011871573515236378,0.0025920546613633633,-0.012226305902004242
1780625784714554000,22.91755419921875,-0.006090383045375347,0.006298375781625509,-0.007376956287771463
1780625784724584200,22.927584228515624,-0.002951315138489008,0.005401423200964928,-0.0034437335561960936
1780625784734613200,22.93761328125,0.0007089334540069103,-0.0054570832289755344,-0.0037257622461766005
1780625784744643300,22.947643310546876,0.003628556849434972,-0.011957859620451927,0.00358807691372931
1780625784754673000,22.9576728515625,0.006046973634511232,-0.01818166673183441,0.010067281313240528
1780625784764703000,22.967702880859374,0.005945506971329451,-0.023616645485162735,0.018443722277879715
1780625784774732000,22.97773193359375,0.00700890738517046,-0.02365499548614025,0.018365690484642982
1780625784784762000,22.98776220703125,0.004671184346079826,-0.017165670171380043,0.014680675230920315
1780625784794792200,22.997792236328124,0.0043532028794288635,-0.008054464124143124,0.012489426881074905
1780625784804822300,23.007822265625,0.0037848844658583403,-0.0023015039041638374,0.009485114365816116
1780625784814851000,23.01785107421875,0.002425074577331543,-0.0024772724136710167,0.00043569316039793193
1780625784824881200,23.027881103515625,0.00003382214708835818,0.003454119898378849,-0.0005123922019265592
1780625784834911200,23.0379111328125,0.00023861923546064645,-0.00009081379539566115,0.0028210864402353764
1780625784844941000,23.047941162109375,0.0018756643403321505,-0.0030629015527665615,0.00037470675306394696
1780625784854969900,23.057969970703127,0.0013057478936389089,-0.003516171593219042,-0.000011185276889591478
1780625784865000000,23.068,0.002712429501116276,0.0010330402292311192,-0.0031561122741550207
1780625784875030000,23.078030029296876,0.0065322015434503555,-0.0026666230987757444,-0.0035121769178658724
1780625784885059000,23.08805908203125,0.008495483547449112,-0.011680890806019306,0.0012186624808236957
1780625784895089200,23.098089111328125,0.010065949521958828,-0.014939534477889538,0.003911917097866535
1780625784905119200,23.108119140625,0.013774934224784374,-0.015896407887339592,0.005988117773085833
1780625784915149300,23.1181494140625,0.01888474076986313,-0.011918976902961731,0.006456035189330578
1780625784925178000,23.12817822265625,0.01697179302573204,-0.006922620814293623,0.008872054517269135
1780625784935208200,23.138208251953124,0.015476694330573082,-0.009669938124716282,0.0026197514962404966
1780625784945238000,23.148238037109376,0.011304319836199284,-0.009163671173155308,0.004069842863827944
1780625784955268000,23.15826806640625,0.007424094248563051,-0.009761017747223377,0.009281649254262447
1780625784965297000,23.168296875,0.003718571737408638,-0.010089118964970112,0.0032112395856529474
1780625784975327000,23.178326904296874,0.005085306242108345,-0.015296930447220802,-0.007506918627768755
1780625784985357000,23.188357177734375,0.0013728595804423094,-0.0191342793405056,-0.013097692281007767
1780625784995387100,23.19838720703125,0.0010612696642056108,-0.017304155975580215,-0.01401674933731556
1780625785005416200,23.208416259765624,0.005424859002232552,-0.011995144188404083,-0.009913883171975613
1780625785015446300,23.2184462890625,0.010762100107967854,-0.014000770635902882,-0.004762797150760889
1780625785025476000,23.22847607421875,0.014901185408234596,-0.014064952731132507,0.005697567015886307
1780625785035505200,23.238505126953125,0.01720055751502514,-0.019943080842494965,0.008888832293450832
1780625785045535000,23.248534912109374,0.018220016732811928,-0.025964222848415375,0.013143764808773994
1780625785055565000,23.25856494140625,0.02395327016711235,-0.029227660968899727,0.018797390162944794
1780625785065595100,23.26859521484375,0.022120214998722076,-0.03137550130486488,0.020364128053188324
1780625785075624000,23.2786240234375,0.020446419715881348,-0.026442259550094604,0.01991618424654007
1780625785085654000,23.288654052734376,0.02082485519349575,-0.024407871067523956,0.014231134206056595
1780625785095684000,23.29868408203125,0.021218735724687576,-0.023797208443284035,0.009067264385521412
1780625785105714200,23.308714111328126,0.02190343476831913,-0.023517044261097908,0.009888583794236183
1780625785115743200,23.3187431640625,0.02027118392288685,-0.02190556563436985,0.01558481901884079
1780625785125773300,23.328773193359375,0.02262195572257042,-0.02761990949511528,0.020827516913414
1780625785135803000,23.338802978515623,0.023239808157086372,-0.030899060890078545,0.021105818450450897
1780625785145832000,23.34883203125,0.026864103972911835,-0.034928157925605774,0.017229320481419563
1780625785155862000,23.358862060546876,0.026203906163573265,-0.03134620562195778,0.016766995191574097
1780625785165892000,23.36889208984375,0.02870168536901474,-0.03692952170968056,0.015751799568533897
1780625785175922200,23.378922119140626,0.026763703674077988,-0.033246636390686035,0.012142150662839413
1780625785185951000,23.388950927734374,0.024294154718518257,-0.029399700462818146,0.011977567337453365
1780625785195981000,23.39898095703125,0.024349281564354897,-0.032997097820043564,0.009110940620303154
1780625785206011100,23.40901123046875,0.02484462969005108,-0.03659449517726898,0.009415606036782265
1780625785216041200,23.419041259765624,0.02528085559606552,-0.03265834599733353,0.007468569092452526
1780625785226070300,23.4290703125,0.02822737768292427,-0.03085937909781933,0.008130097761750221
1780625785236100000,23.43910009765625,0.028599154204130173,-0.033197902143001556,0.010297911241650581
1780625785246130000,23.4491298828125,0.026827087625861168,-0.03536225110292435,0.016319317743182182
1780625785256160000,23.459159912109374,0.028005534783005714,-0.0354972742497921,0.0232350155711174
1780625785266189000,23.46918896484375,0.0336783342063427,-0.03869280219078064,0.03081250749528408
1780625785276219100,23.47921923828125,0.033177658915519714,-0.04236236959695816,0.032759279012680054
1780625785286249200,23.489249267578124,0.031917717307806015,-0.04304547235369682,0.03736095502972603
1780625785296278000,23.499278076171876,0.03194009140133858,-0.03472522273659706,0.03365250304341316
1780625785306308000,23.50930810546875,0.029474535956978798,-0.03127935901284218,0.02514796331524849
1780625785316338200,23.519338134765626,0.028306473046541214,-0.028252409771084785,0.019827499985694885
1780625785326368000,23.529367919921874,0.0286478903144598,-0.02930276095867157,0.014064686372876167
1780625785336397000,23.53939697265625,0.03333079069852829,-0.02761564962565899,0.013010340742766857
1780625785346427100,23.54942724609375,0.03391855210065842,-0.02316896803677082,0.011931760236620903
1780625785356457000,23.55945703125,0.032594162970781326,-0.03220374137163162,0.006120210513472557
1780625785366487000,23.569487060546876,0.02762443758547306,-0.035827506333589554,0.00224903947673738
1780625785376516000,23.57951611328125,0.024532506242394447,-0.03534041345119476,-0.00004873584839515388
1780625785386546700,23.589546630859374,0.02779381349682808,-0.03477582335472107,0.002055694116279483
1780625785396576800,23.59957666015625,0.028263861313462257,-0.034871961921453476,0.01320874597877264
1780625785406606600,23.609606689453123,0.031732361763715744,-0.03846962749958038,0.01731853559613228
1780625785416635400,23.619635498046875,0.03296513855457306,-0.03888481482863426,0.01575632579624653
1780625785426665500,23.62966552734375,0.035836827009916306,-0.03783952444791794,0.018139589577913284
1780625785436695600,23.639695556640625,0.03550153598189354,-0.030529147014021873,0.02539217472076416
1780625785446724600,23.649724609375,0.037275198847055435,-0.020307933911681175,0.03202610835433006
1780625785456754700,23.659754638671874,0.034029338508844376,-0.018022410571575165,0.03261120617389679
1780625785466784800,23.66978466796875,0.02895335480570793,-0.01667085476219654,0.03298644721508026
1780625785476814600,23.679814697265623,0.026087526232004166,-0.02009328454732895,0.036807816475629807
1780625785486843600,23.68984375,0.02449921704828739,-0.03135446086525917,0.03519820049405098
1780625785496873700,23.699873779296876,0.022973492741584778,-0.03412548080086708,0.029747242107987404
1780625785506903600,23.709903564453125,0.02227228321135044,-0.03284050524234772,0.025180453434586525
1780625785516933600,23.71993359375,0.020785439759492874,-0.03021595999598503,0.024888571351766586
1780625785526962400,23.72996240234375,0.024775121361017227,-0.03748852014541626,0.025128522887825966
1780625785536992500,23.739992431640626,0.02605743333697319,-0.04298608377575874,0.028666798025369644
1780625785547022600,23.750022705078123,0.029873743653297424,-0.04105395823717117,0.02954058162868023
1780625785557052700,23.760052734375,0.03543735295534134,-0.0347643718123436,0.03554787486791611
1780625785567081700,23.770081787109376,0.03826909139752388,-0.026728017255663872,0.03706774115562439
1780625785577111600,23.780111572265625,0.04103132337331772,-0.024445688351988792,0.034147050231695175
1780625785587141600,23.7901416015625,0.038365233689546585,-0.02160329557955265,0.03563602641224861
1780625785597171500,23.80017138671875,0.03356994315981865,-0.0302636306732893,0.03064020164310932
1780625785607200500,23.810200439453126,0.028613802045583725,-0.03963955491781235,0.023381488397717476
1780625785617230600,23.820230712890623,0.02279825694859028,-0.03923235833644867,0.014065485447645187
1780625785627260700,23.8302607421875,0.01990952529013157,-0.026766633614897728,0.009382316842675209
1780625785637289500,23.84028955078125,0.016996826976537704,-0.01410729717463255,0.01101669855415821
1780625785647319600,23.850319580078125,0.02033722959458828,-0.013497432693839073,0.019158247858285904
1780625785657349600,23.860349609375,0.054898668080568314,0.018330536782741547,0.03894180804491043
1780625785667379700,23.870379638671874,0.04030827432870865,0.00333214714191854,0.052859753370285034
1780625785677408800,23.88040869140625,0.050696998834609985,-0.0009536779834888875,0.0464433990418911
1780625785687438600,23.8904384765625,0.02774268202483654,-0.006994792725890875,0.033612821251153946
1780625785697468400,23.900468505859376,0.01865277998149395,0.004535363521426916,0.028566930443048477
1780625785707498500,23.91049853515625,0.00938897393643856,0.00541447289288044,0.02652561664581299
1780625785717527600,23.920527587890625,0.007050186395645142,-0.0030120352748781443,0.021319935098290443
1780625785727557600,23.9305576171875,0.005056810099631548,0.0016567525453865528,0.014001569710671902
1780625785737587700,23.940587646484374,0.0028807413764297962,0.011967713013291359,0.0016418388113379478
1780625785747617500,23.950617431640627,-0.006058158818632364,0.017594173550605774,-0.015421300195157528
1780625785757646600,23.960646484375,-0.013117399998009205,0.02226908691227436,-0.022122345864772797
1780625785767676700,23.9706767578125,-0.017376327887177467,0.026344522833824158,-0.02484036795794964
1780625785777706500,23.98070654296875,-0.018341723829507828,0.03092808835208416,-0.022004634141921997
1780625785787736600,23.990736572265625,-0.019904732704162598,0.03502855822443962,-0.010114951990544796
1780625785797765400,24.000765380859374,-0.022252308204770088,0.03304556757211685,-0.005250155925750732
1780625785807795500,24.01079541015625,-0.02538578398525715,0.04108431935310364,0.00042530681821517646
1780625785817825500,24.020825439453127,-0.021096229553222656,0.04667509347200394,-0.0016314524691551924
1780625785827854600,24.0308544921875,-0.018789399415254593,0.05001762881875038,-0.0027209515683352947
1780625785837884700,24.040884765625,-0.014332599937915802,0.048952627927064896,-0.006754841655492783
1780625785847914800,24.050914794921876,-0.008177235722541809,0.044069722294807434,-0.015195731073617935
1780625785857944600,24.060944580078125,-0.0014466290595009923,0.032964076846838,-0.019785955548286438
1780625785867973600,24.0709736328125,-0.001106809708289802,0.018259696662425995,-0.018141720443964005
1780625785878003700,24.081003662109374,0.00364719913341105,-0.00353428116068244,-0.019272763282060623
1780625785888033500,24.091033447265627,0.0076001291163265705,-0.018007496371865273,-0.01900831237435341
1780625785898063600,24.101063720703124,0.015201057307422161,-0.02918371744453907,-0.022874955087900162
1780625785908092400,24.111092529296876,0.02190556563436985,-0.04144624248147011,-0.02262408658862114
1780625785918122500,24.12112255859375,0.02773442491889,-0.04303934425115585,-0.021269336342811584
1780625785928152600,24.131152587890625,0.02714400365948677,-0.046853259205818176,-0.015388810075819492
1780625785938182700,24.1411826171875,0.026387132704257965,-0.044435642659664154,-0.014596519060432911
1780625785948211700,24.151211669921874,0.02972114458680153,-0.03488794341683388,-0.013745905831456184
1780625785958241800,24.16124169921875,0.03009718284010887,-0.02774214930832386,-0.010135458782315254
1780625785968271600,24.171271728515624,0.033852770924568176,-0.01823493093252182,-0.010595652274787426
1780625785978301400,24.181301513671876,0.03406449407339096,-0.008893094025552273,-0.014249509200453758
1780625785988330500,24.19133056640625,0.0266001857817173,-0.007729825098067522,-0.010131996124982834
1780625785998360600,24.201360595703125,0.02251436375081539,0.0004471447318792343,-0.009623332880437374
1780625786008390700,24.211390625,0.015035674907267094,0.007784419693052769,-0.01648283563554287
1780625786018419500,24.22141943359375,0.006196909584105015,0.02251010201871395,-0.026278741657733917
1780625786028449500,24.231449462890627,0.0024794030468910933,0.039503999054431915,-0.035299934446811676
1780625786038479600,24.241479736328124,-0.001437041675671935,0.041315216571092606,-0.040100015699863434
1780625786048509700,24.251509765625,-0.002653573639690876,0.038306910544633865,-0.041974082589149475
1780625786058538800,24.261538818359377,-0.00011265171633567661,0.029947778210043907,-0.03838733583688736
1780625786068568800,24.27156884765625,0.00041039311327040195,0.02592454105615616,-0.03242212161421776
1780625786078598400,24.281598388671874,-0.003913781605660915,0.030661240220069885,-0.020438961684703827
1780625786088628500,24.29162841796875,-0.011092065833508968,0.029500899836421013,-0.012012721039354801
1780625786098657500,24.301657470703127,-0.015074023976922035,0.0167989544570446,-0.005947371479123831
1780625786108687600,24.3116875,-0.017376061528921127,0.005173723213374615,0.0017030915478244424
1780625786118717700,24.3217177734375,-0.020722055807709694,0.010367419570684433,-0.0028900622855871916
1780625786128747800,24.331747802734377,-0.016024505719542503,0.009640377014875412,-0.019404057413339615
1780625786138776600,24.341776611328125,-0.017372598871588707,0.013110209256410599,-0.03323012590408325
1780625786148806700,24.351806640625,-0.01595473103225231,0.020722055807709694,-0.046785082668066025
1780625786158836500,24.36183642578125,-0.01447268296033144,0.011957060545682907,-0.05607418715953827
1780625786168866600,24.371866455078123,-0.014125140383839607,0.012620187364518642,-0.04592408239841461
1780625786178895600,24.3818955078125,-0.00998978316783905,0.006150037981569767,-0.034626152366399765
1780625786188925400,24.391925537109376,-0.0044136568903923035,-0.005270662251859903,-0.02382756769657135
1780625786198955500,24.40195556640625,-0.000544350128620863,-0.0101415840908885,-0.015275359153747559
1780625786208984600,24.411984619140625,0.0041492050513625145,-0.014657505787909031,-0.006512494292110205
1780625786219014700,24.4220146484375,0.00827870238572359,-0.013118998147547245,0.0014543522847816348
1780625786229044700,24.432044677734375,0.012321380898356438,-0.009841445833444595,0.006130064371973276
1780625786239074800,24.44207470703125,0.01420663297176361,-0.00896926037967205,0.0032980586402118206
1780625786249103600,24.452103515625,0.012437494471669197,-0.010933075100183487,-0.0029502499382942915
1780625786259133700,24.4621337890625,0.006423011887818575,-0.0062728095799684525,-0.004264785908162594
1780625786269163500,24.47216357421875,0.006848851218819618,0.0007741809240542352,-0.010201770812273026
1780625786279193600,24.482193603515626,0.008284827694296837,-0.0018767296569421887,-0.018008295446634293
1780625786289222400,24.492222412109374,0.008737831376492977,-0.0028716865926980972,-0.019035210832953453
1780625786299252500,24.50225244140625,0.006986270658671856,-0.004776379559189081,-0.01581518165767193
1780625786309282600,24.512282470703123,0.007208910770714283,-0.0046663908287882805,-0.015284680761396885
1780625786319312600,24.522312744140624,0.007751929108053446,-0.005504221189767122,-0.015555789694190025
1780625786329341700,24.532341796875,0.011691809631884098,-0.011713913641870022,-0.019714582711458206
1780625786339371800,24.542371826171873,0.01531983446329832,-0.017011208459734917,-0.022909043356776237
1780625786349401600,24.552401611328126,0.016227439045906067,-0.020061058923602104,-0.019043732434511185
1780625786359431400,24.562431396484374,0.014816230162978172,-0.021519141271710396,-0.014028467237949371
1780625786369460500,24.57246044921875,0.014567490667104721,-0.02510135807096958,-0.006883472204208374
1780625786379490600,24.582490478515624,0.01347719319164753,-0.024865934625267982,-0.005573996342718601
1780625786389520400,24.592520263671876,0.008490690030157566,-0.016642892733216286,-0.012475844472646713
1780625786399550500,24.602550537109376,0.0072930664755403996,-0.0032551817130297422,-0.02008769102394581
1780625786409579300,24.612579345703125,0.001823732745833695,-0.0013907026732340455,-0.017138507217168808
1780625786419609300,24.622609375,0.0020096213556826115,-0.010015349835157394,-0.017052486538887024
1780625786429639400,24.632639404296874,0.0011917646043002605,-0.015140869654715061,-0.01847115345299244
1780625786439668500,24.64266845703125,0.0016817862633615732,-0.009664611890912056,-0.015148326754570007
1780625786449698600,24.652698486328124,-0.000045806369598722085,-0.005386243108659983,-0.013017531484365463
1780625786459728100,24.66272802734375,0.0008764463127590716,-0.004274639766663313,-0.008803345263004303
1780625786469758200,24.67275830078125,0.002144909929484129,-0.008086955174803734,0.001520132296718657
1780625786479787300,24.682787353515625,-0.00022903185163158923,-0.01392806600779295,0.008808671496808529
1780625786489817300,24.6928173828125,0.005419532768428326,-0.006414756178855896,0.006707970052957535
1780625786499847400,24.702847412109374,0.010333597660064697,0.0008801747462712228,-0.010372745804488659
1780625786509877500,24.71287744140625,0.015327024273574352,0.004888232331722975,-0.03033074177801609
1780625786519906300,24.72290625,0.015489477664232254,0.008727977983653545,-0.04169285297393799
1780625786529936400,24.732936279296876,0.024503478780388832,0.007919708266854286,-0.03716973960399628
1780625786539966500,24.742966552734377,0.03154993802309036,-0.0017899106023833156,-0.030346719548106194
1780625786549996300,24.752996337890625,0.03633004426956177,-0.003620301140472293,-0.02153325453400612
1780625786560025300,24.763025390625,0.03223516792058945,-0.01152775902301073,-0.019590744748711586
1780625786570055200,24.77305517578125,0.022963106632232666,-0.013325126841664314,-0.029152292758226395
1780625786580085200,24.783085205078127,0.014481737278401852,-0.008286958560347557,-0.035227227956056595
1780625786590115300,24.793115234375,0.018816297873854637,-0.01170699018985033,-0.04547880217432976
1780625786600144400,24.803144287109376,0.029830599203705788,-0.016379505395889282,-0.05922923609614372
1780625786610174500,24.813174560546877,0.05385657399892807,-0.019107647240161896,-0.06726931780576706
1780625786620204500,24.82320458984375,0.07976806908845901,-0.019628562033176422,-0.0723319873213768
1780625786630234400,24.833234375,0.10451176017522812,-0.025664350017905235,-0.06906428933143616
1780625786640263400,24.843263427734374,0.12338345497846603,-0.03837881237268448,-0.062301989644765854
1780625786650293200,24.853293212890627,0.1369762271642685,-0.055800680071115494,-0.05029246583580971
1780625786660323300,24.8633232421875,0.14139840006828308,-0.07709372043609619,-0.03680967912077904
1780625786670353400,24.873353515625,0.13839063048362732,-0.09766823798418045,-0.026071282103657722
1780625786680382200,24.88338232421875,0.1586378514766693,-0.08173853904008865,-0.01745808683335781
1780625786690412300,24.893412353515625,0.14628849923610687,-0.07133809477090836,-0.016698818653821945
1780625786700442400,24.9034423828125,0.10380975157022476,-0.07383614033460617,-0.05308372527360916
1780625786710472400,24.913472412109375,0.08935091644525528,-0.061581604182720184,-0.0835883691906929
1780625786720501500,24.92350146484375,0.08379583060741425,-0.02155029959976673,-0.11641875654459
1780625786730531300,24.93353125,0.09972686320543289,0.029105953872203827,-0.1460040807723999
1780625786740561200,24.94356103515625,0.1366521269083023,0.0757373720407486,-0.15409502387046814
1780625786750590200,24.953590087890625,0.17145857214927673,0.1021958738565445,-0.14890159666538239
1780625786760620300,24.963620361328125,0.20010219514369965,0.09220316261053085,-0.13582441210746765
1780625786770650400,24.973650390625,0.22933651506900787,0.08550504595041275,-0.11740385740995407
1780625786780680400,24.983680419921875,0.25907498598098755,0.08987849205732346,-0.08812160044908524
1780625786790709200,24.993709228515623,0.28835535049438477,0.09662241488695145,-0.05668378621339798
1780625786800739300,25.0037392578125,0.31820833683013916,0.08375907689332962,-0.03296833485364914
1780625786810769400,25.013769287109376,0.33716684579849243,0.05795784294605255,-0.012370649725198746
1780625786820799200,25.02379931640625,0.35355114936828613,0.019329223781824112,-0.004738562274724245
1780625786830828500,25.03382861328125,0.3538789749145508,-0.019413378089666367,-0.0049129994586110115
1780625786840858400,25.0438583984375,0.34855106472969055,-0.03431323170661926,-0.015395468100905418
1780625786850888200,25.05388818359375,0.3329870104789734,-0.026669960469007492,-0.032462868839502335
1780625786860918300,25.063918212890623,0.32964420318603516,-0.02550749108195305,-0.05446776747703552
1780625786870947300,25.073947265625,0.3408329486846924,-0.02508724294602871,-0.07142065465450287
1780625786880977400,25.083977294921876,0.36287060379981995,-0.022036859765648842,-0.09862004965543747
1780625786891007500,25.094007568359373,0.3703833818435669,-0.03444266319274902,-0.14160986244678497
1780625786901037600,25.10403759765625,0.37764742970466614,-0.05046956613659859,-0.1933699995279312
1780625786911066400,25.11406640625,0.38269543647766113,-0.07024220377206802,-0.23107849061489105
1780625786921096400,25.124096435546875,0.4068995714187622,-0.05521984398365021,-0.23918887972831726
1780625786931126300,25.134126220703124,0.44471275806427,-0.0001483380765421316,-0.23488974571228027
1780625786941156400,25.14415625,0.4874860346317291,0.03273211419582367,-0.2312111109495163
1780625786951185400,25.154185302734376,0.5240320563316345,0.02099263295531273,-0.2347067892551422
1780625786961215200,25.16421533203125,0.5292505025863647,0.007847003638744354,-0.22613219916820526
1780625786971245300,25.174245361328126,0.5289831757545471,-0.009823069907724857,-0.22412604093551636
1780625786981275400,25.184275390625,0.5471214056015015,0.007695736363530159,-0.23700721561908722
1780625786991304400,25.194304443359375,0.5560517907142639,0.001050084363669157,-0.2730405926704407
1780625787001334500,25.20433447265625,0.5839313268661499,0.004033091012388468,-0.31154510378837585
1780625787011364400,25.2143642578125,0.5871745347976685,0.01218955498188734,-0.35587209463119507
1780625787021394200,25.224394287109376,0.5512298941612244,-0.07790332287549973,-0.41911017894744873
1780625787031423200,25.23442333984375,0.5141091346740723,-0.1953870803117752,-0.44343602657318115
1780625787041453300,25.244453369140626,0.48691079020500183,-0.22603952884674072,-0.41108182072639465
1780625787051483400,25.2544833984375,0.4678390920162201,-0.21938668191432953,-0.38973551988601685
1780625787061512200,25.26451220703125,0.4802432954311371,-0.18711130321025848,-0.39872127771377563
1780625787071542300,25.274542236328124,0.499077171087265,-0.1521136313676834,-0.45718780159950256
1780625787081572400,25.284572265625,0.5183725953102112,-0.15868578851222992,-0.5431115031242371
1780625787091602400,25.2946025390625,0.5591613054275513,-0.15749429166316986,-0.6328743696212769
1780625787101631500,25.304631591796873,0.6414567232131958,-0.10478659719228745,-0.7064926624298096
1780625787111661300,25.314661376953126,0.7592174410820007,0.02262941189110279,-0.7724610567092896
1780625787121691400,25.32469140625,0.8452497720718384,0.26203933358192444,-0.8580273389816284
1780625787131721200,25.33472119140625,0.8942098617553711,0.7635527849197388,-0.9471644163131714
1780625787141750300,25.344750244140624,0.84371018409729,1.095598578453064,-1.052986741065979
1780625787151780400,25.3547802734375,0.7422179579734802,0.8605693578720093,-1.1256701946258545
1780625787161810400,25.364810546875,0.5871868133544922,0.31448817253112793,-1.0074213743209839
1780625787171840500,25.374840576171874,0.38486164808273315,-0.06948693096637726,-0.6703456044197083
1780625787181869300,25.384869384765626,0.17700539529323578,-0.23381009697914124,-0.2630697190761566
1780625787191899400,25.3948994140625,0.04157540574669838,-0.27270182967185974,0.024025175720453262
1780625787201929200,25.40492919921875,-0.061528872698545456,-0.3590417802333832,0.17948374152183533
1780625787211959300,25.414959228515624,-0.15074610710144043,-0.4302786886692047,0.3070928454399109
1780625787221988400,25.42498828125,-0.19065596163272858,-0.4834689199924469,0.4225864112377167
1780625787232018200,25.43501806640625,-0.2127857655286789,-0.5654082894325256,0.49887213110923767
1780625787242048300,25.44504833984375,-0.24684014916419983,-0.5817028284072876,0.5222938060760498
1780625787252078300,25.455078369140626,-0.2686077654361725,-0.5629794597625732,0.4811226725578308
1780625787262107400,25.465107421875,-0.26849591732025146,-0.5282497406005859,0.3533836305141449
1780625787272137500,25.475137451171875,-0.2413463145494461,-0.5010159611701965,0.20113924145698547
1780625787282167600,25.48516748046875,-0.20497232675552368,-0.48147767782211304,0.09583544731140137
1780625787292197000,25.495197021484376,-0.18160095810890198,-0.457388311624527,0.021705562248826027
1780625787302226400,25.505226318359377,-0.17345860600471497,-0.41406482458114624,-0.0356203131377697
1780625787312256300,25.51525634765625,-0.19752612709999084,-0.35878559947013855,-0.07624576985836029
1780625787322286300,25.525286376953126,-0.2387198954820633,-0.3359449803829193,-0.07093515992164612
1780625787332316400,25.53531640625,-0.3008069694042206,-0.34099727869033813,-0.015230884775519371
1780625787342345200,25.54534521484375,-0.3688536584377289,-0.29245954751968384,0.06744349002838135
1780625787352375300,25.555375244140624,-0.42449456453323364,-0.19945105910301208,0.14453667402267456
1780625787362405400,25.5654052734375,-0.453797847032547,-0.1733558028936386,0.23119646310806274
1780625787372435500,25.575435546875,-0.46125656366348267,-0.23449400067329407,0.3317353129386902
1780625787382464800,25.58546484375,-0.4435870349407196,-0.32831209897994995,0.4207855761051178
1780625787392494600,25.59549462890625,-0.40804874897003174,-0.4224929213523865,0.4987885057926178
1780625787402524700,25.605524658203127,-0.3675793409347534,-0.49042776226997375,0.564713716506958
1780625787412554800,25.6155546875,-0.34053361415863037,-0.5152473449707031,0.6110090613365173
1780625787422583800,25.625583740234376,-0.30691519379615784,-0.5236560106277466,0.6176695823669434
1780625787432613600,25.635613525390625,-0.2732624411582947,-0.5303802490234375,0.5985859036445618
1780625787442643700,25.645643798828125,-0.25217872858047485,-0.512938380241394,0.563143789768219
1780625787452673800,25.655673828125,-0.24349547922611237,-0.4543240964412689,0.5382517576217651
1780625787462702800,25.665702880859374,-0.23288197815418243,-0.38795119524002075,0.5079165101051331
1780625787472732700,25.675732666015627,-0.21686173975467682,-0.33572953939437866,0.46623852849006653
1780625787482762800,25.6857626953125,-0.1882822960615158,-0.2897340953350067,0.40409180521965027
1780625787492792600,25.69579248046875,-0.16644810140132904,-0.2388666421175003,0.3443374037742615
1780625787502821600,25.705821533203125,-0.16964921355247498,-0.21190133690834045,0.2845875322818756
1780625787512851700,25.715851806640625,-0.18308299779891968,-0.229100301861763,0.23467162251472473
1780625787522881800,25.7258818359375,-0.20780512690544128,-0.2565705478191376,0.2075771540403366
1780625787532911900,25.735911865234375,-0.24957361817359924,-0.2984740436077118,0.20392011106014252
1780625787542940700,25.745940673828127,-0.2844945788383484,-0.3525380790233612,0.23431316018104553
1780625787552970800,25.755970703125,-0.3116569519042969,-0.39672577381134033,0.29923784732818604
1780625787563000600,25.76600048828125,-0.3205130398273468,-0.40713101625442505,0.3907472491264343
1780625787573030700,25.77603076171875,-0.3026954233646393,-0.37286731600761414,0.46781647205352783
1780625787583059700,25.786059814453125,-0.2695566415786743,-0.33191749453544617,0.5040341019630432
1780625787593089800,25.79608984375,-0.22129563987255096,-0.3222914934158325,0.5175174474716187
1780625787603119600,25.80611962890625,-0.15127021074295044,-0.34101325273513794,0.524964451789856
1780625787613149700,25.816149658203123,-0.09241887927055359,-0.34965813159942627,0.5015339255332947
1780625787623178800,25.8261787109375,-0.0370245985686779,-0.3005680739879608,0.4303745627403259
1780625787633208800,25.836208740234376,0.015173626132309437,-0.22530129551887512,0.336228609085083
1780625787643238700,25.84623876953125,0.03556891158223152,-0.13399001955986023,0.23035943508148193
1780625787653268700,25.856268798828125,0.03543255850672722,-0.0991835743188858,0.12993162870407104
1780625787663297500,25.866297607421874,0.04013356938958168,-0.14296966791152954,0.05277426540851593
1780625787673327600,25.87632763671875,0.03303864225745201,-0.1817261278629303,0.0062485747039318085
1780625787683357700,25.886357666015623,0.027345869690179825,-0.2053012251853943,-0.0014855111949145794
1780625787693387800,25.8963876953125,0.008053132332861423,-0.20265164971351624,0.005682653281837702
1780625787703416800,25.906416748046876,-0.025790052488446236,-0.21197430789470673,0.00812237523496151
1780625787713446700,25.91644677734375,-0.012998356483876705,-0.2482777237892151,0.0353340208530426
1780625787723476700,25.926476806640625,-0.011723501607775688,-0.21104486286640167,0.05070951581001282
1780625787733506600,25.936506591796874,-0.004886634182184935,-0.1425856500864029,0.012289955280721188
1780625787743535900,25.946535888671875,0.015153386630117893,-0.05991073697805405,-0.014858308248221874
1780625787753565700,25.956565673828123,0.0516141913831234,-0.0625922754406929,0.020350279286503792
1780625787763595800,25.966595703125,0.08961217105388641,-0.1686697155237198,0.09849035739898682
1780625787773625600,25.97662548828125,0.11379154771566391,-0.1879858821630478,0.15410301089286804
1780625787783654700,25.986654541015625,0.12726767361164093,-0.15168645977973938,0.17450283467769623
1780625787793684700,25.996684814453126,0.11968618631362915,-0.11522991955280304,0.20398321747779846
1780625787803714800,26.00671484375,0.08934053033590317,-0.1486094444990158,0.22322829067707062
1780625787813745000,26.016744873046875,0.07492297887802124,-0.19890910387039185,0.23573103547096252
1780625787823773700,26.026773681640623,0.03566665202379227,-0.25172996520996094,0.22273693978786469
1780625787833803800,26.0368037109375,-0.03621765971183777,-0.2784308195114136,0.20134936273097992
1780625787843833600,26.04683349609375,-0.08719003200531006,-0.3562851548194885,0.20088623464107513
1780625787853863700,26.05686376953125,-0.11438969522714615,-0.3626370429992676,0.20103511214256287
1780625787863892700,26.066892822265626,-0.13467445969581604,-0.2873992919921875,0.1787298023700714
1780625787873922800,26.0769228515625,-0.11285624653100967,-0.22690798342227936,0.19196650385856628
1780625787883952600,26.08695263671875,-0.04746871441602707,-0.16803880035877228,0.2361787110567093
1780625787893982700,26.096982666015624,-0.003192331176251173,-0.07339032739400864,0.25712448358535767
1780625787904011800,26.10701171875,0.039921049028635025,-0.05422329157590866,0.25494787096977234
1780625787914041900,26.117041748046876,0.034029606729745865,-0.055199071764945984,0.23071657121181488
1780625787924071700,26.12707177734375,-0.020898889750242233,0.04421193525195122,0.16476018726825714
1780625787934101800,26.137101806640626,-0.07261375337839127,0.182384192943573,0.12027181684970856
1780625787944130600,26.147130615234374,-0.1362995207309723,0.27733227610588074,0.10132528841495514
1780625787954160600,26.15716064453125,-0.17166763544082642,0.2788364291191101,0.1040896475315094
1780625787964190700,26.167190673828124,-0.2238951474428177,0.22229725122451782,0.06488179415464401
1780625787974220800,26.177220703125,-0.28637316823005676,0.21863886713981628,0.042090993374586105
1780625787984249900,26.187249755859376,-0.3283690810203552,0.18570701777935028,0.10056842118501663
1780625787994279700,26.19727978515625,-0.3435477912425995,0.07419406622648239,0.15806180238723755
1780625788004309800,26.207309814453126,-0.32256045937538147,0.02786864899098873,0.1644592434167862
1780625788014339600,26.217339599609375,-0.28598782420158386,0.06790021806955338,0.14315582811832428
1780625788024368600,26.22736865234375,-0.24122114479541779,0.09365884959697723,0.09522132575511932
1780625788034398700,26.237398681640624,-0.19859938323497772,0.10116203874349594,0.06067000329494476
1780625788044428800,26.2474287109375,-0.20837557315826416,0.10927562415599823,0.07706469297409058
1780625788054458600,26.257458740234377,-0.2614513039588928,0.09670603275299072,0.156979501247406
1780625788064487700,26.26748779296875,-0.2900715172290802,0.08439663797616959,0.22740785777568817
1780625788074517800,26.277517822265626,-0.31332942843437195,0.08153241127729416,0.19932855665683746
1780625788084547800,26.2875478515625,-0.31640031933784485,0.1393357813358307,0.11446292698383331
1780625788094577700,26.29757763671875,-0.3425014317035675,0.2214152067899704,0.0335070937871933
1780625788104606700,26.307606689453124,-0.3682001233100891,0.26366278529167175,-0.010655307210981846
1780625788114636500,26.317636474609376,-0.3711317479610443,0.260312557220459,-0.019144665449857712
1780625788124666600,26.32766650390625,-0.33724406361579895,0.22028017044067383,0.004811000544577837
1780625788134696700,26.33769677734375,-0.26009708642959595,0.20283301174640656,0.05341821908950806
1780625788144725800,26.347725830078126,-0.1562282145023346,0.19237743318080902,0.10539805889129639
1780625788154755800,26.357755859375,-0.07571925967931747,0.14824113249778748,0.14980627596378326
1780625788164785700,26.36778564453125,-0.03448154404759407,0.09121140092611313,0.19567815959453583
1780625788174815700,26.377815673828124,-0.029046298936009407,0.01920218952000141,0.24346618354320526
1780625788184844800,26.3878447265625,-0.06666797399520874,-0.0798032209277153,0.28519153594970703
1780625788194875000,26.397875,-0.10640553385019302,-0.14607810974121094,0.3199599087238312
1780625788204904700,26.40790478515625,-0.16155293583869934,-0.11067644506692886,0.29946768283843994
1780625788214934800,26.417934814453126,-0.2132669985294342,-0.028243089094758034,0.22228632867336273
1780625788224963600,26.427963623046875,-0.2399662584066391,0.1017703041434288,0.15336105227470398
1780625788234993700,26.43799365234375,-0.3020128607749939,0.17896442115306854,0.11437637358903885
1780625788245023700,26.448023681640624,-0.38641855120658875,0.14620327949523926,0.10588541626930237
1780625788255053800,26.4580537109375,-0.39577290415763855,0.12261246889829636,0.12748338282108307
1780625788265083000,26.468082763671877,-0.3264563977718353,0.09488336741924286,0.1486629843711853
1780625788275112700,26.47811279296875,-0.22598333656787872,0.1152762621641159,0.16117744147777557
1780625788285142800,26.488142822265626,-0.0961931124329567,0.23358319699764252,0.21454212069511414
1780625788295172600,26.498172607421875,-0.026030534878373146,0.34471026062965393,0.2810297906398773
1780625788305201700,26.50820166015625,-0.03772234544157982,0.3392007052898407,0.33413615822792053
1780625788315231700,26.518231689453124,-0.09285217523574829,0.23631879687309265,0.3755808174610138
1780625788325261800,26.52826171875,-0.16957812011241913,0.15584765374660492,0.4318869709968567
1780625788335291600,26.538291748046873,-0.217725932598114,0.0999779924750328,0.5040138959884644
1780625788345321700,26.54832177734375,-0.24509043991565704,0.013619139790534973,0.549095094203949
1780625788355350800,26.558350830078126,-0.25262320041656494,-0.06743523478507996,0.5582483410835266
1780625788365380900,26.568380859375,-0.2705124616622925,-0.10020089894533157,0.5447128415107727
1780625788375410700,26.57841064453125,-0.3122228682041168,-0.03572817146778107,0.512930154800415
1780625788385441000,26.58844091796875,-0.36688026785850525,0.11689706146717072,0.4599851667881012
1780625788395469800,26.5984697265625,-0.4142933189868927,0.23632597923278809,0.40349340438842773
1780625788405500000,26.6085,-0.4643053412437439,0.2776736915111542,0.3826046288013458
1780625788415530000,26.618530029296874,-0.5288324356079102,0.3035942316055298,0.41754716634750366
1780625788425560000,26.62856005859375,-0.5588955283164978,0.33362990617752075,0.45313286781311035
1780625788435589000,26.638589111328123,-0.5723822712898254,0.32272905111312866,0.4795500934123993
1780625788445619000,26.648618896484376,-0.5821715593338013,0.2892901301383972,0.5376315116882324
1780625788455649000,26.65864892578125,-0.6173524260520935,0.25424638390541077,0.5997276306152344
1780625788465678800,26.668678955078125,-0.6851024627685547,0.20536114275455475,0.5781075358390808
1780625788475708000,26.6787080078125,-0.742308497428894,0.13788223266601562,0.43383559584617615
1780625788485738000,26.688738037109374,-0.7414048910140991,0.09360611438751221,0.22871840000152588
1780625788495768000,26.69876806640625,-0.6934610605239868,0.14446690678596497,0.02640444226562977
1780625788505798000,26.7087978515625,-0.6072822213172913,0.25965315103530884,-0.11297634989023209
1780625788515827000,26.718826904296876,-0.5078285932540894,0.39850130677223206,-0.13402225077152252
1780625788525857000,26.72885693359375,-0.4389816224575043,0.4802427887916565,-0.03460191935300827
1780625788535887000,26.73888720703125,-0.40124064683914185,0.4652145504951477,0.05542144551873207
1780625788545917000,26.7489169921875,-0.4160025417804718,0.3202962577342987,0.03765416890382767
1780625788555946000,26.758946044921874,-0.523841142654419,0.143476203083992,-0.04375440627336502
1780625788565975800,26.768975830078126,-0.6686875224113464,0.1615542769432068,-0.12797820568084717
1780625788576006000,26.779005859375,-0.7767756581306458,0.30303096771240234,-0.23894652724266052
1780625788586036000,26.789035888671876,-0.7921407222747803,0.3608732521533966,-0.36170440912246704
1780625788596065000,26.79906494140625,-0.6665064096450806,0.30881455540657043,-0.4213765263557434
1780625788606095000,26.80909521484375,-0.44028258323669434,0.20920301973819733,-0.3683604598045349
1780625788616125000,26.819125,-0.347587525844574,0.1056332215666771,-0.2158859521150589
1780625788626155000,26.829155029296874,-0.30774691700935364,0.04312616586685181,0.0035396073944866657
1780625788636184000,26.83918408203125,-0.21583135426044464,0.05880898982286453,0.16333246231079102
1780625788646214000,26.8492138671875,-0.13539829850196838,0.07750651240348816,0.15144731104373932
1780625788656244000,26.859243896484376,-0.09622187167406082,0.11167779564857483,0.02606036327779293
1780625788666274000,26.869274169921876,-0.10684895515441895,0.18589769303798676,-0.12810683250427246
1780625788676302800,26.879302734375,-0.12360928952693939,0.2561020851135254,-0.22384721040725708
1780625788686333000,26.8893330078125,-0.13923698663711548,0.2888224720954895,-0.21614614129066467
1780625788696363000,26.899363037109374,-0.14704005420207977,0.2537611722946167,-0.125355526804924
1780625788706393000,26.90939306640625,-0.15970364212989807,0.14043301343917847,-0.025433721020817757
1780625788716422100,26.919422119140624,-0.14307592809200287,0.08783850818872452,0.02990596741437912
1780625788726452000,26.929451904296876,-0.09726929664611816,0.0947403535246849,0.05463634803891182
1780625788736481800,26.939481689453125,-0.02930462546646595,0.02358894981443882,0.03575986251235008
1780625788746512000,26.949511962890625,0.01335681788623333,0.01780882477760315,-0.041914694011211395
1780625788756541000,26.959541015625,0.055151935666799545,0.0807797983288765,-0.14136111736297607
1780625788766571000,26.969571044921874,0.07310909777879715,0.10260200500488281,-0.1886838972568512
1780625788776601000,26.97960107421875,0.08262936770915985,0.037272535264492035,-0.18674618005752563
1780625788786631000,26.989630859375,0.08467493951320648,-0.01581757888197899,-0.19278302788734436
1780625788796660000,26.999659912109376,0.05258651077747345,-0.04571475833654404,-0.20763228833675385
1780625788806690000,27.00968994140625,0.013132845982909203,-0.04463804140686989,-0.1786496341228485
1780625788816720100,27.01972021484375,-0.0029643645975738764,-0.015586416237056255,-0.08470609784126282
1780625788826750000,27.02975,-0.03238510340452194,-0.09012589603662491,-0.009139169938862324
1780625788836780000,27.039780029296875,-0.050399791449308395,-0.17957694828510284,-0.01907222718000412
1780625788846808800,27.049808837890627,-0.040165796875953674,-0.07492563873529434,-0.08891922235488892
1780625788856839000,27.0598388671875,-0.03495558723807335,0.08732371777296066,-0.15259726345539093
1780625788866869000,27.069868896484376,-0.020918332040309906,0.1283435970544815,-0.18785671889781952
1780625788876899000,27.079899169921877,-0.00017337177996523678,0.059065449982881546,-0.21420709788799286
1780625788886928100,27.08992822265625,0.04643434286117554,-0.030609840527176857,-0.18511366844177246
1780625788896958000,27.0999580078125,0.11657481640577316,-0.1027335673570633,-0.07864394783973694
1780625788906988000,27.109988037109375,0.18944716453552246,-0.13853684067726135,0.0356203131377697
1780625788917017900,27.120017822265623,0.25203409790992737,-0.07497543841600418,0.14418593049049377
1780625788927047000,27.130046875,0.24453145265579224,0.05741162598133087,0.28178879618644714
1780625788937077000,27.140076904296876,0.12315894663333893,0.09460800141096115,0.3216424882411957
1780625788947107000,27.150107177734377,-0.0636088028550148,0.048099882900714874,0.22650957107543945
1780625788957137000,27.160136962890626,-0.16891178488731384,0.024147413671016693,0.0635499507188797
1780625788967166000,27.170166015625,-0.10965592414140701,0.04464682936668396,-0.055987633764743805
1780625788977196000,27.180196044921875,-0.015515576116740704,0.08131615817546844,-0.043463852256536484
1780625788987226000,27.19022607421875,-0.04075488820672035,0.13677702844142914,0.05516764894127846
1780625788997256000,27.200255859375,-0.11212866753339767,0.023811057209968567,0.14591938257217407
1780625789007285000,27.210284912109376,-0.10167070478200912,-0.27574342489242554,0.14033660292625427
1780625789017314800,27.220314697265625,-0.008765527978539467,-0.4164595305919647,0.06669194251298904
1780625789027345000,27.230344970703126,-0.003944407682865858,-0.2795006036758423,0.0507742315530777
1780625789037375000,27.240375,-0.13882073760032654,-0.0466146394610405,0.1731235831975937
1780625789047404000,27.250404052734375,-0.3038696050643921,0.09864215552806854,0.310490220785141
1780625789057434000,27.26043408203125,-0.3313470482826233,0.11820706725120544,0.35633814334869385
1780625789067464000,27.2704638671875,-0.23323751986026764,-0.04465801641345024,0.24812085926532745
1780625789077494000,27.280493896484376,-0.08591224253177643,-0.2564789354801178,0.019465576857328415
1780625789087523000,27.290523193359373,-0.04590863734483719,-0.41109752655029297,-0.13975204527378082
1780625789097553000,27.300552978515626,-0.10727186501026154,-0.4647029638290405,-0.18255490064620972
1780625789107583000,27.3105830078125,-0.16700389981269836,-0.40170881152153015,-0.2034178376197815
1780625789117613000,27.320613037109375,-0.2244432270526886,-0.2415899932384491,-0.21249841153621674
1780625789127641900,27.330641845703123,-0.34811776876449585,-0.03506610915064812,-0.16578949987888336
1780625789137672000,27.340671875,-0.4427313506603241,0.1294647753238678,-0.12751401960849762
1780625789147702000,27.350701904296876,-0.3832017183303833,0.18351656198501587,-0.1279830038547516
1780625789157732000,27.360732177734373,-0.3052786886692047,0.030939273536205292,-0.09299705177545547
1780625789167761200,27.37076123046875,-0.24158360064029694,-0.18738293647766113,-0.046052977442741394
1780625789177791000,27.380791015625,-0.1667005717754364,-0.1807687133550644,-0.004228300880640745
1780625789187820800,27.39082080078125,-0.07520686835050583,-0.016533436253666878,0.03881717100739479
1780625789197851000,27.400850830078124,-0.04445428401231766,0.10630779713392258,0.03092169761657715
1780625789207881000,27.410880859375,-0.10753551125526428,0.11125221848487854,-0.03981851786375046
1780625789217910000,27.420909912109376,-0.2357424795627594,0.06505090743303299,-0.11646588891744614
1780625789227940000,27.430940185546874,-0.38778820633888245,0.03470684587955475,-0.17626823484897614
1780625789237970000,27.440969970703126,-0.4843725264072418,0.14596731960773468,-0.2006702572107315
1780625789248000000,27.451,-0.41722571849823,0.3912913203239441,-0.17107774317264557
1780625789258029000,27.461029052734375,-0.3284764289855957,0.48221030831336975,-0.16516977548599243
1780625789268059100,27.47105908203125,-0.292410284280777,0.2241358906030655,-0.152180477976799
1780625789278089000,27.4810888671875,-0.19235026836395264,-0.1280519813299179,-0.09237786382436752
1780625789288119000,27.491119140625,-0.11172439903020859,-0.21802234649658203,-0.0006530070677399635
1780625789298147800,27.50114794921875,-0.09988611936569214,-0.0847625583410263,0.07670702785253525
1780625789308178000,27.511177978515626,-0.14100000262260437,-0.07093223184347153,0.08142002671957016
1780625789318208000,27.5212080078125,-0.17059624195098877,-0.08802226930856705,0.03062608651816845
1780625789328238000,27.531238037109375,-0.17394515872001648,-0.053533799946308136,-0.03714044392108917
1780625789338267100,27.54126708984375,-0.22101840376853943,-0.12427294999361038,-0.11731011420488358
1780625789348297000,27.551296875,-0.23756009340286255,-0.15977075695991516,-0.19266878068447113
1780625789358326800,27.561326904296877,-0.21015296876430511,-0.052503686398267746,-0.19146610796451569
1780625789368356900,27.57135693359375,-0.19945211708545685,0.08256784826517105,-0.1079549640417099
1780625789378386000,27.581385986328126,-0.20705385506153107,0.09000792354345322,0.00720598129555583
1780625789388416000,27.591416015625,-0.23483754694461823,0.03610953316092491,0.12681840360164642
1780625789398446000,27.601446044921875,-0.30135130882263184,-0.028897162526845932,0.17498832941055298
1780625789408476000,27.611475830078124,-0.35604387521743774,-0.04153918847441673,0.13695013523101807
1780625789418505000,27.6215048828125,-0.3690478205680847,-0.04104410484433174,0.048527855426073074
1780625789428535000,27.63153515625,-0.3504088819026947,-0.09353527426719666,-0.11047723889350891
1780625789438565000,27.641565185546874,-0.2925855219364166,-0.16308319568634033,-0.30618175864219666
1780625789448595000,27.651594970703126,-0.2439655214548111,-0.1837991327047348,-0.4227443337440491
1780625789458624000,27.6616240234375,-0.22392603754997253,-0.18363401293754578,-0.43637970089912415
1780625789468653800,27.67165380859375,-0.21738292276859283,-0.13823376595973969,-0.35559672117233276
1780625789478684000,27.681683837890624,-0.1942262053489685,-0.06856174767017365,-0.17587143182754517
1780625789488714000,27.6917138671875,-0.19563235342502594,-0.04902453348040581,0.011602859944105148
1780625789498744000,27.701744140625,-0.2065955251455307,-0.15036313235759735,0.10070797055959702
1780625789508773000,27.711773193359374,-0.2142968475818634,-0.2862538695335388,0.0982770323753357
1780625789518803000,27.721802978515626,-0.2701134979724884,-0.30957382917404175,0.06595344841480255
1780625789528833000,27.7318330078125,-0.3935196101665497,-0.21364358067512512,0.0268276184797287
1780625789538862800,27.74186279296875,-0.5402344465255737,-0.10283450037240982,-0.02732057124376297
1780625789548892000,27.751891845703124,-0.5465653538703918,-0.05056117847561836,-0.1423286497592926
1780625789558922000,27.761921875,-0.43181851506233215,0.004552141297608614,-0.2782558500766754
1780625789568952000,27.7719521484375,-0.37585538625717163,0.018819227814674377,-0.310486763715744
1780625789578982000,27.78198193359375,-0.3135318160057068,0.04432698339223862,-0.21610939502716064
1780625789589011000,27.792010986328126,-0.24417325854301453,-0.019328424707055092,-0.10494612157344818
1780625789599041000,27.802041015625,-0.18687880039215088,-0.10435996204614639,-0.06526315957307816
1780625789609071000,27.812071044921876,-0.15451474487781525,-0.2013203352689743,-0.08742491900920868
1780625789619101000,27.822100830078124,-0.17397472262382507,-0.13716983795166016,-0.1000317931175232
1780625789629130000,27.8321298828125,-0.2423601746559143,-0.0651094913482666,-0.1145942211151123
1780625789639159800,27.842159912109373,-0.266925185918808,-0.15874090790748596,-0.19178354740142822
1780625789649190000,27.85218994140625,-0.26911482214927673,-0.1941545605659485,-0.29550009965896606
1780625789659220000,27.862219970703126,-0.3327246904373169,-0.11215849220752716,-0.36395904421806335
1780625789669249000,27.8722490234375,-0.308136522769928,0.03897323086857796,-0.3061969578266144
1780625789679279000,27.882279052734376,-0.32784152030944824,0.15413311123847961,-0.1648738980293274
1780625789689309000,27.892308837890624,-0.3940173387527466,0.17642243206501007,-0.11028283089399338
1780625789699339000,27.902339111328125,-0.36574655771255493,0.12414698302745819,-0.11471779644489288
1780625789709368000,27.9123681640625,-0.35097241401672363,0.141812264919281,-0.061941664665937424
1780625789719398100,27.922398193359374,-0.3926471471786499,0.24936695396900177,0.011537612415850163
1780625789729428000,27.932427978515626,-0.45406949520111084,0.20637235045433044,0.0015699334908276796
1780625789739458000,27.9424580078125,-0.44704142212867737,0.010867028497159481,-0.06405674666166306
1780625789749486800,27.95248681640625,-0.404819130897522,-0.16780924797058105,-0.12854093313217163
1780625789759517000,27.962516845703124,-0.34659284353256226,-0.2831065356731415,-0.1332366168498993
1780625789769547000,27.972547119140625,-0.30205199122428894,-0.32204940915107727,-0.059175439178943634
1780625789779577000,27.9825771484375,-0.2745135724544525,-0.30623289942741394,0.007814247161149979
1780625789789607200,27.992607177734374,-0.16854800283908844,-0.11423336714506149,0.011529889889061451
1780625789799636000,28.002635986328126,-0.0942830890417099,0.04021399840712547,-0.025774072855710983
1780625789809665800,28.012665771484375,-0.10245287418365479,0.09550468623638153,-0.009978597983717918
1780625789819695900,28.02269580078125,-0.12078767269849777,0.10641006380319595,0.0679718628525734
1780625789829726000,28.032725830078125,-0.14538462460041046,0.0983545333147049,0.11308128386735916
1780625789839755000,28.042755126953125,-0.16482064127922058,0.07980188727378845,0.13136281073093414
1780625789849785000,28.05278515625,-0.14485491812229156,0.10642684251070023,0.14341121912002563
1780625789859815000,28.06281494140625,-0.13793016970157623,0.0774894654750824,0.10910997539758682
1780625789869845000,28.072844970703127,-0.14831490814685822,-0.019221631810069084,0.04009042680263519
1780625789879874000,28.0828740234375,-0.16614343225955963,-0.015362177975475788,0.008106395602226257
1780625789889904000,28.092904052734376,-0.20326682925224304,0.12198156863451004,0.049548376351594925
1780625789899934000,28.102933837890625,-0.22557507455348969,0.3473148047924042,0.15082146227359772
1780625789909964000,28.112964111328125,-0.18385158479213715,0.5299251079559326,0.29439833760261536
1780625789919992800,28.122992919921874,-0.17108413577079773,0.4755913019180298,0.37215545773506165
1780625789930023000,28.13302294921875,-0.1725374162197113,0.3596050441265106,0.3959401547908783
1780625789940053000,28.143052978515627,-0.15773716568946838,0.2597807049751282,0.3857839107513428
1780625789950083000,28.1530830078125,-0.10284595191478729,0.19263683259487152,0.35547927021980286
1780625789960111900,28.16311181640625,-0.01139939483255148,0.11688774079084396,0.2884083688259125
1780625789970142000,28.173141845703125,0.053146842867136,0.018815765157341957,0.1454160511493683
1780625789980172000,28.183172119140625,0.038114629685878754,-0.030310768634080887,0.01107555441558361
1780625789990201900,28.193201904296874,-0.027714185416698456,-0.006870422977954149,-0.03645174950361252
1780625790000231000,28.20323095703125,-0.04181189462542534,0.1001252681016922,-0.012855877168476582
1780625790010261000,28.213260986328127,0.018704978749155998,0.21224887669086456,0.04183213412761688
1780625790020291000,28.223291015625,0.04174664616584778,0.2785283029079437,0.15839150547981262
1780625790030321000,28.23332080078125,-0.0033981935121119022,0.22379767894744873,0.26171788573265076
1780625790040351000,28.24335107421875,-0.02911900356411934,0.1867280751466751,0.2415340542793274
1780625790050380000,28.253380126953125,-0.06833618134260178,0.20586608350276947,0.13810834288597107
1780625790060410000,28.26341015625,-0.05825132131576538,0.2297743409872055,0.03954554349184036
1780625790070440000,28.27343994140625,-0.05055798217654228,0.04105955362319946,-0.05987771600484848
1780625790080470000,28.283469970703123,-0.06551109999418259,-0.17634733021259308,-0.12004198879003525
1780625790090498800,28.293498779296876,-0.05806703120470047,-0.1806962788105011,-0.07377355545759201
1780625790100529000,28.30352880859375,-0.016956878826022148,0.09481306374073029,0.0826120525598526
1780625790110559000,28.31355908203125,-0.0030248183757066727,0.13517352938652039,0.19499585032463074
1780625790120589000,28.323589111328126,0.025067269802093506,0.07392428815364838,0.21569794416427612
1780625790130617900,28.333617919921874,0.06052619591355324,0.024960743263363838,0.14930719137191772
1780625790140648000,28.34364794921875,0.026248382404446602,-0.04089843109250069,0.07388328015804291
1780625790150678000,28.353677978515623,0.03579075261950493,-0.10061928629875183,-0.044985052198171616
1780625790160707800,28.363707763671876,0.17994660139083862,-0.1577230542898178,-0.22796791791915894
1780625790170737200,28.373737060546876,0.29818615317344666,-0.2812862694263458,-0.37275439500808716
1780625790180767000,28.38376708984375,0.32054632902145386,-0.4474102556705475,-0.35135722160339355
1780625790190797000,28.393797119140626,0.32384490966796875,-0.4199618697166443,-0.1378079354763031
1780625790200827000,28.403826904296874,0.28596383333206177,0.015057246200740337,0.21701966226100922
1780625790210856000,28.41385595703125,0.14970692992210388,0.3542526066303253,0.42465940117836
1780625790220886000,28.423885986328123,0.09211394935846329,0.3732020854949951,0.37021827697753906
1780625790230916000,28.433916015625,0.09861499071121216,0.1838792860507965,0.09448415786027908
1780625790240946200,28.4439462890625,0.16039606928825378,0.011244398541748524,-0.27363553643226624
1780625790250975000,28.45397509765625,0.2516807019710541,0.03730715811252594,-0.532503068447113
1780625790261004800,28.4640048828125,0.2961709499359131,-0.07107790559530258,-0.6755504608154297
1780625790271035000,28.474034912109374,0.3853870928287506,-0.22227515280246735,-0.6932253241539001
1780625790281065000,28.48406494140625,0.48823732137680054,-0.21425211429595947,-0.5397511124610901
1780625790291095000,28.494094970703124,0.43666255474090576,0.08357079327106476,-0.21784578263759613
1780625790301123800,28.504123779296876,0.2816878855228424,0.3771640658378601,0.07686921209096909
1780625790311154000,28.51415380859375,0.20245084166526794,0.385657399892807,0.1510172188282013
1780625790321184000,28.52418408203125,0.21967776119709015,0.20239144563674927,0.06391320377588272
1780625790331213800,28.5342138671875,0.2721993029117584,-0.0026343988720327616,-0.14597398042678833
1780625790341243100,28.5442431640625,0.2815597653388977,-0.044204745441675186,-0.44579505920410156
1780625790351273000,28.55427294921875,0.2910344898700714,-0.0539654977619648,-0.712505578994751
1780625790361302800,28.564302734375,0.27892616391181946,-0.08112414926290512,-0.8503177762031555
1780625790371332900,28.574332763671876,0.24098864197731018,-0.16209383308887482,-0.7829842567443848
1780625790381362000,28.58436181640625,0.21470271050930023,-0.1660105437040329,-0.5874459147453308
1780625790391392300,28.594392333984374,0.11322695761919022,-0.1320035755634308,-0.43378767371177673
1780625790401422300,28.60442236328125,0.08750162273645401,-0.14831037819385529,-0.2337014377117157
1780625790411452400,28.614452392578126,0.13076093792915344,0.021498633548617363,-0.1513623595237732
1780625790421481200,28.624481201171875,0.15262416005134583,0.26969459652900696,-0.2517440915107727
1780625790431511000,28.634510986328124,0.13762177526950836,0.3748979866504669,-0.43544653058052063
1780625790441541000,28.644541015625,0.06427006423473358,0.14285941421985626,-0.5353848338127136
1780625790451571200,28.6545712890625,0.047146208584308624,-0.2491845190525055,-0.4450158178806305
1780625790461600300,28.664600341796874,0.07749239355325699,-0.45338720083236694,-0.21568168699741364
1780625790471630300,28.67463037109375,0.04043876752257347,-0.224226176738739,-0.0022210762836039066
1780625790481660200,28.68466015625,-0.07645376026630402,0.30705955624580383,0.22000214457511902
1780625790491690200,28.694690185546875,-0.18471898138523102,0.9187423586845398,0.40894728899002075
1780625790501720000,28.704719970703124,-0.3337191045284271,1.0580168962478638,0.3929065465927124
1780625790511749400,28.714749267578124,-0.3711727559566498,0.6809673309326172,0.19221018254756927
1780625790521779200,28.724779296875,-0.22487439215183258,0.4471215605735779,-0.09008701890707016
1780625790531809300,28.734809326171874,-0.07457330077886581,0.3881613314151764,-0.3282093107700348
1780625790541839000,28.744839111328126,-0.0164966844022274,0.23354564607143402,-0.3710254728794098
1780625790551868200,28.7548681640625,0.12332220375537872,-0.0313054583966732,-0.0888928547501564
1780625790561898200,28.764898193359375,0.264426052570343,-0.21835604310035706,0.1894913613796234
1780625790571928300,28.77492822265625,0.1252703070640564,0.7286754846572876,0.05174202471971512
1780625790581958400,28.78495849609375,-0.5121988654136658,1.4668289422988892,0.06193740293383598
1780625790591987200,28.7949873046875,-0.9931867718696594,1.5010985136032104,0.0495089627802372
1780625790602017300,28.805017333984374,-1.0655161142349243,1.2200891971588135,-0.04626470059156418
1780625790612047000,28.815047119140626,-1.1677374839782715,0.8202413320541382,-0.13669419288635254
1780625790622077200,28.8250771484375,-1.302849292755127,0.5509814023971558,-0.41460198163986206
1780625790632106200,28.835106201171875,-1.029608964920044,0.4018592834472656,-0.7871782183647156
1780625790642136300,28.84513623046875,-0.5058690309524536,0.21196044981479645,-0.9689541459083557
1780625790652166100,28.855166259765625,-0.4173485040664673,0.7927234768867493,-1.0049816370010376
1780625790662196200,28.8651962890625,-0.6427819132804871,1.3628636598587036,-0.9241504669189453
1780625790672225300,28.875225341796874,-0.8615406155586243,0.9195285439491272,-0.7807325720787048
1780625790682255400,28.88525537109375,-0.6245962381362915,0.4251132011413574,-0.3376512825489044
1780625790692285200,28.89528515625,-0.29919442534446716,0.5333051681518555,0.12258397042751312
1780625790702315300,28.905315185546876,-0.22174172103405,1.1538875102996826,0.1952509880065918
1780625790712345000,28.915344970703124,-0.32799333333969116,1.463698387145996,0.13854962587356567
1780625790722374100,28.9253740234375,-0.3971121907234192,1.143389344215393,0.08891895413398743
1780625790732404200,28.935404296875,-0.26328223943710327,0.0889114961028099,0.18055033683776855
1780625790742434300,28.945434326171874,-0.04854702949523926,-0.4019967019557953,0.10145898163318634
1780625790752464400,28.95546435546875,-0.15054769814014435,1.0763458013534546,0.2073792815208435
1780625790762493200,28.9654931640625,-0.6147627830505371,1.8310236930847168,0.30204135179519653
1780625790772523300,28.975523193359376,-0.8153651356697083,1.3218762874603271,0.22695618867874146
1780625790782553000,28.985552978515624,-0.5635930299758911,0.6525394320487976,0.2810029089450836
1780625790792583200,28.995583251953125,-0.317664235830307,0.9186539649963379,0.2819427251815796
1780625790802612200,29.0056123046875,-0.47878018021583557,1.7108575105667114,0.2559417486190796
1780625790812642300,29.015642333984374,-0.6129222512245178,1.6930633783340454,0.1844199150800705
1780625790822672100,29.025672119140626,-0.5377553105354309,0.7972643971443176,0.044256675988435745
1780625790832702200,29.0357021484375,-0.3230685889720917,0.41340968012809753,-0.051047470420598984
1780625790842731300,29.045731201171876,-0.3715653121471405,1.0084360837936401,-0.024711204692721367
1780625790852761300,29.05576123046875,-0.5148420333862305,1.757895588874817,-0.033074863255023956
1780625790862791400,29.06579150390625,-0.5919245481491089,2.0203094482421875,-0.07859467715024948
1780625790872821200,29.0758212890625,-0.7806097865104675,1.4892793893814087,-0.14134781062602997
1780625790882850000,29.08585009765625,-0.7024702429771423,0.3779904544353485,-0.2675291895866394
1780625790892880100,29.095880126953126,-0.3517596423625946,-0.3275701403617859,-0.49097079038619995
1780625790902910200,29.10591015625,0.03441523015499115,-0.0345182940363884,-0.6583936214447021
1780625790912940300,29.115940185546876,0.036385972052812576,0.09598005563020706,-0.7081923484802246
1780625790922969000,29.125968994140624,-0.025019599124789238,-0.13465741276741028,-0.7283870577812195
1780625790932999200,29.135999267578125,-0.11439182609319687,0.21750755608081818,-0.4830161929130554
1780625790943029200,29.146029296875,-0.5987273454666138,1.1222110986709595,-0.4000520706176758
1780625790953059000,29.15605908203125,-0.9125078916549683,1.655514121055603,-0.5229164958000183
1780625790963089200,29.166089111328127,-0.9275414347648621,1.6158615350723267,-0.564480185508728
1780625790973118200,29.1761181640625,-0.9292709231376648,1.2874155044555664,-0.6369074583053589
1780625790983148300,29.186148193359376,-0.9533690810203552,0.5232964754104614,-0.893994152545929
1780625790993178000,29.19617822265625,-0.6802091598510742,0.033419474959373474,-1.0738470554351807
1780625791003208200,29.206208251953125,-0.2533577084541321,0.4904882311820984,-0.7592107653617859
1780625791013237200,29.2162373046875,-0.17015734314918518,1.6218602657318115,-0.3803926110267639
1780625791023267300,29.226267333984374,-0.3531668484210968,1.5507073402404785,-0.2650718688964844
1780625791033297400,29.23629736328125,-0.2626534700393677,0.5498601794242859,-0.2735646963119507
1780625791043327200,29.2463271484375,0.0007392935222014785,0.14357447624206543,-0.2460387945175171
1780625791053356300,29.256356201171876,-0.09876839071512222,0.8752244710922241,-0.3176075220108032
1780625791063386000,29.26638623046875,-0.4376239478588104,1.4773598909378052,-0.28187429904937744
1780625791073416200,29.276416259765625,-0.6186901330947876,1.273949146270752,-0.39973676204681396
1780625791083446300,29.2864462890625,-0.59885573387146,0.769745945930481,-0.6193609833717346
1780625791093475000,29.29647509765625,-0.509047269821167,0.48892441391944885,-0.7937756776809692
1780625791103505200,29.306505126953127,-0.5377217531204224,0.501872718334198,-0.8444305658340454
1780625791113535200,29.31653515625,-0.565009355545044,0.9654094576835632,-0.8675793409347534
1780625791123565300,29.3265654296875,-0.4895997941493988,1.4023135900497437,-0.5484820008277893
1780625791133595100,29.33659521484375,-0.40595123171806335,1.0986173152923584,-0.40831372141838074
1780625791143624200,29.346624267578125,-0.2849545180797577,0.596924364566803,-0.44903799891471863
1780625791153654300,29.356654296875,-0.07398421317338943,0.2833203971385956,-0.45094507932662964
1780625791163684000,29.36668408203125,0.0051984903402626514,0.37271764874458313,-0.35980185866355896
1780625791173714200,29.376714111328123,-0.03383173421025276,0.7981312870979309,-0.16324271261692047
1780625791183743200,29.3867431640625,-0.13925668597221375,0.8824732899665833,-0.025179654359817505
1780625791193773300,29.396773193359376,-0.23841522634029388,0.6121683120727539,-0.034092456102371216
1780625791203803400,29.406803466796877,-0.2645706832408905,0.45376724004745483,-0.09987812489271164
1780625791213833200,29.416833251953125,-0.25253450870513916,0.5264939069747925,-0.12277838587760925
1780625791223862300,29.4268623046875,-0.16323871910572052,0.7142336964607239,-0.07702261209487915
1780625791233892000,29.43689208984375,-0.06988294422626495,0.8122899532318115,-0.004817924462258816
1780625791243922200,29.446922119140623,-0.07686415314674377,0.6499530076980591,0.058863315731287
1780625791253952300,29.4569521484375,-0.08758417516946793,0.3513372540473938,0.06363356858491898
1780625791263981000,29.46698095703125,-0.042832151055336,0.08074411749839783,-0.10725641250610352
1780625791274011100,29.47701123046875,0.05555087700486183,0.01888900250196457,-0.4543411433696747
1780625791284041200,29.487041259765626,0.12070751190185547,0.15471315383911133,-0.7466108202934265
1780625791294071300,29.4970712890625,0.16387228667736053,0.44964227080345154,-0.6980627179145813
1780625791304100400,29.507100341796875,0.08678070455789566,0.37102335691452026,-0.37959179282188416
1780625791314130400,29.51713037109375,-0.02545076422393322,-0.49306750297546387,-0.40170401334762573
1780625791324160300,29.52716015625,0.139420747756958,-1.022207498550415,-0.7084956765174866
1780625791334190000,29.537190185546876,0.21246220171451569,0.015043663792312145,-0.2856919467449188
1780625791344220200,29.54722021484375,-0.10408938676118851,0.8353169560432434,0.35079318284988403
1780625791354249200,29.557249267578126,-0.22451166808605194,0.93479323387146,0.5713558793067932
1780625791364279300,29.567279296875,-0.19192390143871307,0.8332503437995911,0.5695332288742065
1780625791374309400,29.577309326171875,-0.13126987218856812,0.6062638163566589,0.4538505971431732
1780625791384339500,29.58733935546875,-0.07204756140708923,0.25888001918792725,0.297746479511261
1780625791394367500,29.597367431640624,0.03460271656513214,-0.06866108626127243,0.12260448187589645
1780625791404397300,29.607397216796876,0.14062662422657013,-0.3598567247390747,-0.06541495770215988
1780625791414427400,29.617427490234373,0.21099773049354553,-0.5396842360496521,-0.2650867998600006
1780625791424457200,29.627457275390626,0.24996057152748108,-0.590347945690155,-0.44676685333251953
1780625791434486300,29.637486328125,0.20827677845954895,-0.6586689949035645,-0.47636866569519043
1780625791444516400,29.647516357421875,0.1281939148902893,-0.8401042819023132,-0.29525241255760193
1780625791454546400,29.65754638671875,0.1042555645108223,-1.1306519508361816,0.056354619562625885
1780625791464576300,29.667576171875,0.12145745754241943,-1.4287548065185547,0.4234873652458191
1780625791474605300,29.677605224609376,0.10708996653556824,-1.5426251888275146,0.630243182182312
1780625791484635400,29.687635498046873,0.12057887762784958,-1.3366581201553345,0.594600260257721
1780625791494665500,29.69766552734375,0.20894016325473785,-1.0257455110549927,0.42061594128608704
1780625791504695300,29.7076953125,0.30339714884757996,-1.0208450555801392,0.2579308748245239
1780625791514725400,29.717725341796875,0.42871779203414917,-1.075994849205017,0.11261309683322906
1780625791524754200,29.727754150390624,0.5244289040565491,-0.9876615405082703,-0.03710901737213135
1780625791534784300,29.7377841796875,0.5138422846794128,-0.807772159576416,-0.19931204617023468
1780625791544814300,29.747814453125,0.45537471771240234,-0.7085443735122681,-0.33196941018104553
1780625791554844400,29.757844482421874,0.3328897953033447,-0.6373493075370789,-0.311042845249176
1780625791564873500,29.76787353515625,0.22838257253170013,-0.5998490452766418,-0.14658623933792114
1780625791574903300,29.7779033203125,0.19739936292171478,-0.6949257850646973,0.1367645114660263
1780625791584933400,29.787933349609375,0.2586674988269806,-0.8745450973510742,0.46899303793907166
1780625791594963200,29.797963134765624,0.3517015874385834,-1.0727827548980713,0.7534990906715393
1780625791604992500,29.807992431640624,0.45272591710090637,-1.232303261756897,0.9381035566329956
1780625791615022300,29.818022216796876,0.5266371965408325,-1.3161906003952026,1.0172662734985352
1780625791625052400,29.828052490234374,0.5468564033508301,-1.352766752243042,1.0002007484436035
1780625791635082200,29.838082275390626,0.5851162075996399,-1.4035005569458008,0.9182635545730591
1780625791645111300,29.848111328125,0.6862241625785828,-1.4544390439987183,0.8142942786216736
1780625791655141400,29.858141357421875,0.8040679693222046,-1.5170962810516357,0.7663370966911316
1780625791665171500,29.86817138671875,0.8889535665512085,-1.5912458896636963,0.8054096698760986
1780625791675201500,29.878201416015624,0.9231317639350891,-1.5640361309051514,0.857820987701416
1780625791685231400,29.8882314453125,0.8725884556770325,-1.2897542715072632,0.7989706993103027
1780625791695260200,29.89826025390625,0.8293623924255371,-1.0038108825683594,0.5848695635795593
1780625791705290200,29.908290283203126,0.8032381534576416,-0.9852499961853027,0.3576020896434784
1780625791715320300,29.9183203125,0.7326585054397583,-1.089246153831482,0.22477158904075623
1780625791725350400,29.928350341796875,0.5791701674461365,-1.1428494453430176,0.1757233589887619
1780625791735379500,29.93837939453125,0.4602174162864685,-1.1109216213226318,0.2060232013463974
1780625791745409300,29.9484091796875,0.41336333751678467,-1.0889931917190552,0.3392414450645447
1780625791755439400,29.958439453125,0.45867836475372314,-1.1427557468414307,0.5552243590354919
1780625791765469400,29.968469482421874,0.5434502363204956,-1.2888230085372925,0.7730000615119934
1780625791775498500,29.97849853515625,0.5696094036102295,-1.515807867050171,0.9106178879737854
1780625791785528300,29.9885283203125,0.5786505937576294,-1.7794853448867798,0.9700036644935608
1780625791795558400,29.998558349609375,0.6710487008094788,-1.9725253582000732,0.9503628611564636
1780625791805588200,30.008588134765624,0.7241321206092834,-2.0129034519195557,0.8437605500221252
1780625791815617300,30.0186171875,0.7129939794540405,-1.967922329902649,0.6621710062026978
1780625791825647400,30.0286474609375,0.6838696599006653,-1.9133485555648804,0.4332933723926544
1780625791835677400,30.038677490234374,0.674633800983429,-1.9385794401168823,0.21859119832515717
1780625791845707500,30.04870751953125,0.6829841732978821,-1.9680187702178955,0.03508767858147621
1780625791855736300,30.058736328125,0.6237384080886841,-1.910803198814392,-0.08364509791135788
1780625791865766400,30.068766357421875,0.45522770285606384,-1.8057092428207397,-0.07817895710468292
1780625791875796200,30.078796142578124,0.2420288771390915,-1.6427091360092163,0.07242386788129807
1780625791885826300,30.088826416015625,0.12783865630626678,-1.519588828086853,0.3656799793243408
1780625791895855400,30.09885546875,0.15841147303581238,-1.482546091079712,0.6904306411743164
1780625791905885400,30.108885498046874,0.28191423416137695,-1.5163898468017578,0.9072204828262329
1780625791915915300,30.118915283203126,0.2637957036495209,-1.4037705659866333,0.8785430192947388
1780625791925945300,30.1289453125,0.1435403823852539,-1.183087944984436,0.5118651390075684
1780625791935975400,30.138975341796876,-0.02618340030312538,-0.8409410715103149,-0.09834548085927963
1780625791946004500,30.14900439453125,-0.3011667728424072,-0.439895361661911,-0.7799714207649231
1780625791956034300,30.159034423828125,-0.5578441023826599,-0.1657855063676834,-1.2678651809692383
1780625791966064400,30.169064453125,-0.6050225496292114,-0.11149270832538605,-1.4916008710861206
1780625791976094200,30.17909423828125,-0.43778613209724426,-0.012558136135339737,-1.361069679260254
1780625791986123300,30.189123291015626,-0.2281639277935028,0.19460943341255188,-0.932921290397644
1780625791996153300,30.1991533203125,0.010676879435777664,0.25152677297592163,-0.5091567039489746
1780625792006183400,30.209183349609376,0.2708091139793396,0.10421774536371231,-0.24210770428180695
1780625792016213500,30.219213623046876,0.4631841778755188,-0.056525327265262604,-0.2100943773984909
1780625792026242300,30.2292421875,0.4505937993526459,0.0006705839768983424,-0.3395810127258301
1780625792036272400,30.2392724609375,0.24439536035060883,0.14618250727653503,-0.3860771358013153
1780625792046302200,30.24930224609375,-0.034444261342287064,0.2314223051071167,-0.3046640157699585
1780625792056332300,30.259332275390626,-0.21779677271842957,0.16411064565181732,-0.13818369805812836
1780625792066361300,30.269361328125,-0.32682153582572937,0.029589850455522537,0.05656980350613594
1780625792076391400,30.279391357421876,-0.3855500817298889,-0.04892972484230995,0.22312496602535248
1780625792086421200,30.289421142578124,-0.39744988083839417,-0.045525938272476196,0.3272726535797119
1780625792096451300,30.299451416015625,-0.3471473157405853,-0.04614991694688797,0.39256006479263306
1780625792106481400,30.3094814453125,-0.2408544272184372,-0.004402471706271172,0.3665449619293213
1780625792116510500,30.319510498046874,-0.13016758859157562,0.04999126121401787,0.2377246767282486
1780625792126540500,30.32954052734375,-0.059121377766132355,0.044490501284599304,0.08282484114170074
1780625792136570400,30.3395703125,-0.04626842960715294,0.0323675274848938,-0.022367889061570168
1780625792146600200,30.34960009765625,-0.0734313428401947,0.04168912395834923,-0.09050699323415756
1780625792156629200,30.359629150390624,-0.10815390199422836,0.03910266235470772,-0.13816054165363312
1780625792166659300,30.369659423828125,-0.13394448161125183,0.03496890142560005,-0.14422322809696198
1780625792176689400,30.379689453125,-0.14456011354923248,0.07797203212976456,-0.11070387810468674
1780625792186719500,30.389719482421874,-0.11435560137033463,0.09882964193820953,-0.06075762212276459
1780625792196748300,30.399748291015626,-0.035226695239543915,-0.015839416533708572,-0.056887783110141754
1780625792206778400,30.4097783203125,0.016095878556370735,-0.2210942953824997,-0.11336197704076767
1780625792216808200,30.41980810546875,0.03813140466809273,-0.30596551299095154,-0.19698816537857056
1780625792226838300,30.42983837890625,-0.0005233111442066729,-0.288817435503006,-0.2578299343585968
1780625792236867300,30.439867431640625,-0.06059277430176735,-0.20759233832359314,-0.22326290607452393
1780625792246897400,30.4498974609375,-0.12533102929592133,-0.14827655255794525,-0.10462627559900284
1780625792256927200,30.45992724609375,-0.1661122739315033,-0.19553035497665405,0.01518960576504469
1780625792266957300,30.469957275390627,-0.17931783199310303,-0.25267887115478516,0.08729895204305649
1780625792276987400,30.4799873046875,-0.1841253638267517,-0.20127639174461365,0.10809877514839172
1780625792287016400,30.490016357421876,-0.18537864089012146,-0.12357546389102936,0.1051328107714653
1780625792297046500,30.500046630859377,-0.18035060167312622,-0.1142386943101883,0.08576817065477371
1780625792307076400,30.510076416015625,-0.1512872576713562,-0.1588706076145172,0.030243922024965286
1780625792317106200,30.520106201171874,-0.12119726091623306,-0.22936661541461945,-0.026636404916644096
1780625792327135200,30.53013525390625,-0.1192435696721077,-0.2690644860267639,-0.05585580691695213
1780625792337165300,30.540165283203127,-0.13759168982505798,-0.20697608590126038,-0.06375154852867126
1780625792347195400,30.5501953125,-0.11880041658878326,-0.16875998675823212,-0.023007048293948174
1780625792357225500,30.5602255859375,-0.06893619149923325,-0.20155015587806702,-0.029531527310609818
1780625792367254300,30.570254150390625,0.004191549029201269,-0.22258992493152618,-0.048526521772146225
1780625792377284400,30.580284423828125,0.05489493906497955,-0.21525292098522186,-0.06565757095813751
1780625792387314700,30.590314697265626,0.050870638340711594,-0.14917030930519104,-0.07916699349880219
1780625792397344800,30.6003447265625,-0.014077203348279,-0.08175185322761536,-0.08201071619987488
1780625792407374800,30.610374755859375,-0.11706217378377914,-0.03862462565302849,-0.09751590341329575
1780625792417404000,30.62040380859375,-0.22292335331439972,-0.032286833971738815,-0.11266343295574188
1780625792427434000,30.63043408203125,-0.25942543148994446,-0.1199040338397026,-0.10364650189876556
1780625792437464000,30.640464111328125,-0.21265314519405365,-0.2199997454881668,-0.09748101979494095
1780625792447494000,30.650493896484374,-0.18408967554569244,-0.293000727891922,-0.10112635046243668
1780625792457523700,30.660523681640626,-0.15981043875217438,-0.29847538471221924,-0.10051382333040237
1780625792467553000,30.670552978515627,-0.10493546724319458,-0.05782042443752289,-0.06270945072174072
1780625792477582800,30.680582763671875,-0.04483618214726448,0.1211187019944191,0.050751328468322754
1780625792487613000,30.690613037109376,0.01344709936529398,0.0888526439666748,0.09985043108463287
1780625792497643000,30.70064306640625,0.015854330733418465,-0.03220587223768234,-0.023069899529218674
1780625792507671800,30.710671875,0.002570749493315816,-0.1348496973514557,-0.14600114524364471
1780625792517702000,30.720701904296874,-0.012190086767077446,-0.126682311296463,-0.11710398644208908
1780625792527732000,30.73073193359375,-0.03254542499780655,-0.05763160437345505,0.014347247779369354
1780625792537762000,30.740761962890623,-0.046170424669981,-0.07109414786100388,0.06888345628976822
1780625792547792000,30.7507919921875,-0.036080773919820786,-0.09394513815641403,0.029153358191251755
1780625792557820700,30.760820556640624,-0.03250334784388542,-0.1014360785484314,-0.03825311362743378
1780625792567850800,30.770850830078125,-0.026817232370376587,-0.16535380482673645,-0.07479194551706314
1780625792577880800,30.780880859375,-0.034150246530771255,-0.14924009144306183,-0.11261629313230515
1780625792587911000,30.790910888671874,-0.06309694051742554,-0.057627078145742416,-0.1662776619195938
1780625792597940000,30.80093994140625,-0.11773275583982468,0.02376578375697136,-0.1838470697402954
1780625792607970000,30.810969970703123,-0.15692409873008728,0.052806224673986435,-0.19977863132953644
1780625792618000000,30.820999755859376,-0.19841694831848145,0.01546657457947731,-0.230014830827713
1780625792628029700,30.83102978515625,-0.19448453187942505,-0.04513471946120262,-0.26271259784698486
1780625792638059000,30.84105908203125,-0.17306259274482727,-0.02671017311513424,-0.26707643270492554
1780625792648088800,30.8510888671875,-0.14486292004585266,0.0018066884949803352,-0.2739633619785309
1780625792658119000,30.861118896484374,-0.11599451303482056,0.03999721631407738,-0.31779688596725464
1780625792668149000,30.87114892578125,-0.09270090609788895,0.07884901016950607,-0.40276530385017395
1780625792678177800,30.881177734375,-0.07786284387111664,0.07984982430934906,-0.5056554675102234
1780625792688208000,30.891207763671876,-0.07499301433563232,0.13182461261749268,-0.5882264971733093
1780625792698238000,30.901238037109376,-0.09336962550878525,0.22670477628707886,-0.6015034317970276
1780625792708268000,30.91126806640625,-0.14351774752140045,0.3664983808994293,-0.5759037733078003
1780625792718297900,30.9212978515625,-0.20314618945121765,0.5790649652481079,-0.5448476076126099
1780625792728327000,30.931326904296874,-0.22262614965438843,0.8200511932373047,-0.4964909851551056
1780625792738356700,30.941356689453126,-0.19116276502609253,0.9791228771209717,-0.4347698390483856
1780625792748386800,30.95138671875,-0.11012303829193115,0.9996933937072754,-0.38399428129196167
1780625792758417000,30.9614169921875,-0.017420802265405655,0.8651942014694214,-0.3756902813911438
1780625792768446000,30.971446044921876,0.07912091910839081,0.6842100024223328,-0.47115153074264526
1780625792778476000,30.98147607421875,0.19310741126537323,0.39487966895103455,-0.6063522696495056
1780625792788505900,30.991505859375,0.24561668932437897,0.07707667350769043,-0.6687860488891602
1780625792798536000,31.001535888671874,0.16216334700584412,0.06603973358869553,-0.6442759037017822
1780625792808565000,31.01156494140625,-0.017256485298275948,0.6008669137954712,-0.5096166729927063
1780625792818594800,31.0215947265625,-0.15114717185497284,0.9681104421615601,-0.1822587549686432
1780625792828625000,31.031625,-0.1562705636024475,0.8269093632698059,0.08230365812778473
1780625792838655000,31.041655029296876,-0.17704987525939941,0.5271426439285278,-0.12947863340377808
1780625792848684800,31.051684814453125,-0.20417949557304382,0.668788731098175,-0.3185305893421173
1780625792858713900,31.0617138671875,-0.3038294017314911,0.8836871981620789,-0.1747734099626541
1780625792868744000,31.071743896484374,-0.3094177842140198,0.7652356028556824,-0.0871969535946846
1780625792878774000,31.08177392578125,-0.183970108628273,0.3203020989894867,-0.09139489382505417
1780625792888803800,31.091803955078124,-0.04001373052597046,-0.22611995041370392,-0.2566280663013458
1780625792898833000,31.1018330078125,0.027028154581785202,-0.5130454897880554,-0.5445660948753357
1780625792908862700,31.11186279296875,-0.06292303651571274,-0.20056159794330597,-0.7246511578559875
1780625792918892800,31.121892822265625,-0.22470687329769135,0.2851334810256958,-0.4874735176563263
1780625792928923000,31.1319228515625,-0.3021470606327057,0.38542813062667847,-0.3171313405036926
1780625792938952000,31.141951904296874,-0.30876317620277405,0.25939321517944336,-0.2416861355304718
1780625792948982000,31.15198193359375,-0.25451138615608215,0.20078769326210022,-0.1296466737985611
1780625792959011800,31.16201171875,-0.18821410834789276,0.269503116607666,-0.012176505289971828
1780625792969042000,31.1720419921875,-0.13436207175254822,0.22223572432994843,0.029150428250432014
1780625792979071700,31.18207177734375,-0.07154129445552826,0.049016546458005905,-0.035119637846946716
1780625792989101000,31.19210107421875,0.0391833558678627,-0.27639830112457275,-0.23933961987495422
1780625792999131000,31.202130859375,0.150273397564888,-0.4826100468635559,-0.4943375587463379
1780625793009161000,31.212160888671875,0.23033706843852997,-0.3910982608795166,-0.6302130818367004
1780625793019190800,31.222190673828123,0.2716600000858307,-0.2602297067642212,-0.5508399605751038
1780625793029219800,31.2322197265625,0.27016279101371765,-0.17228415608406067,-0.24620898067951202
1780625793039250000,31.24225,0.27762681245803833,0.12568309903144836,0.12295681238174438
1780625793049280000,31.252280029296877,0.3260425627231598,0.3200347423553467,0.37143588066101074
1780625793059310000,31.26231005859375,0.3533641993999481,0.23639416694641113,0.45789486169815063
1780625793069339000,31.2723388671875,0.3499673306941986,0.11008815467357635,0.45518961548805237
1780625793079368700,31.28236865234375,0.3131083846092224,-0.03877456113696098,0.4677394926548004
1780625793089398800,31.292398681640623,0.24383103847503662,-0.17857986688613892,0.5052629113197327
1780625793099428900,31.302428955078124,0.1621020883321762,-0.2492218017578125,0.49256548285484314
1780625793109458000,31.3124580078125,0.07844127714633942,-0.15504524111747742,0.3943353295326233
1780625793119488000,31.322488037109373,-0.0029816750902682543,-0.00138058268930763,0.25944143533706665
1780625793129517800,31.332517822265626,-0.047681502997875214,0.0747128501534462,0.10516263544559479
1780625793139548000,31.3425478515625,-0.08003704249858856,0.12385296821594238,-0.03555186837911606
1780625793149578000,31.352577880859375,-0.09150221943855286,0.1684071272611618,-0.13961142301559448
1780625793159607000,31.36260693359375,-0.04073011875152588,0.11559078097343445,-0.2235902100801468
1780625793169636900,31.372636962890624,0.036676786839962006,0.04734328016638756,-0.2801664173603058
1780625793179667000,31.3826669921875,0.10910145193338394,0.05799166485667229,-0.27467548847198486
1780625793189696800,31.39269677734375,0.17123033106327057,0.04193812981247902,-0.21641992032527924
1780625793199725800,31.402725830078126,0.20037837326526642,0.015600265003740788,-0.19195932149887085
1780625793209756000,31.412755859375,0.19537748396396637,0.018137991428375244,-0.1903853863477707
1780625793219786000,31.422785888671875,0.16769152879714966,0.017170997336506844,-0.17874391376972198
1780625793229816000,31.432816162109376,0.1375187188386917,0.015217835083603859,-0.15302470326423645
1780625793239844900,31.442844970703124,0.09836757928133011,0.00959856528788805,-0.11279259622097015
1780625793249875000,31.452875,0.07483908534049988,-0.008044877089560032,-0.08965105563402176
1780625793259904800,31.46290478515625,0.06785254925489426,-0.012635367922484875,-0.08617962896823883
1780625793269934800,31.472934814453126,0.06401466578245163,-0.01950312778353691,-0.0983864888548851
1780625793279965000,31.48296484375,0.05572744458913803,-0.015506255440413952,-0.11486000567674637
1780625793289994000,31.492993896484375,0.05022402107715607,-0.007142331451177597,-0.12165878713130951
1780625793300023800,31.50302392578125,0.07343746721744537,-0.05368693172931671,-0.10082115232944489
1780625793310054000,31.513053955078124,0.07889880985021591,-0.024042218923568726,-0.06428337842226028
1780625793320084000,31.523083984375,0.09302102029323578,0.03732873126864433,-0.03729437664151192
1780625793330113000,31.533113037109374,0.10522975027561188,-0.020897025242447853,-0.04947114735841751
1780625793340142800,31.543142822265626,0.11103357374668121,-0.06054696813225746,-0.020848024636507034
1780625793350173000,31.5531728515625,0.1132221594452858,-0.05110659450292587,0.060615409165620804
1780625793360202800,31.56320263671875,0.11226528882980347,-0.07287739962339401,0.1181066632270813
1780625793370231800,31.573231689453124,0.11455108225345612,-0.11038269847631454,0.11504402756690979
1780625793380262000,31.583261962890624,0.12311074882745743,-0.13919277489185333,0.07044753432273865
1780625793390291700,31.593291748046877,0.12286919355392456,-0.15282389521598816,0.014719025231897831
1780625793400321800,31.60332177734375,0.09276269376277924,-0.10649288445711136,-0.03406928852200508
1780625793410351900,31.613351806640626,0.06899397820234299,-0.05507763475179672,-0.06915590167045593
1780625793420381000,31.623380859375,0.06637343019247055,-0.0041462755762040615,-0.08241524547338486
1780625793430410500,31.633410400390623,0.069710373878479,0.03310708701610565,-0.09055360406637192
1780625793440440600,31.643440673828124,0.07828601449728012,0.07425345480442047,-0.09916786104440689
1780625793450470700,31.653470703125,0.09301356226205826,0.08067940175533295,-0.08844837546348572
1780625793460499700,31.663499755859377,0.10146617144346237,0.04073065146803856,-0.06917214393615723
1780625793470529800,31.67352978515625,0.10669741779565811,-0.006129531655460596,-0.06396699696779251
1780625793480559900,31.683559814453126,0.10476981848478317,-0.017063938081264496,-0.08808884769678116
1780625793490589700,31.693589599609375,0.09537791460752487,0.023273363709449768,-0.11437211185693741
1780625793500618800,31.70361865234375,0.0841742679476738,0.044382110238075256,-0.13015800714492798
1780625793510648800,31.71364892578125,0.07473175972700119,0.04914011433720589,-0.150163933634758
1780625793520678700,31.7236787109375,0.07432322949171066,0.047450073063373566,-0.15999020636081696
1780625793530708700,31.733708740234373,0.06714148819446564,0.03346101939678192,-0.16775038838386536
1780625793540738800,31.74373876953125,0.05124640837311745,-0.005931925028562546,-0.19409118592739105
1780625793550767600,31.753767578125,0.02357936091721058,-0.01714729517698288,-0.21549846231937408
1780625793560797700,31.763797607421875,-0.008932774886488914,-0.020615529268980026,-0.21072101593017578
1780625793570827800,31.773827880859375,-0.04868897423148155,-0.016345683485269547,-0.1910807341337204
1780625793580857900,31.78385791015625,-0.058209244161844254,-0.01372486725449562,-0.15108805894851685
1780625793590887000,31.793886962890625,-0.037816885858774185,-0.00033635724685154855,-0.11680411547422409
1780625793600916700,31.803916748046873,-0.00361683894880116,-0.00019920444174204022,-0.10826575011014938
1780625793610946600,31.813946533203126,0.03759397938847542,0.0324450246989727,-0.10248243063688278
1780625793620976600,31.8239765625,0.07291548699140549,0.11469728499650955,-0.06993594020605087
1780625793631005700,31.834005615234375,0.09674198925495148,0.15107233822345734,-0.04821573197841644
1780625793641035800,31.844035888671876,0.10135431587696075,0.14903555810451508,-0.014682806096971035
1780625793651065900,31.85406591796875,0.0938308909535408,0.14157123863697052,0.04355573281645775
1780625793661095700,31.864095703125,0.09769034385681152,0.13329653441905975,0.09096106886863708
1780625793671124700,31.874124755859373,0.10567529499530792,0.13688035309314728,0.09859900921583176
1780625793681154800,31.88415478515625,0.119117870926857,0.14225700497627258,0.07830546051263809
1780625793691184600,31.8941845703125,0.11350712180137634,0.1652805656194687,0.060266803950071335
1780625793701214700,31.904214599609375,0.10050583630800247,0.18483616411685944,0.05644277110695839
1780625793711244800,31.914244873046876,0.08063039928674698,0.17743603885173798,0.05951792001724243
1780625793721273600,31.924273681640624,0.06603947281837463,0.16623345017433167,0.036138031631708145
1780625793731303700,31.9343037109375,0.060389041900634766,0.2013658732175827,-0.02750539407134056
1780625793741333800,31.944333740234374,0.04703435301780701,0.283892422914505,-0.12295228987932205
1780625793751363800,31.95436376953125,0.032763008028268814,0.41049912571907043,-0.2345360666513443
1780625793761393000,31.964392822265626,0.01931670680642128,0.5350444912910461,-0.31283140182495117
1780625793771422700,31.974422607421875,0.002380333375185728,0.5952526926994324,-0.3500395119190216
1780625793781452500,31.98445263671875,-0.01127795409411192,0.5637954473495483,-0.3782125413417816
1780625793791482600,31.994482666015625,-0.028443625196814537,0.49938130378723145,-0.4004174470901489
1780625793801511700,32.00451171875,-0.0636114627122879,0.4461580514907837,-0.42692336440086365
1780625793811541800,32.014541748046874,-0.12088221311569214,0.45423275232315063,-0.4498870074748993
1780625793821571800,32.02457177734375,-0.17521868646144867,0.5213150978088379,-0.46167922019958496
1780625793831601700,32.0346015625,-0.2222043126821518,0.6059008240699768,-0.45113494992256165
1780625793841631700,32.0446318359375,-0.2407071441411972,0.6584937572479248,-0.43807801604270935
1780625793851660800,32.054660888671876,-0.2127964198589325,0.6366478204727173,-0.4294951856136322
1780625793861691000,32.06469091796875,-0.18955661356449127,0.6086827516555786,-0.4278498888015747
1780625793871720700,32.074720703125,-0.19817300140857697,0.6445185542106628,-0.45099595189094543
1780625793881750800,32.084750732421874,-0.2020614892244339,0.7147314548492432,-0.4919561445713043
1780625793891779600,32.094779541015626,-0.21488754451274872,0.7727478742599487,-0.5398421883583069
1780625793901809700,32.1048095703125,-0.22815567255020142,0.8091402649879456,-0.5883870720863342
1780625793911839700,32.11483984375,-0.24025042355060577,0.8397285342216492,-0.6178925037384033
1780625793921869800,32.124869873046876,-0.2631474733352661,0.8510104417800903,-0.6063764691352844
1780625793931899000,32.13489892578125,-0.2935671806335449,0.852302610874176,-0.5672791600227356
1780625793941928700,32.1449287109375,-0.30538466572761536,0.8281142115592957,-0.5097849369049072
1780625793951958800,32.15495874023438,-0.33662381768226624,0.8406888246536255,-0.48184946179389954
1780625793961988600,32.164988525390626,-0.4205802381038666,0.8964900374412537,-0.5188136100769043
1780625793972018700,32.17501879882813,-0.5368714332580566,0.9701600074768066,-0.6118998527526855
1780625793982047700,32.1850478515625,-0.6413701176643372,0.9992347955703735,-0.7422575950622559
1780625793992077800,32.19507788085937,-0.6514699459075928,0.9990878105163574,-0.8795731067657471
1780625794002107600,32.20510766601563,-0.5892097353935242,0.9677085876464844,-0.951009213924408
1780625794012137700,32.2151376953125,-0.5259737968444824,0.8551657795906067,-0.9415749907493591
1780625794022166800,32.225166748046874,-0.5362898111343384,0.759211003780365,-0.8759176731109619
1780625794032196900,32.23519677734375,-0.6023721694946289,0.7419809103012085,-0.7835578918457031
1780625794042226700,32.24522680664062,-0.6347029209136963,0.7550501227378845,-0.7147407531738281
1780625794052256800,32.2552568359375,-0.6604729890823364,0.7350487112998962,-0.6770045757293701
1780625794062286600,32.26528662109375,-0.6857764720916748,0.6668214201927185,-0.6516416668891907
1780625794072315600,32.275315673828125,-0.7206966876983643,0.5148638486862183,-0.5809736251831055
1780625794082345700,32.285345703125,-0.7690287828445435,0.3970932960510254,-0.42468178272247314
1780625794092375800,32.295375732421874,-0.837870180606842,0.38090580701828003,-0.19436602294445038
1780625794102406000,32.305406005859375,-0.9166659116744995,0.3995250165462494,0.021213410422205925
1780625794112434700,32.3154345703125,-0.951154351234436,0.3465062975883484,0.18188750743865967
1780625794122464800,32.32546484375,-0.9233483076095581,0.25098907947540283,0.314667671918869
1780625794132494600,32.33549462890625,-0.8711439371109009,0.08513513207435608,0.466910719871521
1780625794142524700,32.345524658203125,-0.8152269124984741,-0.09891726076602936,0.6357839107513428
1780625794152553700,32.3555537109375,-0.7332460284233093,-0.22905395925045013,0.8208789229393005
1780625794162583800,32.36558374023438,-0.5973480939865112,-0.42434221506118774,0.9823575615882874
1780625794172613600,32.37561352539063,-0.4584226906299591,-0.6024088859558105,1.0627762079238892
1780625794182643700,32.38564379882813,-0.4247318506240845,-0.5462705492973328,1.0690299272537231
1780625794192672800,32.3956728515625,-0.5565966963768005,-0.3445083796977997,0.9308850765228271
1780625794202702800,32.40570288085937,-0.8040387034416199,-0.22467811405658722,0.5698456168174744
1780625794212732700,32.41573266601562,-0.949280858039856,-0.44711971282958984,0.14422428607940674
1780625794222762800,32.4257626953125,-1.1432276964187622,-0.8793669939041138,-0.0856214240193367
1780625794232792600,32.43579248046875,-1.1020301580429077,-1.1242502927780151,-0.1037604808807373
1780625794242821600,32.44582153320312,-1.0076885223388672,-1.343202829360962,-0.09154536575078964
1780625794252851700,32.455851806640624,-0.9301212430000305,-1.3606321811676025,-0.08382139354944229
1780625794262881800,32.4658818359375,-0.8825377821922302,-1.3326077461242676,-0.04249100014567375
1780625794272912000,32.47591186523437,-0.8236315846443176,-1.2957942485809326,0.06501921266317368
1780625794282940700,32.485940673828125,-0.824733316898346,-1.3221662044525146,0.22644218802452087
1780625794292970800,32.495970703125,-0.846391499042511,-1.3848227262496948,0.3818211257457733
1780625794303000600,32.50600048828125,-0.8957440853118896,-1.4750908613204956,0.47065433859825134
1780625794313030700,32.51603076171875,-0.9610405564308167,-1.591183066368103,0.4575720727443695
1780625794323060700,32.526060791015624,-1.012416124343872,-1.765950083732605,0.34358692169189453
1780625794333089800,32.53608984375,-1.0295490026474,-1.956760048866272,0.19721239805221558
1780625794343119600,32.54611962890625,-1.0258322954177856,-2.0905065536499023,0.1330784261226654
1780625794353149700,32.556149658203125,-1.0138390064239502,-1.9961262941360474,0.17238189280033112
1780625794363179800,32.5661796875,-0.9091091752052307,-1.9157747030258179,0.22776950895786285
1780625794373208800,32.57620874023438,-0.8250694274902344,-2.0122344493865967,0.20762908458709717
1780625794383239000,32.58623901367187,-0.8134982585906982,-2.0421547889709473,0.16142085194587708
1780625794393268200,32.596268310546876,-0.8991904854774475,-2.039015293121338,0.13720951974391937
1780625794403298000,32.606298095703124,-1.0184868574142456,-2.0902721881866455,0.13160143792629242
1780625794413327000,32.6163271484375,-1.1113965511322021,-2.0914528369903564,0.09695344418287277
1780625794423357200,32.62635717773438,-1.208332896232605,-2.0954763889312744,-0.01218902226537466
1780625794433387300,32.63638720703125,-1.2831515073776245,-2.212341785430908,-0.15055914223194122
1780625794443417300,32.646417236328126,-1.309058666229248,-2.4275872707366943,-0.27669018507003784
1780625794453447200,32.656447265625,-1.285288691520691,-2.70394229888916,-0.3623558282852173
1780625794463476200,32.66647631835937,-1.3027437925338745,-2.8310580253601074,-0.41155558824539185
1780625794473506300,32.67650634765625,-1.3651858568191528,-2.8214364051818848,-0.41650426387786865
1780625794483536100,32.6865361328125,-1.4667983055114746,-2.72263240814209,-0.43874406814575195
1780625794493566200,32.69656616210938,-1.540605902671814,-2.598315477371216,-0.5134992599487305
1780625794503595000,32.70659497070312,-1.5637578964233398,-2.582663059234619,-0.6135236024856567
1780625794513625000,32.716625,-1.4605861902236938,-2.6860508918762207,-0.6815268993377686
1780625794523655200,32.7266552734375,-1.3144657611846924,-2.8085567951202393,-0.7306387424468994
1780625794533685200,32.73668530273437,-1.1967753171920776,-2.922898292541504,-0.7733345627784729
1780625794543714300,32.74671435546875,-1.1460636854171753,-2.9918625354766846,-0.812779426574707
1780625794553744400,32.756744384765625,-1.1293216943740845,-3.0222132205963135,-0.8359572291374207
1780625794563774200,32.766774169921874,-1.1647270917892456,-2.9493606090545654,-0.846106231212616
1780625794573804000,32.77680395507812,-1.224037528038025,-2.897237539291382,-0.8492855429649353
1780625794583834000,32.78683422851562,-1.2792366743087769,-2.8470070362091064,-0.9036329388618469
1780625794593863200,32.79686328125,-1.2802525758743286,-2.831955909729004,-0.9884204864501953
1780625794603893200,32.806893310546876,-1.218345284461975,-2.8590540885925293,-1.0751780271530151
1780625794613923300,32.81692333984375,-1.171111822128296,-2.8336853981018066,-1.1676512956619263
1780625794623953200,32.826953125,-1.130396842956543,-2.7958450317382812,-1.2555880546569824
1780625794633982200,32.83698217773438,-1.0661664009094238,-2.7093148231506348,-1.3525753021240234
1780625794644012300,32.84701220703125,-1.0439183712005615,-2.6486990451812744,-1.4094516038894653
1780625794654042400,32.85704248046875,-1.0882576704025269,-2.606217861175537,-1.4056994915008545
1780625794664072200,32.867072265625,-1.130622148513794,-2.5554065704345703,-1.350075364112854
1780625794674101000,32.87710107421875,-1.2191202640533447,-2.5380032062530518,-1.2833466529846191
1780625794684131000,32.88713110351563,-1.2794417142868042,-2.584460973739624,-1.100864291191101
1780625794694161200,32.8971611328125,-1.373672366142273,-2.620727777481079,-0.8710454106330872
1780625794704191200,32.90719116210938,-1.4557552337646484,-2.63553524017334,-0.7483746409416199
1780625794714221300,32.91722119140625,-1.5129958391189575,-2.608656167984009,-0.7633833885192871
1780625794724250400,32.92725048828125,-1.5325405597686768,-2.651301860809326,-0.8505513072013855
1780625794734280200,32.9372802734375,-1.528346300125122,-2.735593557357788,-0.9561365842819214
1780625794744310000,32.94731005859375,-1.5249470472335815,-2.794522523880005,-1.0410264730453491
1780625794754340000,32.95734008789063,-1.5401611328125,-2.6864993572235107,-1.1597996950149536
1780625794764369200,32.967369140625,-1.5762333869934082,-2.6470632553100586,-1.1918050050735474
1780625794774399200,32.977399169921874,-1.5853800773620605,-2.6449222564697266,-1.129440426826477
1780625794784429300,32.98742919921875,-1.622253656387329,-2.548097848892212,-1.10662043094635
1780625794794459100,32.99745922851562,-1.6960288286209106,-2.3831911087036133,-1.159077525138855
1780625794804488200,33.00748828125,-1.762438416481018,-2.2871131896972656,-1.223869800567627
1780625794814518300,33.017518310546876,-1.7851320505142212,-2.2124013900756836,-1.2388505935668945
1780625794824548400,33.02754833984375,-1.7939788103103638,-2.1883277893066406,-1.0559508800506592
1780625794834578200,33.037578125,-1.8735122680664062,-2.0723423957824707,-0.8641185164451599
1780625794844608300,33.047608154296874,-2.0587899684906006,-1.6285346746444702,-0.7006148099899292
1780625794854637000,33.057636962890626,-2.032761812210083,-0.9391746520996094,-0.5370399951934814
1780625794864667100,33.06766723632813,-1.6320301294326782,-0.3073357045650482,-0.40909162163734436
1780625794874697200,33.077697265625,-0.9540998339653015,-0.45394885540008545,-0.31071072816848755
1780625794884727300,33.087727294921876,-0.6204630136489868,-0.934929609298706,-0.1946520358324051
1780625794894756400,33.09775634765625,-0.6227445006370544,-0.9795687198638916,0.0862097218632698
1780625794904786200,33.1077861328125,-0.6918333172798157,-0.6489630937576294,0.21795229613780975
1780625794914816300,33.11781616210938,-0.7160214781761169,-0.37156715989112854,0.06215658038854599
1780625794924846000,33.12784619140625,-0.6725085973739624,-0.28853753209114075,-0.12653210759162903
1780625794934876200,33.13787622070313,-0.6368986964225769,-0.3460785746574402,-0.17769622802734375
1780625794944905200,33.1479052734375,-0.6123318076133728,-0.41636738181114197,-0.08096382766962051
1780625794954935300,33.15793530273437,-0.5122315883636475,-0.5227092504501343,0.11311430484056473
1780625794964965000,33.16796508789062,-0.3410731554031372,-0.568454921245575,0.31809622049331665
1780625794974995200,33.1779951171875,-0.14760996401309967,-0.4445401728153229,0.44228899478912354
1780625794985024300,33.188024169921874,-0.014417288824915886,-0.23584768176078796,0.3640490472316742
1780625794995054300,33.198054443359375,0.004751611966639757,-0.04621409997344017,0.20212221145629883
1780625795005084200,33.208084228515624,-0.07438235729932785,0.04007098823785782,0.18120147287845612
1780625795015114200,33.2181142578125,-0.2044207751750946,-0.02280065417289734,0.3674025237560272
1780625795025143000,33.22814306640625,-0.3612271845340729,-0.1506158709526062,0.6806448698043823
1780625795035173000,33.238173095703125,-0.513384222984314,-0.3086020350456238,0.9989303946495056
1780625795045203200,33.248203125,-0.6307097673416138,-0.4093688726425171,1.212726354598999
1780625795055233300,33.2582333984375,-0.7071906924247742,-0.4477066695690155,1.227919340133667
1780625795065263400,33.268263427734375,-0.752845287322998,-0.4421324133872986,1.1109539270401
1780625795075292200,33.27829223632813,-0.7905564308166504,-0.41434338688850403,0.9680166840553284
1780625795085322200,33.288322265625,-0.836307942867279,-0.3802517354488373,0.8654269576072693
1780625795095352000,33.29835205078125,-0.890261709690094,-0.3567647933959961,0.8299456238746643
1780625795105382100,33.308382080078125,-0.9423472881317139,-0.3130468726158142,0.8431775569915771
1780625795115411200,33.3184111328125,-0.9772073030471802,-0.2511208951473236,0.8883514404296875
1780625795125441300,33.32844116210938,-0.9758983254432678,-0.19049803912639618,0.9427962899208069
1780625795135471000,33.33847119140625,-0.933441162109375,-0.11594417691230774,0.9957221150398254
1780625795145501200,33.34850122070313,-0.8766300678253174,-0.05645608529448509,1.0552008152008057
1780625795155530200,33.3585302734375,-0.8210864067077637,-0.029085714370012283,1.120316743850708
1780625795165560300,33.36856030273437,-0.748599112033844,-0.016882576048374176,1.199214220046997
1780625795175590400,33.37859033203125,-0.6512233018875122,-0.013315805234014988,1.2498286962509155
1780625795185620200,33.3886201171875,-0.5110079050064087,-0.03250680863857269,1.2874962091445923
1780625795195650300,33.398650390625,-0.3331654369831085,-0.06619260460138321,1.327803373336792
1780625795205679000,33.40867919921875,-0.13662122189998627,-0.11207939684391022,1.3641531467437744
1780625795215709200,33.418709228515624,0.06004336476325989,-0.1468786597251892,1.397871732711792
1780625795225739300,33.4287392578125,0.22622035443782806,-0.14985181391239166,1.4326549768447876
1780625795235769300,33.43876928710937,0.33137765526771545,-0.12687699496746063,1.43747878074646
1780625795245798100,33.448798095703125,0.3662616014480591,-0.09986800700426102,1.412920355796814
1780625795255828200,33.458828125,0.3263261914253235,-0.07683059573173523,1.3636835813522339
1780625795265858000,33.468858154296875,0.25217658281326294,-0.1069331094622612,1.2944140434265137
1780625795275888000,33.47888818359375,0.14137789607048035,-0.16217505931854248,1.239277720451355
1780625795285918200,33.488918212890624,0.03599368780851364,-0.17385807633399963,1.2399765253067017
1780625795295947300,33.498947265625,-0.06557954102754593,-0.1898445039987564,1.2988343238830566
1780625795305977000,33.50897705078125,-0.14440910518169403,-0.15386226773262024,1.3879005908966064
1780625795316007200,33.519007080078126,-0.21401721239089966,-0.18349073827266693,1.4819053411483765
1780625795326037200,33.529037353515626,-0.3007792830467224,-0.31000205874443054,1.559206247329712
1780625795336066300,33.53906640625,-0.4293881058692932,-0.4411337375640869,1.6307108402252197
1780625795346096400,33.54909643554687,-0.6041814684867859,-0.4892975091934204,1.6803531646728516
1780625795356126200,33.55912622070313,-0.8030687570571899,-0.4325823187828064,1.6987617015838623
1780625795366156300,33.56915625,-0.906988799571991,-0.3127768039703369,1.671666145324707
1780625795376185000,33.57918505859375,-0.8610063791275024,-0.15788550674915314,1.6153593063354492
1780625795386215200,33.58921508789062,-0.6789388060569763,-0.14789092540740967,1.5722274780273438
1780625795396245200,33.59924536132812,-0.470645010471344,-0.3005760908126831,1.6092283725738525
1780625795406275300,33.609275390625,-0.2940928637981415,-0.4516492187976837,1.7028357982635498
1780625795416305400,33.61930541992187,-0.16723187267780304,-0.4806004464626312,1.8025834560394287
1780625795426334200,33.629334228515624,-0.10919226706027985,-0.46392691135406494,1.9003760814666748
1780625795436364300,33.6393642578125,-0.1153889074921608,-0.37919631600379944,2.001784086227417
1780625795446394000,33.64939404296875,-0.1711120903491974,-0.299091100692749,2.1184844970703125
1780625795456424200,33.65942407226562,-0.26487213373184204,-0.247966930270195,2.237319231033325
1780625795466453200,33.669453369140626,-0.4011079967021942,-0.2229425311088562,2.386507272720337
1780625795476483000,33.679483154296875,-0.6614972352981567,-0.1631886512041092,2.630779981613159
1780625795486513200,33.68951318359375,-1.3153584003448486,0.038004640489816666,3.0990161895751953
1780625795496543200,33.699543212890624,-2.1121182441711426,0.3812064826488495,3.467784881591797
1780625795506573300,33.7095732421875,-2.6843950748443604,0.48209765553474426,3.488032102584839
1780625795516602400,33.71960229492188,-2.9424502849578857,0.15537095069885254,3.280499219894409
1780625795526632200,33.729632080078126,-2.884549379348755,-0.10058226436376572,2.92413330078125
1780625795536662300,33.73966235351563,-2.5361366271972656,-0.25640782713890076,2.5627474784851074
1780625795546692000,33.749692138671875,-2.056502103805542,-0.35464969277381897,2.251375675201416
1780625795556721200,33.75972119140625,-1.4602735042572021,-0.31908825039863586,2.007566213607788
1780625795566751200,33.76975122070313,-0.885113537311554,-0.17088651657104492,1.8376903533935547
1780625795576781300,33.77978125,-0.5530027151107788,-0.13785161077976227,1.7763375043869019
1780625795586811400,33.78981127929688,-0.379007488489151,-0.2832687199115753,1.8168699741363525
1780625795596841200,33.79984130859375,-0.21581804752349854,-0.5087875723838806,1.9378137588500977
1780625795606870300,33.80987036132812,-0.055273376405239105,-0.7382596731185913,2.08740234375
1780625795616900000,33.81990014648437,0.08561529964208603,-0.9221807718276978,2.217974901199341
1780625795626930200,33.82993017578125,0.21526864171028137,-1.0439178943634033,2.2759337425231934
1780625795636960300,33.83996020507813,0.2960854470729828,-1.0895020961761475,2.250382900238037
1780625795646989000,33.84998901367187,0.34208011627197266,-1.0328519344329834,2.1655452251434326
1780625795657019100,33.86001904296875,0.3371066451072693,-0.9721701741218567,2.0228309631347656
1780625795667049200,33.87004931640625,0.2939876914024353,-0.810533881187439,1.9221303462982178
1780625795677079300,33.88007934570312,0.25610554218292236,-0.6071019172668457,1.8164540529251099
1780625795687109000,33.89010913085937,0.23417814075946808,-0.3655018210411072,1.6820427179336548
1780625795697138400,33.900138427734376,0.19622303545475006,-0.06121302396059036,1.5225166082382202
1780625795707168300,33.910168212890625,0.14079147577285767,0.3106665313243866,1.3705042600631714
1780625795717198000,33.92019799804687,0.10995633155107498,0.5822296142578125,1.2243890762329102
1780625795727228200,33.930228271484374,0.08759056776762009,0.7907846570014954,1.115509271621704
1780625795737257200,33.94025732421875,0.05961166322231293,0.8779770731925964,1.0134483575820923
1780625795747287300,33.95028735351563,0.0057351174764335155,0.8054685592651367,0.8987135291099548
1780625795757317400,33.9603173828125,-0.07538636773824692,0.6240175366401672,0.7913221120834351
1780625795767347500,33.970347412109376,-0.18675576150417328,0.33590689301490784,0.6549818515777588
1780625795777376300,33.98037622070313,-0.3052046597003937,-0.0727948471903801,0.5020314455032349
1780625795787406000,33.99040600585938,-0.3942367732524872,-0.46309787034988403,0.3657255172729492
1780625795797436200,34.00043627929688,-0.47131824493408203,-0.6954983472824097,0.24271731078624725
1780625795807466200,34.01046630859375,-0.5924526453018188,-0.7738064527511597,0.12942270934581757
1780625795817496300,34.02049633789063,-0.7190401554107666,-0.7373302578926086,0.04013197496533394
1780625795827525000,34.03052514648437,-0.8235463500022888,-0.6908175945281982,-0.013620470650494099
1780625795837555200,34.04055517578125,-0.9509192109107971,-0.7419883608818054,-0.07886871695518494
1780625795847585300,34.05058520507812,-1.0974622964859009,-0.6978986859321594,-0.18090133368968964
1780625795857615400,34.06061547851562,-1.2167730331420898,-0.5154250264167786,-0.30128446221351624
1780625795867644400,34.07064453125,-1.2980271577835083,-0.35168561339378357,-0.4065858721733093
1780625795877674000,34.08067407226562,-1.2955074310302734,-0.11686670035123825,-0.4475120007991791
1780625795887704000,34.0907041015625,-1.2162318229675293,0.12883786857128143,-0.3567890226840973
1780625795897734100,34.10073413085937,-1.078698754310608,0.21447475254535675,-0.149642214179039
1780625795907764200,34.11076416015625,-0.9315588474273682,0.17933513224124908,0.08465789258480072
1780625795917793300,34.120793212890625,-0.8177680969238281,0.0692986473441124,0.29539090394973755
1780625795927823400,34.1308232421875,-0.7609503269195557,-0.09476432204246521,0.47992292046546936
1780625795937853400,34.140853515625,-0.7455753684043884,-0.24112659692764282,0.6032781600952148
1780625795947883000,34.15088305664062,-0.7528204917907715,-0.2714166045188904,0.619853138923645
1780625795957912300,34.16091235351563,-0.8071399331092834,-0.11991868168115616,0.5203198790550232
1780625795967942100,34.170942138671876,-0.9189037680625916,0.1719062477350235,0.3570430874824524
1780625795977972200,34.18097216796875,-1.0916342735290527,0.4318352937698364,0.25195714831352234
1780625795988002300,34.191002197265625,-1.2650678157806396,0.5121575593948364,0.3003670275211334
1780625795998032400,34.201032470703126,-1.3497192859649658,0.33156195282936096,0.47972264885902405
1780625796008061200,34.21106127929688,-1.3216631412506104,0.04195117950439453,0.6278644800186157
1780625796018091300,34.22109130859375,-1.1922413110733032,-0.10018838942050934,0.5748060345649719
1780625796028121300,34.23112133789063,-1.0268019437789917,-0.23460212349891663,0.4086913466453552
1780625796038151200,34.241151123046876,-0.8288859724998474,-0.371084600687027,0.2198021411895752
1780625796048180200,34.25118017578125,-0.6316075325012207,-0.4477863013744354,0.04302150383591652
1780625796058210000,34.2612099609375,-0.44002532958984375,-0.40322867035865784,-0.0559769831597805
1780625796068240100,34.271240234375,-0.26952388882637024,-0.24002139270305634,-0.078939288854599
1780625796078270200,34.28127026367188,-0.11793942004442215,-0.029285984113812447,-0.07326515763998032
1780625796088300300,34.29130029296875,-0.026936542242765427,0.2155139148235321,-0.0808599591255188
1780625796098329300,34.301329345703124,-0.0756383016705513,0.5021635293960571,-0.12283644080162048
1780625796108359400,34.311359375,-0.21428193151950836,0.6512802839279175,-0.1579102724790573
1780625796118389200,34.32138916015625,-0.3384976387023926,0.460592120885849,-0.10306832939386368
1780625796128419000,34.33141918945312,-0.384531706571579,0.0598103366792202,-0.02544677071273327
1780625796138448100,34.3414482421875,-0.3415493369102478,-0.15497653186321259,-0.044369861483573914
1780625796148478200,34.351478271484375,-0.23655155301094055,-0.2095758616924286,-0.11279765516519547
1780625796158508300,34.36150830078125,-0.08158940076828003,-0.12716060876846313,-0.1716039776802063
1780625796168538400,34.371538330078124,0.08076142519712448,-0.08917541801929474,-0.16698525846004486
1780625796178568200,34.38156811523437,0.16267360746860504,-0.1394612193107605,-0.08032839745283127
1780625796188597200,34.39159716796875,0.12194454669952393,-0.18212665617465973,0.049491118639707565
1780625796198627300,34.40162744140625,0.007869374938309193,-0.15515443682670593,0.12030643969774246
1780625796208657200,34.4116572265625,-0.12161644548177719,-0.14654123783111572,0.07189842313528061
1780625796218687200,34.421687255859375,-0.23482555150985718,-0.11588292568922043,-0.05335110425949097
1780625796228716000,34.43171606445313,-0.2967597544193268,-0.07512031495571136,-0.2142675518989563
1780625796238746000,34.44174609375,-0.3187606632709503,-0.13977281749248505,-0.38353222608566284
1780625796248776200,34.451776123046876,-0.3325875401496887,-0.20735612511634827,-0.5228083729743958
1780625796258806300,34.46180615234375,-0.3467278480529785,-0.29184943437576294,-0.596316933631897
1780625796268836400,34.47183642578125,-0.35993075370788574,-0.39540645480155945,-0.5904539823532104
1780625796278865400,34.48186547851562,-0.3696883022785187,-0.4105369448661804,-0.5651425123214722
1780625796288895200,34.49189526367188,-0.36034300923347473,-0.3822624087333679,-0.5528581142425537
1780625796298925000,34.50192504882813,-0.3363167643547058,-0.36207032203674316,-0.5512849688529968
1780625796308955100,34.511955078125,-0.3032328486442566,-0.303505539894104,-0.5690261721611023
1780625796318984200,34.52198413085937,-0.27244269847869873,-0.24445740878582,-0.6178115606307983
1780625796329014300,34.53201416015625,-0.21681247651576996,-0.2453298717737198,-0.669988214969635
1780625796339044400,34.54204443359375,-0.12654834985733032,-0.2314942181110382,-0.7256479859352112
1780625796349074200,34.55207421875,-0.03129667043685913,-0.17492280900478363,-0.7937881946563721
1780625796359104300,34.56210424804687,0.027956800535321236,-0.1451910138130188,-0.8167893886566162
1780625796369133300,34.57213330078125,0.01125212199985981,-0.10829371958971024,-0.8039891719818115
1780625796379163400,34.582163330078124,-0.10307817906141281,-0.07196207344532013,-0.7832263708114624
1780625796389193200,34.59219311523437,-0.27709418535232544,-0.09292461723089218,-0.7541574239730835
1780625796399223000,34.60222314453125,-0.4493200182914734,-0.18716776371002197,-0.7463780641555786
1780625796409252000,34.612252197265626,-0.6149843335151672,-0.3488786220550537,-0.7650787830352783
1780625796419282200,34.6222822265625,-0.7329056262969971,-0.4959317147731781,-0.7865334749221802
1780625796429312000,34.63231201171875,-0.7810404300689697,-0.5856032967567444,-0.8554952144622803
1780625796439342000,34.642342041015624,-0.7528859972953796,-0.6041386127471924,-0.9482291340827942
1780625796449372200,34.6523720703125,-0.6808139681816101,-0.5966048240661621,-1.0418614149093628
1780625796459401200,34.66240112304688,-0.5951941013336182,-0.5490521788597107,-1.1287765502929688
1780625796469431000,34.67243115234375,-0.5225012898445129,-0.41079792380332947,-1.2254706621170044
1780625796479461000,34.682461181640626,-0.46468138694763184,-0.27911072969436646,-1.2833786010742188
1780625796489491000,34.692490966796875,-0.4500153660774231,-0.2858797013759613,-1.2491014003753662
1780625796499520000,34.70252001953125,-0.4650574326515198,-0.2696051001548767,-1.1588358879089355
1780625796509550000,34.71255004882813,-0.48477041721343994,-0.19119392335414886,-1.0584245920181274
1780625796519580200,34.722580078125,-0.5008002519607544,-0.07426703721284866,-0.9724878668785095
1780625796529610200,34.7326103515625,-0.4838596284389496,0.054725561290979385,-0.9294615983963013
1780625796539640000,34.74264013671875,-0.4333122968673706,0.14695508778095245,-0.908409595489502
1780625796549669000,34.75266918945312,-0.36001917719841003,0.2626896798610687,-0.9176930785179138
1780625796559699000,34.76269897460938,-0.3076952397823334,0.4802022874355316,-0.9792888164520264
1780625796569729000,34.77272900390625,-0.1886700540781021,0.45034027099609375,-0.9993122816085815
1780625796579759000,34.78275903320313,-0.10442893952131271,0.21481803059577942,-0.8975619673728943
1780625796589788200,34.7927880859375,-0.05715756118297577,0.1610858291387558,-0.7720333337783813
1780625796599818000,34.80281787109375,-0.0028013791888952255,0.15933479368686676,-0.6876114010810852
1780625796609848000,34.81284814453125,0.05386509746313095,0.21659569442272186,-0.6574058532714844
1780625796619878100,34.82287817382812,0.14062608778476715,0.3954618275165558,-0.6781942248344421
1780625796629908000,34.83290795898437,0.29828763008117676,0.5742574334144592,-0.6747999787330627
1780625796639937300,34.842937255859376,0.5402981042861938,0.825700581073761,-0.6595712304115295
1780625796649967000,34.852967041015624,0.8499108552932739,1.0835316181182861,-0.6939638257026672
1780625796659997000,34.86299682617187,1.1433770656585693,1.251458764076233,-0.7025421857833862
1780625796670027000,34.873027099609374,1.3347454071044922,1.3130971193313599,-0.6507764458656311
1780625796680056000,34.88305615234375,1.3497973680496216,1.3838623762130737,-0.5705042481422424
1780625796690086100,34.893086181640626,1.2024246454238892,1.487031102180481,-0.46102169156074524
1780625796700116200,34.9031162109375,1.018792748451233,1.6061612367630005,-0.323188453912735
1780625796710146300,34.913146240234376,0.9279318451881409,1.7974374294281006,-0.2445990890264511
1780625796720175900,34.92317578125,0.9434378743171692,2.014070749282837,-0.22753995656967163
1780625796730205200,34.933205078125,1.0006502866744995,2.205124855041504,-0.2206311821937561
1780625796740235000,34.94323510742188,1.0662375688552856,2.3527982234954834,-0.1523676961660385
1780625796750265000,34.95326513671875,1.1855725049972534,2.4538302421569824,-0.02070394717156887
1780625796760295200,34.96329516601563,1.3370932340621948,2.526446580886841,0.0915277823805809
1780625796770325200,34.9733251953125,1.460140585899353,2.546625852584839,0.19429810345172882
1780625796780354000,34.98335400390625,1.5796656608581543,2.530552864074707,0.3021151125431061
1780625796790384000,34.99338403320313,1.7415885925292969,2.6801047325134277,0.3371817469596863
1780625796800414200,35.00341430664062,1.9612919092178345,2.807791233062744,0.3113746643066406
1780625796810444000,35.01344409179688,2.2062857151031494,2.8950347900390625,0.20240209996700287
1780625796820473000,35.02347314453125,2.443683385848999,2.9996747970581055,-0.002900714986026287
1780625796830503000,35.0335029296875,2.6404030323028564,3.2029025554656982,-0.2567630708217621
1780625796840533000,35.04353295898437,2.8250527381896973,3.285569667816162,-0.5011674761772156
1780625796850563000,35.05356298828125,2.935936450958252,3.384681463241577,-0.7266831994056702
1780625796860593200,35.06359326171875,2.99141001701355,3.4677414894104004,-0.8541026711463928
1780625796870622200,35.073622314453125,2.9946799278259277,3.2720680236816406,-0.9915606379508972
1780625796880652300,35.08365234375,3.105522394180298,2.8536911010742188,-1.0774505138397217
1780625796890681900,35.09368188476562,3.3172483444213867,2.1305012702941895,-0.9693714380264282
1780625796900712000,35.1037119140625,3.525341510772705,1.3873966932296753,-0.7786449193954468
1780625796910741000,35.113740966796875,3.6286211013793945,0.95406574010849,-0.6544670462608337
1780625796920771000,35.12377099609375,3.288529396057129,0.35134178400039673,-0.4241938889026642
1780625796930801200,35.13380126953125,2.739762306213379,-0.13577966392040253,-0.1660001575946808
1780625796940831200,35.143831298828125,2.4586799144744873,-0.13170184195041656,-0.03206073120236397
1780625796950861300,35.153861328125,2.494117259979248,0.10541456937789917,-0.042337335646152496
1780625796960890000,35.16389013671875,2.5100443363189697,0.33776313066482544,-0.10278523713350296
1780625796970920200,35.17392016601563,2.3017520904541016,0.19077926874160767,-0.14285887777805328
1780625796980950000,35.183949951171876,1.7566218376159668,-0.05606992542743683,-0.151546910405159
1780625796990980000,35.19397998046875,1.1513231992721558,-0.03730156645178795,0.041308026760816574
1780625797001009000,35.2040087890625,0.7112551927566528,-0.1729307621717453,0.28228574991226196
1780625797011039000,35.2140390625,0.3978416323661804,-0.46335166692733765,0.4218684136867523
1780625797021069000,35.22406909179688,0.19205732643604279,-0.7794992327690125,0.46204593777656555
1780625797031099100,35.23409912109375,0.08480197191238403,-0.9028398394584656,0.4303545653820038
1780625797041129200,35.24412915039063,-0.07010691612958908,-0.8350741267204285,0.3478599786758423
1780625797051158300,35.254158203125,-0.18789400160312653,-0.6055218577384949,0.22060294449329376
1780625797061188000,35.26418798828125,-0.2755626142024994,-0.35494717955589294,0.11431911587715149
1780625797071218000,35.27421801757812,-0.2946406900882721,-0.18425212800502777,0.12335468828678131
1780625797081248000,35.284248046875,-0.21698424220085144,-0.06787492334842682,0.20440293848514557
1780625797091277000,35.294277099609374,-0.2557169795036316,-0.10658689588308334,0.2967160940170288
1780625797101307100,35.30430712890625,-0.28846561908721924,-0.21766574680805206,0.3500205874443054
1780625797111337200,35.314337158203124,-0.2677195966243744,-0.29025447368621826,0.35578420758247375
1780625797121367000,35.32436694335937,-0.24570323526859283,-0.3426521420478821,0.32201531529426575
1780625797131397000,35.33439721679687,-0.19949179887771606,-0.3356906473636627,0.2729194164276123
1780625797141426200,35.34442626953125,-0.14142130315303802,-0.3100675940513611,0.23458321392536163
1780625797151456000,35.3544560546875,-0.07196234166622162,-0.25828614830970764,0.18574562668800354
1780625797161486000,35.364486083984374,0.03302319720387459,-0.1891414225101471,0.12797021865844727
1780625797171516200,35.37451611328125,0.19216224551200867,-0.10374557226896286,0.03887815773487091
1780625797181546200,35.384546142578124,0.35848838090896606,-0.13103924691677094,-0.0344967246055603
1780625797191575000,35.394574951171876,0.5248025059700012,-0.2426278293132782,-0.10110078752040863
1780625797201605000,35.40460522460938,0.6858718395233154,-0.4547848105430603,-0.15068671107292175
1780625797211635200,35.41463525390625,0.8269668817520142,-0.6915491819381714,-0.15107978880405426
1780625797221665000,35.4246650390625,0.9260303974151611,-0.9873171448707581,-0.07613790780305862
1780625797231694000,35.43469409179688,0.9729576706886292,-1.4089083671569824,0.08485417068004608
1780625797241724000,35.44472387695313,0.9074603915214539,-1.733297348022461,0.27808406949043274
1780625797251754000,35.45475390625,0.7142845392227173,-1.8416746854782104,0.36999163031578064
1780625797261784000,35.4647841796875,0.42689886689186096,-1.6728135347366333,0.25996899604797363
1780625797271813000,35.47481323242187,0.2723420560359955,-1.383766531944275,0.031803201884031296
1780625797281843200,35.48484326171875,0.2327759861946106,-1.2284618616104126,-0.21865910291671753
1780625797291873000,35.494873046875,0.21127629280090332,-1.0765825510025024,-0.4190657138824463
1780625797301903000,35.50490307617188,0.2175285965204239,-0.9229445457458496,-0.5785256624221802
1780625797311933000,35.51493286132813,0.2617727518081665,-0.7575505375862122,-0.6779899597167969
1780625797321962200,35.524962158203124,0.34047314524650574,-0.5782039761543274,-0.7606302499771118
1780625797331992000,35.53499194335937,0.4570319950580597,-0.4733254909515381,-0.8439858555793762
1780625797342022100,35.54502221679687,0.5551697611808777,-0.4457519054412842,-0.8510789275169373
1780625797352052200,35.55505224609375,0.614700198173523,-0.4125034213066101,-0.8148812055587769
1780625797362082000,35.56508203125,0.6589848399162292,-0.3851764500141144,-0.781252920627594
1780625797372111000,35.575111083984375,0.6932759284973145,-0.37680986523628235,-0.7460217475891113
1780625797382141200,35.58514111328125,0.6890513896942139,-0.3245011270046234,-0.6963971853256226
1780625797392171300,35.595171142578124,0.6564825177192688,-0.22151561081409454,-0.6138091087341309
1780625797402203600,35.60520361328125,0.6315457224845886,-0.03134247660636902,-0.5251383185386658
1780625797412232700,35.61523266601562,0.6185471415519714,0.2455274760723114,-0.48066383600234985
1780625797422262800,35.6252626953125,0.5957555174827576,0.5109972357749939,-0.47718545794487
1780625797432292600,35.63529272460938,0.5915154814720154,0.643534779548645,-0.46958187222480774
1780625797442322700,35.64532275390625,0.6196198463439941,0.6736814975738525,-0.40873557329177856
1780625797452352500,35.6553525390625,0.6957782506942749,0.5953371524810791,-0.3264596164226532
1780625797462381600,35.66538159179687,0.8082323670387268,0.37014397978782654,-0.2178998440504074
1780625797472411600,35.67541162109375,0.9481008052825928,0.11224637925624847,-0.03813433647155762
1780625797482441700,35.68544165039062,1.0441583395004272,-0.030459905043244362,0.21823540329933167
1780625797492471800,35.69547192382812,1.0550520420074463,-0.1573113203048706,0.45800697803497314
1780625797502500600,35.70550048828125,1.004178762435913,-0.2930241525173187,0.6257190108299255
1780625797512530700,35.71553076171875,0.9277302622795105,-0.2610659599304199,0.6922684907913208
1780625797522560500,35.725560546875,0.889889121055603,0.05308345705270767,0.5899831056594849
1780625797532590600,35.73559057617187,0.9469071626663208,0.5737934708595276,0.2825462222099304
1780625797542620700,35.74562060546875,1.0529800653457642,1.1025062799453735,-0.12205373495817184
1780625797552649700,35.755649658203126,1.1167547702789307,1.4124906063079834,-0.40144169330596924
1780625797562679600,35.765679443359375,1.1057279109954834,1.4230952262878418,-0.3851817846298218
1780625797572709600,35.775709716796875,0.9900820851325989,1.2911779880523682,-0.14726321399211884
1780625797582739700,35.78573974609375,0.7784462571144104,1.192702293395996,0.11891733109951019
1780625797592768800,35.79576879882813,0.5655986666679382,1.2944060564041138,0.29341936111450195
1780625797602798600,35.80579858398438,0.4389752447605133,1.4771089553833008,0.33420273661613464
1780625797612828700,35.81582861328125,0.37208300828933716,1.5444003343582153,0.2850455939769745
1780625797622858500,35.8258583984375,0.3444750905036926,1.6298670768737793,0.17902061343193054
1780625797632888600,35.835888671875,0.4018044173717499,2.0062808990478516,-0.02425660379230976
1780625797642917600,35.84591772460937,0.552225649356842,2.4810171127319336,-0.3189878463745117
1780625797652947700,35.85594775390625,0.7706948518753052,2.762540578842163,-0.5875023603439331
1780625797662977800,35.86597778320313,0.9361062049865723,2.7472944259643555,-0.7001410722732544
1780625797673007600,35.87600756835938,0.9745068550109863,2.6348233222961426,-0.6260777711868286
1780625797683036700,35.88603662109375,0.9277992248535156,2.616457939147949,-0.4561699330806732
1780625797693066500,35.89606640625,0.8859825730323792,2.7566492557525635,-0.3315875232219696
1780625797703096600,35.9060966796875,0.9037338495254517,2.8880231380462646,-0.26678961515426636
1780625797713126700,35.91612670898437,0.978657603263855,2.9332964420318604,-0.12851083278656006
1780625797723156700,35.92615673828125,0.9865975975990295,2.778775215148926,-0.0043835630640387535
1780625797733185500,35.936185546875,0.90169358253479,2.6457507610321045,0.17974579334259033
1780625797743215600,35.94621557617187,0.7977488040924072,2.608670711517334,0.34566420316696167
1780625797753245700,35.95624560546875,0.7251588106155396,2.6307809352874756,0.38636982440948486
1780625797763275500,35.96627563476562,0.7600800395011902,2.7359910011291504,0.2260371297597885
1780625797773305600,35.9763056640625,0.8876672983169556,2.718750476837158,0.010372745804488659
1780625797783334700,35.986334716796875,1.0206676721572876,2.5424141883850098,-0.111582450568676
1780625797793364500,35.996364501953124,1.1495702266693115,2.2759690284729004,-0.07551499456167221
1780625797803394600,36.00639453125,1.2035043239593506,1.834903359413147,0.08035289496183395
1780625797813424600,36.016424560546874,1.1410393714904785,1.6224006414413452,0.21155379712581635
1780625797823453700,36.02645361328125,1.003513216972351,1.715287685394287,0.17895297706127167
1780625797833483800,36.03648388671875,0.8865037560462952,2.016950845718384,-0.03449565917253494
1780625797843513600,36.046513671875,0.7855201363563538,2.180218458175659,-0.2831747233867645
1780625797853543400,36.05654345703125,0.7275175452232361,2.234738826751709,-0.4564974904060364
1780625797863573500,36.066573486328124,0.7175291180610657,2.277559757232666,-0.5731351375579834
1780625797873602600,36.0766025390625,0.7169040441513062,2.2002267837524414,-0.5710376501083374
1780625797883632600,36.08663256835938,0.7108086347579956,1.9766076803207397,-0.42603200674057007
1780625797893662700,36.09666284179688,0.690468430519104,1.6476572751998901,-0.21663589775562286
1780625797903692800,36.10669287109375,0.6640203595161438,1.3049808740615845,-0.03468075022101402
1780625797913721600,36.1167216796875,0.6202097535133362,1.0222240686416626,0.08589360117912292
1780625797923751700,36.12675170898437,0.5312620401382446,0.8019211888313293,0.14904487133026123
1780625797933781500,36.13678149414063,0.4589470624923706,0.5693351030349731,0.13689713180065155
1780625797943811600,36.1468115234375,0.44383522868156433,0.4318443536758423,0.05425764620304108
1780625797953841700,36.15684155273438,0.47884300351142883,0.3119286000728607,-0.07160920649766922
1780625797963870500,36.16687036132812,0.5631269812583923,0.17684108018875122,-0.21146564185619354
1780625797973900500,36.17690063476562,0.5960617661476135,0.008160457946360111,-0.32959866523742676
1780625797983930600,36.1869306640625,0.6006863713264465,-0.2163272351026535,-0.37669694423675537
1780625797993960700,36.19696069335937,0.6591198444366455,-0.4235616624355316,-0.41490983963012695
1780625798003989800,36.20698974609375,0.7429982423782349,-0.5412267446517944,-0.5225961208343506
1780625798014019800,36.217019775390625,0.7861979007720947,-0.5769586563110352,-0.6485324501991272
1780625798024049400,36.22704931640625,0.7660500407218933,-0.5876328945159912,-0.7335647940635681
1780625798034079500,36.23707958984375,0.698596179485321,-0.6145076155662537,-0.7446739077568054
1780625798044109600,36.24710961914062,0.6240324378013611,-0.6595169305801392,-0.6604466438293457
1780625798054138600,36.257138671875,0.5614372491836548,-0.6948530673980713,-0.5785632133483887
1780625798064168700,36.267168701171876,0.4970124363899231,-0.6819945573806763,-0.5356935262680054
1780625798074198800,36.27719873046875,0.4431646466255188,-0.6607126593589783,-0.5443485379219055
1780625798084228900,36.287228759765625,0.4183221459388733,-0.6696627736091614,-0.6134727597236633
1780625798094258400,36.297258544921874,0.3804810345172882,-0.6229227185249329,-0.6756095886230469
1780625798104287700,36.30728784179688,0.291842520236969,-0.5194479823112488,-0.6435451507568359
1780625798114317600,36.31731762695313,0.12859472632408142,-0.4399041533470154,-0.5053603649139404
1780625798124347600,36.32734765625,-0.06325433403253555,-0.5110800266265869,-0.3363684415817261
1780625798134377700,36.337377685546876,-0.20503170788288116,-0.7182348370552063,-0.2132057547569275
1780625798144406500,36.34740649414063,-0.2675875127315521,-0.8926865458488464,-0.09530654549598694
1780625798154436600,36.3574365234375,-0.27893656492233276,-1.0071278810501099,0.005823800805956125
1780625798164466700,36.367466796875,-0.27373993396759033,-1.1085485219955444,0.050452787429094315
1780625798174496800,36.37749682617188,-0.21434850990772247,-1.1988121271133423,0.01817154698073864
1780625798184526600,36.38752661132813,-0.1617542803287506,-1.2239658832550049,-0.024142887443304062
1780625798194555600,36.3975556640625,-0.18277300894260406,-1.2195205688476562,0.0021813951898366213
1780625798204585500,36.40758544921875,-0.27184349298477173,-1.2097771167755127,0.10472214967012405
1780625798214615600,36.41761547851563,-0.3583938479423523,-1.2039605379104614,0.23468095064163208
1780625798224645600,36.42764575195312,-0.4138064980506897,-1.1816565990447998,0.3144735097885132
1780625798234674700,36.4376748046875,-0.4259425103664398,-1.1223742961883545,0.3147614002227783
1780625798244704800,36.447704833984375,-0.36758705973625183,-1.052688479423523,0.2852429151535034
1780625798254734800,36.45773486328125,-0.2969629764556885,-1.041718602180481,0.3262992799282074
1780625798264764700,36.4677646484375,-0.34111738204956055,-0.9858183264732361,0.4450320601463318
1780625798274794500,36.47779443359375,-0.5593258738517761,-0.831832230091095,0.5329267382621765
1780625798284823600,36.487823486328125,-0.9049264192581177,-0.7741950154304504,0.6072009801864624
1780625798294853600,36.497853515625,-1.3093503713607788,-0.9982475638389587,0.7260727882385254
1780625798304883700,36.5078837890625,-1.6859431266784668,-1.2839592695236206,0.7960875630378723
1780625798314913800,36.517913818359375,-1.9704896211624146,-1.3581314086914062,0.6454154849052429
1780625798324942600,36.52794262695313,-2.0036497116088867,-0.9733251929283142,0.12540452182292938
1780625798334972700,36.53797265625,-1.715657114982605,-0.587876558303833,-0.4950172007083893
1780625798345002800,36.54800268554688,-1.4353002309799194,-0.7184492349624634,-0.7489562630653381
1780625798355032600,36.558032470703125,-1.2227983474731445,-1.3427919149398804,-0.5709529519081116
1780625798365062700,36.568062744140626,-1.0298854112625122,-1.586541771888733,-0.41004452109336853
1780625798375091500,36.57809155273438,-0.7438965439796448,-1.6622707843780518,-0.257101833820343
1780625798385121500,36.58812158203125,-0.5389196872711182,-1.8185558319091797,0.044851358979940414
1780625798395151600,36.59815161132813,-0.5865039825439453,-1.7819069623947144,0.4538132846355438
1780625798405179100,36.60817919921875,-0.7511104941368103,-1.4555491209030151,0.821288526058197
1780625798415209200,36.618209228515624,-0.9347554445266724,-1.0593281984329224,0.9972129464149475
1780625798425238300,36.62823828125,-1.1397762298583984,-0.8981161713600159,0.9384540319442749
1780625798435268400,36.63826831054688,-1.4234122037887573,-1.1640304327011108,0.676276445388794
1780625798445298400,36.64829833984375,-1.6751221418380737,-1.712973713874817,0.39944273233413696
1780625798455328500,36.65832861328125,-1.7854963541030884,-2.3296709060668945,0.27671656012535095
1780625798465357300,36.668357421875,-1.7494573593139648,-2.7330541610717773,0.382894903421402
1780625798475387400,36.67838745117187,-1.6087985038757324,-2.8419876098632812,0.6959132552146912
1780625798485417500,36.68841748046875,-1.3482983112335205,-2.7995293140411377,1.1294535398483276
1780625798495447300,36.698447265625,-1.0259974002838135,-2.827565908432007,1.5214163064956665
1780625798505477400,36.70847729492188,-0.8609240651130676,-2.9800868034362793,1.6901315450668335
1780625798515506200,36.71850610351562,-0.8816578388214111,-3.247933864593506,1.5585668087005615
1780625798525536300,36.72853637695312,-1.0245412588119507,-3.293684244155884,1.146470308303833
1780625798535566300,36.73856640625,-1.2182856798171997,-2.9798147678375244,0.5275687575340271
1780625798545596400,36.74859643554687,-1.3708443641662598,-2.1051833629608154,-0.349304735660553
1780625798555625500,36.75862548828125,-1.0282020568847656,-1.111342430114746,-1.3155933618545532
1780625798565655300,36.7686552734375,-0.35932034254074097,-1.5078988075256348,-1.3829268217086792
1780625798575685400,36.778685302734374,0.23225454986095428,-1.5720733404159546,-0.9163636565208435
1780625798585715200,36.78871508789062,0.742458701133728,-0.7095433473587036,-0.5340316891670227
1780625798595745300,36.79874536132812,0.7419601082801819,0.9775300621986389,-0.6814033389091492
1780625798605774300,36.8087744140625,0.059786632657051086,2.1418325901031494,-0.8684933185577393
1780625798615804400,36.818804443359376,-0.6059753894805908,1.8330992460250854,-0.2676793932914734
1780625798625834500,36.82883447265625,-0.7652273774147034,1.107393741607666,0.6473233699798584
1780625798635864300,36.8388642578125,-0.6688718199729919,0.7573779821395874,1.3121833801269531
1780625798645894400,36.848894287109374,-0.5914806127548218,0.45431023836135864,1.688019871711731
1780625798655923500,36.85892333984375,-0.5664663314819336,0.24600523710250854,1.7587310075759888
1780625798665953300,36.86895336914063,-0.5626606941223145,0.28664666414260864,1.494115948677063
1780625798675983400,36.8789833984375,-0.5444691777229309,0.40476319193840027,1.0127722024917603
1780625798686013400,36.889013427734376,-0.4806007146835327,0.3624016344547272,0.5094752311706543
1780625798696042200,36.89904223632813,-0.38917651772499084,0.1893952339887619,0.11403921991586685
1780625798706072300,36.909072265625,-0.2934510409832001,-0.010513893328607082,-0.07050958275794983
1780625798716102400,36.91910229492188,-0.2301032394170761,-0.2208530157804489,-0.07081691175699234
1780625798726132500,36.92913256835938,-0.19742625951766968,-0.36671754717826843,0.018065819516777992
1780625798736162300,36.93916235351563,-0.21164754033088684,-0.44649574160575867,0.10833445936441422
1780625798746191400,36.94919140625,-0.23823361098766327,-0.4319138526916504,0.1710606962442398
1780625798756221200,36.95922119140625,-0.22822251915931702,-0.4525373876094818,0.22531647980213165
1780625798766251300,36.96925122070313,-0.21513281762599945,-0.6883203387260437,0.3083626329898834
1780625798776281300,36.97928125,-0.19617722928524017,-1.0993739366531372,0.48427560925483704
1780625798786310400,36.989310302734374,-0.19673170149326324,-1.3724899291992188,0.7686657905578613
1780625798796340500,36.999340576171875,-0.21033459901809692,-1.3740712404251099,1.0359134674072266
1780625798806370300,37.00937036132812,-0.2679233253002167,-1.154964804649353,1.1725237369537354
1780625798816400400,37.019400390625,-0.3485318720340729,-0.9269086718559265,1.1840094327926636
1780625798826430200,37.02943017578125,-0.4577489197254181,-0.8761405944824219,1.1251873970031738
1780625798836459500,37.03945947265625,-0.5998898148536682,-1.0107899904251099,1.0368982553482056
1780625798846489300,37.0494892578125,-0.768986701965332,-1.2689416408538818,0.9254428744316101
1780625798856519400,37.05951953125,-0.9417435526847839,-1.6461472511291504,0.8210403323173523
1780625798866549200,37.06954931640625,-1.1220999956130981,-2.13395094871521,0.7018350958824158
1780625798876579300,37.079579345703124,-1.2634347677230835,-2.6407384872436523,0.5787948966026306
1780625798886608400,37.0896083984375,-1.348948359489441,-3.0253968238830566,0.44476839900016785
1780625798896638500,37.09963842773438,-1.4132990837097168,-3.262993335723877,0.2767181396484375
1780625798906668500,37.10966845703125,-1.481139898300171,-3.330298900604248,0.04993400350213051
1780625798916698400,37.119698486328126,-1.540004849433899,-3.2995033264160156,-0.2021951824426651
1780625798926727200,37.12972705078125,-1.5441410541534424,-3.1821885108947754,-0.4114389419555664
1780625798936757200,37.13975732421875,-1.4584439992904663,-2.8892838954925537,-0.5288244485855103
1780625798946787300,37.14978735351563,-1.2967232465744019,-2.4347312450408936,-0.5243518948554993
1780625798956817400,37.1598173828125,-1.1083661317825317,-1.9074734449386597,-0.4173594117164612
1780625798966847500,37.16984741210938,-0.8737338781356812,-1.3808809518814087,-0.2792785167694092
1780625798976876300,37.17987622070312,-0.6947891712188721,-0.8359396457672119,-0.19657297432422638
1780625798986906400,37.18990625,-0.6828011870384216,-0.3254079222679138,-0.17841102182865143
1780625798996936400,37.1999365234375,-0.8035071492195129,-0.11179976910352707,-0.16485819220542908
1780625799006966300,37.20996630859375,-0.9714124798774719,-0.2149842083454132,-0.17037706077098846
1780625799016996400,37.21999633789063,-1.1181186437606812,-0.40593260526657104,-0.1932203322649002
1780625799027025400,37.230025390625,-1.2450765371322632,-0.51839679479599,-0.23956331610679626
1780625799037055200,37.24005517578125,-1.3329954147338867,-0.597130537033081,-0.2893631160259247
1780625799047085300,37.25008520507812,-1.3735934495925903,-0.7074658274650574,-0.29155728220939636
1780625799057115400,37.26011547851562,-1.331620216369629,-0.9461082220077515,-0.2539622485637665
1780625799067144400,37.27014453125,-1.2388657331466675,-1.2576059103012085,-0.18400178849697113
1780625799077174500,37.280174560546875,-1.1329669952392578,-1.4928770065307617,-0.11511247605085373
1780625799087204400,37.290204345703124,-1.098341464996338,-1.567790150642395,-0.08819989860057831
1780625799097234200,37.30023413085937,-1.05029296875,-1.546446442604065,-0.12912842631340027
1780625799107264300,37.31026416015625,-0.9988414645195007,-1.4563474655151367,-0.17664960026741028
1780625799117293300,37.320293212890626,-0.8366965055465698,-1.4346888065338135,-0.2879042327404022
1780625799127323400,37.330323486328126,-0.6010054349899292,-1.401464819908142,-0.2342231571674347
1780625799137353500,37.340353515625,-0.23563648760318756,-1.0347124338150024,0.09922298789024353
1780625799147383600,37.350383544921876,0.1575627326965332,-0.30964547395706177,0.41689762473106384
1780625799157412400,37.36041235351563,-0.2151716947555542,-0.27482250332832336,0.13046346604824066
1780625799167442400,37.3704423828125,-1.1086965799331665,-0.7791264057159424,-0.6016405820846558
1780625799177472300,37.38047216796875,-1.4437166452407837,-1.1369907855987549,-1.0531941652297974
1780625799187502300,37.39050244140625,-1.352684736251831,-1.1595669984817505,-1.072360634803772
1780625799197532400,37.400532470703126,-0.9873680472373962,-1.0079686641693115,-0.7799567580223083
1780625799207561200,37.41056127929688,-0.6623497009277344,-0.9153524041175842,-0.5153957009315491
1780625799217591300,37.42059130859375,-0.21101689338684082,-0.6595627069473267,-0.1585656702518463
1780625799227621400,37.43062133789063,0.267454594373703,-0.16084560751914978,0.19433964788913727
1780625799237651500,37.4406513671875,0.3736785054206848,0.186046302318573,0.35666465759277344
1780625799247681300,37.45068139648438,0.2711697220802307,0.06346872448921204,0.43932944536209106
1780625799257710300,37.46071044921875,0.2674892246723175,-0.1760389357805252,0.6003457307815552
1780625799267740200,37.470740234375,0.35474610328674316,-0.48150137066841125,0.688450276851654
1780625799277770200,37.48077026367187,0.599003791809082,-0.7165021896362305,0.7168236374855042
1780625799287800300,37.49080029296875,0.7958481311798096,-0.8971694111824036,0.5947038531303406
1780625799297829400,37.500829345703124,0.8428449630737305,-0.7273878455162048,0.3273821175098419
1780625799307859500,37.510859375,0.6617974042892456,-0.27066370844841003,-0.04207288473844528
1780625799317889500,37.5208896484375,0.31500110030174255,0.3635808825492859,-0.40163931250572205
1780625799327919400,37.53091943359375,-0.05307786539196968,1.1108952760696411,-0.5727956295013428
1780625799337949200,37.54094921875,-0.12932497262954712,1.4627790451049805,-0.6462514400482178
1780625799347978200,37.550978271484375,-0.6302130818367004,1.2352526187896729,-0.8046083450317383
1780625799358008300,37.56100830078125,-1.0029898881912231,0.7256850004196167,-0.7754352688789368
1780625799368038400,37.571038330078125,-1.006661295890808,0.059232961386442184,-0.6584191918373108
1780625799378068500,37.581068359375,-0.9316020011901855,-0.561269998550415,-0.6766109466552734
1780625799388098300,37.591098388671874,-0.981410801410675,-0.9314573407173157,-0.6842795014381409
1780625799398127400,37.60112744140625,-1.0525238513946533,-1.1058286428451538,-0.5908427834510803
1780625799408157400,37.61115747070313,-1.1847509145736694,-0.8639792799949646,-0.4172489047050476
1780625799418187300,37.621187255859375,-1.3585509061813354,-0.6188285946846008,-0.27556926012039185
1780625799428217300,37.63121728515625,-1.2515021562576294,-0.478225439786911,-0.04982907697558403
1780625799438246400,37.64124633789063,-0.933892011642456,-0.17822407186031342,0.32904714345932007
1780625799448276200,37.65127612304688,-0.605362057685852,0.35391759872436523,0.7494798302650452
1780625799458306300,37.66130639648438,-0.3414483964443207,0.977011501789093,1.0931117534637451
1780625799468336400,37.67133642578125,-0.11218805611133575,1.3550078868865967,1.2585492134094238
1780625799478366500,37.68136645507813,0.030704116448760033,1.2575278282165527,1.3014460802078247
1780625799488395500,37.6913955078125,-0.28181782364845276,1.7701961994171143,1.047908902168274
1780625799498425600,37.70142553710937,-1.071235179901123,2.9015188217163086,-0.07061851024627686
1780625799508455200,37.711455078125,-1.3561655282974243,3.0208380222320557,-1.6046857833862305
1780625799518485200,37.7214853515625,-1.1562936305999756,1.688461422920227,-2.2406468391418457
1780625799528515300,37.73151538085938,-0.8720166683197021,0.2565007507801056,-1.8401718139648438
1780625799538544400,37.74154443359375,-0.5261759161949158,-0.018823223188519478,-1.3701945543289185
1780625799548574500,37.75157446289062,-0.20953644812107086,0.20944003760814667,-0.8878081440925598
1780625799558604500,37.7616044921875,0.09615609049797058,0.15274614095687866,-0.46993422508239746
1780625799568634400,37.77163427734375,0.46659326553344727,-0.04495709016919136,-0.02395566552877426
1780625799578663400,37.781663330078125,0.7517387270927429,-0.2068844735622406,0.46806228160858154
1780625799588693500,37.791693603515625,0.8486471772193909,-0.1401943862438202,0.9514707326889038
1780625799598723300,37.801723388671874,0.7335999608039856,-0.07004939019680023,1.224015474319458
1780625799608753400,37.81175341796875,0.5031155943870544,-0.19622810184955597,1.2589821815490723
1780625799618783500,37.821783447265624,0.24777331948280334,-0.4883004426956177,1.174319863319397
1780625799628812300,37.831812255859376,-0.023207318037748337,-0.7293742895126343,0.981182336807251
1780625799638842400,37.84184228515625,-0.18844901025295258,-0.7967687845230103,0.7739569544792175
1780625799648872400,37.85187255859375,-0.1662294566631317,-0.7307136058807373,0.6213335990905762
1780625799658902500,37.861902587890626,-0.006170544307678938,-0.5979866981506348,0.491416871547699
1780625799668932400,37.871932373046874,0.26060202717781067,-0.4152720272541046,0.40193599462509155
1780625799678961200,37.88196118164063,0.618811845779419,-0.05961539223790169,0.38998717069625854
1780625799688991200,37.8919912109375,0.9707882404327393,0.38885852694511414,0.3978498876094818
1780625799699021300,37.902021240234376,1.3539633750915527,0.7234967350959778,0.40310829877853394
1780625799709051400,37.91205151367188,1.565312385559082,0.7958047389984131,0.3304178714752197
1780625799719080400,37.92208056640625,1.4465241432189941,0.6334238052368164,0.16533170640468597
1780625799729110500,37.93211059570312,0.981644868850708,0.3296481966972351,-0.08105064183473587
1780625799739140400,37.94214038085938,0.5168652534484863,0.13846386969089508,-0.3435022234916687
1780625799749170200,37.95217016601563,0.23002122342586517,0.044801827520132065,-0.6127025485038757
1780625799759200300,37.9622001953125,0.1183072030544281,-0.00044341632747091353,-0.8573676943778992
1780625799769229300,37.97222924804687,0.10953821241855621,0.034820832312107086,-0.9484323263168335
1780625799779259400,37.98225927734375,0.049184322357177734,0.14429005980491638,-0.9583014845848083
1780625799789289500,37.99228955078125,0.012533368542790413,0.21795576810836792,-0.9322608113288879
1780625799799319600,38.00231958007812,0.0596177913248539,0.07066218554973602,-0.8531875610351562
1780625799809349400,38.01234936523438,0.20948319137096405,-0.3172418773174286,-0.7244658470153809
1780625799819378400,38.02237841796875,0.46447980403900146,-0.767951250076294,-0.5442537069320679
1780625799829408500,38.032408447265624,0.8338391780853271,-1.0197267532348633,-0.3424164652824402
1780625799839438300,38.04243823242187,1.1459022760391235,-0.9207296371459961,-0.19040030241012573
1780625799849468400,38.05246850585937,1.1449822187423706,-0.7259649038314819,-0.18607239425182343
1780625799859497200,38.062497314453125,1.1409066915512085,-0.5712669491767883,-0.3557139039039612
1780625799869527300,38.07252734375,1.112099289894104,-0.5527374744415283,-0.6766173243522644
1780625799879557400,38.082557373046875,0.7924851179122925,-0.5310401916503906,-1.0771514177322388
1780625799889587500,38.09258740234375,0.4725254774093628,-0.27222514152526855,-1.4428303241729736
1780625799899617500,38.102617431640624,0.351580947637558,0.20192833244800568,-1.6593583822250366
1780625799909646300,38.112646240234376,0.41790324449539185,0.5806077122688293,-1.738217830657959
1780625799919676400,38.12267651367188,0.4910285770893097,0.6340581774711609,-1.756673812866211
1780625799929706200,38.132706298828126,0.6349220871925354,0.5508370399475098,-1.6869375705718994
1780625799939736300,38.142736328125,0.7295090556144714,0.2948785126209259,-1.5911785364151
1780625799949766400,38.152766357421875,0.6795936822891235,-0.12960512936115265,-1.5219308137893677
1780625799959795500,38.16279541015625,0.5025403499603271,-0.6902439594268799,-1.5288385152816772
1780625799969825500,38.17282543945313,0.3590673506259918,-1.1093056201934814,-1.5339295864105225
1780625799979855400,38.18285546875,0.28408393263816833,-1.2748714685440063,-1.518784523010254
1780625799989885400,38.19288549804688,0.25615960359573364,-1.1944535970687866,-1.520121455192566
1780625799999914500,38.20291455078125,0.27123603224754333,-0.8830767869949341,-1.5230586528778076
1780625800009944300,38.2129443359375,0.3313707411289215,-0.4394543468952179,-1.5096302032470703
1780625800019974400,38.22297436523438,0.3859013617038727,-0.06926748901605606,-1.4960498809814453
1780625800030004500,38.23300439453125,0.4226668179035187,-0.02279799059033394,-1.5024926662445068
1780625800040034300,38.24303442382813,0.40549662709236145,-0.24180464446544647,-1.4886915683746338
1780625800050063400,38.2530634765625,0.32488301396369934,-0.5262488722801208,-1.4929505586624146
1780625800060093400,38.26309350585937,0.2437215894460678,-0.8045878410339355,-1.512641429901123
1780625800070123500,38.27312353515625,0.21275301277637482,-0.9187817573547363,-1.5447170734405518
1780625800080153300,38.2831533203125,0.17770421504974365,-0.9224984645843506,-1.5717755556106567
1780625800090183400,38.29318334960937,0.11794261634349823,-0.8845266103744507,-1.5629887580871582
1780625800100212200,38.303212158203124,0.007376423571258783,-0.9417397975921631,-1.5355546474456787
1780625800110242300,38.3132421875,-0.08485789597034454,-1.0187315940856934,-1.5267736911773682
1780625800120272400,38.3232724609375,0.02269066497683525,-1.0505073070526123,-1.5079374313354492
1780625800130302500,38.333302490234374,0.19761107861995697,-1.062408208847046,-1.4683109521865845
1780625800140331500,38.34333154296875,0.39148440957069397,-1.0154463052749634,-1.4347689151763916
1780625800150361300,38.353361328125,0.4141761362552643,-0.8777784109115601,-1.4363852739334106
1780625800160391400,38.363391357421875,0.2616180181503296,-0.6977596282958984,-1.5086584091186523
1780625800170421200,38.373421142578124,0.17700007557868958,-0.5892265439033508,-1.545246958732605
1780625800180451300,38.383451416015625,0.12849032878875732,-0.5814916491508484,-1.540146827697754
1780625800190480400,38.39348046875,0.16913922131061554,-0.6753869652748108,-1.507354974746704
1780625800200510500,38.40351049804688,0.31582239270210266,-0.8350767493247986,-1.4425137042999268
1780625800210540300,38.413540283203126,0.3590385913848877,-0.9336254596710205,-1.3816282749176025
1780625800220570400,38.4235703125,0.2977243661880493,-0.9063138961791992,-1.34312903881073
1780625800230600400,38.433600341796875,0.25273558497428894,-0.9076196551322937,-1.3325201272964478
1780625800240629500,38.44362939453125,0.28527888655662537,-0.9357208013534546,-1.3322715759277344
1780625800250659600,38.45365966796875,0.29269683361053467,-0.862238883972168,-1.2968909740447998
1780625800260689400,38.463689453125,0.31310731172561646,-0.675597071647644,-1.2443071603775024
1780625800270719200,38.47371923828125,0.4324137270450592,-0.4224255383014679,-1.2188222408294678
1780625800280748300,38.48374829101562,0.5674242973327637,-0.20253446698188782,-1.2053166627883911
1780625800290778400,38.4937783203125,0.6948999762535095,-0.035410456359386444,-1.2156562805175781
1780625800300808400,38.50380834960937,0.6212853789329529,-0.03957217559218407,-1.2550495862960815
1780625800310838500,38.51383862304687,0.5199211835861206,0.06978654116392136,-1.3021217584609985
1780625800320868600,38.52386865234375,0.5585149526596069,0.20760218799114227,-1.301187515258789
1780625800330897400,38.5338974609375,0.47633805871009827,0.2627392113208771,-1.31748628616333
1780625800340927500,38.543927490234374,0.3155824542045593,0.2735857367515564,-1.3359792232513428
1780625800350957300,38.55395727539062,0.12101510167121887,0.24447126686573029,-1.3574278354644775
1780625800360987400,38.5639873046875,-0.009847038425505161,0.18283718824386597,-1.331912636756897
1780625800371017500,38.574017578125,-0.031810659915208817,0.15990391373634338,-1.2364649772644043
1780625800381046300,38.58404638671875,0.010427340865135193,0.2247510850429535,-1.0929969549179077
1780625800391076400,38.594076416015625,0.01239009015262127,0.3981367349624634,-0.927919328212738
1780625800401107200,38.60410717773438,-0.010207097046077251,0.6299902200698853,-0.7565601468086243
1780625800411137000,38.614136962890626,-0.041977010667324066,0.829131007194519,-0.6036294102668762
1780625800421166000,38.624166015625,-0.08202056586742401,0.9432447552680969,-0.48689961433410645
1780625800431196200,38.63419604492187,-0.12978781759738922,1.0122158527374268,-0.4059291183948517
1780625800441226000,38.64422607421875,-0.12906797230243683,1.0537611246109009,-0.3388933837413788
1780625800451256000,38.65425610351563,-0.027281422168016434,1.144737720489502,-0.2808050215244293
1780625800461286100,38.6642861328125,0.19223761558532715,1.3124265670776367,-0.22642141580581665
1780625800471315200,38.674315185546874,0.4660387933254242,1.4642096757888794,-0.1719997227191925
1780625800481345300,38.68434521484375,0.5895764827728271,1.3919671773910522,-0.1405983865261078
1780625800491375000,38.694375,0.541106641292572,1.0284537076950073,-0.1724569946527481
1780625800501405000,38.70440502929687,0.5882827043533325,0.3905075490474701,-0.2816910743713379
1780625800511435000,38.71443505859375,0.6742990612983704,-0.2724887728691101,-0.42188146710395813
1780625800521464000,38.724464111328125,0.7201030254364014,-0.6832067966461182,-0.5809616446495056
1780625800531494100,38.734494140625,0.7901819944381714,-0.7708287835121155,-0.7294808030128479
1780625800541524200,38.744524169921874,0.8638455867767334,-0.6963511109352112,-0.8166029453277588
1780625800551554300,38.75455419921875,0.9115480780601501,-0.6351167559623718,-0.8265519738197327
1780625800561583000,38.7645830078125,0.917018473148346,-0.6125275492668152,-0.7610054612159729
1780625800571613200,38.77461328125,0.8582398891448975,-0.6330949068069458,-0.6396505236625671
1780625800581643000,38.78464306640625,0.8102401494979858,-0.6466677188873291,-0.4918493628501892
1780625800591673000,38.794673095703125,0.6817356944084167,-0.5072730779647827,-0.32870811223983765
1780625800601703200,38.804703125,0.4353322982788086,-0.1491793692111969,-0.19944067299365997
1780625800611732000,38.81473193359375,0.14736202359199524,0.20268546044826508,-0.14933595061302185
1780625800621761000,38.82476098632812,-0.0674634650349617,0.25573989748954773,-0.16337721049785614
1780625800631791000,38.834791015625,-0.18925568461418152,0.08495590090751648,-0.19290021061897278
1780625800641821200,38.8448212890625,-0.35109731554985046,-0.08429916948080063,-0.20034268498420715
1780625800651851300,38.85485131835937,-0.47905233502388,-0.17755161225795746,-0.15049603581428528
1780625800661881000,38.86488110351563,-0.5352277159690857,-0.216231107711792,-0.03245674446225166
1780625800671910100,38.87491015625,-0.5849295258522034,-0.18706150352954865,0.15713448822498322
1780625800681940000,38.88493994140625,-0.5655062794685364,-0.14187884330749512,0.3869999051094055
1780625800691970000,38.89496997070312,-0.47942304611206055,-0.1565275639295578,0.6376819610595703
1780625800702000000,38.90500024414062,-0.24030767381191254,-0.25886964797973633,0.8861498236656189
1780625800712029000,38.91502880859375,-0.016519054770469666,-0.37392085790634155,1.069943904876709
1780625800722059000,38.92505908203125,0.08673515915870667,-0.25169989466667175,1.048794150352478
1780625800732089000,38.935089111328125,0.2693236172199249,0.11038722842931747,0.6647018194198608
1780625800742119200,38.945119140625,0.5296870470046997,0.48345455527305603,-0.08707977086305618
1780625800752149000,38.95514892578125,0.4227350056171417,0.573761522769928,-1.0486119985580444
1780625800762178300,38.96517822265625,0.26375094056129456,0.0774359330534935,-1.7396827936172485
1780625800772208000,38.9752080078125,0.3333638608455658,-0.5586502552032471,-2.0584988594055176
1780625800782238000,38.985238037109376,0.3158018887042999,-0.891071081161499,-2.11323618888855
1780625800792268000,38.99526806640625,0.038538869470357895,-0.8874661922454834,-1.9996187686920166
1780625800802298000,39.005298095703125,-0.26495495438575745,-0.7318779230117798,-1.782464623451233
1780625800812327200,39.0153271484375,-0.5182588696479797,-0.616268515586853,-1.5050625801086426
1780625800822357200,39.02535717773438,-0.661314845085144,-0.6288977861404419,-1.1775100231170654
1780625800832387300,39.03538720703125,-0.7104959487915039,-0.7615059018135071,-0.8259032368659973
1780625800842417000,39.0454169921875,-0.7486537098884583,-0.9312893152236938,-0.5013406276702881
1780625800852446000,39.05544604492187,-0.7980281710624695,-1.0676099061965942,-0.22917646169662476
1780625800862476000,39.06547607421875,-0.8447573781013489,-1.1136492490768433,-0.022495189681649208
1780625800872506000,39.07550610351562,-0.8770892024040222,-1.0218181610107422,0.10722286254167557
1780625800882536200,39.0855361328125,-0.8314428925514221,-0.8742476105690002,0.18076525628566742
1780625800892566300,39.09556616210938,-0.881815493106842,-0.6266164779663086,0.26861682534217834
1780625800902595000,39.10559497070312,-1.0201749801635742,-0.29122838377952576,0.3383290469646454
1780625800912625200,39.115625244140624,-1.3163379430770874,0.09402769804000854,0.3805835545063019
1780625800922655200,39.1256552734375,-1.481945514678955,0.3730875551700592,0.33914637565612793
1780625800932685000,39.13568505859375,-1.4927244186401367,0.507482647895813,0.21164514124393463
1780625800942715100,39.14571508789062,-1.290837049484253,0.3400481045246124,0.0691835954785347
1780625800952744000,39.155743896484374,-0.894212543964386,-0.134750097990036,-0.005289836786687374
1780625800962774000,39.16577392578125,-0.547299861907959,-0.510021984577179,-0.024713601917028427
1780625800972804000,39.17580419921875,-0.6186342239379883,-0.5600928664207458,0.047385625541210175
1780625800982834200,39.185834228515624,-0.9348806142807007,-0.4532489776611328,0.13542546331882477
1780625800992863200,39.19586328125,-1.130932092666626,-0.2994069457054138,0.03761661797761917
1780625801002893300,39.20589331054688,-1.4747430086135864,-0.00833702553063631,-0.3468618094921112
1780625801012923000,39.2159228515625,-1.2306486368179321,-0.031570710241794586,-0.9807367324829102
1780625801022953000,39.225952880859374,-0.5321680307388306,-0.5661007165908813,-1.5927013158798218
1780625801032983000,39.235983154296875,-0.434666246175766,-1.09721040725708,-1.8639051914215088
1780625801043012000,39.24601220703125,-0.7589103579521179,-1.5303157567977905,-1.9137285947799683
1780625801053042200,39.25604223632813,-1.1792876720428467,-1.981355905532837,-1.9096864461898804
1780625801063072300,39.266072265625,-1.652604341506958,-2.1546499729156494,-1.8315235376358032
1780625801073102000,39.27610205078125,-1.8277846574783325,-2.033824920654297,-1.6925190687179565
1780625801083132000,39.2861318359375,-1.852612853050232,-1.819216012954712,-1.4756757020950317
1780625801093161200,39.2961611328125,-1.6228855848312378,-1.7669501304626465,-1.0522184371948242
1780625801103191000,39.30619091796875,-1.1748641729354858,-1.7537752389907837,-0.38644012808799744
1780625801113221000,39.31622119140625,-0.3510461747646332,-1.5247955322265625,0.26912546157836914
1780625801123251200,39.32625122070313,0.7758006453514099,-1.0346015691757202,0.7432235479354858
1780625801133281000,39.33628100585938,1.4628725051879883,-0.441246896982193,0.9545999765396118
1780625801143310000,39.34631005859375,1.4381210803985596,-0.35557249188423157,0.8259146809577942
1780625801153340200,39.35634008789062,1.031616449356079,-0.6047085523605347,0.6253754496574402
1780625801163370200,39.36637036132812,0.6719280481338501,-0.9905776977539062,0.48024970293045044
1780625801173400000,39.37640014648437,0.5175417065620422,-1.3305978775024414,0.42655104398727417
1780625801183429000,39.38642919921875,0.6816925406455994,-1.2720309495925903,0.5687758326530457
1780625801193459000,39.396458984375,0.8176500797271729,-0.8669382929801941,0.7456246614456177
1780625801203489000,39.40648901367187,0.7396775484085083,-0.460254967212677,0.7149327993392944
1780625801213519000,39.41651904296875,0.6618610620498657,0.15405482053756714,0.6624541282653809
1780625801223549200,39.42654907226562,0.33215105533599854,0.7391068339347839,0.37027713656425476
1780625801233578200,39.436578125,0.11844382435083389,0.9497029185295105,-0.008099205791950226
1780625801243608000,39.446608154296875,0.09682800620794296,1.0360932350158691,-0.2617272138595581
1780625801253638100,39.45663818359375,-0.017361413687467575,0.8825873136520386,-0.5701135396957397
1780625801263668000,39.46666796875,-0.24131141602993011,0.49866944551467896,-0.9368278980255127
1780625801273698000,39.47669799804687,-0.394131600856781,0.053339652717113495,-1.2169288396835327
1780625801283727000,39.48672705078125,-0.38179850578308105,-0.2698836922645569,-1.4185364246368408
1780625801293757200,39.496757080078126,-0.27573704719543457,-0.588175892829895,-1.5460206270217896
1780625801303787000,39.506787109375,0.17275500297546387,-1.0874890089035034,-1.5845593214035034
1780625801313817000,39.516817138671875,0.5102640390396118,-1.2996255159378052,-1.5423380136489868
1780625801323847200,39.52684716796875,0.15479676425457,-1.1299179792404175,-1.3450672626495361
1780625801333876200,39.53687622070313,-0.3908655047416687,-1.096766471862793,-0.84243243932724
1780625801343906000,39.54690600585938,-0.6587731242179871,-0.7056399583816528,-0.3503497540950775
1780625801353936100,39.55693603515625,-0.659820020198822,-0.26727113127708435,0.019817646592855453
1780625801363966000,39.566966064453126,-0.8564947247505188,0.3557402491569519,0.5630947947502136
1780625801373995000,39.5769951171875,-1.4256808757781982,1.1231852769851685,1.2002818584442139
1780625801384025000,39.58702514648437,-2.0231549739837646,1.5900589227676392,1.7070673704147339
1780625801394054100,39.59705419921875,-2.1973299980163574,0.8860281109809875,1.6316999197006226
1780625801404084200,39.607084228515625,-1.993074893951416,-0.2301274836063385,1.269080638885498
1780625801414114300,39.6171142578125,-1.6835545301437378,-0.8528962135314941,1.0357451438903809
1780625801424143400,39.62714331054688,-1.3068549633026123,-1.2256969213485718,0.7594853043556213
1780625801434173200,39.637173095703126,-1.067486047744751,-1.6985143423080444,0.4364417791366577
1780625801444203300,39.64720336914063,-0.9794701337814331,-2.2684528827667236,0.15326811373233795
1780625801454233000,39.657233154296875,-0.9045501351356506,-2.883131980895996,-0.040771130472421646
1780625801464263200,39.66726318359375,-0.4081922769546509,-3.0439109802246094,-0.1923244446516037
1780625801474292200,39.67729223632813,0.6777766346931458,-2.2055160999298096,0.08553940057754517
1780625801484322300,39.687322265625,1.8500535488128662,-0.22299499809741974,1.104614496231079
1780625801494352100,39.69735205078125,2.278470993041992,1.3799043893814087,2.0648910999298096
1780625801504382200,39.70738232421875,2.0191891193389893,1.6070702075958252,2.4134137630462646
1780625801514412300,39.71741235351563,1.669556975364685,1.24148690700531,2.243985176086426
1780625801524441300,39.72744140625,1.3191227912902832,1.0362706184387207,1.882204294204712
1780625801534471200,39.73747119140625,0.9420197010040283,1.087760090827942,1.5412272214889526
1780625801544501200,39.74750122070313,0.5857042074203491,1.2176533937454224,1.2344191074371338
1780625801554531300,39.75753125,0.5110414624214172,1.3765612840652466,0.8745706677436829
1780625801564560100,39.76756005859375,0.3041558861732483,1.7284168004989624,0.9331833720207214
1780625801574590200,39.77759008789062,-0.03056403435766697,1.7621338367462158,0.9150165915489197
1780625801584620300,39.78762036132812,-0.5877771973609924,1.53439462184906,1.0051326751708984
1780625801594650400,39.797650390625,-1.166938304901123,1.2887622117996216,1.3335864543914795
1780625801604680200,39.80768017578125,-1.2274360656738281,0.4420812726020813,1.5351496934890747
1780625801614709200,39.817709228515625,-0.9733142852783203,-0.6726444363594055,1.5848623514175415
1780625801624739000,39.827739013671874,-0.584515392780304,-1.5664879083633423,1.5211941003799438
1780625801634769200,39.83776904296875,0.03003486432135105,-2.3721911907196045,1.1138026714324951
1780625801644799200,39.84779931640625,1.2817938327789307,-0.5002313852310181,-0.12803758680820465
1780625801654829300,39.857829345703124,1.4358947277069092,0.38409626483917236,-0.6837892532348633
1780625801664858000,39.867858154296876,0.84819495677948,1.9198133945465088,-0.8433799743652344
1780625801674888200,39.87788818359375,0.07516825199127197,2.9849278926849365,-0.880174458026886
1780625801684918300,39.887918212890625,-0.5742957592010498,3.626993179321289,-0.7480771541595459
1780625801694948000,39.897947998046874,-1.060084342956543,4.056466579437256,-0.7158920764923096
1780625801704978200,39.907978271484374,-1.4248199462890625,1.9002964496612549,-0.33866408467292786
1780625801715007200,39.91800732421875,-1.0740251541137695,-2.468492031097412,0.38003867864608765
1780625801725037300,39.92803735351563,-1.029586911201477,-4.300261497497559,0.4766616225242615
1780625801735067100,39.938067138671876,-1.4335840940475464,-5.019397258758545,0.2589503228664398
1780625801745097200,39.94809716796875,-2.133025646209717,-5.5978779792785645,0.3465709984302521
1780625801755126300,39.95812622070312,-2.8584442138671875,-6.277496814727783,0.34460851550102234
1780625801765156400,39.96815625,-3.433000326156616,-6.354628086090088,0.19848006963729858
1780625801775186200,39.97818627929688,-3.7062418460845947,-1.8070623874664307,-0.9597539901733398
1780625801785216300,39.98821630859375,-3.4989194869995117,0.045577071607112885,-1.3738683462142944
1780625801795246000,39.99824609375,-3.2096216678619385,-0.020785706117749214,-1.9978184700012207
1780625801805275100,40.00827514648437,-2.7080538272857666,-0.9719539284706116,-2.6245834827423096
1780625801815305200,40.01830517578125,-2.3335978984832764,-1.9252771139144897,-3.0731892585754395
1780625801825335300,40.02833520507812,-2.4548230171203613,-2.767392873764038,-3.388428211212158
1780625801835365400,40.03836547851562,-2.8377676010131836,-3.189007520675659,-3.3012659549713135
1780625801845395200,40.04839526367188,-3.2998735904693604,-3.6850967407226562,-3.0974557399749756
1780625801855424300,40.05842431640625,-3.413864850997925,-3.197699785232544,-2.4862351417541504
1780625801865454000,40.0684541015625,-3.292191743850708,-3.1233022212982178,-1.6948719024658203
1780625801875484200,40.07848413085937,-3.2958672046661377,-3.04524827003479,-1.131369948387146
1780625801885514200,40.08851416015625,-3.1394894123077393,-0.9056057929992676,-0.42304420471191406
1780625801895544300,40.09854443359375,-2.696943998336792,0.7279543280601501,0.2684394419193268
1780625801905573000,40.108572998046874,-2.1317148208618164,2.25278377532959,0.8332700729370117
1780625801915603200,40.118603271484375,-1.638192892074585,3.5433967113494873,1.1757744550704956
1780625801925633300,40.12863330078125,-1.329656958580017,4.108097076416016,1.1934937238693237
1780625801935663000,40.1386630859375,-1.4092247486114502,3.8331809043884277,1.1505547761917114
1780625801945692400,40.1486923828125,-2.0725159645080566,2.897686004638672,1.3378338813781738
1780625801955722200,40.15872216796875,-3.4147286415100098,1.4709703922271729,1.5568687915802002
1780625801965752000,40.168751953125,-6.052066326141357,0.13940396904945374,1.175757646560669
1780625801975782100,40.1787822265625,-8.3475923538208,-0.1921049952507019,0.26111680269241333
1780625801985812200,40.188812255859375,-8.08401870727539,0.746052622795105,-0.7214604616165161
1780625801995841300,40.19884130859375,-6.909850597381592,-0.07288353145122528,-1.1378509998321533
1780625802005871400,40.20887133789063,-5.801219463348389,0.685078501701355,-0.9774261713027954
1780625802015901400,40.2189013671875,-5.178933143615723,3.269479751586914,0.2698962092399597
1780625802025931000,40.228930908203125,-4.6561150550842285,4.664493560791016,1.9072842597961426
1780625802035961000,40.238961181640626,-3.8043274879455566,4.426167964935303,2.915090560913086
1780625802045990100,40.248990234375,-2.7502875328063965,2.9317386150360107,2.628838539123535
1780625802056020200,40.25902026367187,-1.9280766248703003,1.0157477855682373,1.9142135381698608
1780625802066050300,40.26905029296875,-1.5800108909606934,0.47724032402038574,1.6583632230758667
1780625802076080400,40.27908032226563,-1.868683099746704,1.5818949937820435,1.7314094305038452
1780625802086110200,40.28911010742188,-2.6267011165618896,3.189133405685425,1.5098307132720947
1780625802096139300,40.29913916015625,-3.5211915969848633,3.5061821937561035,1.0721378326416016
1780625802106169300,40.30916943359375,-3.715717077255249,2.9395530223846436,0.7256336212158203
1780625802116199200,40.31919921875,-2.9969942569732666,3.1528549194335938,0.7221565842628479
1780625802126229200,40.32922924804687,-1.514443039894104,1.4375056028366089,-0.06890183687210083
1780625802136259300,40.33925927734375,-0.7880275249481201,-0.3121914565563202,0.1765958070755005
1780625802146288000,40.3492880859375,-1.1711586713790894,0.5557156801223755,1.291571021080017
1780625802156318200,40.35931811523437,-1.8358561992645264,1.32422935962677,1.935105800628662
1780625802166348300,40.369348388671874,-2.233149290084839,1.2439897060394287,1.4868252277374268
1780625802176378400,40.37937841796875,-2.142346143722534,1.1029229164123535,0.40511074662208557
1780625802186408200,40.389408203125,-1.700721263885498,1.3986109495162964,-0.42933112382888794
1780625802196437200,40.399437255859375,-1.326545000076294,1.6521846055984497,-0.7846817374229431
1780625802206467000,40.409467041015624,-1.1931672096252441,1.6190322637557983,-0.7722879648208618
1780625802216497200,40.4194970703125,-1.314121127128601,1.9212459325790405,-0.6361082792282104
1780625802226527200,40.42952734375,-2.188356637954712,1.9957561492919922,-0.19278836250305176
1780625802236556300,40.43955639648438,-3.9365522861480713,2.6154942512512207,0.6891597509384155
1780625802246586400,40.44958642578125,-6.340061664581299,6.652801513671875,3.3980231285095215
1780625802256616200,40.4596162109375,-7.4194793701171875,8.102479934692383,5.730854034423828
1780625802266646300,40.469646240234376,-8.178746223449707,6.734586715698242,6.134187698364258
1780625802276676000,40.479676025390624,-8.219926834106445,7.404205322265625,5.404585838317871
1780625802286705200,40.489705078125,-6.867974758148193,9.161218643188477,4.769189357757568
1780625802296735200,40.4997353515625,-4.8029866218566895,8.848800659179688,3.7211501598358154
1780625802306765300,40.50976538085938,-2.80877947807312,6.723733901977539,1.8528157472610474
1780625802316795100,40.519795166015626,-1.6635850667953491,3.1429693698883057,-0.47798600792884827
1780625802326825200,40.5298251953125,-1.2018893957138062,0.30405309796333313,-2.8024399280548096
1780625802336854300,40.53985424804687,-0.7851070761680603,-1.1079813241958618,-4.521689414978027
1780625802346884400,40.54988427734375,-0.6020155549049377,-0.9195588827133179,-5.311022758483887
1780625802356914200,40.5599140625,-0.9992460012435913,1.0984852313995361,-5.882042407989502
1780625802366944300,40.5699443359375,-1.3357646465301514,2.9899415969848633,-6.196139335632324
1780625802376974000,40.57997412109375,-1.2872802019119263,4.279024600982666,-6.489800930023193
1780625802387003100,40.59000317382812,-0.7936766147613525,5.162933826446533,-6.6114654541015625
1780625802397033500,40.60003344726562,-0.0741029903292656,6.074863433837891,-6.185888290405273
1780625802407063600,40.6100634765625,0.7752293944358826,7.6244797706604,-5.372900485992432
1780625802417093600,40.62009375,1.4899275302886963,9.89930248260498,-4.439850807189941
1780625802427123500,40.63012353515625,1.9272534847259521,11.856674194335938,-3.5274710655212402
1780625802437152500,40.640152587890626,2.241445302963257,12.301128387451172,-2.4531044960021973
1780625802447182300,40.650182373046874,2.357070207595825,11.179106712341309,-1.2856844663619995
1780625802457212400,40.66021240234375,2.67339825630188,8.551393508911133,-0.2950612008571625
1780625802467242500,40.670242431640624,3.596769094467163,6.570905685424805,-0.2770600914955139
1780625802477272600,40.6802724609375,4.724838733673096,5.174742698669434,-1.0057978630065918
1780625802487301600,40.690301513671876,4.981605052947998,2.4954562187194824,-1.1500389575958252
1780625802497331500,40.70033154296875,5.045891284942627,0.13926494121551514,-1.262719750404358
1780625802507361500,40.710361572265626,5.104647159576416,-1.5380399227142334,-1.742642879486084
1780625802517391400,40.720391357421875,4.860724925994873,-2.773591995239258,-2.4659264087677
1780625802527420400,40.73042041015625,4.470072269439697,-3.568892240524292,-3.2111504077911377
1780625802537450500,40.74045043945313,4.111156940460205,-4.35188627243042,-3.600273370742798
1780625802547480600,40.75048046875,3.7590293884277344,-4.766048431396484,-3.6563374996185303
1780625802557510400,40.76051049804688,3.2701141834259033,-4.577874660491943,-3.3606841564178467
1780625802567540500,40.77054052734375,2.7173030376434326,-3.9656102657318115,-2.7476155757904053
1780625802577569500,40.78056958007812,2.187946081161499,-3.199431896209717,-1.9647188186645508
1780625802587599600,40.790599609375,1.8364503383636475,-2.57673716545105,-1.089979887008667
1780625802597629400,40.80062939453125,1.6593410968780518,-1.9616378545761108,-0.34650760889053345
1780625802607659500,40.81065942382813,1.392743706703186,-1.419555425643921,0.3093578517436981
1780625802617689300,40.820689453125,0.9584996104240417,-0.965867280960083,0.9485801458358765
1780625802627718400,40.83071850585937,0.40601646900177,-1.2303513288497925,1.3409149646759033
1780625802637748500,40.84074853515625,-0.01955985277891159,-3.290247917175293,1.4054497480392456
1780625802647778600,40.85077856445312,-0.12390543520450592,-4.85793924331665,1.158276915550232
1780625802657808600,40.86080859375,-0.3296535313129425,-5.765549659729004,1.180014729499817
1780625802667838500,40.87083837890625,-0.6054579615592957,-6.1343865394592285,1.5014063119888306
1780625802677867500,40.880867431640624,-0.9450490474700928,-5.992528438568115,1.8755970001220703
1780625802687897300,40.8908974609375,-1.371904730796814,-5.545448303222656,2.1811020374298096
1780625802697927400,40.90092749023437,-1.735548496246338,-4.538898468017578,2.1780505180358887
1780625802707957500,40.91095751953125,-2.0664069652557373,-3.397153377532959,2.094743013381958
1780625802717987600,40.92098754882812,-2.4352190494537354,-2.2168545722961426,2.25980806350708
1780625802728016400,40.931016357421875,-2.7585437297821045,-1.023940920829773,2.4600391387939453
1780625802738046500,40.94104638671875,-3.2087316513061523,-0.36445704102516174,2.5837552547454834
1780625802748076500,40.95107666015625,-3.6255550384521484,-0.22981321811676025,2.6792709827423096
1780625802758106400,40.9611064453125,-3.8513569831848145,-0.3463747203350067,2.8942086696624756
1780625802768136400,40.971136474609374,-3.8265321254730225,-0.7230466604232788,3.293178081512451
1780625802778165500,40.98116552734375,-3.608883857727051,-1.3517667055130005,3.757776975631714
1780625802788195300,40.9911953125,-3.331148624420166,-2.0395684242248535,4.114337921142578
1780625802798225400,41.001225341796875,-3.0675387382507324,-2.805182933807373,4.364923477172852
1780625802808255500,41.01125537109375,-2.8994176387786865,-3.5980031490325928,4.405043601989746
1780625802818285600,41.02128564453125,-2.978135108947754,-4.06317663192749,4.32852029800415
1780625802828314600,41.03131469726563,-3.4900450706481934,-3.901154041290283,4.08243465423584
1780625802838344400,41.04134448242188,-4.104915142059326,-2.821681499481201,3.9131550788879395
1780625802848374300,41.051374267578126,-4.459932327270508,-1.1640589237213135,3.9311132431030273
1780625802858404400,41.061404296875,-4.54392147064209,0.5697258114814758,4.011895179748535
1780625802868434400,41.071434326171875,-4.446732997894287,2.0646607875823975,4.145874977111816
1780625802878463500,41.08146337890625,-4.163957118988037,3.2408978939056396,4.249999523162842
1780625802888493600,41.09149365234375,-3.7069573402404785,4.17572021484375,4.338870048522949
1780625802898523600,41.10152368164062,-3.1204288005828857,5.025223255157471,4.288790225982666
1780625802908553500,41.11155346679688,-2.7580366134643555,5.65290641784668,4.136815071105957
1780625802918582500,41.12158251953125,-2.713871955871582,5.614081859588623,4.1106672286987305
1780625802928612400,41.1316123046875,-2.6012325286865234,4.645493984222412,4.293949604034424
1780625802938642400,41.14164233398437,-2.263192653656006,2.7695088386535645,4.353814125061035
1780625802948672500,41.15167260742187,-1.866731882095337,0.28088492155075073,4.003307819366455
1780625802958702600,41.16170263671875,-1.5754225254058838,-2.114779472351074,3.582547903060913
1780625802968731400,41.1717314453125,-1.5371102094650269,-3.8103926181793213,3.3629262447357178
1780625802978761500,41.181761474609374,-1.7130322456359863,-4.192306041717529,3.1804683208465576
1780625802988791600,41.19179150390625,-1.9716675281524658,-3.0450007915496826,2.781714677810669
1780625802998821400,41.2018212890625,-2.307887554168701,-1.535661220550537,2.477842092514038
1780625803008851500,41.2118515625,-2.6733696460723877,0.5960066318511963,2.2585525512695312
1780625803018880300,41.22188037109375,-2.831589937210083,2.5281460285186768,2.0959246158599854
1780625803028910300,41.231910400390625,-2.6662354469299316,3.7724828720092773,1.9675161838531494
1780625803038940400,41.2419404296875,-2.370948076248169,4.26134729385376,1.7511037588119507
1780625803048970500,41.251970458984374,-2.212986707687378,4.217195510864258,1.3968874216079712
1780625803059000600,41.26200048828125,-2.304297685623169,3.919250249862671,0.9292938113212585
1780625803069029600,41.27202954101563,-2.24755597114563,3.3375933170318604,0.37663596868515015
1780625803079059500,41.2820595703125,-0.9101584553718567,3.2142136096954346,0.07824846357107162
1780625803089089300,41.29208935546875,0.7081552743911743,4.020157814025879,0.15454509854316711
1780625803099119400,41.302119384765625,1.2038249969482422,3.8047688007354736,-0.03615747019648552
1780625803109149400,41.3121494140625,2.0289011001586914,3.1131341457366943,-0.035463184118270874
1780625803119178500,41.32217846679688,2.788308620452881,2.3550963401794434,-0.04543112963438034
1780625803129208600,41.33220849609375,3.3454065322875977,1.4823654890060425,-0.1339639276266098
1780625803139238400,41.34223828125,3.5943639278411865,0.14493001997470856,-0.09647354483604431
1780625803149268500,41.3522685546875,3.460325002670288,-1.5803415775299072,0.20131953060626984
1780625803159298300,41.36229833984375,2.9687376022338867,-2.7213101387023926,0.7243848443031311
1780625803169327600,41.37232763671875,2.208519458770752,-2.778661012649536,1.253978967666626
1780625803179357400,41.382357421875,1.4280295372009277,-1.8080480098724365,1.5730499029159546
1780625803189387500,41.39238745117188,0.899820864200592,-0.3597746789455414,1.7085038423538208
1780625803199417300,41.40241723632813,0.6590636372566223,0.8853106498718262,1.811988115310669
1780625803209447400,41.41244750976563,0.6972944140434265,1.2981759309768677,1.9613475799560547
1780625803219476500,41.4224765625,0.8309558033943176,0.7455103993415833,2.105818510055542
1780625803229506600,41.43250659179687,0.9502078890800476,-0.3107791841030121,2.2118263244628906
1780625803239536600,41.44253662109375,0.9698673486709595,-1.183813214302063,2.3014938831329346
1780625803249566500,41.45256640625,0.8066200613975525,-1.3931035995483398,2.2885656356811523
1780625803259596500,41.46259643554688,0.4953828454017639,-1.126493215560913,2.076566457748413
1780625803269625300,41.47262524414062,0.24757863581180573,-0.5614787936210632,1.7035237550735474
1780625803279655400,41.482655517578124,0.03832528367638588,0.09033655375242233,1.2615303993225098
1780625803289685500,41.492685546875,-0.39436009526252747,0.29418236017227173,0.8726544976234436
1780625803299715600,41.50271557617187,-0.8612335324287415,0.05125626176595688,0.6164272427558899
1780625803309745700,41.51274560546875,-1.1144814491271973,-0.21868440508842468,0.5143623948097229
1780625803319774500,41.5227744140625,-1.1335386037826538,-0.5569383502006531,0.5306662917137146
1780625803329804500,41.532804443359375,-1.0135226249694824,-1.4007577896118164,0.7343432307243347
1780625803339834400,41.54283447265625,-0.7349072694778442,-2.6436524391174316,1.2199386358261108
1780625803349864400,41.552864501953124,-0.7272144556045532,-2.766090154647827,1.6796692609786987
1780625803359894500,41.56289453125,-0.8149818778038025,-2.815511465072632,1.7077208757400513
1780625803369923300,41.57292333984375,-0.8105248212814331,-2.7873802185058594,1.564483880996704
1780625803379953400,41.582953369140625,-0.8531196713447571,-2.4895968437194824,1.2995363473892212
1780625803389983500,41.5929833984375,-1.044925570487976,-2.123987913131714,1.195036768913269
1780625803400013800,41.60301391601563,-1.139280080795288,-1.8109651803970337,1.390331745147705
1780625803410043000,41.61304296875,-1.0846378803253174,-1.460645318031311,1.7216081619262695
1780625803420073000,41.62307299804687,-0.975437581539154,-0.9097867012023926,1.7484546899795532
1780625803430103000,41.63310302734375,-0.8573578596115112,-0.18540367484092712,1.2805876731872559
1780625803440132900,41.6431328125,-0.7551862001419067,0.5883862972259521,0.4126269817352295
1780625803450163000,41.65316284179688,-0.6593531370162964,1.2554956674575806,-0.6065676808357239
1780625803460192000,41.66319189453125,-0.6312269568443298,1.862332820892334,-1.545601487159729
1780625803470222000,41.67322216796875,-0.6319497227668762,2.5004191398620605,-2.2596940994262695
1780625803480252000,41.683251953125,-0.6086865067481995,3.037463665008545,-2.7326886653900146
1780625803490282000,41.69328198242187,-0.6040850877761841,3.3329620361328125,-3.068183660507202
1780625803500312000,41.70331201171875,-0.5698221921920776,3.3545854091644287,-3.369239330291748
1780625803510340900,41.7133408203125,-0.5284696817398071,3.0844221115112305,-3.6980838775634766
1780625803520371000,41.723370849609374,-0.5519305467605591,2.689899206161499,-4.02572774887085
1780625803530401000,41.733401123046875,-0.49078595638275146,1.549648404121399,-4.232018947601318
1780625803540431000,41.74343115234375,-0.07940374314785004,-0.9377874135971069,-4.316770076751709
1780625803550461000,41.7534609375,0.48141270875930786,-2.4584333896636963,-4.381296157836914
1780625803560490000,41.763489990234376,0.9272000193595886,-2.4269397258758545,-4.344600200653076
1780625803570519800,41.773519775390625,1.3009462356567383,-1.5600214004516602,-4.1288957595825195
1780625803580550000,41.7835498046875,1.6352977752685547,-0.618140459060669,-3.7238080501556396
1780625803590580000,41.793580078125,1.807570457458496,-0.19118966162204742,-3.2166826725006104
1780625803600610000,41.803610107421875,1.647810459136963,-0.3500671982765198,-2.6864161491394043
1780625803610638800,41.81363891601563,1.2218506336212158,-0.5124973654747009,-2.0959885120391846
1780625803620669000,41.8236689453125,0.5512778162956238,0.07008827477693558,-1.348192811012268
1780625803630699000,41.833698974609376,-0.19485017657279968,0.911185085773468,-0.4122663736343384
1780625803640728800,41.843728759765625,-0.7942038774490356,1.282218098640442,0.4521765112876892
1780625803650759000,41.853759033203126,-1.1667602062225342,0.8737913966178894,1.1841423511505127
1780625803660788000,41.8637880859375,-1.4302186965942383,-0.20190995931625366,1.581414818763733
1780625803670818000,41.87381811523438,-1.6883461475372314,-1.4024083614349365,1.4574910402297974
1780625803680848000,41.88384790039063,-1.801665186882019,-2.7501115798950195,1.0763170719146729
1780625803690878000,41.8938779296875,-1.6629302501678467,-3.458671808242798,0.8218193054199219
1780625803700908000,41.90390795898438,-1.4879482984542847,-3.5255558490753174,0.7244058847427368
1780625803710937000,41.91393701171875,-1.48390531539917,-2.932596445083618,0.6097898483276367
1780625803720967200,41.92396728515625,-1.6317267417907715,-1.1392276287078857,0.4297247529029846
1780625803730997000,41.9339970703125,-1.5962246656417847,0.5891972184181213,0.24852167069911957
1780625803741026800,41.94402685546875,-1.1961276531219482,1.8144172430038452,-0.026138393208384514
1780625803751057000,41.95405688476563,-0.4999339282512665,2.0677762031555176,-0.48824265599250793
1780625803761086000,41.9640859375,0.5552189946174622,1.3112150430679321,-1.1223599910736084
1780625803771116000,41.97411596679687,1.450100302696228,0.944206953048706,-1.7232739925384521
1780625803781146000,41.98414599609375,2.0669851303100586,0.686354398727417,-2.191239356994629
1780625803791176200,41.99417626953125,2.3993582725524902,0.2223569005727768,-2.2651970386505127
1780625803801205800,42.00420581054688,2.1411972045898438,0.5337363481521606,-1.442437767982483
1780625803811235000,42.014235107421875,0.23342260718345642,-0.12905758619308472,-0.7832494974136353
1780625803821265000,42.024264892578124,-1.193402647972107,-0.6454064249992371,0.17769835889339447
1780625803831295000,42.034294921875,-1.763008952140808,-1.1718065738677979,1.225678563117981
1780625803841325000,42.04432495117187,-1.980140209197998,-1.9772168397903442,2.023782968521118
1780625803851355100,42.054355224609374,-2.0172674655914307,-2.859213352203369,2.639232873916626
1780625803861384000,42.064384033203126,-2.256521463394165,-3.7647716999053955,3.0040555000305176
1780625803871414000,42.0744140625,-2.233118772506714,-2.5806682109832764,1.598899006843567
1780625803881444000,42.084444091796875,-1.3677561283111572,-1.0999984741210938,-0.1298687905073166
1780625803891474000,42.094473876953124,-1.1783126592636108,0.1841522604227066,-0.9924626350402832
1780625803901504000,42.10450390625,-1.2431797981262207,0.21581564843654633,-0.9309987425804138
1780625803911532800,42.11453271484375,-1.487183928489685,-0.0456220805644989,-0.5866272449493408
1780625803921563000,42.12456298828125,-1.8003653287887573,0.0401998832821846,-0.31915295124053955
1780625803931593000,42.134593017578126,-2.1179723739624023,0.4083821773529053,-0.19770269095897675
1780625803941623000,42.144623046875,-2.428008556365967,0.42618831992149353,-0.12803173065185547
1780625803951653000,42.154653076171876,-2.7396552562713623,-0.7189829349517822,-0.14530819654464722
1780625803961682200,42.16468212890625,-3.0373926162719727,-1.6289783716201782,-0.208481565117836
1780625803971712000,42.1747119140625,-3.2383267879486084,-1.6672592163085938,-0.2529774010181427
1780625803981741800,42.18474194335938,-3.327768564224243,-1.753003716468811,-0.1759129762649536
1780625803991772000,42.19477197265625,-3.283724308013916,-2.2122581005096436,0.16871364414691925
1780625804001802000,42.20480200195313,-3.0193610191345215,-2.7700862884521484,0.6493061184883118
1780625804011831000,42.2148310546875,-2.6156911849975586,-3.2897260189056396,1.1140269041061401
1780625804021861000,42.22486108398437,-2.2468535900115967,-3.9821081161499023,1.5510088205337524
1780625804031891000,42.23489086914063,-1.9488751888275146,-3.871196746826172,1.7111659049987793
1780625804041921000,42.24492114257812,-1.6799677610397339,-3.835861921310425,1.642386555671692
1780625804051950000,42.2549501953125,-1.5725516080856323,-2.8311502933502197,1.1681602001190186
1780625804061980000,42.26497998046875,-1.440913438796997,-1.7283183336257935,0.5855982303619385
1780625804072010000,42.27501000976562,-1.0387451648712158,-0.8646628856658936,0.0389934703707695
1780625804082040000,42.2850400390625,-0.5901221632957458,-0.44301870465278625,-0.40102890133857727
1780625804092070000,42.29506982421875,-0.38266801834106445,-0.4474653899669647,-0.6397951245307922
1780625804102099000,42.305098876953124,-0.42622214555740356,-0.8427003026008606,-0.5457397699356079
1780625804112129000,42.31512890625,-0.6588468551635742,-1.2812409400939941,-0.23315975069999695
1780625804122159000,42.3251591796875,-1.0981107950210571,-1.7035276889801025,0.15763117372989655
1780625804132189000,42.33518896484375,-1.459224820137024,-2.0222861766815186,0.5925469398498535
1780625804142219000,42.34521899414062,-1.5146129131317139,-2.1152424812316895,0.8950351476669312
1780625804152247800,42.355247802734375,-1.2550276517868042,-1.791262149810791,0.8898603916168213
1780625804162278000,42.36527783203125,-0.806657612323761,-1.2889832258224487,0.656464695930481
1780625804172308000,42.375307861328125,-0.3870166838169098,-0.8631587028503418,0.26973026990890503
1780625804182338000,42.385338134765625,-0.21385397017002106,-0.5557913184165955,-0.0441749170422554
1780625804192368000,42.3953681640625,-0.22067219018936157,-0.44341525435447693,-0.353260338306427
1780625804202397000,42.40539697265625,-0.29459115862846375,-0.43643617630004883,-0.5664820671081543
1780625804212427000,42.41542700195313,-0.4284810423851013,-0.32138919830322266,-0.6238492131233215
1780625804222456800,42.425456787109376,-0.5824429392814636,-0.052067194133996964,-0.5622454881668091
1780625804232487000,42.43548681640625,-0.6577914357185364,0.14613856375217438,-0.4110397398471832
1780625804242517000,42.44551708984375,-0.5363470315933228,0.2827262282371521,-0.1693008840084076
1780625804252546000,42.45554614257812,-0.3810535967350006,0.42990317940711975,0.08182855695486069
1780625804262575900,42.46557592773438,-0.2711814343929291,0.4363115429878235,0.31953033804893494
1780625804272606000,42.47560595703125,-0.2491547018289566,0.28888267278671265,0.4653533101081848
1780625804282636000,42.48563598632813,-0.31240877509117126,0.158437579870224,0.4975205659866333
1780625804292665900,42.495665771484376,-0.3479726314544678,0.07443029433488846,0.4507029950618744
1780625804302695000,42.50569482421875,-0.33433058857917786,0.051063716411590576,0.37623754143714905
1780625804312725000,42.51572509765625,-0.3175728917121887,0.1696167290210724,0.33129429817199707
1780625804322754800,42.5257548828125,-0.22437770664691925,0.2846309244632721,0.318704754114151
1780625804332785000,42.53578491210938,-0.15060016512870789,0.3240784704685211,0.35113513469696045
1780625804342815000,42.54581494140625,-0.15255704522132874,0.12185027450323105,0.39584267139434814
1780625804352844000,42.55584399414062,-0.1726580560207367,-0.23496697843074799,0.3579906225204468
1780625804362874000,42.5658740234375,-0.20550282299518585,-0.5002210140228271,0.26268380880355835
1780625804372904000,42.57590405273437,-0.23149794340133667,-0.5216783881187439,0.14190919697284698
1780625804382933800,42.58593383789062,-0.23093947768211365,-0.2588307559490204,0.0049372343346476555
1780625804392963800,42.5959638671875,-0.24436047673225403,0.049255162477493286,-0.17496594786643982
1780625804402992400,42.60599243164062,-0.1923164427280426,0.30588534474372864,-0.36513856053352356
1780625804413022500,42.6160224609375,-0.17890769243240356,0.4682375192642212,-0.4966624975204468
1780625804423052500,42.62605249023437,-0.2627336084842682,0.5011842846870422,-0.4974995255470276
1780625804433082600,42.63608251953125,-0.3673447072505951,0.5453759431838989,-0.3793529272079468
1780625804443112400,42.64611254882813,-0.46082568168640137,0.6962816119194031,-0.23542369902133942
1780625804453141500,42.6561416015625,-0.5644931793212891,0.9023223519325256,-0.17436115443706512
1780625804463171600,42.666171630859374,-0.6742183566093445,1.0052924156188965,-0.22608347237110138
1780625804473201400,42.67620141601562,-0.7720301747322083,0.689497172832489,-0.34913188219070435
1780625804483231500,42.6862314453125,-0.6214555501937866,-0.14626826345920563,-0.5867364406585693
1780625804493261600,42.69626147460937,-0.25169456005096436,-0.8327822089195251,-0.8042978048324585
1780625804503290400,42.706290283203124,0.08350634574890137,-1.1903437376022339,-0.8200834393501282
1780625804513320400,42.716320556640625,0.170972540974617,-1.33049476146698,-0.6291875243186951
